county,race,cand,mean,sd,ci_95_lower,ci_95_upper
001,vap_white,pre_24_dem_har,0.18359496245475992,0.008648935697376,0.1680662315165296,0.20124890404456552
001,vap_white,pre_24_rep_tru,0.81640503754524,0.008648935697376,0.7987510959554344,0.8319337684834704
001,vap_black,pre_24_dem_har,0.5181862215799599,0.17773630059688236,0.17406510860258761,0.8508440909130419
001,vap_black,pre_24_rep_tru,0.48181377842004014,0.17773630059688236,0.14915590908695797,0.8259348913974123
001,vap_hisp,pre_24_dem_har,0.5870471747617017,0.17737367060148357,0.21550844359894872,0.8727391893949691
001,vap_hisp,pre_24_rep_tru,0.41295282523829835,0.17737367060148357,0.12726081060503103,0.7844915564010513
001,vap_asian,pre_24_dem_har,0.5173680125729437,0.17888978476367734,0.17309384142143905,0.8421842956043726
001,vap_asian,pre_24_rep_tru,0.4826319874270562,0.17888978476367734,0.1578157043956273,0.826906158578561
001,vap_aian,pre_24_dem_har,0.5128020977337377,0.18554616125208795,0.16552538492960986,0.856652261600839
001,vap_aian,pre_24_rep_tru,0.48719790226626225,0.18554616125208795,0.14334773839916096,0.83447461507039
001,vap_oth_b,pre_24_dem_har,0.5273267103324872,0.1743866676884981,0.17890127623558022,0.8447379098648596
001,vap_oth_b,pre_24_rep_tru,0.47267328966751265,0.1743866676884981,0.15526209013514025,0.8210987237644197
003,vap_white,pre_24_dem_har,0.327792961686266,0.004544081422739507,0.3189865218600584,0.3369917522338903
003,vap_white,pre_24_rep_tru,0.672207038313734,0.004544081422739507,0.6630082477661097,0.6810134781399415
003,vap_black,pre_24_dem_har,0.9551441220471237,0.01043636652741258,0.9332786811494199,0.9734286502263287
003,vap_black,pre_24_rep_tru,0.04485587795287632,0.01043636652741258,0.026571349773671104,0.06672131885058015
003,vap_hisp,pre_24_dem_har,0.910352547718176,0.025722143814082638,0.8517874038416545,0.9508734020793808
003,vap_hisp,pre_24_rep_tru,0.08964745228182398,0.025722143814082638,0.049126597920619276,0.14821259615834537
003,vap_asian,pre_24_dem_har,0.7283309428450672,0.06359678387381787,0.6020620700522081,0.8468588043228977
003,vap_asian,pre_24_rep_tru,0.2716690571549329,0.06359678387381787,0.15314119567710222,0.39793792994779176
003,vap_aian,pre_24_dem_har,0.6120368955480291,0.14618485951607177,0.32946864728195835,0.864471260012572
003,vap_aian,pre_24_rep_tru,0.38796310445197096,0.14618485951607177,0.13552873998742793,0.6705313527180417
003,vap_oth_b,pre_24_dem_har,0.8576375983683693,0.08117036611864695,0.636504961547641,0.9452264275609482
003,vap_oth_b,pre_24_rep_tru,0.14236240163163072,0.08117036611864695,0.05477357243905172,0.36349503845235864
005,vap_white,pre_24_dem_har,0.31072756337511953,0.01271505592947216,0.285322809463302,0.33604844604812995
005,vap_white,pre_24_rep_tru,0.6892724366248805,0.01271505592947216,0.6639515539518702,0.714677190536698
005,vap_black,pre_24_dem_har,0.5843329196550563,0.1615499827491759,0.23702429705839312,0.8555746287822895
005,vap_black,pre_24_rep_tru,0.4156670803449436,0.1615499827491759,0.14442537121771032,0.7629757029416065
005,vap_hisp,pre_24_dem_har,0.5028959128928256,0.11686742963238295,0.2743056233419042,0.718919274936312
005,vap_hisp,pre_24_rep_tru,0.49710408710717424,0.11686742963238295,0.28108072506368764,0.7256943766580956
005,vap_asian,pre_24_dem_har,0.6382199569206739,0.1091147917520883,0.4128198664476604,0.8358698141625343
005,vap_asian,pre_24_rep_tru,0.36178004307932604,0.1091147917520883,0.16413018583746566,0.5871801335523396
005,vap_aian,pre_24_dem_har,0.49391154997895725,0.16159782185859045,0.19061968713766755,0.7884338259557122
005,vap_aian,pre_24_rep_tru,0.5060884500210427,0.16159782185859045,0.2115661740442877,0.8093803128623324
005,vap_oth_b,pre_24_dem_har,0.5541636667855131,0.16312137333444807,0.22689954339710983,0.8380577408268199
005,vap_oth_b,pre_24_rep_tru,0.4458363332144869,0.16312137333444807,0.16194225917317984,0.7731004566028902
007,vap_white,pre_24_dem_har,0.2256938739504736,0.013500180094719346,0.19896943610102014,0.25164558547888405
007,vap_white,pre_24_rep_tru,0.7743061260495263,0.013500180094719346,0.748354414521116,0.8010305638989798
007,vap_black,pre_24_dem_har,0.5101764151140176,0.18668334055965594,0.14509888970101947,0.85938967503721575
007,vap_black,pre_24_rep_tru,0.48982358488598243,0.18668334055965594,0.14061032496278422,0.8549011102989804
007,vap_hisp,pre_24_dem_har,0.396238809518711,0.1505455449561877,0.11357350077534359,0.6939356970386599
007,vap_hisp,pre_24_rep_tru,0.603761190481289,0.1505455449561877,0.3060643029613401,0.8864264992246563
007,vap_asian,pre_24_dem_har,0.4975522470948067,0.18592250568930582,0.1542534177257711,0.8545663350762943
007,vap_asian,pre_24_rep_tru,0.5024477529051933,0.18592250568930582,0.14543366492370563,0.8457465822742288
007,vap_aian,pre_24_dem_har,0.509490498756326,0.19555632180996385,0.14432512117118568,0.8736440926842293
007,vap_aian,pre_24_rep_tru,0.49050950124367404,0.19555632180996385,0.12635590731577068,0.8556748788288143
007,vap_oth_b,pre_24_dem_har,0.5134581729290001,0.17675668975454117,0.1781235783382343,0.8423882036065675
007,vap_oth_b,pre_24_rep_tru,0.48654182707099997,0.17675668975454117,0.1576117963934323,0.8218764216617656
009,vap_white,pre_24_dem_har,0.22244702330963229,0.011232895374795352,0.20082285752453574,0.24483487683781907
009,vap_white,pre_24_rep_tru,0.7775529766903678,0.011232895374795352,0.755165123162181,0.7991771424754643
009,vap_black,pre_24_dem_har,0.5191822790461146,0.18093395610739768,0.1694706506574217,0.8424417292221498
009,vap_black,pre_24_rep_tru,0.4808177209538854,0.18093395610739768,0.15755827077785012,0.8305293493425782
009,vap_hisp,pre_24_dem_har,0.5192606692547498,0.1864810394451144,0.15952563102890702,0.8730353156899177
009,vap_hisp,pre_24_rep_tru,0.4807393307452502,0.1864810394451144,0.12696468431008234,0.840474368971093
009,vap_asian,pre_24_dem_har,0.49063653625769166,0.20952225648765163,0.10380394540602446,0.8729888193791496
009,vap_asian,pre_24_rep_tru,0.5093634637423082,0.20952225648765163,0.12701118062085004,0.8961960545939753
009,vap_aian,pre_24_dem_har,0.5049314287525137,0.18992079827538969,0.1434349803051995,0.8581837560560301
009,vap_aian,pre_24_rep_tru,0.4950685712474862,0.18992079827538969,0.14181624394396977,0.8565650196948005
009,vap_oth_b,pre_24_dem_har,0.5196173869490343,0.1707217155922539,0.199210208756485,0.8314611274660465
009,vap_oth_b,pre_24_rep_tru,0.4803826130509658,0.1707217155922539,0.16853887253395336,0.800789791243515
011,vap_white,pre_24_dem_har,0.36988798358610536,0.01023366756551034,0.35129365593195316,0.3906733363851163
011,vap_white,pre_24_rep_tru,0.6301120164138946,0.01023366756551034,0.6093266636148836,0.6487063440680468
011,vap_black,pre_24_dem_har,0.5621758961416353,0.16351882297351944,0.2272532148718029,0.8430592390018217
011,vap_black,pre_24_rep_tru,0.4378241038583646,0.16351882297351944,0.15694076099817827,0.7727467851281971
011,vap_hisp,pre_24_dem_har,0.5185418424757257,0.16121746172850787,0.1898456306234461,0.8211830965778962
011,vap_hisp,pre_24_rep_tru,0.4814581575242743,0.16121746172850787,0.17881690342210366,0.8101543693765539
011,vap_asian,pre_24_dem_har,0.6600946746323535,0.14526831838611895,0.3334981120159096,0.8852820996645601
011,vap_asian,pre_24_rep_tru,0.33990532536764645,0.14526831838611895,0.11471790033543984,0.6665018879840903
011,vap_aian,pre_24_dem_har,0.4863099919905531,0.15450056757666808,0.19110536301015024,0.7816900654608251
011,vap_aian,pre_24_rep_tru,0.513690008009447,0.15450056757666808,0.21830993453917485,0.8088946369898498
011,vap_oth_b,pre_24_dem_har,0.4981893690181339,0.16536396735933476,0.2002133083519004,0.8201609038103261
011,vap_oth_b,pre_24_rep_tru,0.5018106309818661,0.16536396735933476,0.17983909618967348,0.7997866916480996
013,vap_white,pre_24_dem_har,0.32997250754594143,0.010525621251981254,0.3098643279607557,0.3498561102026031
013,vap_white,pre_24_rep_tru,0.6700274924540586,0.010525621251981256,0.6501438897973969,0.6901356720392444
013,vap_black,pre_24_dem_har,0.500979568242158,0.18326992125311278,0.15774805099510888,0.8434904085321517
013,vap_black,pre_24_rep_tru,0.49902043175784216,0.18326992125311278,0.15650959146784799,0.842251949004891
013,vap_hisp,pre_24_dem_har,0.5022688566822119,0.1767354340550211,0.16199863661953348,0.8326029074777574
013,vap_hisp,pre_24_rep_tru,0.4977311433177881,0.1767354340550211,0.16739709252224244,0.8380013633804666
013,vap_asian,pre_24_dem_har,0.49859843619029126,0.1825368535271887,0.16083124729869822,0.8523051129221001
013,vap_asian,pre_24_rep_tru,0.5014015638097088,0.1825368535271887,0.1476948870778998,0.8391687527013018
013,vap_aian,pre_24_dem_har,0.5046952533803774,0.18626058248910668,0.15568787398062622,0.851805981287338
013,vap_aian,pre_24_rep_tru,0.49530474661962265,0.18626058248910668,0.14819401871266188,0.8443121260193737
013,vap_oth_b,pre_24_dem_har,0.5716122083526054,0.21725907578437945,0.17353151486370264,0.9432314823840103
013,vap_oth_b,pre_24_rep_tru,0.4283877916473946,0.21725907578437945,0.05676851761598967,0.8264684851362971
015,vap_white,pre_24_dem_har,0.21580448470646713,0.008588090101636317,0.19895018509950071,0.23259126201804728
015,vap_white,pre_24_rep_tru,0.7841955152935329,0.008588090101636319,0.7674087379819527,0.8010498149004994
015,vap_black,pre_24_dem_har,0.4967471229303609,0.18242723705156522,0.15398238483823679,0.8348813492301517
015,vap_black,pre_24_rep_tru,0.5032528770696392,0.18242723705156522,0.16511865076984825,0.8460176151617632
015,vap_hisp,pre_24_dem_har,0.5456928573917877,0.1902657349806509,0.18005777303727272,0.8863086563067732
015,vap_hisp,pre_24_rep_tru,0.4543071426082121,0.1902657349806509,0.11369134369322666,0.8199422269627271
015,vap_asian,pre_24_dem_har,0.5088259024330727,0.1820939458625674,0.1653907939756642,0.8506823072951034
015,vap_asian,pre_24_rep_tru,0.4911740975669274,0.1820939458625674,0.14931769270489656,0.8346092060243359
015,vap_aian,pre_24_dem_har,0.5019751334179076,0.1852531213379618,0.15445362811282878,0.8516365428760241
015,vap_aian,pre_24_rep_tru,0.4980248665820925,0.1852531213379618,0.14836345712397583,0.8455463718871712
015,vap_oth_b,pre_24_dem_har,0.5216535929836442,0.16625522432685103,0.19661598298917607,0.8234255614372037
015,vap_oth_b,pre_24_rep_tru,0.4783464070163558,0.16625522432685103,0.1765744385627964,0.803384017010824
017,vap_white,pre_24_dem_har,0.20722007350501992,0.01952881543787402,0.17330715887456916,0.24996160285504043
017,vap_white,pre_24_rep_tru,0.7927799264949801,0.01952881543787402,0.7500383971449596,0.8266928411254308
017,vap_black,pre_24_dem_har,0.506832488957977,0.1768169724271203,0.18675968760119935,0.8597915846693169
017,vap_black,pre_24_rep_tru,0.49316751104202305,0.1768169724271203,0.140208415330683,0.8132403123988006
017,vap_hisp,pre_24_dem_har,0.6622299932940342,0.10872123918647376,0.4241313774872128,0.8462359617699895
017,vap_hisp,pre_24_rep_tru,0.3377700067059657,0.10872123918647376,0.1537640382300103,0.575868622512787
017,vap_asian,pre_24_dem_har,0.5338436441578095,0.16961407184823798,0.2150417529906576,0.8436185138873934
017,vap_asian,pre_24_rep_tru,0.46615635584219056,0.16961407184823798,0.15638148611260663,0.7849582470093425
017,vap_aian,pre_24_dem_har,0.5047908995023963,0.1593445332238669,0.19235487592975367,0.8018762566234457
017,vap_aian,pre_24_rep_tru,0.49520910049760364,0.1593445332238669,0.19812374337655408,0.8076451240702464
017,vap_oth_b,pre_24_dem_har,0.5344575718168088,0.17241239755250465,0.19834362759338875,0.8499054150704006
017,vap_oth_b,pre_24_rep_tru,0.46554242818319125,0.17241239755250465,0.15009458492959926,0.8016563724066113
019,vap_white,pre_24_dem_har,0.34864639939502895,0.012208380312333391,0.3268396476898613,0.3745998609520221
019,vap_white,pre_24_rep_tru,0.651353600604971,0.012208380312333391,0.625400139047978,0.6731603523101388
019,vap_black,pre_24_dem_har,0.8452282271410975,0.07099009049683491,0.6825330893250416,0.9500069979573846
019,vap_black,pre_24_rep_tru,0.15477177285890253,0.07099009049683491,0.04999300204261532,0.31746691067495797
019,vap_hisp,pre_24_dem_har,0.6618509698164222,0.1312760923921886,0.36947862703679557,0.864516655680488
019,vap_hisp,pre_24_rep_tru,0.3381490301835778,0.1312760923921886,0.13548334431951198,0.6305213729632043
019,vap_asian,pre_24_dem_har,0.542966971052647,0.16305507890780818,0.22879487813916463,0.8352668441996234
019,vap_asian,pre_24_rep_tru,0.457033028947353,0.16305507890780818,0.16473315580037662,0.7712051218608352
019,vap_aian,pre_24_dem_har,0.5710431077725274,0.18559692367742184,0.22814301651525645,0.8954123120585582
019,vap_aian,pre_24_rep_tru,0.42895689222747246,0.18559692367742184,0.10458768794144167,0.7718569834847434
019,vap_oth_b,pre_24_dem_har,0.6141205813692373,0.15651623975636167,0.2683519638741739,0.8648059278855968
019,vap_oth_b,pre_24_rep_tru,0.38587941863076264,0.15651623975636167,0.13519407211440307,0.731648036125826
021,vap_white,pre_24_dem_har,0.1945828505287387,0.006926025048134977,0.1810240874076834,0.20805158666560664
021,vap_white,pre_24_rep_tru,0.8054171494712614,0.006926025048134977,0.7919484133343934,0.8189759125923168
021,vap_black,pre_24_dem_har,0.5110044693917463,0.16945796820207062,0.18400077056189126,0.8316993402933138
021,vap_black,pre_24_rep_tru,0.4889955306082537,0.16945796820207062,0.16830065970668603,0.8159992294381087
021,vap_hisp,pre_24_dem_har,0.5353315713248687,0.17870262825137834,0.18368240051730436,0.8719308334889753
021,vap_hisp,pre_24_rep_tru,0.46466842867513125,0.17870262825137834,0.12806916651102468,0.8163175994826953
021,vap_asian,pre_24_dem_har,0.4896086134377841,0.18066327790132194,0.1443972862433982,0.8280705766523154
021,vap_asian,pre_24_rep_tru,0.5103913865622158,0.18066327790132194,0.17192942334768452,0.8556027137566018
021,vap_aian,pre_24_dem_har,0.48951968404153284,0.18624728104932253,0.12466058532881562,0.8216311826514884
021,vap_aian,pre_24_rep_tru,0.5104803159584672,0.18624728104932253,0.17836881734851162,0.8753394146711844
021,vap_oth_b,pre_24_dem_har,0.5217410093895513,0.16420876565130946,0.20136944745249466,0.8203711456223421
021,vap_oth_b,pre_24_rep_tru,0.4782589906104487,0.16420876565130946,0.17962885437765763,0.7986305525475051
023,vap_white,pre_24_dem_har,0.21042034563965004,0.016142067070217994,0.18042358256958813,0.2430090731637138
023,vap_white,pre_24_rep_tru,0.78957965436035,0.016142067070217994,0.7569909268362861,0.819576417430412
023,vap_black,pre_24_dem_har,0.5213516743211544,0.17202105114128585,0.18910659336406457,0.8398801253533602
023,vap_black,pre_24_rep_tru,0.4786483256788457,0.17202105114128585,0.16011987464663996,0.8108934066359353
023,vap_hisp,pre_24_dem_har,0.4984986560240348,0.07904466584741163,0.3384820095565632,0.6471984481224418
023,vap_hisp,pre_24_rep_tru,0.5015013439759651,0.07904466584741163,0.352801551877558,0.6615179904434366
023,vap_asian,pre_24_dem_har,0.5149434450102265,0.1704951980993707,0.18801861610002008,0.836380352697583
023,vap_asian,pre_24_rep_tru,0.4850565549897735,0.1704951980993707,0.1636196473024169,0.8119813838999801
023,vap_aian,pre_24_dem_har,0.5157668324693606,0.18163751007822787,0.16342386472901135,0.8527777216731538
023,vap_aian,pre_24_rep_tru,0.48423316753063933,0.18163751007822787,0.14722227832684612,0.8365761352709886
023,vap_oth_b,pre_24_dem_har,0.551067086055064,0.15755953559729888,0.23140779971797046,0.821576936083244
023,vap_oth_b,pre_24_rep_tru,0.44893291394493595,0.15755953559729888,0.178423063916756,0.7685922002820296
025,vap_white,pre_24_dem_har,0.2454211855870365,0.011262686791741042,0.22427066068076626,0.2685897734604034
025,vap_white,pre_24_rep_tru,0.7545788144129635,0.011262686791741042,0.7314102265395966,0.7757293393192338
025,vap_black,pre_24_dem_har,0.5023731891123618,0.2117232564961409,0.11267434615383316,0.8859576704008152
025,vap_black,pre_24_rep_tru,0.49762681088763816,0.2117232564961409,0.11404232959918487,0.8873256538461668
025,vap_hisp,pre_24_dem_har,0.5048205814175154,0.17565198783527236,0.18132655539940354,0.848863634743454
025,vap_hisp,pre_24_rep_tru,0.4951794185824846,0.17565198783527236,0.15113636525654575,0.8186734446005964
025,vap_asian,pre_24_dem_har,0.4830779155612599,0.18297978016426011,0.1374409387236221,0.8347847493012568
025,vap_asian,pre_24_rep_tru,0.5169220844387401,0.18297978016426011,0.16521525069874315,0.8625590612763778
025,vap_aian,pre_24_dem_har,0.5035371175102009,0.19067508682405873,0.13911031772017898,0.8595770416181207
025,vap_aian,pre_24_rep_tru,0.49646288248979903,0.19067508682405873,0.14042295838187932,0.860889682279821
025,vap_oth_b,pre_24_dem_har,0.4950092838889366,0.18506744254032062,0.14049183210091692,0.8367811397581754
025,vap_oth_b,pre_24_rep_tru,0.5049907161110635,0.18506744254032062,0.16321886024182458,0.8595081678990829
027,vap_white,pre_24_dem_har,0.13747724847659662,0.00927356198920538,0.11960103492644136,0.15626493143361592
027,vap_white,pre_24_rep_tru,0.8625227515234033,0.009273561989205379,0.843735068566384,0.8803989650735586
027,vap_black,pre_24_dem_har,0.5391595169493129,0.18530155222997283,0.18951688292670418,0.8893156255611341
027,vap_black,pre_24_rep_tru,0.46084048305068703,0.18530155222997283,0.11068437443886597,0.8104831170732956
027,vap_hisp,pre_24_dem_har,0.5024445376825039,0.13130543502775535,0.24275633969964347,0.7483575114414963
027,vap_hisp,pre_24_rep_tru,0.49755546231749614,0.13130543502775535,0.25164248855850346,0.7572436603003565
027,vap_asian,pre_24_dem_har,0.5219957584843569,0.16312956152865643,0.2033459179069543,0.8237524407120399
027,vap_asian,pre_24_rep_tru,0.47800424151564314,0.16312956152865643,0.17624755928796013,0.7966540820930457
027,vap_aian,pre_24_dem_har,0.48862692600965807,0.17954801881358437,0.14984680226652267,0.8313163570477395
027,vap_aian,pre_24_rep_tru,0.5113730739903419,0.17954801881358437,0.16868364295226038,0.8501531977334773
027,vap_oth_b,pre_24_dem_har,0.5593622862807833,0.16428585138901391,0.22103941554232495,0.8413216891118597
027,vap_oth_b,pre_24_rep_tru,0.4406377137192166,0.16428585138901391,0.15867831088814024,0.778960584457675
029,vap_white,pre_24_dem_har,0.19682965534707536,0.007064977855221001,0.1837752266307569,0.21111474602492616
029,vap_white,pre_24_rep_tru,0.8031703446529246,0.007064977855221001,0.7888852539750738,0.8162247733692432
029,vap_black,pre_24_dem_har,0.5284194573579165,0.1660763424618222,0.19875121828176887,0.8261926594679148
029,vap_black,pre_24_rep_tru,0.4715805426420835,0.1660763424618222,0.17380734053208521,0.801248781718231
029,vap_hisp,pre_24_dem_har,0.5011045871405075,0.17563007101940223,0.16244490862055627,0.824464002588032
029,vap_hisp,pre_24_rep_tru,0.4988954128594925,0.17563007101940223,0.1755359974119679,0.8375550913794437
029,vap_asian,pre_24_dem_har,0.48579534361930626,0.1715223759993837,0.163062276093437,0.8167032193740508
029,vap_asian,pre_24_rep_tru,0.5142046563806938,0.1715223759993837,0.18329678062594917,0.836937723906563
029,vap_aian,pre_24_dem_har,0.5362157892019874,0.16418834057134674,0.22110379389627172,0.8346791830609536
029,vap_aian,pre_24_rep_tru,0.4637842107980127,0.16418834057134674,0.1653208169390465,0.7788962061037282
029,vap_oth_b,pre_24_dem_har,0.5791295966865113,0.16031770540378834,0.25364398565391516,0.8545468450553649
029,vap_oth_b,pre_24_rep_tru,0.42087040331348863,0.16031770540378834,0.14545315494463515,0.7463560143460848
031,vap_white,pre_24_dem_har,0.1841846817208405,0.007551082004364764,0.16989296817833424,0.19942089045945038
031,vap_white,pre_24_rep_tru,0.8158153182791595,0.007551082004364765,0.8005791095405498,0.8301070318216658
031,vap_black,pre_24_dem_har,0.4909479181553621,0.17408144416663088,0.16100146495807077,0.8219771959732282
031,vap_black,pre_24_rep_tru,0.5090520818446379,0.17408144416663088,0.17802280402677162,0.8389985350419292
031,vap_hisp,pre_24_dem_har,0.5198291784992235,0.18915769200910257,0.12570088444487462,0.853597238025421
031,vap_hisp,pre_24_rep_tru,0.4801708215007765,0.18915769200910257,0.14640276197457894,0.8742991155551254
031,vap_asian,pre_24_dem_har,0.49861773001631254,0.18552909451224003,0.13827667364104188,0.8428053579286259
031,vap_asian,pre_24_rep_tru,0.5013822699836874,0.18552909451224003,0.1571946420713741,0.8617233263589581
031,vap_aian,pre_24_dem_har,0.5100533609136513,0.17855970940905957,0.17615532301592318,0.8600234738262713
031,vap_aian,pre_24_rep_tru,0.4899466390863487,0.17855970940905957,0.1399765261737286,0.8238446769840767
031,vap_oth_b,pre_24_dem_har,0.5348753084838032,0.17174602808059067,0.2013794706901885,0.8585844618043303
031,vap_oth_b,pre_24_rep_tru,0.4651246915161969,0.17174602808059067,0.1414155381956696,0.7986205293098115
033,vap_white,pre_24_dem_har,0.24487742126065573,0.0076108328882111675,0.2302549790972242,0.2601165438916186
033,vap_white,pre_24_rep_tru,0.7551225787393444,0.007610832888211167,0.7398834561083815,0.7697450209027759
033,vap_black,pre_24_dem_har,0.5011088928339746,0.1700643323642586,0.17799508971751996,0.8152922332581143
033,vap_black,pre_24_rep_tru,0.49889110716602525,0.1700643323642586,0.18470776674188574,0.8220049102824799
033,vap_hisp,pre_24_dem_har,0.5309768053222551,0.17087493064166862,0.19470935203252113,0.8374514382531844
033,vap_hisp,pre_24_rep_tru,0.4690231946777449,0.17087493064166862,0.1625485617468155,0.8052906479674788
033,vap_asian,pre_24_dem_har,0.522287707399959,0.1549639051506499,0.22064612127142177,0.7957656661131822
033,vap_asian,pre_24_rep_tru,0.477712292600041,0.1549639051506499,0.2042343338868176,0.779353878728578
033,vap_aian,pre_24_dem_har,0.486134189627599,0.16185038148829273,0.18496857589230803,0.7940458115227378
033,vap_aian,pre_24_rep_tru,0.513865810372401,0.16185038148829273,0.20595418847726207,0.8150314241076919
033,vap_oth_b,pre_24_dem_har,0.5526450070160994,0.1569172385438242,0.2501038079296944,0.8337224384889049
033,vap_oth_b,pre_24_rep_tru,0.4473549929839006,0.1569172385438242,0.16627756151109516,0.7498961920703053
035,vap_white,pre_24_dem_har,0.3890135865937179,0.008420853749794975,0.37340507283798524,0.406531185279408
035,vap_white,pre_24_rep_tru,0.610986413406282,0.008420853749794975,0.593468814720592,0.6265949271620147
035,vap_black,pre_24_dem_har,0.8915340972191839,0.041109355351530485,0.7923830069705124,0.9517487698072303
035,vap_black,pre_24_rep_tru,0.10846590278081622,0.041109355351530485,0.04825123019276961,0.2076169930294875
035,vap_hisp,pre_24_dem_har,0.6727190212409223,0.12701691465836967,0.389504430097519,0.8737383724518123
035,vap_hisp,pre_24_rep_tru,0.32728097875907775,0.12701691465836967,0.12626162754818776,0.6104955699024809
035,vap_asian,pre_24_dem_har,0.5917001132100448,0.15025902612627734,0.29604637615993584,0.8660332930573628
035,vap_asian,pre_24_rep_tru,0.40829988678995527,0.15025902612627734,0.13396670694263724,0.7039536238400642
035,vap_aian,pre_24_dem_har,0.50849582715845,0.1676024366837877,0.17605177991649354,0.8156834508632312
035,vap_aian,pre_24_rep_tru,0.4915041728415501,0.1676024366837877,0.18431654913676868,0.8239482200835065
035,vap_oth_b,pre_24_dem_har,0.6506365068442148,0.12466869006695246,0.3846677328736991,0.8507703834194769
035,vap_oth_b,pre_24_rep_tru,0.3493634931557852,0.12466869006695246,0.14922961658052328,0.615332267126301
037,vap_white,pre_24_dem_har,0.2558770041540588,0.01040042288769208,0.23653774691249027,0.2767552025623663
037,vap_white,pre_24_rep_tru,0.7441229958459412,0.01040042288769208,0.7232447974376337,0.7634622530875097
037,vap_black,pre_24_dem_har,0.5277817702192711,0.17087910791634436,0.2045928558684888,0.8435486695523248
037,vap_black,pre_24_rep_tru,0.4722182297807289,0.17087910791634436,0.15645133044767504,0.7954071441315111
037,vap_hisp,pre_24_dem_har,0.5150770109158807,0.14707636216016118,0.21439951804662002,0.7804672940550532
037,vap_hisp,pre_24_rep_tru,0.4849229890841193,0.14707636216016118,0.21953270594494662,0.7856004819533798
037,vap_asian,pre_24_dem_har,0.4821130245359623,0.17989650811707356,0.13917713915858537,0.8061182455165432
037,vap_asian,pre_24_rep_tru,0.5178869754640377,0.17989650811707356,0.1938817544834567,0.8608228608414147
037,vap_aian,pre_24_dem_har,0.5196088716594803,0.17538637872967408,0.18389827234487838,0.8462589903872788
037,vap_aian,pre_24_rep_tru,0.4803911283405197,0.17538637872967408,0.15374100961272094,0.8161017276551215
037,vap_oth_b,pre_24_dem_har,0.4846379225838739,0.18760824082235528,0.11557401694888418,0.8279607985922263
037,vap_oth_b,pre_24_rep_tru,0.515362077416126,0.18760824082235528,0.17203920140777368,0.8844259830511157
039,vap_white,pre_24_dem_har,0.21724962161582295,0.009256625916434478,0.20058199252817915,0.23637900456166192
039,vap_white,pre_24_rep_tru,0.782750378384177,0.009256625916434478,0.7636209954383381,0.7994180074718208
039,vap_black,pre_24_dem_har,0.8072538289682264,0.06689839307590559,0.6615027206372915,0.9207913469667406
039,vap_black,pre_24_rep_tru,0.1927461710317736,0.06689839307590559,0.0792086530332594,0.3384972793627084
039,vap_hisp,pre_24_dem_har,0.7815726066661456,0.0427331929092121,0.6954503928465005,0.8637633323951655
039,vap_hisp,pre_24_rep_tru,0.2184273933338545,0.0427331929092121,0.13623666760483452,0.30454960715349955
039,vap_asian,pre_24_dem_har,0.5947388640045703,0.14692930000121307,0.2812286934203174,0.834333622442187
039,vap_asian,pre_24_rep_tru,0.4052611359954297,0.14692930000121307,0.165666377557813,0.7187713065796826
039,vap_aian,pre_24_dem_har,0.4949095180962803,0.16448871149457092,0.18890894957460871,0.7928397005859987
039,vap_aian,pre_24_rep_tru,0.5050904819037196,0.16448871149457092,0.20716029941400116,0.8110910504253912
039,vap_oth_b,pre_24_dem_har,0.6680601979508416,0.12282261738240607,0.40172885161319116,0.8712243895339634
039,vap_oth_b,pre_24_rep_tru,0.33193980204915846,0.12282261738240606,0.12877561046603644,0.5982711483868088
041,vap_white,pre_24_dem_har,0.20232971690683688,0.007225378391547074,0.18887119408745465,0.21722419747337976
041,vap_white,pre_24_rep_tru,0.7976702830931631,0.007225378391547074,0.7827758025266202,0.8111288059125453
041,vap_black,pre_24_dem_har,0.49907793018177926,0.17516822725451037,0.15684656386000567,0.8210969640474055
041,vap_black,pre_24_rep_tru,0.5009220698182207,0.17516822725451037,0.1789030359525943,0.8431534361399943
041,vap_hisp,pre_24_dem_har,0.49174317858701144,0.17117444251322977,0.16930598463240518,0.818049624542738
041,vap_hisp,pre_24_rep_tru,0.5082568214129884,0.17117444251322977,0.1819503754572619,0.8306940153675947
041,vap_asian,pre_24_dem_har,0.48992305512745066,0.1704266535766123,0.17222483221731594,0.8034760452364568
041,vap_asian,pre_24_rep_tru,0.5100769448725494,0.1704266535766123,0.1965239547635434,0.8277751677826842
041,vap_aian,pre_24_dem_har,0.49460250420378304,0.17678209701550285,0.15912675055622091,0.8232844365569887
041,vap_aian,pre_24_rep_tru,0.505397495796217,0.17678209701550285,0.17671556344301134,0.8408732494437791
041,vap_oth_b,pre_24_dem_har,0.5076978440571802,0.17982056136408886,0.12251005868183218,0.8219391781040177
041,vap_oth_b,pre_24_rep_tru,0.49230215594281973,0.17982056136408886,0.17806082189598227,0.8774899413181677
043,vap_white,pre_24_dem_har,0.40723473722005965,0.009763688142460833,0.3897689300679991,0.42723819711101246
043,vap_white,pre_24_rep_tru,0.5927652627799403,0.009763688142460833,0.5727618028889875,0.6102310699320007
043,vap_black,pre_24_dem_har,0.7442071316243541,0.11052422900130034,0.4980505347070563,0.9131117033092161
043,vap_black,pre_24_rep_tru,0.2557928683756459,0.11052422900130034,0.08688829669078375,0.5019494652929437
043,vap_hisp,pre_24_dem_har,0.5503522012574552,0.1510397745514844,0.24883641606316553,0.8191829749105862
043,vap_hisp,pre_24_rep_tru,0.44964779874254474,0.1510397745514844,0.18081702508941372,0.7511635839368344
043,vap_asian,pre_24_dem_har,0.5265421615398435,0.1665547427863782,0.21815787130563347,0.837970063943807
043,vap_asian,pre_24_rep_tru,0.47345783846015654,0.1665547427863782,0.16202993605619306,0.7818421286943665
043,vap_aian,pre_24_dem_har,0.5153325330357833,0.16278786482894386,0.2141571197103827,0.8213800871571268
043,vap_aian,pre_24_rep_tru,0.4846674669642166,0.16278786482894386,0.17861991284287312,0.7858428802896171
043,vap_oth_b,pre_24_dem_har,0.5685689533272694,0.13979260670457638,0.30266342667966173,0.8145379735225117
043,vap_oth_b,pre_24_rep_tru,0.43143104667273047,0.13979260670457638,0.18546202647748836,0.6973365733203382
045,vap_white,pre_24_dem_har,0.16113090044796924,0.008498090189018986,0.14494599970071587,0.1779429073824276
045,vap_white,pre_24_rep_tru,0.8388690995520308,0.008498090189018988,0.8220570926175725,0.8550540002992841
045,vap_black,pre_24_dem_har,0.5104617387203354,0.1758813900908575,0.17514894776361767,0.8328506056685057
045,vap_black,pre_24_rep_tru,0.48953826127966454,0.1758813900908575,0.16714939433149414,0.8248510522363821
045,vap_hisp,pre_24_dem_har,0.5236085298534987,0.17348614530193088,0.1902984643323182,0.8513650741070891
045,vap_hisp,pre_24_rep_tru,0.4763914701465014,0.17348614530193088,0.14863492589291086,0.8097015356676818
045,vap_asian,pre_24_dem_har,0.5093802545681941,0.1816020267215878,0.168018141733333,0.8480144098209289
045,vap_asian,pre_24_rep_tru,0.49061974543180575,0.1816020267215878,0.15198559017907115,0.831981858266667
045,vap_aian,pre_24_dem_har,0.5014563771158378,0.18716661406153937,0.15588187203414272,0.8536048775219874
045,vap_aian,pre_24_rep_tru,0.49854362288416215,0.18716661406153937,0.14639512247801245,0.8441181279658572
045,vap_oth_b,pre_24_dem_har,0.53222276441562,0.16820269633573456,0.21268509653140394,0.8405430345706165
045,vap_oth_b,pre_24_rep_tru,0.46777723558437995,0.16820269633573456,0.15945696542938348,0.787314903468596
047,vap_white,pre_24_dem_har,0.1595295813602132,0.0061370793910069145,0.14799943957264644,0.17164649920970237
047,vap_white,pre_24_rep_tru,0.8404704186397868,0.0061370793910069145,0.8283535007902978,0.8520005604273536
047,vap_black,pre_24_dem_har,0.4990780285700859,0.1938173264374995,0.13758193261474574,0.8577199454736166
047,vap_black,pre_24_rep_tru,0.5009219714299142,0.1938173264374995,0.14228005452638318,0.8624180673852543
047,vap_hisp,pre_24_dem_har,0.49996164150851624,0.17474294195494053,0.16893806802665373,0.8342517005833205
047,vap_hisp,pre_24_rep_tru,0.5000383584914838,0.17474294195494053,0.16574829941667915,0.8310619319733461
047,vap_asian,pre_24_dem_har,0.5045144004256422,0.2104658721730348,0.11312853380825687,0.8854433049508458
047,vap_asian,pre_24_rep_tru,0.4954855995743578,0.2104658721730348,0.1145566950491543,0.8868714661917431
047,vap_aian,pre_24_dem_har,0.4924243465547359,0.17791623234108347,0.15793882430893463,0.8295472560312137
047,vap_aian,pre_24_rep_tru,0.5075756534452641,0.17791623234108347,0.17045274396878604,0.8420611756910653
047,vap_oth_b,pre_24_dem_har,0.5360968740966355,0.17349029129920865,0.2028286216178035,0.8433356807409303
047,vap_oth_b,pre_24_rep_tru,0.46390312590336447,0.17349029129920865,0.1566643192590696,0.7971713783821964
049,vap_white,pre_24_dem_har,0.21733368158943137,0.010872831378309699,0.19631743226253728,0.23827852581965192
049,vap_white,pre_24_rep_tru,0.7826663184105687,0.010872831378309699,0.7617214741803481,0.8036825677374628
049,vap_black,pre_24_dem_har,0.4991289514676523,0.19120338944402518,0.13799501711516643,0.8684587846527856
049,vap_black,pre_24_rep_tru,0.5008710485323477,0.19120338944402518,0.1315412153472144,0.8620049828848335
049,vap_hisp,pre_24_dem_har,0.4789035361564905,0.16599394580236318,0.15825001017883047,0.7790457023349235
049,vap_hisp,pre_24_rep_tru,0.5210964638435094,0.16599394580236318,0.2209542976650763,0.8417499898211696
049,vap_asian,pre_24_dem_har,0.5015735795248955,0.18220968286110306,0.1482071553451841,0.8385461592404816
049,vap_asian,pre_24_rep_tru,0.49842642047510444,0.18220968286110306,0.1614538407595183,0.8517928446548158
049,vap_aian,pre_24_dem_har,0.5121618539893175,0.16850279951909508,0.19470860701113876,0.8323804409607071
049,vap_aian,pre_24_rep_tru,0.4878381460106825,0.16850279951909508,0.16761955903929293,0.8052913929888612
049,vap_oth_b,pre_24_dem_har,0.5508901703475267,0.1980780533706975,0.1892619384471209,0.9364128806397015
049,vap_oth_b,pre_24_rep_tru,0.44910982965247326,0.1980780533706975,0.06358711936029833,0.8107380615528789
051,vap_white,pre_24_dem_har,0.228979694846146,0.008918825485117018,0.21195857708761853,0.2466198048060406
051,vap_white,pre_24_rep_tru,0.771020305153854,0.008918825485117018,0.7533801951939594,0.7880414229123814
051,vap_black,pre_24_dem_har,0.5678900578216983,0.176107862221482,0.21460701664045514,0.8834256137527443
051,vap_black,pre_24_rep_tru,0.4321099421783018,0.176107862221482,0.1165743862472558,0.7853929833595448
051,vap_hisp,pre_24_dem_har,0.5367808748654276,0.16680707123132765,0.22419506720936372,0.8486783278290801
051,vap_hisp,pre_24_rep_tru,0.4632191251345724,0.16680707123132765,0.15132167217091974,0.7758049327906363
051,vap_asian,pre_24_dem_har,0.5232126223935802,0.177003050989391,0.1962172877725616,0.8550854398503331
051,vap_asian,pre_24_rep_tru,0.4767873776064197,0.177003050989391,0.14491456014966683,0.8037827122274385
051,vap_aian,pre_24_dem_har,0.5013203528342023,0.1663744247327603,0.18401042895183317,0.8124640581427262
051,vap_aian,pre_24_rep_tru,0.4986796471657977,0.1663744247327603,0.18753594185727382,0.8159895710481667
051,vap_oth_b,pre_24_dem_har,0.5520497658432283,0.15496045235453343,0.23283710128697696,0.8276236272736748
051,vap_oth_b,pre_24_rep_tru,0.4479502341567717,0.15496045235453343,0.17237637272632514,0.7671628987130229
053,vap_white,pre_24_dem_har,0.2202934866638935,0.01055980530291462,0.20188152523404482,0.2417951810914937
053,vap_white,pre_24_rep_tru,0.7797065133361065,0.010559805302914619,0.7582048189085063,0.7981184747659552
053,vap_black,pre_24_dem_har,0.8933182408975694,0.04719123738068024,0.7827238731828725,0.9625045386310154
053,vap_black,pre_24_rep_tru,0.10668175910243055,0.04719123738068024,0.03749546136898443,0.21727612681712752
053,vap_hisp,pre_24_dem_har,0.7510566278194775,0.1182663224229379,0.4927961014577414,0.9243088330227828
053,vap_hisp,pre_24_rep_tru,0.24894337218052254,0.1182663224229379,0.07569116697721709,0.5072038985422584
053,vap_asian,pre_24_dem_har,0.4893865121133053,0.1596647373756696,0.17080988350426482,0.7939621536472429
053,vap_asian,pre_24_rep_tru,0.5106134878866947,0.1596647373756696,0.20603784635275701,0.8291901164957352
053,vap_aian,pre_24_dem_har,0.5141832643321199,0.17030739440995715,0.16940782548615496,0.817922210524644
053,vap_aian,pre_24_rep_tru,0.48581673566788003,0.17030739440995715,0.18207778947535583,0.8305921745138449
053,vap_oth_b,pre_24_dem_har,0.6629957153812531,0.15382615007294206,0.3102436450853951,0.8872694028199554
053,vap_oth_b,pre_24_rep_tru,0.3370042846187468,0.15382615007294206,0.11273059718004451,0.6897563549146046
055,vap_white,pre_24_dem_har,0.2072363870008323,0.007119532430383637,0.19368097952255742,0.22155983463628717
055,vap_white,pre_24_rep_tru,0.7927636129991676,0.007119532430383637,0.7784401653637126,0.8063190204774424
055,vap_black,pre_24_dem_har,0.4876216408602114,0.16868109942516232,0.17214385030897666,0.8077926032568521
055,vap_black,pre_24_rep_tru,0.5123783591397886,0.16868109942516232,0.192207396743148,0.8278561496910233
055,vap_hisp,pre_24_dem_har,0.5119370703453685,0.16249602049754366,0.19448650271507653,0.8170683602802388
055,vap_hisp,pre_24_rep_tru,0.48806292965463144,0.16249602049754366,0.1829316397197612,0.8055134972849235
055,vap_asian,pre_24_dem_har,0.5027938122078316,0.1729405624822824,0.17015814333528462,0.8139444856242062
055,vap_asian,pre_24_rep_tru,0.49720618779216846,0.1729405624822824,0.1860555143757935,0.8298418566647153
055,vap_aian,pre_24_dem_har,0.5031162416356436,0.16900741030853852,0.18348663468991522,0.8220306395866159
055,vap_aian,pre_24_rep_tru,0.4968837583643564,0.16900741030853852,0.17796936041338388,0.8165133653100847
055,vap_oth_b,pre_24_dem_har,0.5269541865284859,0.1715741911136472,0.17847366092619274,0.8380894223933815
055,vap_oth_b,pre_24_rep_tru,0.4730458134715141,0.1715741911136472,0.1619105776066184,0.8215263390738072
057,vap_white,pre_24_dem_har,0.3993431432998531,0.008673536835451703,0.38382029624148495,0.4159436705343636
057,vap_white,pre_24_rep_tru,0.6006568567001469,0.008673536835451705,0.5840563294656363,0.6161797037585149
057,vap_black,pre_24_dem_har,0.8563518443944063,0.047909460321730817,0.7425711109582566,0.9299695110550452
057,vap_black,pre_24_rep_tru,0.14364815560559374,0.047909460321730817,0.07003048894495476,0.2574288890417433
057,vap_hisp,pre_24_dem_har,0.6808374702678504,0.10105829346634851,0.4674857464970927,0.8535515469928608
057,vap_hisp,pre_24_rep_tru,0.3191625297321496,0.10105829346634851,0.14644845300713913,0.5325142535029072
057,vap_asian,pre_24_dem_har,0.8864903705769732,0.032687445642060844,0.8096211839195883,0.9378627914418456
057,vap_asian,pre_24_rep_tru,0.1135096294230267,0.032687445642060844,0.062137208558154335,0.1903788160804118
057,vap_aian,pre_24_dem_har,0.509106413335853,0.14379702690519458,0.21515255065468203,0.7600042224002598
057,vap_aian,pre_24_rep_tru,0.4908935866641469,0.14379702690519458,0.23999577759974003,0.7848474493453178
057,vap_oth_b,pre_24_dem_har,0.5909537499253773,0.16818332127131302,0.23632368123520606,0.8458474402625756
057,vap_oth_b,pre_24_rep_tru,0.4090462500746227,0.16818332127131302,0.15415255973742423,0.7636763187647939
059,vap_white,pre_24_dem_har,0.2887206178091115,0.008154904182514043,0.2728602184742512,0.3048572184349839
059,vap_white,pre_24_rep_tru,0.7112793821908886,0.008154904182514043,0.6951427815650161,0.727139781525749
059,vap_black,pre_24_dem_har,0.7137153094460811,0.12413402096813904,0.4366673565153304,0.9137966341699102
059,vap_black,pre_24_rep_tru,0.28628469055391886,0.12413402096813902,0.08620336583008983,0.5633326434846695
059,vap_hisp,pre_24_dem_har,0.5903049030903766,0.16178950205805148,0.2603902467572887,0.8780161326098164
059,vap_hisp,pre_24_rep_tru,0.40969509690962336,0.16178950205805148,0.12198386739018346,0.7396097532427112
059,vap_asian,pre_24_dem_har,0.5672516704835564,0.17035849564418237,0.22501918501228585,0.8693415741846524
059,vap_asian,pre_24_rep_tru,0.4327483295164436,0.17035849564418237,0.13065842581534767,0.7749808149877142
059,vap_aian,pre_24_dem_har,0.5011002891845379,0.16086974905493598,0.19074662880596507,0.8147638060195587
059,vap_aian,pre_24_rep_tru,0.4988997108154621,0.16086974905493598,0.18523619398044125,0.809253371194035
059,vap_oth_b,pre_24_dem_har,0.5351866256941464,0.1624939880427297,0.2231385729612617,0.828140665353082
059,vap_oth_b,pre_24_rep_tru,0.46481337430585357,0.1624939880427297,0.17185933464691802,0.7768614270387381
061,vap_white,pre_24_dem_har,0.2355871171112441,0.007587358585686051,0.2214449483271515,0.25040930161814023
061,vap_white,pre_24_rep_tru,0.764412882888756,0.007587358585686051,0.7495906983818597,0.7785550516728486
061,vap_black,pre_24_dem_har,0.500788158630871,0.16981605114917078,0.18352224277186868,0.8331058960781856
061,vap_black,pre_24_rep_tru,0.4992118413691289,0.16981605114917078,0.16689410392181425,0.816477757228131
061,vap_hisp,pre_24_dem_har,0.5548023526947068,0.16135782661500833,0.23052130865973833,0.8358360726708242
061,vap_hisp,pre_24_rep_tru,0.44519764730529326,0.16135782661500833,0.16416392732917576,0.7694786913402617
061,vap_asian,pre_24_dem_har,0.5031235893104833,0.16822682186372293,0.17768547849312227,0.8242681612238216
061,vap_asian,pre_24_rep_tru,0.4968764106895167,0.16822682186372293,0.17573183877617823,0.8223145215068777
061,vap_aian,pre_24_dem_har,0.5045817152327943,0.17532567407651115,0.18080910383237347,0.8628159702052798
061,vap_aian,pre_24_rep_tru,0.4954182847672056,0.17532567407651115,0.13718402979472022,0.8191908961676263
061,vap_oth_b,pre_24_dem_har,0.5661214519851252,0.1685711467812943,0.24474765972476578,0.8880500508169289
061,vap_oth_b,pre_24_rep_tru,0.43387854801487474,0.1685711467812943,0.11194994918307101,0.7552523402752341
063,vap_white,pre_24_dem_har,0.30080660294872325,0.007299027548747911,0.28768799805196676,0.3159510674460586
063,vap_white,pre_24_rep_tru,0.6991933970512768,0.007299027548747911,0.6840489325539414,0.7123120019480332
063,vap_black,pre_24_dem_har,0.890654496700845,0.05281431871066967,0.7503626325719683,0.9598988758964478
063,vap_black,pre_24_rep_tru,0.10934550329915495,0.05281431871066967,0.04010112410355209,0.24963736742803158
063,vap_hisp,pre_24_dem_har,0.7661492973670296,0.09258591705351454,0.5593475617689528,0.9123086817027036
063,vap_hisp,pre_24_rep_tru,0.23385070263297034,0.09258591705351454,0.08769131829729629,0.440652438231047
063,vap_asian,pre_24_dem_har,0.7595818431084677,0.09508337849461247,0.5491002409654389,0.9041271728509199
063,vap_asian,pre_24_rep_tru,0.2404181568915323,0.09508337849461247,0.09587282714907996,0.45089975903456103
063,vap_aian,pre_24_dem_har,0.49500839853651685,0.1592159878112425,0.19134658592407652,0.7736827025336401
063,vap_aian,pre_24_rep_tru,0.5049916014634831,0.1592159878112425,0.22631729746635978,0.8086534140759233
063,vap_oth_b,pre_24_dem_har,0.6578617120792405,0.13183836616220188,0.38377033155534823,0.8694171190464138
063,vap_oth_b,pre_24_rep_tru,0.34213828792075945,0.13183836616220188,0.13058288095358617,0.6162296684446517
065,vap_white,pre_24_dem_har,0.24850259884757891,0.0063627185771390335,0.23633294003698532,0.26137560821905426
065,vap_white,pre_24_rep_tru,0.751497401152421,0.006362718577139033,0.7386243917809459,0.7636670599630148
065,vap_black,pre_24_dem_har,0.4353776001678075,0.15791184056315805,0.1457486843773882,0.7404989731608459
065,vap_black,pre_24_rep_tru,0.5646223998321924,0.15791184056315805,0.25950102683915394,0.8542513156226118
065,vap_hisp,pre_24_dem_har,0.5333901531293825,0.1624826394295831,0.21035484859864348,0.8230982910213213
065,vap_hisp,pre_24_rep_tru,0.46660984687061746,0.1624826394295831,0.17690170897867863,0.7896451514013565
065,vap_asian,pre_24_dem_har,0.5270840424359813,0.17430000922918618,0.16890023593960174,0.828533682462523
065,vap_asian,pre_24_rep_tru,0.4729159575640187,0.17430000922918618,0.17146631753747701,0.8310997640603982
065,vap_aian,pre_24_dem_har,0.49363944556689854,0.1696045309969754,0.17781016171283714,0.82667399548796
065,vap_aian,pre_24_rep_tru,0.5063605544331015,0.1696045309969754,0.17332600451203986,0.8221898382871627
065,vap_oth_b,pre_24_dem_har,0.5590420091328807,0.1591511532307518,0.23826891724818877,0.8378889586866337
065,vap_oth_b,pre_24_rep_tru,0.44095799086711934,0.1591511532307518,0.16211104131336618,0.7617310827518112
067,vap_white,pre_24_dem_har,0.2574791540672223,0.010224147342654208,0.23841632643509403,0.27852603543548193
067,vap_white,pre_24_rep_tru,0.7425208459327777,0.01022414734265421,0.7214739645645181,0.7615836735649059
067,vap_black,pre_24_dem_har,0.8709855546879418,0.04769518482016943,0.7595737559016583,0.944231507493104
067,vap_black,pre_24_rep_tru,0.12901444531205825,0.04769518482016943,0.055768492506896104,0.24042624409834187
067,vap_hisp,pre_24_dem_har,0.5776399891685784,0.1481808523439863,0.29363296789455967,0.8530593293814734
067,vap_hisp,pre_24_rep_tru,0.4223600108314216,0.1481808523439863,0.14694067061852653,0.70636703210544
067,vap_asian,pre_24_dem_har,0.5567574428128679,0.16061204409162494,0.2332292161736521,0.8477445040378917
067,vap_asian,pre_24_rep_tru,0.44324255718713207,0.16061204409162494,0.15225549596210824,0.7667707838263479
067,vap_aian,pre_24_dem_har,0.5231054586396089,0.1571346016225687,0.2274003993621265,0.8224065237762077
067,vap_aian,pre_24_rep_tru,0.47689454136039106,0.1571346016225687,0.1775934762237922,0.7725996006378734
067,vap_oth_b,pre_24_dem_har,0.6118177249529342,0.1393681008982,0.32792741301006473,0.8472208709762118
067,vap_oth_b,pre_24_rep_tru,0.3881822750470657,0.1393681008982,0.15277912902378823,0.6720725869899351
069,vap_white,pre_24_dem_har,0.2369332587398748,0.007189388934767573,0.22325304360082243,0.25127083363269576
069,vap_white,pre_24_rep_tru,0.7630667412601252,0.007189388934767574,0.7487291663673042,0.7767469563991776
069,vap_black,pre_24_dem_har,0.5198010567564464,0.16259081698236452,0.20405240135839608,0.832734312074793
069,vap_black,pre_24_rep_tru,0.48019894324355356,0.16259081698236452,0.167265687925207,0.7959475986416039
069,vap_hisp,pre_24_dem_har,0.5498610184150451,0.16455074985125306,0.21840138170969645,0.8433335015594723
069,vap_hisp,pre_24_rep_tru,0.4501389815849549,0.16455074985125306,0.15666649844052757,0.7815986182903034
069,vap_asian,pre_24_dem_har,0.4907501008976115,0.16953416101398208,0.17712498831020246,0.8180960721862067
069,vap_asian,pre_24_rep_tru,0.5092498991023884,0.16953416101398208,0.1819039278137932,0.8228750116897974
069,vap_aian,pre_24_dem_har,0.5032181505669587,0.16713551281773725,0.20544601502452725,0.8277769544357116
069,vap_aian,pre_24_rep_tru,0.4967818494330413,0.16713551281773725,0.17222304556428827,0.7945539849754727
069,vap_oth_b,pre_24_dem_har,0.570485911635557,0.1608670050646458,0.2538445072173025,0.849984211363189
069,vap_oth_b,pre_24_rep_tru,0.4295140883644431,0.1608670050646458,0.15001578863681106,0.7461554927826973
071,vap_white,pre_24_dem_har,0.1746203881618693,0.011093033074549109,0.15344092570242188,0.1969299864797075
071,vap_white,pre_24_rep_tru,0.8253796118381307,0.011093033074549107,0.8030700135202925,0.8465590742975782
071,vap_black,pre_24_dem_har,0.5155790767898938,0.17324246764151113,0.18655212267400653,0.8354220875516188
071,vap_black,pre_24_rep_tru,0.48442092321010616,0.17324246764151113,0.164577912448381,0.8134478773259933
071,vap_hisp,pre_24_dem_har,0.49200707868385835,0.10683648863171376,0.274224943699999,0.6925657627558265
071,vap_hisp,pre_24_rep_tru,0.5079929213161416,0.10683648863171376,0.3074342372441734,0.7257750563000007
071,vap_asian,pre_24_dem_har,0.4912585927370678,0.16856385620404304,0.15985006866719767,0.7952702953940978
071,vap_asian,pre_24_rep_tru,0.5087414072629322,0.16856385620404304,0.2047297046059021,0.8401499313328022
071,vap_aian,pre_24_dem_har,0.5073827205252858,0.17471888953924009,0.1796829669300427,0.8322097711863932
071,vap_aian,pre_24_rep_tru,0.49261727947471423,0.17471888953924009,0.167790228813607,0.8203170330699573
071,vap_oth_b,pre_24_dem_har,0.5629900745667522,0.16458889931410667,0.23480071543885517,0.8543124637847891
071,vap_oth_b,pre_24_rep_tru,0.4370099254332478,0.16458889931410667,0.14568753621521066,0.7651992845611448
073,vap_white,pre_24_dem_har,0.19014727817869317,0.011526660055029725,0.16878052612936584,0.2131492106940767
073,vap_white,pre_24_rep_tru,0.8098527218213069,0.011526660055029725,0.7868507893059232,0.8312194738706342
073,vap_black,pre_24_dem_har,0.5183291664110282,0.1698239560048996,0.18917563894024914,0.8280774380937155
073,vap_black,pre_24_rep_tru,0.4816708335889718,0.1698239560048996,0.1719225619062845,0.8108243610597509
073,vap_hisp,pre_24_dem_har,0.516970822197418,0.1646733410527148,0.16453979573144265,0.8045774769718176
073,vap_hisp,pre_24_rep_tru,0.48302917780258203,0.1646733410527148,0.1954225230281824,0.835460204268557
073,vap_asian,pre_24_dem_har,0.5233089625349461,0.17202205375726715,0.19451979554742208,0.8360877954208192
073,vap_asian,pre_24_rep_tru,0.4766910374650538,0.17202205375726715,0.16391220457918054,0.8054802044525778
073,vap_aian,pre_24_dem_har,0.5058509462247367,0.18459486133375544,0.1494872645583669,0.8379151249592786
073,vap_aian,pre_24_rep_tru,0.49414905377526325,0.18459486133375544,0.16208487504072153,0.8505127354416329
073,vap_oth_b,pre_24_dem_har,0.5380063442809196,0.15546217431504947,0.22325913075403067,0.8027849378841172
073,vap_oth_b,pre_24_rep_tru,0.4619936557190804,0.15546217431504947,0.19721506211588272,0.7767408692459693
075,vap_white,pre_24_dem_har,0.18533474752393891,0.008657297466173122,0.16874824234699237,0.20273312565211815
075,vap_white,pre_24_rep_tru,0.814665252476061,0.00865729746617312,0.7972668743478818,0.8312517576530077
075,vap_black,pre_24_dem_har,0.5150159985413791,0.18851531567704524,0.16765603137664858,0.8750342634607937
075,vap_black,pre_24_rep_tru,0.4849840014586209,0.18851531567704524,0.12496573653920626,0.8323439686233515
075,vap_hisp,pre_24_dem_har,0.5524642884702801,0.17292164870275928,0.21214427570466984,0.8566716039901269
075,vap_hisp,pre_24_rep_tru,0.4475357115297199,0.17292164870275928,0.14332839600987302,0.7878557242953299
075,vap_asian,pre_24_dem_har,0.5119592929433985,0.17867884546228674,0.1768224413000084,0.8526341935522058
075,vap_asian,pre_24_rep_tru,0.4880407070566015,0.17867884546228674,0.1473658064477942,0.8231775586999917
075,vap_aian,pre_24_dem_har,0.4954953720197692,0.17918992316589621,0.16229533824967934,0.8356520836180795
075,vap_aian,pre_24_rep_tru,0.5045046279802309,0.17918992316589621,0.16434791638192026,0.8377046617503207
075,vap_oth_b,pre_24_dem_har,0.4963466423536679,0.17580968434899621,0.1572202029561924,0.8287417453500868
075,vap_oth_b,pre_24_rep_tru,0.5036533576463321,0.17580968434899621,0.17125825464991312,0.8427797970438076
077,vap_white,pre_24_dem_har,0.3083871139494251,0.00856545263119277,0.2918426880024784,0.3251822240856359
077,vap_white,pre_24_rep_tru,0.691612886050575,0.00856545263119277,0.6748177759143642,0.7081573119975216
077,vap_black,pre_24_dem_har,0.5390669158073184,0.1632908109355774,0.21168323187207505,0.8348748194911237
077,vap_black,pre_24_rep_tru,0.46093308419268164,0.1632908109355774,0.1651251805088763,0.7883167681279248
077,vap_hisp,pre_24_dem_har,0.5202911942122691,0.1793074549395278,0.19097763217157504,0.8632668676974521
077,vap_hisp,pre_24_rep_tru,0.47970880578773084,0.1793074549395278,0.13673313230254797,0.809022367828425
077,vap_asian,pre_24_dem_har,0.5168573059951922,0.1840908826898845,0.1619079226234486,0.8471717673216247
077,vap_asian,pre_24_rep_tru,0.4831426940048077,0.1840908826898845,0.15282823267837525,0.8380920773765511
077,vap_aian,pre_24_dem_har,0.4949384153038656,0.1898463295199091,0.13883072626117537,0.8596762009916152
077,vap_aian,pre_24_rep_tru,0.5050615846961345,0.1898463295199091,0.14032379900838485,0.8611692737388247
077,vap_oth_b,pre_24_dem_har,0.5155461634913768,0.16587249790277978,0.20092290571505864,0.8256907470766395
077,vap_oth_b,pre_24_rep_tru,0.4844538365086231,0.16587249790277978,0.17430925292336055,0.7990770942849411
079,vap_white,pre_24_dem_har,0.19004025252091172,0.007076100921408685,0.17630877242529727,0.20397482365542494
079,vap_white,pre_24_rep_tru,0.8099597474790883,0.0070761009214086856,0.796025176344575,0.8236912275747026
079,vap_black,pre_24_dem_har,0.51199039584318,0.18050121667992025,0.16996730731295687,0.858663101896611
079,vap_black,pre_24_rep_tru,0.48800960415682,0.18050121667992025,0.141336898103389,0.8300326926870429
079,vap_hisp,pre_24_dem_har,0.5523820422941085,0.16523820022949667,0.23252552284132497,0.8601533163712372
079,vap_hisp,pre_24_rep_tru,0.4476179577058915,0.16523820022949667,0.13984668362876276,0.7674744771586749
079,vap_asian,pre_24_dem_har,0.5012557133201585,0.18186204024114871,0.1620832574123325,0.8400780905601879
079,vap_asian,pre_24_rep_tru,0.4987442866798414,0.18186204024114871,0.15992190943981185,0.8379167425876674
079,vap_aian,pre_24_dem_har,0.50587377419684465,0.1834607418277251,0.16090228929103947,0.8383578463192674
079,vap_aian,pre_24_rep_tru,0.49412622580315535,0.1834607418277251,0.16164215368073248,0.8390977107089606
079,vap_oth_b,pre_24_dem_har,0.5406375070664107,0.16876160495321285,0.21953022242676484,0.8520477387236352
079,vap_oth_b,pre_24_rep_tru,0.4593624929335894,0.16876160495321285,0.14795226127636465,0.7804697775732351
081,vap_white,pre_24_dem_har,0.2958561757341585,0.008749100201879393,0.278089753125035,0.31257489269385036
081,vap_white,pre_24_rep_tru,0.7041438242658415,0.008749100201879394,0.6874251073061497,0.721910246874965
081,vap_black,pre_24_dem_har,0.6168526828197969,0.14651596260086927,0.2958989894130484,0.8471360490020149
081,vap_black,pre_24_rep_tru,0.3831473171802032,0.14651596260086927,0.15286395099798497,0.7041010105869515
081,vap_hisp,pre_24_dem_har,0.6173810579437614,0.14948422770791966,0.26651543184680976,0.8530765936284749
081,vap_hisp,pre_24_rep_tru,0.38261894205623853,0.14948422770791966,0.1469234063715249,0.7334845681531902
081,vap_asian,pre_24_dem_har,0.5360133870253229,0.09378706691380137,0.345035068792654,0.7101859221336517
081,vap_asian,pre_24_rep_tru,0.46398661297467714,0.09378706691380137,0.28981407786634833,0.654964931207346
081,vap_aian,pre_24_dem_har,0.48604869882394725,0.15703755315925053,0.1959148343928895,0.7904475178687612
081,vap_aian,pre_24_rep_tru,0.5139513011760527,0.15703755315925053,0.20955248213123856,0.8040851656071102
081,vap_oth_b,pre_24_dem_har,0.4937764516796,0.17408326366385304,0.15183961662885298,0.8027622953571623
081,vap_oth_b,pre_24_rep_tru,0.5062235483204001,0.17408326366385304,0.19723770464283769,0.8481603833711469
083,vap_white,pre_24_dem_har,0.22423763545370626,0.008428329955050452,0.2080699867668349,0.24132434982725492
083,vap_white,pre_24_rep_tru,0.7757623645462937,0.00842832995505045,0.758675650172745,0.791930013233165
083,vap_black,pre_24_dem_har,0.5610520805521048,0.17090350578719385,0.21476996414279415,0.8642854038066388
083,vap_black,pre_24_rep_tru,0.4389479194478952,0.17090350578719385,0.13571459619336113,0.7852300358572056
083,vap_hisp,pre_24_dem_har,0.5587509696367132,0.17162603344218075,0.21526687529033228,0.8700758680797327
083,vap_hisp,pre_24_rep_tru,0.4412490303632868,0.17162603344218075,0.1299241319202674,0.7847331247096676
083,vap_asian,pre_24_dem_har,0.49945038964727906,0.16730905993611309,0.17176601915893144,0.8023161650568855
083,vap_asian,pre_24_rep_tru,0.5005496103527209,0.16730905993611309,0.1976838349431145,0.8282339808410684
083,vap_aian,pre_24_dem_har,0.5026329589643058,0.1638823437463741,0.1892488734845828,0.8027683019234149
083,vap_aian,pre_24_rep_tru,0.4973670410356941,0.1638823437463741,0.19723169807658514,0.8107511265154171
083,vap_oth_b,pre_24_dem_har,0.5308949190963452,0.1642212580438708,0.19283149703916783,0.8227956946234881
083,vap_oth_b,pre_24_rep_tru,0.46910508090365477,0.1642212580438708,0.17720430537651183,0.807168502960832
085,vap_white,pre_24_dem_har,0.1783258488558288,0.011105899436615297,0.15756663665893533,0.2004781710337087
085,vap_white,pre_24_rep_tru,0.8216741511441712,0.011105899436615297,0.7995218289662913,0.8424333633410647
085,vap_black,pre_24_dem_har,0.5779020924064182,0.1562807991883053,0.24917554137638165,0.8417680664086786
085,vap_black,pre_24_rep_tru,0.4220979075935818,0.1562807991883053,0.15823193359132123,0.750824458623618
085,vap_hisp,pre_24_dem_har,0.6302594334548822,0.10770685233365133,0.3982627559596446,0.813317300605114
085,vap_hisp,pre_24_rep_tru,0.3697405665451178,0.10770685233365133,0.186682699394886,0.6017372440403553
085,vap_asian,pre_24_dem_har,0.601601421072811,0.14959973217279665,0.296983861276471,0.8675278872928229
085,vap_asian,pre_24_rep_tru,0.3983985789271889,0.14959973217279665,0.132472112707177,0.703016138723529
085,vap_aian,pre_24_dem_har,0.5120092067741313,0.17143414988684005,0.14575438923002512,0.8287985632897223
085,vap_aian,pre_24_rep_tru,0.4879907932258686,0.17143414988684005,0.1712014367102773,0.8542456107699745
085,vap_oth_b,pre_24_dem_har,0.5886195246683921,0.16159466435602812,0.2598515936433527,0.8648754333231071
085,vap_oth_b,pre_24_rep_tru,0.41138047533160804,0.16159466435602812,0.13512456667689293,0.7401484063566472
087,vap_white,pre_24_dem_har,0.19146978170011333,0.011248686548427405,0.17087039206188093,0.21398621141369398
087,vap_white,pre_24_rep_tru,0.8085302182998867,0.011248686548427405,0.786013788586306,0.829129607938119
087,vap_black,pre_24_dem_har,0.5107053181237325,0.17358177870840577,0.17297057997937287,0.8336871898414063
087,vap_black,pre_24_rep_tru,0.48929468187626746,0.17358177870840577,0.16631281015859362,0.8270294200206271
087,vap_hisp,pre_24_dem_har,0.5537841445117847,0.18395765576637674,0.19000970709390883,0.8699627320816795
087,vap_hisp,pre_24_rep_tru,0.4462158554882153,0.18395765576637674,0.13003726791832057,0.8099902929060911
087,vap_asian,pre_24_dem_har,0.49487758667017684,0.17928434634350252,0.15232832266674065,0.8345750115886005
087,vap_asian,pre_24_rep_tru,0.505122413329823,0.17928434634350252,0.16542498841139947,0.8476716773332592
087,vap_aian,pre_24_dem_har,0.4894273960022684,0.17906395942339948,0.14747204454052368,0.8268791246681707
087,vap_aian,pre_24_rep_tru,0.5105726039977315,0.17906395942339948,0.1731208753318292,0.8525279554594763
087,vap_oth_b,pre_24_dem_har,0.5180170144938354,0.17588090050114932,0.1775253887740613,0.8390111770540793
087,vap_oth_b,pre_24_rep_tru,0.4819829855061646,0.17588090050114932,0.16098882294592068,0.8224746112259388
089,vap_white,pre_24_dem_har,0.34513198001353174,0.005950255098484087,0.3329686587872939,0.35659861068344734
089,vap_white,pre_24_rep_tru,0.6548680199864682,0.005950255098484088,0.6434013893165526,0.667031341212706
089,vap_black,pre_24_dem_har,0.9711441570894501,0.004131328817681919,0.9624665061773563,0.9783767890445415
089,vap_black,pre_24_rep_tru,0.028855842910549916,0.00413132881768192,0.021623210955458525,0.03753349382264361
089,vap_hisp,pre_24_dem_har,0.74973641549262,0.01789703606647315,0.7149528952116116,0.7846439629300604
089,vap_hisp,pre_24_rep_tru,0.2502635845073799,0.01789703606647315,0.21535603706993944,0.28504710478838824
089,vap_asian,pre_24_dem_har,0.8012236833491125,0.06217834699190568,0.6654255192186249,0.9019846086909027
089,vap_asian,pre_24_rep_tru,0.19877631665088755,0.06217834699190568,0.09801539130909734,0.33457448078137503
089,vap_aian,pre_24_dem_har,0.46384820095860757,0.161179417752288,0.1847582644855609,0.7990033868451685
089,vap_aian,pre_24_rep_tru,0.5361517990413924,0.161179417752288,0.20099661315483128,0.8152417355144391
089,vap_oth_b,pre_24_dem_har,0.28731802316195343,0.08297728630602579,0.14464563627603721,0.46231338990815934
089,vap_oth_b,pre_24_rep_tru,0.7126819768380466,0.08297728630602579,0.5376866100918405,0.8553543637239627
091,vap_white,pre_24_dem_har,0.37642580898098404,0.01145158518370731,0.35542110908046193,0.40008664041733166
091,vap_white,pre_24_rep_tru,0.6235741910190158,0.01145158518370731,0.5999133595826682,0.644578890919538
091,vap_black,pre_24_dem_har,0.9266531767636128,0.02677536540780905,0.8611411124202845,0.9679752270122243
091,vap_black,pre_24_rep_tru,0.07334682323638714,0.026775365407809053,0.03202477298777565,0.13885888757971546
091,vap_hisp,pre_24_dem_har,0.7106436565237102,0.11851105798213757,0.44755287833823315,0.8952783199637022
091,vap_hisp,pre_24_rep_tru,0.28935634347628975,0.11851105798213757,0.10472168003629787,0.5524471216617668
091,vap_asian,pre_24_dem_har,0.5299817034063936,0.16653153022960132,0.19795127355007328,0.8231247429357476
091,vap_asian,pre_24_rep_tru,0.4700182965936065,0.16653153022960132,0.1768752570642524,0.8020487264499266
091,vap_aian,pre_24_dem_har,0.49684906498433135,0.16561374840579404,0.17139975049264436,0.7925188128754208
091,vap_aian,pre_24_rep_tru,0.5031509350156685,0.16561374840579404,0.20748118712457914,0.8286002495073556
091,vap_oth_b,pre_24_dem_har,0.6612151671022174,0.13121213939752444,0.37230535351811317,0.8713339171483527
091,vap_oth_b,pre_24_rep_tru,0.3387848328977826,0.13121213939752444,0.1286660828516471,0.6276946464818868
093,vap_white,pre_24_dem_har,0.23975522365511476,0.006451155752758373,0.2273358271194334,0.252787383011854
093,vap_white,pre_24_rep_tru,0.7602447763448852,0.006451155752758373,0.747212616988146,0.7726641728805664
093,vap_black,pre_24_dem_har,0.5099187874400234,0.17137781452384984,0.1839063035394393,0.830273263322577
093,vap_black,pre_24_rep_tru,0.4900812125599766,0.17137781452384984,0.169726736677423,0.8160936964605607
093,vap_hisp,pre_24_dem_har,0.5124369345740148,0.16660734504760483,0.18262324760825865,0.8067020417872135
093,vap_hisp,pre_24_rep_tru,0.487563065425985,0.16660734504760483,0.1932979582127863,0.8173767523917412
093,vap_asian,pre_24_dem_har,0.49913121840046415,0.16151744041670316,0.182740433958294,0.79920752840778
093,vap_asian,pre_24_rep_tru,0.5008687815995359,0.16151744041670316,0.20079247159222,0.8172595660417058
093,vap_aian,pre_24_dem_har,0.5101518665469847,0.1758713693782994,0.18804412918013796,0.8446799066080725
093,vap_aian,pre_24_rep_tru,0.4898481334530151,0.1758713693782994,0.15532009339192743,0.8119558708198619
093,vap_oth_b,pre_24_dem_har,0.5107657095037162,0.16681948360714322,0.1639020817949638,0.8133085997852206
093,vap_oth_b,pre_24_rep_tru,0.4892342904962838,0.16681948360714322,0.18669140021477937,0.8360979182050362
095,vap_white,pre_24_dem_har,0.2966181650665762,0.0071465721684100805,0.2834895883615645,0.31179791643701016
095,vap_white,pre_24_rep_tru,0.7033818349334238,0.007146572168410082,0.6882020835629898,0.7165104116384354
095,vap_black,pre_24_dem_har,0.9226650268801471,0.02497824745706914,0.8663157217002146,0.962265284608621
095,vap_black,pre_24_rep_tru,0.07733497311985295,0.02497824745706914,0.037734715391379015,0.13368427829978533
095,vap_hisp,pre_24_dem_har,0.7935822493907758,0.06994587587557625,0.6268354632549256,0.9061759897084254
095,vap_hisp,pre_24_rep_tru,0.20641775060922424,0.06994587587557625,0.09382401029157454,0.3731645367450744
095,vap_asian,pre_24_dem_har,0.5352719984838066,0.1488405406913373,0.250576515956297,0.8171712346809876
095,vap_asian,pre_24_rep_tru,0.46472800151619337,0.1488405406913373,0.18282876531901213,0.7494234840437028
095,vap_aian,pre_24_dem_har,0.4904359994260778,0.16021038416566263,0.18772828245806075,0.7878468909393527
095,vap_aian,pre_24_rep_tru,0.509564000573922,0.16021038416566263,0.2121531090606471,0.8122717175419388
095,vap_oth_b,pre_24_dem_har,0.6875640375267712,0.13375529279453716,0.399663557931615,0.8956345881992072
095,vap_oth_b,pre_24_rep_tru,0.31243596247322886,0.13375529279453716,0.10436541180079284,0.600336442068385
097,vap_white,pre_24_dem_har,0.5174123318482158,0.006439653035933502,0.5047968130397487,0.5304740884295555
097,vap_white,pre_24_rep_tru,0.4825876681517842,0.006439653035933502,0.4695259115704446,0.4952031869602513
097,vap_black,pre_24_dem_har,0.9730777477517425,0.003952144584287163,0.9645195321788308,0.980199457691745
097,vap_black,pre_24_rep_tru,0.02692225224825746,0.003952144584287164,0.019800542308255044,0.03548046782116913
097,vap_hisp,pre_24_dem_har,0.6641224090932043,0.02593500441082976,0.6117042020825808,0.7109349331989345
097,vap_hisp,pre_24_rep_tru,0.33587759090679564,0.02593500441082976,0.2890650668010654,0.38829579791741914
097,vap_asian,pre_24_dem_har,0.3426174437086769,0.06640761229783917,0.2238780024900676,0.4868941307686198
097,vap_asian,pre_24_rep_tru,0.657382556291323,0.06640761229783917,0.5131058692313801,0.7761219975099324
097,vap_aian,pre_24_dem_har,0.4857387815259918,0.13210516416152668,0.2578082053265439,0.7508862654699504
097,vap_aian,pre_24_rep_tru,0.5142612184740082,0.13210516416152668,0.24911373453004967,0.7421917946734562
097,vap_oth_b,pre_24_dem_har,0.8257937774528398,0.05447164612040985,0.691722251478583,0.9066607914399704
097,vap_oth_b,pre_24_rep_tru,0.1742062225471601,0.05447164612040985,0.09333920856002945,0.308277748521417
099,vap_white,pre_24_dem_har,0.23445943242936537,0.014203929099576011,0.20813880369035184,0.26210985525009733
099,vap_white,pre_24_rep_tru,0.7655405675706346,0.014203929099576011,0.7378901447499026,0.7918611963096481
099,vap_black,pre_24_dem_har,0.5146056586905327,0.16418781699053517,0.20984881834884134,0.8274737817992287
099,vap_black,pre_24_rep_tru,0.48539434130946735,0.16418781699053517,0.17252621820077127,0.7901511816511587
099,vap_hisp,pre_24_dem_har,0.6090686698027922,0.13863344808773972,0.33476823130511385,0.8519438566791664
099,vap_hisp,pre_24_rep_tru,0.3909313301972079,0.13863344808773972,0.14805614332083364,0.665231768694886
099,vap_asian,pre_24_dem_har,0.5146353399452114,0.17439101318754463,0.1952428784906982,0.8462731258548726
099,vap_asian,pre_24_rep_tru,0.48536466005478857,0.17439101318754463,0.15372687414512717,0.8047571215093018
099,vap_aian,pre_24_dem_har,0.4968550401116302,0.16955170138140538,0.18445782042344994,0.8102718695981418
099,vap_aian,pre_24_rep_tru,0.5031449598883698,0.16955170138140538,0.18972813040185815,0.8155421795765501
099,vap_oth_b,pre_24_dem_har,0.5312777280924671,0.16794420743926822,0.20419361875563788,0.8315126478582296
099,vap_oth_b,pre_24_rep_tru,0.4687222719075329,0.16794420743926822,0.1684873521417702,0.7958063812443621
101,vap_white,pre_24_dem_har,0.1744432809679561,0.008783886024647303,0.15779207437285836,0.19182006979519925
101,vap_white,pre_24_rep_tru,0.8255567190320439,0.008783886024647303,0.8081799302048007,0.8422079256271415
101,vap_black,pre_24_dem_har,0.5172159120721487,0.18285883615645923,0.1678149661127485,0.8602060721048175
101,vap_black,pre_24_rep_tru,0.4827840879278513,0.18285883615645923,0.13979392789518238,0.8321850338872515
101,vap_hisp,pre_24_dem_har,0.5184968087112309,0.18389993679360925,0.16400799922842216,0.8589700825751242
101,vap_hisp,pre_24_rep_tru,0.48150319128876895,0.18389993679360925,0.14102991742487542,0.8359920007715778
101,vap_asian,pre_24_dem_har,0.4987881152265542,0.18462466254438276,0.15921996638809383,0.8497710668811167
101,vap_asian,pre_24_rep_tru,0.5012118847734459,0.18462466254438276,0.1502289331188833,0.8407800336119063
101,vap_aian,pre_24_dem_har,0.5090377842197734,0.1914347079802386,0.1478453839332146,0.8672801083344485
101,vap_aian,pre_24_rep_tru,0.4909622157802266,0.1914347079802386,0.13271989166555143,0.8521546160667854
101,vap_oth_b,pre_24_dem_har,0.5173441180239172,0.17473448953833046,0.18079297610130984,0.8429890028634199
101,vap_oth_b,pre_24_rep_tru,0.48265588197608267,0.17473448953833046,0.1570109971365799,0.81920702389869
103,vap_white,pre_24_dem_har,0.19571528217698067,0.009015637718451132,0.17869831326732769,0.21361527622460985
103,vap_white,pre_24_rep_tru,0.8042847178230192,0.009015637718451132,0.7863847237753901,0.8213016867326721
103,vap_black,pre_24_dem_har,0.37567928714036564,0.13230775678849213,0.11267740408857567,0.6275255091373395
103,vap_black,pre_24_rep_tru,0.6243207128596343,0.13230775678849213,0.3724744908626604,0.8873225959114243
103,vap_hisp,pre_24_dem_har,0.523727148646549,0.15912353849765898,0.20981742755241853,0.8396321072692987
103,vap_hisp,pre_24_rep_tru,0.476272851353451,0.15912353849765898,0.16036789273070134,0.7901825724475813
103,vap_asian,pre_24_dem_har,0.4935419624924807,0.1741512666867629,0.16453705701763416,0.8255895264453477
103,vap_asian,pre_24_rep_tru,0.5064580375075193,0.1741512666867629,0.1744104735546524,0.8354629429823659
103,vap_aian,pre_24_dem_har,0.5185909176369108,0.1651337507720407,0.19914494571663105,0.8267800852313497
103,vap_aian,pre_24_rep_tru,0.4814090823630892,0.1651337507720407,0.17321991476865023,0.800855054283369
103,vap_oth_b,pre_24_dem_har,0.5342918831633925,0.1755635093743288,0.18288687378730423,0.8395661632824084
103,vap_oth_b,pre_24_rep_tru,0.4657081168366075,0.1755635093743288,0.16043383671759148,0.8171131262126956
105,vap_white,pre_24_dem_har,0.6811571755047389,0.013293584096580567,0.6556768597318927,0.7065053742141195
105,vap_white,pre_24_rep_tru,0.31884282449526125,0.013293584096580567,0.29349462578588054,0.3443231402681074
105,vap_black,pre_24_dem_har,0.6464271879348855,0.1389239875649501,0.334000789113632,0.8697616094248819
105,vap_black,pre_24_rep_tru,0.35357281206511443,0.1389239875649501,0.13023839057511824,0.6659992108863677
105,vap_hisp,pre_24_dem_har,0.6984741249238894,0.14211537128483473,0.37596009798119284,0.9039693855607428
105,vap_hisp,pre_24_rep_tru,0.30152587507611067,0.14211537128483473,0.09603061443925716,0.624039902018807
105,vap_asian,pre_24_dem_har,0.7790522927995661,0.08116659055243958,0.600517791989028,0.9107675730194772
105,vap_asian,pre_24_rep_tru,0.22094770720043386,0.08116659055243958,0.08923242698052257,0.39948220801097195
105,vap_aian,pre_24_dem_har,0.48067343185905564,0.16154599610873177,0.17346804395062673,0.7725402496661271
105,vap_aian,pre_24_rep_tru,0.5193265681409444,0.16154599610873177,0.22745975033387286,0.8265319560493732
105,vap_oth_b,pre_24_dem_har,0.5232415959914362,0.16760482304858332,0.2011511711285794,0.8192452883435684
105,vap_oth_b,pre_24_rep_tru,0.4767584040085638,0.16760482304858332,0.18075471165643153,0.7988488288714205
107,vap_white,pre_24_dem_har,0.23313792886043075,0.011018320005858024,0.21328944322451976,0.254900721227813
107,vap_white,pre_24_rep_tru,0.7668620711395693,0.011018320005858024,0.7450992787721871,0.7867105567754803
107,vap_black,pre_24_dem_har,0.5107480549349787,0.1785200821256327,0.1605134476577882,0.8269152648614714
107,vap_black,pre_24_rep_tru,0.4892519450650214,0.1785200821256327,0.17308473513852862,0.8394865523422117
107,vap_hisp,pre_24_dem_har,0.6060168204588997,0.17150584284051795,0.2672118633118092,0.8958248104703261
107,vap_hisp,pre_24_rep_tru,0.39398317954110035,0.17150584284051795,0.10417518952967385,0.7327881366881908
107,vap_asian,pre_24_dem_har,0.4863877588241661,0.1612133347419222,0.17566919237767897,0.7950000034250536
107,vap_asian,pre_24_rep_tru,0.5136122411758338,0.1612133347419222,0.20499999657494625,0.824330807622321
107,vap_aian,pre_24_dem_har,0.5216003451076772,0.1653076875077934,0.21274473246479353,0.8290807892471836
107,vap_aian,pre_24_rep_tru,0.47839965489232283,0.1653076875077934,0.17091921075281621,0.7872552675352065
107,vap_oth_b,pre_24_dem_har,0.5070976628598775,0.16615700222909913,0.19346803981934352,0.8136256112025553
107,vap_oth_b,pre_24_rep_tru,0.49290233714012255,0.16615700222909913,0.18637438879744453,0.8065319601806564
109,vap_white,pre_24_dem_har,0.20152745757367344,0.006720372988677895,0.1889290659626301,0.21476256033298416
109,vap_white,pre_24_rep_tru,0.7984725424263266,0.006720372988677895,0.7852374396670159,0.81107093403737
109,vap_black,pre_24_dem_har,0.5204632410245208,0.16877348860876856,0.18729772792452554,0.822793734554017
109,vap_black,pre_24_rep_tru,0.47953675897547926,0.16877348860876856,0.17720626544598286,0.8127022720754744
109,vap_hisp,pre_24_dem_har,0.533256484960254,0.16316426708384021,0.19392927143479016,0.7996535639846429
109,vap_hisp,pre_24_rep_tru,0.466743515039746,0.16316426708384021,0.2003464360153571,0.8060707285652097
109,vap_asian,pre_24_dem_har,0.5147842184447973,0.1718755857793424,0.2054676855662365,0.8425939517600388
109,vap_asian,pre_24_rep_tru,0.4852157815552028,0.1718755857793424,0.1574060482399612,0.7945323144337634
109,vap_aian,pre_24_dem_har,0.4869327919859331,0.16184311735660808,0.18397484945736964,0.7783458821298204
109,vap_aian,pre_24_rep_tru,0.5130672080140669,0.16184311735660808,0.22165411787017952,0.8160251505426303
109,vap_oth_b,pre_24_dem_har,0.5835084140718722,0.1668709876936511,0.2679875646194013,0.8816502681429711
109,vap_oth_b,pre_24_rep_tru,0.41649158592812785,0.1668709876936511,0.11834973185702895,0.7320124353805985
111,vap_white,pre_24_dem_har,0.17344769174048705,0.016378154850303066,0.14287010448049633,0.2072079806995491
111,vap_white,pre_24_rep_tru,0.826552308259513,0.016378154850303066,0.7927920193004511,0.8571298955195037
111,vap_black,pre_24_dem_har,0.49100308825417643,0.1805427336501857,0.13773126002818592,0.8254647185569326
111,vap_black,pre_24_rep_tru,0.5089969117458235,0.1805427336501857,0.1745352814430673,0.862268739971814
111,vap_hisp,pre_24_dem_har,0.44374876655633905,0.15032967465725686,0.15236162133643513,0.7282426444622427
111,vap_hisp,pre_24_rep_tru,0.556251233443661,0.15032967465725686,0.2717573555377573,0.847638378663565
111,vap_asian,pre_24_dem_har,0.5007389162737071,0.17776798673052846,0.17524037943909265,0.8372724306115193
111,vap_asian,pre_24_rep_tru,0.49926108372629285,0.17776798673052846,0.16272756938848068,0.8247596205609072
111,vap_aian,pre_24_dem_har,0.4770439199017172,0.18513857721500743,0.10588608119429313,0.8143596545957419
111,vap_aian,pre_24_rep_tru,0.5229560800982829,0.18513857721500743,0.18564034540425814,0.8941139188057068
111,vap_oth_b,pre_24_dem_har,0.5376756815565031,0.1836496541870072,0.15574562059683295,0.8480566441726399
111,vap_oth_b,pre_24_rep_tru,0.46232431844349675,0.1836496541870072,0.15194335582735977,0.844254379403167
113,vap_white,pre_24_dem_har,0.2208837714298854,0.01034056423030824,0.20140961050666045,0.24245324095532897
113,vap_white,pre_24_rep_tru,0.7791162285701146,0.01034056423030824,0.757546759044671,0.7985903894933396
113,vap_black,pre_24_dem_har,0.5289231584043055,0.17256401949080083,0.18447657597275322,0.8398027836351877
113,vap_black,pre_24_rep_tru,0.4710768415956946,0.17256401949080083,0.16019721636481254,0.8155234240272468
113,vap_hisp,pre_24_dem_har,0.376126705294441,0.07155051611170982,0.22762430740587142,0.5081550737011414
113,vap_hisp,pre_24_rep_tru,0.6238732947055591,0.07155051611170982,0.49184492629885856,0.7723756925941286
113,vap_asian,pre_24_dem_har,0.5134552738749383,0.1665224524626028,0.21385049819106763,0.8343659122133043
113,vap_asian,pre_24_rep_tru,0.48654472612506167,0.1665224524626028,0.16563408778669575,0.7861495018089322
113,vap_aian,pre_24_dem_har,0.4812463226777385,0.16415629485518352,0.16663153204944123,0.789337931106802
113,vap_aian,pre_24_rep_tru,0.5187536773222615,0.16415629485518352,0.21066206889319822,0.8333684679505586
113,vap_oth_b,pre_24_dem_har,0.5530136970351748,0.16941644759743874,0.22699460460100282,0.8711139478515431
113,vap_oth_b,pre_24_rep_tru,0.4469863029648252,0.16941644759743874,0.12888605214845664,0.7730053953989972
115,vap_white,pre_24_dem_har,0.21053729632515827,0.011963803217526056,0.1878890902602297,0.23449425165703747
115,vap_white,pre_24_rep_tru,0.7894627036748417,0.011963803217526055,0.7655057483429625,0.8121109097397702
115,vap_black,pre_24_dem_har,0.5124417993060887,0.20117098914735346,0.1381086898959466,0.8935376087359461
115,vap_black,pre_24_rep_tru,0.4875582006939114,0.20117098914735346,0.10646239126405385,0.8618913101040534
115,vap_hisp,pre_24_dem_har,0.5152990482655115,0.17914729413155686,0.17757917737825063,0.8517515249100657
115,vap_hisp,pre_24_rep_tru,0.4847009517344884,0.17914729413155686,0.14824847508993425,0.8224208226217492
115,vap_asian,pre_24_dem_har,0.5076370235033205,0.1896157781328544,0.14194037627752054,0.8555232552520947
115,vap_asian,pre_24_rep_tru,0.4923629764966795,0.1896157781328544,0.14447674474790495,0.858059623722479
115,vap_aian,pre_24_dem_har,0.4948094748165723,0.20776111199541927,0.10848686009810482,0.8843859936566698
115,vap_aian,pre_24_rep_tru,0.5051905251834277,0.20776111199541927,0.11561400634332991,0.8915131399018951
115,vap_oth_b,pre_24_dem_har,0.5078121676140321,0.18693357463029103,0.14518164682479404,0.8457696241394266
115,vap_oth_b,pre_24_rep_tru,0.49218783238596786,0.18693357463029106,0.15423037586057345,0.8548183531752058
117,vap_white,pre_24_dem_har,0.22526743951451791,0.009055144580526642,0.2082472673728651,0.2433211464039346
117,vap_white,pre_24_rep_tru,0.7747325604854821,0.00905514458052664,0.7566788535960656,0.7917527326271349
117,vap_black,pre_24_dem_har,0.49954900520063095,0.18284640839667465,0.1584751761550636,0.8372118804576124
117,vap_black,pre_24_rep_tru,0.500450994799369,0.18284640839667465,0.16278811954238762,0.8415248238449363
117,vap_hisp,pre_24_dem_har,0.5359955074824437,0.1700085044951409,0.18673376302672495,0.8315767826015368
117,vap_hisp,pre_24_rep_tru,0.46400449251755616,0.1700085044951409,0.16842321739846314,0.8132662369732749
117,vap_asian,pre_24_dem_har,0.49611525047394434,0.18360102261692843,0.14881659995947677,0.8443912348185808
117,vap_asian,pre_24_rep_tru,0.5038847495260556,0.18360102261692843,0.1556087651814191,0.8511834000405231
117,vap_aian,pre_24_dem_har,0.49833711404771824,0.17448836432135542,0.17184605511298304,0.828708412592152
117,vap_aian,pre_24_rep_tru,0.5016628859522817,0.17448836432135542,0.1712915874078479,0.8281539448870169
117,vap_oth_b,pre_24_dem_har,0.5417952249821746,0.17769663555408508,0.19016831108530347,0.8524119180452169
117,vap_oth_b,pre_24_rep_tru,0.4582047750178254,0.17769663555408508,0.14758808195478326,0.8098316889146966
119,vap_white,pre_24_dem_har,0.2138985955939959,0.00925934464747933,0.19646022952821382,0.23209185393008241
119,vap_white,pre_24_rep_tru,0.7861014044060042,0.00925934464747933,0.7679081460699176,0.8035397704717863
119,vap_black,pre_24_dem_har,0.48906041155846625,0.1813681327362918,0.1456174738984526,0.8203876975525597
119,vap_black,pre_24_rep_tru,0.5109395884415338,0.1813681327362918,0.17961230244744028,0.8543825261015472
119,vap_hisp,pre_24_dem_har,0.5055718925658146,0.1752494466522537,0.18368901743811936,0.8369530842626947
119,vap_hisp,pre_24_rep_tru,0.49442810743418536,0.1752494466522537,0.16304691573730526,0.8163109825618806
119,vap_asian,pre_24_dem_har,0.4927849678343935,0.18279901398527992,0.14921246691583548,0.8433269933880055
119,vap_asian,pre_24_rep_tru,0.5072150321656065,0.18279901398527992,0.15667300661199438,0.8507875330841644
119,vap_aian,pre_24_dem_har,0.5017137102139504,0.18197561527885703,0.16539626516261688,0.8363222119320999
119,vap_aian,pre_24_rep_tru,0.49828628978604955,0.18197561527885703,0.16367778806789998,0.8346037348373828
119,vap_oth_b,pre_24_dem_har,0.5289291801981075,0.1810576480353981,0.17932295922408573,0.8684810935511028
119,vap_oth_b,pre_24_rep_tru,0.47107081980189247,0.1810576480353981,0.13151890644889694,0.8206770407759142
121,vap_white,pre_24_dem_har,0.201375657589905,0.007156920386459574,0.18766804760387343,0.21561619597713919
121,vap_white,pre_24_rep_tru,0.798624342410095,0.007156920386459575,0.7843838040228607,0.8123319523961265
121,vap_black,pre_24_dem_har,0.5083440781797589,0.24104114740854649,0.08052145480248583,0.9221130036642717
121,vap_black,pre_24_rep_tru,0.491655921820241,0.24104114740854649,0.07788699633572825,0.919478545197514
121,vap_hisp,pre_24_dem_har,0.5210580360355302,0.16942037781720123,0.1921762980237044,0.8358020030100588
121,vap_hisp,pre_24_rep_tru,0.47894196396446975,0.16942037781720123,0.1641979969899411,0.8078237019762955
121,vap_asian,pre_24_dem_har,0.5067324370999775,0.1819106400168303,0.16243756297020714,0.8587072611063561
121,vap_asian,pre_24_rep_tru,0.4932675629000225,0.1819106400168303,0.14129273889364385,0.8375624370297927
121,vap_aian,pre_24_dem_har,0.5023339150216,0.18930413912891259,0.1503078990934082,0.8506141043610898
121,vap_aian,pre_24_rep_tru,0.49766608497840004,0.18930413912891259,0.1493858956389103,0.8496921009065918
121,vap_oth_b,pre_24_dem_har,0.5056985773625086,0.17283173293809803,0.18527769900788127,0.823137377477251
121,vap_oth_b,pre_24_rep_tru,0.49430142263749144,0.17283173293809803,0.1768626225227491,0.8147223009921187
123,vap_white,pre_24_dem_har,0.33939264655845636,0.007800359526616487,0.3242594756813039,0.3546636385711209
123,vap_white,pre_24_rep_tru,0.6606073534415436,0.007800359526616487,0.6453363614288792,0.675740524318696
123,vap_black,pre_24_dem_har,0.41960740286701537,0.2216164278356994,0.044106810286713004,0.8545311892832929
123,vap_black,pre_24_rep_tru,0.5803925971329846,0.2216164278356994,0.14546881071670661,0.955893189713287
123,vap_hisp,pre_24_dem_har,0.5022370544521216,0.17704253888580548,0.1437952534144595,0.827204660664286
123,vap_hisp,pre_24_rep_tru,0.49776294554787837,0.17704253888580548,0.17279533933571406,0.8562047465855405
123,vap_asian,pre_24_dem_har,0.5030393993960259,0.17846562521674214,0.1711988915945989,0.8408972936108964
123,vap_asian,pre_24_rep_tru,0.4969606006039741,0.17846562521674214,0.15910270638910365,0.8288011084054011
123,vap_aian,pre_24_dem_har,0.48548621669475095,0.18953718900689873,0.13173891220701445,0.8461771670821628
123,vap_aian,pre_24_rep_tru,0.514513783305249,0.18953718900689873,0.153822832917837,0.8682610877929856
123,vap_oth_b,pre_24_dem_har,0.5103274154377034,0.1715338915484571,0.184006329741527,0.8355398139678287
123,vap_oth_b,pre_24_rep_tru,0.4896725845622965,0.1715338915484571,0.16446018603217105,0.8159936702584729
125,vap_white,pre_24_dem_har,0.21048938389144156,0.007805085612556841,0.19534048372134125,0.22620279403991617
125,vap_white,pre_24_rep_tru,0.7895106161085583,0.007805085612556841,0.7737972059600837,0.8046595162786586
125,vap_black,pre_24_dem_har,0.5007099366515915,0.2031099511313927,0.1296175752541635,0.8809953292803913
125,vap_black,pre_24_rep_tru,0.4992900633484085,0.2031099511313927,0.11900467071960864,0.8703824247458363
125,vap_hisp,pre_24_dem_har,0.5026848814164666,0.17329747645858096,0.1851720389322201,0.8289928564520753
125,vap_hisp,pre_24_rep_tru,0.49731511858353344,0.17329747645858096,0.1710071435479244,0.8148279610677798
125,vap_asian,pre_24_dem_har,0.49378549685779155,0.18248114663723966,0.1582243897093373,0.8455390877680565
125,vap_asian,pre_24_rep_tru,0.5062145031422084,0.18248114663723966,0.15446091223194333,0.8417756102906626
125,vap_aian,pre_24_dem_har,0.4867545558994148,0.1731661283019397,0.17032674318196553,0.8234724875395587
125,vap_aian,pre_24_rep_tru,0.5132454441005853,0.1731661283019397,0.1765275124604412,0.8296732568180345
125,vap_oth_b,pre_24_dem_har,0.5073919142656658,0.1700936036421726,0.18187562383249006,0.8202887601566252
125,vap_oth_b,pre_24_rep_tru,0.4926080857343342,0.1700936036421726,0.1797112398433746,0.8181243761675099
127,vap_white,pre_24_dem_har,0.4044700959290096,0.01435060869699609,0.3791849688696399,0.43603426524501065
127,vap_white,pre_24_rep_tru,0.5955299040709904,0.01435060869699609,0.5639657347549892,0.6208150311303601
127,vap_black,pre_24_dem_har,0.736165538158191,0.09684525561330118,0.5255761685038717,0.8951709438489739
127,vap_black,pre_24_rep_tru,0.26383446184180903,0.09684525561330118,0.10482905615102608,0.4744238314961284
127,vap_hisp,pre_24_dem_har,0.6875557146792527,0.11745949154359575,0.417086283464129,0.8769301596522731
127,vap_hisp,pre_24_rep_tru,0.3124442853207473,0.11745949154359575,0.12306984034772686,0.5829137165358709
127,vap_asian,pre_24_dem_har,0.593460723724196,0.14729033871064598,0.28984981903453144,0.847163203465733
127,vap_asian,pre_24_rep_tru,0.40653927627580405,0.14729033871064598,0.1528367965342669,0.7101501809654684
127,vap_aian,pre_24_dem_har,0.5046311575556439,0.1568888795300447,0.1900727418173663,0.7847771084734048
127,vap_aian,pre_24_rep_tru,0.49536884244435614,0.1568888795300447,0.21522289152659516,0.8099272581826334
127,vap_oth_b,pre_24_dem_har,0.5552618116235286,0.1627310365126079,0.23951403999571907,0.8448472506159297
127,vap_oth_b,pre_24_rep_tru,0.44473818837647144,0.1627310365126079,0.1551527493840701,0.7604859600042809
129,vap_white,pre_24_dem_har,0.27600302209198024,0.007419067595242903,0.26124772368937,0.2900118714022584
129,vap_white,pre_24_rep_tru,0.7239969779080198,0.007419067595242902,0.7099881285977415,0.73875227631063
129,vap_black,pre_24_dem_har,0.5366806996028681,0.17622693208532497,0.1925993686797934,0.8620419798040382
129,vap_black,pre_24_rep_tru,0.4633193003971319,0.17622693208532497,0.13795802019596187,0.8074006313202066
129,vap_hisp,pre_24_dem_har,0.5355188226074282,0.16483904396949914,0.22774993037822064,0.8340441612458253
129,vap_hisp,pre_24_rep_tru,0.4644811773925717,0.16483904396949914,0.16595583875417455,0.7722500696217792
129,vap_asian,pre_24_dem_har,0.5074458939325948,0.1679009932756811,0.20395991098046493,0.8288533483733261
129,vap_asian,pre_24_rep_tru,0.4925541060674052,0.1679009932756811,0.1711466516266736,0.796040089019535
129,vap_aian,pre_24_dem_har,0.5112963852510023,0.1842944069960404,0.16681295076531935,0.856720296924798
129,vap_aian,pre_24_rep_tru,0.48870361474899776,0.1842944069960404,0.14327970307520219,0.8331870492346806
129,vap_oth_b,pre_24_dem_har,0.5299847776251411,0.17093681795277443,0.20080266287685425,0.8568212630856226
129,vap_oth_b,pre_24_rep_tru,0.4700152223748588,0.17093681795277443,0.14317873691437724,0.7991973371231457
131,vap_white,pre_24_dem_har,0.205578846664814,0.01089150575885268,0.18434861159622365,0.22664004156837023
131,vap_white,pre_24_rep_tru,0.794421153335186,0.01089150575885268,0.7733599584316299,0.8156513884037764
131,vap_black,pre_24_dem_har,0.5134663398040811,0.1927670404043795,0.1603725339320145,0.86855486897463
131,vap_black,pre_24_rep_tru,0.486533660195919,0.1927670404043795,0.13144513102537014,0.8396274660679854
131,vap_hisp,pre_24_dem_har,0.5298905598119794,0.17692789545293736,0.18448143042311418,0.8661448070071845
131,vap_hisp,pre_24_rep_tru,0.4701094401880207,0.17692789545293736,0.13385519299281545,0.8155185695768857
131,vap_asian,pre_24_dem_har,0.5000752263831708,0.18474434180767269,0.1634745035717557,0.8593213604676022
131,vap_asian,pre_24_rep_tru,0.49992477361682924,0.18474434180767269,0.14067863953239773,0.8365254964282444
131,vap_aian,pre_24_dem_har,0.5070615352261902,0.18557244381155266,0.16458013083906492,0.8571912646458661
131,vap_aian,pre_24_rep_tru,0.49293846477380976,0.18557244381155266,0.14280873535413377,0.835419869160935
131,vap_oth_b,pre_24_dem_har,0.5067138626179168,0.17615501032520903,0.1799982184469405,0.8471050361956763
131,vap_oth_b,pre_24_rep_tru,0.49328613738208305,0.17615501032520903,0.15289496380432335,0.8200017815530593
133,vap_white,pre_24_dem_har,0.21659702808019585,0.007718233678085645,0.20211758122556633,0.23216874608096108
133,vap_white,pre_24_rep_tru,0.7834029719198042,0.007718233678085645,0.7678312539190388,0.7978824187744336
133,vap_black,pre_24_dem_har,0.44868224261879286,0.16057460284099184,0.12533313515843184,0.7345039637646102
133,vap_black,pre_24_rep_tru,0.5513177573812071,0.16057460284099184,0.26549603623538964,0.8746668648415682
133,vap_hisp,pre_24_dem_har,0.5769396505589445,0.16750844145934787,0.23267891651335232,0.864422763518376
133,vap_hisp,pre_24_rep_tru,0.4230603494410556,0.16750844145934787,0.13557723648162393,0.7673210834866475
133,vap_asian,pre_24_dem_har,0.563756684663705,0.1815379545784441,0.2025149670094127,0.8816931002468176
133,vap_asian,pre_24_rep_tru,0.43624331533629507,0.1815379545784441,0.11830689975318227,0.7974850329905872
133,vap_aian,pre_24_dem_har,0.48943000595146574,0.18708167604997658,0.14914671591407447,0.8443856005634052
133,vap_aian,pre_24_rep_tru,0.5105699940485342,0.18708167604997658,0.15561439943659477,0.8508532840859255
133,vap_oth_b,pre_24_dem_har,0.5484826513563232,0.1630774513731714,0.20991365053183186,0.8465756391764062
133,vap_oth_b,pre_24_rep_tru,0.4515173486436767,0.1630774513731714,0.15342436082359373,0.7900863494681682
135,vap_white,pre_24_dem_har,0.20574550838471484,0.008435546952945785,0.18979441333982847,0.22268248148529177
135,vap_white,pre_24_rep_tru,0.7942544916152853,0.008435546952945785,0.7773175185147083,0.8102055866601716
135,vap_black,pre_24_dem_har,0.4938338643787401,0.17354896977253423,0.16733220407927696,0.8187775433409104
135,vap_black,pre_24_rep_tru,0.50616613562126,0.17354896977253423,0.1812224566590895,0.832667795920723
135,vap_hisp,pre_24_dem_har,0.568692368985628,0.17038998128447647,0.22508465625058838,0.8591240064464938
135,vap_hisp,pre_24_rep_tru,0.43130763101437203,0.17038998128447647,0.14087599355350625,0.7749153437494116
135,vap_asian,pre_24_dem_har,0.5038079722481069,0.1813752404124446,0.16184164156198255,0.8343150869623913
135,vap_asian,pre_24_rep_tru,0.4961920277518931,0.1813752404124446,0.16568491303760854,0.8381583584380174
135,vap_aian,pre_24_dem_har,0.5076151747495353,0.175605353536218,0.18212995276488705,0.8475911899335022
135,vap_aian,pre_24_rep_tru,0.4923848252504647,0.175605353536218,0.1524088100664977,0.8178700472351128
135,vap_oth_b,pre_24_dem_har,0.5244071509791999,0.1722511348088509,0.18055049104107637,0.8321836851895398
135,vap_oth_b,pre_24_rep_tru,0.4755928490208001,0.1722511348088509,0.1678163148104602,0.8194495089589237
137,vap_white,pre_24_dem_har,0.16749777291883927,0.006528839503830584,0.154899085832687,0.18029268161302042
137,vap_white,pre_24_rep_tru,0.8325022270811607,0.006528839503830585,0.8197073183869796,0.845100914167313
137,vap_black,pre_24_dem_har,0.5102532978403737,0.17268000637074502,0.18627064317315836,0.8387341595851199
137,vap_black,pre_24_rep_tru,0.48974670215962635,0.17268000637074502,0.16126584041488018,0.8137293568268414
137,vap_hisp,pre_24_dem_har,0.535480862183061,0.1845519277660234,0.17285655721490514,0.8576653111790233
137,vap_hisp,pre_24_rep_tru,0.464519137816939,0.1845519277660234,0.1423346888209766,0.8271434427850947
137,vap_asian,pre_24_dem_har,0.5148022306048946,0.17665910584083663,0.1771573860301871,0.8365010801669364
137,vap_asian,pre_24_rep_tru,0.4851977693951055,0.17665910584083663,0.16349891983306353,0.822842613969813
137,vap_aian,pre_24_dem_har,0.5008391212957594,0.17364408550007482,0.1700352335559599,0.8202985009310397
137,vap_aian,pre_24_rep_tru,0.4991608787042406,0.17364408550007482,0.1797014990689603,0.8299647664440399
137,vap_oth_b,pre_24_dem_har,0.5522894125522217,0.16550006908774767,0.21488551371083606,0.8530193880652942
137,vap_oth_b,pre_24_rep_tru,0.44771058744777814,0.16550006908774767,0.14698061193470546,0.7851144862891638
139,vap_white,pre_24_dem_har,0.1945727940315755,0.006834325439272697,0.18130590213593514,0.20815938749657634
139,vap_white,pre_24_rep_tru,0.8054272059684244,0.006834325439272697,0.7918406125034235,0.8186940978640648
139,vap_black,pre_24_dem_har,0.5208803971589047,0.1853480582106903,0.16583581069418155,0.8654081233390993
139,vap_black,pre_24_rep_tru,0.4791196028410954,0.1853480582106903,0.13459187666090047,0.8341641893058185
139,vap_hisp,pre_24_dem_har,0.5023813903716423,0.17186823267283852,0.16979946021654005,0.8302161071463345
139,vap_hisp,pre_24_rep_tru,0.4976186096283577,0.17186823267283852,0.16978389285366546,0.8302005397834599
139,vap_asian,pre_24_dem_har,0.5106093538422234,0.20138273792081343,0.13401778727339214,0.8878492206819635
139,vap_asian,pre_24_rep_tru,0.4893906461577766,0.20138273792081343,0.11215077931803646,0.8659822127266078
139,vap_aian,pre_24_dem_har,0.49716257423442223,0.17847685855156245,0.1668462601606924,0.841193303602413
139,vap_aian,pre_24_rep_tru,0.5028374257655778,0.17847685855156245,0.15880669639758713,0.8331537398393076
139,vap_oth_b,pre_24_dem_har,0.5294008446946472,0.1768167367146751,0.17843588581607975,0.8527790476880617
139,vap_oth_b,pre_24_rep_tru,0.4705991553053527,0.1768167367146751,0.14722095231193827,0.82156411418392
141,vap_white,pre_24_dem_har,0.41952845058899646,0.007586428575969365,0.4067497151014991,0.4362447628986636
141,vap_white,pre_24_rep_tru,0.5804715494110035,0.007586428575969365,0.5637552371013362,0.593250284898501
141,vap_black,pre_24_dem_har,0.931740414578948,0.016572066703372332,0.8932629163581924,0.9600677975877259
141,vap_black,pre_24_rep_tru,0.06825958542105197,0.01657206670337233,0.03993220241227421,0.10673708364180741
141,vap_hisp,pre_24_dem_har,0.8587857955594361,0.03680344272502998,0.7808156319888196,0.9185052243852424
141,vap_hisp,pre_24_rep_tru,0.14121420444056387,0.036803442725029986,0.08149477561475758,0.21918436801118046
141,vap_asian,pre_24_dem_har,0.7894813256682408,0.08330755071892104,0.5959220885254917,0.9132826392915215
141,vap_asian,pre_24_rep_tru,0.2105186743317591,0.08330755071892104,0.08671736070847845,0.4040779114745081
141,vap_aian,pre_24_dem_har,0.4649063236162289,0.17417190826570156,0.11910502308622435,0.7765202941094801
141,vap_aian,pre_24_rep_tru,0.5350936763837711,0.17417190826570156,0.22347970589051983,0.8808949769137757
141,vap_oth_b,pre_24_dem_har,0.6790418134109318,0.11287308376424025,0.4223129506907944,0.8489336621532381
141,vap_oth_b,pre_24_rep_tru,0.3209581865890682,0.11287308376424025,0.15106633784676204,0.5776870493092057
143,vap_white,pre_24_dem_har,0.21974627486652182,0.007866736004465441,0.20431851135955403,0.2349803729323805
143,vap_white,pre_24_rep_tru,0.7802537251334782,0.007866736004465441,0.7650196270676194,0.795681488640446
143,vap_black,pre_24_dem_har,0.5052735548367431,0.1805511053084005,0.1669477710407491,0.8424395528536143
143,vap_black,pre_24_rep_tru,0.4947264451632569,0.1805511053084005,0.1575604471463856,0.8330522289592508
143,vap_hisp,pre_24_dem_har,0.5198963323052656,0.17973467196592355,0.16323426053161982,0.8581500902804625
143,vap_hisp,pre_24_rep_tru,0.4801036676947344,0.17973467196592355,0.14184990971953748,0.8367657394683801
143,vap_asian,pre_24_dem_har,0.49135001687624563,0.17400488095264083,0.16022862234398672,0.8179998954204774
143,vap_asian,pre_24_rep_tru,0.5086499831237543,0.17400488095264083,0.1820001045795225,0.8397713776560132
143,vap_aian,pre_24_dem_har,0.5067354113897147,0.18785777075207677,0.14759190725185795,0.8552293255785168
143,vap_aian,pre_24_rep_tru,0.49326458861028527,0.18785777075207677,0.14477067442148295,0.8524080927481418
143,vap_oth_b,pre_24_dem_har,0.528782191976313,0.17041147831841866,0.20441979467288637,0.8464432953348833
143,vap_oth_b,pre_24_rep_tru,0.47121780802368696,0.17041147831841866,0.15355670466511662,0.7955802053271137
145,vap_white,pre_24_dem_har,0.2371332091607408,0.009476905134639196,0.21958412913070338,0.25661738750322266
145,vap_white,pre_24_rep_tru,0.7628667908392592,0.009476905134639196,0.7433826124967773,0.7804158708692965
145,vap_black,pre_24_dem_har,0.5696046296937546,0.16787450264946965,0.24566483604784486,0.8665726109568015
145,vap_black,pre_24_rep_tru,0.4303953703062454,0.16787450264946965,0.13342738904319842,0.754335163952155
145,vap_hisp,pre_24_dem_har,0.6033781551027256,0.15653160381559109,0.2786179108808245,0.8651762599018501
145,vap_hisp,pre_24_rep_tru,0.39662184489727437,0.15653160381559109,0.13482374009814996,0.7213820891191755
145,vap_asian,pre_24_dem_har,0.5242290800567132,0.19001340003296055,0.14561214142344808,0.8640635805269571
145,vap_asian,pre_24_rep_tru,0.4757709199432867,0.19001340003296055,0.13593641947304277,0.8543878585765516
145,vap_aian,pre_24_dem_har,0.5060548620124131,0.17112757315836938,0.19166625941648038,0.8391934121472358
145,vap_aian,pre_24_rep_tru,0.49394513798758694,0.17112757315836938,0.16080658785276405,0.8083337405835195
145,vap_oth_b,pre_24_dem_har,0.5461181986203526,0.18187538468672382,0.18927883637287773,0.8748083130765946
145,vap_oth_b,pre_24_rep_tru,0.45388180137964745,0.18187538468672382,0.12519168692340532,0.8107211636271222
147,vap_white,pre_24_dem_har,0.26292220900877633,0.007744375553838688,0.24786772080856928,0.27827932961938223
147,vap_white,pre_24_rep_tru,0.7370777909912237,0.007744375553838689,0.7217206703806178,0.7521322791914308
147,vap_black,pre_24_dem_har,0.5266298888628401,0.17561480535703966,0.1880240554427562,0.856464563105077
147,vap_black,pre_24_rep_tru,0.47337011113715977,0.17561480535703966,0.14353543689492254,0.8119759445572438
147,vap_hisp,pre_24_dem_har,0.5127389735891715,0.18359269214627408,0.1628234554507347,0.8483887816973691
147,vap_hisp,pre_24_rep_tru,0.4872610264108285,0.18359269214627408,0.15161121830263086,0.8371765445492653
147,vap_asian,pre_24_dem_har,0.49285780716371164,0.1883537800089423,0.14873412029698388,0.8423009066834554
147,vap_asian,pre_24_rep_tru,0.5071421928362884,0.1883537800089423,0.1576990933165446,0.851265879703016
147,vap_aian,pre_24_dem_har,0.5088565881994684,0.17655532953283037,0.1698492895084644,0.8322089124945302
147,vap_aian,pre_24_rep_tru,0.4911434118005316,0.17655532953283037,0.1677910875054699,0.8301507104915357
147,vap_oth_b,pre_24_dem_har,0.5049443385308561,0.1659330875582748,0.1915557221813764,0.8183684679472925
147,vap_oth_b,pre_24_rep_tru,0.49505566146914387,0.1659330875582748,0.18163153205270738,0.8084442778186235
149,vap_white,pre_24_dem_har,0.21483358311421444,0.009946251504082782,0.195145533879042,0.2340991729557583
149,vap_white,pre_24_rep_tru,0.7851664168857855,0.009946251504082782,0.7659008270442418,0.804854466120958
149,vap_black,pre_24_dem_har,0.5191154904098902,0.18515381632565778,0.16248934759113795,0.8491098526934036
149,vap_black,pre_24_rep_tru,0.48088450959010964,0.18515381632565778,0.15089014730659633,0.837510652408862
149,vap_hisp,pre_24_dem_har,0.5430127172587135,0.16234840578146192,0.22364404993546885,0.8287257386035751
149,vap_hisp,pre_24_rep_tru,0.4569872827412866,0.16234840578146192,0.1712742613964248,0.7763559500645311
149,vap_asian,pre_24_dem_har,0.49497296467987295,0.16513781802896638,0.18084953815136817,0.8120313993341169
149,vap_asian,pre_24_rep_tru,0.5050270353201269,0.16513781802896638,0.18796860066588292,0.8191504618486317
149,vap_aian,pre_24_dem_har,0.5007611073780478,0.18109274695196892,0.162445180533599,0.8479557987448436
149,vap_aian,pre_24_rep_tru,0.4992388926219522,0.18109274695196892,0.1520442012551562,0.8375548194664009
149,vap_oth_b,pre_24_dem_har,0.530836224438579,0.17317474709238515,0.1917140722964874,0.8392693168172187
149,vap_oth_b,pre_24_rep_tru,0.469163775561421,0.17317474709238515,0.16073068318278122,0.8082859277035126
151,vap_white,pre_24_dem_har,0.25730999068358795,0.008776837404642555,0.24129088260324313,0.2747654714321854
151,vap_white,pre_24_rep_tru,0.742690009316412,0.008776837404642553,0.7252345285678146,0.7587091173967568
151,vap_black,pre_24_dem_har,0.5181013622146157,0.1794933286578276,0.17603509885914154,0.8476749164562299
151,vap_black,pre_24_rep_tru,0.48189863778538433,0.1794933286578276,0.15232508354377,0.8239649011408584
151,vap_hisp,pre_24_dem_har,0.637260138110041,0.21364988966672072,0.22310866566676596,0.957353628424934
151,vap_hisp,pre_24_rep_tru,0.362739861889959,0.21364988966672072,0.042646371575066094,0.776891334333234
151,vap_asian,pre_24_dem_har,0.4922409576902168,0.19257183337590403,0.10699510352590264,0.8400608908905826
151,vap_asian,pre_24_rep_tru,0.5077590423097833,0.19257183337590403,0.15993910910941728,0.8930048964740973
151,vap_aian,pre_24_dem_har,0.5185675263816449,0.17669847126028695,0.1775310010628992,0.8417764976391097
151,vap_aian,pre_24_rep_tru,0.48143247361835495,0.17669847126028695,0.15822350236089028,0.8224689989371008
151,vap_oth_b,pre_24_dem_har,0.5177688965780363,0.17631561511398974,0.1664453818836406,0.8271396809525166
151,vap_oth_b,pre_24_rep_tru,0.4822311034219637,0.17631561511398974,0.17286031904748336,0.8335546181163591
153,vap_white,pre_24_dem_har,0.21846909593926403,0.0087250390870925,0.20173782180507263,0.2357511167679105
153,vap_white,pre_24_rep_tru,0.7815309040607359,0.0087250390870925,0.7642488832320895,0.7982621781949273
153,vap_black,pre_24_dem_har,0.3740393230143943,0.18799965341894265,0.04041287337031817,0.7195328520641242
153,vap_black,pre_24_rep_tru,0.6259606769856056,0.18799965341894265,0.2804671479358758,0.9595871266296817
153,vap_hisp,pre_24_dem_har,0.4905641486410652,0.17465917820238847,0.174603954041123,0.8299941110255109
153,vap_hisp,pre_24_rep_tru,0.5094358513589349,0.17465917820238847,0.17000588897448915,0.825396045958877
153,vap_asian,pre_24_dem_har,0.48515417704944563,0.19761048826858493,0.11492244679050855,0.8477165401024876
153,vap_asian,pre_24_rep_tru,0.5148458229505544,0.19761048826858493,0.15228345989751219,0.8850775532094913
153,vap_aian,pre_24_dem_har,0.514736014987645,0.17889231514955237,0.1763089537554093,0.8518443481669503
153,vap_aian,pre_24_rep_tru,0.48526398501235507,0.17889231514955237,0.14815565183304955,0.8236910462445907
153,vap_oth_b,pre_24_dem_har,0.5478401476730214,0.17592096887726644,0.20767476582974945,0.8534089279456923
153,vap_oth_b,pre_24_rep_tru,0.4521598523269787,0.17592096887726644,0.14659107205430763,0.7923252341702506
155,vap_white,pre_24_dem_har,0.18085997895108696,0.00912891201781162,0.16295511222377232,0.1987588523994507
155,vap_white,pre_24_rep_tru,0.819140021048913,0.00912891201781162,0.8012411476005492,0.8370448877762278
155,vap_black,pre_24_dem_har,0.4945282098554372,0.20710116998527667,0.10326399738392301,0.8838991392782239
155,vap_black,pre_24_rep_tru,0.5054717901445629,0.20710116998527667,0.11610086072177624,0.896736002616077
155,vap_hisp,pre_24_dem_har,0.5129891249039175,0.18437251391802642,0.16247136731914152,0.84413818492318
155,vap_hisp,pre_24_rep_tru,0.48701087509608254,0.18437251391802642,0.15586181507681987,0.8375286326808585
155,vap_asian,pre_24_dem_har,0.5010501630878016,0.19913651522379994,0.12698132597114806,0.8679017784691
155,vap_asian,pre_24_rep_tru,0.49894983691219846,0.19913651522379994,0.13209822153089992,0.8730186740288518
155,vap_aian,pre_24_dem_har,0.5035222730952928,0.1905869394579873,0.13791115348590235,0.8603437817469701
155,vap_aian,pre_24_rep_tru,0.4964777269047071,0.1905869394579873,0.13965621825302985,0.8620888465140977
155,vap_oth_b,pre_24_dem_har,0.5270929791727418,0.18081286167120775,0.18881275347676146,0.863868142747088
155,vap_oth_b,pre_24_rep_tru,0.4729070208272582,0.18081286167120775,0.13613185725291185,0.8111872465232385
157,vap_white,pre_24_dem_har,0.44605288301908874,0.014651100466064855,0.4197915893857772,0.477259037811896
157,vap_white,pre_24_rep_tru,0.5539471169809111,0.014651100466064855,0.5227409621881038,0.5802084106142227
157,vap_black,pre_24_dem_har,0.7508787671725725,0.11233003456321411,0.5046211500174849,0.9198034556300931
157,vap_black,pre_24_rep_tru,0.2491212328274275,0.11233003456321411,0.08019654436990672,0.49537884998251497
157,vap_hisp,pre_24_dem_har,0.6528341473866212,0.10410937546942924,0.4291599859004202,0.8296953004786919
157,vap_hisp,pre_24_rep_tru,0.3471658526133789,0.10410937546942924,0.17030469952130808,0.5708400140995797
157,vap_asian,pre_24_dem_har,0.8987399454214172,0.03617595079354221,0.8174967678232712,0.9565644659726932
157,vap_asian,pre_24_rep_tru,0.10126005457858284,0.03617595079354221,0.04343553402730695,0.18250323217672873
157,vap_aian,pre_24_dem_har,0.5107656211416791,0.16705182558284962,0.19539425936906235,0.8120609741783041
157,vap_aian,pre_24_rep_tru,0.4892343788583209,0.16705182558284962,0.1879390258216959,0.8046057406309376
157,vap_oth_b,pre_24_dem_har,0.6810063541593767,0.10249861458794597,0.46166104885581777,0.8602857725944899
157,vap_oth_b,pre_24_rep_tru,0.31899364584062323,0.10249861458794597,0.13971422740550993,0.538338951144182
159,vap_white,pre_24_dem_har,0.22559380811149787,0.007818996077548093,0.2103141870402728,0.24094384858336895
159,vap_white,pre_24_rep_tru,0.7744061918885022,0.007818996077548093,0.7590561514166311,0.7896858129597273
159,vap_black,pre_24_dem_har,0.5203212074473235,0.18003051208071785,0.17562459479119738,0.8675420033886831
159,vap_black,pre_24_rep_tru,0.47967879255267654,0.18003051208071785,0.1324579966113169,0.8243754052088027
159,vap_hisp,pre_24_dem_har,0.5043450159372217,0.1846065135575827,0.15483286399964538,0.8534318115390721
159,vap_hisp,pre_24_rep_tru,0.49565498406277825,0.1846065135575827,0.1465681884609277,0.8451671360003544
159,vap_asian,pre_24_dem_har,0.4877228800167797,0.18250505237621262,0.13367827283011144,0.8298791366199206
159,vap_asian,pre_24_rep_tru,0.5122771199832202,0.18250505237621262,0.17012086338007917,0.8663217271698885
159,vap_aian,pre_24_dem_har,0.5038777474553616,0.1799910200635005,0.15688888689199773,0.8387264643840963
159,vap_aian,pre_24_rep_tru,0.4961222525446385,0.1799910200635005,0.161273535615904,0.8431111131080024
159,vap_oth_b,pre_24_dem_har,0.5059452149136904,0.1721406858836873,0.1762904938576977,0.8258610665502548
159,vap_oth_b,pre_24_rep_tru,0.49405478508630957,0.1721406858836873,0.1741389334497451,0.8237095061423023
161,vap_white,pre_24_dem_har,0.2135888291432255,0.009024962526334373,0.1959361614193554,0.231443524497052
161,vap_white,pre_24_rep_tru,0.7864111708567745,0.009024962526334371,0.768556475502948,0.8040638385806446
161,vap_black,pre_24_dem_har,0.5047639484096391,0.21008964887756712,0.10710682834555532,0.8871435425375679
161,vap_black,pre_24_rep_tru,0.495236051590361,0.21008964887756712,0.11285645746243218,0.8928931716544446
161,vap_hisp,pre_24_dem_har,0.4883701583247321,0.18076364233149447,0.13602733702287545,0.823264910769807
161,vap_hisp,pre_24_rep_tru,0.5116298416752679,0.18076364233149447,0.17673508923019285,0.8639726629771245
161,vap_asian,pre_24_dem_har,0.498249273347261,0.20206030540756867,0.12287374376095787,0.872680233104241
161,vap_asian,pre_24_rep_tru,0.501750726652739,0.20206030540756867,0.12731976689575888,0.8771262562390422
161,vap_aian,pre_24_dem_har,0.506960099700939,0.2140693544092306,0.11607895544030637,0.9061164603712244
161,vap_aian,pre_24_rep_tru,0.49303990029906103,0.2140693544092306,0.09388353962877549,0.8839210445596936
161,vap_oth_b,pre_24_dem_har,0.4959935499606163,0.17950009380862103,0.1534375954504108,0.8329645851146342
161,vap_oth_b,pre_24_rep_tru,0.5040064500393837,0.17950009380862103,0.1670354148853655,0.846562404549589
163,vap_white,pre_24_dem_har,0.3819256264997007,0.007362923461573251,0.3688529499203221,0.3972925031816579
163,vap_white,pre_24_rep_tru,0.6180743735002993,0.007362923461573252,0.602707496818342,0.6311470500796779
163,vap_black,pre_24_dem_har,0.9421449307030495,0.019346953772518174,0.8950839039853239,0.9717870405811656
163,vap_black,pre_24_rep_tru,0.057855069296950445,0.019346953772518174,0.028212959418834407,0.10491609601467605
163,vap_hisp,pre_24_dem_har,0.7499250378045483,0.1130683850074843,0.4775786180099431,0.9043285913013661
163,vap_hisp,pre_24_rep_tru,0.2500749621954516,0.1130683850074843,0.0956714086986337,0.5224213819900568
163,vap_asian,pre_24_dem_har,0.57494000362752,0.16947723185905114,0.24197718565901885,0.8619128276984338
163,vap_asian,pre_24_rep_tru,0.42505999637248004,0.16947723185905114,0.13808717230156617,0.7580228143409812
163,vap_aian,pre_24_dem_har,0.5247266470530874,0.16954447535574935,0.19115630240893022,0.8087154260716461
163,vap_aian,pre_24_rep_tru,0.4752733529469126,0.16954447535574935,0.19128457392835377,0.8088436975910698
163,vap_oth_b,pre_24_dem_har,0.763542592085308,0.0873726825375589,0.5528074247141982,0.8962485055570009
163,vap_oth_b,pre_24_rep_tru,0.23645740791469214,0.0873726825375589,0.10375149444299918,0.4471925752858017
165,vap_white,pre_24_dem_har,0.2599056996466421,0.007676560576779457,0.24522916783731544,0.27513438500966025
165,vap_white,pre_24_rep_tru,0.740094300353358,0.007676560576779457,0.7248656149903399,0.7547708321626846
165,vap_black,pre_24_dem_har,0.48893485182981633,0.177971983797123,0.16949284531138914,0.8402884294346816
165,vap_black,pre_24_rep_tru,0.5110651481701837,0.177971983797123,0.15971157056531832,0.8305071546886108
165,vap_hisp,pre_24_dem_har,0.49640784048931513,0.17445468123377122,0.16722783534848962,0.8305517298391247
165,vap_hisp,pre_24_rep_tru,0.5035921595106848,0.17445468123377125,0.16944827016087535,0.8327721646515103
165,vap_asian,pre_24_dem_har,0.5148367308883663,0.1728279590335305,0.181873085953266,0.8381134717341279
165,vap_asian,pre_24_rep_tru,0.4851632691116337,0.1728279590335305,0.16188652826587221,0.818126914046734
165,vap_aian,pre_24_dem_har,0.49787055401854796,0.19489445624518503,0.1359657951546233,0.8625309541473194
165,vap_aian,pre_24_rep_tru,0.5021294459814519,0.19489445624518503,0.1374690458526805,0.8640342048453766
165,vap_oth_b,pre_24_dem_har,0.5229072661760295,0.166762982828509,0.1985458383057446,0.8330942750906998
165,vap_oth_b,pre_24_rep_tru,0.47709273382397055,0.166762982828509,0.16690572490930017,0.8014541616942553
167,vap_white,pre_24_dem_har,0.39403726584987836,0.009677577998773071,0.37632156181546433,0.4127112467106315
167,vap_white,pre_24_rep_tru,0.6059627341501216,0.009677577998773071,0.5872887532893685,0.6236784381845356
167,vap_black,pre_24_dem_har,0.8087439501202537,0.06660505314409647,0.6588590725717002,0.9162681935260655
167,vap_black,pre_24_rep_tru,0.19125604987974634,0.06660505314409647,0.08373180647393465,0.34114092742829966
167,vap_hisp,pre_24_dem_har,0.5907070571041668,0.15351879661199674,0.2635463012684874,0.8500982899113264
167,vap_hisp,pre_24_rep_tru,0.40929294289583307,0.15351879661199674,0.1499017100886736,0.7364536987315127
167,vap_asian,pre_24_dem_har,0.5515785812097129,0.15447890333620873,0.23276288546375065,0.8099057545288233
167,vap_asian,pre_24_rep_tru,0.44842141879028713,0.15447890333620873,0.1900942454711767,0.7672371145362493
167,vap_aian,pre_24_dem_har,0.3861848591058054,0.22220061822320694,0.07151867072595733,0.7803111725420786
167,vap_aian,pre_24_rep_tru,0.6138151408941945,0.22220061822320694,0.21968882745792104,0.9284813292740427
167,vap_oth_b,pre_24_dem_har,0.6242624586375815,0.14008391480995744,0.3155573344533352,0.8594416043842529
167,vap_oth_b,pre_24_rep_tru,0.3757375413624186,0.14008391480995744,0.14055839561574726,0.6844426655466647
169,vap_white,pre_24_dem_har,0.22773085832058476,0.0072622808720571135,0.2134594257141141,0.24191723845846833
169,vap_white,pre_24_rep_tru,0.7722691416794153,0.0072622808720571135,0.7580827615415316,0.786540574285886
169,vap_black,pre_24_dem_har,0.5063530561103419,0.18118562069336747,0.1720308234861777,0.8498303473517111
169,vap_black,pre_24_rep_tru,0.4936469438896582,0.18118562069336747,0.1501696526482888,0.8279691765138223
169,vap_hisp,pre_24_dem_har,0.5357902843883443,0.1727439356394347,0.1891396779781844,0.8523742575314137
169,vap_hisp,pre_24_rep_tru,0.46420971561165575,0.1727439356394347,0.14762574246858626,0.8108603220218156
169,vap_asian,pre_24_dem_har,0.5158413331339068,0.16695326735789,0.197735763027661,0.8230265885813032
169,vap_asian,pre_24_rep_tru,0.48415866686609316,0.16695326735789,0.17697341141869682,0.802264236972339
169,vap_aian,pre_24_dem_har,0.5000568598460114,0.18169717608493316,0.1628678957127572,0.8441396674677548
169,vap_aian,pre_24_rep_tru,0.49994314015398855,0.18169717608493316,0.1558603325322452,0.8371321042872428
169,vap_oth_b,pre_24_dem_har,0.5457448549645179,0.16013625086308186,0.21127766069105017,0.830927812190525
169,vap_oth_b,pre_24_rep_tru,0.45425514503548214,0.16013625086308186,0.16907218780947486,0.7887223393089499
171,vap_white,pre_24_dem_har,0.19310170326663317,0.00996821550784418,0.17422815502186592,0.21271003037805747
171,vap_white,pre_24_rep_tru,0.8068982967333668,0.00996821550784418,0.7872899696219425,0.825771844978134
171,vap_black,pre_24_dem_har,0.49619212950596636,0.20689261775698176,0.1059762426779356,0.8790781271372513
171,vap_black,pre_24_rep_tru,0.5038078704940336,0.20689261775698176,0.12092187286274864,0.8940237573220642
171,vap_hisp,pre_24_dem_har,0.5140261694641604,0.19188029549616414,0.13606404757423998,0.8587205077023164
171,vap_hisp,pre_24_rep_tru,0.4859738305358397,0.19188029549616414,0.14127949229768355,0.8639359524257599
171,vap_asian,pre_24_dem_har,0.4839054305029041,0.19571669887926144,0.1023157539465456,0.850540043361396
171,vap_asian,pre_24_rep_tru,0.5160945694970959,0.19571669887926144,0.14945995663860384,0.8976842460534543
171,vap_aian,pre_24_dem_har,0.4891142891720676,0.20035247437407008,0.11699190429520957,0.8748187766043931
171,vap_aian,pre_24_rep_tru,0.5108857108279322,0.20035247437407008,0.1251812233956068,0.8830080957047903
171,vap_oth_b,pre_24_dem_har,0.5069363535286661,0.1735673943065636,0.17842186699125737,0.8379075427766458
171,vap_oth_b,pre_24_rep_tru,0.493063646471334,0.1735673943065636,0.1620924572233542,0.8215781330087427
173,vap_white,pre_24_dem_har,0.3213785891054502,0.007295935523885762,0.30703714133539994,0.33566276799567013
173,vap_white,pre_24_rep_tru,0.6786214108945497,0.007295935523885762,0.6643372320043297,0.6929628586646
173,vap_black,pre_24_dem_har,0.5851997307553306,0.15234617191713098,0.27129665886160453,0.8547127357912222
173,vap_black,pre_24_rep_tru,0.4148002692446694,0.15234617191713098,0.1452872642087779,0.7287033411383955
173,vap_hisp,pre_24_dem_har,0.5180047879620434,0.17014323745886592,0.16578245637798883,0.8173425494579394
173,vap_hisp,pre_24_rep_tru,0.48199521203795664,0.17014323745886592,0.18265745054206042,0.8342175436220112
173,vap_asian,pre_24_dem_har,0.5843447419610711,0.15649778102836567,0.2645101229237377,0.8590836494333037
173,vap_asian,pre_24_rep_tru,0.41565525803892883,0.15649778102836567,0.14091635056669613,0.7354898770762622
173,vap_aian,pre_24_dem_har,0.49216039133088096,0.16474189302366135,0.17853587643005156,0.803409171850942
173,vap_aian,pre_24_rep_tru,0.507839608669119,0.16474189302366135,0.19659082814905804,0.8214641235699485
173,vap_oth_b,pre_24_dem_har,0.5358940992956168,0.15743335643189624,0.22433498471921473,0.823462558636647
173,vap_oth_b,pre_24_rep_tru,0.46410590070438323,0.15743335643189624,0.176537441363353,0.7756650152807852
175,vap_white,pre_24_dem_har,0.20671593143060357,0.006697000723622479,0.193744641767199,0.2198642738531516
175,vap_white,pre_24_rep_tru,0.7932840685693964,0.006697000723622479,0.7801357261468483,0.806255358232801
175,vap_black,pre_24_dem_har,0.5026530571495877,0.1729973473758764,0.1712939562908986,0.8263452611925616
175,vap_black,pre_24_rep_tru,0.4973469428504123,0.1729973473758764,0.17365473880743842,0.8287060437091014
175,vap_hisp,pre_24_dem_har,0.4985568793147189,0.16649288229664994,0.18345730941903324,0.8198829003250866
175,vap_hisp,pre_24_rep_tru,0.5014431206852811,0.16649288229664994,0.18011709967491343,0.8165426905809668
175,vap_asian,pre_24_dem_har,0.4988594803828884,0.1747064190487253,0.17173345705514267,0.8303129257380639
175,vap_asian,pre_24_rep_tru,0.5011405196171116,0.1747064190487253,0.16968707426193588,0.8282665429448571
175,vap_aian,pre_24_dem_har,0.497819289086714,0.16736640110721004,0.18206000301811748,0.8178552712963114
175,vap_aian,pre_24_rep_tru,0.502180710913286,0.16736640110721004,0.1821447287036887,0.8179399969818826
175,vap_oth_b,pre_24_dem_har,0.5220051573848117,0.17618308918618805,0.18778922841953305,0.8376950730591337
175,vap_oth_b,pre_24_rep_tru,0.4779948426151884,0.17618308918618805,0.16230492694086635,0.8122107715804671
177,vap_white,pre_24_dem_har,0.3040521291882374,0.010284770662486342,0.2857602008345721,0.3269875691893826
177,vap_white,pre_24_rep_tru,0.6959478708117627,0.010284770662486342,0.6730124308106175,0.714239799165428
177,vap_black,pre_24_dem_har,0.8075482544732371,0.09129731111328783,0.5906492488249172,0.9385284965195262
177,vap_black,pre_24_rep_tru,0.1924517455267629,0.09129731111328783,0.061471503480473685,0.4093507511750828
177,vap_hisp,pre_24_dem_har,0.6671346787570531,0.1350061240713314,0.36895672243870775,0.8846406806289813
177,vap_hisp,pre_24_rep_tru,0.3328653212429469,0.1350061240713314,0.1153593193710185,0.6310432775612919
177,vap_asian,pre_24_dem_har,0.6280561708421348,0.16063263884208995,0.2950826264818404,0.9004676801901057
177,vap_asian,pre_24_rep_tru,0.37194382915786517,0.16063263884208995,0.09953231980989438,0.7049173735181596
177,vap_aian,pre_24_dem_har,0.505111526356693,0.17364740965404252,0.1800610440548901,0.8247499900676599
177,vap_aian,pre_24_rep_tru,0.494888473643307,0.17364740965404252,0.17525000993234013,0.81993895594511
177,vap_oth_b,pre_24_dem_har,0.5756515926883653,0.16316142052663912,0.16666346696612316,0.8377785809796044
177,vap_oth_b,pre_24_rep_tru,0.42434840731163476,0.16316142052663912,0.16222141902039552,0.8333365330338769
179,vap_white,pre_24_dem_har,0.18169552391416466,0.007730511741807124,0.16674827854278756,0.19657668194276437
179,vap_white,pre_24_rep_tru,0.8183044760858353,0.007730511741807124,0.8034233180572357,0.8332517214572126
179,vap_black,pre_24_dem_har,0.5054305216785607,0.18522810960065056,0.15643672536648923,0.8634785551010694
179,vap_black,pre_24_rep_tru,0.4945694783214394,0.18522810960065056,0.13652144489893062,0.843563274633511
179,vap_hisp,pre_24_dem_har,0.5657117517619994,0.16095545533048006,0.2417581505589236,0.8565674953198977
179,vap_hisp,pre_24_rep_tru,0.43428824823800055,0.16095545533048006,0.14343250468010232,0.7582418494410762
179,vap_asian,pre_24_dem_har,0.5073527266972078,0.17509124071405294,0.18276964090855374,0.8376179585714136
179,vap_asian,pre_24_rep_tru,0.4926472733027922,0.17509124071405294,0.16238204142858645,0.8172303590914463
179,vap_aian,pre_24_dem_har,0.5009255699211532,0.17435142186618385,0.17347317292290435,0.8354274729899887
179,vap_aian,pre_24_rep_tru,0.49907443007884666,0.17435142186618385,0.16457252701001115,0.8265268270770956
179,vap_oth_b,pre_24_dem_har,0.5313753775909359,0.1707758275575918,0.20472985439569352,0.8574649403180121
179,vap_oth_b,pre_24_rep_tru,0.4686246224090641,0.1707758275575918,0.1425350596819878,0.7952701456043064
181,vap_white,pre_24_dem_har,0.23632996102119402,0.012549074082566114,0.2124841827171267,0.2620915834792237
181,vap_white,pre_24_rep_tru,0.7636700389788059,0.012549074082566114,0.7379084165207762,0.7875158172828732
181,vap_black,pre_24_dem_har,0.4965443394885926,0.1709147523839355,0.17773214453767355,0.8191979292046458
181,vap_black,pre_24_rep_tru,0.5034556605114074,0.1709147523839355,0.1808020707953541,0.8222678554623264
181,vap_hisp,pre_24_dem_har,0.49035415704474056,0.17097990851549685,0.10157324296027109,0.7847589064684155
181,vap_hisp,pre_24_rep_tru,0.5096458429552595,0.17097990851549685,0.21524109353158452,0.8984267570397286
181,vap_asian,pre_24_dem_har,0.5169203608684255,0.17660590308272453,0.17488614986162088,0.8416533610166709
181,vap_asian,pre_24_rep_tru,0.4830796391315745,0.17660590308272453,0.15834663898332918,0.8251138501383792
181,vap_aian,pre_24_dem_har,0.49870460537774997,0.18443892644002968,0.1510737948870126,0.8498956640186565
181,vap_aian,pre_24_rep_tru,0.50129539462225,0.18443892644002968,0.15010433598134357,0.8489262051129874
181,vap_oth_b,pre_24_dem_har,0.5273466290721501,0.16868402277640054,0.20228087382857132,0.8474031694843223
181,vap_oth_b,pre_24_rep_tru,0.47265337092784987,0.16868402277640054,0.15259683051567763,0.7977191261714286
183,vap_white,pre_24_dem_har,0.2269414128424361,0.0071905152784870205,0.21265645678589423,0.2409499427403247
183,vap_white,pre_24_rep_tru,0.7730585871575638,0.007190515278487021,0.7590500572596752,0.7873435432141056
183,vap_black,pre_24_dem_har,0.45972941802391376,0.20101709410084112,0.08259267070864351,0.8317657247383088
183,vap_black,pre_24_rep_tru,0.5402705819760864,0.20101709410084112,0.16823427526169119,0.9174073292913566
183,vap_hisp,pre_24_dem_har,0.5332309901107704,0.17155330154681128,0.1968260322912963,0.8384842920117465
183,vap_hisp,pre_24_rep_tru,0.46676900988922965,0.17155330154681128,0.16151570798825354,0.8031739677087038
183,vap_asian,pre_24_dem_har,0.5048083590044807,0.17946043600893744,0.1646756714593947,0.836329242937473
183,vap_asian,pre_24_rep_tru,0.49519164099551927,0.17946043600893744,0.16367075706252682,0.835324328540605
183,vap_aian,pre_24_dem_har,0.5103792424498012,0.16727189516619598,0.18447290630991697,0.8197895571445928
183,vap_aian,pre_24_rep_tru,0.4896207575501989,0.16727189516619598,0.18021044285540708,0.815527093690083
183,vap_oth_b,pre_24_dem_har,0.5705214883222338,0.17826912061387304,0.24009039967959736,0.9197531759184975
183,vap_oth_b,pre_24_rep_tru,0.4294785116777662,0.17826912061387304,0.08024682408150251,0.7599096003204024
