county,race,cand,mean,sd,ci_95_lower,ci_95_upper
001,vap_white,pre_24_dem_har,0.31690379941073843,0.010206935657350697,0.29770376994477166,0.33698070908744543
001,vap_white,pre_24_rep_tru,0.6830962005892616,0.010206935657350697,0.6630192909125545,0.7022962300552282
001,vap_black,pre_24_dem_har,0.46963225225501104,0.1834500187597353,0.1356376373334599,0.8346578063339846
001,vap_black,pre_24_rep_tru,0.530367747744989,0.1834500187597353,0.16534219366601507,0.86436236266654
001,vap_hisp,pre_24_dem_har,0.5484624886417059,0.19431746222441584,0.18869001675784708,0.9207288063917992
001,vap_hisp,pre_24_rep_tru,0.4515375113582941,0.19431746222441584,0.07927119360820062,0.8113099832421529
001,vap_asian,pre_24_dem_har,0.5040529927228468,0.18406391705517663,0.15746524821216018,0.8404164927979567
001,vap_asian,pre_24_rep_tru,0.4959470072771532,0.18406391705517663,0.15958350720204317,0.8425347517878397
001,vap_aian,pre_24_dem_har,0.6294433785429842,0.13433599582866113,0.35405333967774294,0.8699702061617188
001,vap_aian,pre_24_rep_tru,0.3705566214570158,0.13433599582866113,0.13002979383828106,0.6459466603222568
001,vap_oth_b,pre_24_dem_har,0.5183646065707912,0.16681921295387236,0.20275368568480234,0.8226285028837729
001,vap_oth_b,pre_24_rep_tru,0.4816353934292088,0.16681921295387236,0.1773714971162269,0.7972463143151975
003,vap_white,pre_24_dem_har,0.41886424747441425,0.010322075460640592,0.40103692282830855,0.44093858235318695
003,vap_white,pre_24_rep_tru,0.5811357525255857,0.010322075460640592,0.5590614176468129,0.5989630771716914
003,vap_black,pre_24_dem_har,0.8995416355577804,0.03620255362777502,0.8080831098481059,0.9519193931315935
003,vap_black,pre_24_rep_tru,0.10045836444221957,0.03620255362777502,0.04808060686840657,0.19191689015189412
003,vap_hisp,pre_24_dem_har,0.802748547251696,0.0752830646854015,0.5976989398389173,0.9114944374385168
003,vap_hisp,pre_24_rep_tru,0.1972514527483039,0.0752830646854015,0.08850556256148318,0.4023010601610826
003,vap_asian,pre_24_dem_har,0.8008090470423601,0.07844884416977045,0.6280609707361278,0.9203031765269434
003,vap_asian,pre_24_rep_tru,0.1991909529576398,0.07844884416977045,0.07969682347305648,0.3719390292638721
003,vap_aian,pre_24_dem_har,0.5574935821073371,0.16302418543672034,0.25054944900022097,0.8534751865329159
003,vap_aian,pre_24_rep_tru,0.4425064178926629,0.16302418543672034,0.1465248134670841,0.7494505509997789
003,vap_oth_b,pre_24_dem_har,0.5932507987119944,0.17424226867708068,0.22916173545830767,0.8473133950999785
003,vap_oth_b,pre_24_rep_tru,0.4067492012880055,0.17424226867708068,0.15268660490002156,0.7708382645416921
005,vap_white,pre_24_dem_har,0.2673953246530361,0.011959223198396195,0.2456080507842376,0.2935995507311023
005,vap_white,pre_24_rep_tru,0.7326046753469638,0.011959223198396195,0.7064004492688977,0.7543919492157624
005,vap_black,pre_24_dem_har,0.5073568903924829,0.17512432963685187,0.18647952040302374,0.8460093925025723
005,vap_black,pre_24_rep_tru,0.49264310960751717,0.17512432963685187,0.15399060749742757,0.8135204795969763
005,vap_hisp,pre_24_dem_har,0.5256612965668328,0.16858837625905057,0.20804360267674898,0.8516794765600498
005,vap_hisp,pre_24_rep_tru,0.47433870343316725,0.16858837625905057,0.14832052343995003,0.7919563973232508
005,vap_asian,pre_24_dem_har,0.489859468954772,0.1768060830481983,0.16765713441771124,0.8557653066840664
005,vap_asian,pre_24_rep_tru,0.510140531045228,0.1768060830481983,0.14423469331593342,0.8323428655822888
005,vap_aian,pre_24_dem_har,0.6416648442535208,0.06811158568111275,0.504756742950995,0.7690556145804086
005,vap_aian,pre_24_rep_tru,0.35833515574647923,0.06811158568111275,0.23094438541959142,0.495243257049005
005,vap_oth_b,pre_24_dem_har,0.5881465614587246,0.16104701811998604,0.238554386731174,0.8584438516720523
005,vap_oth_b,pre_24_rep_tru,0.41185343854127543,0.16104701811998604,0.14155614832794775,0.7614456132688256
007,vap_white,pre_24_dem_har,0.29462061699150277,0.0128932362003219,0.2689906295862329,0.31960424159937817
007,vap_white,pre_24_rep_tru,0.7053793830084972,0.0128932362003219,0.6803957584006218,0.7310093704137671
007,vap_black,pre_24_dem_har,0.5485005317874104,0.1782759157644215,0.18887219412835857,0.8595820309357655
007,vap_black,pre_24_rep_tru,0.45149946821258957,0.1782759157644215,0.1404179690642345,0.8111278058716412
007,vap_hisp,pre_24_dem_har,0.5427015935912274,0.16507688569779505,0.2009513811174741,0.8314564886916349
007,vap_hisp,pre_24_rep_tru,0.4572984064087727,0.16507688569779505,0.16854351130836506,0.7990486188825257
007,vap_asian,pre_24_dem_har,0.4944073879051061,0.16726530727236333,0.16741119796140205,0.8071744216742084
007,vap_asian,pre_24_rep_tru,0.5055926120948939,0.16726530727236333,0.19282557832579145,0.8325888020385979
007,vap_aian,pre_24_dem_har,0.9019818419887735,0.023711038499886587,0.848677844501845,0.9411528425281043
007,vap_aian,pre_24_rep_tru,0.09801815801122644,0.023711038499886587,0.05884715747189574,0.15132215549815495
007,vap_oth_b,pre_24_dem_har,0.5564785503139339,0.17116216217334115,0.24462475452117713,0.9009141477037647
007,vap_oth_b,pre_24_rep_tru,0.4435214496860661,0.17116216217334115,0.0990858522962352,0.7553752454788228
009,vap_white,pre_24_dem_har,0.2552007460037475,0.00965411443197077,0.2369661881471614,0.2748601850166452
009,vap_white,pre_24_rep_tru,0.7447992539962526,0.00965411443197077,0.7251398149833549,0.7630338118528386
009,vap_black,pre_24_dem_har,0.6854111336399902,0.15957366817711421,0.32107288154613367,0.9300165046930684
009,vap_black,pre_24_rep_tru,0.31458886636000977,0.15957366817711421,0.06998349530693149,0.6789271184538662
009,vap_hisp,pre_24_dem_har,0.5501287412334582,0.16702324465080573,0.23108755241779766,0.8552933136739369
009,vap_hisp,pre_24_rep_tru,0.44987125876654177,0.16702324465080573,0.14470668632606307,0.7689124475822022
009,vap_asian,pre_24_dem_har,0.5281103289073894,0.17803493269301462,0.17122018832436797,0.8465826822749337
009,vap_asian,pre_24_rep_tru,0.47188967109261065,0.17803493269301462,0.15341731772506625,0.828779811675632
009,vap_aian,pre_24_dem_har,0.49710671535053397,0.17792419534500256,0.14760474133298643,0.829505585511309
009,vap_aian,pre_24_rep_tru,0.502893284649466,0.17792419534500256,0.17049441448869096,0.8523952586670136
009,vap_oth_b,pre_24_dem_har,0.5512245092613982,0.16260813390729825,0.2129565727108336,0.8446478495102058
009,vap_oth_b,pre_24_rep_tru,0.4487754907386017,0.16260813390729825,0.15535215048979403,0.7870434272891661
011,vap_white,pre_24_dem_har,0.32897385433937726,0.014206118024568953,0.30124360394317723,0.3575042819534604
011,vap_white,pre_24_rep_tru,0.6710261456606228,0.014206118024568953,0.6424957180465397,0.6987563960568227
011,vap_black,pre_24_dem_har,0.49449145517817933,0.23549908459504817,0.08177230379483011,0.9098653487295799
011,vap_black,pre_24_rep_tru,0.5055085448218207,0.23549908459504817,0.09013465127042011,0.91822769620517
011,vap_hisp,pre_24_dem_har,0.47386582362922275,0.17328900953114448,0.14790711687349775,0.8089892147136946
011,vap_hisp,pre_24_rep_tru,0.5261341763707772,0.17328900953114448,0.1910107852863051,0.8520928831265021
011,vap_asian,pre_24_dem_har,0.5050826579974004,0.18967478518202646,0.14520651774124113,0.8672356677456278
011,vap_asian,pre_24_rep_tru,0.4949173420025997,0.18967478518202646,0.13276433225437193,0.8547934822587586
011,vap_aian,pre_24_dem_har,0.49503686612209424,0.18903603417503728,0.1486674032145683,0.856455306106854
011,vap_aian,pre_24_rep_tru,0.5049631338779058,0.18903603417503728,0.1435446938931461,0.8513325967854316
011,vap_oth_b,pre_24_dem_har,0.533640039979613,0.167741707819807,0.19406547508320096,0.8357441508032886
011,vap_oth_b,pre_24_rep_tru,0.4663599600203871,0.167741707819807,0.16425584919671127,0.8059345249167988
013,vap_white,pre_24_dem_har,0.4116682603691814,0.00913727019865541,0.3943870245008939,0.4303167314970547
013,vap_white,pre_24_rep_tru,0.5883317396308185,0.00913727019865541,0.5696832685029453,0.6056129754991061
013,vap_black,pre_24_dem_har,0.683331888355541,0.1404778057502177,0.36589528010090855,0.898955868022723
013,vap_black,pre_24_rep_tru,0.316668111644459,0.1404778057502177,0.10104413197727684,0.6341047198990916
013,vap_hisp,pre_24_dem_har,0.6055894660900477,0.15704921249548653,0.2635002549327422,0.8727694813041399
013,vap_hisp,pre_24_rep_tru,0.3944105339099523,0.15704921249548653,0.12723051869586016,0.7364997450672576
013,vap_asian,pre_24_dem_har,0.6385424000987633,0.14635293711298702,0.3163071548673763,0.8678784407449549
013,vap_asian,pre_24_rep_tru,0.3614575999012368,0.14635293711298702,0.13212155925504512,0.6836928451326236
013,vap_aian,pre_24_dem_har,0.5051912733753843,0.1627315211685776,0.19764292666574668,0.8149623607547847
013,vap_aian,pre_24_rep_tru,0.49480872662461567,0.1627315211685776,0.1850376392452154,0.8023570733342534
013,vap_oth_b,pre_24_dem_har,0.5461667988529878,0.1703389811471643,0.20693467386950432,0.8534436952300556
013,vap_oth_b,pre_24_rep_tru,0.45383320114701214,0.1703389811471643,0.14655630476994433,0.7930653261304956
015,vap_white,pre_24_dem_har,0.257176524967315,0.008912961577485798,0.24019759097531257,0.2748659552784507
015,vap_white,pre_24_rep_tru,0.7428234750326851,0.008912961577485798,0.7251340447215493,0.7598024090246874
015,vap_black,pre_24_dem_har,0.48899153574731374,0.16857727613777498,0.17607096676793188,0.8072962407781458
015,vap_black,pre_24_rep_tru,0.5110084642526862,0.16857727613777498,0.19270375922185415,0.8239290332320681
015,vap_hisp,pre_24_dem_har,0.49361643779747594,0.21102424995510857,0.07602738333025875,0.8342397422662581
015,vap_hisp,pre_24_rep_tru,0.5063835622025241,0.21102424995510857,0.16576025773374187,0.9239726166697412
015,vap_asian,pre_24_dem_har,0.5133355365844757,0.17089133136409224,0.19215077161994348,0.8315390854316047
015,vap_asian,pre_24_rep_tru,0.4866644634155243,0.17089133136409224,0.16846091456839513,0.8078492283800565
015,vap_aian,pre_24_dem_har,0.47802382815969213,0.1904937380273916,0.12785747877819545,0.8287226833955074
015,vap_aian,pre_24_rep_tru,0.5219761718403079,0.1904937380273916,0.17127731660449258,0.8721425212218044
015,vap_oth_b,pre_24_dem_har,0.5536391719882667,0.1660256444788923,0.2320805244195458,0.8557482320692267
015,vap_oth_b,pre_24_rep_tru,0.4463608280117332,0.1660256444788923,0.1442517679307733,0.767919475580454
017,vap_white,pre_24_dem_har,0.43162061911112803,0.010343141670658994,0.41169919046018344,0.45260153199777187
017,vap_white,pre_24_rep_tru,0.568379380888872,0.010343141670658994,0.547398468002228,0.5883008095398164
017,vap_black,pre_24_dem_har,0.5138074497202961,0.20441131298653312,0.13934909634603018,0.9008586450290639
017,vap_black,pre_24_rep_tru,0.4861925502797038,0.20441131298653312,0.09914135497093589,0.8606509036539697
017,vap_hisp,pre_24_dem_har,0.499547429590085,0.16873291154954587,0.18261369205297415,0.8127200313099285
017,vap_hisp,pre_24_rep_tru,0.5004525704099149,0.16873291154954587,0.18727996869007146,0.8173863079470258
017,vap_asian,pre_24_dem_har,0.49314887473775376,0.16282287257039996,0.1944785455213498,0.8200525445822766
017,vap_asian,pre_24_rep_tru,0.5068511252622463,0.16282287257039996,0.17994745541772333,0.8055214544786504
017,vap_aian,pre_24_dem_har,0.8254457087283564,0.09550661081949784,0.6011226178462451,0.9632867824095949
017,vap_aian,pre_24_rep_tru,0.1745542912716435,0.09550661081949784,0.036713217590405,0.3988773821537549
017,vap_oth_b,pre_24_dem_har,0.506295178796389,0.16193859032522398,0.20681364847732944,0.8087501846161138
017,vap_oth_b,pre_24_rep_tru,0.49370482120361114,0.16193859032522398,0.19124981538388616,0.7931863515226706
019,vap_white,pre_24_dem_har,0.39153811738840777,0.009327389910222899,0.37306061689140957,0.40965523195743714
019,vap_white,pre_24_rep_tru,0.6084618826115922,0.009327389910222899,0.5903447680425629,0.6269393831085903
019,vap_black,pre_24_dem_har,0.5205431922880401,0.16947493736715732,0.18234462039474433,0.8140136311441812
019,vap_black,pre_24_rep_tru,0.47945680771195986,0.16947493736715732,0.18598636885581865,0.8176553796052554
019,vap_hisp,pre_24_dem_har,0.5488639343980108,0.15593923818556343,0.24658214953988403,0.8317160419397066
019,vap_hisp,pre_24_rep_tru,0.45113606560198916,0.15593923818556343,0.16828395806029336,0.7534178504601159
019,vap_asian,pre_24_dem_har,0.5983507990796662,0.16954100453842544,0.24319769863103044,0.8858808145749022
019,vap_asian,pre_24_rep_tru,0.4016492009203338,0.16954100453842544,0.11411918542509777,0.7568023013689693
019,vap_aian,pre_24_dem_har,0.5084397259146084,0.17517948505530792,0.17862067568322298,0.839541862213886
019,vap_aian,pre_24_rep_tru,0.49156027408539155,0.17517948505530792,0.16045813778611376,0.8213793243167768
019,vap_oth_b,pre_24_dem_har,0.5436216855763306,0.1844064141862128,0.1798915536078377,0.883500883638123
019,vap_oth_b,pre_24_rep_tru,0.45637831442366944,0.1844064141862128,0.11649911636187714,0.8201084463921622
021,vap_white,pre_24_dem_har,0.27481563133017617,0.008844712832932226,0.2579228932365218,0.29246489515619484
021,vap_white,pre_24_rep_tru,0.7251843686698238,0.008844712832932226,0.7075351048438051,0.7420771067634782
021,vap_black,pre_24_dem_har,0.4426242712322527,0.19797169755927144,0.06818700435839047,0.8053202492651724
021,vap_black,pre_24_rep_tru,0.5573757287677473,0.19797169755927144,0.1946797507348273,0.9318129956416096
021,vap_hisp,pre_24_dem_har,0.4930381611477297,0.16673541914270762,0.1673345641055811,0.8007792027983028
021,vap_hisp,pre_24_rep_tru,0.5069618388522703,0.16673541914270762,0.1992207972016972,0.8326654358944189
021,vap_asian,pre_24_dem_har,0.5192733436494672,0.17303034175308893,0.18514657780341479,0.8263048825829714
021,vap_asian,pre_24_rep_tru,0.48072665635053263,0.17303034175308893,0.17369511741702837,0.8148534221965852
021,vap_aian,pre_24_dem_har,0.7101509943325218,0.05120660331009945,0.6063740405860444,0.8042872195786133
021,vap_aian,pre_24_rep_tru,0.2898490056674782,0.05120660331009945,0.1957127804213869,0.3936259594139556
021,vap_oth_b,pre_24_dem_har,0.606504930508,0.14013972700676317,0.3146882468103286,0.8543088243857075
021,vap_oth_b,pre_24_rep_tru,0.39349506949199997,0.14013972700676317,0.14569117561429246,0.6853117531896714
023,vap_white,pre_24_dem_har,0.2580709688781112,0.012973073372104236,0.2334911702788093,0.28366144757920436
023,vap_white,pre_24_rep_tru,0.7419290311218887,0.012973073372104236,0.7163385524207956,0.7665088297211906
023,vap_black,pre_24_dem_har,0.4927007956219609,0.18304827346903968,0.1294008911793965,0.8222758984275608
023,vap_black,pre_24_rep_tru,0.5072992043780391,0.18304827346903968,0.17772410157243898,0.8705991088206034
023,vap_hisp,pre_24_dem_har,0.49355943228756505,0.1494295376766192,0.2063611377613693,0.7762610598909914
023,vap_hisp,pre_24_rep_tru,0.506440567712435,0.1494295376766192,0.22373894010900852,0.7936388622386307
023,vap_asian,pre_24_dem_har,0.495075011629003,0.1770737047556502,0.1644070779567749,0.8249232507668646
023,vap_asian,pre_24_rep_tru,0.5049249883709971,0.1770737047556502,0.17507674923313535,0.835592922043225
023,vap_aian,pre_24_dem_har,0.5326420319900182,0.20638310537356921,0.15227961950668878,0.9141887453858791
023,vap_aian,pre_24_rep_tru,0.46735796800998175,0.20638310537356921,0.08581125461412063,0.847720380493311
023,vap_oth_b,pre_24_dem_har,0.6400547668479625,0.1456155079279089,0.3326591161301433,0.891812745365648
023,vap_oth_b,pre_24_rep_tru,0.3599452331520375,0.1456155079279089,0.10818725463435182,0.6673408838698566
025,vap_white,pre_24_dem_har,0.3121986133726392,0.009383317891020738,0.2934962716104932,0.3299669206175733
025,vap_white,pre_24_rep_tru,0.6878013866273609,0.009383317891020738,0.6700330793824267,0.706503728389507
025,vap_black,pre_24_dem_har,0.5316716858706014,0.19940654518444437,0.13951768351613306,0.8798418820981796
025,vap_black,pre_24_rep_tru,0.4683283141293986,0.19940654518444437,0.12015811790182045,0.8604823164838669
025,vap_hisp,pre_24_dem_har,0.5013347717387869,0.16710276953851727,0.17751592528718974,0.8068488260073797
025,vap_hisp,pre_24_rep_tru,0.49866522826121307,0.16710276953851727,0.19315117399262022,0.82248407471281
025,vap_asian,pre_24_dem_har,0.5061720245721526,0.16772335224975235,0.19937672397578868,0.8284117459683864
025,vap_asian,pre_24_rep_tru,0.4938279754278473,0.16772335224975235,0.17158825403161343,0.8006232760242111
025,vap_aian,pre_24_dem_har,0.4845700826787723,0.20521520414445865,0.12245035345115049,0.8723645001965434
025,vap_aian,pre_24_rep_tru,0.5154299173212278,0.20521520414445865,0.12763549980345654,0.8775496465488495
025,vap_oth_b,pre_24_dem_har,0.5152891477469146,0.16819120865533663,0.20469361161223998,0.8288086386747832
025,vap_oth_b,pre_24_rep_tru,0.48471085225308547,0.16819120865533663,0.17119136132521687,0.79530638838776
027,vap_white,pre_24_dem_har,0.4163275342158091,0.007761871068581802,0.4010351835683872,0.43169814119402145
027,vap_white,pre_24_rep_tru,0.5836724657841909,0.007761871068581803,0.5683018588059786,0.5989648164316126
027,vap_black,pre_24_dem_har,0.5486758950666252,0.1559998141444306,0.2541112254760846,0.8466396330089679
027,vap_black,pre_24_rep_tru,0.4513241049333747,0.1559998141444306,0.1533603669910319,0.7458887745239154
027,vap_hisp,pre_24_dem_har,0.3870398535848224,0.1350165195916146,0.14844622703453833,0.6608484933415477
027,vap_hisp,pre_24_rep_tru,0.6129601464151777,0.1350165195916146,0.33915150665845234,0.8515537729654616
027,vap_asian,pre_24_dem_har,0.6244147083625773,0.12564938587516386,0.3532840915045582,0.8337884643485023
027,vap_asian,pre_24_rep_tru,0.3755852916374227,0.12564938587516386,0.1662115356514976,0.6467159084954416
027,vap_aian,pre_24_dem_har,0.46515900602164484,0.1376279517360959,0.20411315219873727,0.7352255175731568
027,vap_aian,pre_24_rep_tru,0.5348409939783552,0.1376279517360959,0.2647744824268431,0.7958868478012624
027,vap_oth_b,pre_24_dem_har,0.5426500561326513,0.1375118222934621,0.27302603096841876,0.7910290903247779
027,vap_oth_b,pre_24_rep_tru,0.4573499438673488,0.1375118222934621,0.20897090967522225,0.7269739690315811
029,vap_white,pre_24_dem_har,0.20626704030803233,0.013926070407526572,0.17975589562718536,0.23477312438959702
029,vap_white,pre_24_rep_tru,0.7937329596919677,0.013926070407526572,0.7652268756104029,0.8202441043728146
029,vap_black,pre_24_dem_har,0.49730639014393674,0.19991686124971986,0.11791795882144407,0.8622445111719513
029,vap_black,pre_24_rep_tru,0.5026936098560633,0.19991686124971986,0.13775548882804864,0.8820820411785557
029,vap_hisp,pre_24_dem_har,0.5021880056357888,0.17183383270063426,0.18451408678504835,0.8229339297495109
029,vap_hisp,pre_24_rep_tru,0.4978119943642112,0.17183383270063426,0.17706607025048898,0.8154859132149517
029,vap_asian,pre_24_dem_har,0.517714791981425,0.17967819143095304,0.16942936931208993,0.8496664936967697
029,vap_asian,pre_24_rep_tru,0.482285208018575,0.17967819143095304,0.1503335063032304,0.8305706306879098
029,vap_aian,pre_24_dem_har,0.7052548022782256,0.08231866627806292,0.5376065702875921,0.8589098853417526
029,vap_aian,pre_24_rep_tru,0.2947451977217743,0.08231866627806292,0.14109011465824725,0.46239342971240793
029,vap_oth_b,pre_24_dem_har,0.4504811343365127,0.16487994609980708,0.15553966407830766,0.7755095035565782
029,vap_oth_b,pre_24_rep_tru,0.5495188656634873,0.16487994609980708,0.22449049644342176,0.8444603359216923
031,vap_white,pre_24_dem_har,0.6841336615133902,0.013619354390291827,0.6570569498575108,0.7103299825704761
031,vap_white,pre_24_rep_tru,0.31586633848660983,0.013619354390291827,0.28967001742952386,0.3429430501424892
031,vap_black,pre_24_dem_har,0.47676206940106247,0.18185216364559445,0.13479345844992552,0.8171693690753438
031,vap_black,pre_24_rep_tru,0.5232379305989375,0.18185216364559445,0.18283063092465626,0.8652065415500745
031,vap_hisp,pre_24_dem_har,0.5062939970084339,0.1839161665607102,0.14677139188061308,0.8459868975912903
031,vap_hisp,pre_24_rep_tru,0.4937060029915661,0.1839161665607102,0.1540131024087096,0.8532286081193867
031,vap_asian,pre_24_dem_har,0.503262952931843,0.19516187564722848,0.13624499886864208,0.8672048915590279
031,vap_asian,pre_24_rep_tru,0.49673704706815697,0.19516187564722848,0.1327951084409719,0.8637550011313577
031,vap_aian,pre_24_dem_har,0.6930940821646829,0.09167088480889843,0.519416832524961,0.877938673522106
031,vap_aian,pre_24_rep_tru,0.3069059178353172,0.09167088480889843,0.12206132647789386,0.4805831674750391
031,vap_oth_b,pre_24_dem_har,0.49921254803358767,0.1843533935581726,0.15244889787991972,0.8502724125059986
031,vap_oth_b,pre_24_rep_tru,0.5007874519664123,0.1843533935581726,0.1497275874940013,0.84755110212008
033,vap_white,pre_24_dem_har,0.21800538505848538,0.011541479052840977,0.19581422540663243,0.24173554349121557
033,vap_white,pre_24_rep_tru,0.7819946149415146,0.011541479052840977,0.7582644565087844,0.8041857745933674
033,vap_black,pre_24_dem_har,0.5236682035709228,0.1935426135096087,0.14910293047255843,0.8758645037089191
033,vap_black,pre_24_rep_tru,0.47633179642907725,0.1935426135096087,0.1241354962910808,0.8508970695274417
033,vap_hisp,pre_24_dem_har,0.5561212395034831,0.16084129092271746,0.23413134616329762,0.8516877442246522
033,vap_hisp,pre_24_rep_tru,0.4438787604965168,0.16084129092271746,0.14831225577534773,0.7658686538367024
033,vap_asian,pre_24_dem_har,0.5093188163187082,0.1770918640280685,0.17008705754843134,0.8318149107184817
033,vap_asian,pre_24_rep_tru,0.4906811836812918,0.1770918640280685,0.16818508928151837,0.8299129424515687
033,vap_aian,pre_24_dem_har,0.48518098399505466,0.2177684905984219,0.07585041947763242,0.8720348121373717
033,vap_aian,pre_24_rep_tru,0.5148190160049453,0.2177684905984219,0.12796518786262828,0.9241495805223674
033,vap_oth_b,pre_24_dem_har,0.5198142317696463,0.17244418497278519,0.1691238484696367,0.8238404078743466
033,vap_oth_b,pre_24_rep_tru,0.48018576823035364,0.17244418497278519,0.17615959212565319,0.830876151530363
035,vap_white,pre_24_dem_har,0.3144866643183453,0.007355097150237125,0.300131216781653,0.32890210786517804
035,vap_white,pre_24_rep_tru,0.6855133356816547,0.007355097150237126,0.671097892134822,0.6998687832183471
035,vap_black,pre_24_dem_har,0.5575192764654648,0.16466801683085985,0.21126712344366944,0.844751228784543
035,vap_black,pre_24_rep_tru,0.4424807235345351,0.16466801683085985,0.1552487712154571,0.7887328765563304
035,vap_hisp,pre_24_dem_har,0.5246222266718991,0.16127445218441788,0.22731010517122477,0.8252363266907358
035,vap_hisp,pre_24_rep_tru,0.47537777332810094,0.16127445218441788,0.17476367330926415,0.772689894828775
035,vap_asian,pre_24_dem_har,0.5076852908880352,0.16693975289583912,0.1855097598758757,0.8228733252663156
035,vap_asian,pre_24_rep_tru,0.4923147091119649,0.16693975289583912,0.17712667473368435,0.8144902401241243
035,vap_aian,pre_24_dem_har,0.5615471909568179,0.1603989189428854,0.24853677623408907,0.8312597481317804
035,vap_aian,pre_24_rep_tru,0.4384528090431821,0.1603989189428854,0.16874025186821956,0.7514632237659109
035,vap_oth_b,pre_24_dem_har,0.5619100556957989,0.16822571864532443,0.24324537165282803,0.8791094763443364
035,vap_oth_b,pre_24_rep_tru,0.43808994430420123,0.16822571864532446,0.1208905236556636,0.7567546283471721
037,vap_white,pre_24_dem_har,0.49113772246792287,0.01181449316092756,0.47230787564439575,0.517027738761095
037,vap_white,pre_24_rep_tru,0.5088622775320771,0.01181449316092756,0.48297226123890485,0.5276921243556043
037,vap_black,pre_24_dem_har,0.8370515822217988,0.06098625757607593,0.694172356300561,0.927980754199247
037,vap_black,pre_24_rep_tru,0.1629484177782012,0.06098625757607593,0.07201924580075295,0.3058276436994388
037,vap_hisp,pre_24_dem_har,0.8516358996342198,0.06687462435557914,0.6783915793043563,0.9408207968324854
037,vap_hisp,pre_24_rep_tru,0.1483641003657802,0.06687462435557914,0.059179203167514585,0.3216084206956436
037,vap_asian,pre_24_dem_har,0.7739973941238648,0.09314538091101711,0.5527093610549044,0.904641023987562
037,vap_asian,pre_24_rep_tru,0.22600260587613513,0.09314538091101711,0.09535897601243798,0.4472906389450955
037,vap_aian,pre_24_dem_har,0.4858173761659168,0.14699234956993187,0.22051691731268713,0.7768164743038976
037,vap_aian,pre_24_rep_tru,0.5141826238340832,0.14699234956993187,0.2231835256961024,0.7794830826873129
037,vap_oth_b,pre_24_dem_har,0.575753737696342,0.15808433453388315,0.2643721590225263,0.8341345794057347
037,vap_oth_b,pre_24_rep_tru,0.42424626230365803,0.15808433453388315,0.16586542059426518,0.7356278409774735
039,vap_white,pre_24_dem_har,0.28420618151902083,0.01090015890425494,0.2636695452223375,0.30587081274157246
039,vap_white,pre_24_rep_tru,0.7157938184809792,0.01090015890425494,0.6941291872584275,0.7363304547776626
039,vap_black,pre_24_dem_har,0.5144189486261875,0.17262111878669914,0.1829496516495593,0.836748792630768
039,vap_black,pre_24_rep_tru,0.48558105137381247,0.17262111878669914,0.16325120736923188,0.8170503483504407
039,vap_hisp,pre_24_dem_har,0.6150567410549362,0.21734453169089898,0.22071492120919042,0.9741075708653197
039,vap_hisp,pre_24_rep_tru,0.3849432589450638,0.21734453169089898,0.025892429134680307,0.7792850787908093
039,vap_asian,pre_24_dem_har,0.49158851046072916,0.1738530222285529,0.17248963901625944,0.8262937473051658
039,vap_asian,pre_24_rep_tru,0.5084114895392708,0.1738530222285529,0.17370625269483428,0.8275103609837403
039,vap_aian,pre_24_dem_har,0.4849117401470989,0.1821837035397578,0.14286555619972893,0.8276621951688247
039,vap_aian,pre_24_rep_tru,0.515088259852901,0.1821837035397578,0.17233780483117514,0.8571344438002708
039,vap_oth_b,pre_24_dem_har,0.5228748799856499,0.16417142153533756,0.20889222443948294,0.8261553456875073
039,vap_oth_b,pre_24_rep_tru,0.47712512001435015,0.16417142153533756,0.17384465431249282,0.791107775560517
041,vap_white,pre_24_dem_har,0.28464725449145667,0.006000873100680384,0.2728996179054335,0.29638789527105847
041,vap_white,pre_24_rep_tru,0.7153527455085432,0.006000873100680384,0.7036121047289414,0.7271003820945665
041,vap_black,pre_24_dem_har,0.5415310379904054,0.19301427872027405,0.16508708235027172,0.8785779711802381
041,vap_black,pre_24_rep_tru,0.45846896200959464,0.19301427872027405,0.12142202881976175,0.8349129176497283
041,vap_hisp,pre_24_dem_har,0.4826846116858283,0.16015034190732694,0.187613140098975,0.7968257974167212
041,vap_hisp,pre_24_rep_tru,0.5173153883141717,0.16015034190732694,0.20317420258327876,0.812386859901025
041,vap_asian,pre_24_dem_har,0.4488060425855159,0.19453079352689345,0.08508763553645456,0.8115308446660734
041,vap_asian,pre_24_rep_tru,0.5511939574144842,0.19453079352689345,0.18846915533392625,0.9149123644635454
041,vap_aian,pre_24_dem_har,0.497316631640705,0.17151773848275884,0.17133869888285322,0.8214788308940022
041,vap_aian,pre_24_rep_tru,0.502683368359295,0.17151773848275884,0.17852116910599775,0.8286613011171466
041,vap_oth_b,pre_24_dem_har,0.47857856629948625,0.16611033708401549,0.15996188129901112,0.7932755124531287
041,vap_oth_b,pre_24_rep_tru,0.5214214337005136,0.16611033708401549,0.20672448754687137,0.8400381187009889
043,vap_white,pre_24_dem_har,0.27105178309914196,0.010214851201223564,0.25175250777625424,0.29164278152371886
043,vap_white,pre_24_rep_tru,0.7289482169008581,0.010214851201223564,0.7083572184762812,0.7482474922237458
043,vap_black,pre_24_dem_har,0.502091252605907,0.1680186449812074,0.1887438700732067,0.8195232795299878
043,vap_black,pre_24_rep_tru,0.4979087473940929,0.1680186449812074,0.1804767204700121,0.8112561299267932
043,vap_hisp,pre_24_dem_har,0.5403377693292976,0.17997475517147968,0.13589746062378158,0.8375260754411539
043,vap_hisp,pre_24_rep_tru,0.4596622306707025,0.17997475517147968,0.16247392455884616,0.8641025393762183
043,vap_asian,pre_24_dem_har,0.4941585681972432,0.1687694657808115,0.18020480134304662,0.8206625904162125
043,vap_asian,pre_24_rep_tru,0.5058414318027568,0.1687694657808115,0.17933740958378733,0.8197951986569532
043,vap_aian,pre_24_dem_har,0.5020680072496416,0.16640468543720624,0.18632793441673354,0.8147894243054978
043,vap_aian,pre_24_rep_tru,0.49793199275035827,0.16640468543720624,0.1852105756945021,0.8136720655832662
043,vap_oth_b,pre_24_dem_har,0.5292356811647341,0.1729670714393718,0.1960007684866631,0.850852852507032
043,vap_oth_b,pre_24_rep_tru,0.47076431883526604,0.1729670714393718,0.14914714749296798,0.8039992315133367
045,vap_white,pre_24_dem_har,0.3472248022810149,0.007580895588879762,0.3324223021883022,0.36227514084400614
045,vap_white,pre_24_rep_tru,0.6527751977189852,0.007580895588879761,0.6377248591559939,0.6675776978116977
045,vap_black,pre_24_dem_har,0.48415808007989397,0.1982476052651717,0.09352267882110943,0.8454205953504486
045,vap_black,pre_24_rep_tru,0.5158419199201061,0.1982476052651717,0.15457940464955122,0.9064773211788905
045,vap_hisp,pre_24_dem_har,0.46100104699022476,0.19897390775995108,0.06397372310383244,0.8134431450179581
045,vap_hisp,pre_24_rep_tru,0.5389989530097752,0.19897390775995108,0.18655685498204164,0.9360262768961675
045,vap_asian,pre_24_dem_har,0.5062526913570854,0.204924630785171,0.1377998695466067,0.9004055625257904
045,vap_asian,pre_24_rep_tru,0.4937473086429147,0.204924630785171,0.09959443747420944,0.8622001304533934
045,vap_aian,pre_24_dem_har,0.5258298780991062,0.19231546120278653,0.1616345016626309,0.8750628302633817
045,vap_aian,pre_24_rep_tru,0.47417012190089375,0.19231546120278653,0.1249371697366182,0.838365498337369
045,vap_oth_b,pre_24_dem_har,0.4767947632436538,0.1653418446264995,0.177899281424144,0.7989004658683577
045,vap_oth_b,pre_24_rep_tru,0.5232052367563461,0.1653418446264995,0.20109953413164225,0.822100718575856
047,vap_white,pre_24_dem_har,0.3267623183035544,0.011428036068969905,0.3049478194628125,0.3496502588284748
047,vap_white,pre_24_rep_tru,0.6732376816964455,0.011428036068969905,0.650349741171525,0.6950521805371873
047,vap_black,pre_24_dem_har,0.509879145459828,0.177886422814887,0.1893901604464696,0.8527352438325528
047,vap_black,pre_24_rep_tru,0.49012085454017196,0.177886422814887,0.14726475616744697,0.8106098395535303
047,vap_hisp,pre_24_dem_har,0.6345019938733178,0.16375604045082448,0.29264438445321533,0.9190086336545698
047,vap_hisp,pre_24_rep_tru,0.3654980061266822,0.16375604045082448,0.08099136634543025,0.7073556155467838
047,vap_asian,pre_24_dem_har,0.5295860261966525,0.17600418564811163,0.17823932789889024,0.849541488548066
047,vap_asian,pre_24_rep_tru,0.4704139738033475,0.17600418564811163,0.15045851145193387,0.8217606721011098
047,vap_aian,pre_24_dem_har,0.5003864115823569,0.1788412669771741,0.16265132899267326,0.8468474262576737
047,vap_aian,pre_24_rep_tru,0.49961358841764303,0.1788412669771741,0.15315257374232621,0.8373486710073266
047,vap_oth_b,pre_24_dem_har,0.5143907978080136,0.16377853200950088,0.20294826456663054,0.8122999574092986
047,vap_oth_b,pre_24_rep_tru,0.48560920219198644,0.16377853200950088,0.18770004259070122,0.7970517354333695
049,vap_white,pre_24_dem_har,0.3664287189936826,0.0076948220748917625,0.3512841281452789,0.3814382209269542
049,vap_white,pre_24_rep_tru,0.6335712810063173,0.007694822074891763,0.6185617790730458,0.648715871854721
049,vap_black,pre_24_dem_har,0.5171325190677093,0.1762183366249156,0.18317395080796653,0.8443248282548389
049,vap_black,pre_24_rep_tru,0.4828674809322906,0.1762183366249156,0.155675171745161,0.8168260491920333
049,vap_hisp,pre_24_dem_har,0.47163534959043346,0.15968720996707686,0.18491053901508864,0.7928769766865718
049,vap_hisp,pre_24_rep_tru,0.5283646504095665,0.15968720996707683,0.2071230233134281,0.8150894609849112
049,vap_asian,pre_24_dem_har,0.4995487303689805,0.1741308132245767,0.1654764715938812,0.8181295438304027
049,vap_asian,pre_24_rep_tru,0.5004512696310195,0.1741308132245767,0.18187045616959713,0.8345235284061187
049,vap_aian,pre_24_dem_har,0.5245879700804351,0.17604647290508663,0.1875511328672122,0.8510764861091104
049,vap_aian,pre_24_rep_tru,0.4754120299195647,0.17604647290508663,0.14892351389088931,0.8124488671327875
049,vap_oth_b,pre_24_dem_har,0.5317916504680317,0.16737944014374737,0.19859470600943288,0.8318413779996972
049,vap_oth_b,pre_24_rep_tru,0.4682083495319683,0.16737944014374737,0.16815862200030285,0.801405293990567
051,vap_white,pre_24_dem_har,0.3193860240648833,0.012156361517416489,0.29549504689843925,0.34343903849195284
051,vap_white,pre_24_rep_tru,0.6806139759351166,0.012156361517416489,0.6565609615080472,0.7045049531015607
051,vap_black,pre_24_dem_har,0.4998712963587177,0.19494628528674476,0.13082056932483052,0.8562128061764048
051,vap_black,pre_24_rep_tru,0.5001287036412824,0.19494628528674476,0.14378719382359512,0.8691794306751692
051,vap_hisp,pre_24_dem_har,0.5029788727186266,0.17088997270231204,0.17699020615790848,0.8168598235217195
051,vap_hisp,pre_24_rep_tru,0.49702112728137343,0.17088997270231204,0.18314017647828046,0.8230097938420916
051,vap_asian,pre_24_dem_har,0.5038441473937848,0.19706897944207255,0.13479500322992705,0.8647133153223246
051,vap_asian,pre_24_rep_tru,0.4961558526062152,0.19706897944207255,0.13528668467767532,0.8652049967700728
051,vap_aian,pre_24_dem_har,0.46691901091318044,0.21446210896314757,0.06855388227871145,0.8706516713280917
051,vap_aian,pre_24_rep_tru,0.5330809890868194,0.21446210896314757,0.12934832867190801,0.9314461177212884
051,vap_oth_b,pre_24_dem_har,0.5242137506045381,0.1718632114842935,0.20085520352811703,0.8451978723838992
051,vap_oth_b,pre_24_rep_tru,0.4757862493954618,0.1718632114842935,0.1548021276161007,0.7991447964718827
053,vap_white,pre_24_dem_har,0.7002729540586348,0.005718873763438811,0.6897603386829658,0.7120760005470341
053,vap_white,pre_24_rep_tru,0.2997270459413651,0.005718873763438811,0.28792399945296565,0.31023966131703407
053,vap_black,pre_24_dem_har,0.9307782364899968,0.015209538588478141,0.8986918840257111,0.9569546311279561
053,vap_black,pre_24_rep_tru,0.06922176351000327,0.015209538588478141,0.04304536887204387,0.10130811597428896
053,vap_hisp,pre_24_dem_har,0.9050926836662636,0.021746549870553994,0.8571224844841118,0.9420942235248005
053,vap_hisp,pre_24_rep_tru,0.0949073163337364,0.021746549870553994,0.05790577647519953,0.14287751551588823
053,vap_asian,pre_24_dem_har,0.3660519918326233,0.06312558042558676,0.25401394454751974,0.49400269345109976
053,vap_asian,pre_24_rep_tru,0.6339480081673766,0.06312558042558676,0.5059973065489002,0.7459860554524803
053,vap_aian,pre_24_dem_har,0.5808281488012521,0.13300095185187838,0.26860018054241563,0.7821719489617153
053,vap_aian,pre_24_rep_tru,0.4191718511987479,0.13300095185187838,0.21782805103828454,0.7313998194575843
053,vap_oth_b,pre_24_dem_har,0.8750937221065104,0.04368219933315341,0.7784257292326038,0.9406972066206306
053,vap_oth_b,pre_24_rep_tru,0.1249062778934896,0.04368219933315341,0.05930279337936931,0.22157427076739625
055,vap_white,pre_24_dem_har,0.37685518945713764,0.0068835017798273695,0.36338062096712187,0.39045795651977994
055,vap_white,pre_24_rep_tru,0.6231448105428623,0.0068835017798273695,0.6095420434802199,0.636619379032878
055,vap_black,pre_24_dem_har,0.4902248351082529,0.17923756986714592,0.16141395501363162,0.8350568852871649
055,vap_black,pre_24_rep_tru,0.5097751648917471,0.17923756986714592,0.16494311471283496,0.8385860449863682
055,vap_hisp,pre_24_dem_har,0.5135309404717258,0.1731939818862634,0.1840972325412663,0.8522832942835805
055,vap_hisp,pre_24_rep_tru,0.48646905952827424,0.1731939818862634,0.1477167057164194,0.8159027674587336
055,vap_asian,pre_24_dem_har,0.5128339035958926,0.1771254028321111,0.1665107780185436,0.8307267239075369
055,vap_asian,pre_24_rep_tru,0.48716609640410735,0.1771254028321111,0.16927327609246304,0.8334892219814563
055,vap_aian,pre_24_dem_har,0.49532763650705003,0.18012630154060416,0.15582856853489438,0.8278002651402782
055,vap_aian,pre_24_rep_tru,0.50467236349295,0.18012630154060416,0.17219973485972193,0.8441714314651056
055,vap_oth_b,pre_24_dem_har,0.5013087163904757,0.1738789118145343,0.1725991043950696,0.8264333476490854
055,vap_oth_b,pre_24_rep_tru,0.4986912836095242,0.1738789118145343,0.17356665235091465,0.8274008956049304
057,vap_white,pre_24_dem_har,0.3183451947533585,0.010148046621300304,0.29859494930808095,0.3384066589498296
057,vap_white,pre_24_rep_tru,0.6816548052466415,0.010148046621300304,0.6615933410501703,0.7014050506919189
057,vap_black,pre_24_dem_har,0.5100488823756061,0.17354314682494767,0.1741311701875466,0.8317384758582086
057,vap_black,pre_24_rep_tru,0.489951117624394,0.17354314682494767,0.1682615241417914,0.825868829812453
057,vap_hisp,pre_24_dem_har,0.6233580101429581,0.1802973802784433,0.21948195490504635,0.9027463553416585
057,vap_hisp,pre_24_rep_tru,0.376641989857042,0.1802973802784433,0.09725364465834149,0.7805180450949537
057,vap_asian,pre_24_dem_har,0.4956427985421154,0.16523494233281674,0.18259310246829186,0.8038105731786633
057,vap_asian,pre_24_rep_tru,0.5043572014578845,0.16523494233281671,0.19618942682133655,0.817406897531708
057,vap_aian,pre_24_dem_har,0.4940734934727243,0.15165308383400547,0.18669672120537142,0.7696255765658089
057,vap_aian,pre_24_rep_tru,0.5059265065272758,0.15165308383400547,0.2303744234341911,0.8133032787946285
057,vap_oth_b,pre_24_dem_har,0.5068447931255007,0.17171202538359828,0.17975156457445607,0.8210681379697987
057,vap_oth_b,pre_24_rep_tru,0.4931552068744993,0.17171202538359828,0.1789318620302012,0.8202484354255439
059,vap_white,pre_24_dem_har,0.2594183129840032,0.007497522961799684,0.24482615997556778,0.27403131474846965
059,vap_white,pre_24_rep_tru,0.7405816870159968,0.007497522961799684,0.7259686852515305,0.7551738400244322
059,vap_black,pre_24_dem_har,0.5035633449992329,0.1711654285712394,0.18391878768610526,0.8259036035532842
059,vap_black,pre_24_rep_tru,0.4964366550007671,0.1711654285712394,0.17409639644671582,0.8160812123138949
059,vap_hisp,pre_24_dem_har,0.5074327122275663,0.176125643135034,0.16688995056941866,0.8486871050207324
059,vap_hisp,pre_24_rep_tru,0.4925672877724338,0.176125643135034,0.15131289497926764,0.8331100494305812
059,vap_asian,pre_24_dem_har,0.49530435268038187,0.17909303780834837,0.17295663041482423,0.8379052450518779
059,vap_asian,pre_24_rep_tru,0.5046956473196182,0.17909303780834837,0.16209475494812214,0.8270433695851758
059,vap_aian,pre_24_dem_har,0.4973488355787346,0.18289555938452615,0.15998608910903755,0.8370281089839647
059,vap_aian,pre_24_rep_tru,0.5026511644212653,0.18289555938452615,0.16297189101603515,0.8400139108909622
059,vap_oth_b,pre_24_dem_har,0.5177288993760686,0.1708760043384806,0.18927313259638776,0.8300236400474615
059,vap_oth_b,pre_24_rep_tru,0.4822711006239314,0.1708760043384806,0.16997635995253838,0.8107268674036122
061,vap_white,pre_24_dem_har,0.3665404016753515,0.010401594113301849,0.34566341610963863,0.3859651571771333
061,vap_white,pre_24_rep_tru,0.6334595983246484,0.010401594113301849,0.6140348428228667,0.6543365838903613
061,vap_black,pre_24_dem_har,0.5428328756503974,0.18274193299780975,0.19144335954164599,0.8793680130054798
061,vap_black,pre_24_rep_tru,0.4571671243496027,0.18274193299780975,0.1206319869945202,0.8085566404583541
061,vap_hisp,pre_24_dem_har,0.48411706082527206,0.1470796307714025,0.21941918710621433,0.7766946501439002
061,vap_hisp,pre_24_rep_tru,0.5158829391747278,0.1470796307714025,0.22330534985609976,0.7805808128937856
061,vap_asian,pre_24_dem_har,0.5200119316872621,0.15734962383160855,0.21242748475470286,0.8089628135702869
061,vap_asian,pre_24_rep_tru,0.4799880683127379,0.15734962383160855,0.19103718642971296,0.787572515245297
061,vap_aian,pre_24_dem_har,0.5682288762460318,0.08995098240370987,0.39050656309471915,0.7417126562877191
061,vap_aian,pre_24_rep_tru,0.43177112375396826,0.08995098240370987,0.2582873437122809,0.6094934369052808
061,vap_oth_b,pre_24_dem_har,0.4401210459615132,0.17148845729493134,0.13129742466080424,0.7778424504755104
061,vap_oth_b,pre_24_rep_tru,0.5598789540384868,0.17148845729493134,0.22215754952448952,0.8687025753391957
063,vap_white,pre_24_dem_har,0.24733350276388594,0.00949242101036382,0.2285869915262036,0.26567430548054316
063,vap_white,pre_24_rep_tru,0.7526664972361141,0.00949242101036382,0.7343256945194568,0.7714130084737963
063,vap_black,pre_24_dem_har,0.5265407016452607,0.17959902255448837,0.184921168478163,0.8540691002021159
063,vap_black,pre_24_rep_tru,0.4734592983547393,0.17959902255448837,0.1459308997978841,0.815078831521837
063,vap_hisp,pre_24_dem_har,0.5338103669515278,0.17101500777234244,0.20564795793931523,0.8452758501128174
063,vap_hisp,pre_24_rep_tru,0.46618963304847205,0.17101500777234244,0.1547241498871825,0.7943520420606847
063,vap_asian,pre_24_dem_har,0.5226439440927045,0.18658837633788058,0.1701533428276944,0.8678928109132756
063,vap_asian,pre_24_rep_tru,0.4773560559072954,0.18658837633788058,0.13210718908672417,0.8298466571723057
063,vap_aian,pre_24_dem_har,0.5136544022777053,0.18933258181138146,0.16532561630239992,0.8727796789885122
063,vap_aian,pre_24_rep_tru,0.4863455977222946,0.18933258181138146,0.1272203210114876,0.8346743836975998
063,vap_oth_b,pre_24_dem_har,0.5267213939344965,0.17381485093219948,0.19259339175378318,0.8518673206527412
063,vap_oth_b,pre_24_rep_tru,0.4732786060655036,0.17381485093219948,0.14813267934725888,0.8074066082462169
065,vap_white,pre_24_dem_har,0.24275114661316857,0.00893637151533508,0.22554694711380202,0.2603130520935589
065,vap_white,pre_24_rep_tru,0.7572488533868315,0.00893637151533508,0.7396869479064411,0.774453052886198
065,vap_black,pre_24_dem_har,0.49768125030841587,0.18809399204968918,0.15911162749603747,0.8617718267556742
065,vap_black,pre_24_rep_tru,0.5023187496915841,0.18809399204968918,0.13822817324432565,0.8408883725039623
065,vap_hisp,pre_24_dem_har,0.5115304664416185,0.17367421129184876,0.17436452766590696,0.8324417687844918
065,vap_hisp,pre_24_rep_tru,0.4884695335583816,0.17367421129184876,0.16755823121550803,0.825635472334093
065,vap_asian,pre_24_dem_har,0.5050630897641346,0.1901216625493489,0.15791046007064205,0.8735745708561393
065,vap_asian,pre_24_rep_tru,0.4949369102358654,0.1901216625493489,0.12642542914386004,0.8420895399293579
065,vap_aian,pre_24_dem_har,0.5072369661826477,0.1764068841349639,0.16864293167797326,0.8301538919448493
065,vap_aian,pre_24_rep_tru,0.49276303381735226,0.1764068841349639,0.16984610805515066,0.8313570683220266
065,vap_oth_b,pre_24_dem_har,0.542793202274921,0.17475721253822388,0.20672356802969022,0.864960037806744
065,vap_oth_b,pre_24_rep_tru,0.457206797725079,0.17475721253822388,0.135039962193256,0.7932764319703096
067,vap_white,pre_24_dem_har,0.25529846006565626,0.011912520781990238,0.23256195661030477,0.2787666604192298
067,vap_white,pre_24_rep_tru,0.7447015399343437,0.011912520781990238,0.7212333395807701,0.7674380433896951
067,vap_black,pre_24_dem_har,0.6424428080500141,0.14703380494636056,0.3321196120461776,0.883902580839921
067,vap_black,pre_24_rep_tru,0.3575571919499858,0.14703380494636056,0.11609741916007893,0.6678803879538222
067,vap_hisp,pre_24_dem_har,0.6537182709159198,0.12107312428446933,0.40461960385879775,0.8634304201217197
067,vap_hisp,pre_24_rep_tru,0.3462817290840801,0.12107312428446933,0.1365695798782803,0.595380396141202
067,vap_asian,pre_24_dem_har,0.5039370726861583,0.16006525973451044,0.19823377434509937,0.8017981867458162
067,vap_asian,pre_24_rep_tru,0.4960629273138417,0.16006525973451044,0.19820181325418382,0.8017662256549005
067,vap_aian,pre_24_dem_har,0.4686374804440704,0.18738667501013953,0.09729628719923197,0.7998057939249029
067,vap_aian,pre_24_rep_tru,0.5313625195559296,0.18738667501013953,0.20019420607509705,0.902703712800768
067,vap_oth_b,pre_24_dem_har,0.5153168853488488,0.16878206248515948,0.19524181522699377,0.8279523210327357
067,vap_oth_b,pre_24_rep_tru,0.48468311465115116,0.16878206248515948,0.172047678967264,0.8047581847730062
069,vap_white,pre_24_dem_har,0.354769462254083,0.014524427972473896,0.3267901582338436,0.38390096705389287
069,vap_white,pre_24_rep_tru,0.645230537745917,0.014524427972473896,0.6160990329461071,0.6732098417661563
069,vap_black,pre_24_dem_har,0.476090412604133,0.274690073541042,0.020504283705333633,0.9655821282293282
069,vap_black,pre_24_rep_tru,0.523909587395867,0.274690073541042,0.034417871770671786,0.9794957162946663
069,vap_hisp,pre_24_dem_har,0.2921495918669189,0.15845667880906558,0.050850417913478385,0.6452842723416863
069,vap_hisp,pre_24_rep_tru,0.7078504081330811,0.15845667880906558,0.35471572765831355,0.9491495820865217
069,vap_asian,pre_24_dem_har,0.48719177950511966,0.217448214911462,0.09744956124185873,0.8878540297244177
069,vap_asian,pre_24_rep_tru,0.5128082204948804,0.217448214911462,0.11214597027558232,0.9025504387581413
069,vap_aian,pre_24_dem_har,0.4752106916428361,0.20404331159199024,0.10039549846805308,0.8557903869483526
069,vap_aian,pre_24_rep_tru,0.524789308357164,0.20404331159199024,0.1442096130516473,0.8996045015319468
069,vap_oth_b,pre_24_dem_har,0.46285672195087035,0.1639248177905159,0.15688823092010726,0.786584582382405
069,vap_oth_b,pre_24_rep_tru,0.5371432780491296,0.1639248177905159,0.21341541761759483,0.8431117690798928
071,vap_white,pre_24_dem_har,0.3240519227125425,0.013043751513348325,0.299642631587108,0.34991874305062204
071,vap_white,pre_24_rep_tru,0.6759480772874575,0.013043751513348325,0.6500812569493782,0.700357368412892
071,vap_black,pre_24_dem_har,0.5160596002474426,0.1989028183386737,0.14321065321445753,0.8797197452008483
071,vap_black,pre_24_rep_tru,0.4839403997525574,0.1989028183386737,0.12028025479915166,0.8567893467855425
071,vap_hisp,pre_24_dem_har,0.490489557365254,0.1739243385257417,0.15905785583823628,0.8200865565699077
071,vap_hisp,pre_24_rep_tru,0.509510442634746,0.17392433852574174,0.1799134434300923,0.8409421441617638
071,vap_asian,pre_24_dem_har,0.49400075801773013,0.1784462049188825,0.1570643676796756,0.8346034878782767
071,vap_asian,pre_24_rep_tru,0.5059992419822699,0.1784462049188825,0.16539651212172327,0.8429356323203244
071,vap_aian,pre_24_dem_har,0.5856421708586135,0.16038229680793956,0.24579716963221293,0.8750732145559534
071,vap_aian,pre_24_rep_tru,0.4143578291413865,0.16038229680793956,0.12492678544404645,0.754202830367787
071,vap_oth_b,pre_24_dem_har,0.5107980826324547,0.1668457237322648,0.20676473053879857,0.8305185655827965
071,vap_oth_b,pre_24_rep_tru,0.48920191736754537,0.1668457237322648,0.16948143441720365,0.7932352694612015
073,vap_white,pre_24_dem_har,0.27455798416902666,0.010694893022933832,0.25362955404439047,0.2960201228374315
073,vap_white,pre_24_rep_tru,0.7254420158309733,0.010694893022933832,0.7039798771625685,0.7463704459556095
073,vap_black,pre_24_dem_har,0.5252807607484679,0.20793645520517037,0.12110296842507108,0.8926956748453126
073,vap_black,pre_24_rep_tru,0.4747192392515321,0.20793645520517037,0.10730432515468737,0.8788970315749288
073,vap_hisp,pre_24_dem_har,0.5066453422456627,0.174844137714546,0.16533320904116808,0.8259988475536574
073,vap_hisp,pre_24_rep_tru,0.49335465775433723,0.174844137714546,0.17400115244634248,0.8346667909588318
073,vap_asian,pre_24_dem_har,0.49817371140920863,0.18827602290980153,0.1522476862238351,0.8549520590699388
073,vap_asian,pre_24_rep_tru,0.5018262885907913,0.18827602290980153,0.145047940930061,0.8477523137761646
073,vap_aian,pre_24_dem_har,0.4893040493870527,0.23716674149568867,0.06863109935183215,0.9154743619932102
073,vap_aian,pre_24_rep_tru,0.5106959506129474,0.23716674149568867,0.08452563800678947,0.9313689006481678
073,vap_oth_b,pre_24_dem_har,0.5068074913890308,0.1708873998073705,0.18228664874565093,0.8336017503938591
073,vap_oth_b,pre_24_rep_tru,0.4931925086109692,0.1708873998073705,0.16639824960614089,0.8177133512543491
075,vap_white,pre_24_dem_har,0.5125346207367758,0.009708848893993694,0.49337524070778904,0.5311817363737348
075,vap_white,pre_24_rep_tru,0.4874653792632243,0.009708848893993694,0.4688182636262652,0.5066247592922111
075,vap_black,pre_24_dem_har,0.5042698520869111,0.19250958576697663,0.15132430374154085,0.8799508927516128
075,vap_black,pre_24_rep_tru,0.49573014791308884,0.19250958576697666,0.12004910724838716,0.8486756962584591
075,vap_hisp,pre_24_dem_har,0.4890445801974549,0.18469883570255138,0.14505486751440536,0.8267520900578189
075,vap_hisp,pre_24_rep_tru,0.5109554198025452,0.18469883570255138,0.1732479099421809,0.85494513248559445
075,vap_asian,pre_24_dem_har,0.5112529176854105,0.1816842117174756,0.17278279077716235,0.8445315993243357
075,vap_asian,pre_24_rep_tru,0.4887470823145894,0.1816842117174756,0.15546840067566425,0.8272172092228375
075,vap_aian,pre_24_dem_har,0.5086801876313122,0.18144753977467717,0.1653509006170842,0.8490477801494769
075,vap_aian,pre_24_rep_tru,0.49131981236868794,0.18144753977467717,0.15095221985052312,0.8346490993829156
075,vap_oth_b,pre_24_dem_har,0.48764170371871907,0.16792691074179625,0.17749182274373643,0.8133336746069908
075,vap_oth_b,pre_24_rep_tru,0.5123582962812809,0.16792691074179625,0.1866663253930092,0.8225081772562636
077,vap_white,pre_24_dem_har,0.25242826029509746,0.012940513507437752,0.2269162465195314,0.27815895485221237
077,vap_white,pre_24_rep_tru,0.7475717397049025,0.012940513507437752,0.7218410451477876,0.7730837534804686
077,vap_black,pre_24_dem_har,0.4965603619487544,0.19827884708901342,0.12735425482884502,0.8695570252288396
077,vap_black,pre_24_rep_tru,0.5034396380512457,0.19827884708901342,0.13044297477116037,0.8726457451711549
077,vap_hisp,pre_24_dem_har,0.5412629570602813,0.18992686217757185,0.19045873065114843,0.9202675097726208
077,vap_hisp,pre_24_rep_tru,0.4587370429397188,0.18992686217757185,0.07973249022737922,0.8095412693488515
077,vap_asian,pre_24_dem_har,0.5000484338730111,0.20244321291186115,0.10967048115473918,0.8844464085346715
077,vap_asian,pre_24_rep_tru,0.49995156612698877,0.20244321291186115,0.11555359146532836,0.8903295188452607
077,vap_aian,pre_24_dem_har,0.5027573758658622,0.19813935004996555,0.1296242116117036,0.8724110309258009
077,vap_aian,pre_24_rep_tru,0.4972426241341378,0.19813935004996555,0.12758896907419906,0.8703757883882964
077,vap_oth_b,pre_24_dem_har,0.5054961659714231,0.17832839115241217,0.16890812681594783,0.8351238654078189
077,vap_oth_b,pre_24_rep_tru,0.494503834028577,0.17832839115241217,0.16487613459218126,0.8310918731840521
079,vap_white,pre_24_dem_har,0.30175596469057336,0.00893802085060575,0.2847644757410831,0.3194405612447474
079,vap_white,pre_24_rep_tru,0.6982440353094266,0.00893802085060575,0.6805594387552526,0.7152355242589168
079,vap_black,pre_24_dem_har,0.498279464372876,0.18292910371601295,0.15187210566481987,0.8431796283390562
079,vap_black,pre_24_rep_tru,0.5017205356271239,0.18292910371601295,0.15682037166094373,0.84812789433518
079,vap_hisp,pre_24_dem_har,0.5022001645780774,0.17535137646999485,0.1663637041245102,0.8300002856780324
079,vap_hisp,pre_24_rep_tru,0.49779983542192274,0.17535137646999485,0.16999971432196764,0.8336362958754898
079,vap_asian,pre_24_dem_har,0.47427316537166053,0.18285567391162919,0.13172981934461628,0.8125091563453317
079,vap_asian,pre_24_rep_tru,0.5257268346283395,0.18285567391162919,0.18749084365466825,0.8682701806553836
079,vap_aian,pre_24_dem_har,0.5136401593921652,0.1718434743966844,0.1798105751674972,0.8327972126696047
079,vap_aian,pre_24_rep_tru,0.4863598406078348,0.1718434743966844,0.16720278733039545,0.8201894248325028
079,vap_oth_b,pre_24_dem_har,0.5277615720301653,0.1805009262114306,0.184565455104023,0.8766969058512218
079,vap_oth_b,pre_24_rep_tru,0.4722384279698347,0.1805009262114306,0.12330309414877795,0.8154345448959769
081,vap_white,pre_24_dem_har,0.2810529533575927,0.010298937555776162,0.261238780612049,0.3016215287332925
081,vap_white,pre_24_rep_tru,0.7189470466424072,0.010298937555776164,0.6983784712667074,0.7387612193879508
081,vap_black,pre_24_dem_har,0.5144261441333531,0.23557657833641416,0.08602498852345397,0.941585575479579
081,vap_black,pre_24_rep_tru,0.4855738558666468,0.23557657833641416,0.058414424520420984,0.9139750114765459
081,vap_hisp,pre_24_dem_har,0.5232632891057083,0.18115072492681,0.19177809955473563,0.8713179052043752
081,vap_hisp,pre_24_rep_tru,0.4767367108942917,0.18115072492681,0.12868209479562445,0.8082219004452642
081,vap_asian,pre_24_dem_har,0.5000688957330313,0.19150886642755272,0.13222919813622522,0.8608938675660276
081,vap_asian,pre_24_rep_tru,0.49993110426696874,0.19150886642755272,0.13910613243397232,0.8677708018637745
081,vap_aian,pre_24_dem_har,0.5207317862353288,0.2092181069219638,0.11964504449277281,0.8973132544901684
081,vap_aian,pre_24_rep_tru,0.4792682137646712,0.2092181069219638,0.1026867455098314,0.8803549555072271
081,vap_oth_b,pre_24_dem_har,0.523101849852093,0.17948183425989825,0.16533551631736654,0.8481978249473976
081,vap_oth_b,pre_24_rep_tru,0.47689815014790715,0.17948183425989825,0.15180217505260232,0.8346644836826336
083,vap_white,pre_24_dem_har,0.2463005692879808,0.0096939809040261,0.2282628229850981,0.2657360134529534
083,vap_white,pre_24_rep_tru,0.7536994307120192,0.0096939809040261,0.7342639865470466,0.7717371770149019
083,vap_black,pre_24_dem_har,0.5665708972288258,0.17526691035924497,0.21403624287170608,0.8731030222113586
083,vap_black,pre_24_rep_tru,0.4334291027711742,0.17526691035924497,0.1268969777886414,0.7859637571282938
083,vap_hisp,pre_24_dem_har,0.5846447961476846,0.16450099632688858,0.26066866103356107,0.8672744111527106
083,vap_hisp,pre_24_rep_tru,0.4153552038523154,0.16450099632688858,0.13272558884728936,0.7393313389664389
083,vap_asian,pre_24_dem_har,0.5480903162170012,0.17326526159318373,0.20793421121817204,0.8613119381088743
083,vap_asian,pre_24_rep_tru,0.45190968378299873,0.17326526159318373,0.1386880618911256,0.7920657887818277
083,vap_aian,pre_24_dem_har,0.4976144618017589,0.19064638766864586,0.14080174524945388,0.8476569270869082
083,vap_aian,pre_24_rep_tru,0.5023855381982412,0.19064638766864586,0.15234307291309193,0.8591982547505461
083,vap_oth_b,pre_24_dem_har,0.5422382377649392,0.17212357643019807,0.20451635524494555,0.8500922475374258
083,vap_oth_b,pre_24_rep_tru,0.4577617622350609,0.17212357643019807,0.1499077524625743,0.7954836447550545
085,vap_white,pre_24_dem_har,0.24356036566496983,0.010462649719137991,0.22485834579108638,0.26546236473208
085,vap_white,pre_24_rep_tru,0.7564396343350303,0.010462649719137991,0.73453763526792,0.7751416542089137
085,vap_black,pre_24_dem_har,0.5200968553032493,0.16884097141776738,0.20544452107723707,0.8373652039678082
085,vap_black,pre_24_rep_tru,0.47990314469675055,0.16884097141776738,0.1626347960321916,0.7945554789227627
085,vap_hisp,pre_24_dem_har,0.572960519893894,0.1652732823937187,0.22407875962219492,0.8538671594382647
085,vap_hisp,pre_24_rep_tru,0.427039480106106,0.1652732823937187,0.1461328405617351,0.7759212403778051
085,vap_asian,pre_24_dem_har,0.508769438756264,0.16913291994858476,0.19201817252602754,0.8310233668777586
085,vap_asian,pre_24_rep_tru,0.49123056124373593,0.16913291994858476,0.16897663312224145,0.8079818274739725
085,vap_aian,pre_24_dem_har,0.5154476055123878,0.17890877467226954,0.189394788203162,0.8577812119722816
085,vap_aian,pre_24_rep_tru,0.48455239448761217,0.17890877467226954,0.14221878802771798,0.8106052117968379
085,vap_oth_b,pre_24_dem_har,0.5074952990926331,0.1720319121867388,0.17738495890495523,0.831838257540661
085,vap_oth_b,pre_24_rep_tru,0.49250470090736675,0.1720319121867388,0.16816174245933885,0.8226150410950447
087,vap_white,pre_24_dem_har,0.2565396717996742,0.04475805069886444,0.17306265317493516,0.3478761453207097
087,vap_white,pre_24_rep_tru,0.7434603282003258,0.04475805069886444,0.6521238546792901,0.8269373468250648
087,vap_black,pre_24_dem_har,0.49419231662192015,0.20773759523066274,0.11368778425393104,0.882520927647488
087,vap_black,pre_24_rep_tru,0.5058076833780799,0.20773759523066274,0.117479072352512,0.886312215746069
087,vap_hisp,pre_24_dem_har,0.4808435454917011,0.17416624806511774,0.16742125411536213,0.8304839660075088
087,vap_hisp,pre_24_rep_tru,0.519156454508299,0.17416624806511774,0.16951603399249127,0.832578745884638
087,vap_asian,pre_24_dem_har,0.5006866249492902,0.2231258337491875,0.09752538912153269,0.9096347136272211
087,vap_asian,pre_24_rep_tru,0.4993133750507099,0.2231258337491875,0.09036528637277895,0.9024746108784675
087,vap_aian,pre_24_dem_har,0.719657571294248,0.08595707906116537,0.5396814321817751,0.8719886896174267
087,vap_aian,pre_24_rep_tru,0.2803424287057521,0.08595707906116538,0.12801131038257338,0.4603185678182249
087,vap_oth_b,pre_24_dem_har,0.3883899404670474,0.15052212380599803,0.13196819091574777,0.7021840384297529
087,vap_oth_b,pre_24_rep_tru,0.6116100595329526,0.15052212380599805,0.2978159615702468,0.868031809084252
089,vap_white,pre_24_dem_har,0.22106980749433014,0.010103973973673998,0.20169003063649224,0.2413028037592906
089,vap_white,pre_24_rep_tru,0.7789301925056699,0.010103973973673998,0.7586971962407094,0.7983099693635077
089,vap_black,pre_24_dem_har,0.4992045993324882,0.22696948858136945,0.08560383409052862,0.9159884232768717
089,vap_black,pre_24_rep_tru,0.5007954006675118,0.22696948858136945,0.08401157672312835,0.9143961659094714
089,vap_hisp,pre_24_dem_har,0.44194855647072173,0.17140398081284458,0.14196371379813333,0.7911724562349662
089,vap_hisp,pre_24_rep_tru,0.5580514435292783,0.17140398081284458,0.2088275437650338,0.8580362862018666
089,vap_asian,pre_24_dem_har,0.4885839750504172,0.18677860347028388,0.1343779304859451,0.8323324693023868
089,vap_asian,pre_24_rep_tru,0.5114160249495829,0.18677860347028388,0.16766753069761317,0.865622069514055
089,vap_aian,pre_24_dem_har,0.5145956815803746,0.18909043003569442,0.1573176976070096,0.8537480583742366
089,vap_aian,pre_24_rep_tru,0.4854043184196254,0.18909043003569442,0.14625194162576324,0.8426823023929904
089,vap_oth_b,pre_24_dem_har,0.5342500423258223,0.16459560639645093,0.21081611819960291,0.8259163753889891
089,vap_oth_b,pre_24_rep_tru,0.46574995767417765,0.16459560639645093,0.17408362461101068,0.789183881800397
091,vap_white,pre_24_dem_har,0.25277334410299757,0.008652697628099344,0.23626141288620983,0.2697406507046772
091,vap_white,pre_24_rep_tru,0.7472266558970024,0.008652697628099346,0.7302593492953229,0.7637385871137902
091,vap_black,pre_24_dem_har,0.48670173783896037,0.16372996877991425,0.19380825161609552,0.807361344791124
091,vap_black,pre_24_rep_tru,0.5132982621610397,0.16372996877991425,0.19263865520887613,0.8061917483839045
091,vap_hisp,pre_24_dem_har,0.5501118387780644,0.15431271706834782,0.24861671932188376,0.8279227803276091
091,vap_hisp,pre_24_rep_tru,0.44988816122193565,0.15431271706834782,0.17207721967239084,0.7513832806781162
091,vap_asian,pre_24_dem_har,0.5144784272470534,0.1801385343202761,0.15064037294490396,0.8468818594866919
091,vap_asian,pre_24_rep_tru,0.4855215727529466,0.1801385343202761,0.15311814051330805,0.849359627055096
091,vap_aian,pre_24_dem_har,0.4880119291635857,0.17437351831984665,0.16581510555605056,0.8107776228844688
091,vap_aian,pre_24_rep_tru,0.5119880708364143,0.17437351831984665,0.18922237711553117,0.834184894443949
091,vap_oth_b,pre_24_dem_har,0.50796337850059,0.16978038509082508,0.18367365524066295,0.8290326782209052
091,vap_oth_b,pre_24_rep_tru,0.49203662149941,0.16978038509082508,0.17096732177909493,0.816326344759337
093,vap_white,pre_24_dem_har,0.25458529196588175,0.008317116764370674,0.23866522838698492,0.2712361186130517
093,vap_white,pre_24_rep_tru,0.7454147080341182,0.008317116764370674,0.7287638813869481,0.7613347716130151
093,vap_black,pre_24_dem_har,0.517300136291671,0.1719881097649959,0.1927312540375207,0.8413249602478541
093,vap_black,pre_24_rep_tru,0.48269986370832896,0.1719881097649959,0.1586750397521457,0.8072687459624793
093,vap_hisp,pre_24_dem_har,0.551364564541538,0.17043706762879546,0.21553718534887928,0.8486397656220226
093,vap_hisp,pre_24_rep_tru,0.4486354354584619,0.17043706762879546,0.15136023437797747,0.7844628146511207
093,vap_asian,pre_24_dem_har,0.5225673777315285,0.18279079559950986,0.18236221069690237,0.8622017287226695
093,vap_asian,pre_24_rep_tru,0.47743262226847155,0.18279079559950986,0.1377982712773305,0.8176377893030977
093,vap_aian,pre_24_dem_har,0.5078278886421778,0.1911060887337874,0.1445170052337452,0.8679665841857453
093,vap_aian,pre_24_rep_tru,0.49217211135782224,0.1911060887337874,0.13203341581425462,0.8554829947662549
093,vap_oth_b,pre_24_dem_har,0.5364573680563001,0.17520357277280316,0.20335752083010364,0.8600624503409804
093,vap_oth_b,pre_24_rep_tru,0.46354263194369993,0.17520357277280316,0.13993754965901972,0.7966424791698963
095,vap_white,pre_24_dem_har,0.25000842085195374,0.01132018919586621,0.22855080510992817,0.27216986228318824
095,vap_white,pre_24_rep_tru,0.7499915791480464,0.011320189195866212,0.7278301377168118,0.7714491948900718
095,vap_black,pre_24_dem_har,0.4994395935745871,0.18907270941059082,0.1472413196825248,0.8474731258893194
095,vap_black,pre_24_rep_tru,0.500560406425413,0.18907270941059082,0.15252687411068055,0.8527586803174753
095,vap_hisp,pre_24_dem_har,0.49382358237999396,0.16476341700713765,0.19630747510339802,0.8251535823109432
095,vap_hisp,pre_24_rep_tru,0.506176417620006,0.16476341700713765,0.17484641768905665,0.8036925248966019
095,vap_asian,pre_24_dem_har,0.5069633955518866,0.17569911974860442,0.17731114165765913,0.8426987156732006
095,vap_asian,pre_24_rep_tru,0.49303660444811337,0.17569911974860442,0.15730128432679882,0.8226888583423408
095,vap_aian,pre_24_dem_har,0.7239872463474126,0.11811386364092945,0.4730391427538901,0.9200554130425205
095,vap_aian,pre_24_rep_tru,0.27601275365258743,0.11811386364092945,0.07994458695747936,0.5269608572461099
095,vap_oth_b,pre_24_dem_har,0.528361917396546,0.17617179200630684,0.18483797455010859,0.8652279159437746
095,vap_oth_b,pre_24_rep_tru,0.4716380826034539,0.17617179200630684,0.1347720840562254,0.8151620254498914
097,vap_white,pre_24_dem_har,0.16664067964024235,0.006239175116102687,0.15432348989282613,0.1787493413461964
097,vap_white,pre_24_rep_tru,0.8333593203597577,0.006239175116102686,0.8212506586538035,0.8456765101071739
097,vap_black,pre_24_dem_har,0.5368117667673077,0.1811414801750603,0.19368103253431151,0.8618890647927935
097,vap_black,pre_24_rep_tru,0.4631882332326922,0.1811414801750603,0.1381109352072065,0.8063189674656884
097,vap_hisp,pre_24_dem_har,0.5286638145328297,0.17990228871900135,0.1794784570946733,0.873794959068685
097,vap_hisp,pre_24_rep_tru,0.47133618546717015,0.17990228871900135,0.12620504093131496,0.8205215429053266
097,vap_asian,pre_24_dem_har,0.5159551525756692,0.16942821143022904,0.1914373873070092,0.8375201162883136
097,vap_asian,pre_24_rep_tru,0.4840448474243309,0.16942821143022904,0.1624798837116864,0.8085626126929908
097,vap_aian,pre_24_dem_har,0.4865277052651312,0.1791119665431536,0.15121260256692745,0.8243543966701053
097,vap_aian,pre_24_rep_tru,0.5134722947348688,0.1791119665431536,0.17564560332989454,0.8487873974330725
097,vap_oth_b,pre_24_dem_har,0.4849035444549375,0.15487854871512244,0.19301787387888408,0.794943168055496
097,vap_oth_b,pre_24_rep_tru,0.5150964555450624,0.15487854871512244,0.20505683194450358,0.8069821261211155
099,vap_white,pre_24_dem_har,0.3438380862314025,0.010453153015513353,0.3247175482074274,0.3656740448564196
099,vap_white,pre_24_rep_tru,0.6561619137685974,0.010453153015513353,0.6343259551435804,0.6752824517925725
099,vap_black,pre_24_dem_har,0.580572683817131,0.16798819900054954,0.24901672179472303,0.8747154010816769
099,vap_black,pre_24_rep_tru,0.41942731618286905,0.16798819900054954,0.12528459891832308,0.750983278205277
099,vap_hisp,pre_24_dem_har,0.7030898653555839,0.14254436062470627,0.3836343928397461,0.9136137503367446
099,vap_hisp,pre_24_rep_tru,0.29691013464441607,0.14254436062470627,0.08638624966325552,0.6163656071602539
099,vap_asian,pre_24_dem_har,0.6162516279564197,0.1596722212423269,0.28046598788358224,0.9040831630478902
099,vap_asian,pre_24_rep_tru,0.3837483720435804,0.1596722212423269,0.09591683695210995,0.7195340121164178
099,vap_aian,pre_24_dem_har,0.5250060388185948,0.1820154780878676,0.18227761653410252,0.8589472597278108
099,vap_aian,pre_24_rep_tru,0.47499396118140524,0.1820154780878676,0.14105274027218884,0.8177223834658974
099,vap_oth_b,pre_24_dem_har,0.5370588253548426,0.18217911438626783,0.19480511476322615,0.8902136372158912
099,vap_oth_b,pre_24_rep_tru,0.4629411746451574,0.18217911438626783,0.10978636278410871,0.8051948852367737
101,vap_white,pre_24_dem_har,0.25706790924241013,0.00949314529131215,0.23888321234179735,0.2757797811294821
101,vap_white,pre_24_rep_tru,0.7429320907575898,0.00949314529131215,0.7242202188705178,0.7611167876582028
101,vap_black,pre_24_dem_har,0.5059661952847819,0.18128125136971218,0.16887281346621252,0.846585690355386
101,vap_black,pre_24_rep_tru,0.49403380471521796,0.18128125136971218,0.15341430964461386,0.8311271865337871
101,vap_hisp,pre_24_dem_har,0.28326807749826,0.11733541310501625,0.0722252941158018,0.520293320666428
101,vap_hisp,pre_24_rep_tru,0.71673192250174,0.11733541310501625,0.47970667933357203,0.9277747058841983
101,vap_asian,pre_24_dem_har,0.4993132807893456,0.20755313146109322,0.12214176508901763,0.8823222485659233
101,vap_asian,pre_24_rep_tru,0.5006867192106544,0.20755313146109322,0.11767775143407665,0.8778582349109824
101,vap_aian,pre_24_dem_har,0.5040129098549716,0.21374317068188084,0.09935524609206313,0.89733340933457
101,vap_aian,pre_24_rep_tru,0.4959870901450284,0.21374317068188084,0.10266659066542974,0.9006447539079369
101,vap_oth_b,pre_24_dem_har,0.5341101293058016,0.16720346241885908,0.207543645658118,0.8332959740359959
101,vap_oth_b,pre_24_rep_tru,0.4658898706941984,0.16720346241885908,0.16670402596400405,0.7924563543418819
103,vap_white,pre_24_dem_har,0.39581696063734606,0.008705136154019695,0.378624771489485,0.41257584808946757
103,vap_white,pre_24_rep_tru,0.6041830393626539,0.008705136154019695,0.5874241519105325,0.621375228510515
103,vap_black,pre_24_dem_har,0.5689158791146196,0.17513093559922746,0.2249207986228833,0.871818955681587
103,vap_black,pre_24_rep_tru,0.43108412088538034,0.17513093559922746,0.12818104431841293,0.7750792013771164
103,vap_hisp,pre_24_dem_har,0.581709484430905,0.16447376976739642,0.24347315220606322,0.868323813020557
103,vap_hisp,pre_24_rep_tru,0.418290515569095,0.16447376976739642,0.13167618697944286,0.7565268477939366
103,vap_asian,pre_24_dem_har,0.5459140867332937,0.17659287855569877,0.2018683645870528,0.8796179316492829
103,vap_asian,pre_24_rep_tru,0.45408591326670633,0.17659287855569877,0.12038206835071706,0.7981316354129471
103,vap_aian,pre_24_dem_har,0.5114579796307687,0.1793243699055697,0.17498185459276364,0.8590196833843371
103,vap_aian,pre_24_rep_tru,0.48854202036923133,0.1793243699055697,0.14098031661566282,0.8250181454072364
103,vap_oth_b,pre_24_dem_har,0.5343119504416245,0.16566714194656854,0.22040595667723467,0.8521172178125669
103,vap_oth_b,pre_24_rep_tru,0.4656880495583755,0.16566714194656854,0.14788278218743314,0.7795940433227653
105,vap_white,pre_24_dem_har,0.1963188529837573,0.012895388171220856,0.17245471047749808,0.2234374643593476
105,vap_white,pre_24_rep_tru,0.8036811470162427,0.012895388171220856,0.7765625356406525,0.8275452895225018
105,vap_black,pre_24_dem_har,0.5219107881194178,0.1845741709859306,0.18850702969434302,0.8986829056912934
105,vap_black,pre_24_rep_tru,0.4780892118805822,0.1845741709859306,0.10131709430870646,0.8114929703056571
105,vap_hisp,pre_24_dem_har,0.6199500345386315,0.06353038932049329,0.49005776934282164,0.7391462106805754
105,vap_hisp,pre_24_rep_tru,0.3800499654613685,0.06353038932049329,0.26085378931942443,0.5099422306571784
105,vap_asian,pre_24_dem_har,0.499640536064436,0.16990169914440173,0.19814493026884783,0.8323246489474411
105,vap_asian,pre_24_rep_tru,0.500359463935564,0.16990169914440173,0.1676753510525588,0.8018550697311522
105,vap_aian,pre_24_dem_har,0.4981474533579804,0.17843122332410033,0.17194305527376114,0.8332864369242974
105,vap_aian,pre_24_rep_tru,0.5018525466420195,0.17843122332410033,0.16671356307570256,0.8280569447262389
105,vap_oth_b,pre_24_dem_har,0.5453713718929277,0.1842984666281828,0.20732278210275232,0.9030066450557018
105,vap_oth_b,pre_24_rep_tru,0.45462862810707233,0.1842984666281828,0.09699335494429828,0.7926772178972477
107,vap_white,pre_24_dem_har,0.37709098956847625,0.014764829408695807,0.3482848136922521,0.4059837865063801
107,vap_white,pre_24_rep_tru,0.6229090104315238,0.014764829408695805,0.5940162134936199,0.6517151863077479
107,vap_black,pre_24_dem_har,0.5221033282307157,0.19914943613844266,0.14670772103506433,0.8905503904238179
107,vap_black,pre_24_rep_tru,0.4778966717692843,0.19914943613844266,0.10944960957618191,0.8532922789649358
107,vap_hisp,pre_24_dem_har,0.5084596491082564,0.17856228994236514,0.1746019630022158,0.8433245198183187
107,vap_hisp,pre_24_rep_tru,0.49154035089174364,0.17856228994236514,0.1566754801816813,0.8253980369977839
107,vap_asian,pre_24_dem_har,0.4860879541770471,0.18150207842015117,0.1565456638160349,0.8386802432137497
107,vap_asian,pre_24_rep_tru,0.5139120458229529,0.18150207842015117,0.16131975678625035,0.8434543361839649
107,vap_aian,pre_24_dem_har,0.5080535609981863,0.17386566375834586,0.1786242623359091,0.8335421976376953
107,vap_aian,pre_24_rep_tru,0.4919464390018137,0.17386566375834586,0.16645780236230448,0.8213757376640909
107,vap_oth_b,pre_24_dem_har,0.5053932743072537,0.16078016080007818,0.21076956741515232,0.8123835190427362
107,vap_oth_b,pre_24_rep_tru,0.49460672569274616,0.16078016080007818,0.1876164809572637,0.7892304325848475
109,vap_white,pre_24_dem_har,0.49119489642929143,0.01212266199343365,0.46663927446716336,0.514078304594619
109,vap_white,pre_24_rep_tru,0.5088051035707086,0.01212266199343365,0.4859216954053811,0.5333607255328366
109,vap_black,pre_24_dem_har,0.7567359011422677,0.09228505786018196,0.5475142956099555,0.9014876415701993
109,vap_black,pre_24_rep_tru,0.24326409885773234,0.09228505786018196,0.0985123584298006,0.4524857043900445
109,vap_hisp,pre_24_dem_har,0.658214809099194,0.127583204118356,0.38220998074547485,0.8590744719119412
109,vap_hisp,pre_24_rep_tru,0.34178519090080595,0.127583204118356,0.14092552808805886,0.6177900192545253
109,vap_asian,pre_24_dem_har,0.7762351732698917,0.10384339619703882,0.5448086653963814,0.9286698041950935
109,vap_asian,pre_24_rep_tru,0.2237648267301084,0.10384339619703882,0.07133019580490671,0.4551913346036183
109,vap_aian,pre_24_dem_har,0.49320708747578756,0.17664882037526788,0.14805553125886228,0.8314261581732941
109,vap_aian,pre_24_rep_tru,0.5067929125242124,0.17664882037526788,0.16857384182670573,0.8519444687411377
109,vap_oth_b,pre_24_dem_har,0.5812935720108319,0.16665100831698793,0.25339070551844867,0.8635474536154193
109,vap_oth_b,pre_24_rep_tru,0.41870642798916813,0.16665100831698793,0.1364525463845806,0.7466092944815512
111,vap_white,pre_24_dem_har,0.28454608434201334,0.0059245360192630376,0.2728755365966957,0.2959728637037215
111,vap_white,pre_24_rep_tru,0.7154539156579867,0.0059245360192630376,0.7040271362962786,0.7271244634033042
111,vap_black,pre_24_dem_har,0.5408625722405842,0.1744429226520817,0.188828218413581,0.8343102697935696
111,vap_black,pre_24_rep_tru,0.4591374277594158,0.1744429226520817,0.16568973020643032,0.8111717815864189
111,vap_hisp,pre_24_dem_har,0.5707227132077081,0.1365567252767478,0.3166622810458807,0.8278697581000156
111,vap_hisp,pre_24_rep_tru,0.4292772867922919,0.1365567252767478,0.17213024189998427,0.6833377189541192
111,vap_asian,pre_24_dem_har,0.4651834560084085,0.17677174701064177,0.14468277342831015,0.7820879059765999
111,vap_asian,pre_24_rep_tru,0.5348165439915914,0.17677174701064177,0.2179120940234,0.8553172265716896
111,vap_aian,pre_24_dem_har,0.5229300546780674,0.16034513019296337,0.2204695901756595,0.8211922999714949
111,vap_aian,pre_24_rep_tru,0.47706994532193253,0.16034513019296337,0.17880770002850488,0.7795304098243404
111,vap_oth_b,pre_24_dem_har,0.5343953689232719,0.1576114758039149,0.2283516195642549,0.8341006050137849
111,vap_oth_b,pre_24_rep_tru,0.4656046310767281,0.1576114758039149,0.16589939498621506,0.771648380435745
113,vap_white,pre_24_dem_har,0.2885677065921248,0.01128825294362599,0.2668334854552927,0.3105779573052111
113,vap_white,pre_24_rep_tru,0.7114322934078752,0.01128825294362599,0.6894220426947888,0.7331665145447074
113,vap_black,pre_24_dem_har,0.5246950421021309,0.18915392623972968,0.152704561945962,0.8605182783179469
113,vap_black,pre_24_rep_tru,0.47530495789786903,0.18915392623972968,0.13948172168205292,0.8472954380540378
113,vap_hisp,pre_24_dem_har,0.5333759145989383,0.17350219066248854,0.19281191240014817,0.8479647563041671
113,vap_hisp,pre_24_rep_tru,0.46662408540106176,0.17350219066248854,0.15203524369583293,0.80718808759985194
113,vap_asian,pre_24_dem_har,0.5111805042673893,0.17358696185989406,0.18030101267706783,0.8379484735016637
113,vap_asian,pre_24_rep_tru,0.48881949573261063,0.17358696185989406,0.16205152649833626,0.819698987322932
113,vap_aian,pre_24_dem_har,0.4888707826521317,0.18084049810949807,0.14715572004420144,0.8241035746690775
113,vap_aian,pre_24_rep_tru,0.5111292173478683,0.18084049810949807,0.17589642533092253,0.8528442799557985
113,vap_oth_b,pre_24_dem_har,0.5434671037833607,0.159036224659542,0.2360834468444264,0.8345833910900319
113,vap_oth_b,pre_24_rep_tru,0.45653289621663923,0.159036224659542,0.16541660890996804,0.7639165531555736
115,vap_white,pre_24_dem_har,0.2925388651504872,0.011243700924588445,0.27086659595066004,0.3146192709323438
115,vap_white,pre_24_rep_tru,0.7074611348495128,0.011243700924588445,0.6853807290676561,0.72913340404934
115,vap_black,pre_24_dem_har,0.5314321503137366,0.1851234218094148,0.16594730560116328,0.8592757589217607
115,vap_black,pre_24_rep_tru,0.46856784968626336,0.1851234218094148,0.14072424107823941,0.8340526943988368
115,vap_hisp,pre_24_dem_har,0.5101255924058938,0.1696530719849506,0.18434499496493945,0.8218395770537892
115,vap_hisp,pre_24_rep_tru,0.48987440759410616,0.1696530719849506,0.1781604229462108,0.8156550050350605
115,vap_asian,pre_24_dem_har,0.5255496590599359,0.17226585402890293,0.20741739051077937,0.8579905414097025
115,vap_asian,pre_24_rep_tru,0.4744503409400641,0.17226585402890293,0.14200945859029743,0.7925826094892205
115,vap_aian,pre_24_dem_har,0.6335866153311888,0.13068370499712528,0.3607799604022233,0.8598148230293109
115,vap_aian,pre_24_rep_tru,0.3664133846688112,0.13068370499712528,0.14018517697068894,0.6392200395977767
115,vap_oth_b,pre_24_dem_har,0.5470491880825448,0.15897226607754095,0.22129778240690504,0.822193840763765
115,vap_oth_b,pre_24_rep_tru,0.45295081191745523,0.15897226607754095,0.17780615923623513,0.778702217593095
117,vap_white,pre_24_dem_har,0.1943254749916801,0.012220392247666705,0.1710141203108169,0.21893125036719613
117,vap_white,pre_24_rep_tru,0.8056745250083199,0.012220392247666705,0.7810687496328039,0.8289858796891831
117,vap_black,pre_24_dem_har,0.5358534945521648,0.22481569358108291,0.11036026394213282,0.93915071973441
117,vap_black,pre_24_rep_tru,0.46414650544783514,0.22481569358108291,0.06084928026558988,0.8896397360578673
117,vap_hisp,pre_24_dem_har,0.578949280119773,0.16691099051735622,0.24202399417724174,0.8675458575631703
117,vap_hisp,pre_24_rep_tru,0.42105071988022696,0.16691099051735622,0.1324541424368298,0.7579760058227581
117,vap_asian,pre_24_dem_har,0.4903008295527587,0.20247834847056997,0.11712215814113501,0.8708959219521685
117,vap_asian,pre_24_rep_tru,0.5096991704472412,0.20247834847056997,0.1291040780478314,0.8828778418588649
117,vap_aian,pre_24_dem_har,0.5111026514388889,0.18556058290586558,0.15020936850445477,0.8453337655570173
117,vap_aian,pre_24_rep_tru,0.4888973485611111,0.18556058290586558,0.15466623444298247,0.8497906314955452
117,vap_oth_b,pre_24_dem_har,0.5317404071860085,0.1900351810588075,0.16226540873519454,0.8726950780799813
117,vap_oth_b,pre_24_rep_tru,0.46825959281399154,0.1900351810588075,0.12730492192001866,0.8377345912648053
119,vap_white,pre_24_dem_har,0.25821345212086355,0.008652374143826577,0.2419140133733228,0.2754503298461233
119,vap_white,pre_24_rep_tru,0.7417865478791364,0.008652374143826577,0.7245496701538767,0.7580859866266771
119,vap_black,pre_24_dem_har,0.6036419893361518,0.16084172035877722,0.26705340342395617,0.8802948039890194
119,vap_black,pre_24_rep_tru,0.3963580106638483,0.16084172035877722,0.11970519601098066,0.7329465965760439
119,vap_hisp,pre_24_dem_har,0.5588642780098331,0.14633550244785887,0.24816815931428213,0.8195344464602349
119,vap_hisp,pre_24_rep_tru,0.441135721990167,0.14633550244785887,0.180465553539765,0.7518318406857177
119,vap_asian,pre_24_dem_har,0.5154744237979615,0.18580439770929025,0.15288402196987336,0.8349567556003379
119,vap_asian,pre_24_rep_tru,0.48452557620203845,0.18580439770929025,0.16504324439966198,0.8471159780301265
119,vap_aian,pre_24_dem_har,0.5700840749025301,0.1618384949175684,0.24448470362733957,0.849807225628208
119,vap_aian,pre_24_rep_tru,0.42991592509746984,0.1618384949175684,0.1501927743717918,0.7555152963726602
119,vap_oth_b,pre_24_dem_har,0.4848032036415358,0.14379123516426542,0.2087129953966999,0.7583904834060162
119,vap_oth_b,pre_24_rep_tru,0.5151967963584642,0.14379123516426542,0.24160951659398378,0.7912870046033001
121,vap_white,pre_24_dem_har,0.2842877370727835,0.008541815180684394,0.2679166692748672,0.30160866917707785
121,vap_white,pre_24_rep_tru,0.7157122629272166,0.008541815180684394,0.698391330822922,0.7320833307251328
121,vap_black,pre_24_dem_har,0.47875118176594456,0.19804557760927485,0.10843163815811224,0.8354723782860091
121,vap_black,pre_24_rep_tru,0.5212488182340554,0.19804557760927485,0.16452762171399088,0.8915683618418877
121,vap_hisp,pre_24_dem_har,0.48533929815839094,0.1915025330306617,0.13809708682048255,0.8600044883483406
121,vap_hisp,pre_24_rep_tru,0.5146607018416091,0.1915025330306617,0.13999551165165924,0.8619029131795173
121,vap_asian,pre_24_dem_har,0.5383969984137845,0.1849916110080448,0.16961589884319808,0.8689382966907918
121,vap_asian,pre_24_rep_tru,0.4616030015862156,0.1849916110080448,0.13106170330920824,0.830384101156802
121,vap_aian,pre_24_dem_har,0.4727393177486395,0.18648000327446032,0.13606740859023164,0.8278795628913558
121,vap_aian,pre_24_rep_tru,0.5272606822513605,0.18648000327446032,0.17212043710864414,0.8639325914097683
121,vap_oth_b,pre_24_dem_har,0.4838214975438932,0.17456093075437604,0.16860805436337958,0.8099221824362355
121,vap_oth_b,pre_24_rep_tru,0.5161785024561069,0.17456093075437604,0.19007781756376446,0.8313919456366204
123,vap_white,pre_24_dem_har,0.7462750418699191,0.009977090183795362,0.7264644482820702,0.7647978254517717
123,vap_white,pre_24_rep_tru,0.25372495813008084,0.009977090183795362,0.2352021745482284,0.27353555171792976
123,vap_black,pre_24_dem_har,0.8760340105015345,0.03472516408672981,0.786284166086632,0.9270954634677585
123,vap_black,pre_24_rep_tru,0.12396598949846542,0.03472516408672981,0.07290453653224126,0.2137158339133679
123,vap_hisp,pre_24_dem_har,0.6711480356764631,0.12027027277260637,0.3946418961538158,0.8929830977619774
123,vap_hisp,pre_24_rep_tru,0.328851964323537,0.12027027277260635,0.10701690223802274,0.6053581038461843
123,vap_asian,pre_24_dem_har,0.5467770016228896,0.05853046028313991,0.429757927523552,0.6761355359261626
123,vap_asian,pre_24_rep_tru,0.45322299837711033,0.05853046028313991,0.3238644640738372,0.570242072476448
123,vap_aian,pre_24_dem_har,0.5163911228830915,0.1438381507297533,0.23036583046344963,0.7823678662013113
123,vap_aian,pre_24_rep_tru,0.4836088771169085,0.1438381507297533,0.2176321337986886,0.7696341695365503
123,vap_oth_b,pre_24_dem_har,0.6457380240645801,0.14083490834051757,0.3550948369199503,0.8632125787000866
123,vap_oth_b,pre_24_rep_tru,0.35426197593541997,0.14083490834051757,0.1367874212999133,0.6449051630800499
125,vap_white,pre_24_dem_har,0.2869757556842281,0.013649277335687573,0.26086138046297924,0.3139590849251076
125,vap_white,pre_24_rep_tru,0.7130242443157719,0.013649277335687573,0.6860409150748924,0.7391386195370209
125,vap_black,pre_24_dem_har,0.48664356139634,0.17937249257599383,0.14919186013286156,0.8307961814648421
125,vap_black,pre_24_rep_tru,0.51335643860366,0.17937249257599383,0.16920381853515779,0.8508081398671384
125,vap_hisp,pre_24_dem_har,0.49537878795930135,0.17276436069650364,0.17547424937982037,0.8268013257344515
125,vap_hisp,pre_24_rep_tru,0.5046212120406987,0.17276436069650364,0.17319867426554844,0.8245257506201795
125,vap_asian,pre_24_dem_har,0.5206644776401954,0.2466948736778958,0.061724135818538854,0.9352637139944654
125,vap_asian,pre_24_rep_tru,0.47933552235980464,0.2466948736778958,0.06473628600553467,0.938275864181461
125,vap_aian,pre_24_dem_har,0.4749254525830156,0.17735286424563015,0.14669464776282265,0.8178183334326579
125,vap_aian,pre_24_rep_tru,0.5250745474169843,0.17735286424563015,0.18218166656734205,0.8533053522371773
125,vap_oth_b,pre_24_dem_har,0.5159477770099438,0.17695000046710926,0.17945759546891676,0.8422877328878933
125,vap_oth_b,pre_24_rep_tru,0.4840522229900563,0.17695000046710926,0.1577122671121067,0.8205424045310832
127,vap_white,pre_24_dem_har,0.2057772823633859,0.008600447654354387,0.18920540622651721,0.222936240635309
127,vap_white,pre_24_rep_tru,0.7942227176366141,0.008600447654354387,0.7770637593646911,0.8107945937734828
127,vap_black,pre_24_dem_har,0.5267760289486964,0.2042005950286022,0.14556595268620753,0.8877879744788586
127,vap_black,pre_24_rep_tru,0.47322397105130354,0.2042005950286022,0.11221202552114132,0.8544340473137924
127,vap_hisp,pre_24_dem_har,0.5255611633327826,0.18317606761607366,0.17549950552987365,0.8646588466000671
127,vap_hisp,pre_24_rep_tru,0.4744388366672175,0.18317606761607366,0.1353411533999329,0.8245004944701264
127,vap_asian,pre_24_dem_har,0.6052754386530674,0.18197366077263286,0.203650277731666,0.9049787981678956
127,vap_asian,pre_24_rep_tru,0.3947245613469326,0.18197366077263286,0.09502120183210429,0.7963497222683338
127,vap_aian,pre_24_dem_har,0.7538743962057739,0.1148181301722396,0.5021481559312205,0.9449681997289193
127,vap_aian,pre_24_rep_tru,0.2461256037942261,0.1148181301722396,0.05503180027108076,0.49785184406877947
127,vap_oth_b,pre_24_dem_har,0.5852072584842769,0.1656387766349546,0.2399864954171894,0.8745782467202631
127,vap_oth_b,pre_24_rep_tru,0.414792741515723,0.1656387766349546,0.12542175327973676,0.7600135045828106
129,vap_white,pre_24_dem_har,0.23571899387003722,0.01045470772253962,0.21604934670609272,0.25665935894627295
129,vap_white,pre_24_rep_tru,0.7642810061299627,0.01045470772253962,0.7433406410537271,0.7839506532939072
129,vap_black,pre_24_dem_har,0.4961300374522351,0.16463165327897364,0.18436565066238103,0.8035898989190607
129,vap_black,pre_24_rep_tru,0.503869962547765,0.16463165327897364,0.1964101010809393,0.8156343493376189
129,vap_hisp,pre_24_dem_har,0.601470669405768,0.16385384453560983,0.28511623753386806,0.8946845102329724
129,vap_hisp,pre_24_rep_tru,0.398529330594232,0.16385384453560983,0.10531548976702751,0.7148837624661317
129,vap_asian,pre_24_dem_har,0.5092602164944036,0.1818958386789501,0.16630869901670522,0.846091831440808
129,vap_asian,pre_24_rep_tru,0.4907397835055965,0.1818958386789501,0.15390816855919204,0.8336913009832947
129,vap_aian,pre_24_dem_har,0.5208722244921602,0.17475405087032672,0.19055932470186154,0.8480538020315459
129,vap_aian,pre_24_rep_tru,0.4791277755078399,0.17475405087032672,0.15194619796845407,0.8094406752981386
129,vap_oth_b,pre_24_dem_har,0.5111006196030206,0.1661715798741002,0.19684745803151674,0.8251265717473936
129,vap_oth_b,pre_24_rep_tru,0.48889938039697944,0.1661715798741002,0.1748734282526062,0.8031525419684832
131,vap_white,pre_24_dem_har,0.3988327089553225,0.010665764834107869,0.37891081189430825,0.42036562484473206
131,vap_white,pre_24_rep_tru,0.6011672910446774,0.010665764834107869,0.579634375155268,0.6210891881056916
131,vap_black,pre_24_dem_har,0.6358510280859491,0.15418187371971212,0.31453799055188925,0.8911918478681516
131,vap_black,pre_24_rep_tru,0.3641489719140509,0.15418187371971212,0.10880815213184829,0.6854620094481108
131,vap_hisp,pre_24_dem_har,0.7894678794418616,0.09118035562322449,0.5813613568588762,0.9334295630642794
131,vap_hisp,pre_24_rep_tru,0.21053212055813844,0.09118035562322449,0.06657043693572055,0.4186386431411237
131,vap_asian,pre_24_dem_har,0.8217158801852606,0.07500970838945742,0.6534601242575211,0.9411603307934325
131,vap_asian,pre_24_rep_tru,0.1782841198147394,0.07500970838945742,0.05883966920656752,0.3465398757424788
131,vap_aian,pre_24_dem_har,0.5355536787262319,0.16822088541203975,0.20530689743453726,0.8403900931337096
131,vap_aian,pre_24_rep_tru,0.46444632127376806,0.16822088541203975,0.15960990686629026,0.7946931025654626
131,vap_oth_b,pre_24_dem_har,0.6380190375378582,0.1534445975607477,0.30251432902886705,0.885005873373665
131,vap_oth_b,pre_24_rep_tru,0.3619809624621419,0.1534445975607477,0.11499412662633504,0.6974856709711329
133,vap_white,pre_24_dem_har,0.24419522490315645,0.010630732146053689,0.22331316656006364,0.2653636388007178
133,vap_white,pre_24_rep_tru,0.7558047750968435,0.010630732146053689,0.7346363611992823,0.7766868334399364
133,vap_black,pre_24_dem_har,0.4965077095708353,0.19968183087789315,0.11066169123908816,0.8663224830803273
133,vap_black,pre_24_rep_tru,0.5034922904291648,0.19968183087789315,0.13367751691967247,0.8893383087609116
133,vap_hisp,pre_24_dem_har,0.5223349855277404,0.18241352662247584,0.1647473468088363,0.8546938622951907
133,vap_hisp,pre_24_rep_tru,0.4776650144722595,0.18241352662247584,0.14530613770480916,0.8352526531911636
133,vap_asian,pre_24_dem_har,0.470434605530787,0.22616843386192914,0.04401582868533001,0.8802208511334965
133,vap_asian,pre_24_rep_tru,0.5295653944692129,0.22616843386192914,0.1197791488665033,0.9559841713146698
133,vap_aian,pre_24_dem_har,0.5026212159880282,0.17998862904329735,0.17485764780999932,0.8500492356210376
133,vap_aian,pre_24_rep_tru,0.4973787840119718,0.17998862904329735,0.14995076437896243,0.8251423521900006
133,vap_oth_b,pre_24_dem_har,0.5114600357626553,0.16728432599772436,0.20012773433928618,0.829882844071975
133,vap_oth_b,pre_24_rep_tru,0.48853996423734475,0.16728432599772436,0.17011715592802504,0.7998722656607139
135,vap_white,pre_24_dem_har,0.21793785311616296,0.010048322890581558,0.19852711498148612,0.23778791527826168
135,vap_white,pre_24_rep_tru,0.7820621468838369,0.01004832289058156,0.7622120847217383,0.8014728850185138
135,vap_black,pre_24_dem_har,0.4837405318672521,0.17934685796326125,0.15166210696155574,0.8208242296916004
135,vap_black,pre_24_rep_tru,0.5162594681327479,0.17934685796326125,0.1791757703083994,0.8483378930384442
135,vap_hisp,pre_24_dem_har,0.5468511407578862,0.18230327948290562,0.1779892408588792,0.862858693880935
135,vap_hisp,pre_24_rep_tru,0.45314885924211373,0.18230327948290562,0.13714130611906516,0.8220107591411208
135,vap_asian,pre_24_dem_har,0.5090447588597742,0.17569835058712455,0.18075260168166074,0.8316464791706878
135,vap_asian,pre_24_rep_tru,0.4909552411402258,0.17569835058712455,0.16835352082931204,0.8192473983183391
135,vap_aian,pre_24_dem_har,0.5201932871544225,0.18923739890543959,0.1408442308418952,0.8597164986961198
135,vap_aian,pre_24_rep_tru,0.47980671284557747,0.18923739890543959,0.1402835013038803,0.8591557691581048
135,vap_oth_b,pre_24_dem_har,0.5143564732778257,0.1637905832850858,0.1997300694239787,0.8179155190429466
135,vap_oth_b,pre_24_rep_tru,0.48564352672217426,0.1637905832850858,0.18208448095705326,0.8002699305760214
137,vap_white,pre_24_dem_har,0.48385960133807837,0.006432573956885602,0.4720905384170255,0.4967054266888945
137,vap_white,pre_24_rep_tru,0.5161403986619215,0.0064325739568856025,0.5032945733111054,0.5279094615829745
137,vap_black,pre_24_dem_har,0.7678071571410853,0.1073418228052083,0.5262186292897425,0.9241846952461068
137,vap_black,pre_24_rep_tru,0.23219284285891476,0.1073418228052083,0.07581530475389316,0.47378137071025733
137,vap_hisp,pre_24_dem_har,0.5975491053414501,0.1330266079790055,0.31963791251332624,0.8305156067527806
137,vap_hisp,pre_24_rep_tru,0.40245089465854994,0.1330266079790055,0.16948439324721942,0.6803620874866737
137,vap_asian,pre_24_dem_har,0.6087995995253886,0.15181421373233933,0.27941822675360056,0.8562370970846253
137,vap_asian,pre_24_rep_tru,0.39120040047461135,0.15181421373233933,0.14376290291537472,0.7205817732463995
137,vap_aian,pre_24_dem_har,0.7248026927496871,0.08827009362459967,0.5338067605633394,0.8715335850385659
137,vap_aian,pre_24_rep_tru,0.27519730725031294,0.08827009362459967,0.12846641496143402,0.4661932394366605
137,vap_oth_b,pre_24_dem_har,0.6751772174886571,0.12410760112695467,0.41051018125838107,0.8640927938409526
137,vap_oth_b,pre_24_rep_tru,0.32482278251134294,0.12410760112695467,0.13590720615904733,0.5894898187416189
139,vap_white,pre_24_dem_har,0.4052673882581448,0.014771450625915778,0.37758700618183505,0.4349286431273773
139,vap_white,pre_24_rep_tru,0.5947326117418553,0.014771450625915778,0.5650713568726229,0.622412993818165
139,vap_black,pre_24_dem_har,0.6566010547972287,0.14076565585550666,0.353217736289846,0.8770588496325282
139,vap_black,pre_24_rep_tru,0.3433989452027712,0.14076565585550666,0.12294115036747179,0.6467822637101539
139,vap_hisp,pre_24_dem_har,0.6172654848667024,0.13284002679044069,0.3302024045391073,0.8381957112783913
139,vap_hisp,pre_24_rep_tru,0.3827345151332976,0.13284002679044069,0.16180428872160865,0.6697975954608926
139,vap_asian,pre_24_dem_har,0.7248903129680568,0.11289963997581784,0.4555984198589106,0.8999502282040033
139,vap_asian,pre_24_rep_tru,0.2751096870319432,0.11289963997581784,0.10004977179599665,0.5444015801410892
139,vap_aian,pre_24_dem_har,0.6244659044884524,0.11007916697613784,0.4001242147168706,0.8356632930186622
139,vap_aian,pre_24_rep_tru,0.3755340955115477,0.11007916697613784,0.16433670698133765,0.5998757852831293
139,vap_oth_b,pre_24_dem_har,0.548333993211388,0.1547011006863017,0.2563028004131684,0.8336135173452145
139,vap_oth_b,pre_24_rep_tru,0.4516660067886119,0.1547011006863017,0.16638648265478556,0.7436971995868312
141,vap_white,pre_24_dem_har,0.303492622288098,0.0090965760329665,0.2861037791899722,0.320882845974336
141,vap_white,pre_24_rep_tru,0.696507377711902,0.009096576032966501,0.679117154025664,0.7138962208100278
141,vap_black,pre_24_dem_har,0.6913351235894334,0.1411280204436833,0.38968058939469186,0.9153848913808083
141,vap_black,pre_24_rep_tru,0.3086648764105667,0.1411280204436833,0.084615108619191845,0.6103194106053083
141,vap_hisp,pre_24_dem_har,0.5410006074581334,0.15734590393356301,0.23500580199449916,0.8288070935930849
141,vap_hisp,pre_24_rep_tru,0.4589993925418666,0.15734590393356301,0.17119290640691515,0.764994198005501
141,vap_asian,pre_24_dem_har,0.5381350961538479,0.18289531435394474,0.17528320060129193,0.8663854886036106
141,vap_asian,pre_24_rep_tru,0.4618649038461521,0.18289531435394474,0.1336145113963893,0.824716799398708
141,vap_aian,pre_24_dem_har,0.5121332823271793,0.16258730076630115,0.20230857313389988,0.8179951502572327
141,vap_aian,pre_24_rep_tru,0.4878667176728207,0.16258730076630115,0.18200484974276715,0.7976914268661
141,vap_oth_b,pre_24_dem_har,0.542344506753387,0.16276849888352404,0.2197546953409113,0.8370434536176093
141,vap_oth_b,pre_24_rep_tru,0.4576554932466129,0.16276849888352404,0.16295654638239054,0.7802453046590886
143,vap_white,pre_24_dem_har,0.22637553625637896,0.009347162934620262,0.2089671060325834,0.24518358750568664
143,vap_white,pre_24_rep_tru,0.773624463743621,0.009347162934620262,0.7548164124943133,0.7910328939674165
143,vap_black,pre_24_dem_har,0.5077806511513577,0.18503148233541364,0.15991484910424872,0.8582910223534058
143,vap_black,pre_24_rep_tru,0.49221934884864227,0.18503148233541364,0.14170897764659413,0.840085150895751
143,vap_hisp,pre_24_dem_har,0.580493593734047,0.17621351451227565,0.17550520237770595,0.873076310336015
143,vap_hisp,pre_24_rep_tru,0.4195064062659529,0.17621351451227565,0.12692368966398485,0.8244947976222939
143,vap_asian,pre_24_dem_har,0.5025917836016445,0.16922543025324036,0.1776890358903603,0.8224807540839709
143,vap_asian,pre_24_rep_tru,0.49740821639835553,0.16922543025324036,0.17751924591602877,0.8223109641096397
143,vap_aian,pre_24_dem_har,0.5012298220278516,0.18456776970658972,0.15384006273986492,0.8427286007841354
143,vap_aian,pre_24_rep_tru,0.49877017797214834,0.18456776970658972,0.15727139921586464,0.846159937260135
143,vap_oth_b,pre_24_dem_har,0.5117645256076111,0.17474432923523592,0.17796457310334035,0.8326720980224082
143,vap_oth_b,pre_24_rep_tru,0.488235474392389,0.17474432923523592,0.1673279019775919,0.8220354268966596
145,vap_white,pre_24_dem_har,0.2668805299622534,0.0063391024199797915,0.25464665140382836,0.2799098356215309
145,vap_white,pre_24_rep_tru,0.7331194700377467,0.0063391024199797915,0.7200901643784692,0.7453533485961717
145,vap_black,pre_24_dem_har,0.8165868996333321,0.07020482702219176,0.6590992667131657,0.9275323104119579
145,vap_black,pre_24_rep_tru,0.18341310036666794,0.07020482702219177,0.07246768958804206,0.3409007332868344
145,vap_hisp,pre_24_dem_har,0.5389883918393439,0.12706453731492034,0.27571792296773706,0.7645412072688006
145,vap_hisp,pre_24_rep_tru,0.461011608160656,0.12706453731492034,0.23545879273119918,0.7242820770322628
145,vap_asian,pre_24_dem_har,0.6793071047585408,0.12206802488153322,0.4045632755419046,0.8704858968897582
145,vap_asian,pre_24_rep_tru,0.32069289524145916,0.12206802488153322,0.12951410311024183,0.5954367244580955
145,vap_aian,pre_24_dem_har,0.6469283034042954,0.20988057627844753,0.2607833612992546,0.9335245874335477
145,vap_aian,pre_24_rep_tru,0.35307169659570453,0.20988057627844753,0.06647541256645227,0.7392166387007453
145,vap_oth_b,pre_24_dem_har,0.6719628786932296,0.13714565280126004,0.3743227703669479,0.8919502671922576
145,vap_oth_b,pre_24_rep_tru,0.32803712130677043,0.13714565280126004,0.10804973280774244,0.625677229633052
147,vap_white,pre_24_dem_har,0.3056010753524719,0.011310576527738396,0.28309475155367453,0.327387971293613
147,vap_white,pre_24_rep_tru,0.6943989246475281,0.011310576527738396,0.6726120287063869,0.7169052484463253
147,vap_black,pre_24_dem_har,0.5472960840959847,0.18859160700002234,0.18296791817712174,0.8866793294934895
147,vap_black,pre_24_rep_tru,0.4527039159040153,0.18859160700002234,0.11332067050651026,0.8170320818228783
147,vap_hisp,pre_24_dem_har,0.5233462262999906,0.1671324023119737,0.21004480505518786,0.83954658132012006
147,vap_hisp,pre_24_rep_tru,0.4766537737000094,0.1671324023119737,0.16045341867987994,0.789955194944812
147,vap_asian,pre_24_dem_har,0.5064022597339639,0.1844742038807754,0.1732428860579191,0.8442848064616261
147,vap_asian,pre_24_rep_tru,0.493597740266036,0.1844742038807754,0.15571519353837385,0.8267571139420807
147,vap_aian,pre_24_dem_har,0.49929222861546946,0.1770541029485879,0.1700743469706162,0.8322067663907067
147,vap_aian,pre_24_rep_tru,0.5007077713845306,0.1770541029485879,0.16779323360929319,0.8299256530293837
147,vap_oth_b,pre_24_dem_har,0.5252358241412663,0.16638396237334976,0.21873965232658676,0.838133154574015
147,vap_oth_b,pre_24_rep_tru,0.4747641758587336,0.16638396237334976,0.16186684542598473,0.781260347673413
149,vap_white,pre_24_dem_har,0.2820780072529151,0.013394014232469024,0.2566590685368124,0.30868096987107396
149,vap_white,pre_24_rep_tru,0.7179219927470849,0.013394014232469024,0.691319030128926,0.7433409314631876
149,vap_black,pre_24_dem_har,0.5150740938243632,0.20997822872637215,0.12437627665000361,0.8802373386250575
149,vap_black,pre_24_rep_tru,0.48492590617563675,0.20997822872637215,0.1197626613749423,0.8756237233499963
149,vap_hisp,pre_24_dem_har,0.38285402178400757,0.12337185340220963,0.13847675859485006,0.6174690431929575
149,vap_hisp,pre_24_rep_tru,0.6171459782159925,0.12337185340220963,0.3825309568070426,0.86152324140515
149,vap_asian,pre_24_dem_har,0.5051155097003637,0.17718503849602965,0.16008800408626656,0.8385896253463879
149,vap_asian,pre_24_rep_tru,0.4948844902996363,0.17718503849602965,0.1614103746536119,0.8399119959137332
149,vap_aian,pre_24_dem_har,0.5373093603953508,0.19088415060095357,0.15949241142213286,0.8790548451006609
149,vap_aian,pre_24_rep_tru,0.4626906396046492,0.19088415060095357,0.12094515489933892,0.8405075885778671
149,vap_oth_b,pre_24_dem_har,0.5054624038998633,0.17392273890877766,0.15112016934293318,0.826705669276078
149,vap_oth_b,pre_24_rep_tru,0.4945375961001367,0.17392273890877766,0.17329433072392178,0.8488798306570668
151,vap_white,pre_24_dem_har,0.30060671767366326,0.011997649335963579,0.27722764574940484,0.3240343899965542
151,vap_white,pre_24_rep_tru,0.6993932823263368,0.011997649335963579,0.6759656100034458,0.7227723542505952
151,vap_black,pre_24_dem_har,0.48267443289555484,0.18726718370904097,0.13624653972821912,0.8356187156498666
151,vap_black,pre_24_rep_tru,0.5173255671044451,0.18726718370904097,0.16438128435013338,0.8637534602717809
151,vap_hisp,pre_24_dem_har,0.43167230411353164,0.15963898594454531,0.14675956408256047,0.7597293452987877
151,vap_hisp,pre_24_rep_tru,0.5683276958864683,0.15963898594454531,0.24027065470121228,0.8532404359174393
151,vap_asian,pre_24_dem_har,0.5022326120874862,0.18283799276248036,0.16209776942435922,0.8472896401342428
151,vap_asian,pre_24_rep_tru,0.4977673879125138,0.18283799276248036,0.15271035986575687,0.8379022305756407
151,vap_aian,pre_24_dem_har,0.5272366138303863,0.18408130360145705,0.18156240929405731,0.8736629551929596
151,vap_aian,pre_24_rep_tru,0.4727633861696136,0.18408130360145705,0.1263370448070403,0.8184375907059427
151,vap_oth_b,pre_24_dem_har,0.5007512861382116,0.16524571612190198,0.19448412599567869,0.8199919679610876
151,vap_oth_b,pre_24_rep_tru,0.4992487138617884,0.16524571612190198,0.18000803203891216,0.8055158740043213
153,vap_white,pre_24_dem_har,0.20470895742949602,0.007252543889809106,0.19073794758342744,0.21902057181293608
153,vap_white,pre_24_rep_tru,0.7952910425705039,0.007252543889809106,0.7809794281870638,0.8092620524165725
153,vap_black,pre_24_dem_har,0.5219501897626422,0.18238558127421894,0.17685691245943955,0.8520519558469501
153,vap_black,pre_24_rep_tru,0.47804981023735793,0.18238558127421894,0.14794804415304993,0.8231430875405605
153,vap_hisp,pre_24_dem_har,0.46227426235611213,0.13972438379153373,0.19584812521235317,0.7393268084146392
153,vap_hisp,pre_24_rep_tru,0.5377257376438879,0.13972438379153373,0.26067319158536073,0.8041518747876468
153,vap_asian,pre_24_dem_har,0.48850000843095276,0.1733509869361296,0.1705694573195274,0.8274855793379025
153,vap_asian,pre_24_rep_tru,0.5114999915690474,0.1733509869361296,0.17251442066209766,0.8294305426804726
153,vap_aian,pre_24_dem_har,0.5167411066586339,0.17579296173539313,0.1842463032095245,0.8344899935567048
153,vap_aian,pre_24_rep_tru,0.48325889334136596,0.17579296173539313,0.1655100064432951,0.8157536967904754
153,vap_oth_b,pre_24_dem_har,0.4582889817598451,0.17953907959439286,0.134524463292363,0.7999199004014054
153,vap_oth_b,pre_24_rep_tru,0.5417110182401549,0.17953907959439286,0.2000800995985946,0.8654755367076371
155,vap_white,pre_24_dem_har,0.25568776029663115,0.016001999129361486,0.2254416143277288,0.28786185316108587
155,vap_white,pre_24_rep_tru,0.7443122397033689,0.016001999129361486,0.7121381468389142,0.7745583856722713
155,vap_black,pre_24_dem_har,0.49274985319033576,0.22813876101695904,0.07958857349825395,0.9198202738595042
155,vap_black,pre_24_rep_tru,0.5072501468096643,0.22813876101695904,0.08017972614049593,0.920411426501746
155,vap_hisp,pre_24_dem_har,0.4479294011347979,0.16774250789097325,0.13641765990327126,0.7942086833507663
155,vap_hisp,pre_24_rep_tru,0.5520705988652022,0.16774250789097325,0.20579131664923353,0.8635823400967287
155,vap_asian,pre_24_dem_har,NA,NA,NA,NA
155,vap_asian,pre_24_rep_tru,NA,NA,NA,NA
155,vap_aian,pre_24_dem_har,0.5797961164978178,0.23744011537433987,0.10310521804670754,0.9468951191739877
155,vap_aian,pre_24_rep_tru,0.42020388350218213,0.23744011537433987,0.05310488082601222,0.8968947819532924
155,vap_oth_b,pre_24_dem_har,0.5217640391258966,0.17649472493591986,0.17524611653081035,0.8443654834727957
155,vap_oth_b,pre_24_rep_tru,0.47823596087410336,0.17649472493591986,0.15563451652720436,0.8247538834691895
157,vap_white,pre_24_dem_har,0.32021428590520745,0.007629916034730952,0.3053568575692221,0.33526536295258863
157,vap_white,pre_24_rep_tru,0.6797857140947925,0.007629916034730951,0.6647346370474113,0.6946431424307778
157,vap_black,pre_24_dem_har,0.47792133332439046,0.1721705276456824,0.15290640838330893,0.8083352904156326
157,vap_black,pre_24_rep_tru,0.5220786666756095,0.17217052764568236,0.19166470958436746,0.8470935916166912
157,vap_hisp,pre_24_dem_har,0.5187391149924196,0.16704412877858105,0.21500642365091743,0.8387588805764294
157,vap_hisp,pre_24_rep_tru,0.48126088500758035,0.16704412877858105,0.1612411194235705,0.7849935763490825
157,vap_asian,pre_24_dem_har,0.5113027336257789,0.1697493254286279,0.18583516921284013,0.8408156808381778
157,vap_asian,pre_24_rep_tru,0.4886972663742209,0.1697493254286279,0.15918431916182202,0.8141648307871596
157,vap_aian,pre_24_dem_har,0.5192134178302562,0.19129426440155717,0.15140507647662574,0.8810477083867477
157,vap_aian,pre_24_rep_tru,0.4807865821697438,0.19129426440155717,0.1189522916132523,0.8485949235233743
157,vap_oth_b,pre_24_dem_har,0.5271034957964417,0.1705486363262902,0.19913690266716097,0.8439240856205822
157,vap_oth_b,pre_24_rep_tru,0.4728965042035583,0.17054863632629022,0.15607591437941748,0.8008630973328391
159,vap_white,pre_24_dem_har,0.20068035455052874,0.008948872144927629,0.18358217054516593,0.21830369610715483
159,vap_white,pre_24_rep_tru,0.7993196454494712,0.008948872144927629,0.7816963038928451,0.816417829454834
159,vap_black,pre_24_dem_har,0.5102231890958191,0.19567343432148063,0.14549613710268108,0.8690709883443702
159,vap_black,pre_24_rep_tru,0.48977681090418085,0.19567343432148063,0.13092901165562976,0.8545038628973187
159,vap_hisp,pre_24_dem_har,0.5152029796739818,0.17924823761106767,0.16446799853996177,0.8388835429692464
159,vap_hisp,pre_24_rep_tru,0.4847970203260182,0.17924823761106767,0.16111645703075345,0.835532001460038
159,vap_asian,pre_24_dem_har,0.5237772258117922,0.17269816550426995,0.19157607778701125,0.8388723370275972
159,vap_asian,pre_24_rep_tru,0.47622277418820774,0.17269816550426995,0.1611276629724026,0.8084239222129886
159,vap_aian,pre_24_dem_har,0.5061516062110175,0.18168952874562305,0.166951054145242,0.8447531295413002
159,vap_aian,pre_24_rep_tru,0.4938483937889825,0.18168952874562305,0.1552468704586998,0.833048945854758
159,vap_oth_b,pre_24_dem_har,0.5590607481088111,0.16251729705520376,0.21616765514561426,0.844288526141108
159,vap_oth_b,pre_24_rep_tru,0.4409392518911888,0.16251729705520376,0.15571147385889186,0.7838323448543858
161,vap_white,pre_24_dem_har,0.2811630876693143,0.011817037928206774,0.2585475977608558,0.30497771852097594
161,vap_white,pre_24_rep_tru,0.7188369123306857,0.011817037928206776,0.6950222814790241,0.7414524022391441
161,vap_black,pre_24_dem_har,0.5197359840140856,0.18992564013033209,0.1542478715795684,0.8691423408220655
161,vap_black,pre_24_rep_tru,0.4802640159859144,0.18992564013033209,0.1308576591779345,0.8457521284204317
161,vap_hisp,pre_24_dem_har,0.5608549258666501,0.1771049319644239,0.20166656115259776,0.8725384923217195
161,vap_hisp,pre_24_rep_tru,0.4391450741333499,0.1771049319644239,0.1274615076782804,0.798333438847402
161,vap_asian,pre_24_dem_har,0.5068798516235123,0.1746584840251709,0.1679738144912403,0.8358485837515899
161,vap_asian,pre_24_rep_tru,0.49312014837648765,0.1746584840251709,0.16415141624841023,0.8320261855087595
161,vap_aian,pre_24_dem_har,0.5016180024271493,0.24160886677987972,0.07839084321361059,0.9303890163467691
161,vap_aian,pre_24_rep_tru,0.49838199757285073,0.24160886677987972,0.06961098365323101,0.9216091567863894
161,vap_oth_b,pre_24_dem_har,0.5378790315491776,0.17907974383658506,0.21600328147746153,0.8992026601712747
161,vap_oth_b,pre_24_rep_tru,0.4621209684508224,0.17907974383658506,0.10079733982872519,0.7839967185225385
163,vap_white,pre_24_dem_har,0.5362160822564728,0.011793723169630281,0.516023891963552,0.5630422266140457
163,vap_white,pre_24_rep_tru,0.4637839177435271,0.011793723169630281,0.4369577733859544,0.48397610803644786
163,vap_black,pre_24_dem_har,0.6302329231325987,0.13835331557895725,0.3468635965027149,0.8733812971709362
163,vap_black,pre_24_rep_tru,0.36976707686740135,0.13835331557895725,0.12661870282906393,0.6531364034972851
163,vap_hisp,pre_24_dem_har,0.5466606188926117,0.12941195500373995,0.30742211472807734,0.7946339117184361
163,vap_hisp,pre_24_rep_tru,0.4533393811073883,0.12941195500373995,0.2053660882815639,0.6925778852719227
163,vap_asian,pre_24_dem_har,0.6517336789816429,0.14908467384236349,0.30762101970076294,0.8793015514196374
163,vap_asian,pre_24_rep_tru,0.348266321018357,0.14908467384236349,0.12069844858036251,0.692378980299237
163,vap_aian,pre_24_dem_har,0.5306490350021452,0.15715575352767785,0.23579539530195845,0.8241966924528669
163,vap_aian,pre_24_rep_tru,0.4693509649978548,0.15715575352767785,0.1758033075471331,0.7642046046980415
163,vap_oth_b,pre_24_dem_har,0.46680884104418374,0.1533418618012778,0.18612057472692223,0.7462227284845815
163,vap_oth_b,pre_24_rep_tru,0.5331911589558161,0.1533418618012778,0.2537772715154184,0.8138794252730776
165,vap_white,pre_24_dem_har,0.2581706832882953,0.016915574651099708,0.22681094810748534,0.29226326151270343
165,vap_white,pre_24_rep_tru,0.7418293167117048,0.016915574651099708,0.7077367384872967,0.7731890518925147
165,vap_black,pre_24_dem_har,0.5066223962860215,0.20021159935699145,0.1331712907363736,0.8737432295773719
165,vap_black,pre_24_rep_tru,0.4933776037139786,0.20021159935699145,0.12625677042262806,0.8668287092636263
165,vap_hisp,pre_24_dem_har,0.576342097212638,0.13475999472794878,0.29655180438916084,0.8156125513092128
165,vap_hisp,pre_24_rep_tru,0.423657902787362,0.13475999472794878,0.18438744869078694,0.7034481956108393
165,vap_asian,pre_24_dem_har,0.5109740562015992,0.19445820467183608,0.15177553963343174,0.885457104101997
165,vap_asian,pre_24_rep_tru,0.48902594379840075,0.19445820467183608,0.11454289589800301,0.8482244603665683
165,vap_aian,pre_24_dem_har,0.5014443011596302,0.22421170109920757,0.07962981205446314,0.9186523217537655
165,vap_aian,pre_24_rep_tru,0.4985556988403697,0.22421170109920757,0.08134767824623446,0.9203701879455368
165,vap_oth_b,pre_24_dem_har,0.49113900307352754,0.17766693615841778,0.16140586551249106,0.8227267502056809
165,vap_oth_b,pre_24_rep_tru,0.5088609969264725,0.17766693615841778,0.17727324979431894,0.838594134487509
167,vap_white,pre_24_dem_har,0.27464152663327884,0.012492404724955868,0.25021688792482194,0.2991266166357512
167,vap_white,pre_24_rep_tru,0.7253584733667212,0.01249240472495587,0.7008733833642489,0.7497831120751781
167,vap_black,pre_24_dem_har,0.4850237777090769,0.21052594333827485,0.11931048171483365,0.9120961414173787
167,vap_black,pre_24_rep_tru,0.5149762222909231,0.21052594333827485,0.08790385858262117,0.8806895182851664
167,vap_hisp,pre_24_dem_har,0.4400995207003888,0.18023227031712916,0.1301220386136113,0.8061959681822713
167,vap_hisp,pre_24_rep_tru,0.5599004792996112,0.18023227031712916,0.1938040318177285,0.8698779613863884
167,vap_asian,pre_24_dem_har,0.5002955217918051,0.273877183381404,0.025899501498854914,0.971895291423113
167,vap_asian,pre_24_rep_tru,0.49970447820819486,0.273877183381404,0.028104708576886926,0.9741004985011451
167,vap_aian,pre_24_dem_har,0.4977717873745264,0.17927080343924828,0.16766465602934386,0.8351509444112236
167,vap_aian,pre_24_rep_tru,0.5022282126254737,0.17927080343924828,0.16484905558877658,0.8323353439706561
167,vap_oth_b,pre_24_dem_har,0.5143974109706768,0.1700123285206813,0.18502568654500942,0.8272429030766644
167,vap_oth_b,pre_24_rep_tru,0.4856025890293232,0.1700123285206813,0.17275709692333557,0.8149743134549905
169,vap_white,pre_24_dem_har,0.42390044081450207,0.008854054229762494,0.4068256229990553,0.44142553533953205
169,vap_white,pre_24_rep_tru,0.5760995591854979,0.008854054229762494,0.5585744646604679,0.5931743770009448
169,vap_black,pre_24_dem_har,0.5588600394686024,0.16769192070834726,0.23249911082504168,0.8496867127282458
169,vap_black,pre_24_rep_tru,0.4411399605313976,0.16769192070834726,0.1503132872717542,0.7675008891749583
169,vap_hisp,pre_24_dem_har,0.44176994607260184,0.1618731240475744,0.15529465918103522,0.7590161480222964
169,vap_hisp,pre_24_rep_tru,0.5582300539273982,0.1618731240475744,0.24098385197770356,0.8447053408189648
169,vap_asian,pre_24_dem_har,0.5509496292977814,0.163381522101936,0.23140267219526336,0.8460850942073123
169,vap_asian,pre_24_rep_tru,0.4490503707022187,0.163381522101936,0.15391490579268766,0.7685973278047367
169,vap_aian,pre_24_dem_har,0.5075522109047694,0.1766506903757434,0.17939846890822642,0.8346158037467954
169,vap_aian,pre_24_rep_tru,0.4924477890952305,0.1766506903757434,0.1653841962532045,0.8206015310917736
169,vap_oth_b,pre_24_dem_har,0.51513698004612,0.18028730326687945,0.18278210713789936,0.8453316648308675
169,vap_oth_b,pre_24_rep_tru,0.48486301995388,0.18028730326687945,0.1546683351691323,0.8172178928621004
171,vap_white,pre_24_dem_har,0.3035887874285135,0.0077404981831564945,0.2888004128951956,0.31912763994912346
171,vap_white,pre_24_rep_tru,0.6964112125714866,0.0077404981831564945,0.6808723600508766,0.7111995871048045
171,vap_black,pre_24_dem_har,0.555000490551571,0.17396313782033207,0.20528439825492265,0.8585411457507248
171,vap_black,pre_24_rep_tru,0.44499950944842903,0.17396313782033207,0.14145885424927507,0.7947156017450773
171,vap_hisp,pre_24_dem_har,0.5345004266130211,0.17165111097720254,0.18445084988953478,0.8446913449539268
171,vap_hisp,pre_24_rep_tru,0.46549957338697895,0.17165111097720254,0.15530865504607316,0.8155491501104652
171,vap_asian,pre_24_dem_har,0.5367130911630854,0.15576108433352384,0.23176790211540949,0.8214641846496381
171,vap_asian,pre_24_rep_tru,0.46328690883691465,0.15576108433352384,0.1785358153503618,0.7682320978845905
171,vap_aian,pre_24_dem_har,0.5316244506581701,0.1732017011122831,0.17979459981052867,0.8462199527859866
171,vap_aian,pre_24_rep_tru,0.4683755493418299,0.1732017011122831,0.1537800472140135,0.8202054001894711
171,vap_oth_b,pre_24_dem_har,0.4972684426934819,0.16110046381718404,0.2055265522865274,0.8108541677049744
171,vap_oth_b,pre_24_rep_tru,0.502731557306518,0.16110046381718404,0.1891458322950256,0.7944734477134725
173,vap_white,pre_24_dem_har,0.23128039168203332,0.011068589833908559,0.21012099978909804,0.2531207745224132
173,vap_white,pre_24_rep_tru,0.7687196083179667,0.011068589833908559,0.7468792254775869,0.7898790002109021
173,vap_black,pre_24_dem_har,0.5070955889229437,0.17857283477351113,0.1751037068830471,0.8416103974475132
173,vap_black,pre_24_rep_tru,0.4929044110770563,0.17857283477351113,0.1583896025524868,0.8248962931169526
173,vap_hisp,pre_24_dem_har,0.5374827232579338,0.16958890723556136,0.19835565213672912,0.846987908724918
173,vap_hisp,pre_24_rep_tru,0.4625172767420663,0.16958890723556136,0.15301209127508192,0.8016443478632709
173,vap_asian,pre_24_dem_har,0.48668570583767495,0.1776431471409431,0.15778716536423845,0.827630375828686
173,vap_asian,pre_24_rep_tru,0.513314294162325,0.1776431471409431,0.17236962417131382,0.8422128346357615
173,vap_aian,pre_24_dem_har,0.5990874017101756,0.17874493818200735,0.21593325324684198,0.8807398125283844
173,vap_aian,pre_24_rep_tru,0.40091259828982445,0.17874493818200735,0.1192601874716155,0.784066746753158
173,vap_oth_b,pre_24_dem_har,0.5599779231563765,0.16322910360094395,0.21930188734115827,0.837981802487811
173,vap_oth_b,pre_24_rep_tru,0.4400220768436236,0.16322910360094395,0.16201819751218885,0.7806981126588419
