"county","race","cand","mean","sd","ci_95_lower","ci_95_upper"
"Adams County","vap_white","pre_16_rep_tru",0.905222034618942,0.0342301284482701,0.817093372384254,0.953013856275615
"Adams County","vap_white","pre_16_dem_cli",0.0947779653810579,0.0342301284482701,0.0469861437243848,0.182906627615746
"Adams County","vap_black","pre_16_rep_tru",0.0711905593142514,0.0245571557232542,0.0352638939611275,0.132461743023398
"Adams County","vap_black","pre_16_dem_cli",0.928809440685749,0.0245571557232542,0.867538256976602,0.964736106038872
"Adams County","vap_hisp","pre_16_rep_tru",0.740723190884617,0.144274583326302,0.395992672081285,0.950545698288466
"Adams County","vap_hisp","pre_16_dem_cli",0.259276809115382,0.144274583326302,0.0494543017115335,0.604007327918715
"Adams County","vap_asian","pre_16_rep_tru",0.53608226985855,0.185503455560287,0.177264990501631,0.865564667466277
"Adams County","vap_asian","pre_16_dem_cli",0.46391773014145,0.185503455560287,0.134435332533723,0.822735009498369
"Adams County","vap_aian","pre_16_rep_tru",0.48661453306866,0.174486756990393,0.155284808262722,0.817189586933279
"Adams County","vap_aian","pre_16_dem_cli",0.51338546693134,0.174486756990393,0.18281041306672,0.844715191737277
"Adams County","vap_oth_b","pre_16_rep_tru",0.400031399604525,0.15985486907181,0.132713927664127,0.736115258013048
"Adams County","vap_oth_b","pre_16_dem_cli",0.599968600395475,0.15985486907181,0.263884741986952,0.867286072335873
"Adams County","vap_white","uss_18_rep_wic",0.926679580513683,0.0252250121740935,0.867844275516587,0.965591286133666
"Adams County","vap_white","uss_18_dem_bar",0.0733204194863168,0.0252250121740935,0.0344087138663338,0.132155724483413
"Adams County","vap_black","uss_18_rep_wic",0.041263218260594,0.0159380661965504,0.0166975746424699,0.0803583638796674
"Adams County","vap_black","uss_18_dem_bar",0.958736781739406,0.0159380661965504,0.919641636120333,0.98330242535753
"Adams County","vap_hisp","uss_18_rep_wic",0.683896496448893,0.132229446520054,0.380580695560985,0.90072873090545
"Adams County","vap_hisp","uss_18_dem_bar",0.316103503551107,0.132229446520054,0.0992712690945498,0.619419304439015
"Adams County","vap_asian","uss_18_rep_wic",0.520540163066802,0.179200006806695,0.178530036818033,0.850523332476978
"Adams County","vap_asian","uss_18_dem_bar",0.479459836933198,0.179200006806695,0.149476667523022,0.821469963181967
"Adams County","vap_aian","uss_18_rep_wic",0.516212959703401,0.181667758914745,0.181754203170223,0.868559759795815
"Adams County","vap_aian","uss_18_dem_bar",0.483787040296599,0.181667758914745,0.131440240204185,0.818245796829777
"Adams County","vap_oth_b","uss_18_rep_wic",0.423968693607577,0.164446573720859,0.129187027188167,0.756874876787629
"Adams County","vap_oth_b","uss_18_dem_bar",0.576031306392423,0.164446573720859,0.243125123212371,0.870812972811833
"Adams County","vap_white","pre_20_rep_tru",0.940297973431718,0.0177428691501576,0.89702960261523,0.967807259194283
"Adams County","vap_white","pre_20_dem_bid",0.0597020265682816,0.0177428691501576,0.0321927408057174,0.102970397384769
"Adams County","vap_black","pre_20_rep_tru",0.0225800565574173,0.0117604838367876,0.00625977244160047,0.0524839414070173
"Adams County","vap_black","pre_20_dem_bid",0.977419943442583,0.0117604838367876,0.947516058592983,0.9937402275584
"Adams County","vap_hisp","pre_20_rep_tru",0.750626811740426,0.113885680435166,0.482742824185975,0.930263133591806
"Adams County","vap_hisp","pre_20_dem_bid",0.249373188259574,0.113885680435166,0.0697368664081941,0.517257175814025
"Adams County","vap_asian","pre_20_rep_tru",0.526865211520785,0.184107481281724,0.176481318764724,0.867578052380033
"Adams County","vap_asian","pre_20_dem_bid",0.473134788479215,0.184107481281724,0.132421947619966,0.823518681235276
"Adams County","vap_aian","pre_20_rep_tru",0.509358255028417,0.178773005279668,0.159593843282326,0.851108415433439
"Adams County","vap_aian","pre_20_dem_bid",0.490641744971582,0.178773005279668,0.148891584566561,0.840406156717674
"Adams County","vap_oth_b","pre_20_rep_tru",0.450816217711826,0.15035121666844,0.177454817592342,0.752646739920003
"Adams County","vap_oth_b","pre_20_dem_bid",0.549183782288174,0.15035121666844,0.247353260079997,0.822545182407658
"Adams County","vap_white","uss_20_rep_hyd",0.904507396524288,0.0238763007794302,0.852093502396973,0.943354384120062
"Adams County","vap_white","uss_20_dem_esp",0.0954926034757118,0.0238763007794302,0.0566456158799378,0.147906497603027
"Adams County","vap_black","uss_20_rep_hyd",0.0217975171862698,0.0129701769827304,0.00477504899295987,0.0540151581698837
"Adams County","vap_black","uss_20_dem_esp",0.97820248281373,0.0129701769827304,0.945984841830116,0.99522495100704
"Adams County","vap_hisp","uss_20_rep_hyd",0.718955302965025,0.111032301340995,0.465863436066032,0.90636633919402
"Adams County","vap_hisp","uss_20_dem_esp",0.281044697034975,0.111032301340995,0.0936336608059793,0.534136563933967
"Adams County","vap_asian","uss_20_rep_hyd",0.481881631389163,0.193270927980469,0.122177700194953,0.843286915514641
"Adams County","vap_asian","uss_20_dem_esp",0.518118368610836,0.193270927980469,0.156713084485359,0.877822299805047
"Adams County","vap_aian","uss_20_rep_hyd",0.498769130488307,0.172694119198869,0.165915085581898,0.822838613217941
"Adams County","vap_aian","uss_20_dem_esp",0.501230869511693,0.172694119198869,0.177161386782059,0.834084914418102
"Adams County","vap_oth_b","uss_20_rep_hyd",0.339379494701394,0.147474555715114,0.0905291864782616,0.659033972308796
"Adams County","vap_oth_b","uss_20_dem_esp",0.660620505298606,0.147474555715114,0.340966027691204,0.909470813521738
"Alcorn County","vap_white","pre_16_rep_tru",0.914567779899191,0.0161246951003185,0.879713327252211,0.942131163987263
"Alcorn County","vap_white","pre_16_dem_cli",0.0854322201008088,0.0161246951003185,0.057868836012737,0.120286672747789
"Alcorn County","vap_black","pre_16_rep_tru",0.252092655492537,0.104951134014702,0.0847485299381074,0.49820665700809
"Alcorn County","vap_black","pre_16_dem_cli",0.747907344507463,0.104951134014702,0.50179334299191,0.915251470061892
"Alcorn County","vap_hisp","pre_16_rep_tru",0.439273700996792,0.168230775202498,0.143422596473595,0.769738640942453
"Alcorn County","vap_hisp","pre_16_dem_cli",0.560726299003208,0.168230775202498,0.230261359057547,0.856577403526405
"Alcorn County","vap_asian","pre_16_rep_tru",0.479013910517026,0.182219589837452,0.147590098870853,0.831420243897962
"Alcorn County","vap_asian","pre_16_dem_cli",0.520986089482974,0.182219589837452,0.168579756102038,0.852409901129147
"Alcorn County","vap_aian","pre_16_rep_tru",0.529937436697421,0.181720285854647,0.169351865839177,0.852039710317858
"Alcorn County","vap_aian","pre_16_dem_cli",0.470062563302579,0.181720285854647,0.147960289682142,0.830648134160823
"Alcorn County","vap_oth_b","pre_16_rep_tru",0.497501437255229,0.172497833639202,0.184023812811374,0.835004930523255
"Alcorn County","vap_oth_b","pre_16_dem_cli",0.502498562744771,0.172497833639202,0.164995069476746,0.815976187188626
"Alcorn County","vap_white","uss_18_rep_wic",0.921602140088395,0.0169053364815364,0.884105974054922,0.95007432262907
"Alcorn County","vap_white","uss_18_dem_bar",0.0783978599116049,0.0169053364815364,0.0499256773709297,0.115894025945078
"Alcorn County","vap_black","uss_18_rep_wic",0.241051161310329,0.106977037218373,0.0784232159211137,0.485678950840656
"Alcorn County","vap_black","uss_18_dem_bar",0.758948838689671,0.106977037218373,0.514321049159344,0.921576784078886
"Alcorn County","vap_hisp","uss_18_rep_wic",0.432392127841579,0.169326287934902,0.126247551179262,0.777759916717846
"Alcorn County","vap_hisp","uss_18_dem_bar",0.567607872158421,0.169326287934902,0.222240083282154,0.873752448820738
"Alcorn County","vap_asian","uss_18_rep_wic",0.479633713096699,0.180685667123386,0.147910610309634,0.821316234951884
"Alcorn County","vap_asian","uss_18_dem_bar",0.520366286903301,0.180685667123386,0.178683765048116,0.852089389690366
"Alcorn County","vap_aian","uss_18_rep_wic",0.497089040905324,0.17862118577688,0.169251241094837,0.833254586592158
"Alcorn County","vap_aian","uss_18_dem_bar",0.502910959094676,0.17862118577688,0.166745413407842,0.830748758905162
"Alcorn County","vap_oth_b","uss_18_rep_wic",0.422257822851016,0.172287812326455,0.134616679311415,0.789762063129214
"Alcorn County","vap_oth_b","uss_18_dem_bar",0.577742177148984,0.172287812326455,0.210237936870786,0.865383320688585
"Alcorn County","vap_white","pre_20_rep_tru",0.915236960799247,0.0162631222216376,0.878813912815769,0.943053059405505
"Alcorn County","vap_white","pre_20_dem_bid",0.0847630392007534,0.0162631222216376,0.0569469405944945,0.121186087184231
"Alcorn County","vap_black","pre_20_rep_tru",0.280337836296512,0.110815658672574,0.106310628835382,0.541643768361191
"Alcorn County","vap_black","pre_20_dem_bid",0.719662163703488,0.110815658672574,0.458356231638809,0.893689371164618
"Alcorn County","vap_hisp","pre_20_rep_tru",0.456079278774385,0.170805192593049,0.147924788768102,0.794238422429901
"Alcorn County","vap_hisp","pre_20_dem_bid",0.543920721225615,0.170805192593049,0.205761577570098,0.852075211231898
"Alcorn County","vap_asian","pre_20_rep_tru",0.489652973696893,0.180215480372301,0.163976886478446,0.84220595652759
"Alcorn County","vap_asian","pre_20_dem_bid",0.510347026303107,0.180215480372301,0.15779404347241,0.836023113521554
"Alcorn County","vap_aian","pre_20_rep_tru",0.519395648306535,0.186005421140146,0.155743163742039,0.861867189363063
"Alcorn County","vap_aian","pre_20_dem_bid",0.480604351693465,0.186005421140146,0.138132810636937,0.84425683625796
"Alcorn County","vap_oth_b","pre_20_rep_tru",0.487634112366874,0.166770780924955,0.169894205250513,0.806974408172311
"Alcorn County","vap_oth_b","pre_20_dem_bid",0.512365887633126,0.166770780924955,0.193025591827689,0.830105794749487
"Alcorn County","vap_white","uss_20_rep_hyd",0.847362233294252,0.0167929786164532,0.811425166650758,0.876638967934222
"Alcorn County","vap_white","uss_20_dem_esp",0.152637766705748,0.0167929786164532,0.123361032065778,0.188574833349242
"Alcorn County","vap_black","uss_20_rep_hyd",0.25611313447773,0.110614521993023,0.0768282166044165,0.496914256837399
"Alcorn County","vap_black","uss_20_dem_esp",0.74388686552227,0.110614521993023,0.503085743162601,0.923171783395584
"Alcorn County","vap_hisp","uss_20_rep_hyd",0.444353363139396,0.172076964751726,0.141472255774573,0.78020347615634
"Alcorn County","vap_hisp","uss_20_dem_esp",0.555646636860604,0.172076964751726,0.21979652384366,0.858527744225427
"Alcorn County","vap_asian","uss_20_rep_hyd",0.468636456279363,0.182064167678451,0.150703221441322,0.833621061760885
"Alcorn County","vap_asian","uss_20_dem_esp",0.531363543720637,0.182064167678451,0.166378938239115,0.849296778558678
"Alcorn County","vap_aian","uss_20_rep_hyd",0.508037576946296,0.186426430306983,0.163043153813886,0.847838962191139
"Alcorn County","vap_aian","uss_20_dem_esp",0.491962423053704,0.186426430306983,0.152161037808861,0.836956846186114
"Alcorn County","vap_oth_b","uss_20_rep_hyd",0.455914848289983,0.169136447547027,0.15305177959894,0.798617622177706
"Alcorn County","vap_oth_b","uss_20_dem_esp",0.544085151710017,0.169136447547027,0.201382377822294,0.84694822040106
"Amite County","vap_white","pre_16_rep_tru",0.930603446405192,0.021462664945379,0.880532178326727,0.962504155995104
"Amite County","vap_white","pre_16_dem_cli",0.0693965535948081,0.021462664945379,0.0374958440048955,0.119467821673273
"Amite County","vap_black","pre_16_rep_tru",0.11897541616443,0.0368671839098236,0.060841987714315,0.201919074639513
"Amite County","vap_black","pre_16_dem_cli",0.88102458383557,0.0368671839098236,0.798080925360487,0.939158012285685
"Amite County","vap_hisp","pre_16_rep_tru",0.539222969897989,0.165840221241412,0.205870069575883,0.839598004085045
"Amite County","vap_hisp","pre_16_dem_cli",0.460777030102011,0.165840221241412,0.160401995914955,0.794129930424117
"Amite County","vap_asian","pre_16_rep_tru",0.53958583856409,0.206857292380145,0.120527937092862,0.893948669837836
"Amite County","vap_asian","pre_16_dem_cli",0.46041416143591,0.206857292380145,0.106051330162164,0.879472062907138
"Amite County","vap_aian","pre_16_rep_tru",0.517307174522317,0.173048349542226,0.187441018934545,0.840663552533924
"Amite County","vap_aian","pre_16_dem_cli",0.482692825477683,0.173048349542226,0.159336447466076,0.812558981065455
"Amite County","vap_oth_b","pre_16_rep_tru",0.503579593040518,0.185524916811212,0.137276520059356,0.846324084820302
"Amite County","vap_oth_b","pre_16_dem_cli",0.496420406959482,0.185524916811212,0.153675915179699,0.862723479940644
"Amite County","vap_white","uss_18_rep_wic",0.943748445947275,0.021032233883542,0.892313284276999,0.975936008236604
"Amite County","vap_white","uss_18_dem_bar",0.0562515540527248,0.021032233883542,0.0240639917633955,0.107686715723001
"Amite County","vap_black","uss_18_rep_wic",0.107324747985205,0.0353897455211351,0.052919120573604,0.193296381352105
"Amite County","vap_black","uss_18_dem_bar",0.892675252014795,0.0353897455211351,0.806703618647895,0.947080879426396
"Amite County","vap_hisp","uss_18_rep_wic",0.522693912249481,0.169399058755534,0.181216410366804,0.831844655497205
"Amite County","vap_hisp","uss_18_dem_bar",0.477306087750519,0.169399058755534,0.168155344502794,0.818783589633196
"Amite County","vap_asian","uss_18_rep_wic",0.546513644889055,0.195582702981632,0.159117614303336,0.891503203382329
"Amite County","vap_asian","uss_18_dem_bar",0.453486355110945,0.195582702981632,0.108496796617671,0.840882385696663
"Amite County","vap_aian","uss_18_rep_wic",0.487063466835433,0.189014004406625,0.121083856569349,0.836357146764968
"Amite County","vap_aian","uss_18_dem_bar",0.512936533164567,0.189014004406625,0.163642853235032,0.878916143430651
"Amite County","vap_oth_b","uss_18_rep_wic",0.526909179050497,0.171684508464428,0.190210615065932,0.84473254977524
"Amite County","vap_oth_b","uss_18_dem_bar",0.473090820949503,0.171684508464428,0.15526745022476,0.809789384934068
"Amite County","vap_white","pre_20_rep_tru",0.94166122030944,0.022495428631087,0.884916294376079,0.972107537141978
"Amite County","vap_white","pre_20_dem_bid",0.0583387796905595,0.022495428631087,0.0278924628580217,0.115083705623921
"Amite County","vap_black","pre_20_rep_tru",0.1249167088839,0.0398839794511485,0.065165657332761,0.22161630429263
"Amite County","vap_black","pre_20_dem_bid",0.8750832911161,0.0398839794511485,0.77838369570737,0.934834342667239
"Amite County","vap_hisp","pre_20_rep_tru",0.549083844030637,0.163540809423175,0.233001496158374,0.850256949990539
"Amite County","vap_hisp","pre_20_dem_bid",0.450916155969363,0.163540809423175,0.149743050009461,0.766998503841626
"Amite County","vap_asian","pre_20_rep_tru",0.531947344195608,0.202957134937855,0.139622693654791,0.898771248230729
"Amite County","vap_asian","pre_20_dem_bid",0.468052655804392,0.202957134937855,0.101228751769271,0.860377306345209
"Amite County","vap_aian","pre_20_rep_tru",0.494664173449,0.174513914524937,0.163271681696412,0.828929367483808
"Amite County","vap_aian","pre_20_dem_bid",0.505335826551,0.174513914524937,0.171070632516192,0.836728318303588
"Amite County","vap_oth_b","pre_20_rep_tru",0.525958732512023,0.171550980210235,0.189350260212468,0.83891283341269
"Amite County","vap_oth_b","pre_20_dem_bid",0.474041267487978,0.171550980210235,0.16108716658731,0.810649739787532
"Amite County","vap_white","uss_20_rep_hyd",0.937244613721464,0.018188656625972,0.895953838607922,0.965821513107849
"Amite County","vap_white","uss_20_dem_esp",0.0627553862785359,0.018188656625972,0.0341784868921506,0.104046161392078
"Amite County","vap_black","uss_20_rep_hyd",0.0849256318917754,0.0296770223179801,0.0381534336318133,0.154065098967092
"Amite County","vap_black","uss_20_dem_esp",0.915074368108224,0.0296770223179801,0.845934901032908,0.961846566368187
"Amite County","vap_hisp","uss_20_rep_hyd",0.535649702011416,0.171157341084049,0.179761976200583,0.847971145129332
"Amite County","vap_hisp","uss_20_dem_esp",0.464350297988584,0.171157341084049,0.152028854870668,0.820238023799417
"Amite County","vap_asian","uss_20_rep_hyd",0.508944164551291,0.202035382396806,0.106434979384734,0.87174417492229
"Amite County","vap_asian","uss_20_dem_esp",0.491055835448709,0.202035382396806,0.12825582507771,0.893565020615266
"Amite County","vap_aian","uss_20_rep_hyd",0.497390801638226,0.179634134736472,0.164511475733564,0.832994010292707
"Amite County","vap_aian","uss_20_dem_esp",0.502609198361774,0.179634134736472,0.167005989707293,0.835488524266436
"Amite County","vap_oth_b","uss_20_rep_hyd",0.493397105101401,0.160192884128944,0.197623659311009,0.804457468028629
"Amite County","vap_oth_b","uss_20_dem_esp",0.506602894898599,0.160192884128944,0.195542531971371,0.802376340688991
"Attala County","vap_white","pre_16_rep_tru",0.940006057847962,0.0216995843545194,0.890109444649398,0.971639033087925
"Attala County","vap_white","pre_16_dem_cli",0.0599939421520381,0.0216995843545194,0.028360966912075,0.109890555350602
"Attala County","vap_black","pre_16_rep_tru",0.142736801763861,0.0439201091512281,0.0786043711310616,0.247770984695985
"Attala County","vap_black","pre_16_dem_cli",0.857263198236139,0.0439201091512281,0.752229015304015,0.921395628868938
"Attala County","vap_hisp","pre_16_rep_tru",0.554413216308449,0.167017985960056,0.217817879398522,0.849259949004049
"Attala County","vap_hisp","pre_16_dem_cli",0.44558678369155,0.167017985960056,0.150740050995951,0.782182120601478
"Attala County","vap_asian","pre_16_rep_tru",0.48334676461314,0.199714932659458,0.128505157015554,0.87013491106222
"Attala County","vap_asian","pre_16_dem_cli",0.51665323538686,0.199714932659458,0.129865088937779,0.871494842984446
"Attala County","vap_aian","pre_16_rep_tru",0.502897441672853,0.175895048022495,0.167565021141502,0.837594108558041
"Attala County","vap_aian","pre_16_dem_cli",0.497102558327147,0.175895048022495,0.162405891441959,0.832434978858498
"Attala County","vap_oth_b","pre_16_rep_tru",0.556276776761016,0.172591063423554,0.206703051481464,0.850965810625689
"Attala County","vap_oth_b","pre_16_dem_cli",0.443723223238984,0.172591063423554,0.149034189374311,0.793296948518536
"Attala County","vap_white","uss_18_rep_wic",0.951970781398648,0.0178368581342839,0.91196298596343,0.980372039937717
"Attala County","vap_white","uss_18_dem_bar",0.0480292186013523,0.0178368581342839,0.0196279600622831,0.0880370140365699
"Attala County","vap_black","uss_18_rep_wic",0.160584593295549,0.0394307983402428,0.0945757719861956,0.24794773415303
"Attala County","vap_black","uss_18_dem_bar",0.839415406704451,0.0394307983402428,0.75205226584697,0.905424228013804
"Attala County","vap_hisp","uss_18_rep_wic",0.562724515446017,0.171682415379729,0.213111467427806,0.87240996569202
"Attala County","vap_hisp","uss_18_dem_bar",0.437275484553983,0.171682415379729,0.12759003430798,0.786888532572194
"Attala County","vap_asian","uss_18_rep_wic",0.483240625575154,0.192824540878571,0.125276858446287,0.863709892273715
"Attala County","vap_asian","uss_18_dem_bar",0.516759374424846,0.192824540878571,0.136290107726285,0.874723141553713
"Attala County","vap_aian","uss_18_rep_wic",0.524372258546494,0.17970787255696,0.191049396401866,0.854289657257552
"Attala County","vap_aian","uss_18_dem_bar",0.475627741453506,0.17970787255696,0.145710342742448,0.808950603598134
"Attala County","vap_oth_b","uss_18_rep_wic",0.564604253764453,0.173073284447008,0.216697104073167,0.889157716034117
"Attala County","vap_oth_b","uss_18_dem_bar",0.435395746235547,0.173073284447008,0.110842283965883,0.783302895926833
"Attala County","vap_white","pre_20_rep_tru",0.947451288201123,0.0165835396120871,0.909274008039792,0.973382272187309
"Attala County","vap_white","pre_20_dem_bid",0.0525487117988766,0.0165835396120871,0.0266177278126913,0.0907259919602083
"Attala County","vap_black","pre_20_rep_tru",0.112817509869733,0.0345126276165725,0.0560908653158573,0.192801806786696
"Attala County","vap_black","pre_20_dem_bid",0.887182490130267,0.0345126276165725,0.807198193213304,0.943909134684143
"Attala County","vap_hisp","pre_20_rep_tru",0.521112163649803,0.160626415698559,0.208623750981089,0.812620986715167
"Attala County","vap_hisp","pre_20_dem_bid",0.478887836350197,0.160626415698559,0.187379013284833,0.791376249018911
"Attala County","vap_asian","pre_20_rep_tru",0.491660945190979,0.1897667641455,0.139212319856971,0.847724568584851
"Attala County","vap_asian","pre_20_dem_bid",0.508339054809021,0.1897667641455,0.152275431415149,0.860787680143029
"Attala County","vap_aian","pre_20_rep_tru",0.487359343593529,0.184352876593865,0.137603515713802,0.843721824333444
"Attala County","vap_aian","pre_20_dem_bid",0.512640656406471,0.184352876593865,0.156278175666556,0.862396484286198
"Attala County","vap_oth_b","pre_20_rep_tru",0.549481281060553,0.166969490611517,0.234831211900033,0.852952051552233
"Attala County","vap_oth_b","pre_20_dem_bid",0.450518718939447,0.166969490611517,0.147047948447767,0.765168788099967
"Attala County","vap_white","uss_20_rep_hyd",0.916438152633134,0.0188505783408207,0.874193343643353,0.94790653549572
"Attala County","vap_white","uss_20_dem_esp",0.0835618473668663,0.0188505783408207,0.0520934645042804,0.125806656356647
"Attala County","vap_black","uss_20_rep_hyd",0.085320422703264,0.0342824127085184,0.0312196601460935,0.162293135148815
"Attala County","vap_black","uss_20_dem_esp",0.914679577296736,0.0342824127085184,0.837706864851185,0.968780339853907
"Attala County","vap_hisp","uss_20_rep_hyd",0.529016825698533,0.188430049219927,0.192463991371558,0.893714528064664
"Attala County","vap_hisp","uss_20_dem_esp",0.470983174301467,0.188430049219927,0.106285471935335,0.807536008628441
"Attala County","vap_asian","uss_20_rep_hyd",0.472411062659692,0.187117388431711,0.12937111311578,0.823950328524254
"Attala County","vap_asian","uss_20_dem_esp",0.527588937340308,0.187117388431711,0.176049671475746,0.87062888688422
"Attala County","vap_aian","uss_20_rep_hyd",0.507041901127553,0.178863228040788,0.177853013959618,0.844656635278936
"Attala County","vap_aian","uss_20_dem_esp",0.492958098872447,0.178863228040788,0.155343364721064,0.822146986040382
"Attala County","vap_oth_b","uss_20_rep_hyd",0.487587514460178,0.166181733118122,0.181725511978522,0.802645825267737
"Attala County","vap_oth_b","uss_20_dem_esp",0.512412485539822,0.166181733118122,0.197354174732263,0.818274488021478
"Benton County","vap_white","pre_16_rep_tru",0.759137181543062,0.0532963803856918,0.646720389487304,0.851220389751082
"Benton County","vap_white","pre_16_dem_cli",0.240862818456938,0.0532963803856918,0.148779610248918,0.353279610512696
"Benton County","vap_black","pre_16_rep_tru",0.221045724777185,0.0952210350390276,0.0584047944416943,0.421496554866347
"Benton County","vap_black","pre_16_dem_cli",0.778954275222815,0.0952210350390276,0.578503445133653,0.941595205558306
"Benton County","vap_hisp","pre_16_rep_tru",0.480635950620849,0.20382453638096,0.109512016549157,0.867693195990024
"Benton County","vap_hisp","pre_16_dem_cli",0.51936404937915,0.20382453638096,0.132306804009975,0.890487983450843
"Benton County","vap_asian","pre_16_rep_tru",0.486412606866813,0.27375394208413,0.0219014686705048,0.970980338532368
"Benton County","vap_asian","pre_16_dem_cli",0.513587393133187,0.27375394208413,0.0290196614676322,0.978098531329495
"Benton County","vap_aian","pre_16_rep_tru",0.4910278984239,0.20175721810245,0.112985087698915,0.865566752778701
"Benton County","vap_aian","pre_16_dem_cli",0.5089721015761,0.20175721810245,0.134433247221299,0.887014912301085
"Benton County","vap_oth_b","pre_16_rep_tru",0.494418679893836,0.195529081837093,0.128404699530996,0.867678183240322
"Benton County","vap_oth_b","pre_16_dem_cli",0.505581320106164,0.195529081837093,0.132321816759678,0.871595300469004
"Benton County","vap_white","uss_18_rep_wic",0.807815379248365,0.068474261309894,0.656004586364507,0.918317435323547
"Benton County","vap_white","uss_18_dem_bar",0.192184620751636,0.068474261309894,0.081682564676453,0.343995413635493
"Benton County","vap_black","uss_18_rep_wic",0.231541793062608,0.121460170000614,0.041613703374979,0.499017671047362
"Benton County","vap_black","uss_18_dem_bar",0.768458206937392,0.121460170000614,0.500982328952638,0.958386296625021
"Benton County","vap_hisp","uss_18_rep_wic",0.482227628339541,0.204926371314485,0.111854551571311,0.873760955981472
"Benton County","vap_hisp","uss_18_dem_bar",0.517772371660459,0.204926371314485,0.126239044018527,0.888145448428689
"Benton County","vap_asian","uss_18_rep_wic",0.49711439608437,0.278126053219966,0.0261246457614451,0.977277236556092
"Benton County","vap_asian","uss_18_dem_bar",0.50288560391563,0.278126053219966,0.022722763443908,0.973875354238555
"Benton County","vap_aian","uss_18_rep_wic",0.496657351964228,0.202091619225472,0.121874691794952,0.881557187326583
"Benton County","vap_aian","uss_18_dem_bar",0.503342648035772,0.202091619225472,0.118442812673417,0.878125308205048
"Benton County","vap_oth_b","uss_18_rep_wic",0.492980332302571,0.197716862701834,0.123634260506912,0.867640655541181
"Benton County","vap_oth_b","uss_18_dem_bar",0.507019667697429,0.197716862701834,0.132359344458819,0.876365739493088
"Benton County","vap_white","pre_20_rep_tru",0.792045882784478,0.0683822084246327,0.647011068849608,0.900043935728101
"Benton County","vap_white","pre_20_dem_bid",0.207954117215522,0.0683822084246327,0.0999560642718989,0.352988931150392
"Benton County","vap_black","pre_20_rep_tru",0.261793319720722,0.122755339760837,0.0671199321654543,0.517797852618448
"Benton County","vap_black","pre_20_dem_bid",0.738206680279278,0.122755339760837,0.482202147381552,0.932880067834546
"Benton County","vap_hisp","pre_20_rep_tru",0.495635584443262,0.202767385452731,0.126409309485857,0.876394464825861
"Benton County","vap_hisp","pre_20_dem_bid",0.504364415556738,0.202767385452731,0.123605535174139,0.873590690514143
"Benton County","vap_asian","pre_20_rep_tru",0.506498232057457,0.272267588222779,0.0354417113710735,0.973404533569428
"Benton County","vap_asian","pre_20_dem_bid",0.493501767942543,0.272267588222779,0.0265954664305725,0.964558288628926
"Benton County","vap_aian","pre_20_rep_tru",0.506625280052244,0.206475899430429,0.115190116420116,0.883870552131221
"Benton County","vap_aian","pre_20_dem_bid",0.493374719947756,0.206475899430429,0.116129447868779,0.884809883579884
"Benton County","vap_oth_b","pre_20_rep_tru",0.498249878904828,0.190190082485925,0.135621021391843,0.856626538764491
"Benton County","vap_oth_b","pre_20_dem_bid",0.501750121095172,0.190190082485925,0.143373461235509,0.864378978608157
"Benton County","vap_white","uss_20_rep_hyd",0.741480269830996,0.0640626454856337,0.604517322265595,0.844944436790485
"Benton County","vap_white","uss_20_dem_esp",0.258519730169004,0.0640626454856337,0.155055563209515,0.395482677734405
"Benton County","vap_black","uss_20_rep_hyd",0.214799083197668,0.113775219254434,0.0349791565179867,0.464579685290881
"Benton County","vap_black","uss_20_dem_esp",0.785200916802332,0.113775219254434,0.535420314709119,0.965020843482013
"Benton County","vap_hisp","uss_20_rep_hyd",0.479618191819154,0.202149941567061,0.107255362171724,0.86777935227758
"Benton County","vap_hisp","uss_20_dem_esp",0.520381808180846,0.202149941567061,0.13222064772242,0.892744637828276
"Benton County","vap_asian","uss_20_rep_hyd",0.490083902518127,0.274058528824102,0.0254149873679175,0.973353106804709
"Benton County","vap_asian","uss_20_dem_esp",0.509916097481873,0.274058528824102,0.0266468931952909,0.974585012632082
"Benton County","vap_aian","uss_20_rep_hyd",0.499928752991279,0.204477168054129,0.117761610540212,0.885281349142537
"Benton County","vap_aian","uss_20_dem_esp",0.500071247008721,0.204477168054129,0.114718650857463,0.882238389459788
"Benton County","vap_oth_b","uss_20_rep_hyd",0.487393369176006,0.192256606083981,0.13189276778332,0.857198961021418
"Benton County","vap_oth_b","uss_20_dem_esp",0.512606630823994,0.192256606083981,0.142801038978582,0.86810723221668
"Bolivar County","vap_white","pre_16_rep_tru",0.877387613889551,0.0220483529570189,0.825416057072617,0.913993452548039
"Bolivar County","vap_white","pre_16_dem_cli",0.122612386110449,0.0220483529570189,0.0860065474519613,0.174583942927383
"Bolivar County","vap_black","pre_16_rep_tru",0.0335651314173177,0.0115598522879136,0.0155426111185728,0.0605439163982159
"Bolivar County","vap_black","pre_16_dem_cli",0.966434868582682,0.0115598522879136,0.939456083601784,0.984457388881427
"Bolivar County","vap_hisp","pre_16_rep_tru",0.420537175413985,0.161831739795124,0.109006112389602,0.740916880925344
"Bolivar County","vap_hisp","pre_16_dem_cli",0.579462824586015,0.161831739795124,0.259083119074656,0.890993887610398
"Bolivar County","vap_asian","pre_16_rep_tru",0.623814539364402,0.160551547098315,0.286660991592082,0.894887513396663
"Bolivar County","vap_asian","pre_16_dem_cli",0.376185460635598,0.160551547098315,0.105112486603337,0.713339008407918
"Bolivar County","vap_aian","pre_16_rep_tru",0.291541810436866,0.225312832902536,0.018048227054726,0.758397849342441
"Bolivar County","vap_aian","pre_16_dem_cli",0.708458189563134,0.225312832902536,0.241602150657559,0.981951772945274
"Bolivar County","vap_oth_b","pre_16_rep_tru",0.531176659209389,0.151319746540615,0.232994424972039,0.805042506011355
"Bolivar County","vap_oth_b","pre_16_dem_cli",0.468823340790611,0.151319746540615,0.194957493988645,0.767005575027961
"Bolivar County","vap_white","uss_18_rep_wic",0.929190978398112,0.0180987430570398,0.888413367780398,0.958970631898332
"Bolivar County","vap_white","uss_18_dem_bar",0.0708090216018884,0.0180987430570398,0.0410293681016683,0.111586632219602
"Bolivar County","vap_black","uss_18_rep_wic",0.0498207855275212,0.0116107487417174,0.0302161192768359,0.075268090107715
"Bolivar County","vap_black","uss_18_dem_bar",0.950179214472479,0.0116107487417174,0.924731909892285,0.969783880723164
"Bolivar County","vap_hisp","uss_18_rep_wic",0.498411619162325,0.155235743689001,0.205704851251507,0.798173311351788
"Bolivar County","vap_hisp","uss_18_dem_bar",0.501588380837675,0.155235743689001,0.201826688648211,0.794295148748493
"Bolivar County","vap_asian","uss_18_rep_wic",0.571428495309654,0.171346786018306,0.204902206526438,0.866067222991696
"Bolivar County","vap_asian","uss_18_dem_bar",0.428571504690346,0.171346786018306,0.133932777008304,0.795097793473562
"Bolivar County","vap_aian","uss_18_rep_wic",0.504894868903165,0.180298870842574,0.166407411429078,0.844490715324236
"Bolivar County","vap_aian","uss_18_dem_bar",0.495105131096835,0.180298870842574,0.155509284675763,0.833592588570922
"Bolivar County","vap_oth_b","uss_18_rep_wic",0.556133079002542,0.165568012249905,0.210079685812076,0.851351831988705
"Bolivar County","vap_oth_b","uss_18_dem_bar",0.443866920997459,0.165568012249905,0.148648168011295,0.789920314187924
"Bolivar County","vap_white","pre_20_rep_tru",0.896277333521017,0.0219391067088367,0.846337762200786,0.932133975830097
"Bolivar County","vap_white","pre_20_dem_bid",0.103722666478983,0.0219391067088367,0.0678660241699029,0.153662237799214
"Bolivar County","vap_black","pre_20_rep_tru",0.0343497806060318,0.0104565449155612,0.0179539405060502,0.0583742615932689
"Bolivar County","vap_black","pre_20_dem_bid",0.965650219393968,0.0104565449155612,0.941625738406731,0.98204605949395
"Bolivar County","vap_hisp","pre_20_rep_tru",0.413615203092744,0.159978768011607,0.136948012843488,0.738922008718896
"Bolivar County","vap_hisp","pre_20_dem_bid",0.586384796907256,0.159978768011607,0.261077991281104,0.863051987156513
"Bolivar County","vap_asian","pre_20_rep_tru",0.526179237291158,0.173281500915896,0.190739390867305,0.844041986159558
"Bolivar County","vap_asian","pre_20_dem_bid",0.473820762708842,0.173281500915896,0.155958013840442,0.809260609132694
"Bolivar County","vap_aian","pre_20_rep_tru",0.507340532843764,0.171740346065947,0.183197239787602,0.831025457672531
"Bolivar County","vap_aian","pre_20_dem_bid",0.492659467156236,0.171740346065947,0.168974542327469,0.816802760212398
"Bolivar County","vap_oth_b","pre_20_rep_tru",0.508156267910257,0.152430544171766,0.225708686402593,0.801106443684484
"Bolivar County","vap_oth_b","pre_20_dem_bid",0.491843732089743,0.152430544171766,0.198893556315516,0.774291313597407
"Bolivar County","vap_white","uss_20_rep_hyd",0.841917340941527,0.0242919566507574,0.790708689982427,0.886125064278723
"Bolivar County","vap_white","uss_20_dem_esp",0.158082659058473,0.0242919566507574,0.113874935721277,0.209291310017573
"Bolivar County","vap_black","uss_20_rep_hyd",0.0275666111016668,0.00941460041377038,0.0123684836470501,0.0486713704464706
"Bolivar County","vap_black","uss_20_dem_esp",0.972433388898333,0.00941460041377038,0.951328629553529,0.98763151635295
"Bolivar County","vap_hisp","uss_20_rep_hyd",0.339378753722391,0.144260520062137,0.107918074965064,0.652927638306778
"Bolivar County","vap_hisp","uss_20_dem_esp",0.660621246277609,0.144260520062137,0.347072361693222,0.892081925034936
"Bolivar County","vap_asian","uss_20_rep_hyd",0.490288924759241,0.178974050987233,0.150220137779069,0.826109489105056
"Bolivar County","vap_asian","uss_20_dem_esp",0.509711075240759,0.178974050987233,0.173890510894943,0.849779862220931
"Bolivar County","vap_aian","uss_20_rep_hyd",0.485266621365301,0.182353617463304,0.162569558968274,0.842448802699025
"Bolivar County","vap_aian","uss_20_dem_esp",0.514733378634699,0.182353617463304,0.157551197300975,0.837430441031725
"Bolivar County","vap_oth_b","uss_20_rep_hyd",0.370840865233644,0.138952195697975,0.133280919061722,0.671272555147196
"Bolivar County","vap_oth_b","uss_20_dem_esp",0.629159134766356,0.138952195697975,0.328727444852804,0.866719080938278
"Calhoun County","vap_white","pre_16_rep_tru",0.906147345592515,0.032541458898501,0.833532599809795,0.956516721516497
"Calhoun County","vap_white","pre_16_dem_cli",0.0938526544074849,0.032541458898501,0.0434832784835035,0.166467400190205
"Calhoun County","vap_black","pre_16_rep_tru",0.179917911454741,0.0850279022928552,0.0524653673713611,0.372533594556709
"Calhoun County","vap_black","pre_16_dem_cli",0.820082088545259,0.0850279022928552,0.627466405443291,0.947534632628639
"Calhoun County","vap_hisp","pre_16_rep_tru",0.493701700268418,0.179330371801743,0.153802373372421,0.847132325708069
"Calhoun County","vap_hisp","pre_16_dem_cli",0.506298299731582,0.179330371801743,0.152867674291931,0.846197626627579
"Calhoun County","vap_asian","pre_16_rep_tru",0.499805634122462,0.188225641584109,0.148902669844201,0.854458475070155
"Calhoun County","vap_asian","pre_16_dem_cli",0.500194365877538,0.188225641584109,0.145541524929845,0.851097330155798
"Calhoun County","vap_aian","pre_16_rep_tru",0.487613485231658,0.205697199468101,0.0987372824615555,0.872049494360857
"Calhoun County","vap_aian","pre_16_dem_cli",0.512386514768343,0.205697199468101,0.127950505639143,0.901262717538444
"Calhoun County","vap_oth_b","pre_16_rep_tru",0.511688498883825,0.181274092958073,0.166356152939952,0.846432107986936
"Calhoun County","vap_oth_b","pre_16_dem_cli",0.488311501116175,0.181274092958073,0.153567892013064,0.833643847060048
"Calhoun County","vap_white","uss_18_rep_wic",0.92341649930257,0.0294523763228231,0.856266017395615,0.970894983211575
"Calhoun County","vap_white","uss_18_dem_bar",0.0765835006974303,0.0294523763228231,0.0291050167884252,0.143733982604385
"Calhoun County","vap_black","uss_18_rep_wic",0.23912974133042,0.0832390879758083,0.102885652775628,0.42434717587565
"Calhoun County","vap_black","uss_18_dem_bar",0.76087025866958,0.0832390879758083,0.57565282412435,0.897114347224372
"Calhoun County","vap_hisp","uss_18_rep_wic",0.558401068136434,0.186038164710016,0.17886558382686,0.87180610988889
"Calhoun County","vap_hisp","uss_18_dem_bar",0.441598931863566,0.186038164710016,0.12819389011111,0.82113441617314
"Calhoun County","vap_asian","uss_18_rep_wic",0.493011275551474,0.187896985827944,0.130836114442667,0.844086984168754
"Calhoun County","vap_asian","uss_18_dem_bar",0.506988724448526,0.187896985827944,0.155913015831246,0.869163885557333
"Calhoun County","vap_aian","uss_18_rep_wic",0.481033464650602,0.196932621096075,0.118218252890609,0.855669706184899
"Calhoun County","vap_aian","uss_18_dem_bar",0.518966535349398,0.196932621096075,0.144330293815101,0.881781747109391
"Calhoun County","vap_oth_b","uss_18_rep_wic",0.495382993753283,0.186356149325203,0.1233999336414,0.837000576882599
"Calhoun County","vap_oth_b","uss_18_dem_bar",0.504617006246717,0.186356149325203,0.162999423117401,0.8766000663586
"Calhoun County","vap_white","pre_20_rep_tru",0.906099278035262,0.0327913510852423,0.825599670198923,0.95381515375344
"Calhoun County","vap_white","pre_20_dem_bid",0.0939007219647384,0.0327913510852423,0.0461848462465598,0.174400329801077
"Calhoun County","vap_black","pre_20_rep_tru",0.205872201527386,0.0889157838728261,0.0739328558665045,0.416972547997693
"Calhoun County","vap_black","pre_20_dem_bid",0.794127798472614,0.0889157838728261,0.583027452002307,0.926067144133496
"Calhoun County","vap_hisp","pre_20_rep_tru",0.547380315955889,0.178114180342024,0.196198504140325,0.887302336679916
"Calhoun County","vap_hisp","pre_20_dem_bid",0.452619684044111,0.178114180342024,0.112697663320084,0.803801495859675
"Calhoun County","vap_asian","pre_20_rep_tru",0.494133904828737,0.189206877462243,0.138205211123084,0.85375374532114
"Calhoun County","vap_asian","pre_20_dem_bid",0.505866095171263,0.189206877462243,0.14624625467886,0.861794788876916
"Calhoun County","vap_aian","pre_20_rep_tru",0.515138920894315,0.19608489243636,0.145883375025885,0.884523165921799
"Calhoun County","vap_aian","pre_20_dem_bid",0.484861079105685,0.19608489243636,0.115476834078201,0.854116624974115
"Calhoun County","vap_oth_b","pre_20_rep_tru",0.49706960830871,0.185008806343333,0.151947599712049,0.846119624621806
"Calhoun County","vap_oth_b","pre_20_dem_bid",0.50293039169129,0.185008806343333,0.153880375378193,0.848052400287951
"Calhoun County","vap_white","uss_20_rep_hyd",0.870312463095423,0.0353887675033774,0.783985945352508,0.923771092789669
"Calhoun County","vap_white","uss_20_dem_esp",0.129687536904577,0.0353887675033774,0.0762289072103313,0.216014054647492
"Calhoun County","vap_black","uss_20_rep_hyd",0.166830385760735,0.0910273893503899,0.0339335619533677,0.38615502486409
"Calhoun County","vap_black","uss_20_dem_esp",0.833169614239265,0.0910273893503899,0.61384497513591,0.966066438046632
"Calhoun County","vap_hisp","uss_20_rep_hyd",0.488847772908639,0.187945075111303,0.150795068039089,0.865082157958429
"Calhoun County","vap_hisp","uss_20_dem_esp",0.511152227091361,0.187945075111303,0.134917842041571,0.849204931960911
"Calhoun County","vap_asian","uss_20_rep_hyd",0.513347238016001,0.188168452432279,0.152647616845984,0.860498851249981
"Calhoun County","vap_asian","uss_20_dem_esp",0.486652761983999,0.188168452432279,0.139501148750019,0.847352383154016
"Calhoun County","vap_aian","uss_20_rep_hyd",0.50530515964112,0.193205812464529,0.13988709940093,0.871318595339265
"Calhoun County","vap_aian","uss_20_dem_esp",0.49469484035888,0.193205812464529,0.128681404660735,0.86011290059907
"Calhoun County","vap_oth_b","uss_20_rep_hyd",0.490765622570358,0.179018326179874,0.153073805702219,0.831210843836781
"Calhoun County","vap_oth_b","uss_20_dem_esp",0.509234377429642,0.179018326179874,0.168789156163219,0.846926194297781
"Carroll County","vap_white","pre_16_rep_tru",0.946911517540865,0.0240422031700283,0.889198427541515,0.98019771266001
"Carroll County","vap_white","pre_16_dem_cli",0.0530884824591352,0.0240422031700283,0.0198022873399899,0.110801572458485
"Carroll County","vap_black","pre_16_rep_tru",0.141732981041255,0.0563619125305273,0.0628896116309703,0.279062145191166
"Carroll County","vap_black","pre_16_dem_cli",0.858267018958745,0.0563619125305273,0.720937854808834,0.93711038836903
"Carroll County","vap_hisp","pre_16_rep_tru",0.542722996683352,0.183724101004176,0.146738828066045,0.863328207865406
"Carroll County","vap_hisp","pre_16_dem_cli",0.457277003316648,0.183724101004176,0.136671792134594,0.853261171933955
"Carroll County","vap_asian","pre_16_rep_tru",0.523911409180875,0.180737013485044,0.171495781966128,0.849033973514365
"Carroll County","vap_asian","pre_16_dem_cli",0.476088590819125,0.180737013485044,0.150966026485635,0.828504218033872
"Carroll County","vap_aian","pre_16_rep_tru",0.381207718252392,0.2440138885612,0.0230547457712008,0.855346127943498
"Carroll County","vap_aian","pre_16_dem_cli",0.618792281747608,0.2440138885612,0.144653872056502,0.976945254228799
"Carroll County","vap_oth_b","pre_16_rep_tru",0.519932006137897,0.16116623273461,0.202686341833947,0.814244438494929
"Carroll County","vap_oth_b","pre_16_dem_cli",0.480067993862103,0.16116623273461,0.185755561505071,0.797313658166052
"Carroll County","vap_white","uss_18_rep_wic",0.955809647057231,0.0216704997833893,0.904892050535618,0.987474583187125
"Carroll County","vap_white","uss_18_dem_bar",0.0441903529427694,0.0216704997833893,0.0125254168128746,0.0951079494643824
"Carroll County","vap_black","uss_18_rep_wic",0.178553977692959,0.0526897164581841,0.0978657204820648,0.302211001234829
"Carroll County","vap_black","uss_18_dem_bar",0.821446022307041,0.0526897164581841,0.697788998765171,0.902134279517935
"Carroll County","vap_hisp","uss_18_rep_wic",0.533506915682721,0.183172849963891,0.180898655831961,0.876284226599369
"Carroll County","vap_hisp","uss_18_dem_bar",0.466493084317279,0.183172849963891,0.123715773400631,0.819101344168039
"Carroll County","vap_asian","uss_18_rep_wic",0.512332537333292,0.182293160820833,0.169500730537466,0.8531534450109
"Carroll County","vap_asian","uss_18_dem_bar",0.487667462666708,0.182293160820833,0.1468465549891,0.830499269462534
"Carroll County","vap_aian","uss_18_rep_wic",0.498176328188293,0.195015602434566,0.139557222208763,0.864947708782164
"Carroll County","vap_aian","uss_18_dem_bar",0.501823671811707,0.195015602434566,0.135052291217836,0.860442777791236
"Carroll County","vap_oth_b","uss_18_rep_wic",0.523117378738367,0.166481530025612,0.209749221215025,0.83840664645078
"Carroll County","vap_oth_b","uss_18_dem_bar",0.476882621261633,0.166481530025612,0.161593353549219,0.790250778784975
"Carroll County","vap_white","pre_20_rep_tru",0.952769107373552,0.0220005021180567,0.898534776257091,0.983215267395321
"Carroll County","vap_white","pre_20_dem_bid",0.0472308926264477,0.0220005021180567,0.0167847326046793,0.101465223742909
"Carroll County","vap_black","pre_20_rep_tru",0.131201539241027,0.0509051290147992,0.0611985162766416,0.255736689116514
"Carroll County","vap_black","pre_20_dem_bid",0.868798460758973,0.0509051290147992,0.744263310883486,0.938801483723358
"Carroll County","vap_hisp","pre_20_rep_tru",0.526822285735509,0.17419235696254,0.176683832395362,0.838543426230009
"Carroll County","vap_hisp","pre_20_dem_bid",0.473177714264491,0.17419235696254,0.161456573769991,0.823316167604638
"Carroll County","vap_asian","pre_20_rep_tru",0.517505320184165,0.174370784100991,0.184618397797407,0.834449559559727
"Carroll County","vap_asian","pre_20_dem_bid",0.482494679815835,0.174370784100991,0.165550440440273,0.815381602202593
"Carroll County","vap_aian","pre_20_rep_tru",0.516666230671751,0.196524854123507,0.13275237400339,0.876650440889627
"Carroll County","vap_aian","pre_20_dem_bid",0.483333769328249,0.196524854123507,0.123349559110373,0.867247625996609
"Carroll County","vap_oth_b","pre_20_rep_tru",0.529719389397218,0.177262417764551,0.194746900822364,0.869496869097256
"Carroll County","vap_oth_b","pre_20_dem_bid",0.470280610602782,0.177262417764551,0.130503130902743,0.805253099177636
"Carroll County","vap_white","uss_20_rep_hyd",0.923883536279459,0.0277241554345797,0.861550007582378,0.963716133152049
"Carroll County","vap_white","uss_20_dem_esp",0.0761164637205411,0.0277241554345797,0.0362838668479507,0.138449992417622
"Carroll County","vap_black","uss_20_rep_hyd",0.103060206664903,0.0575479107558685,0.0328429272486953,0.238265559296045
"Carroll County","vap_black","uss_20_dem_esp",0.896939793335097,0.0575479107558685,0.761734440703955,0.967157072751305
"Carroll County","vap_hisp","uss_20_rep_hyd",0.46276696051195,0.174098593714987,0.143127556654038,0.798871800759987
"Carroll County","vap_hisp","uss_20_dem_esp",0.53723303948805,0.174098593714987,0.201128199240013,0.856872443345962
"Carroll County","vap_asian","uss_20_rep_hyd",0.498440082570385,0.179879451971912,0.156835575051146,0.834039937410038
"Carroll County","vap_asian","uss_20_dem_esp",0.501559917429615,0.179879451971912,0.165960062589962,0.843164424948854
"Carroll County","vap_aian","uss_20_rep_hyd",0.501850297653932,0.18574761502473,0.164279770326761,0.86211599840702
"Carroll County","vap_aian","uss_20_dem_esp",0.498149702346068,0.18574761502473,0.13788400159298,0.835720229673239
"Carroll County","vap_oth_b","uss_20_rep_hyd",0.430420588731464,0.175198702645775,0.127296794305319,0.797288334739312
"Carroll County","vap_oth_b","uss_20_dem_esp",0.569579411268536,0.175198702645775,0.202711665260688,0.872703205694681
"Chickasaw County","vap_white","pre_16_rep_tru",0.889097406880275,0.0315443156877917,0.815166194151244,0.937186723016522
"Chickasaw County","vap_white","pre_16_dem_cli",0.110902593119725,0.0315443156877917,0.0628132769834785,0.184833805848756
"Chickasaw County","vap_black","pre_16_rep_tru",0.101293960118065,0.0399277877915893,0.0393336857310303,0.193960589774663
"Chickasaw County","vap_black","pre_16_dem_cli",0.898706039881935,0.0399277877915893,0.806039410225337,0.96066631426897
"Chickasaw County","vap_hisp","pre_16_rep_tru",0.518984339881106,0.167700603366357,0.190008067775026,0.831802537909713
"Chickasaw County","vap_hisp","pre_16_dem_cli",0.481015660118893,0.167700603366357,0.168197462090287,0.809991932224974
"Chickasaw County","vap_asian","pre_16_rep_tru",0.51096066730341,0.181828072679444,0.164185428119618,0.847923765592799
"Chickasaw County","vap_asian","pre_16_dem_cli",0.48903933269659,0.181828072679444,0.152076234407201,0.835814571880382
"Chickasaw County","vap_aian","pre_16_rep_tru",0.479683127884611,0.203555717249236,0.112082436117699,0.855664009860126
"Chickasaw County","vap_aian","pre_16_dem_cli",0.520316872115388,0.203555717249236,0.144335990139874,0.887917563882301
"Chickasaw County","vap_oth_b","pre_16_rep_tru",0.519625288591075,0.174063877573236,0.19261356688094,0.850641699617916
"Chickasaw County","vap_oth_b","pre_16_dem_cli",0.480374711408925,0.174063877573236,0.149358300382084,0.80738643311906
"Chickasaw County","vap_white","uss_18_rep_wic",0.905613363038075,0.0371262404985992,0.815715209679294,0.960558663139574
"Chickasaw County","vap_white","uss_18_dem_bar",0.0943866369619252,0.0371262404985992,0.0394413368604256,0.184284790320706
"Chickasaw County","vap_black","uss_18_rep_wic",0.16096053145904,0.0477226246007408,0.0880647215525649,0.275043379392917
"Chickasaw County","vap_black","uss_18_dem_bar",0.83903946854096,0.0477226246007408,0.724956620607083,0.911935278447435
"Chickasaw County","vap_hisp","uss_18_rep_wic",0.544194090171885,0.180784340079877,0.178694862542016,0.869843179104817
"Chickasaw County","vap_hisp","uss_18_dem_bar",0.455805909828115,0.180784340079877,0.130156820895183,0.821305137457984
"Chickasaw County","vap_asian","uss_18_rep_wic",0.504580703146543,0.191348907598542,0.150279937978793,0.873240397729778
"Chickasaw County","vap_asian","uss_18_dem_bar",0.495419296853457,0.191348907598542,0.126759602270222,0.849720062021207
"Chickasaw County","vap_aian","uss_18_rep_wic",0.513298898521472,0.205764495350286,0.134294782202343,0.888794513147718
"Chickasaw County","vap_aian","uss_18_dem_bar",0.486701101478528,0.205764495350286,0.111205486852282,0.865705217797657
"Chickasaw County","vap_oth_b","uss_18_rep_wic",0.496346207341742,0.170637739317183,0.168813698469726,0.817432198529608
"Chickasaw County","vap_oth_b","uss_18_dem_bar",0.503653792658259,0.170637739317183,0.182567801470392,0.831186301530274
"Chickasaw County","vap_white","pre_20_rep_tru",0.907301880315244,0.0279516755949576,0.838449240650456,0.949126624726902
"Chickasaw County","vap_white","pre_20_dem_bid",0.0926981196847557,0.0279516755949576,0.0508733752730986,0.161550759349544
"Chickasaw County","vap_black","pre_20_rep_tru",0.0713017344882966,0.0351288142006806,0.0221363591743227,0.159503950128562
"Chickasaw County","vap_black","pre_20_dem_bid",0.928698265511703,0.0351288142006806,0.840496049871438,0.977863640825677
"Chickasaw County","vap_hisp","pre_20_rep_tru",0.524531854177952,0.174788296709088,0.175026145171361,0.846861073139632
"Chickasaw County","vap_hisp","pre_20_dem_bid",0.475468145822048,0.174788296709088,0.153138926860368,0.824973854828639
"Chickasaw County","vap_asian","pre_20_rep_tru",0.523218729116965,0.186440236989125,0.153395537966858,0.871866563314291
"Chickasaw County","vap_asian","pre_20_dem_bid",0.476781270883036,0.186440236989125,0.128133436685709,0.846604462033142
"Chickasaw County","vap_aian","pre_20_rep_tru",0.500427393414066,0.207196151173683,0.117023666713067,0.884570573769998
"Chickasaw County","vap_aian","pre_20_dem_bid",0.499572606585934,0.207196151173683,0.115429426230002,0.882976333286933
"Chickasaw County","vap_oth_b","pre_20_rep_tru",0.462622514292969,0.162285315455816,0.164807047916249,0.780005247611911
"Chickasaw County","vap_oth_b","pre_20_dem_bid",0.537377485707031,0.162285315455816,0.21999475238809,0.83519295208375
"Chickasaw County","vap_white","uss_20_rep_hyd",0.858782492941983,0.0324388049490566,0.782075524054504,0.907616856151574
"Chickasaw County","vap_white","uss_20_dem_esp",0.141217507058017,0.0324388049490566,0.0923831438484264,0.217924475945496
"Chickasaw County","vap_black","uss_20_rep_hyd",0.0551150655068122,0.0353259460124246,0.0101052707908957,0.143132451048808
"Chickasaw County","vap_black","uss_20_dem_esp",0.944884934493188,0.0353259460124246,0.856867548951192,0.989894729209104
"Chickasaw County","vap_hisp","uss_20_rep_hyd",0.452553148655847,0.167005307011333,0.14954444299805,0.783673319571351
"Chickasaw County","vap_hisp","uss_20_dem_esp",0.547446851344153,0.167005307011333,0.216326680428649,0.850455557001949
"Chickasaw County","vap_asian","uss_20_rep_hyd",0.480054388790692,0.17969324513394,0.149087663351958,0.824478688685272
"Chickasaw County","vap_asian","uss_20_dem_esp",0.519945611209308,0.17969324513394,0.175521311314728,0.850912336648042
"Chickasaw County","vap_aian","uss_20_rep_hyd",0.481604678727933,0.206332214965406,0.109496304756112,0.871951702857282
"Chickasaw County","vap_aian","uss_20_dem_esp",0.518395321272067,0.206332214965406,0.128048297142718,0.890503695243888
"Chickasaw County","vap_oth_b","uss_20_rep_hyd",0.41569424937598,0.171136845713867,0.11200835934731,0.768386152612236
"Chickasaw County","vap_oth_b","uss_20_dem_esp",0.58430575062402,0.171136845713867,0.231613847387764,0.88799164065269
"Choctaw County","vap_white","pre_16_rep_tru",0.918702037685737,0.0255352702079373,0.86014803315757,0.957994323473708
"Choctaw County","vap_white","pre_16_dem_cli",0.0812979623142629,0.0255352702079373,0.0420056765262916,0.13985196684243
"Choctaw County","vap_black","pre_16_rep_tru",0.151159353759165,0.0602741454556873,0.0585611319031346,0.288900722354851
"Choctaw County","vap_black","pre_16_dem_cli",0.848840646240835,0.0602741454556873,0.711099277645149,0.941438868096866
"Choctaw County","vap_hisp","pre_16_rep_tru",0.488777426282815,0.176349956149658,0.155464441782912,0.830708108815291
"Choctaw County","vap_hisp","pre_16_dem_cli",0.511222573717185,0.176349956149658,0.169291891184709,0.844535558217088
"Choctaw County","vap_asian","pre_16_rep_tru",0.497606278060461,0.214291467769481,0.108088105852065,0.899938073274002
"Choctaw County","vap_asian","pre_16_dem_cli",0.502393721939539,0.214291467769481,0.100061926725998,0.891911894147935
"Choctaw County","vap_aian","pre_16_rep_tru",0.492851826346081,0.196185558149495,0.134547241599749,0.865302616465685
"Choctaw County","vap_aian","pre_16_dem_cli",0.507148173653919,0.196185558149495,0.134697383534315,0.865452758400251
"Choctaw County","vap_oth_b","pre_16_rep_tru",0.47798715816236,0.18151286244822,0.130522943711094,0.814026258743995
"Choctaw County","vap_oth_b","pre_16_dem_cli",0.52201284183764,0.18151286244822,0.185973741256005,0.869477056288906
"Choctaw County","vap_white","uss_18_rep_wic",0.944096991499993,0.0240781103109976,0.889522370592074,0.975256325046704
"Choctaw County","vap_white","uss_18_dem_bar",0.0559030085000073,0.0240781103109976,0.0247436749532965,0.110477629407926
"Choctaw County","vap_black","uss_18_rep_wic",0.200727001376083,0.0615727119049839,0.110777944229633,0.338389345500479
"Choctaw County","vap_black","uss_18_dem_bar",0.799272998623917,0.0615727119049839,0.661610654499521,0.889222055770367
"Choctaw County","vap_hisp","uss_18_rep_wic",0.501270149540632,0.180682870190684,0.155591389846614,0.829132012131133
"Choctaw County","vap_hisp","uss_18_dem_bar",0.498729850459368,0.180682870190684,0.170867987868867,0.844408610153386
"Choctaw County","vap_asian","uss_18_rep_wic",0.490711027902161,0.215103286257231,0.0883166035067343,0.891026286314607
"Choctaw County","vap_asian","uss_18_dem_bar",0.509288972097839,0.215103286257231,0.108973713685393,0.911683396493266
"Choctaw County","vap_aian","uss_18_rep_wic",0.50320955367659,0.197549568902586,0.144931491204347,0.870392057629602
"Choctaw County","vap_aian","uss_18_dem_bar",0.496790446323409,0.197549568902586,0.129607942370398,0.855068508795654
"Choctaw County","vap_oth_b","uss_18_rep_wic",0.487749577419119,0.16799035838436,0.170217012234757,0.802147798833786
"Choctaw County","vap_oth_b","uss_18_dem_bar",0.512250422580881,0.16799035838436,0.197852201166213,0.829782987765243
"Choctaw County","vap_white","pre_20_rep_tru",0.925081645174501,0.0229462426983932,0.87256175346409,0.961475222203711
"Choctaw County","vap_white","pre_20_dem_bid",0.0749183548254986,0.0229462426983932,0.0385247777962895,0.12743824653591
"Choctaw County","vap_black","pre_20_rep_tru",0.181567348374543,0.0560975104502085,0.092327598746312,0.310565792082495
"Choctaw County","vap_black","pre_20_dem_bid",0.818432651625457,0.0560975104502085,0.689434207917505,0.907672401253688
"Choctaw County","vap_hisp","pre_20_rep_tru",0.52034457869069,0.182176891951611,0.178866763210459,0.864119657978974
"Choctaw County","vap_hisp","pre_20_dem_bid",0.47965542130931,0.182176891951611,0.135880342021026,0.821133236789541
"Choctaw County","vap_asian","pre_20_rep_tru",0.49546190484305,0.212330577758079,0.106746477407896,0.893370123237858
"Choctaw County","vap_asian","pre_20_dem_bid",0.50453809515695,0.212330577758079,0.106629876762142,0.893253522592104
"Choctaw County","vap_aian","pre_20_rep_tru",0.500856141908815,0.200969439514442,0.118066812719899,0.873798896741303
"Choctaw County","vap_aian","pre_20_dem_bid",0.499143858091185,0.200969439514442,0.126201103258697,0.881933187280101
"Choctaw County","vap_oth_b","pre_20_rep_tru",0.507096809189429,0.170783373030936,0.180820593728879,0.818438163348368
"Choctaw County","vap_oth_b","pre_20_dem_bid",0.49290319081057,0.170783373030936,0.181561836651632,0.81917940627112
"Choctaw County","vap_white","uss_20_rep_hyd",0.90475565809223,0.0246635218232041,0.8456550390458,0.941687028083178
"Choctaw County","vap_white","uss_20_dem_esp",0.09524434190777,0.0246635218232041,0.0583129719168222,0.154344960954201
"Choctaw County","vap_black","uss_20_rep_hyd",0.109927627780172,0.0582863370608199,0.0315006267558183,0.250697417262296
"Choctaw County","vap_black","uss_20_dem_esp",0.890072372219828,0.0582863370608199,0.749302582737704,0.968499373244182
"Choctaw County","vap_hisp","uss_20_rep_hyd",0.495838265791289,0.180694354856542,0.150344311239619,0.832859570850516
"Choctaw County","vap_hisp","uss_20_dem_esp",0.504161734208711,0.180694354856542,0.167140429149484,0.849655688760381
"Choctaw County","vap_asian","uss_20_rep_hyd",0.501335531493909,0.213754120246783,0.111848761787438,0.9067390898039
"Choctaw County","vap_asian","uss_20_dem_esp",0.498664468506091,0.213754120246783,0.0932609101960996,0.888151238212562
"Choctaw County","vap_aian","uss_20_rep_hyd",0.501787710422102,0.198802998223441,0.134409631957386,0.874389954674274
"Choctaw County","vap_aian","uss_20_dem_esp",0.498212289577898,0.198802998223441,0.125610045325726,0.865590368042614
"Choctaw County","vap_oth_b","uss_20_rep_hyd",0.492574852195252,0.166903929649853,0.175965093113894,0.805406178606188
"Choctaw County","vap_oth_b","uss_20_dem_esp",0.507425147804748,0.166903929649853,0.194593821393812,0.824034906886106
"Claiborne County","vap_white","pre_16_rep_tru",0.423972296119005,0.0839371109228026,0.237029524432065,0.563938393131845
"Claiborne County","vap_white","pre_16_dem_cli",0.576027703880995,0.0839371109228026,0.436061606868155,0.762970475567935
"Claiborne County","vap_black","pre_16_rep_tru",0.0951593322969202,0.0224041935388511,0.0549082247050036,0.142495594952809
"Claiborne County","vap_black","pre_16_dem_cli",0.90484066770308,0.0224041935388511,0.857504405047191,0.945091775294996
"Claiborne County","vap_hisp","pre_16_rep_tru",0.530090991159873,0.191070346620183,0.173079359455905,0.890213113916224
"Claiborne County","vap_hisp","pre_16_dem_cli",0.469909008840127,0.191070346620183,0.109786886083776,0.826920640544095
"Claiborne County","vap_asian","pre_16_rep_tru",NA,NA,NA,NA
"Claiborne County","vap_asian","pre_16_dem_cli",NA,NA,NA,NA
"Claiborne County","vap_aian","pre_16_rep_tru",0.48942325859306,0.219436405129132,0.0739622037056341,0.892608425293097
"Claiborne County","vap_aian","pre_16_dem_cli",0.51057674140694,0.219436405129132,0.107391574706903,0.926037796294366
"Claiborne County","vap_oth_b","pre_16_rep_tru",0.519093330487933,0.189059156182581,0.152656757695624,0.864708102227581
"Claiborne County","vap_oth_b","pre_16_dem_cli",0.480906669512067,0.189059156182581,0.135291897772418,0.847343242304376
"Claiborne County","vap_white","uss_18_rep_wic",0.836365284932527,0.0929258856337369,0.614049755786523,0.97207955647134
"Claiborne County","vap_white","uss_18_dem_bar",0.163634715067473,0.0929258856337369,0.0279204435286604,0.385950244213477
"Claiborne County","vap_black","uss_18_rep_wic",0.135978621201303,0.0277417719884118,0.0884205443122309,0.197072192857221
"Claiborne County","vap_black","uss_18_dem_bar",0.864021378798697,0.0277417719884118,0.802927807142779,0.911579455687769
"Claiborne County","vap_hisp","uss_18_rep_wic",0.506553604430127,0.191659411683418,0.147462177776812,0.862949367652025
"Claiborne County","vap_hisp","uss_18_dem_bar",0.493446395569873,0.191659411683418,0.137050632347975,0.852537822223188
"Claiborne County","vap_asian","uss_18_rep_wic",NA,NA,NA,NA
"Claiborne County","vap_asian","uss_18_dem_bar",NA,NA,NA,NA
"Claiborne County","vap_aian","uss_18_rep_wic",0.509853715801532,0.211189741579876,0.116905435297773,0.902604915038655
"Claiborne County","vap_aian","uss_18_dem_bar",0.490146284198468,0.211189741579876,0.0973950849613448,0.883094564702226
"Claiborne County","vap_oth_b","uss_18_rep_wic",0.51832413309243,0.179299782723978,0.173983146405212,0.845510029487049
"Claiborne County","vap_oth_b","uss_18_dem_bar",0.48167586690757,0.179299782723978,0.154489970512951,0.826016853594788
"Claiborne County","vap_white","pre_20_rep_tru",0.823587049747403,0.0795955395590942,0.637488771512354,0.940381410323287
"Claiborne County","vap_white","pre_20_dem_bid",0.176412950252597,0.0795955395590942,0.0596185896767129,0.362511228487646
"Claiborne County","vap_black","pre_20_rep_tru",0.0525336304516833,0.0237320240567109,0.0131748012804925,0.10427963574662
"Claiborne County","vap_black","pre_20_dem_bid",0.947466369548317,0.0237320240567109,0.89572036425338,0.986825198719508
"Claiborne County","vap_hisp","pre_20_rep_tru",0.543687574500786,0.189636337001628,0.178140409669518,0.88798563855807
"Claiborne County","vap_hisp","pre_20_dem_bid",0.456312425499214,0.189636337001628,0.11201436144193,0.821859590330482
"Claiborne County","vap_asian","pre_20_rep_tru",NA,NA,NA,NA
"Claiborne County","vap_asian","pre_20_dem_bid",NA,NA,NA,NA
"Claiborne County","vap_aian","pre_20_rep_tru",0.493383297216955,0.208189806502576,0.111216062931358,0.886615676491653
"Claiborne County","vap_aian","pre_20_dem_bid",0.506616702783045,0.208189806502576,0.113384323508347,0.888783937068642
"Claiborne County","vap_oth_b","pre_20_rep_tru",0.532030180896187,0.181730615866864,0.184410904469808,0.864223074860503
"Claiborne County","vap_oth_b","pre_20_dem_bid",0.467969819103813,0.181730615866864,0.135776925139497,0.815589095530192
"Claiborne County","vap_white","uss_20_rep_hyd",0.819984179156568,0.0675858232601589,0.663309179970273,0.921211047204954
"Claiborne County","vap_white","uss_20_dem_esp",0.180015820843432,0.0675858232601589,0.0787889527950459,0.336690820029727
"Claiborne County","vap_black","uss_20_rep_hyd",0.0396022507488344,0.0206053050300268,0.00617073212443433,0.0859079071938126
"Claiborne County","vap_black","uss_20_dem_esp",0.960397749251166,0.0206053050300268,0.914092092806187,0.993829267875566
"Claiborne County","vap_hisp","uss_20_rep_hyd",0.515115841848617,0.190056953596006,0.152444470046356,0.874128239099127
"Claiborne County","vap_hisp","uss_20_dem_esp",0.484884158151383,0.190056953596006,0.125871760900873,0.847555529953644
"Claiborne County","vap_asian","uss_20_rep_hyd",NA,NA,NA,NA
"Claiborne County","vap_asian","uss_20_dem_esp",NA,NA,NA,NA
"Claiborne County","vap_aian","uss_20_rep_hyd",0.495107410757686,0.213022101785226,0.104976035162533,0.896934206513253
"Claiborne County","vap_aian","uss_20_dem_esp",0.504892589242314,0.213022101785226,0.103065793486747,0.895023964837467
"Claiborne County","vap_oth_b","uss_20_rep_hyd",0.49499805774405,0.188263266122925,0.149911493347039,0.858513059822619
"Claiborne County","vap_oth_b","uss_20_dem_esp",0.50500194225595,0.188263266122925,0.14148694017738,0.850088506652961
"Clarke County","vap_white","pre_16_rep_tru",0.950698181933207,0.0139069873374992,0.918539373901057,0.97308213920848
"Clarke County","vap_white","pre_16_dem_cli",0.0493018180667934,0.0139069873374992,0.0269178607915197,0.0814606260989432
"Clarke County","vap_black","pre_16_rep_tru",0.0629860227717552,0.0229878825525494,0.0283770017044187,0.119078618781436
"Clarke County","vap_black","pre_16_dem_cli",0.937013977228245,0.0229878825525494,0.880921381218564,0.971622998295581
"Clarke County","vap_hisp","pre_16_rep_tru",0.48945940380077,0.168808991126863,0.165290496809743,0.805102164866218
"Clarke County","vap_hisp","pre_16_dem_cli",0.51054059619923,0.168808991126863,0.194897835133782,0.834709503190257
"Clarke County","vap_asian","pre_16_rep_tru",0.503752715279213,0.206469394429899,0.115043254568529,0.895054199555884
"Clarke County","vap_asian","pre_16_dem_cli",0.496247284720787,0.206469394429899,0.104945800444116,0.884956745431471
"Clarke County","vap_aian","pre_16_rep_tru",0.500595197272248,0.195963109972988,0.118081383460665,0.857296084022782
"Clarke County","vap_aian","pre_16_dem_cli",0.499404802727752,0.195963109972988,0.142703915977218,0.881918616539335
"Clarke County","vap_oth_b","pre_16_rep_tru",0.593688735110005,0.14160274823577,0.310839478259709,0.847374118178662
"Clarke County","vap_oth_b","pre_16_dem_cli",0.406311264889995,0.14160274823577,0.152625881821338,0.68916052174029
"Clarke County","vap_white","uss_18_rep_wic",0.953405161030713,0.0147125319080902,0.921021932667791,0.977146346089961
"Clarke County","vap_white","uss_18_dem_bar",0.046594838969287,0.0147125319080902,0.0228536539100392,0.0789780673322088
"Clarke County","vap_black","uss_18_rep_wic",0.0853449391458808,0.0285822084617366,0.037722649923323,0.148506951428401
"Clarke County","vap_black","uss_18_dem_bar",0.914655060854119,0.0285822084617366,0.851493048571599,0.962277350076677
"Clarke County","vap_hisp","uss_18_rep_wic",0.498731796789099,0.171370397378421,0.176482347436696,0.825797583470832
"Clarke County","vap_hisp","uss_18_dem_bar",0.501268203210901,0.171370397378421,0.174202416529168,0.823517652563304
"Clarke County","vap_asian","uss_18_rep_wic",0.500790454061054,0.199121229815753,0.12597079803033,0.888963010931439
"Clarke County","vap_asian","uss_18_dem_bar",0.499209545938946,0.199121229815753,0.111036989068561,0.87402920196967
"Clarke County","vap_aian","uss_18_rep_wic",0.48963043549404,0.18804544446181,0.140750101805602,0.852032476872481
"Clarke County","vap_aian","uss_18_dem_bar",0.51036956450596,0.18804544446181,0.147967523127519,0.859249898194398
"Clarke County","vap_oth_b","uss_18_rep_wic",0.504317501465116,0.153389714327285,0.20480781355709,0.788838347083464
"Clarke County","vap_oth_b","uss_18_dem_bar",0.495682498534884,0.153389714327285,0.211161652916536,0.79519218644291
"Clarke County","vap_white","pre_20_rep_tru",0.956809846157998,0.0126618450607517,0.928606556172148,0.977635906233485
"Clarke County","vap_white","pre_20_dem_bid",0.0431901538420021,0.0126618450607517,0.0223640937665154,0.0713934438278518
"Clarke County","vap_black","pre_20_rep_tru",0.052189330262942,0.020072534180331,0.0192033090281943,0.0966297495948948
"Clarke County","vap_black","pre_20_dem_bid",0.947810669737058,0.020072534180331,0.903370250405105,0.980796690971806
"Clarke County","vap_hisp","pre_20_rep_tru",0.486232925305912,0.174699735498189,0.165847637597723,0.824214236247999
"Clarke County","vap_hisp","pre_20_dem_bid",0.513767074694088,0.174699735498189,0.175785763752001,0.834152362402276
"Clarke County","vap_asian","pre_20_rep_tru",0.494407385165175,0.204886532145733,0.11297411695612,0.875797820057021
"Clarke County","vap_asian","pre_20_dem_bid",0.505592614834825,0.204886532145733,0.124202179942979,0.88702588304388
"Clarke County","vap_aian","pre_20_rep_tru",0.49271423162997,0.19582812716428,0.129513966709667,0.865949419347026
"Clarke County","vap_aian","pre_20_dem_bid",0.50728576837003,0.19582812716428,0.134050580652974,0.870486033290333
"Clarke County","vap_oth_b","pre_20_rep_tru",0.599928158456153,0.150166600482041,0.283809825532421,0.862724741821724
"Clarke County","vap_oth_b","pre_20_dem_bid",0.400071841543847,0.150166600482041,0.137275258178276,0.716190174467579
"Clarke County","vap_white","uss_20_rep_hyd",0.935250739231865,0.0131099797846506,0.907213325059431,0.957815332470809
"Clarke County","vap_white","uss_20_dem_esp",0.0647492607681351,0.0131099797846506,0.0421846675291915,0.0927866749405688
"Clarke County","vap_black","uss_20_rep_hyd",0.0333571706792989,0.016331503945896,0.00940223282568457,0.0724762672800474
"Clarke County","vap_black","uss_20_dem_esp",0.966642829320701,0.016331503945896,0.927523732719953,0.990597767174315
"Clarke County","vap_hisp","uss_20_rep_hyd",0.466061808766608,0.176499737470195,0.14223917949047,0.804225578785556
"Clarke County","vap_hisp","uss_20_dem_esp",0.533938191233392,0.176499737470195,0.195774421214443,0.85776082050953
"Clarke County","vap_asian","uss_20_rep_hyd",0.497933648714005,0.198715849813945,0.129144992025512,0.876508731096096
"Clarke County","vap_asian","uss_20_dem_esp",0.502066351285995,0.198715849813945,0.123491268903904,0.870855007974488
"Clarke County","vap_aian","uss_20_rep_hyd",0.511331177959855,0.185193016400713,0.142137864677324,0.851770425526715
"Clarke County","vap_aian","uss_20_dem_esp",0.488668822040145,0.185193016400713,0.148229574473285,0.857862135322676
"Clarke County","vap_oth_b","uss_20_rep_hyd",0.455654914559887,0.155280461367267,0.169668069438047,0.765998004600768
"Clarke County","vap_oth_b","uss_20_dem_esp",0.544345085440113,0.155280461367267,0.234001995399232,0.830331930561953
"Clay County","vap_white","pre_16_rep_tru",0.885982324517905,0.0418055701101908,0.78040685348308,0.942809660640472
"Clay County","vap_white","pre_16_dem_cli",0.114017675482095,0.0418055701101908,0.0571903393595281,0.219593146516919
"Clay County","vap_black","pre_16_rep_tru",0.0554265302694498,0.0332031528541603,0.0137702949612034,0.140138251618054
"Clay County","vap_black","pre_16_dem_cli",0.94457346973055,0.0332031528541603,0.859861748381946,0.986229705038797
"Clay County","vap_hisp","pre_16_rep_tru",0.495679233036123,0.182488182519649,0.143541837098683,0.835683513329613
"Clay County","vap_hisp","pre_16_dem_cli",0.504320766963877,0.182488182519649,0.164316486670387,0.856458162901316
"Clay County","vap_asian","pre_16_rep_tru",0.514663124424614,0.181424428594617,0.159918097257555,0.853832151358013
"Clay County","vap_asian","pre_16_dem_cli",0.485336875575386,0.181424428594617,0.146167848641987,0.840081902742445
"Clay County","vap_aian","pre_16_rep_tru",0.50043166345259,0.195309402922979,0.126446233676559,0.858255564339311
"Clay County","vap_aian","pre_16_dem_cli",0.49956833654741,0.195309402922979,0.141744435660689,0.873553766323441
"Clay County","vap_oth_b","pre_16_rep_tru",0.47268493364386,0.173738981420405,0.144115240719825,0.813006960381323
"Clay County","vap_oth_b","pre_16_dem_cli",0.52731506635614,0.173738981420405,0.186993039618677,0.855884759280175
"Clay County","vap_white","uss_18_rep_wic",0.914882602364031,0.0401637074560679,0.808883305229015,0.968931436598903
"Clay County","vap_white","uss_18_dem_bar",0.0851173976359693,0.0401637074560679,0.0310685634010972,0.191116694770985
"Clay County","vap_black","uss_18_rep_wic",0.0850856605046265,0.0348325913245181,0.0363700121729142,0.173623099723776
"Clay County","vap_black","uss_18_dem_bar",0.914914339495374,0.0348325913245181,0.826376900276224,0.963629987827086
"Clay County","vap_hisp","uss_18_rep_wic",0.538131460277192,0.183151425367217,0.177451623730315,0.869682917264523
"Clay County","vap_hisp","uss_18_dem_bar",0.461868539722808,0.183151425367217,0.130317082735477,0.822548376269685
"Clay County","vap_asian","uss_18_rep_wic",0.507574021729915,0.182146324893137,0.167568808472099,0.85370604226487
"Clay County","vap_asian","uss_18_dem_bar",0.492425978270085,0.182146324893137,0.14629395773513,0.832431191527901
"Clay County","vap_aian","uss_18_rep_wic",0.50626863512781,0.195134622112205,0.147101792671354,0.86432264759513
"Clay County","vap_aian","uss_18_dem_bar",0.49373136487219,0.195134622112205,0.135677352404869,0.852898207328646
"Clay County","vap_oth_b","uss_18_rep_wic",0.529291314976613,0.175301171980242,0.192650497139134,0.851553792997593
"Clay County","vap_oth_b","uss_18_dem_bar",0.470708685023387,0.175301171980242,0.148446207002407,0.807349502860866
"Clay County","vap_white","pre_20_rep_tru",0.903482607547772,0.0380878708392211,0.810282031595676,0.956704675269136
"Clay County","vap_white","pre_20_dem_bid",0.0965173924522278,0.0380878708392211,0.043295324730864,0.189717968404324
"Clay County","vap_black","pre_20_rep_tru",0.0466684730434198,0.0296942421432339,0.0103586095080622,0.119954956374923
"Clay County","vap_black","pre_20_dem_bid",0.95333152695658,0.0296942421432339,0.880045043625077,0.989641390491938
"Clay County","vap_hisp","pre_20_rep_tru",0.462606341745705,0.182546932329051,0.139996962465738,0.826025336886331
"Clay County","vap_hisp","pre_20_dem_bid",0.537393658254295,0.182546932329051,0.173974663113669,0.860003037534261
"Clay County","vap_asian","pre_20_rep_tru",0.499553568508252,0.188444270365608,0.148119908119867,0.853708308220244
"Clay County","vap_asian","pre_20_dem_bid",0.500446431491748,0.188444270365608,0.146291691779755,0.851880091880133
"Clay County","vap_aian","pre_20_rep_tru",0.488201754412191,0.196425354981635,0.124618934676581,0.861736103744356
"Clay County","vap_aian","pre_20_dem_bid",0.511798245587809,0.196425354981635,0.138263896255644,0.875381065323419
"Clay County","vap_oth_b","pre_20_rep_tru",0.467849541800114,0.177339087941589,0.141627046286951,0.809646090138464
"Clay County","vap_oth_b","pre_20_dem_bid",0.532150458199886,0.177339087941589,0.190353909861536,0.858372953713049
"Clay County","vap_white","uss_20_rep_hyd",0.826386211090215,0.043454358486087,0.731360765677174,0.895123781348949
"Clay County","vap_white","uss_20_dem_esp",0.173613788909785,0.043454358486087,0.104876218651051,0.268639234322826
"Clay County","vap_black","uss_20_rep_hyd",0.0615240365769221,0.033987183139002,0.0119447287565005,0.139565325999546
"Clay County","vap_black","uss_20_dem_esp",0.938475963423078,0.033987183139002,0.860434674000454,0.9880552712435
"Clay County","vap_hisp","uss_20_rep_hyd",0.476191647712248,0.172825513425982,0.157712776780549,0.809783201863769
"Clay County","vap_hisp","uss_20_dem_esp",0.523808352287752,0.172825513425982,0.190216798136231,0.842287223219451
"Clay County","vap_asian","uss_20_rep_hyd",0.508198101806742,0.201943220790862,0.153194016352046,0.934782479565418
"Clay County","vap_asian","uss_20_dem_esp",0.491801898193258,0.201943220790862,0.0652175204345818,0.846805983647953
"Clay County","vap_aian","uss_20_rep_hyd",0.496370792006274,0.198411900565915,0.128134179664118,0.868831155931543
"Clay County","vap_aian","uss_20_dem_esp",0.503629207993726,0.198411900565915,0.131168844068457,0.871865820335882
"Clay County","vap_oth_b","uss_20_rep_hyd",0.485089273199811,0.1800835402516,0.159855660231067,0.841148677491576
"Clay County","vap_oth_b","uss_20_dem_esp",0.514910726800189,0.1800835402516,0.158851322508424,0.840144339768933
"Coahoma County","vap_white","pre_16_rep_tru",0.756268882720179,0.0527400271043586,0.634974164208696,0.843091237050077
"Coahoma County","vap_white","pre_16_dem_cli",0.243731117279821,0.0527400271043586,0.156908762949923,0.365025835791304
"Coahoma County","vap_black","pre_16_rep_tru",0.10198205492252,0.025657396835117,0.0621194999483448,0.162933461008164
"Coahoma County","vap_black","pre_16_dem_cli",0.89801794507748,0.025657396835117,0.837066538991836,0.937880500051655
"Coahoma County","vap_hisp","pre_16_rep_tru",0.42133474136963,0.17349222344363,0.126503434946488,0.787849051362113
"Coahoma County","vap_hisp","pre_16_dem_cli",0.57866525863037,0.17349222344363,0.212150948637887,0.873496565053511
"Coahoma County","vap_asian","pre_16_rep_tru",0.52134645418835,0.188856831874924,0.153642057562861,0.870305460329754
"Coahoma County","vap_asian","pre_16_dem_cli",0.47865354581165,0.188856831874924,0.129694539670246,0.846357942437139
"Coahoma County","vap_aian","pre_16_rep_tru",0.488304770417611,0.195516786716861,0.133403952491595,0.866597758431893
"Coahoma County","vap_aian","pre_16_dem_cli",0.511695229582389,0.195516786716861,0.133402241568107,0.866596047508405
"Coahoma County","vap_oth_b","pre_16_rep_tru",0.52152771068902,0.166124214538152,0.201740968457353,0.82993572676513
"Coahoma County","vap_oth_b","pre_16_dem_cli",0.47847228931098,0.166124214538152,0.17006427323487,0.798259031542647
"Coahoma County","vap_white","uss_18_rep_wic",0.818837733436397,0.0509362620376507,0.704396769904855,0.904833373258686
"Coahoma County","vap_white","uss_18_dem_bar",0.181162266563603,0.0509362620376507,0.0951666267413139,0.295603230095145
"Coahoma County","vap_black","uss_18_rep_wic",0.171162712776809,0.0249364561744685,0.129856478106792,0.226586538180285
"Coahoma County","vap_black","uss_18_dem_bar",0.828837287223191,0.0249364561744685,0.773413461819715,0.870143521893208
"Coahoma County","vap_hisp","uss_18_rep_wic",0.454568861410418,0.172750749904212,0.12202359812521,0.794338051563858
"Coahoma County","vap_hisp","uss_18_dem_bar",0.545431138589582,0.172750749904212,0.205661948436142,0.87797640187479
"Coahoma County","vap_asian","uss_18_rep_wic",0.489784304861278,0.185155800827187,0.141217250149182,0.834019695261843
"Coahoma County","vap_asian","uss_18_dem_bar",0.510215695138722,0.185155800827187,0.165980304738157,0.858782749850818
"Coahoma County","vap_aian","uss_18_rep_wic",0.504400853411261,0.192945079213176,0.154615241184792,0.863435634201288
"Coahoma County","vap_aian","uss_18_dem_bar",0.495599146588739,0.192945079213176,0.136564365798712,0.845384758815208
"Coahoma County","vap_oth_b","uss_18_rep_wic",0.524511649070329,0.169472786903386,0.199199154240628,0.838026880652429
"Coahoma County","vap_oth_b","uss_18_dem_bar",0.475488350929671,0.169472786903386,0.161973119347571,0.800800845759372
"Coahoma County","vap_white","pre_20_rep_tru",0.773893596128792,0.043489722046433,0.678997977366402,0.848495221375498
"Coahoma County","vap_white","pre_20_dem_bid",0.226106403871208,0.043489722046433,0.151504778624502,0.321002022633598
"Coahoma County","vap_black","pre_20_rep_tru",0.0838735447001813,0.0215022275962681,0.0485175041555961,0.131740444233856
"Coahoma County","vap_black","pre_20_dem_bid",0.916126455299819,0.0215022275962681,0.868259555766144,0.951482495844404
"Coahoma County","vap_hisp","pre_20_rep_tru",0.479684061244919,0.169810590855627,0.165715185423987,0.82096204758136
"Coahoma County","vap_hisp","pre_20_dem_bid",0.520315938755081,0.169810590855627,0.17903795241864,0.834284814576013
"Coahoma County","vap_asian","pre_20_rep_tru",0.517752957827654,0.182045944882379,0.167441858281694,0.859601787448304
"Coahoma County","vap_asian","pre_20_dem_bid",0.482247042172346,0.182045944882379,0.140398212551696,0.832558141718306
"Coahoma County","vap_aian","pre_20_rep_tru",0.490420099471202,0.185663697497086,0.14353331641114,0.828146287180846
"Coahoma County","vap_aian","pre_20_dem_bid",0.509579900528798,0.185663697497086,0.171853712819154,0.85646668358886
"Coahoma County","vap_oth_b","pre_20_rep_tru",0.559506689908058,0.178264145692255,0.191845449006427,0.865017641192218
"Coahoma County","vap_oth_b","pre_20_dem_bid",0.440493310091942,0.178264145692255,0.134982358807782,0.808154550993572
"Coahoma County","vap_white","uss_20_rep_hyd",0.724632121793894,0.0472087182928828,0.616383150322248,0.80185033895816
"Coahoma County","vap_white","uss_20_dem_esp",0.275367878206106,0.0472087182928828,0.198149661041839,0.383616849677752
"Coahoma County","vap_black","uss_20_rep_hyd",0.0637369956798382,0.022079518442686,0.0301019264785952,0.116312003877621
"Coahoma County","vap_black","uss_20_dem_esp",0.936263004320162,0.022079518442686,0.883687996122379,0.969898073521405
"Coahoma County","vap_hisp","uss_20_rep_hyd",0.412675909138568,0.157797609176952,0.13495520519099,0.726162600325122
"Coahoma County","vap_hisp","uss_20_dem_esp",0.587324090861432,0.157797609176952,0.273837399674878,0.86504479480901
"Coahoma County","vap_asian","uss_20_rep_hyd",0.48538396076623,0.180713777296601,0.153164339099319,0.83975671328301
"Coahoma County","vap_asian","uss_20_dem_esp",0.514616039233769,0.180713777296601,0.16024328671699,0.846835660900681
"Coahoma County","vap_aian","uss_20_rep_hyd",0.508240586897806,0.191758616692499,0.148222092056498,0.85936182839997
"Coahoma County","vap_aian","uss_20_dem_esp",0.491759413102194,0.191758616692499,0.14063817160003,0.851777907943502
"Coahoma County","vap_oth_b","uss_20_rep_hyd",0.470347283273446,0.166348767578189,0.154660208838918,0.788644266061477
"Coahoma County","vap_oth_b","uss_20_dem_esp",0.529652716726554,0.166348767578189,0.211355733938523,0.845339791161081
"Copiah County","vap_white","pre_16_rep_tru",0.895966487619699,0.0337233309843845,0.818095881462777,0.947881061860627
"Copiah County","vap_white","pre_16_dem_cli",0.104033512380301,0.0337233309843845,0.0521189381393733,0.181904118537223
"Copiah County","vap_black","pre_16_rep_tru",0.120691693086497,0.0324322747216309,0.0716865928556547,0.196198230510317
"Copiah County","vap_black","pre_16_dem_cli",0.879308306913503,0.0324322747216309,0.803801769489683,0.928313407144345
"Copiah County","vap_hisp","pre_16_rep_tru",0.382382525966608,0.150337280365148,0.121307189783051,0.692221880811779
"Copiah County","vap_hisp","pre_16_dem_cli",0.617617474033392,0.150337280365148,0.307778119188221,0.878692810216949
"Copiah County","vap_asian","pre_16_rep_tru",0.466114662122123,0.177965992863094,0.146520148649722,0.810607240975142
"Copiah County","vap_asian","pre_16_dem_cli",0.533885337877877,0.177965992863094,0.189392759024858,0.853479851350277
"Copiah County","vap_aian","pre_16_rep_tru",0.508513715230665,0.182638243102292,0.169798883746177,0.863019615771867
"Copiah County","vap_aian","pre_16_dem_cli",0.491486284769335,0.182638243102292,0.136980384228133,0.830201116253823
"Copiah County","vap_oth_b","pre_16_rep_tru",0.42297412858065,0.169727703871498,0.120226796470183,0.775439030276745
"Copiah County","vap_oth_b","pre_16_dem_cli",0.57702587141935,0.169727703871498,0.224560969723255,0.879773203529817
"Copiah County","vap_white","uss_18_rep_wic",0.946063780762487,0.0249734028830157,0.883974824219666,0.981189856603289
"Copiah County","vap_white","uss_18_dem_bar",0.0539362192375129,0.0249734028830157,0.0188101433967112,0.116025175780334
"Copiah County","vap_black","uss_18_rep_wic",0.129394506479638,0.0270549948824339,0.0861538467072743,0.19104925089541
"Copiah County","vap_black","uss_18_dem_bar",0.870605493520362,0.0270549948824339,0.80895074910459,0.913846153292726
"Copiah County","vap_hisp","uss_18_rep_wic",0.492763992975985,0.157720046956346,0.190784380481608,0.791969798329807
"Copiah County","vap_hisp","uss_18_dem_bar",0.507236007024015,0.157720046956346,0.208030201670193,0.809215619518392
"Copiah County","vap_asian","uss_18_rep_wic",0.498795026606363,0.169842921793164,0.170081621468775,0.821854243779461
"Copiah County","vap_asian","uss_18_dem_bar",0.501204973393637,0.169842921793164,0.178145756220538,0.829918378531226
"Copiah County","vap_aian","uss_18_rep_wic",0.499893730879689,0.187022557314798,0.157694246859479,0.862098053389492
"Copiah County","vap_aian","uss_18_dem_bar",0.500106269120311,0.187022557314798,0.137901946610508,0.842305753140521
"Copiah County","vap_oth_b","uss_18_rep_wic",0.489872821933164,0.160888535016586,0.193440531943262,0.809047949970156
"Copiah County","vap_oth_b","uss_18_dem_bar",0.510127178066836,0.160888535016586,0.190952050029844,0.806559468056738
"Copiah County","vap_white","pre_20_rep_tru",0.951257727344225,0.0190843732374336,0.906336596722066,0.980578892624252
"Copiah County","vap_white","pre_20_dem_bid",0.0487422726557747,0.0190843732374336,0.0194211073757484,0.0936634032779341
"Copiah County","vap_black","pre_20_rep_tru",0.0713653493247266,0.0181182845308085,0.0427111060098821,0.114130564838494
"Copiah County","vap_black","pre_20_dem_bid",0.928634650675274,0.0181182845308085,0.885869435161506,0.957288893990118
"Copiah County","vap_hisp","pre_20_rep_tru",0.380538686590657,0.15384230123442,0.10111227604482,0.69315019203347
"Copiah County","vap_hisp","pre_20_dem_bid",0.619461313409343,0.15384230123442,0.30684980796653,0.89888772395518
"Copiah County","vap_asian","pre_20_rep_tru",0.4502659626128,0.179129106394834,0.116619982970814,0.799825851178106
"Copiah County","vap_asian","pre_20_dem_bid",0.5497340373872,0.179129106394834,0.200174148821894,0.883380017029186
"Copiah County","vap_aian","pre_20_rep_tru",0.48185608284011,0.180507623654952,0.141074958532064,0.81583241402936
"Copiah County","vap_aian","pre_20_dem_bid",0.51814391715989,0.180507623654952,0.18416758597064,0.858925041467936
"Copiah County","vap_oth_b","pre_20_rep_tru",0.405028177576775,0.152597077120106,0.137482914336679,0.719937760365431
"Copiah County","vap_oth_b","pre_20_dem_bid",0.594971822423225,0.152597077120106,0.280062239634569,0.862517085663321
"Copiah County","vap_white","uss_20_rep_hyd",0.906269494696735,0.0281419756335096,0.844697592870658,0.951533834756176
"Copiah County","vap_white","uss_20_dem_esp",0.0937305053032651,0.0281419756335096,0.0484661652438238,0.155302407129342
"Copiah County","vap_black","uss_20_rep_hyd",0.0792855172767905,0.0260525184243045,0.0403835361011927,0.139089985656015
"Copiah County","vap_black","uss_20_dem_esp",0.92071448272321,0.0260525184243045,0.860910014343985,0.959616463898807
"Copiah County","vap_hisp","uss_20_rep_hyd",0.38577874458354,0.153477090647449,0.124185291648696,0.705446362593016
"Copiah County","vap_hisp","uss_20_dem_esp",0.61422125541646,0.153477090647449,0.294553637406984,0.875814708351304
"Copiah County","vap_asian","uss_20_rep_hyd",0.452618361575352,0.17850458477781,0.138657438740515,0.808937904088879
"Copiah County","vap_asian","uss_20_dem_esp",0.547381638424648,0.17850458477781,0.191062095911121,0.861342561259485
"Copiah County","vap_aian","uss_20_rep_hyd",0.490591026790574,0.185411710547337,0.149976160432153,0.852890458032673
"Copiah County","vap_aian","uss_20_dem_esp",0.509408973209426,0.185411710547337,0.147109541967327,0.850023839567846
"Copiah County","vap_oth_b","uss_20_rep_hyd",0.405010780362058,0.162495289462183,0.12815784262831,0.739928329830706
"Copiah County","vap_oth_b","uss_20_dem_esp",0.594989219637942,0.162495289462183,0.260071670169294,0.87184215737169
"Covington County","vap_white","pre_16_rep_tru",0.953215556494327,0.0191156018241672,0.906679611288969,0.981812917813078
"Covington County","vap_white","pre_16_dem_cli",0.046784443505673,0.0191156018241672,0.0181870821869219,0.093320388711031
"Covington County","vap_black","pre_16_rep_tru",0.11667220808759,0.0351152413044676,0.0611052992648673,0.197987857129949
"Covington County","vap_black","pre_16_dem_cli",0.88332779191241,0.0351152413044676,0.802012142870051,0.938894700735133
"Covington County","vap_hisp","pre_16_rep_tru",0.504601325340868,0.170724688092068,0.181455446776083,0.836669565866945
"Covington County","vap_hisp","pre_16_dem_cli",0.495398674659132,0.170724688092068,0.163330434133055,0.818544553223917
"Covington County","vap_asian","pre_16_rep_tru",0.50401764410384,0.181128677557664,0.159473008993588,0.836586641021534
"Covington County","vap_asian","pre_16_dem_cli",0.49598235589616,0.181128677557664,0.163413358978466,0.840526991006412
"Covington County","vap_aian","pre_16_rep_tru",0.491689955401322,0.190387038503994,0.132511314194991,0.853564534265909
"Covington County","vap_aian","pre_16_dem_cli",0.508310044598678,0.190387038503994,0.146435465734091,0.867488685805009
"Covington County","vap_oth_b","pre_16_rep_tru",0.483963113754885,0.176388328431211,0.159488266576972,0.824648363780055
"Covington County","vap_oth_b","pre_16_dem_cli",0.516036886245115,0.176388328431211,0.175351636219944,0.840511733423028
"Covington County","vap_white","uss_18_rep_wic",0.964322624158088,0.017583904780644,0.924403272921461,0.99005480067641
"Covington County","vap_white","uss_18_dem_bar",0.0356773758419118,0.017583904780644,0.00994519932358982,0.0755967270785388
"Covington County","vap_black","uss_18_rep_wic",0.155287477399732,0.0348926463817359,0.0968376275853218,0.232731465099279
"Covington County","vap_black","uss_18_dem_bar",0.844712522600268,0.0348926463817359,0.767268534900721,0.903162372414678
"Covington County","vap_hisp","uss_18_rep_wic",0.525102807576456,0.178146735875518,0.162903870674915,0.83146233047273
"Covington County","vap_hisp","uss_18_dem_bar",0.474897192423544,0.178146735875518,0.16853766952727,0.837096129325085
"Covington County","vap_asian","uss_18_rep_wic",0.518465290554145,0.184701254010108,0.160461991683556,0.857398642428036
"Covington County","vap_asian","uss_18_dem_bar",0.481534709445855,0.184701254010108,0.142601357571964,0.839538008316444
"Covington County","vap_aian","uss_18_rep_wic",0.495389604244167,0.189680507520757,0.133562993047231,0.844206922230907
"Covington County","vap_aian","uss_18_dem_bar",0.504610395755833,0.189680507520757,0.155793077769093,0.866437006952769
"Covington County","vap_oth_b","uss_18_rep_wic",0.523058281118604,0.1675655513269,0.189684397727962,0.828502023667326
"Covington County","vap_oth_b","uss_18_dem_bar",0.476941718881396,0.1675655513269,0.171497976332674,0.810315602272038
"Covington County","vap_white","pre_20_rep_tru",0.951314345626043,0.0176918200864619,0.906150844802119,0.977911420043832
"Covington County","vap_white","pre_20_dem_bid",0.0486856543739573,0.0176918200864619,0.0220885799561681,0.0938491551978807
"Covington County","vap_black","pre_20_rep_tru",0.129112426292368,0.0337143465652491,0.0751239716966423,0.208156588866532
"Covington County","vap_black","pre_20_dem_bid",0.870887573707632,0.0337143465652491,0.791843411133468,0.924876028303358
"Covington County","vap_hisp","pre_20_rep_tru",0.503117563959545,0.17353192524641,0.173413593146945,0.827559872713555
"Covington County","vap_hisp","pre_20_dem_bid",0.496882436040455,0.17353192524641,0.172440127286445,0.826586406853055
"Covington County","vap_asian","pre_20_rep_tru",0.513193325970086,0.1918986949964,0.149989110680539,0.88188007515439
"Covington County","vap_asian","pre_20_dem_bid",0.486806674029914,0.1918986949964,0.11811992484561,0.850010889319461
"Covington County","vap_aian","pre_20_rep_tru",0.511238513144051,0.191153913530439,0.153542130136624,0.872133586275436
"Covington County","vap_aian","pre_20_dem_bid",0.488761486855949,0.191153913530439,0.127866413724564,0.846457869863375
"Covington County","vap_oth_b","pre_20_rep_tru",0.477329264077636,0.169822715302581,0.154648398658495,0.80547330656502
"Covington County","vap_oth_b","pre_20_dem_bid",0.522670735922364,0.169822715302581,0.19452669343498,0.845351601341505
"Covington County","vap_white","uss_20_rep_hyd",0.925009399330245,0.0205639677329267,0.879285282699807,0.958497624450232
"Covington County","vap_white","uss_20_dem_esp",0.0749906006697549,0.0205639677329267,0.0415023755497686,0.120714717300193
"Covington County","vap_black","uss_20_rep_hyd",0.115086065889357,0.0376315969183111,0.0547226453569653,0.200993671064811
"Covington County","vap_black","uss_20_dem_esp",0.884913934110643,0.0376315969183111,0.799006328935189,0.945277354643035
"Covington County","vap_hisp","uss_20_rep_hyd",0.49812783660221,0.17283011375234,0.166362406534782,0.82814483652459
"Covington County","vap_hisp","uss_20_dem_esp",0.50187216339779,0.17283011375234,0.17185516347541,0.833637593465218
"Covington County","vap_asian","uss_20_rep_hyd",0.488977440305074,0.183107355274223,0.143838121804302,0.830446335666648
"Covington County","vap_asian","uss_20_dem_esp",0.511022559694926,0.183107355274223,0.169553664333352,0.856161878195698
"Covington County","vap_aian","uss_20_rep_hyd",0.510278038548611,0.198219871103469,0.153266335745265,0.894215917534519
"Covington County","vap_aian","uss_20_dem_esp",0.489721961451389,0.198219871103469,0.105784082465481,0.846733664254735
"Covington County","vap_oth_b","uss_20_rep_hyd",0.491167763530772,0.173578624468065,0.168303269725282,0.82734232447111
"Covington County","vap_oth_b","uss_20_dem_esp",0.508832236469228,0.173578624468065,0.17265767552889,0.831696730274718
"DeSoto County","vap_white","pre_16_rep_tru",0.947204632935197,0.0128001064197378,0.919700090399688,0.968186654120923
"DeSoto County","vap_white","pre_16_dem_cli",0.0527953670648029,0.0128001064197378,0.0318133458790773,0.0802999096003116
"DeSoto County","vap_black","pre_16_rep_tru",0.09978526151383,0.0302878080421265,0.0466681635437076,0.162070323283874
"DeSoto County","vap_black","pre_16_dem_cli",0.90021473848617,0.0302878080421265,0.837929676716126,0.953331836456292
"DeSoto County","vap_hisp","pre_16_rep_tru",0.444555743064521,0.157253263906846,0.139877196148812,0.749045950591767
"DeSoto County","vap_hisp","pre_16_dem_cli",0.555444256935479,0.157253263906846,0.250954049408232,0.860122803851187
"DeSoto County","vap_asian","pre_16_rep_tru",0.536269237386388,0.170337366323876,0.201251363735766,0.851072018105499
"DeSoto County","vap_asian","pre_16_dem_cli",0.463730762613612,0.170337366323876,0.148927981894501,0.798748636264234
"DeSoto County","vap_aian","pre_16_rep_tru",0.5346126091185,0.193460915310627,0.19907476483656,0.918954346084088
"DeSoto County","vap_aian","pre_16_dem_cli",0.4653873908815,0.193460915310627,0.0810456539159123,0.80092523516344
"DeSoto County","vap_oth_b","pre_16_rep_tru",0.4526680223741,0.157698077150317,0.157177613558457,0.769879752691874
"DeSoto County","vap_oth_b","pre_16_dem_cli",0.5473319776259,0.157698077150317,0.230120247308126,0.842822386441543
"DeSoto County","vap_white","uss_18_rep_wic",0.963248125273973,0.009171178124115,0.942179704606648,0.978145682888862
"DeSoto County","vap_white","uss_18_dem_bar",0.0367518747260271,0.009171178124115,0.0218543171111384,0.0578202953933523
"DeSoto County","vap_black","uss_18_rep_wic",0.0457705745433906,0.0151375363830889,0.0221060223780571,0.0809156938812024
"DeSoto County","vap_black","uss_18_dem_bar",0.95422942545661,0.0151375363830889,0.919084306118798,0.977893977621943
"DeSoto County","vap_hisp","uss_18_rep_wic",0.269459590606163,0.108435406520115,0.0857539038084647,0.512971075177958
"DeSoto County","vap_hisp","uss_18_dem_bar",0.730540409393837,0.108435406520115,0.487028924822041,0.914246096191535
"DeSoto County","vap_asian","uss_18_rep_wic",0.461903532571108,0.159332092055791,0.148391950807243,0.763890561402465
"DeSoto County","vap_asian","uss_18_dem_bar",0.538096467428892,0.159332092055791,0.236109438597535,0.851608049192757
"DeSoto County","vap_aian","uss_18_rep_wic",0.493668762540786,0.152648166954616,0.205711817854848,0.796019632919265
"DeSoto County","vap_aian","uss_18_dem_bar",0.506331237459214,0.152648166954616,0.203980367080735,0.794288182145153
"DeSoto County","vap_oth_b","uss_18_rep_wic",0.305941444158691,0.121555520562402,0.117498529545507,0.578559892629751
"DeSoto County","vap_oth_b","uss_18_dem_bar",0.694058555841308,0.121555520562402,0.421440107370249,0.882501470454493
"DeSoto County","vap_white","pre_20_rep_tru",0.922569875080577,0.01242823229004,0.894349592960383,0.942956906795373
"DeSoto County","vap_white","pre_20_dem_bid",0.0774301249194228,0.01242823229004,0.0570430932046275,0.105650407039617
"DeSoto County","vap_black","pre_20_rep_tru",0.0328556394793122,0.0125606170844699,0.0138965344556681,0.0610634556637482
"DeSoto County","vap_black","pre_20_dem_bid",0.967144360520688,0.0125606170844699,0.938936544336252,0.986103465544332
"DeSoto County","vap_hisp","pre_20_rep_tru",0.203865501414353,0.0923143743496694,0.071372842744229,0.433915664827639
"DeSoto County","vap_hisp","pre_20_dem_bid",0.796134498585647,0.0923143743496694,0.566084335172361,0.928627157255771
"DeSoto County","vap_asian","pre_20_rep_tru",0.342044136116681,0.143852800831361,0.122329607871611,0.663621737812861
"DeSoto County","vap_asian","pre_20_dem_bid",0.657955863883319,0.143852800831361,0.336378262187139,0.877670392128389
"DeSoto County","vap_aian","pre_20_rep_tru",0.474314408910733,0.161225919878593,0.173016938332682,0.782176789672493
"DeSoto County","vap_aian","pre_20_dem_bid",0.525685591089267,0.161225919878593,0.217823210327507,0.826983061667318
"DeSoto County","vap_oth_b","pre_20_rep_tru",0.219969794439271,0.130173166828076,0.0566031338437007,0.565147572968297
"DeSoto County","vap_oth_b","pre_20_dem_bid",0.780030205560729,0.130173166828076,0.434852427031703,0.943396866156299
"DeSoto County","vap_white","uss_20_rep_hyd",0.832111314636137,0.0181543827154573,0.79051379020653,0.864197180404575
"DeSoto County","vap_white","uss_20_dem_esp",0.167888685363863,0.0181543827154573,0.135802819595425,0.20948620979347
"DeSoto County","vap_black","uss_20_rep_hyd",0.0583954566913942,0.0226205179787323,0.025048124530366,0.115212254891528
"DeSoto County","vap_black","uss_20_dem_esp",0.941604543308606,0.0226205179787323,0.884787745108472,0.974951875469634
"DeSoto County","vap_hisp","uss_20_rep_hyd",0.269027322399186,0.125755169657808,0.0808184764873299,0.562021515420754
"DeSoto County","vap_hisp","uss_20_dem_esp",0.730972677600814,0.125755169657808,0.437978484579246,0.91918152351267
"DeSoto County","vap_asian","uss_20_rep_hyd",0.417782237645929,0.163707884362664,0.141034027190492,0.751546347796536
"DeSoto County","vap_asian","uss_20_dem_esp",0.582217762354071,0.163707884362664,0.248453652203464,0.858965972809507
"DeSoto County","vap_aian","uss_20_rep_hyd",0.510241970657574,0.163716327891872,0.200639731424544,0.812613616161672
"DeSoto County","vap_aian","uss_20_dem_esp",0.489758029342426,0.163716327891872,0.187386383838328,0.799360268575456
"DeSoto County","vap_oth_b","uss_20_rep_hyd",0.35826627400979,0.153256740856138,0.106648319160143,0.688130753192124
"DeSoto County","vap_oth_b","uss_20_dem_esp",0.64173372599021,0.153256740856138,0.311869246807876,0.893351680839857
"Forrest County","vap_white","pre_16_rep_tru",0.848607323334358,0.0108606694094028,0.825335589719269,0.868394194926556
"Forrest County","vap_white","pre_16_dem_cli",0.151392676665642,0.0108606694094028,0.131605805073444,0.174664410280731
"Forrest County","vap_black","pre_16_rep_tru",0.0462515897644081,0.0166120061792137,0.0189337857152814,0.082762090133479
"Forrest County","vap_black","pre_16_dem_cli",0.953748410235592,0.0166120061792137,0.917237909866521,0.981066214284719
"Forrest County","vap_hisp","pre_16_rep_tru",0.297571876688038,0.11945204399309,0.108099864333943,0.565638865559269
"Forrest County","vap_hisp","pre_16_dem_cli",0.702428123311962,0.11945204399309,0.434361134440731,0.891900135666057
"Forrest County","vap_asian","pre_16_rep_tru",0.45530173406412,0.166587098863543,0.16113999514011,0.780796216251293
"Forrest County","vap_asian","pre_16_dem_cli",0.54469826593588,0.166587098863543,0.219203783748707,0.83886000485989
"Forrest County","vap_aian","pre_16_rep_tru",0.542166656426917,0.165142318915658,0.219393812914341,0.846880873615826
"Forrest County","vap_aian","pre_16_dem_cli",0.457833343573083,0.165142318915658,0.153119126384173,0.780606187085659
"Forrest County","vap_oth_b","pre_16_rep_tru",0.467126653549957,0.123858396240177,0.230809657686881,0.720156151140801
"Forrest County","vap_oth_b","pre_16_dem_cli",0.532873346450043,0.123858396240177,0.279843848859198,0.769190342313119
"Forrest County","vap_white","uss_18_rep_wic",0.859661168618712,0.0124453573502779,0.833205522878384,0.881382814165225
"Forrest County","vap_white","uss_18_dem_bar",0.140338831381288,0.0124453573502779,0.118617185834775,0.166794477121616
"Forrest County","vap_black","uss_18_rep_wic",0.0378492106422684,0.01544647759932,0.014897666768449,0.0755016217080075
"Forrest County","vap_black","uss_18_dem_bar",0.962150789357732,0.01544647759932,0.924498378291993,0.985102333231551
"Forrest County","vap_hisp","uss_18_rep_wic",0.315714668114911,0.129934288036936,0.10107108621871,0.607613803237465
"Forrest County","vap_hisp","uss_18_dem_bar",0.684285331885089,0.129934288036936,0.392386196762535,0.89892891378129
"Forrest County","vap_asian","uss_18_rep_wic",0.466499693115476,0.169669374352994,0.15541625837878,0.79543427230178
"Forrest County","vap_asian","uss_18_dem_bar",0.533500306884524,0.169669374352994,0.20456572769822,0.84458374162122
"Forrest County","vap_aian","uss_18_rep_wic",0.542356175781967,0.173067873144338,0.184754696742714,0.8513269927945
"Forrest County","vap_aian","uss_18_dem_bar",0.457643824218033,0.173067873144338,0.1486730072055,0.815245303257286
"Forrest County","vap_oth_b","uss_18_rep_wic",0.403102730952798,0.135784693745756,0.164123891385492,0.681136812877841
"Forrest County","vap_oth_b","uss_18_dem_bar",0.596897269047202,0.135784693745756,0.318863187122159,0.835876108614508
"Forrest County","vap_white","pre_20_rep_tru",0.821757272137235,0.013352067099338,0.793309995234181,0.84532757414633
"Forrest County","vap_white","pre_20_dem_bid",0.178242727862765,0.013352067099338,0.15467242585367,0.206690004765819
"Forrest County","vap_black","pre_20_rep_tru",0.0390321112258453,0.0168530954953748,0.0148029341853686,0.0789999821005806
"Forrest County","vap_black","pre_20_dem_bid",0.960967888774155,0.0168530954953748,0.921000017899419,0.985197065814632
"Forrest County","vap_hisp","pre_20_rep_tru",0.239898776567787,0.105166728157375,0.0753900865258288,0.475252469570255
"Forrest County","vap_hisp","pre_20_dem_bid",0.760101223432213,0.105166728157375,0.524747530429745,0.924609913474171
"Forrest County","vap_asian","pre_20_rep_tru",0.438323201918981,0.164987485465293,0.145841859645608,0.764480493994974
"Forrest County","vap_asian","pre_20_dem_bid",0.561676798081019,0.164987485465293,0.235519506005026,0.854158140354392
"Forrest County","vap_aian","pre_20_rep_tru",0.526813160685793,0.170372163182945,0.207711856106863,0.863905175931435
"Forrest County","vap_aian","pre_20_dem_bid",0.473186839314207,0.170372163182945,0.136094824068565,0.792288143893137
"Forrest County","vap_oth_b","pre_20_rep_tru",0.424360319929384,0.135288656072395,0.182103795864104,0.701148104273693
"Forrest County","vap_oth_b","pre_20_dem_bid",0.575639680070616,0.135288656072395,0.298851895726307,0.817896204135896
"Forrest County","vap_white","uss_20_rep_hyd",0.774883347387099,0.012606490271806,0.749244381152035,0.79804391594569
"Forrest County","vap_white","uss_20_dem_esp",0.225116652612901,0.012606490271806,0.20195608405431,0.250755618847965
"Forrest County","vap_black","uss_20_rep_hyd",0.0378877081855746,0.0149522426447137,0.0131004291318582,0.0706790777032627
"Forrest County","vap_black","uss_20_dem_esp",0.962112291814426,0.0149522426447137,0.929320922296738,0.986899570868142
"Forrest County","vap_hisp","uss_20_rep_hyd",0.206590100967295,0.0883778438665977,0.0692052824986311,0.405450927935036
"Forrest County","vap_hisp","uss_20_dem_esp",0.793409899032705,0.0883778438665977,0.594549072064964,0.930794717501369
"Forrest County","vap_asian","uss_20_rep_hyd",0.426266042664134,0.175613069321459,0.13033738930732,0.789505213071815
"Forrest County","vap_asian","uss_20_dem_esp",0.573733957335866,0.175613069321459,0.210494786928185,0.86966261069268
"Forrest County","vap_aian","uss_20_rep_hyd",0.497656832052575,0.165772869069061,0.180776159619857,0.805892799842795
"Forrest County","vap_aian","uss_20_dem_esp",0.502343167947426,0.165772869069061,0.194107200157205,0.819223840380143
"Forrest County","vap_oth_b","uss_20_rep_hyd",0.273239416588788,0.108041888237821,0.105801873834897,0.510830200898877
"Forrest County","vap_oth_b","uss_20_dem_esp",0.726760583411212,0.108041888237821,0.489169799101122,0.894198126165103
"Franklin County","vap_white","pre_16_rep_tru",0.938641876383674,0.0251797878293315,0.876977310673371,0.97649833225403
"Franklin County","vap_white","pre_16_dem_cli",0.0613581236163259,0.0251797878293315,0.0235016677459703,0.123022689326629
"Franklin County","vap_black","pre_16_rep_tru",0.0992506736487678,0.0481514975047519,0.0360563637665731,0.22268718417263
"Franklin County","vap_black","pre_16_dem_cli",0.900749326351232,0.0481514975047519,0.77731281582737,0.963943636233427
"Franklin County","vap_hisp","pre_16_rep_tru",0.518582566754966,0.184022589866157,0.151010528714069,0.847984331714911
"Franklin County","vap_hisp","pre_16_dem_cli",0.481417433245033,0.184022589866157,0.152015668285088,0.848989471285931
"Franklin County","vap_asian","pre_16_rep_tru",0.489664054951832,0.204693345980262,0.108852916503862,0.881604847232665
"Franklin County","vap_asian","pre_16_dem_cli",0.510335945048167,0.204693345980262,0.118395152767335,0.891147083496138
"Franklin County","vap_aian","pre_16_rep_tru",0.489902474527154,0.278375941199361,0.017225140140696,0.971985118676988
"Franklin County","vap_aian","pre_16_dem_cli",0.510097525472846,0.278375941199361,0.0280148813230115,0.982774859859304
"Franklin County","vap_oth_b","pre_16_rep_tru",0.520970675058917,0.174566746436008,0.17844465306577,0.847142841403988
"Franklin County","vap_oth_b","pre_16_dem_cli",0.479029324941082,0.174566746436008,0.152857158596012,0.82155534693423
"Franklin County","vap_white","uss_18_rep_wic",0.950205566786067,0.0237588754706962,0.892320121447217,0.983171061759199
"Franklin County","vap_white","uss_18_dem_bar",0.0497944332139333,0.0237588754706962,0.0168289382408006,0.107679878552783
"Franklin County","vap_black","uss_18_rep_wic",0.118400270848692,0.0497024573619127,0.0491701309492307,0.241136031670531
"Franklin County","vap_black","uss_18_dem_bar",0.881599729151308,0.0497024573619127,0.75886396832947,0.950829869050769
"Franklin County","vap_hisp","uss_18_rep_wic",0.494308972110554,0.177432301177938,0.140687055173885,0.823800271959401
"Franklin County","vap_hisp","uss_18_dem_bar",0.505691027889447,0.177432301177938,0.176199728040599,0.859312944826115
"Franklin County","vap_asian","uss_18_rep_wic",0.487616556203787,0.212548170828461,0.0832184019645169,0.877884450993887
"Franklin County","vap_asian","uss_18_dem_bar",0.512383443796213,0.212548170828461,0.122115549006112,0.916781598035483
"Franklin County","vap_aian","uss_18_rep_wic",0.493576241069143,0.275657382090279,0.0222515039422851,0.974931330331645
"Franklin County","vap_aian","uss_18_dem_bar",0.506423758930857,0.275657382090279,0.0250686696683553,0.977748496057715
"Franklin County","vap_oth_b","uss_18_rep_wic",0.547330231836735,0.181113147563805,0.178748799811799,0.861272519575581
"Franklin County","vap_oth_b","uss_18_dem_bar",0.452669768163265,0.181113147563805,0.138727480424419,0.821251200188201
"Franklin County","vap_white","pre_20_rep_tru",0.954484880198688,0.0202550773267824,0.907497987852863,0.984493380815533
"Franklin County","vap_white","pre_20_dem_bid",0.0455151198013116,0.0202550773267824,0.015506619184467,0.0925020121471371
"Franklin County","vap_black","pre_20_rep_tru",0.120347464610786,0.0421385789495867,0.0576920878246585,0.221114681715146
"Franklin County","vap_black","pre_20_dem_bid",0.879652535389214,0.0421385789495867,0.778885318284854,0.942307912175342
"Franklin County","vap_hisp","pre_20_rep_tru",0.5122214388308,0.176944062897687,0.17272497388166,0.83882129896875
"Franklin County","vap_hisp","pre_20_dem_bid",0.4877785611692,0.176944062897687,0.16117870103125,0.82727502611834
"Franklin County","vap_asian","pre_20_rep_tru",0.504096733339168,0.201218252442779,0.124249186242445,0.881604467348252
"Franklin County","vap_asian","pre_20_dem_bid",0.495903266660832,0.201218252442779,0.118395532651747,0.875750813757555
"Franklin County","vap_aian","pre_20_rep_tru",0.500053406731108,0.271748396195523,0.031392526003646,0.972343705178428
"Franklin County","vap_aian","pre_20_dem_bid",0.499946593268892,0.271748396195523,0.0276562948215716,0.968607473996354
"Franklin County","vap_oth_b","pre_20_rep_tru",0.544974872502631,0.180190694644332,0.18740303545833,0.87007133774811
"Franklin County","vap_oth_b","pre_20_dem_bid",0.455025127497369,0.180190694644332,0.12992866225189,0.81259696454167
"Franklin County","vap_white","uss_20_rep_hyd",0.941768741594982,0.0259066904830626,0.875238261706091,0.976476072245294
"Franklin County","vap_white","uss_20_dem_esp",0.0582312584050175,0.0259066904830626,0.0235239277547058,0.124761738293909
"Franklin County","vap_black","uss_20_rep_hyd",0.101285865044308,0.0504526712701289,0.0387293475346565,0.236301160837043
"Franklin County","vap_black","uss_20_dem_esp",0.898714134955692,0.0504526712701289,0.763698839162957,0.961270652465344
"Franklin County","vap_hisp","uss_20_rep_hyd",0.508877521695096,0.19001380467401,0.149590069910417,0.855478693790989
"Franklin County","vap_hisp","uss_20_dem_esp",0.491122478304904,0.19001380467401,0.144521306209011,0.850409930089583
"Franklin County","vap_asian","uss_20_rep_hyd",0.471514044745662,0.203856873974079,0.0973430795346892,0.857209342264687
"Franklin County","vap_asian","uss_20_dem_esp",0.528485955254338,0.20385687397408,0.142790657735313,0.902656920465311
"Franklin County","vap_aian","uss_20_rep_hyd",0.497057141692222,0.275574024115843,0.0239524416927626,0.981283841421582
"Franklin County","vap_aian","uss_20_dem_esp",0.502942858307778,0.275574024115843,0.0187161585784174,0.976047558307237
"Franklin County","vap_oth_b","uss_20_rep_hyd",0.502198286520721,0.179187836086331,0.141461894902879,0.828095767889453
"Franklin County","vap_oth_b","uss_20_dem_esp",0.497801713479279,0.179187836086331,0.171904232110547,0.858538105097121
"George County","vap_white","pre_16_rep_tru",0.985617351406465,0.00583251261918419,0.971804459032148,0.994653272137293
"George County","vap_white","pre_16_dem_cli",0.0143826485935352,0.0058325126191842,0.00534672786270727,0.0281955409678525
"George County","vap_black","pre_16_rep_tru",0.150553497278454,0.0789966041871728,0.0386479006981911,0.345567993655747
"George County","vap_black","pre_16_dem_cli",0.849446502721546,0.0789966041871728,0.654432006344253,0.961352099301809
"George County","vap_hisp","pre_16_rep_tru",0.329460441030324,0.126936079570913,0.121379136030219,0.59499530863232
"George County","vap_hisp","pre_16_dem_cli",0.670539558969676,0.126936079570913,0.40500469136768,0.878620863969781
"George County","vap_asian","pre_16_rep_tru",0.518823858103121,0.178123825172614,0.180627830661174,0.842188236457967
"George County","vap_asian","pre_16_dem_cli",0.481176141896879,0.178123825172614,0.157811763542033,0.819372169338826
"George County","vap_aian","pre_16_rep_tru",0.481676502666527,0.172952339889483,0.146464353590226,0.817189294972367
"George County","vap_aian","pre_16_dem_cli",0.518323497333473,0.172952339889483,0.182810705027633,0.853535646409774
"George County","vap_oth_b","pre_16_rep_tru",0.477554452207058,0.129387017935475,0.232281802562694,0.730011605175278
"George County","vap_oth_b","pre_16_dem_cli",0.522445547792942,0.129387017935475,0.269988394824722,0.767718197437306
"George County","vap_white","uss_18_rep_wic",0.969739415782396,0.0113289568381659,0.942685192649641,0.987062029443239
"George County","vap_white","uss_18_dem_bar",0.0302605842176044,0.0113289568381659,0.0129379705567613,0.057314807350359
"George County","vap_black","uss_18_rep_wic",0.181216765525946,0.0926416544519143,0.0496810611894962,0.414662822963469
"George County","vap_black","uss_18_dem_bar",0.818783234474054,0.0926416544519143,0.585337177036531,0.950318938810504
"George County","vap_hisp","uss_18_rep_wic",0.290278382728441,0.131569342734467,0.0948996979475689,0.600257284902462
"George County","vap_hisp","uss_18_dem_bar",0.709721617271559,0.131569342734467,0.399742715097537,0.905100302052431
"George County","vap_asian","uss_18_rep_wic",0.561561373448486,0.174948544717496,0.203207734848696,0.860133076125345
"George County","vap_asian","uss_18_dem_bar",0.438438626551514,0.174948544717496,0.139866923874655,0.796792265151304
"George County","vap_aian","uss_18_rep_wic",0.481040103313864,0.174379369913944,0.149566343767441,0.819376923392102
"George County","vap_aian","uss_18_dem_bar",0.518959896686136,0.174379369913944,0.180623076607898,0.850433656232559
"George County","vap_oth_b","uss_18_rep_wic",0.390617733287995,0.148880008423557,0.144403589878204,0.719468415191484
"George County","vap_oth_b","uss_18_dem_bar",0.609382266712005,0.148880008423557,0.280531584808515,0.855596410121796
"George County","vap_white","pre_20_rep_tru",0.984725325401199,0.00655481435910245,0.968701198091522,0.99449896599759
"George County","vap_white","pre_20_dem_bid",0.0152746745988007,0.00655481435910245,0.00550103400241025,0.0312988019084783
"George County","vap_black","pre_20_rep_tru",0.107752727174697,0.0603058828313466,0.0218169345427772,0.255604991907707
"George County","vap_black","pre_20_dem_bid",0.892247272825303,0.0603058828313466,0.744395008092293,0.978183065457223
"George County","vap_hisp","pre_20_rep_tru",0.281932029759653,0.130443778784549,0.0838024266969748,0.582822403051001
"George County","vap_hisp","pre_20_dem_bid",0.718067970240347,0.130443778784549,0.417177596948999,0.916197573303025
"George County","vap_asian","pre_20_rep_tru",0.566417323572071,0.185016331291501,0.208597536112588,0.910952533240334
"George County","vap_asian","pre_20_dem_bid",0.433582676427929,0.185016331291501,0.0890474667596663,0.791402463887412
"George County","vap_aian","pre_20_rep_tru",0.477519615307661,0.165058512376179,0.173952961561435,0.793611756802942
"George County","vap_aian","pre_20_dem_bid",0.522480384692338,0.165058512376179,0.206388243197058,0.826047038438565
"George County","vap_oth_b","pre_20_rep_tru",0.406053325463988,0.118741574302986,0.183378353657344,0.643592647716827
"George County","vap_oth_b","pre_20_dem_bid",0.593946674536012,0.118741574302986,0.356407352283173,0.816621646342656
"George County","vap_white","uss_20_rep_hyd",0.894850145516903,0.0130853489439949,0.867968240053541,0.91852489460822
"George County","vap_white","uss_20_dem_esp",0.105149854483097,0.0130853489439949,0.0814751053917804,0.132031759946459
"George County","vap_black","uss_20_rep_hyd",0.265965913309108,0.142859401231289,0.0496507325403062,0.588686982280064
"George County","vap_black","uss_20_dem_esp",0.734034086690892,0.142859401231289,0.411313017719936,0.950349267459694
"George County","vap_hisp","uss_20_rep_hyd",0.439433104707527,0.17397946384256,0.144800932553405,0.798477071985846
"George County","vap_hisp","uss_20_dem_esp",0.560566895292473,0.17397946384256,0.201522928014153,0.855199067446595
"George County","vap_asian","uss_20_rep_hyd",0.485503148272667,0.174595820038139,0.157699923636554,0.813729494238862
"George County","vap_asian","uss_20_dem_esp",0.514496851727333,0.174595820038139,0.186270505761138,0.842300076363446
"George County","vap_aian","uss_20_rep_hyd",0.491963165931299,0.173417911876978,0.176213219327004,0.828241319120937
"George County","vap_aian","uss_20_dem_esp",0.508036834068701,0.173417911876978,0.171758680879063,0.823786780672996
"George County","vap_oth_b","uss_20_rep_hyd",0.448464624137212,0.156383647488966,0.160818553035554,0.765411436906069
"George County","vap_oth_b","uss_20_dem_esp",0.551535375862788,0.156383647488966,0.234588563093931,0.839181446964446
"Greene County","vap_white","pre_16_rep_tru",0.923696140367771,0.025580810625325,0.864537801461062,0.962641782382524
"Greene County","vap_white","pre_16_dem_cli",0.0763038596322288,0.025580810625325,0.0373582176174766,0.135462198538938
"Greene County","vap_black","pre_16_rep_tru",0.337827620633454,0.115983650970636,0.181325203276511,0.612766250885455
"Greene County","vap_black","pre_16_dem_cli",0.662172379366546,0.115983650970636,0.387233749114545,0.818674796723489
"Greene County","vap_hisp","pre_16_rep_tru",0.477641180382561,0.173175265303088,0.153022619486603,0.802738366823415
"Greene County","vap_hisp","pre_16_dem_cli",0.522358819617439,0.173175265303088,0.197261633176584,0.846977380513397
"Greene County","vap_asian","pre_16_rep_tru",0.47720407674867,0.186928887413922,0.135740194411512,0.834552316541363
"Greene County","vap_asian","pre_16_dem_cli",0.52279592325133,0.186928887413922,0.165447683458637,0.864259805588488
"Greene County","vap_aian","pre_16_rep_tru",0.447849931699395,0.187262438237613,0.095295908617873,0.813410002673122
"Greene County","vap_aian","pre_16_dem_cli",0.552150068300606,0.187262438237613,0.186589997326878,0.904704091382127
"Greene County","vap_oth_b","pre_16_rep_tru",0.58607555799277,0.14085415857753,0.306163996390626,0.846132637466831
"Greene County","vap_oth_b","pre_16_dem_cli",0.41392444200723,0.14085415857753,0.153867362533169,0.693836003609374
"Greene County","vap_white","uss_18_rep_wic",0.919343541712079,0.024261000319848,0.864120344844161,0.958266613992462
"Greene County","vap_white","uss_18_dem_bar",0.0806564582879211,0.024261000319848,0.0417333860075385,0.135879655155839
"Greene County","vap_black","uss_18_rep_wic",0.325619875701151,0.106840049847796,0.175076756084827,0.577839573256467
"Greene County","vap_black","uss_18_dem_bar",0.674380124298849,0.106840049847796,0.422160426743533,0.824923243915173
"Greene County","vap_hisp","uss_18_rep_wic",0.479575765821692,0.171610562436554,0.161206652777253,0.817561076332305
"Greene County","vap_hisp","uss_18_dem_bar",0.520424234178308,0.171610562436554,0.182438923667695,0.838793347222747
"Greene County","vap_asian","uss_18_rep_wic",0.498713740845341,0.186971479201011,0.151321370984852,0.845720320819294
"Greene County","vap_asian","uss_18_dem_bar",0.501286259154659,0.186971479201011,0.154279679180705,0.848678629015148
"Greene County","vap_aian","uss_18_rep_wic",0.537555239070528,0.177657144874367,0.179017708323008,0.861136994055293
"Greene County","vap_aian","uss_18_dem_bar",0.462444760929472,0.177657144874367,0.138863005944707,0.820982291676992
"Greene County","vap_oth_b","uss_18_rep_wic",0.552236246261214,0.153608354949062,0.236925141669274,0.830456879580763
"Greene County","vap_oth_b","uss_18_dem_bar",0.447763753738786,0.153608354949062,0.169543120419237,0.763074858330726
"Greene County","vap_white","pre_20_rep_tru",0.948403487334714,0.0198041634107272,0.900720919815194,0.979086777101999
"Greene County","vap_white","pre_20_dem_bid",0.0515965126652859,0.0198041634107272,0.0209132228980011,0.0992790801848062
"Greene County","vap_black","pre_20_rep_tru",0.297868181113223,0.0879090427498815,0.180189370773584,0.512772311946399
"Greene County","vap_black","pre_20_dem_bid",0.702131818886777,0.0879090427498815,0.487227688053601,0.819810629226416
"Greene County","vap_hisp","pre_20_rep_tru",0.495111402537667,0.173226314869613,0.157684041870632,0.824880196650076
"Greene County","vap_hisp","pre_20_dem_bid",0.504888597462332,0.173226314869613,0.175119803349924,0.842315958129368
"Greene County","vap_asian","pre_20_rep_tru",0.465154879789593,0.199898161332344,0.112860666832314,0.850710006659015
"Greene County","vap_asian","pre_20_dem_bid",0.534845120210407,0.199898161332344,0.149289993340985,0.887139333167685
"Greene County","vap_aian","pre_20_rep_tru",0.567872860442875,0.171709896515278,0.222373145618815,0.871840419380213
"Greene County","vap_aian","pre_20_dem_bid",0.432127139557125,0.171709896515278,0.128159580619787,0.777626854381185
"Greene County","vap_oth_b","pre_20_rep_tru",0.613058668838164,0.139518566514219,0.336362600091301,0.87381287730099
"Greene County","vap_oth_b","pre_20_dem_bid",0.386941331161836,0.139518566514219,0.12618712269901,0.663637399908699
"Greene County","vap_white","uss_20_rep_hyd",0.902851699052074,0.0212600695479687,0.854282641742651,0.936379524453178
"Greene County","vap_white","uss_20_dem_esp",0.0971483009479258,0.0212600695479687,0.0636204755468226,0.145717358257349
"Greene County","vap_black","uss_20_rep_hyd",0.297484290391396,0.0924660319603931,0.169599912219652,0.527014534258396
"Greene County","vap_black","uss_20_dem_esp",0.702515709608604,0.0924660319603931,0.472985465741605,0.830400087780348
"Greene County","vap_hisp","uss_20_rep_hyd",0.475331321663769,0.174154357185121,0.148559542160467,0.82572456816345
"Greene County","vap_hisp","uss_20_dem_esp",0.524668678336231,0.174154357185121,0.174275431836549,0.851440457839533
"Greene County","vap_asian","uss_20_rep_hyd",0.486246918815371,0.19322716036194,0.121605646011562,0.847699870151006
"Greene County","vap_asian","uss_20_dem_esp",0.513753081184629,0.19322716036194,0.152300129848994,0.878394353988437
"Greene County","vap_aian","uss_20_rep_hyd",0.477849050530302,0.18160296270044,0.14120288571365,0.831290556713305
"Greene County","vap_aian","uss_20_dem_esp",0.522150949469699,0.18160296270044,0.168709443286696,0.85879711428635
"Greene County","vap_oth_b","uss_20_rep_hyd",0.424494822633218,0.171575561279336,0.131009082442389,0.780799364389643
"Greene County","vap_oth_b","uss_20_dem_esp",0.575505177366782,0.171575561279336,0.219200635610357,0.868990917557611
"Grenada County","vap_white","pre_16_rep_tru",0.87699297455912,0.0251626650703934,0.816249151709356,0.91302050033105
"Grenada County","vap_white","pre_16_dem_cli",0.12300702544088,0.0251626650703934,0.0869794996689495,0.183750848290644
"Grenada County","vap_black","pre_16_rep_tru",0.14512913058783,0.0441436874774607,0.0798561745028007,0.250923553283863
"Grenada County","vap_black","pre_16_dem_cli",0.85487086941217,0.0441436874774607,0.749076446716137,0.920143825497199
"Grenada County","vap_hisp","pre_16_rep_tru",0.490229570844745,0.176528439230298,0.160046233552006,0.828687226769183
"Grenada County","vap_hisp","pre_16_dem_cli",0.509770429155255,0.176528439230298,0.171312773230817,0.839953766447994
"Grenada County","vap_asian","pre_16_rep_tru",0.507061393252951,0.184702183593468,0.15332932041604,0.861193369190589
"Grenada County","vap_asian","pre_16_dem_cli",0.492938606747049,0.184702183593468,0.138806630809411,0.84667067958396
"Grenada County","vap_aian","pre_16_rep_tru",0.497198653436119,0.186471089432324,0.15314398392102,0.853485664279873
"Grenada County","vap_aian","pre_16_dem_cli",0.502801346563881,0.186471089432324,0.146514335720127,0.84685601607898
"Grenada County","vap_oth_b","pre_16_rep_tru",0.460267945885119,0.175600443633477,0.149218552360596,0.804413240082143
"Grenada County","vap_oth_b","pre_16_dem_cli",0.539732054114881,0.175600443633477,0.195586759917857,0.850781447639403
"Grenada County","vap_white","uss_18_rep_wic",0.89533240450033,0.021782485639864,0.841682796656137,0.926834811900226
"Grenada County","vap_white","uss_18_dem_bar",0.10466759549967,0.021782485639864,0.0731651880997736,0.158317203343863
"Grenada County","vap_black","uss_18_rep_wic",0.135100443922785,0.0431281777202219,0.0646499637975304,0.235829282414535
"Grenada County","vap_black","uss_18_dem_bar",0.864899556077215,0.0431281777202219,0.764170717585465,0.93535003620247
"Grenada County","vap_hisp","uss_18_rep_wic",0.490700413968803,0.180245029909571,0.149594030346122,0.825552113010964
"Grenada County","vap_hisp","uss_18_dem_bar",0.509299586031198,0.180245029909571,0.174447886989036,0.850405969653878
"Grenada County","vap_asian","uss_18_rep_wic",0.508162191468355,0.185594076070606,0.150438031687093,0.847345039162579
"Grenada County","vap_asian","uss_18_dem_bar",0.491837808531645,0.185594076070606,0.152654960837421,0.849561968312907
"Grenada County","vap_aian","uss_18_rep_wic",0.498168627174487,0.186068085215787,0.143047038197724,0.839532850853626
"Grenada County","vap_aian","uss_18_dem_bar",0.501831372825513,0.186068085215787,0.160467149146373,0.856952961802276
"Grenada County","vap_oth_b","uss_18_rep_wic",0.525005897820988,0.177369434121688,0.185178572356555,0.857872164646907
"Grenada County","vap_oth_b","uss_18_dem_bar",0.474994102179012,0.177369434121688,0.142127835353093,0.814821427643445
"Grenada County","vap_white","pre_20_rep_tru",0.950095385825979,0.0193978258249828,0.905365690938664,0.980929849163266
"Grenada County","vap_white","pre_20_dem_bid",0.0499046141740214,0.0193978258249828,0.0190701508367337,0.0946343090613364
"Grenada County","vap_black","pre_20_rep_tru",0.0761041599850707,0.0324237813311478,0.0273083688579073,0.151168977750319
"Grenada County","vap_black","pre_20_dem_bid",0.923895840014929,0.0324237813311478,0.848831022249681,0.972691631142093
"Grenada County","vap_hisp","pre_20_rep_tru",0.476599986786154,0.175882834518149,0.155467078672467,0.814302141258063
"Grenada County","vap_hisp","pre_20_dem_bid",0.523400013213847,0.175882834518149,0.185697858741937,0.844532921327533
"Grenada County","vap_asian","pre_20_rep_tru",0.502348607158448,0.190746780469884,0.152903864517587,0.868262939734435
"Grenada County","vap_asian","pre_20_dem_bid",0.497651392841552,0.190746780469884,0.131737060265565,0.847096135482413
"Grenada County","vap_aian","pre_20_rep_tru",0.498620202395053,0.198741590616629,0.129546357180124,0.904182296412732
"Grenada County","vap_aian","pre_20_dem_bid",0.501379797604947,0.198741590616629,0.0958177035872681,0.870453642819875
"Grenada County","vap_oth_b","pre_20_rep_tru",0.425502153523079,0.192208150593674,0.0649184209127245,0.799447166998593
"Grenada County","vap_oth_b","pre_20_dem_bid",0.574497846476921,0.192208150593674,0.200552833001407,0.935081579087275
"Grenada County","vap_white","uss_20_rep_hyd",0.903697038894352,0.0239260491229427,0.847198308579203,0.939637987497842
"Grenada County","vap_white","uss_20_dem_esp",0.0963029611056476,0.0239260491229427,0.0603620125021582,0.152801691420797
"Grenada County","vap_black","uss_20_rep_hyd",0.0565532907034297,0.0364554167039784,0.0086950511877837,0.14489457578239
"Grenada County","vap_black","uss_20_dem_esp",0.94344670929657,0.0364554167039784,0.85510542421761,0.991304948812216
"Grenada County","vap_hisp","uss_20_rep_hyd",0.451212807845711,0.180263379159387,0.126290527785958,0.813137937110625
"Grenada County","vap_hisp","uss_20_dem_esp",0.548787192154289,0.180263379159387,0.186862062889375,0.873709472214042
"Grenada County","vap_asian","uss_20_rep_hyd",0.487989674122164,0.192414968041748,0.114443824685868,0.83710403936864
"Grenada County","vap_asian","uss_20_dem_esp",0.512010325877836,0.192414968041748,0.16289596063136,0.885556175314132
"Grenada County","vap_aian","uss_20_rep_hyd",0.499048904485619,0.176661211476653,0.177122503217762,0.856218067658125
"Grenada County","vap_aian","uss_20_dem_esp",0.500951095514381,0.176661211476653,0.143781932341874,0.822877496782238
"Grenada County","vap_oth_b","uss_20_rep_hyd",0.423684827853724,0.170020703992502,0.128906070169809,0.778753673708502
"Grenada County","vap_oth_b","uss_20_dem_esp",0.576315172146276,0.170020703992502,0.221246326291498,0.871093929830191
"Hancock County","vap_white","pre_16_rep_tru",0.894653768429706,0.014123139225701,0.865233028547357,0.919447994791718
"Hancock County","vap_white","pre_16_dem_cli",0.105346231570294,0.014123139225701,0.0805520052082822,0.134766971452643
"Hancock County","vap_black","pre_16_rep_tru",0.234822229622529,0.101848917406816,0.0703094981970532,0.458478484910229
"Hancock County","vap_black","pre_16_dem_cli",0.765177770377471,0.101848917406816,0.541521515089771,0.929690501802947
"Hancock County","vap_hisp","pre_16_rep_tru",0.417555691847624,0.165050334119433,0.122394732043408,0.742407984356719
"Hancock County","vap_hisp","pre_16_dem_cli",0.582444308152376,0.165050334119433,0.257592015643281,0.877605267956592
"Hancock County","vap_asian","pre_16_rep_tru",0.502328691819697,0.163056417024228,0.203597396014819,0.809844291547633
"Hancock County","vap_asian","pre_16_dem_cli",0.497671308180303,0.163056417024228,0.190155708452367,0.796402603985181
"Hancock County","vap_aian","pre_16_rep_tru",0.496835400956451,0.170273648883995,0.173465211143543,0.822700904540689
"Hancock County","vap_aian","pre_16_dem_cli",0.50316459904355,0.170273648883995,0.177299095459311,0.826534788856457
"Hancock County","vap_oth_b","pre_16_rep_tru",0.443244668384365,0.159573799016566,0.158339795585263,0.751813430774557
"Hancock County","vap_oth_b","pre_16_dem_cli",0.556755331615635,0.159573799016566,0.248186569225443,0.841660204414737
"Hancock County","vap_white","uss_18_rep_wic",0.815387485567294,0.0163855080672597,0.780755113939248,0.844719190382442
"Hancock County","vap_white","uss_18_dem_bar",0.184612514432706,0.0163855080672597,0.155280809617558,0.219244886060752
"Hancock County","vap_black","uss_18_rep_wic",0.192385655721924,0.0968431747345101,0.0531032553457119,0.425259557480167
"Hancock County","vap_black","uss_18_dem_bar",0.807614344278076,0.0968431747345101,0.574740442519832,0.946896744654288
"Hancock County","vap_hisp","uss_18_rep_wic",0.434186374920087,0.168611703270817,0.139936086355641,0.776913101901616
"Hancock County","vap_hisp","uss_18_dem_bar",0.565813625079913,0.168611703270817,0.223086898098384,0.860063913644359
"Hancock County","vap_asian","uss_18_rep_wic",0.459680325069602,0.168042840232574,0.154045373154833,0.779963817323872
"Hancock County","vap_asian","uss_18_dem_bar",0.540319674930398,0.168042840232574,0.220036182676128,0.845954626845167
"Hancock County","vap_aian","uss_18_rep_wic",0.499901215936927,0.178264871279881,0.159709334255805,0.835102356235391
"Hancock County","vap_aian","uss_18_dem_bar",0.500098784063073,0.178264871279881,0.164897643764609,0.840290665744195
"Hancock County","vap_oth_b","uss_18_rep_wic",0.42931567550387,0.164842474793243,0.142827528593099,0.767898384643277
"Hancock County","vap_oth_b","uss_18_dem_bar",0.57068432449613,0.164842474793243,0.232101615356723,0.857172471406901
"Hancock County","vap_white","pre_20_rep_tru",0.880064416485299,0.0138400856716137,0.850545281440524,0.905212225148347
"Hancock County","vap_white","pre_20_dem_bid",0.119935583514701,0.0138400856716137,0.094787774851653,0.149454718559476
"Hancock County","vap_black","pre_20_rep_tru",0.191151649405597,0.0901046270545931,0.058178464322698,0.402923077063875
"Hancock County","vap_black","pre_20_dem_bid",0.808848350594403,0.0901046270545931,0.597076922936124,0.941821535677302
"Hancock County","vap_hisp","pre_20_rep_tru",0.398866581330086,0.160485525265295,0.123678597977898,0.74568791652294
"Hancock County","vap_hisp","pre_20_dem_bid",0.601133418669914,0.160485525265295,0.25431208347706,0.876321402022102
"Hancock County","vap_asian","pre_20_rep_tru",0.478682920794401,0.17078082767419,0.177484779570667,0.805957488072241
"Hancock County","vap_asian","pre_20_dem_bid",0.521317079205599,0.17078082767419,0.194042511927759,0.822515220429333
"Hancock County","vap_aian","pre_20_rep_tru",0.514055212804101,0.166215650078916,0.196124439051823,0.836961853134467
"Hancock County","vap_aian","pre_20_dem_bid",0.485944787195899,0.166215650078916,0.163038146865533,0.803875560948177
"Hancock County","vap_oth_b","pre_20_rep_tru",0.427237122488669,0.162561908669927,0.138941854660683,0.757792432270738
"Hancock County","vap_oth_b","pre_20_dem_bid",0.572762877511331,0.162561908669927,0.242207567729262,0.861058145339317
"Hancock County","vap_white","uss_20_rep_hyd",0.800794517070242,0.0163165936488575,0.767829154134428,0.831076790711819
"Hancock County","vap_white","uss_20_dem_esp",0.199205482929758,0.0163165936488575,0.168923209288181,0.232170845865572
"Hancock County","vap_black","uss_20_rep_hyd",0.193463711775742,0.0934306117808413,0.052165141301837,0.407741483272179
"Hancock County","vap_black","uss_20_dem_esp",0.806536288224258,0.0934306117808413,0.59225851672782,0.947834858698163
"Hancock County","vap_hisp","uss_20_rep_hyd",0.400192696746269,0.179649075507383,0.0981639406883407,0.765674836793789
"Hancock County","vap_hisp","uss_20_dem_esp",0.599807303253731,0.179649075507383,0.23432516320621,0.901836059311659
"Hancock County","vap_asian","uss_20_rep_hyd",0.486042447479119,0.175499414389176,0.167714648674303,0.828662945843427
"Hancock County","vap_asian","uss_20_dem_esp",0.513957552520881,0.175499414389176,0.171337054156573,0.832285351325697
"Hancock County","vap_aian","uss_20_rep_hyd",0.492120419937232,0.17080106758752,0.185509044920211,0.820496077027314
"Hancock County","vap_aian","uss_20_dem_esp",0.507879580062768,0.17080106758752,0.179503922972687,0.814490955079789
"Hancock County","vap_oth_b","uss_20_rep_hyd",0.432035235324629,0.171046859243001,0.141200276866687,0.782711002302004
"Hancock County","vap_oth_b","uss_20_dem_esp",0.567964764675371,0.171046859243001,0.217288997697996,0.858799723133313
"Harrison County","vap_white","pre_16_rep_tru",0.929902287780788,0.00801241812430374,0.912110054603269,0.943438826964017
"Harrison County","vap_white","pre_16_dem_cli",0.0700977122192116,0.00801241812430374,0.056561173035983,0.0878899453967309
"Harrison County","vap_black","pre_16_rep_tru",0.0444380931240144,0.0147059756043267,0.0209416434598217,0.0763408292264735
"Harrison County","vap_black","pre_16_dem_cli",0.955561906875986,0.0147059756043267,0.923659170773526,0.979058356540178
"Harrison County","vap_hisp","pre_16_rep_tru",0.204429291698555,0.0767544864532649,0.0808084677062469,0.377944507823816
"Harrison County","vap_hisp","pre_16_dem_cli",0.795570708301445,0.0767544864532649,0.622055492176184,0.919191532293753
"Harrison County","vap_asian","pre_16_rep_tru",0.329371517656353,0.125621574354892,0.106560087292799,0.598869821495105
"Harrison County","vap_asian","pre_16_dem_cli",0.670628482343647,0.125621574354892,0.401130178504895,0.893439912707201
"Harrison County","vap_aian","pre_16_rep_tru",0.440130995187368,0.170159714864008,0.141915094617062,0.786023608103614
"Harrison County","vap_aian","pre_16_dem_cli",0.559869004812632,0.170159714864008,0.213976391896385,0.858084905382938
"Harrison County","vap_oth_b","pre_16_rep_tru",0.241714206437253,0.0874503132711787,0.0927645750595954,0.433729435716787
"Harrison County","vap_oth_b","pre_16_dem_cli",0.758285793562748,0.0874503132711787,0.566270564283213,0.907235424940404
"Harrison County","vap_white","uss_18_rep_wic",0.902863498408719,0.0118993864474816,0.875979492461715,0.922347125934602
"Harrison County","vap_white","uss_18_dem_bar",0.0971365015912807,0.0118993864474816,0.0776528740653977,0.124020507538286
"Harrison County","vap_black","uss_18_rep_wic",0.039031175490807,0.0145316722211456,0.0174502062142151,0.0728967203132894
"Harrison County","vap_black","uss_18_dem_bar",0.960968824509193,0.0145316722211456,0.927103279686711,0.982549793785785
"Harrison County","vap_hisp","uss_18_rep_wic",0.199002681799829,0.0777874353262768,0.0782179542047082,0.37905074759808
"Harrison County","vap_hisp","uss_18_dem_bar",0.800997318200171,0.0777874353262768,0.62094925240192,0.921782045795292
"Harrison County","vap_asian","uss_18_rep_wic",0.321885116376223,0.129758658430484,0.113820209558089,0.608116056061974
"Harrison County","vap_asian","uss_18_dem_bar",0.678114883623777,0.129758658430484,0.391883943938026,0.886179790441911
"Harrison County","vap_aian","uss_18_rep_wic",0.469602509847635,0.163283150059903,0.176795299291256,0.794252246281931
"Harrison County","vap_aian","uss_18_dem_bar",0.530397490152365,0.163283150059903,0.205747753718069,0.823204700708744
"Harrison County","vap_oth_b","uss_18_rep_wic",0.212023056902713,0.0989042437019717,0.0745383919781662,0.459324261042719
"Harrison County","vap_oth_b","uss_18_dem_bar",0.787976943097287,0.0989042437019717,0.540675738957281,0.925461608021834
"Harrison County","vap_white","pre_20_rep_tru",0.885227396592093,0.012047677588194,0.860899499343974,0.907310302074755
"Harrison County","vap_white","pre_20_dem_bid",0.114772603407907,0.012047677588194,0.0926896979252453,0.139100500656026
"Harrison County","vap_black","pre_20_rep_tru",0.0388357393847986,0.0156126511746089,0.0155312687733642,0.076449791969059
"Harrison County","vap_black","pre_20_dem_bid",0.961164260615201,0.0156126511746089,0.923550208030941,0.984468731226636
"Harrison County","vap_hisp","pre_20_rep_tru",0.217258999414121,0.091746300733622,0.0845641503152955,0.42473026420941
"Harrison County","vap_hisp","pre_20_dem_bid",0.782741000585879,0.091746300733622,0.57526973579059,0.915435849684704
"Harrison County","vap_asian","pre_20_rep_tru",0.324760068986678,0.131855466161542,0.12558498967143,0.642192578724865
"Harrison County","vap_asian","pre_20_dem_bid",0.675239931013322,0.131855466161542,0.357807421275135,0.87441501032857
"Harrison County","vap_aian","pre_20_rep_tru",0.429909275397457,0.159147883041173,0.155292230259677,0.755010337518717
"Harrison County","vap_aian","pre_20_dem_bid",0.570090724602543,0.159147883041173,0.244989662481283,0.844707769740323
"Harrison County","vap_oth_b","pre_20_rep_tru",0.264221618811467,0.104444537791516,0.104535522427753,0.505355178093031
"Harrison County","vap_oth_b","pre_20_dem_bid",0.735778381188533,0.104444537791516,0.494644821906968,0.895464477572247
"Harrison County","vap_white","uss_20_rep_hyd",0.824955564729116,0.0138779911722459,0.794066573504122,0.84855762067338
"Harrison County","vap_white","uss_20_dem_esp",0.175044435270884,0.0138779911722459,0.15144237932662,0.205933426495877
"Harrison County","vap_black","uss_20_rep_hyd",0.0393604049498001,0.0159077515373108,0.0158677319957748,0.076278876849125
"Harrison County","vap_black","uss_20_dem_esp",0.9606395950502,0.0159077515373108,0.923721123150875,0.984132268004225
"Harrison County","vap_hisp","uss_20_rep_hyd",0.224389598407577,0.099324745634591,0.0784927802001337,0.471847454720426
"Harrison County","vap_hisp","uss_20_dem_esp",0.775610401592423,0.099324745634591,0.528152545279573,0.921507219799866
"Harrison County","vap_asian","uss_20_rep_hyd",0.359090904070131,0.15351984326892,0.123222664611514,0.721784555642715
"Harrison County","vap_asian","uss_20_dem_esp",0.640909095929869,0.15351984326892,0.278215444357284,0.876777335388485
"Harrison County","vap_aian","uss_20_rep_hyd",0.461698022653151,0.155047995916442,0.176540232574789,0.777232871574315
"Harrison County","vap_aian","uss_20_dem_esp",0.538301977346849,0.155047995916442,0.222767128425685,0.823459767425211
"Harrison County","vap_oth_b","uss_20_rep_hyd",0.244110295830383,0.103973021510296,0.0847848112282508,0.472147187738609
"Harrison County","vap_oth_b","uss_20_dem_esp",0.755889704169617,0.103973021510296,0.527852812261391,0.915215188771749
"Hinds County","vap_white","pre_16_rep_tru",0.776277134889573,0.0109655796839708,0.753813348629551,0.796044718588578
"Hinds County","vap_white","pre_16_dem_cli",0.223722865110427,0.0109655796839708,0.203955281411422,0.246186651370449
"Hinds County","vap_black","pre_16_rep_tru",0.0232191751237965,0.0030117180426811,0.0178875847524446,0.0295007297802601
"Hinds County","vap_black","pre_16_dem_cli",0.976780824876204,0.0030117180426811,0.97049927021974,0.982112415247556
"Hinds County","vap_hisp","pre_16_rep_tru",0.202596302135679,0.0731407552496552,0.0926321315171034,0.387194642080154
"Hinds County","vap_hisp","pre_16_dem_cli",0.797403697864321,0.0731407552496552,0.612805357919846,0.907367868482896
"Hinds County","vap_asian","pre_16_rep_tru",0.587215441637998,0.128698316536394,0.32527445332036,0.81550980167798
"Hinds County","vap_asian","pre_16_dem_cli",0.412784558362002,0.128698316536394,0.18449019832202,0.67472554667964
"Hinds County","vap_aian","pre_16_rep_tru",0.473012287243604,0.149578773240675,0.194135522709016,0.747764568045177
"Hinds County","vap_aian","pre_16_dem_cli",0.526987712756396,0.149578773240675,0.252235431954823,0.805864477290984
"Hinds County","vap_oth_b","pre_16_rep_tru",0.160835950159244,0.0499372653227951,0.0828787563026291,0.275840287537261
"Hinds County","vap_oth_b","pre_16_dem_cli",0.839164049840756,0.0499372653227951,0.724159712462739,0.917121243697371
"Hinds County","vap_white","uss_18_rep_wic",0.77072644774031,0.0122212863020212,0.745093886150907,0.793502255852083
"Hinds County","vap_white","uss_18_dem_bar",0.22927355225969,0.0122212863020212,0.206497744147917,0.254906113849093
"Hinds County","vap_black","uss_18_rep_wic",0.0203574274400449,0.00307671697470426,0.015114245410111,0.027134670614146
"Hinds County","vap_black","uss_18_dem_bar",0.979642572559955,0.00307671697470426,0.972865329385854,0.984885754589889
"Hinds County","vap_hisp","uss_18_rep_wic",0.318727677520002,0.100668360434786,0.149294715688336,0.524223895485715
"Hinds County","vap_hisp","uss_18_dem_bar",0.681272322479998,0.100668360434786,0.475776104514285,0.850705284311664
"Hinds County","vap_asian","uss_18_rep_wic",0.400819639107636,0.144133344824933,0.152715839928229,0.708121420852171
"Hinds County","vap_asian","uss_18_dem_bar",0.599180360892364,0.144133344824933,0.291878579147829,0.84728416007177
"Hinds County","vap_aian","uss_18_rep_wic",0.551256957741229,0.15565616893462,0.224174575634475,0.818801918350155
"Hinds County","vap_aian","uss_18_dem_bar",0.448743042258771,0.15565616893462,0.181198081649845,0.775825424365525
"Hinds County","vap_oth_b","uss_18_rep_wic",0.587086665904723,0.113859830026956,0.336633345136378,0.791896905256333
"Hinds County","vap_oth_b","uss_18_dem_bar",0.412913334095277,0.113859830026956,0.208103094743667,0.663366654863622
"Hinds County","vap_white","pre_20_rep_tru",0.718173013132423,0.0122181777643553,0.694113563713227,0.740565537458939
"Hinds County","vap_white","pre_20_dem_bid",0.281826986867577,0.0122181777643553,0.259434462541061,0.305886436286773
"Hinds County","vap_black","pre_20_rep_tru",0.0182023962138081,0.00280456267197041,0.0131439364257559,0.0241208561805862
"Hinds County","vap_black","pre_20_dem_bid",0.981797603786192,0.00280456267197041,0.975879143819414,0.986856063574244
"Hinds County","vap_hisp","pre_20_rep_tru",0.235646701253277,0.0871809750115822,0.094894858917996,0.413802051347034
"Hinds County","vap_hisp","pre_20_dem_bid",0.764353298746723,0.0871809750115822,0.586197948652966,0.905105141082004
"Hinds County","vap_asian","pre_20_rep_tru",0.358006825933521,0.13846670311174,0.126753236458659,0.670797569013569
"Hinds County","vap_asian","pre_20_dem_bid",0.641993174066479,0.13846670311174,0.329202430986431,0.873246763541341
"Hinds County","vap_aian","pre_20_rep_tru",0.515728642163097,0.184407085262198,0.181540481591664,0.852723890226774
"Hinds County","vap_aian","pre_20_dem_bid",0.484271357836903,0.184407085262198,0.147276109773226,0.818459518408336
"Hinds County","vap_oth_b","pre_20_rep_tru",0.225644150315319,0.0753535414461377,0.102730472650631,0.384684172750405
"Hinds County","vap_oth_b","pre_20_dem_bid",0.774355849684682,0.0753535414461377,0.615315827249595,0.897269527349369
"Hinds County","vap_white","uss_20_rep_hyd",0.678640965534072,0.0121142889549679,0.653473434365991,0.700849484479388
"Hinds County","vap_white","uss_20_dem_esp",0.321359034465928,0.0121142889549679,0.299150515520612,0.346526565634009
"Hinds County","vap_black","uss_20_rep_hyd",0.0150416828291406,0.00309035188617994,0.00979322730464256,0.0217066390992034
"Hinds County","vap_black","uss_20_dem_esp",0.98495831717086,0.00309035188617993,0.978293360900797,0.990206772695357
"Hinds County","vap_hisp","uss_20_rep_hyd",0.153620125738473,0.056798115799333,0.0709939422224343,0.292864522196165
"Hinds County","vap_hisp","uss_20_dem_esp",0.846379874261527,0.056798115799333,0.707135477803835,0.929006057777566
"Hinds County","vap_asian","uss_20_rep_hyd",0.369793999369851,0.148490132168466,0.129011007984782,0.710262925962417
"Hinds County","vap_asian","uss_20_dem_esp",0.630206000630149,0.148490132168466,0.289737074037583,0.870988992015218
"Hinds County","vap_aian","uss_20_rep_hyd",0.48255392464817,0.172538043049348,0.160261051652501,0.810874603144424
"Hinds County","vap_aian","uss_20_dem_esp",0.51744607535183,0.172538043049348,0.189125396855576,0.839738948347499
"Hinds County","vap_oth_b","uss_20_rep_hyd",0.125065619782316,0.0453696931606853,0.054850100336201,0.222661185903787
"Hinds County","vap_oth_b","uss_20_dem_esp",0.874934380217684,0.0453696931606853,0.777338814096213,0.945149899663799
"Holmes County","vap_white","pre_16_rep_tru",0.744513368156336,0.0689150009757174,0.587259803489345,0.856834363994246
"Holmes County","vap_white","pre_16_dem_cli",0.255486631843664,0.0689150009757174,0.143165636005754,0.412740196510654
"Holmes County","vap_black","pre_16_rep_tru",0.058882608037651,0.0183568998907397,0.0287871474487518,0.101348952776165
"Holmes County","vap_black","pre_16_dem_cli",0.941117391962349,0.0183568998907396,0.898651047223835,0.971212852551248
"Holmes County","vap_hisp","pre_16_rep_tru",0.514503140385347,0.176506022509093,0.172815142246438,0.840819782449444
"Holmes County","vap_hisp","pre_16_dem_cli",0.485496859614653,0.176506022509093,0.159180217550556,0.827184857753562
"Holmes County","vap_asian","pre_16_rep_tru",0.471333140949785,0.226102873280649,0.047904278500768,0.890347726455457
"Holmes County","vap_asian","pre_16_dem_cli",0.528666859050215,0.226102873280649,0.109652273544543,0.952095721499232
"Holmes County","vap_aian","pre_16_rep_tru",0.528505804123401,0.182279578384362,0.17393845621298,0.861217681413139
"Holmes County","vap_aian","pre_16_dem_cli",0.471494195876599,0.182279578384362,0.138782318586861,0.82606154378702
"Holmes County","vap_oth_b","pre_16_rep_tru",0.475599755203612,0.184121607162394,0.0972743537505096,0.807034637789814
"Holmes County","vap_oth_b","pre_16_dem_cli",0.524400244796388,0.184121607162394,0.192965362210186,0.90272564624949
"Holmes County","vap_white","uss_18_rep_wic",0.799203478332979,0.086184070864515,0.584564432729599,0.925575468018547
"Holmes County","vap_white","uss_18_dem_bar",0.200796521667021,0.086184070864515,0.0744245319814529,0.415435567270401
"Holmes County","vap_black","uss_18_rep_wic",0.0923892532528296,0.0234869589496384,0.055760640075333,0.149010372526385
"Holmes County","vap_black","uss_18_dem_bar",0.90761074674717,0.0234869589496384,0.850989627473615,0.944239359924667
"Holmes County","vap_hisp","uss_18_rep_wic",0.496462021102347,0.187282441621344,0.14829318246547,0.849407559138502
"Holmes County","vap_hisp","uss_18_dem_bar",0.503537978897653,0.187282441621344,0.150592440861498,0.85170681753453
"Holmes County","vap_asian","uss_18_rep_wic",0.519260277369052,0.201664659690246,0.140439990609734,0.893501456421759
"Holmes County","vap_asian","uss_18_dem_bar",0.480739722630948,0.201664659690246,0.106498543578241,0.859560009390266
"Holmes County","vap_aian","uss_18_rep_wic",0.510720162597218,0.186832790930868,0.151340698888083,0.849069357433555
"Holmes County","vap_aian","uss_18_dem_bar",0.489279837402782,0.186832790930868,0.150930642566445,0.848659301111917
"Holmes County","vap_oth_b","uss_18_rep_wic",0.533474279804011,0.173075991757734,0.196940188110527,0.843953414183516
"Holmes County","vap_oth_b","uss_18_dem_bar",0.466525720195989,0.173075991757734,0.156046585816484,0.803059811889473
"Holmes County","vap_white","pre_20_rep_tru",0.820069164947899,0.0568207739098846,0.69062799813514,0.907782611143908
"Holmes County","vap_white","pre_20_dem_bid",0.179930835052101,0.0568207739098846,0.0922173888560921,0.30937200186486
"Holmes County","vap_black","pre_20_rep_tru",0.0434376359715054,0.0156667489450162,0.0188920070138925,0.0795320140890554
"Holmes County","vap_black","pre_20_dem_bid",0.956562364028495,0.0156667489450162,0.920467985910945,0.981107992986108
"Holmes County","vap_hisp","pre_20_rep_tru",0.516721337068842,0.182728950303511,0.166799419855397,0.850329309029715
"Holmes County","vap_hisp","pre_20_dem_bid",0.483278662931157,0.182728950303511,0.149670690970285,0.833200580144603
"Holmes County","vap_asian","pre_20_rep_tru",0.501747423435866,0.21166981469094,0.111328762725834,0.900174375735743
"Holmes County","vap_asian","pre_20_dem_bid",0.498252576564134,0.21166981469094,0.0998256242642574,0.888671237274166
"Holmes County","vap_aian","pre_20_rep_tru",0.512365517688147,0.1849849259513,0.147593460712655,0.852349013329168
"Holmes County","vap_aian","pre_20_dem_bid",0.487634482311853,0.1849849259513,0.147650986670832,0.852406539287345
"Holmes County","vap_oth_b","pre_20_rep_tru",0.557075179598616,0.166647841728195,0.218171009736481,0.853224207669829
"Holmes County","vap_oth_b","pre_20_dem_bid",0.442924820401384,0.166647841728195,0.146775792330171,0.781828990263519
"Holmes County","vap_white","uss_20_rep_hyd",0.775355263997948,0.0539367020290277,0.659173315135425,0.862364561488537
"Holmes County","vap_white","uss_20_dem_esp",0.224644736002052,0.0539367020290277,0.137635438511463,0.340826684864575
"Holmes County","vap_black","uss_20_rep_hyd",0.0312362065598057,0.013147661791578,0.0116202578033024,0.0612190297103833
"Holmes County","vap_black","uss_20_dem_esp",0.968763793440194,0.013147661791578,0.938780970289617,0.988379742196698
"Holmes County","vap_hisp","uss_20_rep_hyd",0.511285520045395,0.189061823842439,0.127936137788517,0.848534370775318
"Holmes County","vap_hisp","uss_20_dem_esp",0.488714479954605,0.189061823842439,0.151465629224682,0.872063862211483
"Holmes County","vap_asian","uss_20_rep_hyd",0.510968845305367,0.201707524588669,0.127020306439993,0.884517564518786
"Holmes County","vap_asian","uss_20_dem_esp",0.489031154694633,0.201707524588669,0.115482435481214,0.872979693560006
"Holmes County","vap_aian","uss_20_rep_hyd",0.498858222666059,0.190858472551469,0.147684931937469,0.863420139562278
"Holmes County","vap_aian","uss_20_dem_esp",0.501141777333941,0.190858472551469,0.136579860437722,0.852315068062531
"Holmes County","vap_oth_b","uss_20_rep_hyd",0.535280795051931,0.177800116681928,0.196974177203139,0.862769005939994
"Holmes County","vap_oth_b","uss_20_dem_esp",0.464719204948069,0.177800116681928,0.137230994060006,0.803025822796861
"Humphreys County","vap_white","pre_16_rep_tru",0.916293587227554,0.0365806494763837,0.832233517903783,0.975826735311059
"Humphreys County","vap_white","pre_16_dem_cli",0.0837064127724462,0.0365806494763837,0.0241732646889409,0.167766482096218
"Humphreys County","vap_black","pre_16_rep_tru",0.111036662328072,0.0226801942225869,0.0702725707164403,0.159473031447527
"Humphreys County","vap_black","pre_16_dem_cli",0.888963337671928,0.0226801942225869,0.840526968552473,0.92972742928356
"Humphreys County","vap_hisp","pre_16_rep_tru",0.612774000200197,0.180241992930405,0.224502339499032,0.910604463665319
"Humphreys County","vap_hisp","pre_16_dem_cli",0.387225999799803,0.180241992930405,0.0893955363346808,0.775497660500967
"Humphreys County","vap_asian","pre_16_rep_tru",0.504471992753829,0.209829711193542,0.109338466779854,0.89749936802408
"Humphreys County","vap_asian","pre_16_dem_cli",0.495528007246171,0.209829711193542,0.10250063197592,0.890661533220146
"Humphreys County","vap_aian","pre_16_rep_tru",0.505272794952986,0.233896091418492,0.0783137446848998,0.92399724127938
"Humphreys County","vap_aian","pre_16_dem_cli",0.494727205047014,0.233896091418492,0.0760027587206202,0.9216862553151
"Humphreys County","vap_oth_b","pre_16_rep_tru",0.463088710412584,0.17476120499209,0.141601141224725,0.80164057958101
"Humphreys County","vap_oth_b","pre_16_dem_cli",0.536911289587416,0.17476120499209,0.19835942041899,0.858398858775275
"Humphreys County","vap_white","uss_18_rep_wic",0.915006309835196,0.0443354197177889,0.812672983419086,0.979233594142986
"Humphreys County","vap_white","uss_18_dem_bar",0.0849936901648037,0.0443354197177889,0.020766405857014,0.187327016580914
"Humphreys County","vap_black","uss_18_rep_wic",0.161517544036885,0.0281972755590219,0.113103965863007,0.222491568376204
"Humphreys County","vap_black","uss_18_dem_bar",0.838482455963115,0.0281972755590219,0.777508431623796,0.886896034136993
"Humphreys County","vap_hisp","uss_18_rep_wic",0.634602395113215,0.184039020965555,0.229760440991267,0.924352634989137
"Humphreys County","vap_hisp","uss_18_dem_bar",0.365397604886785,0.184039020965555,0.075647365010863,0.770239559008733
"Humphreys County","vap_asian","uss_18_rep_wic",0.504142198824099,0.210171271968924,0.106068149817184,0.893186513863234
"Humphreys County","vap_asian","uss_18_dem_bar",0.495857801175901,0.210171271968924,0.106813486136766,0.893931850182816
"Humphreys County","vap_aian","uss_18_rep_wic",0.503706057757608,0.237338558793042,0.0665993780302066,0.929280690962108
"Humphreys County","vap_aian","uss_18_dem_bar",0.496293942242392,0.237338558793042,0.0707193090378917,0.933400621969793
"Humphreys County","vap_oth_b","uss_18_rep_wic",0.521742736178995,0.180660726267288,0.172025238810586,0.852741864543319
"Humphreys County","vap_oth_b","uss_18_dem_bar",0.478257263821005,0.180660726267288,0.147258135456681,0.827974761189414
"Humphreys County","vap_white","pre_20_rep_tru",0.920620405815024,0.0399377178968309,0.825503254259827,0.979907867243724
"Humphreys County","vap_white","pre_20_dem_bid",0.0793795941849763,0.0399377178968309,0.0200921327562757,0.174496745740173
"Humphreys County","vap_black","pre_20_rep_tru",0.0937495704989425,0.0230537722893598,0.0557800178519308,0.146987567091686
"Humphreys County","vap_black","pre_20_dem_bid",0.906250429501058,0.0230537722893598,0.853012432908314,0.944219982148069
"Humphreys County","vap_hisp","pre_20_rep_tru",0.55213782371753,0.192305942227297,0.163512607025551,0.881035198055157
"Humphreys County","vap_hisp","pre_20_dem_bid",0.44786217628247,0.192305942227297,0.118964801944842,0.836487392974448
"Humphreys County","vap_asian","pre_20_rep_tru",0.513660076367923,0.222275113824585,0.109359346133967,0.940617074784888
"Humphreys County","vap_asian","pre_20_dem_bid",0.486339923632077,0.222275113824585,0.0593829252151113,0.890640653866033
"Humphreys County","vap_aian","pre_20_rep_tru",0.505974845622417,0.232061155924766,0.0870251513357752,0.927027562446266
"Humphreys County","vap_aian","pre_20_dem_bid",0.494025154377583,0.232061155924766,0.0729724375537334,0.912974848664225
"Humphreys County","vap_oth_b","pre_20_rep_tru",0.482091990725519,0.172828366725133,0.158300300269965,0.824180184733689
"Humphreys County","vap_oth_b","pre_20_dem_bid",0.517908009274481,0.172828366725133,0.175819815266311,0.841699699730035
"Humphreys County","vap_white","uss_20_rep_hyd",0.923771761443265,0.0362111459026296,0.837810389579963,0.978441843129665
"Humphreys County","vap_white","uss_20_dem_esp",0.0762282385567351,0.0362111459026296,0.0215581568703353,0.162189610420037
"Humphreys County","vap_black","uss_20_rep_hyd",0.0626675519762909,0.0202335435540002,0.0310730543345758,0.110854145669576
"Humphreys County","vap_black","uss_20_dem_esp",0.937332448023709,0.0202335435540002,0.889145854330424,0.968926945665424
"Humphreys County","vap_hisp","uss_20_rep_hyd",0.55208517232038,0.189955477108689,0.174431237811259,0.886507013831876
"Humphreys County","vap_hisp","uss_20_dem_esp",0.44791482767962,0.189955477108689,0.113492986168124,0.82556876218874
"Humphreys County","vap_asian","uss_20_rep_hyd",0.508821338430038,0.214147657831768,0.0892676672884474,0.899176939301647
"Humphreys County","vap_asian","uss_20_dem_esp",0.491178661569962,0.214147657831768,0.100823060698353,0.910732332711553
"Humphreys County","vap_aian","uss_20_rep_hyd",0.479907795373177,0.236283766059086,0.0550831724891611,0.909915921729252
"Humphreys County","vap_aian","uss_20_dem_esp",0.520092204626823,0.236283766059086,0.0900840782707482,0.944916827510839
"Humphreys County","vap_oth_b","uss_20_rep_hyd",0.412513800258044,0.171856232667256,0.10944036216733,0.762301912532631
"Humphreys County","vap_oth_b","uss_20_dem_esp",0.587486199741956,0.171856232667256,0.237698087467369,0.89055963783267
"Issaquena County","vap_white","pre_16_rep_tru",0.706045312247323,0.0965271086692654,0.494996092265287,0.865601238308903
"Issaquena County","vap_white","pre_16_dem_cli",0.293954687752677,0.0965271086692654,0.134398761691097,0.505003907734712
"Issaquena County","vap_black","pre_16_rep_tru",0.200377459194782,0.105645940092774,0.0322914684290531,0.435983248059932
"Issaquena County","vap_black","pre_16_dem_cli",0.799622540805218,0.105645940092774,0.564016751940068,0.967708531570947
"Issaquena County","vap_hisp","pre_16_rep_tru",0.219503327900497,0.113515279815288,0.0329675595944813,0.464051902757017
"Issaquena County","vap_hisp","pre_16_dem_cli",0.780496672099503,0.113515279815288,0.535948097242983,0.967032440405519
"Issaquena County","vap_asian","pre_16_rep_tru",0.510597646117678,0.231094712593312,0.0718593953390723,0.93366274921764
"Issaquena County","vap_asian","pre_16_dem_cli",0.489402353882322,0.231094712593312,0.0663372507823599,0.928140604660928
"Issaquena County","vap_aian","pre_16_rep_tru",0.492260233934875,0.270116748083428,0.031194619623523,0.968123502039299
"Issaquena County","vap_aian","pre_16_dem_cli",0.507739766065125,0.270116748083428,0.0318764979607007,0.968805380376477
"Issaquena County","vap_oth_b","pre_16_rep_tru",0.498089114177411,0.221959257403541,0.0607286539970145,0.906171369427686
"Issaquena County","vap_oth_b","pre_16_dem_cli",0.501910885822589,0.221959257403541,0.0938286305723135,0.939271346002985
"Issaquena County","vap_white","uss_18_rep_wic",0.751072336462511,0.0903185741905025,0.559630582521905,0.903775110613508
"Issaquena County","vap_white","uss_18_dem_bar",0.248927663537488,0.0903185741905025,0.0962248893864918,0.440369417478094
"Issaquena County","vap_black","uss_18_rep_wic",0.28153613994968,0.103944660720514,0.0991944571571082,0.496503683290689
"Issaquena County","vap_black","uss_18_dem_bar",0.71846386005032,0.103944660720514,0.503496316709311,0.900805542842892
"Issaquena County","vap_hisp","uss_18_rep_wic",0.345066134584721,0.176186104199327,0.0680224195960763,0.743650239552635
"Issaquena County","vap_hisp","uss_18_dem_bar",0.654933865415279,0.176186104199327,0.256349760447365,0.931977580403924
"Issaquena County","vap_asian","uss_18_rep_wic",0.508161840034723,0.22761385227635,0.0783646227440955,0.922819677778946
"Issaquena County","vap_asian","uss_18_dem_bar",0.491838159965277,0.22761385227635,0.0771803222210539,0.921635377255904
"Issaquena County","vap_aian","uss_18_rep_wic",0.498814198220261,0.27530779477673,0.0215531699719525,0.973866918336714
"Issaquena County","vap_aian","uss_18_dem_bar",0.501185801779739,0.27530779477673,0.0261330816632856,0.978446830028048
"Issaquena County","vap_oth_b","uss_18_rep_wic",0.510927972519565,0.213576242983107,0.10930725985876,0.898585745649706
"Issaquena County","vap_oth_b","uss_18_dem_bar",0.489072027480435,0.213576242983107,0.101414254350294,0.89069274014124
"Issaquena County","vap_white","pre_20_rep_tru",0.733850301147296,0.0991807401809418,0.521539585887347,0.895030463378843
"Issaquena County","vap_white","pre_20_dem_bid",0.266149698852704,0.0991807401809418,0.104969536621157,0.478460414112653
"Issaquena County","vap_black","pre_20_rep_tru",0.257804605179117,0.113586747052033,0.0657433905151983,0.495932948797148
"Issaquena County","vap_black","pre_20_dem_bid",0.742195394820883,0.113586747052033,0.504067051202852,0.934256609484802
"Issaquena County","vap_hisp","pre_20_rep_tru",0.267580448938895,0.135696165558795,0.0557757183550388,0.579862410516336
"Issaquena County","vap_hisp","pre_20_dem_bid",0.732419551061105,0.135696165558795,0.420137589483664,0.944224281644961
"Issaquena County","vap_asian","pre_20_rep_tru",0.486818244271457,0.229266972012983,0.0611141795975503,0.914233210948838
"Issaquena County","vap_asian","pre_20_dem_bid",0.513181755728543,0.229266972012983,0.0857667890511614,0.93888582040245
"Issaquena County","vap_aian","pre_20_rep_tru",0.500106006958699,0.278833657141948,0.021709195080764,0.984403198067001
"Issaquena County","vap_aian","pre_20_dem_bid",0.499893993041301,0.278833657141948,0.0155968019329987,0.978290804919236
"Issaquena County","vap_oth_b","pre_20_rep_tru",0.504908377397442,0.215219380110115,0.105957474025454,0.892370698246563
"Issaquena County","vap_oth_b","pre_20_dem_bid",0.495091622602558,0.215219380110115,0.107629301753437,0.894042525974546
"Issaquena County","vap_white","uss_20_rep_hyd",0.7341823700733,0.0994289633309783,0.516499414730201,0.888426732291401
"Issaquena County","vap_white","uss_20_dem_esp",0.2658176299267,0.0994289633309783,0.111573267708599,0.483500585269799
"Issaquena County","vap_black","uss_20_rep_hyd",0.244445624254777,0.113838118549465,0.061841946886556,0.498227888493882
"Issaquena County","vap_black","uss_20_dem_esp",0.755554375745223,0.113838118549465,0.501772111506118,0.938158053113444
"Issaquena County","vap_hisp","uss_20_rep_hyd",0.249795183571212,0.126915106707738,0.043213967049558,0.526565098289279
"Issaquena County","vap_hisp","uss_20_dem_esp",0.750204816428788,0.126915106707738,0.473434901710721,0.956786032950442
"Issaquena County","vap_asian","uss_20_rep_hyd",0.500609494545848,0.225863591556558,0.0809117437059539,0.917712398685776
"Issaquena County","vap_asian","uss_20_dem_esp",0.499390505454152,0.225863591556558,0.0822876013142241,0.919088256294046
"Issaquena County","vap_aian","uss_20_rep_hyd",0.48969379719282,0.273980632633381,0.0229275069177876,0.972720655807701
"Issaquena County","vap_aian","uss_20_dem_esp",0.51030620280718,0.273980632633381,0.0272793441922985,0.977072493082212
"Issaquena County","vap_oth_b","uss_20_rep_hyd",0.48871054615955,0.224160926662632,0.0465788609701312,0.893910601603896
"Issaquena County","vap_oth_b","uss_20_dem_esp",0.51128945384045,0.224160926662632,0.106089398396104,0.953421139029869
"Itawamba County","vap_white","pre_16_rep_tru",0.939811979493733,0.0109272255792568,0.916677348804438,0.959098243585432
"Itawamba County","vap_white","pre_16_dem_cli",0.0601880205062671,0.0109272255792568,0.0409017564145679,0.0833226511955623
"Itawamba County","vap_black","pre_16_rep_tru",0.373481785907225,0.131030200916991,0.163975841828566,0.673380173188227
"Itawamba County","vap_black","pre_16_dem_cli",0.626518214092775,0.131030200916991,0.326619826811773,0.836024158171434
"Itawamba County","vap_hisp","pre_16_rep_tru",0.457801766661386,0.169996068686667,0.144655009495993,0.799280739053646
"Itawamba County","vap_hisp","pre_16_dem_cli",0.542198233338614,0.169996068686667,0.200719260946354,0.855344990504007
"Itawamba County","vap_asian","pre_16_rep_tru",0.498452450974846,0.176825446218053,0.164466930996016,0.835940530336109
"Itawamba County","vap_asian","pre_16_dem_cli",0.501547549025154,0.176825446218053,0.164059469663891,0.835533069003984
"Itawamba County","vap_aian","pre_16_rep_tru",0.49634140546178,0.186764948484643,0.146897619199093,0.857476240520488
"Itawamba County","vap_aian","pre_16_dem_cli",0.50365859453822,0.186764948484643,0.142523759479512,0.853102380800907
"Itawamba County","vap_oth_b","pre_16_rep_tru",0.389993856231587,0.164945299223658,0.114496895433409,0.73473047003039
"Itawamba County","vap_oth_b","pre_16_dem_cli",0.610006143768413,0.164945299223658,0.26526952996961,0.88550310456659
"Itawamba County","vap_white","uss_18_rep_wic",0.938333158028682,0.01104792956131,0.91488082313113,0.957624330873405
"Itawamba County","vap_white","uss_18_dem_bar",0.0616668419713179,0.01104792956131,0.042375669126595,0.0851191768688697
"Itawamba County","vap_black","uss_18_rep_wic",0.353030107863204,0.115509119753038,0.170943191201585,0.616651453658869
"Itawamba County","vap_black","uss_18_dem_bar",0.646969892136796,0.115509119753038,0.383348546341131,0.829056808798414
"Itawamba County","vap_hisp","uss_18_rep_wic",0.443238399586803,0.17007280071635,0.149060933373955,0.794602607423917
"Itawamba County","vap_hisp","uss_18_dem_bar",0.556761600413197,0.17007280071635,0.205397392576083,0.850939066626044
"Itawamba County","vap_asian","uss_18_rep_wic",0.488091250721354,0.175509650907467,0.16460174234074,0.83311425310795
"Itawamba County","vap_asian","uss_18_dem_bar",0.511908749278646,0.175509650907467,0.166885746892051,0.83539825765926
"Itawamba County","vap_aian","uss_18_rep_wic",0.479631364723553,0.183641918239135,0.148034488274416,0.838345261463242
"Itawamba County","vap_aian","uss_18_dem_bar",0.520368635276447,0.183641918239135,0.161654738536758,0.851965511725584
"Itawamba County","vap_oth_b","uss_18_rep_wic",0.385244094951923,0.162898027357932,0.119493049552089,0.725042060164789
"Itawamba County","vap_oth_b","uss_18_dem_bar",0.614755905048077,0.162898027357932,0.274957939835211,0.880506950447911
"Itawamba County","vap_white","pre_20_rep_tru",0.942094712021602,0.010617647939126,0.917688471545116,0.959355722586938
"Itawamba County","vap_white","pre_20_dem_bid",0.0579052879783985,0.010617647939126,0.0406442774130622,0.0823115284548843
"Itawamba County","vap_black","pre_20_rep_tru",0.351820144243439,0.120635590189849,0.175442583868774,0.65925269524544
"Itawamba County","vap_black","pre_20_dem_bid",0.648179855756561,0.120635590189849,0.34074730475456,0.824557416131226
"Itawamba County","vap_hisp","pre_20_rep_tru",0.446000316396047,0.166619677160812,0.12954888150308,0.767975490077266
"Itawamba County","vap_hisp","pre_20_dem_bid",0.553999683603953,0.166619677160812,0.232024509922734,0.87045111849692
"Itawamba County","vap_asian","pre_20_rep_tru",0.475352799810119,0.174614670098812,0.163385261804635,0.823873337284626
"Itawamba County","vap_asian","pre_20_dem_bid",0.524647200189881,0.174614670098812,0.176126662715374,0.836614738195365
"Itawamba County","vap_aian","pre_20_rep_tru",0.476009802413801,0.184836387791592,0.138665468585677,0.835983136243814
"Itawamba County","vap_aian","pre_20_dem_bid",0.523990197586199,0.184836387791592,0.164016863756186,0.861334531414323
"Itawamba County","vap_oth_b","pre_20_rep_tru",0.396925878782368,0.166577170856537,0.122365252912096,0.746005405002647
"Itawamba County","vap_oth_b","pre_20_dem_bid",0.603074121217632,0.166577170856537,0.253994594997353,0.877634747087904
"Itawamba County","vap_white","uss_20_rep_hyd",0.891251911540475,0.0112706656654074,0.867129931596372,0.91099992137063
"Itawamba County","vap_white","uss_20_dem_esp",0.108748088459525,0.0112706656654074,0.0890000786293697,0.132870068403628
"Itawamba County","vap_black","uss_20_rep_hyd",0.383920280185546,0.138331828369959,0.164657658625031,0.698354660928638
"Itawamba County","vap_black","uss_20_dem_esp",0.616079719814454,0.138331828369959,0.301645339071362,0.835342341374969
"Itawamba County","vap_hisp","uss_20_rep_hyd",0.453842335967176,0.162165393143277,0.158629338912504,0.763096801072564
"Itawamba County","vap_hisp","uss_20_dem_esp",0.546157664032824,0.162165393143277,0.236903198927436,0.841370661087496
"Itawamba County","vap_asian","uss_20_rep_hyd",0.4977791312235,0.168648378832752,0.175554958143067,0.82023751417299
"Itawamba County","vap_asian","uss_20_dem_esp",0.5022208687765,0.168648378832752,0.17976248582701,0.824445041856933
"Itawamba County","vap_aian","uss_20_rep_hyd",0.48410692948629,0.180109544087769,0.150165175561931,0.829299246945328
"Itawamba County","vap_aian","uss_20_dem_esp",0.51589307051371,0.180109544087769,0.170700753054672,0.849834824438069
"Itawamba County","vap_oth_b","uss_20_rep_hyd",0.453836384465964,0.174420491169629,0.154375881156416,0.812787906718304
"Itawamba County","vap_oth_b","uss_20_dem_esp",0.546163615534036,0.174420491169629,0.187212093281696,0.845624118843584
"Jackson County","vap_white","pre_16_rep_tru",0.897311161933536,0.00912433738352824,0.877661450889904,0.913348317465659
"Jackson County","vap_white","pre_16_dem_cli",0.102688838066464,0.00912433738352824,0.0866516825343414,0.122338549110096
"Jackson County","vap_black","pre_16_rep_tru",0.171053826349288,0.0327743070687,0.112803023647569,0.238476358635975
"Jackson County","vap_black","pre_16_dem_cli",0.828946173650712,0.0327743070687,0.761523641364025,0.887196976352431
"Jackson County","vap_hisp","pre_16_rep_tru",0.393544539140473,0.0859943927975469,0.238280573514029,0.574517282103761
"Jackson County","vap_hisp","pre_16_dem_cli",0.606455460859527,0.0859943927975469,0.425482717896239,0.761719426485971
"Jackson County","vap_asian","pre_16_rep_tru",0.399094192142543,0.150126215255776,0.127568114643212,0.71137048248241
"Jackson County","vap_asian","pre_16_dem_cli",0.600905807857457,0.150126215255776,0.28862951751759,0.872431885356788
"Jackson County","vap_aian","pre_16_rep_tru",0.485615702574667,0.163001689532986,0.186395697179412,0.811765919431415
"Jackson County","vap_aian","pre_16_dem_cli",0.514384297425333,0.163001689532986,0.188234080568585,0.813604302820588
"Jackson County","vap_oth_b","pre_16_rep_tru",0.546608439743905,0.0998147285958508,0.342839792956349,0.741205551537737
"Jackson County","vap_oth_b","pre_16_dem_cli",0.453391560256095,0.0998147285958508,0.258794448462263,0.657160207043651
"Jackson County","vap_white","uss_18_rep_wic",0.867031688319023,0.0134517132980767,0.839399857754853,0.891824202087641
"Jackson County","vap_white","uss_18_dem_bar",0.132968311680977,0.0134517132980767,0.108175797912359,0.160600142245147
"Jackson County","vap_black","uss_18_rep_wic",0.18366584970285,0.0386811687492625,0.11546106453104,0.268033149204942
"Jackson County","vap_black","uss_18_dem_bar",0.81633415029715,0.0386811687492625,0.731966850795058,0.884538935468961
"Jackson County","vap_hisp","uss_18_rep_wic",0.480924843274979,0.108856482003393,0.26998975226555,0.692685180279578
"Jackson County","vap_hisp","uss_18_dem_bar",0.519075156725021,0.108856482003393,0.307314819720421,0.73001024773445
"Jackson County","vap_asian","uss_18_rep_wic",0.396165021013854,0.145554194973812,0.143563568967727,0.702184686819323
"Jackson County","vap_asian","uss_18_dem_bar",0.603834978986146,0.145554194973812,0.297815313180676,0.856436431032272
"Jackson County","vap_aian","uss_18_rep_wic",0.490960383861334,0.17278595267929,0.162124764690376,0.809666559037685
"Jackson County","vap_aian","uss_18_dem_bar",0.509039616138667,0.17278595267929,0.190333440962315,0.837875235309624
"Jackson County","vap_oth_b","uss_18_rep_wic",0.505199793374023,0.120427076591322,0.272446063990621,0.737771558515364
"Jackson County","vap_oth_b","uss_18_dem_bar",0.494800206625977,0.120427076591322,0.262228441484636,0.727553936009379
"Jackson County","vap_white","pre_20_rep_tru",0.85155112122474,0.0138903811214613,0.82283438669862,0.876389512337463
"Jackson County","vap_white","pre_20_dem_bid",0.14844887877526,0.0138903811214613,0.123610487662537,0.17716561330138
"Jackson County","vap_black","pre_20_rep_tru",0.181555947025944,0.0379998259577089,0.117547311274504,0.267145511770848
"Jackson County","vap_black","pre_20_dem_bid",0.818444052974056,0.0379998259577089,0.732854488229152,0.882452688725496
"Jackson County","vap_hisp","pre_20_rep_tru",0.437301027938894,0.100261894084476,0.246320217749021,0.632681265567577
"Jackson County","vap_hisp","pre_20_dem_bid",0.562698972061106,0.100261894084476,0.367318734432422,0.753679782250979
"Jackson County","vap_asian","pre_20_rep_tru",0.36285677981135,0.1468873585203,0.119629676367042,0.678166785419023
"Jackson County","vap_asian","pre_20_dem_bid",0.63714322018865,0.1468873585203,0.321833214580977,0.880370323632958
"Jackson County","vap_aian","pre_20_rep_tru",0.507308322149249,0.179647951276873,0.181384541360676,0.841508052650209
"Jackson County","vap_aian","pre_20_dem_bid",0.492691677850751,0.179647951276873,0.158491947349791,0.818615458639325
"Jackson County","vap_oth_b","pre_20_rep_tru",0.521281049879456,0.112775116722604,0.306900863620914,0.743958160606467
"Jackson County","vap_oth_b","pre_20_dem_bid",0.478718950120544,0.112775116722604,0.256041839393533,0.693099136379086
"Jackson County","vap_white","uss_20_rep_hyd",0.798635392653804,0.0151683288928991,0.768159967110277,0.826989262017956
"Jackson County","vap_white","uss_20_dem_esp",0.201364607346196,0.0151683288928991,0.173010737982044,0.231840032889723
"Jackson County","vap_black","uss_20_rep_hyd",0.164440946221634,0.0388233657520627,0.0954833934291415,0.243509418964802
"Jackson County","vap_black","uss_20_dem_esp",0.835559053778366,0.0388233657520627,0.756490581035198,0.904516606570858
"Jackson County","vap_hisp","uss_20_rep_hyd",0.404654119292893,0.101590391675082,0.224849473146171,0.612940788359677
"Jackson County","vap_hisp","uss_20_dem_esp",0.595345880707107,0.101590391675082,0.387059211640323,0.775150526853829
"Jackson County","vap_asian","uss_20_rep_hyd",0.415339865766595,0.153907271334488,0.140481102707614,0.715211632199179
"Jackson County","vap_asian","uss_20_dem_esp",0.584660134233405,0.153907271334488,0.284788367800821,0.859518897292386
"Jackson County","vap_aian","uss_20_rep_hyd",0.504732765451223,0.187537341961201,0.156784933107363,0.855722570803914
"Jackson County","vap_aian","uss_20_dem_esp",0.495267234548777,0.187537341961201,0.144277429196086,0.843215066892637
"Jackson County","vap_oth_b","uss_20_rep_hyd",0.516700229991222,0.11967288444052,0.298257986849167,0.772993872823845
"Jackson County","vap_oth_b","uss_20_dem_esp",0.483299770008778,0.11967288444052,0.227006127176155,0.701742013150833
"Jasper County","vap_white","pre_16_rep_tru",0.878233335849439,0.0331045379742435,0.794405272528224,0.928141697263594
"Jasper County","vap_white","pre_16_dem_cli",0.121766664150561,0.0331045379742435,0.0718583027364063,0.205594727471776
"Jasper County","vap_black","pre_16_rep_tru",0.0670194580547936,0.0293976079850984,0.0256840245984087,0.141830229806368
"Jasper County","vap_black","pre_16_dem_cli",0.932980541945206,0.0293976079850984,0.858169770193632,0.974315975401591
"Jasper County","vap_hisp","pre_16_rep_tru",0.532457637544945,0.177331283878195,0.178222115269543,0.85003618724159
"Jasper County","vap_hisp","pre_16_dem_cli",0.467542362455055,0.177331283878195,0.14996381275841,0.821777884730457
"Jasper County","vap_asian","pre_16_rep_tru",0.490071582226711,0.196079504931362,0.126575600060258,0.863302340087668
"Jasper County","vap_asian","pre_16_dem_cli",0.509928417773289,0.196079504931362,0.136697659912332,0.873424399939742
"Jasper County","vap_aian","pre_16_rep_tru",0.528044717055974,0.191743927790224,0.14694056916085,0.888172231494109
"Jasper County","vap_aian","pre_16_dem_cli",0.471955282944026,0.191743927790224,0.111827768505891,0.85305943083915
"Jasper County","vap_oth_b","pre_16_rep_tru",0.523846057279762,0.168343910585279,0.196085741603515,0.834567979040846
"Jasper County","vap_oth_b","pre_16_dem_cli",0.476153942720238,0.168343910585279,0.165432020959154,0.803914258396485
"Jasper County","vap_white","uss_18_rep_wic",0.891844063681726,0.0305776007364462,0.821279530548604,0.939669382736667
"Jasper County","vap_white","uss_18_dem_bar",0.108155936318274,0.0305776007364462,0.0603306172633333,0.178720469451396
"Jasper County","vap_black","uss_18_rep_wic",0.0732199593984273,0.0282875033144523,0.0323374834493736,0.140904694612363
"Jasper County","vap_black","uss_18_dem_bar",0.926780040601573,0.0282875033144523,0.859095305387637,0.967662516550626
"Jasper County","vap_hisp","uss_18_rep_wic",0.506389151478586,0.168628353385163,0.190431282543848,0.82857603594036
"Jasper County","vap_hisp","uss_18_dem_bar",0.493610848521414,0.168628353385163,0.17142396405964,0.809568717456152
"Jasper County","vap_asian","uss_18_rep_wic",0.517916025923532,0.202246809970966,0.124739374104091,0.886776614576812
"Jasper County","vap_asian","uss_18_dem_bar",0.482083974076468,0.202246809970966,0.113223385423188,0.875260625895909
"Jasper County","vap_aian","uss_18_rep_wic",0.499358332684188,0.188492987431647,0.143339734240318,0.844025928081761
"Jasper County","vap_aian","uss_18_dem_bar",0.500641667315812,0.188492987431647,0.155974071918239,0.856660265759682
"Jasper County","vap_oth_b","uss_18_rep_wic",0.584988065143524,0.215126803021504,0.184958772058871,0.950470816995804
"Jasper County","vap_oth_b","uss_18_dem_bar",0.415011934856476,0.215126803021504,0.0495291830041966,0.815041227941129
"Jasper County","vap_white","pre_20_rep_tru",0.901720610048696,0.0295144926332239,0.829235960755809,0.945737898693231
"Jasper County","vap_white","pre_20_dem_bid",0.0982793899513036,0.0295144926332239,0.0542621013067694,0.170764039244191
"Jasper County","vap_black","pre_20_rep_tru",0.0732787733034566,0.0273629466633503,0.0334546481178863,0.140298773183215
"Jasper County","vap_black","pre_20_dem_bid",0.926721226696543,0.0273629466633503,0.859701226816785,0.966545351882114
"Jasper County","vap_hisp","pre_20_rep_tru",0.554096408698749,0.179510715988713,0.191898407110929,0.870363069035572
"Jasper County","vap_hisp","pre_20_dem_bid",0.445903591301251,0.179510715988713,0.129636930964427,0.808101592889071
"Jasper County","vap_asian","pre_20_rep_tru",0.519542286285865,0.194037025874774,0.140229759467392,0.87906642611226
"Jasper County","vap_asian","pre_20_dem_bid",0.480457713714135,0.194037025874774,0.12093357388774,0.859770240532608
"Jasper County","vap_aian","pre_20_rep_tru",0.502103693936544,0.186256483339038,0.152219643971764,0.851133666708721
"Jasper County","vap_aian","pre_20_dem_bid",0.497896306063456,0.186256483339038,0.148866333291279,0.847780356028236
"Jasper County","vap_oth_b","pre_20_rep_tru",0.550452305508651,0.166169543525124,0.22733245365731,0.856838634635482
"Jasper County","vap_oth_b","pre_20_dem_bid",0.449547694491349,0.166169543525124,0.143161365364518,0.77266754634269
"Jasper County","vap_white","uss_20_rep_hyd",0.887451788612808,0.0269300912130534,0.824524132912917,0.930530951482058
"Jasper County","vap_white","uss_20_dem_esp",0.112548211387192,0.0269300912130534,0.0694690485179421,0.175475867087083
"Jasper County","vap_black","uss_20_rep_hyd",0.0495762328269137,0.0232902594513897,0.0163895589754632,0.106149693295759
"Jasper County","vap_black","uss_20_dem_esp",0.950423767173086,0.0232902594513897,0.893850306704241,0.983610441024537
"Jasper County","vap_hisp","uss_20_rep_hyd",0.519518518842964,0.171389065940832,0.178193310236175,0.836016527518942
"Jasper County","vap_hisp","uss_20_dem_esp",0.480481481157036,0.171389065940832,0.163983472481058,0.821806689763825
"Jasper County","vap_asian","uss_20_rep_hyd",0.516181339907668,0.206271389271913,0.129552915314872,0.898817229122485
"Jasper County","vap_asian","uss_20_dem_esp",0.483818660092332,0.206271389271913,0.101182770877515,0.870447084685128
"Jasper County","vap_aian","uss_20_rep_hyd",0.507751839676125,0.187696107033934,0.143672382509855,0.857082060483518
"Jasper County","vap_aian","uss_20_dem_esp",0.492248160323875,0.187696107033934,0.142917939516482,0.856327617490145
"Jasper County","vap_oth_b","uss_20_rep_hyd",0.48170498416693,0.171761113595452,0.163375059145045,0.816444939185961
"Jasper County","vap_oth_b","uss_20_dem_esp",0.51829501583307,0.171761113595452,0.183555060814039,0.836624940854955
"Jefferson County","vap_white","pre_16_rep_tru",0.603070998627027,0.0957971603931545,0.372935654482166,0.751750762584306
"Jefferson County","vap_white","pre_16_dem_cli",0.396929001372973,0.0957971603931545,0.248249237415694,0.627064345517834
"Jefferson County","vap_black","pre_16_rep_tru",0.0387688298946894,0.0205281395631944,0.00866603589468092,0.0893026939065265
"Jefferson County","vap_black","pre_16_dem_cli",0.96123117010531,0.0205281395631944,0.910697306093474,0.991333964105319
"Jefferson County","vap_hisp","pre_16_rep_tru",0.488283758774404,0.200380479396651,0.111208577510971,0.859273916463514
"Jefferson County","vap_hisp","pre_16_dem_cli",0.511716241225596,0.200380479396651,0.140726083536486,0.888791422489029
"Jefferson County","vap_asian","pre_16_rep_tru",0.458189995784293,0.1928429718517,0.110653992695514,0.836133208759964
"Jefferson County","vap_asian","pre_16_dem_cli",0.541810004215707,0.1928429718517,0.163866791240036,0.889346007304486
"Jefferson County","vap_aian","pre_16_rep_tru",0.483548976548552,0.191651751659281,0.127040436950479,0.847843593266166
"Jefferson County","vap_aian","pre_16_dem_cli",0.516451023451449,0.191651751659281,0.152156406733834,0.872959563049521
"Jefferson County","vap_oth_b","pre_16_rep_tru",0.425730665273317,0.177087831856889,0.118402375452597,0.786312265366782
"Jefferson County","vap_oth_b","pre_16_dem_cli",0.574269334726683,0.177087831856889,0.213687734633218,0.881597624547403
"Jefferson County","vap_white","uss_18_rep_wic",0.839095733462887,0.0865877565158691,0.627693766000808,0.957281576770027
"Jefferson County","vap_white","uss_18_dem_bar",0.160904266537113,0.0865877565158691,0.0427184232299731,0.372306233999192
"Jefferson County","vap_black","uss_18_rep_wic",0.0509778444717213,0.0221445270091785,0.0179065387887407,0.102800907258656
"Jefferson County","vap_black","uss_18_dem_bar",0.949022155528279,0.0221445270091785,0.897199092741344,0.982093461211259
"Jefferson County","vap_hisp","uss_18_rep_wic",0.545821665824862,0.197131786775318,0.15295119168405,0.885492186339961
"Jefferson County","vap_hisp","uss_18_dem_bar",0.454178334175138,0.197131786775318,0.114507813660039,0.84704880831595
"Jefferson County","vap_asian","uss_18_rep_wic",0.525410794563053,0.1955707177245,0.15310377061277,0.886855941523038
"Jefferson County","vap_asian","uss_18_dem_bar",0.474589205436947,0.1955707177245,0.113144058476962,0.84689622938723
"Jefferson County","vap_aian","uss_18_rep_wic",0.506293126766465,0.196459152789144,0.14370175755863,0.87103294356608
"Jefferson County","vap_aian","uss_18_dem_bar",0.493706873233535,0.196459152789144,0.12896705643392,0.85629824244137
"Jefferson County","vap_oth_b","uss_18_rep_wic",0.576593262068152,0.17436488325485,0.227424300040654,0.88809919023255
"Jefferson County","vap_oth_b","uss_18_dem_bar",0.423406737931848,0.17436488325485,0.11190080976745,0.772575699959346
"Jefferson County","vap_white","pre_20_rep_tru",0.679451888542108,0.0943023491507292,0.450739396904439,0.812772279276816
"Jefferson County","vap_white","pre_20_dem_bid",0.320548111457892,0.0943023491507292,0.187227720723184,0.549260603095561
"Jefferson County","vap_black","pre_20_rep_tru",0.0306094315342601,0.0200426660497656,0.00564109339915047,0.0803885837821511
"Jefferson County","vap_black","pre_20_dem_bid",0.96939056846574,0.0200426660497656,0.919611416217849,0.99435890660085
"Jefferson County","vap_hisp","pre_20_rep_tru",0.528569261548513,0.195547829465816,0.154761733806183,0.869106753862327
"Jefferson County","vap_hisp","pre_20_dem_bid",0.471430738451487,0.195547829465816,0.130893246137673,0.845238266193817
"Jefferson County","vap_asian","pre_20_rep_tru",0.495686809638366,0.194823078684622,0.133928843502638,0.861273780332192
"Jefferson County","vap_asian","pre_20_dem_bid",0.504313190361634,0.194823078684622,0.138726219667808,0.866071156497362
"Jefferson County","vap_aian","pre_20_rep_tru",0.484292707582319,0.193626792961917,0.129048650078115,0.852580000576813
"Jefferson County","vap_aian","pre_20_dem_bid",0.515707292417681,0.193626792961917,0.147419999423186,0.870951349921885
"Jefferson County","vap_oth_b","pre_20_rep_tru",0.469857882376242,0.166609111864213,0.172426130094582,0.805747610194429
"Jefferson County","vap_oth_b","pre_20_dem_bid",0.530142117623758,0.166609111864213,0.194252389805571,0.827573869905418
"Jefferson County","vap_white","uss_20_rep_hyd",0.600288334770315,0.0868629314301637,0.393255677609115,0.735389317709287
"Jefferson County","vap_white","uss_20_dem_esp",0.399711665229685,0.0868629314301637,0.264610682290713,0.606744322390884
"Jefferson County","vap_black","uss_20_rep_hyd",0.0316656119304177,0.0184432714707279,0.00572502966960536,0.0757160839817575
"Jefferson County","vap_black","uss_20_dem_esp",0.968334388069582,0.0184432714707279,0.924283916018242,0.994274970330395
"Jefferson County","vap_hisp","uss_20_rep_hyd",0.507717352820789,0.19863408777299,0.132704200012127,0.873082913515091
"Jefferson County","vap_hisp","uss_20_dem_esp",0.492282647179211,0.19863408777299,0.126917086484909,0.867295799987872
"Jefferson County","vap_asian","uss_20_rep_hyd",0.48481250690914,0.194052907087077,0.127929640084738,0.849046613454136
"Jefferson County","vap_asian","uss_20_dem_esp",0.515187493090859,0.194052907087077,0.150953386545864,0.872070359915262
"Jefferson County","vap_aian","uss_20_rep_hyd",0.501999514310913,0.199329852102107,0.126735229477349,0.867157684558796
"Jefferson County","vap_aian","uss_20_dem_esp",0.498000485689087,0.199329852102107,0.132842315441204,0.873264770522651
"Jefferson County","vap_oth_b","uss_20_rep_hyd",0.426224706918085,0.169606624609618,0.123810682401225,0.765454387936266
"Jefferson County","vap_oth_b","uss_20_dem_esp",0.573775293081915,0.169606624609618,0.234545612063733,0.876189317598775
"Jefferson Davis County","vap_white","pre_16_rep_tru",0.858516801925372,0.0518643043349638,0.732013729033174,0.9306853462928
"Jefferson Davis County","vap_white","pre_16_dem_cli",0.141483198074628,0.0518643043349638,0.0693146537072004,0.267986270966826
"Jefferson Davis County","vap_black","pre_16_rep_tru",0.0843223783184654,0.0367803251939783,0.035951878597033,0.175374421018606
"Jefferson Davis County","vap_black","pre_16_dem_cli",0.915677621681534,0.0367803251939783,0.824625578981395,0.964048121402967
"Jefferson Davis County","vap_hisp","pre_16_rep_tru",0.467991761773288,0.174835907000424,0.153889493141597,0.806243458678629
"Jefferson Davis County","vap_hisp","pre_16_dem_cli",0.532008238226712,0.174835907000424,0.193756541321371,0.846110506858403
"Jefferson Davis County","vap_asian","pre_16_rep_tru",0.500148909402272,0.198783375400714,0.122990768986335,0.86103354816781
"Jefferson Davis County","vap_asian","pre_16_dem_cli",0.499851090597728,0.198783375400714,0.13896645183219,0.877009231013665
"Jefferson Davis County","vap_aian","pre_16_rep_tru",0.488275968344547,0.211101081082095,0.0993936078419656,0.877769540362982
"Jefferson Davis County","vap_aian","pre_16_dem_cli",0.511724031655453,0.211101081082095,0.122230459637017,0.900606392158035
"Jefferson Davis County","vap_oth_b","pre_16_rep_tru",0.497273147388772,0.174822919381251,0.166250261030075,0.836787005823013
"Jefferson Davis County","vap_oth_b","pre_16_dem_cli",0.502726852611228,0.174822919381251,0.163212994176987,0.833749738969925
"Jefferson Davis County","vap_white","uss_18_rep_wic",0.91987858028686,0.040954808254296,0.817239895769106,0.976826617497479
"Jefferson Davis County","vap_white","uss_18_dem_bar",0.0801214197131403,0.040954808254296,0.023173382502521,0.182760104230894
"Jefferson Davis County","vap_black","uss_18_rep_wic",0.087309038974235,0.0313825323295737,0.0420027863067233,0.165846533822392
"Jefferson Davis County","vap_black","uss_18_dem_bar",0.912690961025765,0.0313825323295738,0.834153466177608,0.957997213693277
"Jefferson Davis County","vap_hisp","uss_18_rep_wic",0.487512816277958,0.167704220321241,0.18201680562137,0.813483335275948
"Jefferson Davis County","vap_hisp","uss_18_dem_bar",0.512487183722042,0.167704220321241,0.186516664724052,0.81798319437863
"Jefferson Davis County","vap_asian","uss_18_rep_wic",0.490384139231329,0.193787430674845,0.129326127403946,0.851698020457894
"Jefferson Davis County","vap_asian","uss_18_dem_bar",0.509615860768671,0.193787430674845,0.148301979542105,0.870673872596053
"Jefferson Davis County","vap_aian","uss_18_rep_wic",0.495976071516711,0.213191999765634,0.0989334131258905,0.893689594326172
"Jefferson Davis County","vap_aian","uss_18_dem_bar",0.504023928483289,0.213191999765634,0.106310405673828,0.90106658687411
"Jefferson Davis County","vap_oth_b","uss_18_rep_wic",0.513100421788945,0.170947916078049,0.191440416324595,0.828851958152712
"Jefferson Davis County","vap_oth_b","uss_18_dem_bar",0.486899578211055,0.170947916078049,0.171148041847288,0.808559583675405
"Jefferson Davis County","vap_white","pre_20_rep_tru",0.903468656865227,0.0434657467295951,0.804005887484054,0.964676072640639
"Jefferson Davis County","vap_white","pre_20_dem_bid",0.0965313431347731,0.0434657467295951,0.0353239273593608,0.195994112515946
"Jefferson Davis County","vap_black","pre_20_rep_tru",0.071472777071745,0.0319678068650163,0.0264190856254395,0.146686517033965
"Jefferson Davis County","vap_black","pre_20_dem_bid",0.928527222928255,0.0319678068650163,0.853313482966035,0.97358091437456
"Jefferson Davis County","vap_hisp","pre_20_rep_tru",0.474528339137196,0.180483882607572,0.148068258514702,0.820642123302863
"Jefferson Davis County","vap_hisp","pre_20_dem_bid",0.525471660862804,0.180483882607572,0.179357876697137,0.851931741485298
"Jefferson Davis County","vap_asian","pre_20_rep_tru",0.503543174396214,0.202135895880153,0.134711909848939,0.8744914544144
"Jefferson Davis County","vap_asian","pre_20_dem_bid",0.496456825603786,0.202135895880153,0.1255085455856,0.86528809015106
"Jefferson Davis County","vap_aian","pre_20_rep_tru",0.504062730039924,0.213673548604285,0.109296233707266,0.902816282831152
"Jefferson Davis County","vap_aian","pre_20_dem_bid",0.495937269960076,0.213673548604285,0.0971837171688483,0.890703766292734
"Jefferson Davis County","vap_oth_b","pre_20_rep_tru",0.501956158723052,0.176726249547572,0.167879732246509,0.831058966459537
"Jefferson Davis County","vap_oth_b","pre_20_dem_bid",0.498043841276948,0.176726249547572,0.168941033540463,0.832120267753491
"Jefferson Davis County","vap_white","uss_20_rep_hyd",0.88015716637881,0.0429730305845985,0.764122598221787,0.9401781327401
"Jefferson Davis County","vap_white","uss_20_dem_esp",0.11984283362119,0.0429730305845985,0.0598218672599002,0.235877401778213
"Jefferson Davis County","vap_black","uss_20_rep_hyd",0.05175314436885,0.0291905799664104,0.0147861245567113,0.132628095290161
"Jefferson Davis County","vap_black","uss_20_dem_esp",0.94824685563115,0.0291905799664104,0.867371904709839,0.985213875443288
"Jefferson Davis County","vap_hisp","uss_20_rep_hyd",0.470134357589252,0.169452423161584,0.15680235235231,0.800103278445095
"Jefferson Davis County","vap_hisp","uss_20_dem_esp",0.529865642410748,0.169452423161584,0.199896721554905,0.84319764764769
"Jefferson Davis County","vap_asian","uss_20_rep_hyd",0.478407668089713,0.19940961974718,0.115683298586246,0.84998065969822
"Jefferson Davis County","vap_asian","uss_20_dem_esp",0.521592331910287,0.19940961974718,0.15001934030178,0.884316701413754
"Jefferson Davis County","vap_aian","uss_20_rep_hyd",0.502592625236509,0.215514902698647,0.097438311770039,0.906044090250606
"Jefferson Davis County","vap_aian","uss_20_dem_esp",0.497407374763491,0.215514902698647,0.0939559097493939,0.902561688229961
"Jefferson Davis County","vap_oth_b","uss_20_rep_hyd",0.479451158420013,0.167118008905235,0.170232643095987,0.800574667028122
"Jefferson Davis County","vap_oth_b","uss_20_dem_esp",0.520548841579987,0.167118008905235,0.199425332971878,0.829767356904013
"Jones County","vap_white","pre_16_rep_tru",0.97884409283688,0.00542012341746806,0.966881911170267,0.987774690788077
"Jones County","vap_white","pre_16_dem_cli",0.0211559071631201,0.00542012341746806,0.0122253092119227,0.0331180888297334
"Jones County","vap_black","pre_16_rep_tru",0.0997373122292744,0.0234148793273097,0.06057396087522,0.151819309160966
"Jones County","vap_black","pre_16_dem_cli",0.900262687770725,0.0234148793273097,0.848180690839034,0.93942603912478
"Jones County","vap_hisp","pre_16_rep_tru",0.569718500852824,0.137618410301153,0.278050063988577,0.804749262200911
"Jones County","vap_hisp","pre_16_dem_cli",0.430281499147177,0.137618410301153,0.195250737799089,0.721949936011423
"Jones County","vap_asian","pre_16_rep_tru",0.508989869103785,0.180276232267067,0.172466712138764,0.861897542771062
"Jones County","vap_asian","pre_16_dem_cli",0.491010130896215,0.180276232267067,0.138102457228938,0.827533287861236
"Jones County","vap_aian","pre_16_rep_tru",0.599602878609828,0.144277391289451,0.296114794535547,0.866520046172989
"Jones County","vap_aian","pre_16_dem_cli",0.400397121390172,0.144277391289451,0.133479953827011,0.703885205464453
"Jones County","vap_oth_b","pre_16_rep_tru",0.253587015637711,0.113291717348482,0.0758392617168792,0.494314269330731
"Jones County","vap_oth_b","pre_16_dem_cli",0.746412984362289,0.113291717348482,0.505685730669269,0.924160738283121
"Jones County","vap_white","uss_18_rep_wic",0.974455014702447,0.00659816151479825,0.959609740578063,0.985464317296337
"Jones County","vap_white","uss_18_dem_bar",0.0255449852975533,0.00659816151479825,0.0145356827036634,0.0403902594219369
"Jones County","vap_black","uss_18_rep_wic",0.113558763457668,0.0226079060890318,0.0688823186506649,0.158403597889286
"Jones County","vap_black","uss_18_dem_bar",0.886441236542332,0.0226079060890318,0.841596402110714,0.931117681349335
"Jones County","vap_hisp","uss_18_rep_wic",0.336995865473021,0.135406596991261,0.103332122788276,0.621944743612036
"Jones County","vap_hisp","uss_18_dem_bar",0.663004134526979,0.135406596991261,0.378055256387964,0.896667877211723
"Jones County","vap_asian","uss_18_rep_wic",0.48527046386412,0.173192512610569,0.174626223536074,0.818182769206813
"Jones County","vap_asian","uss_18_dem_bar",0.51472953613588,0.173192512610569,0.181817230793188,0.825373776463926
"Jones County","vap_aian","uss_18_rep_wic",0.504486073970993,0.15992049070634,0.192093017652552,0.825890112545992
"Jones County","vap_aian","uss_18_dem_bar",0.495513926029007,0.15992049070634,0.174109887454008,0.807906982347448
"Jones County","vap_oth_b","uss_18_rep_wic",0.27217035781975,0.115934582952828,0.0955552311407707,0.543902485063253
"Jones County","vap_oth_b","uss_18_dem_bar",0.72782964218025,0.115934582952828,0.456097514936747,0.904444768859229
"Jones County","vap_white","pre_20_rep_tru",0.978950282095264,0.00506827123623886,0.967577165851482,0.987361579052422
"Jones County","vap_white","pre_20_dem_bid",0.0210497179047363,0.00506827123623886,0.0126384209475784,0.0324228341485181
"Jones County","vap_black","pre_20_rep_tru",0.0766362436183451,0.0185749029383267,0.0451530285937932,0.117207467210859
"Jones County","vap_black","pre_20_dem_bid",0.923363756381655,0.0185749029383267,0.882792532789141,0.954846971406207
"Jones County","vap_hisp","pre_20_rep_tru",0.391514568074806,0.109471107402605,0.180437864065827,0.603821216424251
"Jones County","vap_hisp","pre_20_dem_bid",0.608485431925194,0.109471107402605,0.396178783575749,0.819562135934173
"Jones County","vap_asian","pre_20_rep_tru",0.482248128598857,0.165515756596662,0.173831495380221,0.786989914941943
"Jones County","vap_asian","pre_20_dem_bid",0.517751871401143,0.165515756596662,0.213010085058057,0.826168504619779
"Jones County","vap_aian","pre_20_rep_tru",0.507998604199315,0.151475210302133,0.213859922205892,0.821667303821592
"Jones County","vap_aian","pre_20_dem_bid",0.492001395800684,0.151475210302133,0.178332696178408,0.786140077794108
"Jones County","vap_oth_b","pre_20_rep_tru",0.234538907709039,0.114680395822486,0.0519331733264189,0.491653022667068
"Jones County","vap_oth_b","pre_20_dem_bid",0.765461092290961,0.114680395822486,0.508346977332932,0.948066826673581
"Jones County","vap_white","uss_20_rep_hyd",0.943407328562078,0.00758323555909136,0.927263744593561,0.956582890453082
"Jones County","vap_white","uss_20_dem_esp",0.056592671437922,0.00758323555909136,0.0434171095469177,0.0727362554064394
"Jones County","vap_black","uss_20_rep_hyd",0.0620773348461785,0.0199456871817718,0.0314072941796591,0.106566794127688
"Jones County","vap_black","uss_20_dem_esp",0.937922665153822,0.0199456871817718,0.893433205872312,0.968592705820341
"Jones County","vap_hisp","uss_20_rep_hyd",0.282262770845553,0.103791833221453,0.100698972663453,0.496553853895163
"Jones County","vap_hisp","uss_20_dem_esp",0.717737229154447,0.103791833221453,0.503446146104837,0.899301027336547
"Jones County","vap_asian","uss_20_rep_hyd",0.481767714850359,0.170537130171344,0.151859150336256,0.795185458715503
"Jones County","vap_asian","uss_20_dem_esp",0.518232285149641,0.170537130171344,0.204814541284497,0.848140849663744
"Jones County","vap_aian","uss_20_rep_hyd",0.442738408127924,0.179389250523461,0.138700756208686,0.844574332225914
"Jones County","vap_aian","uss_20_dem_esp",0.557261591872076,0.179389250523461,0.155425667774085,0.861299243791314
"Jones County","vap_oth_b","uss_20_rep_hyd",0.253152347126253,0.116458310395744,0.0765047795322112,0.514259054718399
"Jones County","vap_oth_b","uss_20_dem_esp",0.746847652873747,0.116458310395744,0.485740945281601,0.923495220467789
"Kemper County","vap_white","pre_16_rep_tru",0.847226488904641,0.0652935450058997,0.690196082518084,0.945306999184248
"Kemper County","vap_white","pre_16_dem_cli",0.152773511095359,0.0652935450058997,0.0546930008157514,0.309803917481916
"Kemper County","vap_black","pre_16_rep_tru",0.10958047530424,0.0385508320251008,0.0513776407633018,0.203087460367743
"Kemper County","vap_black","pre_16_dem_cli",0.89041952469576,0.0385508320251008,0.796912539632257,0.948622359236698
"Kemper County","vap_hisp","pre_16_rep_tru",0.517466924486578,0.184161357765891,0.158810032826238,0.859148191042097
"Kemper County","vap_hisp","pre_16_dem_cli",0.482533075513422,0.184161357765891,0.140851808957902,0.841189967173762
"Kemper County","vap_asian","pre_16_rep_tru",0.478048511686358,0.204499073107405,0.104930720384043,0.86160014684746
"Kemper County","vap_asian","pre_16_dem_cli",0.521951488313642,0.204499073107405,0.13839985315254,0.895069279615957
"Kemper County","vap_aian","pre_16_rep_tru",0.675790002649623,0.15461604373969,0.324644898474341,0.924658266509458
"Kemper County","vap_aian","pre_16_dem_cli",0.324209997350377,0.15461604373969,0.0753417334905416,0.675355101525659
"Kemper County","vap_oth_b","pre_16_rep_tru",0.505740126416339,0.174387861959756,0.169695575501211,0.830353478588384
"Kemper County","vap_oth_b","pre_16_dem_cli",0.494259873583661,0.174387861959756,0.169646521411615,0.830304424498789
"Kemper County","vap_white","uss_18_rep_wic",0.889209206894228,0.062414256992591,0.733867630795197,0.973116600373972
"Kemper County","vap_white","uss_18_dem_bar",0.110790793105772,0.062414256992591,0.0268833996260282,0.266132369204803
"Kemper County","vap_black","uss_18_rep_wic",0.131913833268131,0.0417846229734593,0.0690129791599206,0.233861646433381
"Kemper County","vap_black","uss_18_dem_bar",0.868086166731869,0.0417846229734593,0.766138353566619,0.93098702084008
"Kemper County","vap_hisp","uss_18_rep_wic",0.532608319719208,0.191477389904367,0.143228670681308,0.87906588105571
"Kemper County","vap_hisp","uss_18_dem_bar",0.467391680280792,0.191477389904367,0.120934118944289,0.856771329318692
"Kemper County","vap_asian","uss_18_rep_wic",0.491823285336988,0.213461577258701,0.103172615569701,0.89628527167233
"Kemper County","vap_asian","uss_18_dem_bar",0.508176714663012,0.213461577258701,0.10371472832767,0.896827384430299
"Kemper County","vap_aian","uss_18_rep_wic",0.696973394173071,0.158803048215375,0.339135234455285,0.941898170953407
"Kemper County","vap_aian","uss_18_dem_bar",0.303026605826929,0.158803048215375,0.0581018290465932,0.660864765544715
"Kemper County","vap_oth_b","uss_18_rep_wic",0.517550376686478,0.181053035030116,0.167830699811421,0.86139419731827
"Kemper County","vap_oth_b","uss_18_dem_bar",0.482449623313522,0.181053035030116,0.138605802681729,0.83216930018858
"Kemper County","vap_white","pre_20_rep_tru",0.835678740644862,0.0654358195970327,0.678080936077295,0.933700925360725
"Kemper County","vap_white","pre_20_dem_bid",0.164321259355138,0.0654358195970327,0.0662990746392746,0.321919063922705
"Kemper County","vap_black","pre_20_rep_tru",0.112194899690943,0.0405867844233341,0.0501479118611192,0.208370080198327
"Kemper County","vap_black","pre_20_dem_bid",0.887805100309057,0.0405867844233341,0.791629919801673,0.949852088138881
"Kemper County","vap_hisp","pre_20_rep_tru",0.523596895523375,0.178029457444659,0.17154260254238,0.851739401625415
"Kemper County","vap_hisp","pre_20_dem_bid",0.476403104476625,0.178029457444659,0.148260598374585,0.82845739745762
"Kemper County","vap_asian","pre_20_rep_tru",0.51570404720733,0.208834290199846,0.124205406395646,0.901016912435178
"Kemper County","vap_asian","pre_20_dem_bid",0.48429595279267,0.208834290199846,0.0989830875648214,0.875794593604354
"Kemper County","vap_aian","pre_20_rep_tru",0.671904357322965,0.165914604377714,0.281473698427305,0.928915090264619
"Kemper County","vap_aian","pre_20_dem_bid",0.328095642677035,0.165914604377714,0.0710849097353807,0.718526301572695
"Kemper County","vap_oth_b","pre_20_rep_tru",0.524848501069618,0.186347875591161,0.163121033576576,0.861070838314472
"Kemper County","vap_oth_b","pre_20_dem_bid",0.475151498930382,0.186347875591161,0.138929161685528,0.836878966423424
"Kemper County","vap_white","uss_20_rep_hyd",0.815738285193421,0.0617424153577481,0.675881258836361,0.911558641394176
"Kemper County","vap_white","uss_20_dem_esp",0.184261714806579,0.0617424153577481,0.0884413586058244,0.324118741163639
"Kemper County","vap_black","uss_20_rep_hyd",0.0991249569947334,0.0378194944120473,0.0412172478582465,0.182605511793929
"Kemper County","vap_black","uss_20_dem_esp",0.900875043005267,0.0378194944120473,0.817394488206071,0.958782752141754
"Kemper County","vap_hisp","uss_20_rep_hyd",0.528570175157954,0.180675246207105,0.174057732727611,0.856501822797685
"Kemper County","vap_hisp","uss_20_dem_esp",0.471429824842046,0.180675246207105,0.143498177202315,0.825942267272389
"Kemper County","vap_asian","uss_20_rep_hyd",0.503814341018195,0.208859530623663,0.110568517826809,0.894677282969326
"Kemper County","vap_asian","uss_20_dem_esp",0.496185658981805,0.208859530623663,0.105322717030674,0.889431482173191
"Kemper County","vap_aian","uss_20_rep_hyd",0.632087709477293,0.163112508989907,0.275313335134293,0.914813090025027
"Kemper County","vap_aian","uss_20_dem_esp",0.367912290522707,0.163112508989907,0.0851869099749728,0.724686664865707
"Kemper County","vap_oth_b","uss_20_rep_hyd",0.543805015278864,0.177649521406449,0.194020839264653,0.869246509852785
"Kemper County","vap_oth_b","uss_20_dem_esp",0.456194984721136,0.177649521406449,0.130753490147215,0.805979160735347
"Lafayette County","vap_white","pre_16_rep_tru",0.792761348714562,0.0221364448384979,0.74500734648194,0.831019849803602
"Lafayette County","vap_white","pre_16_dem_cli",0.207238651285438,0.0221364448384979,0.168980150196398,0.25499265351806
"Lafayette County","vap_black","pre_16_rep_tru",0.18026420688966,0.0851942439049471,0.0527410391929349,0.379257946741988
"Lafayette County","vap_black","pre_16_dem_cli",0.81973579311034,0.0851942439049471,0.620742053258012,0.947258960807065
"Lafayette County","vap_hisp","pre_16_rep_tru",0.505310151060341,0.169587949371147,0.183320660935189,0.832009013725877
"Lafayette County","vap_hisp","pre_16_dem_cli",0.494689848939659,0.169587949371147,0.167990986274123,0.816679339064811
"Lafayette County","vap_asian","pre_16_rep_tru",0.475456340866946,0.184225804747204,0.134421447686301,0.827737361939068
"Lafayette County","vap_asian","pre_16_dem_cli",0.524543659133054,0.184225804747204,0.172262638060932,0.865578552313699
"Lafayette County","vap_aian","pre_16_rep_tru",0.494841595902612,0.175631663405309,0.175961248395647,0.83459324816893
"Lafayette County","vap_aian","pre_16_dem_cli",0.505158404097388,0.175631663405309,0.16540675183107,0.824038751604353
"Lafayette County","vap_oth_b","pre_16_rep_tru",0.521285466952077,0.184712380893757,0.181810203082129,0.875427452193907
"Lafayette County","vap_oth_b","pre_16_dem_cli",0.478714533047923,0.184712380893757,0.124572547806093,0.818189796917871
"Lafayette County","vap_white","uss_18_rep_wic",0.782545091147944,0.0240420761306151,0.727215345508293,0.821568233712302
"Lafayette County","vap_white","uss_18_dem_bar",0.217454908852056,0.0240420761306151,0.178431766287698,0.272784654491707
"Lafayette County","vap_black","uss_18_rep_wic",0.193360751337804,0.0968745645962428,0.0538139960540256,0.411158603295376
"Lafayette County","vap_black","uss_18_dem_bar",0.806639248662196,0.0968745645962428,0.588841396704624,0.946186003945974
"Lafayette County","vap_hisp","uss_18_rep_wic",0.501073334975399,0.171992503116273,0.166909131187997,0.821829621162216
"Lafayette County","vap_hisp","uss_18_dem_bar",0.498926665024601,0.171992503116273,0.178170378837784,0.833090868812003
"Lafayette County","vap_asian","uss_18_rep_wic",0.477582793930301,0.186782582140073,0.146204575412003,0.837784146559662
"Lafayette County","vap_asian","uss_18_dem_bar",0.522417206069699,0.186782582140073,0.162215853440338,0.853795424587997
"Lafayette County","vap_aian","uss_18_rep_wic",0.50492782391873,0.192994991097683,0.135076066881359,0.86832162472169
"Lafayette County","vap_aian","uss_18_dem_bar",0.49507217608127,0.192994991097683,0.131678375278309,0.864923933118641
"Lafayette County","vap_oth_b","uss_18_rep_wic",0.511932794554234,0.16866195035724,0.185959683750991,0.829998363345511
"Lafayette County","vap_oth_b","uss_18_dem_bar",0.488067205445766,0.16866195035724,0.170001636654489,0.814040316249008
"Lafayette County","vap_white","pre_20_rep_tru",0.783839239517642,0.0231852504871364,0.734654183755988,0.823884449819774
"Lafayette County","vap_white","pre_20_dem_bid",0.216160760482358,0.0231852504871364,0.176115550180226,0.265345816244012
"Lafayette County","vap_black","pre_20_rep_tru",0.178927667003924,0.0858211246990357,0.0487997970272922,0.376711698743595
"Lafayette County","vap_black","pre_20_dem_bid",0.821072332996076,0.0858211246990357,0.623288301256405,0.951200202972708
"Lafayette County","vap_hisp","pre_20_rep_tru",0.467059608674247,0.166003509762787,0.165123719353731,0.795094361565458
"Lafayette County","vap_hisp","pre_20_dem_bid",0.532940391325753,0.166003509762787,0.204905638434542,0.834876280646269
"Lafayette County","vap_asian","pre_20_rep_tru",0.45554937759567,0.181755567463316,0.139736968037282,0.825426998355233
"Lafayette County","vap_asian","pre_20_dem_bid",0.54445062240433,0.181755567463316,0.174573001644767,0.860263031962718
"Lafayette County","vap_aian","pre_20_rep_tru",0.492217055109683,0.180980986144326,0.144632569843279,0.823122886482797
"Lafayette County","vap_aian","pre_20_dem_bid",0.507782944890317,0.180980986144326,0.176877113517202,0.855367430156721
"Lafayette County","vap_oth_b","pre_20_rep_tru",0.491667400636855,0.174683237093768,0.16017723098678,0.827079161868404
"Lafayette County","vap_oth_b","pre_20_dem_bid",0.508332599363145,0.174683237093768,0.172920838131595,0.839822769013219
"Lafayette County","vap_white","uss_20_rep_hyd",0.735907565522647,0.0269367245335157,0.672914737934785,0.7791668446981
"Lafayette County","vap_white","uss_20_dem_esp",0.264092434477353,0.0269367245335157,0.2208331553019,0.327085262065215
"Lafayette County","vap_black","uss_20_rep_hyd",0.185680028721608,0.10164089364327,0.0464990394030671,0.432097733097485
"Lafayette County","vap_black","uss_20_dem_esp",0.814319971278392,0.10164089364327,0.567902266902515,0.953500960596933
"Lafayette County","vap_hisp","uss_20_rep_hyd",0.46083318229,0.170654293002624,0.145134084710475,0.786510848967189
"Lafayette County","vap_hisp","uss_20_dem_esp",0.53916681771,0.170654293002624,0.213489151032811,0.854865915289525
"Lafayette County","vap_asian","uss_20_rep_hyd",0.438582815700416,0.179322379632455,0.115730491379249,0.803910171256916
"Lafayette County","vap_asian","uss_20_dem_esp",0.561417184299584,0.179322379632455,0.196089828743084,0.884269508620751
"Lafayette County","vap_aian","uss_20_rep_hyd",0.508029271339437,0.172940955282861,0.175167001234864,0.83640649439867
"Lafayette County","vap_aian","uss_20_dem_esp",0.491970728660562,0.172940955282861,0.16359350560133,0.824832998765136
"Lafayette County","vap_oth_b","uss_20_rep_hyd",0.487600874306697,0.169190644583159,0.165285447424294,0.815460601094703
"Lafayette County","vap_oth_b","uss_20_dem_esp",0.512399125693303,0.169190644583159,0.184539398905297,0.834714552575706
"Lamar County","vap_white","pre_16_rep_tru",0.9726737708577,0.00879100037562763,0.951931373709342,0.986302918873316
"Lamar County","vap_white","pre_16_dem_cli",0.0273262291422995,0.00879100037562763,0.0136970811266842,0.0480686262906581
"Lamar County","vap_black","pre_16_rep_tru",0.105993567993696,0.0379392309179762,0.0503924186994401,0.193039016609477
"Lamar County","vap_black","pre_16_dem_cli",0.894006432006304,0.0379392309179762,0.806960983390523,0.94960758130056
"Lamar County","vap_hisp","pre_16_rep_tru",0.530920778437925,0.160648010988283,0.22449388674649,0.840287003217006
"Lamar County","vap_hisp","pre_16_dem_cli",0.469079221562075,0.160648010988283,0.159712996782994,0.77550611325351
"Lamar County","vap_asian","pre_16_rep_tru",0.519653433741162,0.169833317049681,0.191793396310056,0.830061326429149
"Lamar County","vap_asian","pre_16_dem_cli",0.480346566258838,0.169833317049681,0.169938673570851,0.808206603689944
"Lamar County","vap_aian","pre_16_rep_tru",0.539965144517045,0.168855300307774,0.199878523703571,0.846320961160423
"Lamar County","vap_aian","pre_16_dem_cli",0.460034855482955,0.168855300307774,0.153679038839577,0.800121476296429
"Lamar County","vap_oth_b","pre_16_rep_tru",0.500433044964954,0.139356178490205,0.236046930232437,0.779916501672619
"Lamar County","vap_oth_b","pre_16_dem_cli",0.499566955035046,0.139356178490205,0.220083498327381,0.763953069767562
"Lamar County","vap_white","uss_18_rep_wic",0.974126730282129,0.0104018649761783,0.948884789657127,0.989629844945449
"Lamar County","vap_white","uss_18_dem_bar",0.0258732697178713,0.0104018649761783,0.0103701550545506,0.0511152103428728
"Lamar County","vap_black","uss_18_rep_wic",0.107507035881638,0.0351071845358438,0.0535786123437309,0.190214287745233
"Lamar County","vap_black","uss_18_dem_bar",0.892492964118362,0.0351071845358438,0.809785712254767,0.946421387656269
"Lamar County","vap_hisp","uss_18_rep_wic",0.392896856157891,0.150731151458825,0.122906961966584,0.714555489693192
"Lamar County","vap_hisp","uss_18_dem_bar",0.607103143842109,0.150731151458825,0.285444510306808,0.877093038033416
"Lamar County","vap_asian","uss_18_rep_wic",0.439080020454664,0.155263338258295,0.160512276812394,0.758615952193984
"Lamar County","vap_asian","uss_18_dem_bar",0.560919979545335,0.155263338258295,0.241384047806016,0.839487723187606
"Lamar County","vap_aian","uss_18_rep_wic",0.492284321917465,0.178686881773938,0.15585615777771,0.820650301235193
"Lamar County","vap_aian","uss_18_dem_bar",0.507715678082535,0.178686881773938,0.179349698764807,0.84414384222229
"Lamar County","vap_oth_b","uss_18_rep_wic",0.349808399444096,0.138189140907677,0.116616382930798,0.638481170520676
"Lamar County","vap_oth_b","uss_18_dem_bar",0.650191600555904,0.138189140907677,0.361518829479324,0.883383617069202
"Lamar County","vap_white","pre_20_rep_tru",0.941872354516592,0.0121675637732438,0.914583225076454,0.962606310058383
"Lamar County","vap_white","pre_20_dem_bid",0.0581276454834077,0.0121675637732438,0.0373936899416173,0.0854167749235461
"Lamar County","vap_black","pre_20_rep_tru",0.0973007979659556,0.0377221549302021,0.041168687713969,0.188052366772097
"Lamar County","vap_black","pre_20_dem_bid",0.902699202034044,0.0377221549302021,0.811947633227903,0.958831312286031
"Lamar County","vap_hisp","pre_20_rep_tru",0.327902570985469,0.137705882233777,0.104741354792757,0.635679513918773
"Lamar County","vap_hisp","pre_20_dem_bid",0.672097429014531,0.137705882233777,0.364320486081227,0.895258645207243
"Lamar County","vap_asian","pre_20_rep_tru",0.441912534028286,0.186146215541502,0.129502877865939,0.848640966079046
"Lamar County","vap_asian","pre_20_dem_bid",0.558087465971714,0.186146215541502,0.151359033920954,0.870497122134061
"Lamar County","vap_aian","pre_20_rep_tru",0.487019070320486,0.172085265366617,0.1613123352679,0.815149896893192
"Lamar County","vap_aian","pre_20_dem_bid",0.512980929679514,0.172085265366617,0.184850103106808,0.8386876647321
"Lamar County","vap_oth_b","pre_20_rep_tru",0.354722530407752,0.14203700966065,0.113506373186569,0.652662942477034
"Lamar County","vap_oth_b","pre_20_dem_bid",0.645277469592248,0.14203700966065,0.347337057522965,0.886493626813431
"Lamar County","vap_white","uss_20_rep_hyd",0.895508626279675,0.016702110136662,0.858244630985189,0.923848988357475
"Lamar County","vap_white","uss_20_dem_esp",0.104491373720325,0.016702110136662,0.0761510116425246,0.141755369014811
"Lamar County","vap_black","uss_20_rep_hyd",0.100268652091349,0.0488406392499199,0.0295190374871245,0.221440543225483
"Lamar County","vap_black","uss_20_dem_esp",0.899731347908651,0.0488406392499199,0.778559456774518,0.970480962512876
"Lamar County","vap_hisp","uss_20_rep_hyd",0.368007671124462,0.153852678717958,0.113798639794294,0.684620287204206
"Lamar County","vap_hisp","uss_20_dem_esp",0.631992328875538,0.153852678717958,0.315379712795794,0.886201360205706
"Lamar County","vap_asian","uss_20_rep_hyd",0.413075569037714,0.169840809836453,0.132036930450304,0.776619512052799
"Lamar County","vap_asian","uss_20_dem_esp",0.586924430962286,0.169840809836453,0.223380487947201,0.867963069549695
"Lamar County","vap_aian","uss_20_rep_hyd",0.49070171370993,0.176018483101576,0.152853681031453,0.817112589488371
"Lamar County","vap_aian","uss_20_dem_esp",0.50929828629007,0.176018483101576,0.182887410511629,0.847146318968547
"Lamar County","vap_oth_b","uss_20_rep_hyd",0.375054969295744,0.164506942410116,0.117169046705483,0.723672069460735
"Lamar County","vap_oth_b","uss_20_dem_esp",0.624945030704256,0.164506942410116,0.276327930539265,0.882830953294517
"Lauderdale County","vap_white","pre_16_rep_tru",0.960691826312976,0.00798554721057936,0.943551178739687,0.974716570536426
"Lauderdale County","vap_white","pre_16_dem_cli",0.0393081736870237,0.00798554721057936,0.0252834294635744,0.0564488212603129
"Lauderdale County","vap_black","pre_16_rep_tru",0.105400057483802,0.0139374979859392,0.080333243241444,0.135312228693452
"Lauderdale County","vap_black","pre_16_dem_cli",0.894599942516198,0.0139374979859392,0.864687771306547,0.919666756758556
"Lauderdale County","vap_hisp","pre_16_rep_tru",0.591348513029065,0.140295119262318,0.307547811571951,0.845675967203786
"Lauderdale County","vap_hisp","pre_16_dem_cli",0.408651486970935,0.140295119262318,0.154324032796214,0.692452188428049
"Lauderdale County","vap_asian","pre_16_rep_tru",0.535162693948579,0.169148913567764,0.207281185364216,0.834956952550696
"Lauderdale County","vap_asian","pre_16_dem_cli",0.464837306051421,0.169148913567764,0.165043047449304,0.792718814635784
"Lauderdale County","vap_aian","pre_16_rep_tru",0.511127872739022,0.164689320226473,0.194124757013918,0.81751146732747
"Lauderdale County","vap_aian","pre_16_dem_cli",0.488872127260978,0.164689320226473,0.18248853267253,0.805875242986082
"Lauderdale County","vap_oth_b","pre_16_rep_tru",0.517080207709015,0.139417058479874,0.235565037317597,0.772998914283244
"Lauderdale County","vap_oth_b","pre_16_dem_cli",0.482919792290985,0.139417058479874,0.227001085716756,0.764434962682403
"Lauderdale County","vap_white","uss_18_rep_wic",0.962416959712802,0.00918136018077629,0.942145340961994,0.977792794059348
"Lauderdale County","vap_white","uss_18_dem_bar",0.037583040287198,0.00918136018077629,0.022207205940652,0.0578546590380055
"Lauderdale County","vap_black","uss_18_rep_wic",0.129365627801293,0.016430928039839,0.100493797157856,0.165233234239228
"Lauderdale County","vap_black","uss_18_dem_bar",0.870634372198707,0.016430928039839,0.834766765760772,0.899506202842144
"Lauderdale County","vap_hisp","uss_18_rep_wic",0.499295583828657,0.143545566549367,0.211307166306554,0.769203434889107
"Lauderdale County","vap_hisp","uss_18_dem_bar",0.500704416171343,0.143545566549367,0.230796565110893,0.788692833693446
"Lauderdale County","vap_asian","uss_18_rep_wic",0.5213739635003,0.169620125258554,0.190468462016423,0.840491430317431
"Lauderdale County","vap_asian","uss_18_dem_bar",0.4786260364997,0.169620125258554,0.159508569682569,0.809531537983577
"Lauderdale County","vap_aian","uss_18_rep_wic",0.495853274672116,0.174550826001255,0.170321095587624,0.837513797329778
"Lauderdale County","vap_aian","uss_18_dem_bar",0.504146725327884,0.174550826001255,0.162486202670221,0.829678904412376
"Lauderdale County","vap_oth_b","uss_18_rep_wic",0.530844766096063,0.158508031334957,0.211482049511333,0.832960957631928
"Lauderdale County","vap_oth_b","uss_18_dem_bar",0.469155233903937,0.158508031334957,0.167039042368072,0.788517950488667
"Lauderdale County","vap_white","pre_20_rep_tru",0.936179826442438,0.011035764650171,0.912411838203309,0.955494570073938
"Lauderdale County","vap_white","pre_20_dem_bid",0.0638201735575622,0.011035764650171,0.0445054299260625,0.0875881617966907
"Lauderdale County","vap_black","pre_20_rep_tru",0.0902713928005787,0.0125565061955814,0.0685736975970442,0.117421368886459
"Lauderdale County","vap_black","pre_20_dem_bid",0.909728607199421,0.0125565061955814,0.882578631113541,0.931426302402956
"Lauderdale County","vap_hisp","pre_20_rep_tru",0.406982079041928,0.138544543109127,0.177028370012481,0.713658021992433
"Lauderdale County","vap_hisp","pre_20_dem_bid",0.593017920958072,0.138544543109127,0.286341978007567,0.822971629987519
"Lauderdale County","vap_asian","pre_20_rep_tru",0.466933689325425,0.163212209142401,0.183185178133364,0.800380952150001
"Lauderdale County","vap_asian","pre_20_dem_bid",0.533066310674575,0.163212209142401,0.199619047849999,0.816814821866636
"Lauderdale County","vap_aian","pre_20_rep_tru",0.482172923373221,0.172256667895714,0.167406276708826,0.828076552555242
"Lauderdale County","vap_aian","pre_20_dem_bid",0.517827076626779,0.172256667895714,0.171923447444758,0.832593723291174
"Lauderdale County","vap_oth_b","pre_20_rep_tru",0.388047479395118,0.138597582298892,0.152906439435266,0.682660874806685
"Lauderdale County","vap_oth_b","pre_20_dem_bid",0.611952520604882,0.138597582298892,0.317339125193315,0.847093560564734
"Lauderdale County","vap_white","uss_20_rep_hyd",0.904012128347002,0.0132359608718191,0.874059224637019,0.927238009395722
"Lauderdale County","vap_white","uss_20_dem_esp",0.0959878716529975,0.0132359608718191,0.0727619906042779,0.125940775362981
"Lauderdale County","vap_black","uss_20_rep_hyd",0.0823419740990357,0.0142566292706103,0.058233769097171,0.114737306280492
"Lauderdale County","vap_black","uss_20_dem_esp",0.917658025900964,0.0142566292706103,0.885262693719508,0.941766230902829
"Lauderdale County","vap_hisp","uss_20_rep_hyd",0.341229668801795,0.131314883209711,0.123609987747775,0.622904015970735
"Lauderdale County","vap_hisp","uss_20_dem_esp",0.658770331198205,0.131314883209711,0.377095984029265,0.876390012252225
"Lauderdale County","vap_asian","uss_20_rep_hyd",0.445682700374356,0.164028740079592,0.150029423047949,0.770219288941219
"Lauderdale County","vap_asian","uss_20_dem_esp",0.554317299625644,0.164028740079592,0.229780711058781,0.849970576952051
"Lauderdale County","vap_aian","uss_20_rep_hyd",0.466803779144145,0.168089442955054,0.147497861376432,0.790446024870755
"Lauderdale County","vap_aian","uss_20_dem_esp",0.533196220855856,0.168089442955054,0.209553975129245,0.852502138623568
"Lauderdale County","vap_oth_b","uss_20_rep_hyd",0.31857765624264,0.120095095509254,0.11909464758389,0.579403887073535
"Lauderdale County","vap_oth_b","uss_20_dem_esp",0.68142234375736,0.120095095509254,0.420596112926465,0.88090535241611
"Lawrence County","vap_white","pre_16_rep_tru",0.883941539084471,0.0176568340485138,0.843984163404387,0.913179643228208
"Lawrence County","vap_white","pre_16_dem_cli",0.116058460915529,0.0176568340485138,0.0868203567717921,0.156015836595613
"Lawrence County","vap_black","pre_16_rep_tru",0.0749676634216836,0.027111206610683,0.0352964604126085,0.140373825928166
"Lawrence County","vap_black","pre_16_dem_cli",0.925032336578316,0.027111206610683,0.859626174071834,0.964703539587392
"Lawrence County","vap_hisp","pre_16_rep_tru",0.64167872300895,0.138339666072731,0.339594079714343,0.871108796205506
"Lawrence County","vap_hisp","pre_16_dem_cli",0.35832127699105,0.138339666072731,0.128891203794494,0.660405920285657
"Lawrence County","vap_asian","pre_16_rep_tru",0.443747870746676,0.153494484798844,0.160439301526645,0.750802675123751
"Lawrence County","vap_asian","pre_16_dem_cli",0.556252129253324,0.153494484798844,0.249197324876249,0.839560698473355
"Lawrence County","vap_aian","pre_16_rep_tru",0.396904419513231,0.058008760398125,0.290318623348933,0.51167420905958
"Lawrence County","vap_aian","pre_16_dem_cli",0.603095580486769,0.0580087603981251,0.48832579094042,0.709681376651067
"Lawrence County","vap_oth_b","pre_16_rep_tru",0.422854514562494,0.131891932714715,0.182733540281999,0.702106737278181
"Lawrence County","vap_oth_b","pre_16_dem_cli",0.577145485437506,0.131891932714715,0.297893262721818,0.817266459718
"Lawrence County","vap_white","uss_18_rep_wic",0.918769141924042,0.0156239093025657,0.883623158892925,0.944383521559946
"Lawrence County","vap_white","uss_18_dem_bar",0.081230858075958,0.0156239093025657,0.055616478440054,0.116376841107075
"Lawrence County","vap_black","uss_18_rep_wic",0.0920331176906667,0.026579554315574,0.0484010419479215,0.153809091415281
"Lawrence County","vap_black","uss_18_dem_bar",0.907966882309333,0.026579554315574,0.846190908584719,0.951598958052078
"Lawrence County","vap_hisp","uss_18_rep_wic",0.62037842035064,0.138291563935363,0.332807211673549,0.868914317540186
"Lawrence County","vap_hisp","uss_18_dem_bar",0.37962157964936,0.138291563935363,0.131085682459814,0.667192788326451
"Lawrence County","vap_asian","uss_18_rep_wic",0.465230776839523,0.158968981998016,0.176574150365553,0.778646384338229
"Lawrence County","vap_asian","uss_18_dem_bar",0.534769223160477,0.158968981998016,0.221353615661771,0.823425849634447
"Lawrence County","vap_aian","uss_18_rep_wic",0.387655013998527,0.0555206961604076,0.287296115350827,0.498020641215594
"Lawrence County","vap_aian","uss_18_dem_bar",0.612344986001473,0.0555206961604076,0.501979358784406,0.712703884649173
"Lawrence County","vap_oth_b","uss_18_rep_wic",0.414311285702687,0.134324026143145,0.172097487810518,0.69716014559574
"Lawrence County","vap_oth_b","uss_18_dem_bar",0.585688714297313,0.134324026143145,0.30283985440426,0.827902512189482
"Lawrence County","vap_white","pre_20_rep_tru",0.905955614642339,0.015520321004307,0.871266469791322,0.932454815800699
"Lawrence County","vap_white","pre_20_dem_bid",0.0940443853576611,0.015520321004307,0.0675451841993012,0.128733530208678
"Lawrence County","vap_black","pre_20_rep_tru",0.0594320144714396,0.0232564801814862,0.0245088041809708,0.114783088944148
"Lawrence County","vap_black","pre_20_dem_bid",0.94056798552856,0.0232564801814862,0.885216911055852,0.975491195819029
"Lawrence County","vap_hisp","pre_20_rep_tru",0.645269645048473,0.131148007258581,0.365116862057886,0.870483706188439
"Lawrence County","vap_hisp","pre_20_dem_bid",0.354730354951527,0.131148007258581,0.129516293811561,0.634883137942114
"Lawrence County","vap_asian","pre_20_rep_tru",0.438914215761704,0.154717763054038,0.16284461319222,0.747851049245717
"Lawrence County","vap_asian","pre_20_dem_bid",0.561085784238296,0.154717763054038,0.252148950754283,0.83715538680778
"Lawrence County","vap_aian","pre_20_rep_tru",0.402751829374795,0.053850356225198,0.299652062632634,0.505839105988864
"Lawrence County","vap_aian","pre_20_dem_bid",0.597248170625205,0.053850356225198,0.494160894011136,0.700347937367366
"Lawrence County","vap_oth_b","pre_20_rep_tru",0.406092768397938,0.13896320803112,0.132363251798496,0.683286848849832
"Lawrence County","vap_oth_b","pre_20_dem_bid",0.593907231602062,0.13896320803112,0.316713151150168,0.867636748201504
"Lawrence County","vap_white","uss_20_rep_hyd",0.891529415703837,0.0156385343139826,0.857456382348912,0.918390781903359
"Lawrence County","vap_white","uss_20_dem_esp",0.108470584296163,0.0156385343139826,0.0816092180966411,0.142543617651088
"Lawrence County","vap_black","uss_20_rep_hyd",0.0616269496890864,0.0224816973753043,0.0276685015929743,0.114714714796918
"Lawrence County","vap_black","uss_20_dem_esp",0.938373050310914,0.0224816973753043,0.885285285203082,0.972331498407026
"Lawrence County","vap_hisp","uss_20_rep_hyd",0.649625016656502,0.13614673602099,0.357222509882857,0.877559838261601
"Lawrence County","vap_hisp","uss_20_dem_esp",0.350374983343498,0.13614673602099,0.122440161738399,0.642777490117143
"Lawrence County","vap_asian","uss_20_rep_hyd",0.450240146358721,0.160111320650585,0.163522002745431,0.77242012574979
"Lawrence County","vap_asian","uss_20_dem_esp",0.549759853641279,0.160111320650585,0.22757987425021,0.836477997254569
"Lawrence County","vap_aian","uss_20_rep_hyd",0.394664345469586,0.0539122607261008,0.292975078404536,0.501463332672419
"Lawrence County","vap_aian","uss_20_dem_esp",0.605335654530414,0.0539122607261008,0.498536667327581,0.707024921595464
"Lawrence County","vap_oth_b","uss_20_rep_hyd",0.428120322519231,0.142857919648535,0.16800324434607,0.71948678114653
"Lawrence County","vap_oth_b","uss_20_dem_esp",0.571879677480769,0.142857919648535,0.28051321885347,0.83199675565393
"Leake County","vap_white","pre_16_rep_tru",0.936790677144006,0.0192038893179297,0.889107300540681,0.966135986230087
"Leake County","vap_white","pre_16_dem_cli",0.0632093228559937,0.0192038893179297,0.0338640137699128,0.110892699459319
"Leake County","vap_black","pre_16_rep_tru",0.0776325170905118,0.0293640699373752,0.0325210643550084,0.146641853475617
"Leake County","vap_black","pre_16_dem_cli",0.922367482909488,0.0293640699373752,0.853358146524383,0.967478935644992
"Leake County","vap_hisp","pre_16_rep_tru",0.481573449500982,0.152807486437774,0.183595946169586,0.778655946304084
"Leake County","vap_hisp","pre_16_dem_cli",0.518426550499018,0.152807486437774,0.221344053695916,0.816404053830414
"Leake County","vap_asian","pre_16_rep_tru",0.518254934465131,0.182204014226422,0.186684762434854,0.879740209381865
"Leake County","vap_asian","pre_16_dem_cli",0.481745065534869,0.182204014226422,0.120259790618135,0.813315237565146
"Leake County","vap_aian","pre_16_rep_tru",0.723481956534759,0.113897286486332,0.483305665375438,0.930955280160759
"Leake County","vap_aian","pre_16_dem_cli",0.276518043465241,0.113897286486332,0.0690447198392408,0.516694334624562
"Leake County","vap_oth_b","pre_16_rep_tru",0.542087641741924,0.167413628041336,0.214703961513926,0.844345599191818
"Leake County","vap_oth_b","pre_16_dem_cli",0.457912358258076,0.167413628041336,0.155654400808182,0.785296038486074
"Leake County","vap_white","uss_18_rep_wic",0.949872143974079,0.0164958998898025,0.911339753573723,0.975004388393037
"Leake County","vap_white","uss_18_dem_bar",0.0501278560259212,0.0164958998898025,0.0249956116069634,0.0886602464262775
"Leake County","vap_black","uss_18_rep_wic",0.105414806941832,0.0321715366888703,0.0520866509098584,0.177668486703788
"Leake County","vap_black","uss_18_dem_bar",0.894585193058168,0.0321715366888703,0.822331513296212,0.947913349090142
"Leake County","vap_hisp","uss_18_rep_wic",0.604696160585844,0.15193564325159,0.282514198029481,0.879450214237982
"Leake County","vap_hisp","uss_18_dem_bar",0.395303839414156,0.15193564325159,0.120549785762018,0.717485801970518
"Leake County","vap_asian","uss_18_rep_wic",0.505935107142873,0.175649114362666,0.17597758616782,0.831000752335721
"Leake County","vap_asian","uss_18_dem_bar",0.494064892857127,0.175649114362666,0.168999247664279,0.82402241383218
"Leake County","vap_aian","uss_18_rep_wic",0.71014889079388,0.114549434818726,0.472385292103289,0.923750907133181
"Leake County","vap_aian","uss_18_dem_bar",0.28985110920612,0.114549434818726,0.0762490928668186,0.527614707896711
"Leake County","vap_oth_b","uss_18_rep_wic",0.560010338070532,0.163111952858745,0.238518634790907,0.862168672517958
"Leake County","vap_oth_b","uss_18_dem_bar",0.439989661929468,0.163111952858745,0.137831327482042,0.761481365209093
"Leake County","vap_white","pre_20_rep_tru",0.949511568193368,0.0171409165850015,0.91039606801838,0.975415509318048
"Leake County","vap_white","pre_20_dem_bid",0.0504884318066323,0.0171409165850015,0.024584490681952,0.0896039319816194
"Leake County","vap_black","pre_20_rep_tru",0.0604396019992988,0.0261088069163273,0.0215577934192848,0.125604209827887
"Leake County","vap_black","pre_20_dem_bid",0.939560398000701,0.0261088069163273,0.874395790172113,0.978442206580715
"Leake County","vap_hisp","pre_20_rep_tru",0.482917023710972,0.157675940150367,0.185361204079715,0.791524516532989
"Leake County","vap_hisp","pre_20_dem_bid",0.517082976289028,0.157675940150367,0.208475483467011,0.814638795920285
"Leake County","vap_asian","pre_20_rep_tru",0.504064355032664,0.180117600762767,0.176014615200971,0.84626512147625
"Leake County","vap_asian","pre_20_dem_bid",0.495935644967336,0.180117600762767,0.15373487852375,0.823985384799028
"Leake County","vap_aian","pre_20_rep_tru",0.677481485599103,0.105008802652052,0.471327355108209,0.878575803816437
"Leake County","vap_aian","pre_20_dem_bid",0.322518514400897,0.105008802652052,0.121424196183563,0.528672644891791
"Leake County","vap_oth_b","pre_20_rep_tru",0.528094502663117,0.172493904151929,0.189829191435013,0.84422354118283
"Leake County","vap_oth_b","pre_20_dem_bid",0.471905497336883,0.172493904151929,0.15577645881717,0.810170808564987
"Leake County","vap_white","uss_20_rep_hyd",0.921720336632517,0.0212594762930715,0.872107234339469,0.955750392070265
"Leake County","vap_white","uss_20_dem_esp",0.078279663367483,0.0212594762930715,0.0442496079297345,0.127892765660531
"Leake County","vap_black","uss_20_rep_hyd",0.0466688504257646,0.026297468679585,0.0108292634744286,0.113052906953583
"Leake County","vap_black","uss_20_dem_esp",0.953331149574236,0.026297468679585,0.886947093046417,0.989170736525572
"Leake County","vap_hisp","uss_20_rep_hyd",0.452267121293952,0.145507101059832,0.175923516684525,0.745263909882307
"Leake County","vap_hisp","uss_20_dem_esp",0.547732878706048,0.145507101059832,0.254736090117693,0.824076483315475
"Leake County","vap_asian","uss_20_rep_hyd",0.493825065247748,0.180643048104799,0.144134770014322,0.837810328031826
"Leake County","vap_asian","uss_20_dem_esp",0.506174934752252,0.180643048104799,0.162189671968174,0.855865229985677
"Leake County","vap_aian","uss_20_rep_hyd",0.648655576562283,0.118369238297512,0.42294911594667,0.888194739368785
"Leake County","vap_aian","uss_20_dem_esp",0.351344423437717,0.118369238297512,0.111805260631215,0.577050884053331
"Leake County","vap_oth_b","uss_20_rep_hyd",0.478485321311379,0.17426688636691,0.134285653931347,0.823480855942503
"Leake County","vap_oth_b","uss_20_dem_esp",0.521514678688621,0.17426688636691,0.176519144057497,0.865714346068653
"Lee County","vap_white","pre_16_rep_tru",0.943183398663732,0.00941059475594903,0.922182005963813,0.958939847132207
"Lee County","vap_white","pre_16_dem_cli",0.0568166013362686,0.00941059475594903,0.0410601528677934,0.0778179940361865
"Lee County","vap_black","pre_16_rep_tru",0.0879953913261523,0.0252633714087801,0.0486985356404241,0.146658459779479
"Lee County","vap_black","pre_16_dem_cli",0.912004608673848,0.0252633714087801,0.853341540220521,0.951301464359576
"Lee County","vap_hisp","pre_16_rep_tru",0.346297955294386,0.148754465187667,0.108211168001193,0.679157058584124
"Lee County","vap_hisp","pre_16_dem_cli",0.653702044705614,0.148754465187667,0.320842941415875,0.891788831998807
"Lee County","vap_asian","pre_16_rep_tru",0.476618646344053,0.182675943372931,0.130682880450194,0.830489319478487
"Lee County","vap_asian","pre_16_dem_cli",0.523381353655947,0.182675943372931,0.169510680521513,0.869317119549806
"Lee County","vap_aian","pre_16_rep_tru",0.49037984397585,0.174614657058147,0.161955358656757,0.818906601083573
"Lee County","vap_aian","pre_16_dem_cli",0.50962015602415,0.174614657058147,0.181093398916427,0.838044641343243
"Lee County","vap_oth_b","pre_16_rep_tru",0.408883663363514,0.149042661709334,0.159687187073462,0.711136150053489
"Lee County","vap_oth_b","pre_16_dem_cli",0.591116336636486,0.149042661709334,0.288863849946511,0.840312812926537
"Lee County","vap_white","uss_18_rep_wic",0.94321424447105,0.00942119817061495,0.921918928862085,0.959019850489832
"Lee County","vap_white","uss_18_dem_bar",0.0567857555289504,0.00942119817061495,0.0409801495101676,0.0780810711379148
"Lee County","vap_black","uss_18_rep_wic",0.0874386164702158,0.0241940620920009,0.0481295674054422,0.1424797808522
"Lee County","vap_black","uss_18_dem_bar",0.912561383529784,0.0241940620920009,0.857520219147799,0.951870432594558
"Lee County","vap_hisp","uss_18_rep_wic",0.342258079131351,0.134010408001283,0.127383440975291,0.626464298969332
"Lee County","vap_hisp","uss_18_dem_bar",0.657741920868649,0.134010408001283,0.373535701030669,0.872616559024708
"Lee County","vap_asian","uss_18_rep_wic",0.491833966928568,0.169038623357791,0.17031336521309,0.803984187675981
"Lee County","vap_asian","uss_18_dem_bar",0.508166033071432,0.169038623357791,0.19601581232402,0.82968663478691
"Lee County","vap_aian","uss_18_rep_wic",0.478640198322469,0.164204146110616,0.176903407194186,0.783689308433778
"Lee County","vap_aian","uss_18_dem_bar",0.521359801677531,0.164204146110616,0.216310691566222,0.823096592805814
"Lee County","vap_oth_b","uss_18_rep_wic",0.4529342017698,0.159384739084353,0.159384693100191,0.759368006864105
"Lee County","vap_oth_b","uss_18_dem_bar",0.5470657982302,0.159384739084353,0.240631993135895,0.840615306899809
"Lee County","vap_white","pre_20_rep_tru",0.921539990293203,0.0101983409718973,0.898543387187867,0.939007146268966
"Lee County","vap_white","pre_20_dem_bid",0.0784600097067967,0.0101983409718973,0.0609928537310339,0.101456612812133
"Lee County","vap_black","pre_20_rep_tru",0.078707810208919,0.0235652892672762,0.0400797352867279,0.131051199878098
"Lee County","vap_black","pre_20_dem_bid",0.921292189791081,0.0235652892672762,0.868948800121902,0.959920264713272
"Lee County","vap_hisp","pre_20_rep_tru",0.314737066979605,0.127944145609299,0.109964937718459,0.58778865943659
"Lee County","vap_hisp","pre_20_dem_bid",0.685262933020395,0.127944145609299,0.41221134056341,0.890035062281541
"Lee County","vap_asian","pre_20_rep_tru",0.456739076466557,0.186131437101193,0.136633526544419,0.851281229315823
"Lee County","vap_asian","pre_20_dem_bid",0.543260923533443,0.186131437101193,0.148718770684176,0.863366473455581
"Lee County","vap_aian","pre_20_rep_tru",0.449134659609728,0.173327731189069,0.154410740624025,0.801969763135653
"Lee County","vap_aian","pre_20_dem_bid",0.550865340390272,0.173327731189069,0.198030236864347,0.845589259375975
"Lee County","vap_oth_b","pre_20_rep_tru",0.378175059330878,0.14336651504008,0.145496734084923,0.684841408140359
"Lee County","vap_oth_b","pre_20_dem_bid",0.621824940669122,0.14336651504008,0.315158591859641,0.854503265915077
"Lee County","vap_white","uss_20_rep_hyd",0.883776187122588,0.0106070227210364,0.860623825063638,0.90309788924068
"Lee County","vap_white","uss_20_dem_esp",0.116223812877412,0.0106070227210364,0.0969021107593202,0.139376174936362
"Lee County","vap_black","uss_20_rep_hyd",0.0578797920075201,0.0238362885394541,0.0211397325811822,0.114586561955951
"Lee County","vap_black","uss_20_dem_esp",0.94212020799248,0.0238362885394541,0.88541343804405,0.978860267418818
"Lee County","vap_hisp","uss_20_rep_hyd",0.312642892416013,0.132961390780901,0.108003046696382,0.625381700881762
"Lee County","vap_hisp","uss_20_dem_esp",0.687357107583987,0.132961390780901,0.374618299118237,0.891996953303618
"Lee County","vap_asian","uss_20_rep_hyd",0.435165562927763,0.170072621699182,0.131911473857266,0.774943771061308
"Lee County","vap_asian","uss_20_dem_esp",0.564834437072237,0.170072621699182,0.225056228938692,0.868088526142734
"Lee County","vap_aian","uss_20_rep_hyd",0.479578599870048,0.171120896428844,0.151529902782186,0.799086880302305
"Lee County","vap_aian","uss_20_dem_esp",0.520421400129952,0.171120896428844,0.200913119697695,0.848470097217814
"Lee County","vap_oth_b","uss_20_rep_hyd",0.393907840809933,0.154206467643421,0.130530687234236,0.712321464825505
"Lee County","vap_oth_b","uss_20_dem_esp",0.606092159190067,0.154206467643421,0.287678535174495,0.869469312765764
"Leflore County","vap_white","pre_16_rep_tru",0.758797733424173,0.0707330872939793,0.590005511788128,0.86506046565811
"Leflore County","vap_white","pre_16_dem_cli",0.241202266575827,0.0707330872939793,0.13493953434189,0.409994488211872
"Leflore County","vap_black","pre_16_rep_tru",0.0804282432491551,0.0231363157193792,0.0451509653351626,0.135540579853453
"Leflore County","vap_black","pre_16_dem_cli",0.919571756750845,0.0231363157193792,0.864459420146547,0.954849034664837
"Leflore County","vap_hisp","pre_16_rep_tru",0.391315073431387,0.148708817204241,0.113291063537254,0.683879029172556
"Leflore County","vap_hisp","pre_16_dem_cli",0.608684926568613,0.148708817204241,0.316120970827444,0.886708936462746
"Leflore County","vap_asian","pre_16_rep_tru",0.491389417156616,0.189456111013406,0.148055835074791,0.859512816105061
"Leflore County","vap_asian","pre_16_dem_cli",0.508610582843384,0.189456111013406,0.140487183894939,0.851944164925209
"Leflore County","vap_aian","pre_16_rep_tru",0.469811247151944,0.197560751188778,0.109780511136134,0.855097082819061
"Leflore County","vap_aian","pre_16_dem_cli",0.530188752848056,0.197560751188778,0.144902917180939,0.890219488863866
"Leflore County","vap_oth_b","pre_16_rep_tru",0.354444945636382,0.135523566881862,0.120744352367722,0.633324891321816
"Leflore County","vap_oth_b","pre_16_dem_cli",0.645555054363618,0.135523566881862,0.366675108678184,0.879255647632278
"Leflore County","vap_white","uss_18_rep_wic",0.82761557703109,0.058673728045692,0.696559601627863,0.918430463775336
"Leflore County","vap_white","uss_18_dem_bar",0.17238442296891,0.058673728045692,0.0815695362246641,0.303440398372137
"Leflore County","vap_black","uss_18_rep_wic",0.10785114633672,0.0211386743995388,0.0725152276998069,0.155386248461612
"Leflore County","vap_black","uss_18_dem_bar",0.89214885366328,0.0211386743995388,0.844613751538388,0.927484772300193
"Leflore County","vap_hisp","uss_18_rep_wic",0.461423486198615,0.172342309005494,0.149898829009844,0.800424494333428
"Leflore County","vap_hisp","uss_18_dem_bar",0.538576513801385,0.172342309005494,0.199575505666572,0.850101170990155
"Leflore County","vap_asian","uss_18_rep_wic",0.504632748151192,0.189361710132814,0.153144125131758,0.855418687118416
"Leflore County","vap_asian","uss_18_dem_bar",0.495367251848808,0.189361710132814,0.144581312881584,0.846855874868242
"Leflore County","vap_aian","uss_18_rep_wic",0.483556439746905,0.190304927522114,0.135398801589221,0.840430289832194
"Leflore County","vap_aian","uss_18_dem_bar",0.516443560253095,0.190304927522114,0.159569710167806,0.864601198410779
"Leflore County","vap_oth_b","uss_18_rep_wic",0.556941911170957,0.168757092585168,0.221328871922362,0.850034022695933
"Leflore County","vap_oth_b","uss_18_dem_bar",0.443058088829043,0.168757092585168,0.149965977304067,0.778671128077637
"Leflore County","vap_white","pre_20_rep_tru",0.785763360741172,0.0589084394191665,0.652325995037754,0.87828170028372
"Leflore County","vap_white","pre_20_dem_bid",0.214236639258828,0.0589084394191665,0.12171829971628,0.347674004962246
"Leflore County","vap_black","pre_20_rep_tru",0.0703882495036885,0.019790391163115,0.0381712095975692,0.115167881491467
"Leflore County","vap_black","pre_20_dem_bid",0.929611750496311,0.019790391163115,0.884832118508533,0.961828790402431
"Leflore County","vap_hisp","pre_20_rep_tru",0.392025530775605,0.148211343247646,0.127390792358187,0.689843624314304
"Leflore County","vap_hisp","pre_20_dem_bid",0.607974469224395,0.148211343247646,0.310156375685696,0.872609207641813
"Leflore County","vap_asian","pre_20_rep_tru",0.505996952922037,0.196189809213601,0.147229890674354,0.870245199148612
"Leflore County","vap_asian","pre_20_dem_bid",0.494003047077963,0.196189809213601,0.129754800851388,0.852770109325646
"Leflore County","vap_aian","pre_20_rep_tru",0.493361669255867,0.183253107839386,0.150902946823552,0.844214444421203
"Leflore County","vap_aian","pre_20_dem_bid",0.506638330744133,0.183253107839386,0.155785555578797,0.849097053176448
"Leflore County","vap_oth_b","pre_20_rep_tru",0.475206073654092,0.161683527234491,0.176112986321078,0.791438534128314
"Leflore County","vap_oth_b","pre_20_dem_bid",0.524793926345908,0.161683527234491,0.208561465871686,0.823887013678922
"Leflore County","vap_white","uss_20_rep_hyd",0.75937023056236,0.0571925539590231,0.628689369560359,0.850479430134667
"Leflore County","vap_white","uss_20_dem_esp",0.24062976943764,0.0571925539590231,0.149520569865333,0.371310630439641
"Leflore County","vap_black","uss_20_rep_hyd",0.0510461596192445,0.0184372810625501,0.0223321785670678,0.0940915376808456
"Leflore County","vap_black","uss_20_dem_esp",0.948953840380756,0.0184372810625501,0.905908462319154,0.977667821432932
"Leflore County","vap_hisp","uss_20_rep_hyd",0.377748301737122,0.146338108380291,0.125430532691374,0.681802435528678
"Leflore County","vap_hisp","uss_20_dem_esp",0.622251698262878,0.146338108380291,0.318197564471322,0.874569467308626
"Leflore County","vap_asian","uss_20_rep_hyd",0.474119156008702,0.187505569494588,0.133010932561932,0.831459479657379
"Leflore County","vap_asian","uss_20_dem_esp",0.525880843991298,0.187505569494588,0.168540520342621,0.866989067438068
"Leflore County","vap_aian","uss_20_rep_hyd",0.496267147312135,0.193327643202438,0.130227171317463,0.863346294721334
"Leflore County","vap_aian","uss_20_dem_esp",0.503732852687865,0.193327643202438,0.136653705278666,0.869772828682537
"Leflore County","vap_oth_b","uss_20_rep_hyd",0.33261397325514,0.13671525442325,0.0973417778422796,0.614462435540579
"Leflore County","vap_oth_b","uss_20_dem_esp",0.66738602674486,0.13671525442325,0.385537564459421,0.90265822215772
"Lincoln County","vap_white","pre_16_rep_tru",0.971445735905979,0.00967786853928478,0.947448879475454,0.985969099866729
"Lincoln County","vap_white","pre_16_dem_cli",0.0285542640940207,0.00967786853928478,0.014030900133271,0.0525511205245462
"Lincoln County","vap_black","pre_16_rep_tru",0.0789384567841003,0.0197587546444015,0.0453842817420555,0.122751676475236
"Lincoln County","vap_black","pre_16_dem_cli",0.9210615432159,0.0197587546444015,0.877248323524764,0.954615718257944
"Lincoln County","vap_hisp","pre_16_rep_tru",0.509842881993014,0.164300002348907,0.179890764256829,0.814008572683222
"Lincoln County","vap_hisp","pre_16_dem_cli",0.490157118006986,0.164300002348907,0.185991427316778,0.820109235743171
"Lincoln County","vap_asian","pre_16_rep_tru",0.514232953398313,0.184804072651232,0.175488326274115,0.873833707443339
"Lincoln County","vap_asian","pre_16_dem_cli",0.485767046601688,0.184804072651232,0.126166292556661,0.824511673725885
"Lincoln County","vap_aian","pre_16_rep_tru",0.498191694498825,0.175653642828574,0.165060313332788,0.83456699511868
"Lincoln County","vap_aian","pre_16_dem_cli",0.501808305501175,0.175653642828574,0.165433004881319,0.834939686667212
"Lincoln County","vap_oth_b","pre_16_rep_tru",0.298811249414523,0.162131702795821,0.05907718137939,0.642679018973617
"Lincoln County","vap_oth_b","pre_16_dem_cli",0.701188750585477,0.162131702795821,0.357320981026383,0.94092281862061
"Lincoln County","vap_white","uss_18_rep_wic",0.978641556115972,0.00643423691672439,0.964236517329566,0.989277207909266
"Lincoln County","vap_white","uss_18_dem_bar",0.0213584438840275,0.00643423691672439,0.0107227920907338,0.0357634826704342
"Lincoln County","vap_black","uss_18_rep_wic",0.073154424902643,0.0173591196559962,0.0432371420761629,0.110211594217025
"Lincoln County","vap_black","uss_18_dem_bar",0.926845575097357,0.0173591196559962,0.889788405782975,0.956762857923837
"Lincoln County","vap_hisp","uss_18_rep_wic",0.566091995010758,0.160893861337503,0.243273272607238,0.85592893233064
"Lincoln County","vap_hisp","uss_18_dem_bar",0.433908004989242,0.160893861337503,0.14407106766936,0.756726727392762
"Lincoln County","vap_asian","uss_18_rep_wic",0.522224136798346,0.18562794514266,0.173681470447695,0.882399094618427
"Lincoln County","vap_asian","uss_18_dem_bar",0.477775863201654,0.18562794514266,0.117600905381572,0.826318529552305
"Lincoln County","vap_aian","uss_18_rep_wic",0.518346063797564,0.173881103452252,0.18117348440109,0.832586299676451
"Lincoln County","vap_aian","uss_18_dem_bar",0.481653936202436,0.173881103452252,0.167413700323549,0.81882651559891
"Lincoln County","vap_oth_b","uss_18_rep_wic",0.481626191768458,0.149771681459897,0.20604366407831,0.780348585544458
"Lincoln County","vap_oth_b","uss_18_dem_bar",0.518373808231542,0.149771681459897,0.219651414455541,0.79395633592169
"Lincoln County","vap_white","pre_20_rep_tru",0.97364381676619,0.00748801096116977,0.956223079889503,0.985912751394867
"Lincoln County","vap_white","pre_20_dem_bid",0.0263561832338096,0.00748801096116977,0.0140872486051333,0.0437769201104969
"Lincoln County","vap_black","pre_20_rep_tru",0.0417044866498018,0.0146093959423431,0.0188370910144505,0.0754558054322778
"Lincoln County","vap_black","pre_20_dem_bid",0.958295513350198,0.0146093959423431,0.924544194567722,0.98116290898555
"Lincoln County","vap_hisp","pre_20_rep_tru",0.505225275284461,0.155534845540263,0.200301562092629,0.795574077736396
"Lincoln County","vap_hisp","pre_20_dem_bid",0.494774724715539,0.155534845540263,0.204425922263604,0.799698437907371
"Lincoln County","vap_asian","pre_20_rep_tru",0.415578136869176,0.165152275802293,0.125524507745156,0.752505026312199
"Lincoln County","vap_asian","pre_20_dem_bid",0.584421863130824,0.165152275802293,0.247494973687801,0.874475492254844
"Lincoln County","vap_aian","pre_20_rep_tru",0.511663116763463,0.165169887073437,0.198894795802308,0.828181365716947
"Lincoln County","vap_aian","pre_20_dem_bid",0.488336883236537,0.165169887073437,0.171818634283053,0.801105204197692
"Lincoln County","vap_oth_b","pre_20_rep_tru",0.374228797042554,0.133835259598533,0.139033582453567,0.659595240861652
"Lincoln County","vap_oth_b","pre_20_dem_bid",0.625771202957445,0.133835259598533,0.340404759138348,0.860966417546433
"Lincoln County","vap_white","uss_20_rep_hyd",0.971189905558317,0.00709625715848945,0.954482970464685,0.982502486191776
"Lincoln County","vap_white","uss_20_dem_esp",0.0288100944416828,0.00709625715848945,0.0174975138082237,0.0455170295353153
"Lincoln County","vap_black","uss_20_rep_hyd",0.028923684726893,0.0118257905808181,0.0115256364239405,0.0578801796911821
"Lincoln County","vap_black","uss_20_dem_esp",0.971076315273107,0.0118257905808181,0.942119820308818,0.988474363576059
"Lincoln County","vap_hisp","uss_20_rep_hyd",0.42123731538494,0.162198612572012,0.121928524881555,0.734973591164189
"Lincoln County","vap_hisp","uss_20_dem_esp",0.57876268461506,0.162198612572012,0.265026408835811,0.878071475118445
"Lincoln County","vap_asian","uss_20_rep_hyd",0.392119528822332,0.163472639062814,0.12608890191254,0.742628949572147
"Lincoln County","vap_asian","uss_20_dem_esp",0.607880471177668,0.163472639062814,0.257371050427852,0.87391109808746
"Lincoln County","vap_aian","uss_20_rep_hyd",0.471395635147594,0.17018391543903,0.141349142139149,0.795915657450342
"Lincoln County","vap_aian","uss_20_dem_esp",0.528604364852406,0.17018391543903,0.204084342549658,0.858650857860851
"Lincoln County","vap_oth_b","uss_20_rep_hyd",0.264843828825211,0.118985424685659,0.071443616721273,0.52974112774613
"Lincoln County","vap_oth_b","uss_20_dem_esp",0.735156171174789,0.118985424685659,0.47025887225387,0.928556383278727
"Lowndes County","vap_white","pre_16_rep_tru",0.852638054214335,0.0236570232803869,0.798697993210896,0.890910079243991
"Lowndes County","vap_white","pre_16_dem_cli",0.147361945785665,0.0236570232803869,0.109089920756009,0.201302006789104
"Lowndes County","vap_black","pre_16_rep_tru",0.0542261338167389,0.0193086733757199,0.0249539932508531,0.0986323584761495
"Lowndes County","vap_black","pre_16_dem_cli",0.945773866183261,0.0193086733757199,0.901367641523851,0.975046006749147
"Lowndes County","vap_hisp","pre_16_rep_tru",0.447121358324576,0.167621128997816,0.15565361870372,0.787404800173105
"Lowndes County","vap_hisp","pre_16_dem_cli",0.552878641675424,0.167621128997816,0.212595199826895,0.84434638129628
"Lowndes County","vap_asian","pre_16_rep_tru",0.488371258269232,0.178586233681045,0.158879755021855,0.837358122718759
"Lowndes County","vap_asian","pre_16_dem_cli",0.511628741730768,0.178586233681045,0.162641877281241,0.841120244978145
"Lowndes County","vap_aian","pre_16_rep_tru",0.484125552874554,0.169535714769612,0.174864600703388,0.81403510196648
"Lowndes County","vap_aian","pre_16_dem_cli",0.515874447125446,0.169535714769612,0.18596489803352,0.825135399296612
"Lowndes County","vap_oth_b","pre_16_rep_tru",0.406340630814059,0.165017826032517,0.110481188193119,0.737214177394046
"Lowndes County","vap_oth_b","pre_16_dem_cli",0.593659369185941,0.165017826032517,0.262785822605954,0.889518811806881
"Lowndes County","vap_white","uss_18_rep_wic",0.888628619252431,0.0233323054466197,0.834336465808544,0.926698094757955
"Lowndes County","vap_white","uss_18_dem_bar",0.111371380747569,0.0233323054466197,0.0733019052420447,0.165663534191456
"Lowndes County","vap_black","uss_18_rep_wic",0.0551640960895559,0.0197309650239527,0.0263145847339776,0.103236832893082
"Lowndes County","vap_black","uss_18_dem_bar",0.944835903910444,0.0197309650239527,0.896763167106918,0.973685415266022
"Lowndes County","vap_hisp","uss_18_rep_wic",0.518117108300503,0.170603289872757,0.189682489489873,0.839634427359743
"Lowndes County","vap_hisp","uss_18_dem_bar",0.481882891699497,0.170603289872757,0.160365572640257,0.810317510510127
"Lowndes County","vap_asian","uss_18_rep_wic",0.527543453634837,0.193115870134597,0.170247533006653,0.909388591555453
"Lowndes County","vap_asian","uss_18_dem_bar",0.472456546365163,0.193115870134597,0.090611408444547,0.829752466993347
"Lowndes County","vap_aian","uss_18_rep_wic",0.490621847391888,0.188612317137621,0.117156784636643,0.835947733728778
"Lowndes County","vap_aian","uss_18_dem_bar",0.509378152608112,0.188612317137621,0.164052266271222,0.882843215363357
"Lowndes County","vap_oth_b","uss_18_rep_wic",0.527425680544373,0.164517844548057,0.219087783850881,0.834161397069115
"Lowndes County","vap_oth_b","uss_18_dem_bar",0.472574319455627,0.164517844548057,0.165838602930885,0.780912216149119
"Lowndes County","vap_white","pre_20_rep_tru",0.829190783162854,0.022697027276673,0.778210957140228,0.868379297110564
"Lowndes County","vap_white","pre_20_dem_bid",0.170809216837146,0.022697027276673,0.131620702889436,0.221789042859772
"Lowndes County","vap_black","pre_20_rep_tru",0.0412086309841159,0.017180489367692,0.0158117937918009,0.0839515228850939
"Lowndes County","vap_black","pre_20_dem_bid",0.958791369015884,0.017180489367692,0.916048477114906,0.984188206208199
"Lowndes County","vap_hisp","pre_20_rep_tru",0.442984162239537,0.170700569720808,0.142857629000886,0.783697096041013
"Lowndes County","vap_hisp","pre_20_dem_bid",0.557015837760463,0.170700569720808,0.216302903958987,0.857142370999114
"Lowndes County","vap_asian","pre_20_rep_tru",0.461286603628095,0.181211423461878,0.137849021332744,0.82193646695731
"Lowndes County","vap_asian","pre_20_dem_bid",0.538713396371905,0.181211423461878,0.17806353304269,0.862150978667256
"Lowndes County","vap_aian","pre_20_rep_tru",0.511542644331859,0.163453931727656,0.201769233373837,0.825386136768361
"Lowndes County","vap_aian","pre_20_dem_bid",0.488457355668141,0.163453931727656,0.174613863231639,0.798230766626163
"Lowndes County","vap_oth_b","pre_20_rep_tru",0.446844965699493,0.164672031970746,0.154548388992127,0.771633492337444
"Lowndes County","vap_oth_b","pre_20_dem_bid",0.553155034300507,0.164672031970746,0.228366507662556,0.845451611007873
"Lowndes County","vap_white","uss_20_rep_hyd",0.792365942721162,0.0239175527858245,0.737505273435092,0.831242469551045
"Lowndes County","vap_white","uss_20_dem_esp",0.207634057278838,0.0239175527858245,0.168757530448955,0.262494726564908
"Lowndes County","vap_black","uss_20_rep_hyd",0.0290063415024635,0.017242461787693,0.00588336224593415,0.0717033419842541
"Lowndes County","vap_black","uss_20_dem_esp",0.970993658497537,0.017242461787693,0.928296658015746,0.994116637754066
"Lowndes County","vap_hisp","uss_20_rep_hyd",0.417396455272992,0.165309704586756,0.120821988245726,0.746090825447374
"Lowndes County","vap_hisp","uss_20_dem_esp",0.582603544727008,0.165309704586756,0.253909174552625,0.879178011754274
"Lowndes County","vap_asian","uss_20_rep_hyd",0.493042024003631,0.174969039851535,0.171654840320583,0.829910396925694
"Lowndes County","vap_asian","uss_20_dem_esp",0.506957975996369,0.174969039851535,0.170089603074305,0.828345159679417
"Lowndes County","vap_aian","uss_20_rep_hyd",0.499049511966233,0.176215620928297,0.176140082813022,0.84108274017005
"Lowndes County","vap_aian","uss_20_dem_esp",0.500950488033767,0.176215620928297,0.15891725982995,0.823859917186978
"Lowndes County","vap_oth_b","uss_20_rep_hyd",0.411959467142962,0.165625714084628,0.129564366768091,0.757202439144558
"Lowndes County","vap_oth_b","uss_20_dem_esp",0.588040532857038,0.165625714084628,0.242797560855442,0.870435633231909
"Madison County","vap_white","pre_16_rep_tru",0.888481458436412,0.0127454145892482,0.860175089227248,0.910270079143397
"Madison County","vap_white","pre_16_dem_cli",0.111518541563588,0.0127454145892482,0.0897299208566032,0.139824910772752
"Madison County","vap_black","pre_16_rep_tru",0.0631367758248167,0.0143260402377777,0.0394847836031911,0.0963429802616955
"Madison County","vap_black","pre_16_dem_cli",0.936863224175183,0.0143260402377777,0.903657019738304,0.960515216396809
"Madison County","vap_hisp","pre_16_rep_tru",0.169629828056716,0.0680499933207865,0.0580856825805732,0.318629087012767
"Madison County","vap_hisp","pre_16_dem_cli",0.830370171943284,0.0680499933207865,0.681370912987233,0.941914317419426
"Madison County","vap_asian","pre_16_rep_tru",0.384610495044358,0.130668183190243,0.136909111713458,0.647118308033755
"Madison County","vap_asian","pre_16_dem_cli",0.615389504955642,0.130668183190243,0.352881691966244,0.863090888286541
"Madison County","vap_aian","pre_16_rep_tru",0.243469538454218,0.112918018371898,0.0720768501773129,0.494984435158311
"Madison County","vap_aian","pre_16_dem_cli",0.756530461545782,0.112918018371898,0.505015564841689,0.927923149822687
"Madison County","vap_oth_b","pre_16_rep_tru",0.270449223928153,0.109658175285269,0.0955326494665284,0.513962780630114
"Madison County","vap_oth_b","pre_16_dem_cli",0.729550776071847,0.109658175285269,0.486037219369886,0.904467350533472
"Madison County","vap_white","uss_18_rep_wic",0.886207708761,0.0127392685185733,0.85930637792169,0.908642341341154
"Madison County","vap_white","uss_18_dem_bar",0.113792291239,0.0127392685185733,0.0913576586588462,0.14069362207831
"Madison County","vap_black","uss_18_rep_wic",0.0630911012265041,0.0139498328378592,0.0389661859551367,0.0928772330722655
"Madison County","vap_black","uss_18_dem_bar",0.936908898773496,0.0139498328378592,0.907122766927734,0.961033814044863
"Madison County","vap_hisp","uss_18_rep_wic",0.191382320756249,0.108428637131781,0.0393708217900943,0.430575692687983
"Madison County","vap_hisp","uss_18_dem_bar",0.80861767924375,0.108428637131781,0.569424307312017,0.960629178209906
"Madison County","vap_asian","uss_18_rep_wic",0.416802898440956,0.136090708961747,0.16704350495443,0.695399287850507
"Madison County","vap_asian","uss_18_dem_bar",0.583197101559044,0.136090708961747,0.304600712149493,0.83295649504557
"Madison County","vap_aian","uss_18_rep_wic",0.354954865643689,0.163248926032479,0.0992620081585237,0.722754080866596
"Madison County","vap_aian","uss_18_dem_bar",0.645045134356311,0.163248926032479,0.277245919133404,0.900737991841476
"Madison County","vap_oth_b","uss_18_rep_wic",0.445800618116299,0.172357428026467,0.121382621421665,0.771047389584127
"Madison County","vap_oth_b","uss_18_dem_bar",0.554199381883701,0.172357428026467,0.228952610415873,0.878617378578335
"Madison County","vap_white","pre_20_rep_tru",0.855834664585715,0.0138928947663018,0.824133288780286,0.878794311870636
"Madison County","vap_white","pre_20_dem_bid",0.144165335414285,0.0138928947663018,0.121205688129364,0.175866711219714
"Madison County","vap_black","pre_20_rep_tru",0.0429030954080712,0.0141865590336381,0.0211957094484649,0.0766390314419424
"Madison County","vap_black","pre_20_dem_bid",0.957096904591929,0.0141865590336381,0.923360968558058,0.978804290551535
"Madison County","vap_hisp","pre_20_rep_tru",0.155535810413829,0.063330923232159,0.0576117855401534,0.299405461681274
"Madison County","vap_hisp","pre_20_dem_bid",0.844464189586171,0.063330923232159,0.700594538318726,0.942388214459847
"Madison County","vap_asian","pre_20_rep_tru",0.321758192889206,0.117649432703673,0.116064848379261,0.573538841576238
"Madison County","vap_asian","pre_20_dem_bid",0.678241807110794,0.117649432703673,0.426461158423762,0.883935151620739
"Madison County","vap_aian","pre_20_rep_tru",0.333997355925108,0.154767000490638,0.100085578593899,0.699832134616445
"Madison County","vap_aian","pre_20_dem_bid",0.666002644074892,0.154767000490638,0.300167865383555,0.899914421406101
"Madison County","vap_oth_b","pre_20_rep_tru",0.357988796032047,0.128949496612654,0.140364485913867,0.63242363083001
"Madison County","vap_oth_b","pre_20_dem_bid",0.642011203967953,0.128949496612654,0.36757636916999,0.859635514086133
"Madison County","vap_white","uss_20_rep_hyd",0.835837727788593,0.0127993143381137,0.808309572538518,0.857727746375986
"Madison County","vap_white","uss_20_dem_esp",0.164162272211407,0.0127993143381137,0.142272253624014,0.191690427461482
"Madison County","vap_black","uss_20_rep_hyd",0.0334360183031123,0.0126865898219923,0.0144045102448073,0.0642153285504662
"Madison County","vap_black","uss_20_dem_esp",0.966563981696888,0.0126865898219923,0.935784671449534,0.985595489755193
"Madison County","vap_hisp","uss_20_rep_hyd",0.126975842314933,0.0606077753368877,0.0399274230720983,0.270652469432205
"Madison County","vap_hisp","uss_20_dem_esp",0.873024157685067,0.0606077753368877,0.729347530567795,0.960072576927902
"Madison County","vap_asian","uss_20_rep_hyd",0.297738621380201,0.120853127930821,0.1048371494032,0.559456660192549
"Madison County","vap_asian","uss_20_dem_esp",0.702261378619799,0.120853127930821,0.440543339807451,0.8951628505968
"Madison County","vap_aian","uss_20_rep_hyd",0.319153387878999,0.148443535166296,0.083759570827765,0.659977513727547
"Madison County","vap_aian","uss_20_dem_esp",0.680846612121001,0.148443535166296,0.340022486272453,0.916240429172235
"Madison County","vap_oth_b","uss_20_rep_hyd",0.292766747104037,0.116085731727021,0.105846648224656,0.54563345318998
"Madison County","vap_oth_b","uss_20_dem_esp",0.707233252895963,0.116085731727021,0.45436654681002,0.894153351775344
"Marion County","vap_white","pre_16_rep_tru",0.94805376795577,0.0138732068574873,0.912616442895867,0.968279026662154
"Marion County","vap_white","pre_16_dem_cli",0.0519462320442298,0.0138732068574873,0.0317209733378458,0.0873835571041333
"Marion County","vap_black","pre_16_rep_tru",0.0573963437765584,0.0271911144706634,0.0218639450615866,0.130817868490996
"Marion County","vap_black","pre_16_dem_cli",0.942603656223442,0.0271911144706634,0.869182131509004,0.978136054938413
"Marion County","vap_hisp","pre_16_rep_tru",0.446614246202306,0.162409128797067,0.160278876967792,0.76721437443085
"Marion County","vap_hisp","pre_16_dem_cli",0.553385753797694,0.162409128797067,0.232785625569151,0.839721123032208
"Marion County","vap_asian","pre_16_rep_tru",0.544733850130384,0.174624567151756,0.20539365395228,0.858763166810933
"Marion County","vap_asian","pre_16_dem_cli",0.455266149869616,0.174624567151756,0.141236833189067,0.79460634604772
"Marion County","vap_aian","pre_16_rep_tru",0.475920468707359,0.174178686452907,0.163085631650159,0.812387798412826
"Marion County","vap_aian","pre_16_dem_cli",0.524079531292641,0.174178686452907,0.187612201587174,0.836914368349841
"Marion County","vap_oth_b","pre_16_rep_tru",0.496579565550194,0.158449636253679,0.192835956356701,0.801288639152149
"Marion County","vap_oth_b","pre_16_dem_cli",0.503420434449806,0.158449636253679,0.19871136084785,0.807164043643298
"Marion County","vap_white","uss_18_rep_wic",0.952159271296516,0.0115572728044388,0.926342512183834,0.971213768829603
"Marion County","vap_white","uss_18_dem_bar",0.0478407287034846,0.0115572728044388,0.0287862311703973,0.0736574878161658
"Marion County","vap_black","uss_18_rep_wic",0.050143957853659,0.0201116706562891,0.0187332948297267,0.097554217671809
"Marion County","vap_black","uss_18_dem_bar",0.949856042146341,0.0201116706562891,0.902445782328191,0.981266705170273
"Marion County","vap_hisp","uss_18_rep_wic",0.465814448081307,0.167611964038338,0.155709061292431,0.787196098409531
"Marion County","vap_hisp","uss_18_dem_bar",0.534185551918693,0.167611964038338,0.212803901590469,0.844290938707569
"Marion County","vap_asian","uss_18_rep_wic",0.51026828294374,0.179651663820781,0.171044479547999,0.841470153599761
"Marion County","vap_asian","uss_18_dem_bar",0.48973171705626,0.179651663820781,0.158529846400239,0.828955520452
"Marion County","vap_aian","uss_18_rep_wic",0.515319077916458,0.17355710504987,0.194010421533975,0.843925019803993
"Marion County","vap_aian","uss_18_dem_bar",0.484680922083542,0.17355710504987,0.156074980196007,0.805989578466025
"Marion County","vap_oth_b","uss_18_rep_wic",0.464832420266104,0.162757387477104,0.176970137667027,0.781428698548086
"Marion County","vap_oth_b","uss_18_dem_bar",0.535167579733896,0.162757387477104,0.218571301451914,0.823029862332973
"Marion County","vap_white","pre_20_rep_tru",0.971705934128325,0.0106728401394182,0.944717472429474,0.988166687979519
"Marion County","vap_white","pre_20_dem_bid",0.0282940658716748,0.0106728401394182,0.011833312020481,0.0552825275705258
"Marion County","vap_black","pre_20_rep_tru",0.0489382309435087,0.0207587644765805,0.0181873544744361,0.101715980919756
"Marion County","vap_black","pre_20_dem_bid",0.951061769056491,0.0207587644765805,0.898284019080244,0.981812645525564
"Marion County","vap_hisp","pre_20_rep_tru",0.41371165680768,0.168212568242846,0.126624494657391,0.74587212593265
"Marion County","vap_hisp","pre_20_dem_bid",0.58628834319232,0.168212568242846,0.25412787406735,0.873375505342609
"Marion County","vap_asian","pre_20_rep_tru",0.516966290100099,0.169649001301554,0.186892841635627,0.82969439717503
"Marion County","vap_asian","pre_20_dem_bid",0.483033709899901,0.169649001301554,0.17030560282497,0.813107158364373
"Marion County","vap_aian","pre_20_rep_tru",0.469436338090115,0.181073590054917,0.146036758833695,0.825195293887616
"Marion County","vap_aian","pre_20_dem_bid",0.530563661909885,0.181073590054917,0.174804706112384,0.853963241166305
"Marion County","vap_oth_b","pre_20_rep_tru",0.421473024349639,0.161208581270552,0.128860490583888,0.744411388640486
"Marion County","vap_oth_b","pre_20_dem_bid",0.578526975650361,0.161208581270552,0.255588611359514,0.871139509416112
"Marion County","vap_white","uss_20_rep_hyd",0.914394209096695,0.0147236344523819,0.881963754343258,0.939014864638142
"Marion County","vap_white","uss_20_dem_esp",0.0856057909033054,0.0147236344523819,0.0609851353618576,0.118036245656742
"Marion County","vap_black","uss_20_rep_hyd",0.0503361380888265,0.0242090020487835,0.0151707285838274,0.107888689572687
"Marion County","vap_black","uss_20_dem_esp",0.949663861911174,0.0242090020487835,0.892111310427313,0.984829271416173
"Marion County","vap_hisp","uss_20_rep_hyd",0.419824845242579,0.164517655812825,0.133386834347946,0.748199086956819
"Marion County","vap_hisp","uss_20_dem_esp",0.580175154757421,0.164517655812825,0.251800913043181,0.866613165652054
"Marion County","vap_asian","uss_20_rep_hyd",0.533138705840932,0.175915422339508,0.185925000945016,0.853421051802674
"Marion County","vap_asian","uss_20_dem_esp",0.466861294159067,0.175915422339508,0.146578948197326,0.814074999054983
"Marion County","vap_aian","uss_20_rep_hyd",0.474736322588891,0.170741997199592,0.164802066773458,0.806158562767964
"Marion County","vap_aian","uss_20_dem_esp",0.525263677411109,0.170741997199592,0.193841437232036,0.835197933226542
"Marion County","vap_oth_b","uss_20_rep_hyd",0.404466727796396,0.161778099686814,0.11929433259657,0.726422508364383
"Marion County","vap_oth_b","uss_20_dem_esp",0.595533272203604,0.161778099686814,0.273577491635617,0.88070566740343
"Marshall County","vap_white","pre_16_rep_tru",0.819542390204955,0.0252266852816234,0.76053839945635,0.859955188965772
"Marshall County","vap_white","pre_16_dem_cli",0.180457609795045,0.0252266852816234,0.140044811034228,0.23946160054365
"Marshall County","vap_black","pre_16_rep_tru",0.0484348865032426,0.0251001214295566,0.0153107293901312,0.111895371196307
"Marshall County","vap_black","pre_16_dem_cli",0.951565113496757,0.0251001214295566,0.888104628803693,0.984689270609869
"Marshall County","vap_hisp","pre_16_rep_tru",0.372680962523246,0.15305261371345,0.1186636594863,0.703304321757566
"Marshall County","vap_hisp","pre_16_dem_cli",0.627319037476754,0.15305261371345,0.296695678242434,0.8813363405137
"Marshall County","vap_asian","pre_16_rep_tru",0.489801942663358,0.178000680149367,0.165770984879769,0.833346468975551
"Marshall County","vap_asian","pre_16_dem_cli",0.510198057336642,0.178000680149367,0.166653531024449,0.834229015120231
"Marshall County","vap_aian","pre_16_rep_tru",0.495163966570175,0.172857965420732,0.175636829952272,0.824628008632942
"Marshall County","vap_aian","pre_16_dem_cli",0.504836033429825,0.172857965420732,0.175371991367058,0.824363170047728
"Marshall County","vap_oth_b","pre_16_rep_tru",0.42875862529214,0.165569249971148,0.147007745923194,0.778634650142882
"Marshall County","vap_oth_b","pre_16_dem_cli",0.57124137470786,0.165569249971148,0.221365349857118,0.852992254076806
"Marshall County","vap_white","uss_18_rep_wic",0.872309876842694,0.0285960642272363,0.80383689224636,0.918988301820105
"Marshall County","vap_white","uss_18_dem_bar",0.127690123157306,0.0285960642272363,0.0810116981798946,0.19616310775364
"Marshall County","vap_black","uss_18_rep_wic",0.0601807034057988,0.0279647243586327,0.0215918735016464,0.137749126674725
"Marshall County","vap_black","uss_18_dem_bar",0.939819296594201,0.0279647243586327,0.862250873325275,0.978408126498354
"Marshall County","vap_hisp","uss_18_rep_wic",0.427790600943078,0.21015892510831,0.11501077094361,0.908959988981215
"Marshall County","vap_hisp","uss_18_dem_bar",0.572209399056922,0.21015892510831,0.0910400110187849,0.88498922905639
"Marshall County","vap_asian","uss_18_rep_wic",0.489314925939969,0.184311219846883,0.147349736703407,0.839454674221917
"Marshall County","vap_asian","uss_18_dem_bar",0.510685074060031,0.184311219846883,0.160545325778083,0.852650263296593
"Marshall County","vap_aian","uss_18_rep_wic",0.479182018000308,0.190929269447792,0.098156974097202,0.818057965901664
"Marshall County","vap_aian","uss_18_dem_bar",0.520817981999692,0.190929269447792,0.181942034098336,0.901843025902798
"Marshall County","vap_oth_b","uss_18_rep_wic",0.472129240348054,0.16608709040486,0.175976193189661,0.795864306359715
"Marshall County","vap_oth_b","uss_18_dem_bar",0.527870759651946,0.16608709040486,0.204135693640285,0.824023806810339
"Marshall County","vap_white","pre_20_rep_tru",0.893050913048271,0.0193066070401792,0.850468978478525,0.926483406197013
"Marshall County","vap_white","pre_20_dem_bid",0.106949086951729,0.0193066070401792,0.0735165938029873,0.149531021521475
"Marshall County","vap_black","pre_20_rep_tru",0.0378663362707717,0.018082211912289,0.0127539352849809,0.0797454354126303
"Marshall County","vap_black","pre_20_dem_bid",0.962133663729228,0.018082211912289,0.92025456458737,0.987246064715019
"Marshall County","vap_hisp","pre_20_rep_tru",0.38554518042849,0.146103746799339,0.131324957349495,0.68913390376687
"Marshall County","vap_hisp","pre_20_dem_bid",0.61445481957151,0.146103746799339,0.31086609623313,0.868675042650505
"Marshall County","vap_asian","pre_20_rep_tru",0.488651821152314,0.194913466040648,0.0989343638774622,0.845934799768236
"Marshall County","vap_asian","pre_20_dem_bid",0.511348178847686,0.194913466040648,0.154065200231764,0.901065636122538
"Marshall County","vap_aian","pre_20_rep_tru",0.487191994415806,0.175258780488376,0.157375350231961,0.811954568910188
"Marshall County","vap_aian","pre_20_dem_bid",0.512808005584194,0.175258780488376,0.188045431089812,0.842624649768039
"Marshall County","vap_oth_b","pre_20_rep_tru",0.437986316205086,0.168956345517826,0.149246061555054,0.792673255611143
"Marshall County","vap_oth_b","pre_20_dem_bid",0.562013683794914,0.168956345517826,0.207326744388856,0.850753938444946
"Marshall County","vap_white","uss_20_rep_hyd",0.826300133533287,0.0231177936887248,0.77468334897067,0.86527425310931
"Marshall County","vap_white","uss_20_dem_esp",0.173699866466713,0.0231177936887248,0.13472574689069,0.22531665102933
"Marshall County","vap_black","uss_20_rep_hyd",0.0375897686358653,0.0207790925208151,0.00959003587423385,0.0877242827219083
"Marshall County","vap_black","uss_20_dem_esp",0.962410231364135,0.0207790925208151,0.912275717278092,0.990409964125766
"Marshall County","vap_hisp","uss_20_rep_hyd",0.391646222915833,0.163214689838397,0.0953638304211838,0.724805118716751
"Marshall County","vap_hisp","uss_20_dem_esp",0.608353777084167,0.163214689838397,0.275194881283249,0.904636169578816
"Marshall County","vap_asian","uss_20_rep_hyd",0.487598159463589,0.181113781792211,0.159425130702637,0.83148298261689
"Marshall County","vap_asian","uss_20_dem_esp",0.512401840536411,0.181113781792211,0.16851701738311,0.840574869297363
"Marshall County","vap_aian","uss_20_rep_hyd",0.46615256048241,0.18368339260678,0.107623054370807,0.80287831796078
"Marshall County","vap_aian","uss_20_dem_esp",0.53384743951759,0.18368339260678,0.19712168203922,0.892376945629193
"Marshall County","vap_oth_b","uss_20_rep_hyd",0.38807885768017,0.174399093864949,0.0909050735102475,0.735007425266717
"Marshall County","vap_oth_b","uss_20_dem_esp",0.61192114231983,0.174399093864949,0.264992574733283,0.909094926489752
"Monroe County","vap_white","pre_16_rep_tru",0.950966401582786,0.00826089889378224,0.933300108918907,0.965476588541751
"Monroe County","vap_white","pre_16_dem_cli",0.0490335984172137,0.00826089889378224,0.0345234114582486,0.0666998910810931
"Monroe County","vap_black","pre_16_rep_tru",0.0297528621474505,0.0137929523841335,0.00961412491136264,0.0633959665338866
"Monroe County","vap_black","pre_16_dem_cli",0.97024713785255,0.0137929523841335,0.936604033466113,0.990385875088637
"Monroe County","vap_hisp","pre_16_rep_tru",0.391663172294836,0.155879380542342,0.133458909014225,0.717386466385603
"Monroe County","vap_hisp","pre_16_dem_cli",0.608336827705164,0.155879380542342,0.282613533614397,0.866541090985774
"Monroe County","vap_asian","pre_16_rep_tru",0.504572875224217,0.177820542883059,0.171837344595169,0.8444278771083
"Monroe County","vap_asian","pre_16_dem_cli",0.495427124775783,0.177820542883059,0.1555721228917,0.828162655404831
"Monroe County","vap_aian","pre_16_rep_tru",0.483571958813763,0.178109992507699,0.156038400420415,0.817349278218094
"Monroe County","vap_aian","pre_16_dem_cli",0.516428041186237,0.178109992507699,0.182650721781906,0.843961599579585
"Monroe County","vap_oth_b","pre_16_rep_tru",0.287693165915733,0.128487659529046,0.0807247576490004,0.580462463939299
"Monroe County","vap_oth_b","pre_16_dem_cli",0.712306834084267,0.128487659529046,0.4195375360607,0.919275242351
"Monroe County","vap_white","uss_18_rep_wic",0.961823309784291,0.00877064607689232,0.942724685149643,0.977283403107987
"Monroe County","vap_white","uss_18_dem_bar",0.0381766902157091,0.00877064607689232,0.0227165968920128,0.0572753148503565
"Monroe County","vap_black","uss_18_rep_wic",0.0505114047149529,0.0159969604081223,0.0259614898148479,0.0874182141952495
"Monroe County","vap_black","uss_18_dem_bar",0.949488595285047,0.0159969604081223,0.91258178580475,0.974038510185152
"Monroe County","vap_hisp","uss_18_rep_wic",0.447050928843397,0.166875330091133,0.142480173616749,0.776616881553561
"Monroe County","vap_hisp","uss_18_dem_bar",0.552949071156603,0.166875330091133,0.223383118446439,0.857519826383251
"Monroe County","vap_asian","uss_18_rep_wic",0.498523537028892,0.167881226620767,0.183521760688688,0.827429977880322
"Monroe County","vap_asian","uss_18_dem_bar",0.501476462971108,0.167881226620767,0.172570022119678,0.816478239311312
"Monroe County","vap_aian","uss_18_rep_wic",0.489349171092537,0.186928566846447,0.120471247590209,0.820899912536036
"Monroe County","vap_aian","uss_18_dem_bar",0.510650828907463,0.186928566846447,0.179100087463964,0.879528752409791
"Monroe County","vap_oth_b","uss_18_rep_wic",0.380756397294789,0.152062366176712,0.116097218306352,0.693523192832374
"Monroe County","vap_oth_b","uss_18_dem_bar",0.619243602705211,0.152062366176712,0.306476807167626,0.883902781693648
"Monroe County","vap_white","pre_20_rep_tru",0.950068971547047,0.0086542318993001,0.930449581065744,0.964472055956595
"Monroe County","vap_white","pre_20_dem_bid",0.049931028452953,0.00865423189930009,0.035527944043405,0.0695504189342555
"Monroe County","vap_black","pre_20_rep_tru",0.0278767695877249,0.0143657916997869,0.0079848667162723,0.0634635558406308
"Monroe County","vap_black","pre_20_dem_bid",0.972123230412275,0.0143657916997869,0.936536444159369,0.992015133283728
"Monroe County","vap_hisp","pre_20_rep_tru",0.437706346405087,0.177341985356175,0.122134972647093,0.808952123325379
"Monroe County","vap_hisp","pre_20_dem_bid",0.562293653594913,0.177341985356175,0.191047876674621,0.877865027352908
"Monroe County","vap_asian","pre_20_rep_tru",0.499949054881363,0.179103787494044,0.165935458850573,0.843586115664799
"Monroe County","vap_asian","pre_20_dem_bid",0.500050945118637,0.179103787494044,0.156413884335201,0.834064541149427
"Monroe County","vap_aian","pre_20_rep_tru",0.497303904377166,0.181088859506452,0.1569973001325,0.829356626458507
"Monroe County","vap_aian","pre_20_dem_bid",0.502696095622834,0.181088859506452,0.170643373541493,0.8430026998675
"Monroe County","vap_oth_b","pre_20_rep_tru",0.342221192021577,0.139536610284607,0.116180866161294,0.656119151101223
"Monroe County","vap_oth_b","pre_20_dem_bid",0.657778807978423,0.139536610284607,0.343880848898777,0.883819133838706
"Monroe County","vap_white","uss_20_rep_hyd",0.903371694783142,0.0096596438366425,0.882567920775924,0.920881322938406
"Monroe County","vap_white","uss_20_dem_esp",0.0966283052168584,0.0096596438366425,0.0791186770615941,0.117432079224076
"Monroe County","vap_black","uss_20_rep_hyd",0.032336879348035,0.0147655969678231,0.0100286570411027,0.065937993354073
"Monroe County","vap_black","uss_20_dem_esp",0.967663120651965,0.0147655969678231,0.934062006645927,0.989971342958897
"Monroe County","vap_hisp","uss_20_rep_hyd",0.418186613525175,0.154062388790757,0.14352653553707,0.71942706267109
"Monroe County","vap_hisp","uss_20_dem_esp",0.581813386474825,0.154062388790757,0.28057293732891,0.85647346446293
"Monroe County","vap_asian","uss_20_rep_hyd",0.489669716093701,0.177825534509943,0.162637086286265,0.829607300594647
"Monroe County","vap_asian","uss_20_dem_esp",0.510330283906299,0.177825534509943,0.170392699405353,0.837362913713735
"Monroe County","vap_aian","uss_20_rep_hyd",0.488148971498451,0.175126475804533,0.155710326745595,0.810247880309826
"Monroe County","vap_aian","uss_20_dem_esp",0.511851028501549,0.175126475804533,0.189752119690174,0.844289673254405
"Monroe County","vap_oth_b","uss_20_rep_hyd",0.335404164519659,0.146157048732995,0.0992134936262932,0.653173182218363
"Monroe County","vap_oth_b","uss_20_dem_esp",0.664595835480341,0.146157048732995,0.346826817781638,0.900786506373707
"Montgomery County","vap_white","pre_16_rep_tru",0.912025468603557,0.0319431287797146,0.830139901769542,0.955574291279822
"Montgomery County","vap_white","pre_16_dem_cli",0.0879745313964428,0.0319431287797146,0.044425708720178,0.169860098230458
"Montgomery County","vap_black","pre_16_rep_tru",0.150236831670834,0.0450109391408672,0.0855882840622279,0.26430006191377
"Montgomery County","vap_black","pre_16_dem_cli",0.849763168329166,0.0450109391408672,0.73569993808623,0.914411715937772
"Montgomery County","vap_hisp","pre_16_rep_tru",0.526777901695606,0.176381964276919,0.183703733805872,0.852514966952182
"Montgomery County","vap_hisp","pre_16_dem_cli",0.473222098304394,0.176381964276919,0.147485033047818,0.816296266194128
"Montgomery County","vap_asian","pre_16_rep_tru",0.524290637884052,0.22714048309724,0.0834821476132441,0.929260788368594
"Montgomery County","vap_asian","pre_16_dem_cli",0.475709362115948,0.22714048309724,0.0707392116314063,0.916517852386756
"Montgomery County","vap_aian","pre_16_rep_tru",0.499684096973882,0.191879291848297,0.137379526620583,0.856917660686483
"Montgomery County","vap_aian","pre_16_dem_cli",0.500315903026118,0.191879291848297,0.143082339313517,0.862620473379417
"Montgomery County","vap_oth_b","pre_16_rep_tru",0.519145203824043,0.172520427883131,0.189696002381305,0.842915133731788
"Montgomery County","vap_oth_b","pre_16_dem_cli",0.480854796175957,0.172520427883131,0.157084866268212,0.810303997618695
"Montgomery County","vap_white","uss_18_rep_wic",0.929090609763606,0.0251653448342034,0.87101215083874,0.968026956591424
"Montgomery County","vap_white","uss_18_dem_bar",0.0709093902363944,0.0251653448342034,0.0319730434085766,0.12898784916126
"Montgomery County","vap_black","uss_18_rep_wic",0.180482994272154,0.039292525220846,0.11397945373838,0.267197281625605
"Montgomery County","vap_black","uss_18_dem_bar",0.819517005727846,0.039292525220846,0.732802718374395,0.88602054626162
"Montgomery County","vap_hisp","uss_18_rep_wic",0.563111419792457,0.179341472057512,0.195484347022174,0.880649704613269
"Montgomery County","vap_hisp","uss_18_dem_bar",0.436888580207543,0.179341472057512,0.119350295386731,0.804515652977826
"Montgomery County","vap_asian","uss_18_rep_wic",0.536520855702246,0.214040938929015,0.119890697454764,0.919566545723386
"Montgomery County","vap_asian","uss_18_dem_bar",0.463479144297754,0.214040938929015,0.0804334542766136,0.880109302545235
"Montgomery County","vap_aian","uss_18_rep_wic",0.520616744423995,0.196275876423933,0.147558294070231,0.874999718258408
"Montgomery County","vap_aian","uss_18_dem_bar",0.479383255576005,0.196275876423933,0.125000281741591,0.852441705929769
"Montgomery County","vap_oth_b","uss_18_rep_wic",0.546596526070711,0.174871852075775,0.207250563721868,0.857356344346743
"Montgomery County","vap_oth_b","uss_18_dem_bar",0.453403473929289,0.174871852075775,0.142643655653257,0.792749436278132
"Montgomery County","vap_white","pre_20_rep_tru",0.92809888625002,0.0280496700555067,0.861171405020844,0.970052958781236
"Montgomery County","vap_white","pre_20_dem_bid",0.0719011137499796,0.0280496700555067,0.0299470412187642,0.138828594979157
"Montgomery County","vap_black","pre_20_rep_tru",0.143941645822715,0.039752956969144,0.081708929549333,0.235376691390258
"Montgomery County","vap_black","pre_20_dem_bid",0.856058354177285,0.039752956969144,0.764623308609742,0.918291070450667
"Montgomery County","vap_hisp","pre_20_rep_tru",0.548970843075077,0.171697138030502,0.208943775015284,0.865756054844068
"Montgomery County","vap_hisp","pre_20_dem_bid",0.451029156924923,0.171697138030502,0.134243945155932,0.791056224984716
"Montgomery County","vap_asian","pre_20_rep_tru",0.527061775551479,0.217174791885036,0.109108245339603,0.912567866228791
"Montgomery County","vap_asian","pre_20_dem_bid",0.472938224448521,0.217174791885036,0.0874321337712087,0.890891754660396
"Montgomery County","vap_aian","pre_20_rep_tru",0.533089597818057,0.191952583155748,0.160428085577982,0.884008157967313
"Montgomery County","vap_aian","pre_20_dem_bid",0.466910402181943,0.191952583155748,0.115991842032687,0.839571914422018
"Montgomery County","vap_oth_b","pre_20_rep_tru",0.500128932275589,0.170620986210893,0.182504980302595,0.816629197393656
"Montgomery County","vap_oth_b","pre_20_dem_bid",0.499871067724411,0.170620986210893,0.183370802606344,0.817495019697405
"Montgomery County","vap_white","uss_20_rep_hyd",0.909123588069697,0.0268918603835618,0.845938686556595,0.94966455152624
"Montgomery County","vap_white","uss_20_dem_esp",0.0908764119303031,0.0268918603835618,0.0503354484737597,0.154061313443405
"Montgomery County","vap_black","uss_20_rep_hyd",0.10646321576234,0.0353792447093683,0.0546843425573505,0.190841134823655
"Montgomery County","vap_black","uss_20_dem_esp",0.89353678423766,0.0353792447093683,0.809158865176345,0.94531565744265
"Montgomery County","vap_hisp","uss_20_rep_hyd",0.497514923322047,0.175568763229089,0.166466709904973,0.835168810545909
"Montgomery County","vap_hisp","uss_20_dem_esp",0.502485076677954,0.175568763229089,0.164831189454091,0.833533290095027
"Montgomery County","vap_asian","uss_20_rep_hyd",0.50547425659033,0.221029008256372,0.0982282425630606,0.917199997934192
"Montgomery County","vap_asian","uss_20_dem_esp",0.49452574340967,0.221029008256372,0.0828000020658085,0.901771757436939
"Montgomery County","vap_aian","uss_20_rep_hyd",0.517430574461517,0.201674813107943,0.132259144182461,0.892857097294099
"Montgomery County","vap_aian","uss_20_dem_esp",0.482569425538483,0.201674813107943,0.107142902705901,0.867740855817538
"Montgomery County","vap_oth_b","uss_20_rep_hyd",0.496402403295003,0.175525366903348,0.163803420286035,0.82397585241415
"Montgomery County","vap_oth_b","uss_20_dem_esp",0.503597596704997,0.175525366903348,0.17602414758585,0.836196579713965
"Neshoba County","vap_white","pre_16_rep_tru",0.964318608100834,0.0106742074674931,0.939791069741163,0.981586315468162
"Neshoba County","vap_white","pre_16_dem_cli",0.035681391899166,0.0106742074674931,0.0184136845318379,0.0602089302588374
"Neshoba County","vap_black","pre_16_rep_tru",0.280249264570224,0.0483380716977075,0.198262832580169,0.388599663128115
"Neshoba County","vap_black","pre_16_dem_cli",0.719750735429776,0.0483380716977075,0.611400336871885,0.801737167419831
"Neshoba County","vap_hisp","pre_16_rep_tru",0.539458805375163,0.164142686513065,0.209591320329168,0.844121388628877
"Neshoba County","vap_hisp","pre_16_dem_cli",0.460541194624837,0.164142686513065,0.155878611371123,0.790408679670832
"Neshoba County","vap_asian","pre_16_rep_tru",0.454103899236152,0.198641248093547,0.0606825206460955,0.81081160738438
"Neshoba County","vap_asian","pre_16_dem_cli",0.545896100763848,0.198641248093547,0.18918839261562,0.939317479353904
"Neshoba County","vap_aian","pre_16_rep_tru",0.327961368045929,0.038661056229578,0.254722286447454,0.404952466336081
"Neshoba County","vap_aian","pre_16_dem_cli",0.672038631954072,0.038661056229578,0.595047533663919,0.745277713552546
"Neshoba County","vap_oth_b","pre_16_rep_tru",0.588102850002397,0.159275516370534,0.261625407344646,0.863103878348297
"Neshoba County","vap_oth_b","pre_16_dem_cli",0.411897149997603,0.159275516370534,0.136896121651703,0.738374592655354
"Neshoba County","vap_white","uss_18_rep_wic",0.963928723140643,0.0118578845080286,0.937775135941743,0.9830308459684
"Neshoba County","vap_white","uss_18_dem_bar",0.0360712768593567,0.0118578845080286,0.0169691540316002,0.0622248640582572
"Neshoba County","vap_black","uss_18_rep_wic",0.301697375728118,0.0501050498896359,0.217254790272131,0.411954480349371
"Neshoba County","vap_black","uss_18_dem_bar",0.698302624271882,0.0501050498896359,0.588045519650629,0.78274520972787
"Neshoba County","vap_hisp","uss_18_rep_wic",0.528864051429738,0.163102725199062,0.208458254283997,0.831766169673151
"Neshoba County","vap_hisp","uss_18_dem_bar",0.471135948570262,0.163102725199062,0.168233830326849,0.791541745716003
"Neshoba County","vap_asian","uss_18_rep_wic",0.520794616389104,0.185583182325133,0.157418287563432,0.865501298330226
"Neshoba County","vap_asian","uss_18_dem_bar",0.479205383610896,0.185583182325133,0.134498701669773,0.842581712436567
"Neshoba County","vap_aian","uss_18_rep_wic",0.384553639946969,0.042968130927204,0.302834675274027,0.469982523276958
"Neshoba County","vap_aian","uss_18_dem_bar",0.615446360053031,0.042968130927204,0.530017476723042,0.697165324725973
"Neshoba County","vap_oth_b","uss_18_rep_wic",0.535495785386524,0.164926716597998,0.200983009899968,0.827330788670337
"Neshoba County","vap_oth_b","uss_18_dem_bar",0.464504214613476,0.164926716597998,0.172669211329663,0.799016990100032
"Neshoba County","vap_white","pre_20_rep_tru",0.957966237216387,0.0112704750466794,0.932064513217581,0.97668641575526
"Neshoba County","vap_white","pre_20_dem_bid",0.0420337627836131,0.0112704750466794,0.0233135842447403,0.0679354867824191
"Neshoba County","vap_black","pre_20_rep_tru",0.224069086067886,0.0499446732204344,0.139851216703255,0.335754879028229
"Neshoba County","vap_black","pre_20_dem_bid",0.775930913932114,0.0499446732204344,0.664245120971771,0.860148783296744
"Neshoba County","vap_hisp","pre_20_rep_tru",0.477134613609795,0.173468606729799,0.149151368849916,0.806268978711911
"Neshoba County","vap_hisp","pre_20_dem_bid",0.522865386390205,0.173468606729799,0.193731021288089,0.850848631150084
"Neshoba County","vap_asian","pre_20_rep_tru",0.524564019218,0.168203031249605,0.181695187804028,0.826115004105449
"Neshoba County","vap_asian","pre_20_dem_bid",0.475435980782,0.168203031249605,0.173884995894551,0.818304812195972
"Neshoba County","vap_aian","pre_20_rep_tru",0.24867615246005,0.0350915562604493,0.181406431080615,0.318528358536322
"Neshoba County","vap_aian","pre_20_dem_bid",0.75132384753995,0.0350915562604493,0.681471641463679,0.818593568919385
"Neshoba County","vap_oth_b","pre_20_rep_tru",0.560881191117552,0.156217208112667,0.241394377830361,0.833301909150525
"Neshoba County","vap_oth_b","pre_20_dem_bid",0.439118808882448,0.156217208112667,0.166698090849475,0.758605622169639
"Neshoba County","vap_white","uss_20_rep_hyd",0.940140697051672,0.0131223719157212,0.908683571567167,0.961016548993894
"Neshoba County","vap_white","uss_20_dem_esp",0.0598593029483281,0.0131223719157212,0.0389834510061063,0.0913164284328328
"Neshoba County","vap_black","uss_20_rep_hyd",0.14357524338537,0.0517128919729767,0.0617719944562507,0.269274981695353
"Neshoba County","vap_black","uss_20_dem_esp",0.85642475661463,0.0517128919729767,0.730725018304647,0.938228005543749
"Neshoba County","vap_hisp","uss_20_rep_hyd",0.441915457976749,0.166841810905996,0.15509648204204,0.783728088159064
"Neshoba County","vap_hisp","uss_20_dem_esp",0.558084542023251,0.166841810905996,0.216271911840935,0.84490351795796
"Neshoba County","vap_asian","uss_20_rep_hyd",0.49591665377387,0.180399619525515,0.156340951189866,0.83438083408067
"Neshoba County","vap_asian","uss_20_dem_esp",0.50408334622613,0.180399619525515,0.165619165919329,0.843659048810134
"Neshoba County","vap_aian","uss_20_rep_hyd",0.220328514924079,0.0380840262022085,0.150733881114622,0.300406888746691
"Neshoba County","vap_aian","uss_20_dem_esp",0.779671485075921,0.0380840262022085,0.699593111253308,0.849266118885378
"Neshoba County","vap_oth_b","uss_20_rep_hyd",0.448887312364442,0.163438781374548,0.156740399492703,0.770418469103498
"Neshoba County","vap_oth_b","uss_20_dem_esp",0.551112687635558,0.163438781374548,0.229581530896502,0.843259600507297
"Newton County","vap_white","pre_16_rep_tru",0.977064493218925,0.0134013449641224,0.942651836746555,0.994644714305375
"Newton County","vap_white","pre_16_dem_cli",0.0229355067810755,0.0134013449641224,0.00535528569462509,0.0573481632534452
"Newton County","vap_black","pre_16_rep_tru",0.145230365486487,0.0377521877243238,0.0870841520020272,0.237606850434996
"Newton County","vap_black","pre_16_dem_cli",0.854769634513513,0.0377521877243238,0.762393149565004,0.912915847997973
"Newton County","vap_hisp","pre_16_rep_tru",0.582571733810415,0.159370057083771,0.255935610676683,0.864625526018629
"Newton County","vap_hisp","pre_16_dem_cli",0.417428266189585,0.159370057083771,0.135374473981371,0.744064389323317
"Newton County","vap_asian","pre_16_rep_tru",0.516930221582054,0.170255824792955,0.187253073151952,0.82959790570868
"Newton County","vap_asian","pre_16_dem_cli",0.483069778417946,0.170255824792955,0.17040209429132,0.812746926848048
"Newton County","vap_aian","pre_16_rep_tru",0.62786369477473,0.0848006131494425,0.482818503079784,0.832793685659667
"Newton County","vap_aian","pre_16_dem_cli",0.37213630522527,0.0848006131494425,0.167206314340333,0.517181496920216
"Newton County","vap_oth_b","pre_16_rep_tru",0.555000665939668,0.160684873352489,0.228365885681788,0.844674021770438
"Newton County","vap_oth_b","pre_16_dem_cli",0.444999334060332,0.160684873352489,0.155325978229562,0.771634114318212
"Newton County","vap_white","uss_18_rep_wic",0.977697124707376,0.0125819045624587,0.948409636942124,0.994980833126276
"Newton County","vap_white","uss_18_dem_bar",0.0223028752926236,0.0125819045624587,0.00501916687372366,0.0515903630578762
"Newton County","vap_black","uss_18_rep_wic",0.170382917404314,0.0360671651132912,0.110129199646871,0.252905419423773
"Newton County","vap_black","uss_18_dem_bar",0.829617082595686,0.0360671651132912,0.747094580576227,0.889870800353129
"Newton County","vap_hisp","uss_18_rep_wic",0.536277464281905,0.168785617336602,0.200115690741886,0.851750489647242
"Newton County","vap_hisp","uss_18_dem_bar",0.463722535718095,0.168785617336602,0.148249510352758,0.799884309258114
"Newton County","vap_asian","uss_18_rep_wic",0.522048026237856,0.167626482935082,0.195325590412406,0.827111948430269
"Newton County","vap_asian","uss_18_dem_bar",0.477951973762144,0.167626482935082,0.172888051569731,0.804674409587594
"Newton County","vap_aian","uss_18_rep_wic",0.688487470335879,0.0810757712670247,0.544566687383059,0.880553370678901
"Newton County","vap_aian","uss_18_dem_bar",0.311512529664121,0.0810757712670247,0.119446629321099,0.455433312616941
"Newton County","vap_oth_b","uss_18_rep_wic",0.532297451024931,0.166529043431747,0.207778165831516,0.83372010865857
"Newton County","vap_oth_b","uss_18_dem_bar",0.467702548975069,0.166529043431747,0.16627989134143,0.792221834168484
"Newton County","vap_white","pre_20_rep_tru",0.974106910792874,0.0122824972824044,0.944787279297245,0.991709889931084
"Newton County","vap_white","pre_20_dem_bid",0.0258930892071258,0.0122824972824044,0.00829011006891633,0.0552127207027549
"Newton County","vap_black","pre_20_rep_tru",0.116322183474562,0.031000349746988,0.064153450901414,0.182993991160243
"Newton County","vap_black","pre_20_dem_bid",0.883677816525438,0.031000349746988,0.817006008839757,0.935846549098586
"Newton County","vap_hisp","pre_20_rep_tru",0.509296350226775,0.172132504938076,0.150601664185673,0.822563174754485
"Newton County","vap_hisp","pre_20_dem_bid",0.490703649773225,0.172132504938076,0.177436825245515,0.849398335814327
"Newton County","vap_asian","pre_20_rep_tru",0.524436693397732,0.17628074532382,0.183100470931905,0.850208393220096
"Newton County","vap_asian","pre_20_dem_bid",0.475563306602268,0.17628074532382,0.149791606779903,0.816899529068095
"Newton County","vap_aian","pre_20_rep_tru",0.615266695843713,0.0825180688247235,0.476094313194621,0.829032124580631
"Newton County","vap_aian","pre_20_dem_bid",0.384733304156287,0.0825180688247235,0.170967875419369,0.523905686805378
"Newton County","vap_oth_b","pre_20_rep_tru",0.52430508898159,0.178413878664787,0.187653782721902,0.850987245004323
"Newton County","vap_oth_b","pre_20_dem_bid",0.47569491101841,0.178413878664787,0.149012754995677,0.812346217278098
"Newton County","vap_white","uss_20_rep_hyd",0.962793322537547,0.0150259750724019,0.925768156662343,0.984394883950183
"Newton County","vap_white","uss_20_dem_esp",0.0372066774624535,0.0150259750724019,0.0156051160498172,0.0742318433376574
"Newton County","vap_black","uss_20_rep_hyd",0.0822947402590016,0.0324550500083203,0.0385615797967534,0.163108888531315
"Newton County","vap_black","uss_20_dem_esp",0.917705259740998,0.0324550500083203,0.836891111468685,0.961438420203247
"Newton County","vap_hisp","uss_20_rep_hyd",0.42500604468304,0.167778831879614,0.124169090837763,0.760557620745916
"Newton County","vap_hisp","uss_20_dem_esp",0.57499395531696,0.167778831879614,0.239442379254084,0.875830909162237
"Newton County","vap_asian","uss_20_rep_hyd",0.502396988338823,0.172442469655517,0.171075763716963,0.818377615077928
"Newton County","vap_asian","uss_20_dem_esp",0.497603011661177,0.172442469655517,0.181622384922072,0.828924236283037
"Newton County","vap_aian","uss_20_rep_hyd",0.582630428781286,0.0930525758378191,0.431937599398325,0.822750935214867
"Newton County","vap_aian","uss_20_dem_esp",0.417369571218714,0.0930525758378191,0.177249064785133,0.568062400601675
"Newton County","vap_oth_b","uss_20_rep_hyd",0.419769530958252,0.167747178038429,0.13606560488812,0.7730277217018
"Newton County","vap_oth_b","uss_20_dem_esp",0.580230469041748,0.167747178038429,0.2269722782982,0.86393439511188
"Noxubee County","vap_white","pre_16_rep_tru",0.669860075130819,0.0720598827051944,0.502338599427622,0.781030137165075
"Noxubee County","vap_white","pre_16_dem_cli",0.330139924869181,0.0720598827051944,0.218969862834925,0.497661400572378
"Noxubee County","vap_black","pre_16_rep_tru",0.0697885033943936,0.0379062156829515,0.0144972565166213,0.161700133527003
"Noxubee County","vap_black","pre_16_dem_cli",0.930211496605606,0.0379062156829515,0.838299866472997,0.985502743483379
"Noxubee County","vap_hisp","pre_16_rep_tru",0.497185820160373,0.187112799784659,0.143884087741775,0.852645137219298
"Noxubee County","vap_hisp","pre_16_dem_cli",0.502814179839626,0.187112799784659,0.147354862780701,0.856115912258224
"Noxubee County","vap_asian","pre_16_rep_tru",0.492036430260152,0.223458003299891,0.084122284670325,0.915130966892168
"Noxubee County","vap_asian","pre_16_dem_cli",0.507963569739848,0.223458003299891,0.084869033107832,0.915877715329675
"Noxubee County","vap_aian","pre_16_rep_tru",0.507945539508381,0.218785738248647,0.102032382703923,0.912514861566822
"Noxubee County","vap_aian","pre_16_dem_cli",0.492054460491619,0.218785738248647,0.0874851384331776,0.897967617296077
"Noxubee County","vap_oth_b","pre_16_rep_tru",0.480631458160123,0.187489105132923,0.135098955697978,0.84746347441507
"Noxubee County","vap_oth_b","pre_16_dem_cli",0.519368541839877,0.187489105132923,0.15253652558493,0.864901044302022
"Noxubee County","vap_white","uss_18_rep_wic",0.801226723219193,0.0883081054292503,0.575743649255822,0.924028133016422
"Noxubee County","vap_white","uss_18_dem_bar",0.198773276780807,0.0883081054292503,0.0759718669835783,0.424256350744178
"Noxubee County","vap_black","uss_18_rep_wic",0.0877549134570045,0.0481918083523044,0.0221974637140927,0.21164043735803
"Noxubee County","vap_black","uss_18_dem_bar",0.912245086542995,0.0481918083523044,0.78835956264197,0.977802536285907
"Noxubee County","vap_hisp","uss_18_rep_wic",0.497948778119351,0.185344988232979,0.166341943072124,0.872803047875288
"Noxubee County","vap_hisp","uss_18_dem_bar",0.502051221880649,0.185344988232979,0.127196952124712,0.833658056927876
"Noxubee County","vap_asian","uss_18_rep_wic",0.489744257564974,0.227167428698981,0.0727743397609449,0.911442251171615
"Noxubee County","vap_asian","uss_18_dem_bar",0.510255742435026,0.227167428698981,0.0885577488283852,0.927225660239055
"Noxubee County","vap_aian","uss_18_rep_wic",0.505688288793775,0.22271073358278,0.0889394454429311,0.912578256381576
"Noxubee County","vap_aian","uss_18_dem_bar",0.494311711206225,0.22271073358278,0.087421743618424,0.911060554557069
"Noxubee County","vap_oth_b","uss_18_rep_wic",0.526166279488374,0.189443118362132,0.171828988525986,0.88346203494645
"Noxubee County","vap_oth_b","uss_18_dem_bar",0.473833720511626,0.189443118362132,0.116537965053549,0.828171011474013
"Noxubee County","vap_white","pre_20_rep_tru",0.711013073204614,0.0735306599916238,0.542150937423709,0.828059894155402
"Noxubee County","vap_white","pre_20_dem_bid",0.288986926795386,0.0735306599916238,0.171940105844598,0.457849062576291
"Noxubee County","vap_black","pre_20_rep_tru",0.0798017348456506,0.0393159696963726,0.0193901745789355,0.169304385693086
"Noxubee County","vap_black","pre_20_dem_bid",0.920198265154349,0.0393159696963726,0.830695614306914,0.980609825421064
"Noxubee County","vap_hisp","pre_20_rep_tru",0.500354829113442,0.185179733388309,0.151234128881987,0.84991789890213
"Noxubee County","vap_hisp","pre_20_dem_bid",0.499645170886558,0.185179733388309,0.15008210109787,0.848765871118013
"Noxubee County","vap_asian","pre_20_rep_tru",0.499915874351463,0.224613946766644,0.0871932289783656,0.917006341506696
"Noxubee County","vap_asian","pre_20_dem_bid",0.500084125648537,0.224613946766644,0.0829936584933038,0.912806771021634
"Noxubee County","vap_aian","pre_20_rep_tru",0.511866479203839,0.223222667290338,0.0885195029314193,0.923796669846278
"Noxubee County","vap_aian","pre_20_dem_bid",0.488133520796161,0.223222667290338,0.0762033301537217,0.911480497068581
"Noxubee County","vap_oth_b","pre_20_rep_tru",0.46456392738712,0.186432719515035,0.12899943918502,0.832646569471935
"Noxubee County","vap_oth_b","pre_20_dem_bid",0.53543607261288,0.186432719515035,0.167353430528065,0.87100056081498
"Noxubee County","vap_white","uss_20_rep_hyd",0.668468631283738,0.0822435689254648,0.480262940718375,0.79440361741257
"Noxubee County","vap_white","uss_20_dem_esp",0.331531368716262,0.0822435689254648,0.20559638258743,0.519737059281625
"Noxubee County","vap_black","uss_20_rep_hyd",0.0810063479301942,0.0432180647470407,0.0166677359492926,0.180863603342091
"Noxubee County","vap_black","uss_20_dem_esp",0.918993652069806,0.0432180647470407,0.819136396657909,0.983332264050707
"Noxubee County","vap_hisp","uss_20_rep_hyd",0.489223938766311,0.187965991478733,0.132036240718924,0.837995787363608
"Noxubee County","vap_hisp","uss_20_dem_esp",0.510776061233689,0.187965991478733,0.162004212636391,0.867963759281076
"Noxubee County","vap_asian","uss_20_rep_hyd",0.507632350563696,0.228513812630342,0.0852979471468027,0.931022366880401
"Noxubee County","vap_asian","uss_20_dem_esp",0.492367649436304,0.228513812630342,0.0689776331195988,0.914702052853197
"Noxubee County","vap_aian","uss_20_rep_hyd",0.504431669701763,0.213209641680852,0.106342727726408,0.896976781123253
"Noxubee County","vap_aian","uss_20_dem_esp",0.495568330298237,0.213209641680852,0.103023218876747,0.893657272273592
"Noxubee County","vap_oth_b","uss_20_rep_hyd",0.468137228024083,0.188792482032622,0.138032495937497,0.844412972318986
"Noxubee County","vap_oth_b","uss_20_dem_esp",0.531862771975917,0.188792482032622,0.155587027681014,0.861967504062502
"Oktibbeha County","vap_white","pre_16_rep_tru",0.768336110702257,0.0308057387084434,0.69851396995189,0.81684507523739
"Oktibbeha County","vap_white","pre_16_dem_cli",0.231663889297743,0.0308057387084434,0.183154924762609,0.30148603004811
"Oktibbeha County","vap_black","pre_16_rep_tru",0.0971856722199524,0.0449411422707017,0.0309664995547773,0.203239338340422
"Oktibbeha County","vap_black","pre_16_dem_cli",0.902814327780048,0.0449411422707017,0.796760661659577,0.969033500445223
"Oktibbeha County","vap_hisp","pre_16_rep_tru",0.48521337224842,0.175388853434432,0.172237505829654,0.84681360186456
"Oktibbeha County","vap_hisp","pre_16_dem_cli",0.51478662775158,0.175388853434432,0.153186398135439,0.827762494170346
"Oktibbeha County","vap_asian","pre_16_rep_tru",0.445915346213797,0.176022157480679,0.128533161929719,0.791857959362441
"Oktibbeha County","vap_asian","pre_16_dem_cli",0.554084653786203,0.176022157480679,0.208142040637559,0.871466838070281
"Oktibbeha County","vap_aian","pre_16_rep_tru",0.498897353854281,0.18202402434315,0.154802263117148,0.839167901409113
"Oktibbeha County","vap_aian","pre_16_dem_cli",0.501102646145719,0.18202402434315,0.160832098590887,0.845197736882852
"Oktibbeha County","vap_oth_b","pre_16_rep_tru",0.457065275342898,0.176820147942754,0.133802211677384,0.801474747925444
"Oktibbeha County","vap_oth_b","pre_16_dem_cli",0.542934724657101,0.176820147942754,0.198525252074555,0.866197788322616
"Oktibbeha County","vap_white","uss_18_rep_wic",0.76712026657072,0.0379183257058446,0.67273619279448,0.826741694357433
"Oktibbeha County","vap_white","uss_18_dem_bar",0.23287973342928,0.0379183257058446,0.173258305642567,0.32726380720552
"Oktibbeha County","vap_black","uss_18_rep_wic",0.140264468575647,0.0565551986537727,0.0542477506731556,0.28296347023179
"Oktibbeha County","vap_black","uss_18_dem_bar",0.859735531424353,0.0565551986537727,0.71703652976821,0.945752249326844
"Oktibbeha County","vap_hisp","uss_18_rep_wic",0.49609221681828,0.176233216117766,0.166902507851357,0.827919828428049
"Oktibbeha County","vap_hisp","uss_18_dem_bar",0.50390778318172,0.176233216117766,0.172080171571951,0.833097492148643
"Oktibbeha County","vap_asian","uss_18_rep_wic",0.414649165373755,0.168865731699015,0.12235835185304,0.765025971342218
"Oktibbeha County","vap_asian","uss_18_dem_bar",0.585350834626246,0.168865731699015,0.234974028657782,0.87764164814696
"Oktibbeha County","vap_aian","uss_18_rep_wic",0.508988662764213,0.172508542936751,0.179877928301366,0.830829619700219
"Oktibbeha County","vap_aian","uss_18_dem_bar",0.491011337235787,0.172508542936751,0.169170380299781,0.820122071698634
"Oktibbeha County","vap_oth_b","uss_18_rep_wic",0.486221706212349,0.174000805960045,0.178468218468606,0.840075785313121
"Oktibbeha County","vap_oth_b","uss_18_dem_bar",0.513778293787651,0.174000805960045,0.159924214686879,0.821531781531394
"Oktibbeha County","vap_white","pre_20_rep_tru",0.731079101265542,0.0376377179370591,0.646953688260193,0.790072864313629
"Oktibbeha County","vap_white","pre_20_dem_bid",0.268920898734458,0.0376377179370591,0.209927135686371,0.353046311739807
"Oktibbeha County","vap_black","pre_20_rep_tru",0.126314841291812,0.0580708040419735,0.0415863432489189,0.263655714555702
"Oktibbeha County","vap_black","pre_20_dem_bid",0.873685158708188,0.0580708040419735,0.736344285444298,0.958413656751081
"Oktibbeha County","vap_hisp","pre_20_rep_tru",0.484565496142564,0.173485313294546,0.175440934277366,0.833210398437759
"Oktibbeha County","vap_hisp","pre_20_dem_bid",0.515434503857436,0.173485313294546,0.166789601562241,0.824559065722634
"Oktibbeha County","vap_asian","pre_20_rep_tru",0.428046113715011,0.169655915241734,0.131675685534844,0.771985420539323
"Oktibbeha County","vap_asian","pre_20_dem_bid",0.57195388628499,0.169655915241734,0.228014579460677,0.868324314465156
"Oktibbeha County","vap_aian","pre_20_rep_tru",0.504320282113622,0.180238668948121,0.164329425116808,0.841050999709322
"Oktibbeha County","vap_aian","pre_20_dem_bid",0.495679717886378,0.180238668948121,0.158949000290678,0.835670574883192
"Oktibbeha County","vap_oth_b","pre_20_rep_tru",0.471025995298129,0.175522860217166,0.149944015390253,0.820072714175702
"Oktibbeha County","vap_oth_b","pre_20_dem_bid",0.528974004701871,0.175522860217166,0.179927285824298,0.850055984609747
"Oktibbeha County","vap_white","uss_20_rep_hyd",0.691059304689506,0.0392168230667657,0.599022120973498,0.751550361568423
"Oktibbeha County","vap_white","uss_20_dem_esp",0.308940695310493,0.0392168230667657,0.248449638431577,0.400977879026502
"Oktibbeha County","vap_black","uss_20_rep_hyd",0.120202816266103,0.0582449084251406,0.0385194116085896,0.257048509163148
"Oktibbeha County","vap_black","uss_20_dem_esp",0.879797183733897,0.0582449084251406,0.742951490836852,0.961480588391411
"Oktibbeha County","vap_hisp","uss_20_rep_hyd",0.450649838467554,0.165672320550607,0.155959166262478,0.784975259669534
"Oktibbeha County","vap_hisp","uss_20_dem_esp",0.549350161532446,0.165672320550607,0.215024740330466,0.844040833737522
"Oktibbeha County","vap_asian","uss_20_rep_hyd",0.437619173262442,0.166546038593764,0.139646557287545,0.771021426128066
"Oktibbeha County","vap_asian","uss_20_dem_esp",0.562380826737558,0.166546038593764,0.228978573871935,0.860353442712456
"Oktibbeha County","vap_aian","uss_20_rep_hyd",0.489536505354849,0.175630383282956,0.159573232385656,0.822342420485626
"Oktibbeha County","vap_aian","uss_20_dem_esp",0.510463494645152,0.175630383282956,0.177657579514375,0.840426767614344
"Oktibbeha County","vap_oth_b","uss_20_rep_hyd",0.447400675701383,0.166518325057829,0.153191570704151,0.78219187740839
"Oktibbeha County","vap_oth_b","uss_20_dem_esp",0.552599324298617,0.166518325057829,0.21780812259161,0.846808429295849
"Panola County","vap_white","pre_16_rep_tru",0.870439500307367,0.0274543209377076,0.805721749375717,0.913114638134481
"Panola County","vap_white","pre_16_dem_cli",0.129560499692633,0.0274543209377076,0.0868853618655188,0.194278250624283
"Panola County","vap_black","pre_16_rep_tru",0.0696573616573872,0.0284856577564079,0.0288042718406735,0.138321505720977
"Panola County","vap_black","pre_16_dem_cli",0.930342638342613,0.0284856577564079,0.861678494279023,0.971195728159326
"Panola County","vap_hisp","pre_16_rep_tru",0.523567511246276,0.173734642638711,0.181005963375486,0.840357774259805
"Panola County","vap_hisp","pre_16_dem_cli",0.476432488753724,0.173734642638711,0.159642225740195,0.818994036624514
"Panola County","vap_asian","pre_16_rep_tru",0.503097882154542,0.190142828568461,0.152235819747469,0.850082630554053
"Panola County","vap_asian","pre_16_dem_cli",0.496902117845458,0.190142828568461,0.149917369445947,0.847764180252531
"Panola County","vap_aian","pre_16_rep_tru",0.488221593393557,0.181713026867544,0.151415099116617,0.823080689417191
"Panola County","vap_aian","pre_16_dem_cli",0.511778406606443,0.181713026867544,0.176919310582809,0.848584900883383
"Panola County","vap_oth_b","pre_16_rep_tru",0.398034307028068,0.168431722475123,0.116457760203454,0.769859996703807
"Panola County","vap_oth_b","pre_16_dem_cli",0.601965692971931,0.168431722475123,0.230140003296193,0.883542239796546
"Panola County","vap_white","uss_18_rep_wic",0.884747983790182,0.0272667563752308,0.822470925851628,0.928962446790622
"Panola County","vap_white","uss_18_dem_bar",0.115252016209818,0.0272667563752308,0.0710375532093779,0.177529074148372
"Panola County","vap_black","uss_18_rep_wic",0.0953569632183577,0.0324757049667511,0.0459765288090036,0.171145644863054
"Panola County","vap_black","uss_18_dem_bar",0.904643036781642,0.0324757049667511,0.828854355136946,0.954023471190996
"Panola County","vap_hisp","uss_18_rep_wic",0.553551557452342,0.187172616767435,0.186755687577979,0.881741427483967
"Panola County","vap_hisp","uss_18_dem_bar",0.446448442547658,0.187172616767435,0.118258572516033,0.81324431242202
"Panola County","vap_asian","uss_18_rep_wic",0.506173516898103,0.188676794642861,0.138942156539936,0.84900637783194
"Panola County","vap_asian","uss_18_dem_bar",0.493826483101897,0.188676794642861,0.15099362216806,0.861057843460064
"Panola County","vap_aian","uss_18_rep_wic",0.566055178785097,0.224457700507048,0.160802973077263,0.954864476757808
"Panola County","vap_aian","uss_18_dem_bar",0.433944821214903,0.224457700507048,0.0451355232421924,0.839197026922737
"Panola County","vap_oth_b","uss_18_rep_wic",0.472761496632515,0.186843699508857,0.097774138678756,0.825898173326629
"Panola County","vap_oth_b","uss_18_dem_bar",0.527238503367485,0.186843699508857,0.174101826673371,0.902225861321244
"Panola County","vap_white","pre_20_rep_tru",0.906668057468299,0.022448566331161,0.855356704402441,0.942827230208707
"Panola County","vap_white","pre_20_dem_bid",0.0933319425317013,0.022448566331161,0.0571727697912934,0.144643295597559
"Panola County","vap_black","pre_20_rep_tru",0.0673029633698826,0.0253161164286729,0.0298361363266516,0.127077668350695
"Panola County","vap_black","pre_20_dem_bid",0.932697036630117,0.0253161164286729,0.872922331649305,0.970163863673348
"Panola County","vap_hisp","pre_20_rep_tru",0.548884595499927,0.169150303125796,0.215432341270095,0.858940405925849
"Panola County","vap_hisp","pre_20_dem_bid",0.451115404500073,0.169150303125796,0.141059594074151,0.784567658729905
"Panola County","vap_asian","pre_20_rep_tru",0.525949805541764,0.192895343674409,0.155856604403143,0.880563370775982
"Panola County","vap_asian","pre_20_dem_bid",0.474050194458236,0.192895343674409,0.119436629224018,0.844143395596857
"Panola County","vap_aian","pre_20_rep_tru",0.507184578214773,0.183207365289734,0.159485208658263,0.847197737018679
"Panola County","vap_aian","pre_20_dem_bid",0.492815421785227,0.183207365289734,0.152802262981321,0.840514791341737
"Panola County","vap_oth_b","pre_20_rep_tru",0.45514644591108,0.169426533771669,0.154306784534869,0.789126088986588
"Panola County","vap_oth_b","pre_20_dem_bid",0.54485355408892,0.169426533771669,0.210873911013412,0.845693215465131
"Panola County","vap_white","uss_20_rep_hyd",0.851461371047536,0.0241695329652633,0.795539139722256,0.889765941983982
"Panola County","vap_white","uss_20_dem_esp",0.148538628952464,0.0241695329652633,0.110234058016018,0.204460860277744
"Panola County","vap_black","uss_20_rep_hyd",0.0515456543717283,0.0245570074578092,0.0163160007941678,0.114103515443712
"Panola County","vap_black","uss_20_dem_esp",0.948454345628272,0.0245570074578092,0.885896484556288,0.983683999205832
"Panola County","vap_hisp","uss_20_rep_hyd",0.475747093522058,0.176195779793331,0.146630826049644,0.805841629217117
"Panola County","vap_hisp","uss_20_dem_esp",0.524252906477942,0.176195779793331,0.194158370782883,0.853369173950356
"Panola County","vap_asian","uss_20_rep_hyd",0.492816006475331,0.187839897567512,0.148675267515226,0.848253259875286
"Panola County","vap_asian","uss_20_dem_esp",0.507183993524669,0.187839897567512,0.151746740124714,0.851324732484774
"Panola County","vap_aian","uss_20_rep_hyd",0.477487456099513,0.181063938277797,0.143827354782725,0.814429023634312
"Panola County","vap_aian","uss_20_dem_esp",0.522512543900487,0.181063938277797,0.185570976365687,0.856172645217275
"Panola County","vap_oth_b","uss_20_rep_hyd",0.445850819117048,0.176703710944321,0.143992769423856,0.8226056210477
"Panola County","vap_oth_b","uss_20_dem_esp",0.554149180882952,0.176703710944321,0.1773943789523,0.856007230576144
"Pearl River County","vap_white","pre_16_rep_tru",0.957707047547713,0.00854950586278717,0.939425695601486,0.971856919789425
"Pearl River County","vap_white","pre_16_dem_cli",0.0422929524522867,0.00854950586278717,0.0281430802105754,0.0605743043985139
"Pearl River County","vap_black","pre_16_rep_tru",0.187967367196596,0.0644365741043536,0.0904654583699558,0.341394188472044
"Pearl River County","vap_black","pre_16_dem_cli",0.812032632803404,0.0644365741043536,0.658605811527956,0.909534541630044
"Pearl River County","vap_hisp","pre_16_rep_tru",0.421798671145471,0.136744490236969,0.173005577528532,0.708405972953404
"Pearl River County","vap_hisp","pre_16_dem_cli",0.578201328854529,0.136744490236969,0.291594027046596,0.826994422471468
"Pearl River County","vap_asian","pre_16_rep_tru",0.504118856237222,0.173595724620168,0.176023892912695,0.820994412221371
"Pearl River County","vap_asian","pre_16_dem_cli",0.495881143762778,0.173595724620168,0.17900558777863,0.823976107087305
"Pearl River County","vap_aian","pre_16_rep_tru",0.468934341921676,0.161065986526817,0.176671511007679,0.799084505947707
"Pearl River County","vap_aian","pre_16_dem_cli",0.531065658078324,0.161065986526817,0.200915494052293,0.823328488992321
"Pearl River County","vap_oth_b","pre_16_rep_tru",0.362372838225457,0.139844901472651,0.131924384126775,0.663292487676085
"Pearl River County","vap_oth_b","pre_16_dem_cli",0.637627161774543,0.139844901472651,0.336707512323915,0.868075615873225
"Pearl River County","vap_white","uss_18_rep_wic",0.947040569841451,0.0101609070793259,0.925211584722366,0.96463302485683
"Pearl River County","vap_white","uss_18_dem_bar",0.0529594301585493,0.0101609070793259,0.0353669751431702,0.0747884152776342
"Pearl River County","vap_black","uss_18_rep_wic",0.150639245610318,0.0544049374364111,0.066933364140513,0.280368968939329
"Pearl River County","vap_black","uss_18_dem_bar",0.849360754389682,0.0544049374364111,0.719631031060671,0.933066635859487
"Pearl River County","vap_hisp","uss_18_rep_wic",0.335759815864364,0.139714446375922,0.105354676491042,0.647032074736947
"Pearl River County","vap_hisp","uss_18_dem_bar",0.664240184135636,0.139714446375922,0.352967925263053,0.894645323508958
"Pearl River County","vap_asian","uss_18_rep_wic",0.473562955147302,0.175132980570883,0.141921766854758,0.809501680817521
"Pearl River County","vap_asian","uss_18_dem_bar",0.526437044852698,0.175132980570883,0.190498319182479,0.858078233145242
"Pearl River County","vap_aian","uss_18_rep_wic",0.429424822922034,0.190125241652137,0.080658044009732,0.786662006546567
"Pearl River County","vap_aian","uss_18_dem_bar",0.570575177077966,0.190125241652137,0.213337993453433,0.919341955990268
"Pearl River County","vap_oth_b","uss_18_rep_wic",0.280331213149601,0.130487515190236,0.0722898055959279,0.577191164758247
"Pearl River County","vap_oth_b","uss_18_dem_bar",0.719668786850399,0.130487515190236,0.422808835241753,0.927710194404072
"Pearl River County","vap_white","pre_20_rep_tru",0.969856055229224,0.00808438089801048,0.950883906223872,0.98212541512052
"Pearl River County","vap_white","pre_20_dem_bid",0.0301439447707757,0.00808438089801048,0.0178745848794799,0.0491160937761284
"Pearl River County","vap_black","pre_20_rep_tru",0.131455328285673,0.0461608738468969,0.0645875979045705,0.247478771018543
"Pearl River County","vap_black","pre_20_dem_bid",0.868544671714327,0.0461608738468969,0.752521228981457,0.935412402095429
"Pearl River County","vap_hisp","pre_20_rep_tru",0.352207404508478,0.134811257580177,0.118121291049412,0.643493024544091
"Pearl River County","vap_hisp","pre_20_dem_bid",0.647792595491522,0.134811257580177,0.356506975455909,0.881878708950588
"Pearl River County","vap_asian","pre_20_rep_tru",0.478129948240279,0.16491684490063,0.168312427093121,0.800145333332119
"Pearl River County","vap_asian","pre_20_dem_bid",0.521870051759721,0.16491684490063,0.199854666667881,0.831687572906879
"Pearl River County","vap_aian","pre_20_rep_tru",0.384032041724442,0.192779441156411,0.0662336723049034,0.754582713177665
"Pearl River County","vap_aian","pre_20_dem_bid",0.615967958275558,0.192779441156411,0.245417286822335,0.933766327695097
"Pearl River County","vap_oth_b","pre_20_rep_tru",0.281695013366571,0.115519567209863,0.098551961957653,0.546548000123531
"Pearl River County","vap_oth_b","pre_20_dem_bid",0.71830498663343,0.115519567209863,0.453451999876469,0.901448038042347
"Pearl River County","vap_white","uss_20_rep_hyd",0.909997640837437,0.0118775428891591,0.885159884218585,0.931321651325746
"Pearl River County","vap_white","uss_20_dem_esp",0.0900023591625632,0.0118775428891591,0.0686783486742538,0.114840115781415
"Pearl River County","vap_black","uss_20_rep_hyd",0.130855533727709,0.0527471746127839,0.0513493745164659,0.257420782495046
"Pearl River County","vap_black","uss_20_dem_esp",0.869144466272291,0.0527471746127839,0.742579217504954,0.948650625483534
"Pearl River County","vap_hisp","uss_20_rep_hyd",0.364628389761124,0.1619506524974,0.105829254608363,0.715584107928447
"Pearl River County","vap_hisp","uss_20_dem_esp",0.635371610238876,0.1619506524974,0.284415892071553,0.894170745391637
"Pearl River County","vap_asian","uss_20_rep_hyd",0.476087649514908,0.164643116361194,0.170826579571183,0.79369186905527
"Pearl River County","vap_asian","uss_20_dem_esp",0.523912350485092,0.164643116361194,0.20630813094473,0.829173420428817
"Pearl River County","vap_aian","uss_20_rep_hyd",0.487027924876265,0.166859075276839,0.177186022237146,0.793276729615821
"Pearl River County","vap_aian","uss_20_dem_esp",0.512972075123735,0.166859075276839,0.206723270384179,0.822813977762854
"Pearl River County","vap_oth_b","uss_20_rep_hyd",0.343976125234867,0.147681934820524,0.113792192825373,0.66469204446162
"Pearl River County","vap_oth_b","uss_20_dem_esp",0.656023874765133,0.147681934820524,0.33530795553838,0.886207807174627
"Perry County","vap_white","pre_16_rep_tru",0.91042274540537,0.0209688706461319,0.862874182768001,0.945295961701569
"Perry County","vap_white","pre_16_dem_cli",0.0895772545946304,0.0209688706461319,0.0547040382984309,0.137125817231999
"Perry County","vap_black","pre_16_rep_tru",0.141053790023579,0.0585777393108203,0.0554832276953302,0.280909234024172
"Perry County","vap_black","pre_16_dem_cli",0.858946209976421,0.0585777393108203,0.719090765975828,0.94451677230467
"Perry County","vap_hisp","pre_16_rep_tru",0.490094293218364,0.172145411034215,0.166151704620238,0.836439843993521
"Perry County","vap_hisp","pre_16_dem_cli",0.509905706781636,0.172145411034215,0.163560156006479,0.833848295379762
"Perry County","vap_asian","pre_16_rep_tru",0.489174687325151,0.187996582312574,0.141792386224311,0.853575811685028
"Perry County","vap_asian","pre_16_dem_cli",0.510825312674849,0.187996582312574,0.146424188314972,0.858207613775688
"Perry County","vap_aian","pre_16_rep_tru",0.544259482261285,0.192789099256823,0.160380491350787,0.886527565798386
"Perry County","vap_aian","pre_16_dem_cli",0.455740517738715,0.192789099256823,0.113472434201614,0.839619508649213
"Perry County","vap_oth_b","pre_16_rep_tru",0.496495431754853,0.167258936575522,0.177570357200578,0.818867331712999
"Perry County","vap_oth_b","pre_16_dem_cli",0.503504568245148,0.167258936575522,0.181132668287001,0.822429642799422
"Perry County","vap_white","uss_18_rep_wic",0.929921668487516,0.0214301398369821,0.879621640488995,0.9649081919667
"Perry County","vap_white","uss_18_dem_bar",0.0700783315124845,0.0214301398369821,0.0350918080333002,0.120378359511005
"Perry County","vap_black","uss_18_rep_wic",0.10272152246296,0.0523219792082344,0.0309635303935086,0.231968937737988
"Perry County","vap_black","uss_18_dem_bar",0.89727847753704,0.0523219792082344,0.768031062262012,0.969036469606492
"Perry County","vap_hisp","uss_18_rep_wic",0.470625856623933,0.168943507919637,0.164016020212514,0.796474050282213
"Perry County","vap_hisp","uss_18_dem_bar",0.529374143376067,0.168943507919637,0.203525949717787,0.835983979787486
"Perry County","vap_asian","uss_18_rep_wic",0.495344087357954,0.185049395826288,0.153118011654807,0.848982631852837
"Perry County","vap_asian","uss_18_dem_bar",0.504655912642046,0.185049395826288,0.151017368147163,0.846881988345193
"Perry County","vap_aian","uss_18_rep_wic",0.47426855429978,0.195330586747724,0.118245553483496,0.852772669341914
"Perry County","vap_aian","uss_18_dem_bar",0.52573144570022,0.195330586747724,0.147227330658086,0.881754446516504
"Perry County","vap_oth_b","uss_18_rep_wic",0.452823915953945,0.175931791242977,0.144353783564102,0.819845254180516
"Perry County","vap_oth_b","uss_18_dem_bar",0.547176084046056,0.175931791242977,0.180154745819484,0.855646216435898
"Perry County","vap_white","pre_20_rep_tru",0.920509175694372,0.0206778257379038,0.871486035298003,0.953264596509805
"Perry County","vap_white","pre_20_dem_bid",0.0794908243056276,0.0206778257379038,0.0467354034901945,0.128513964701997
"Perry County","vap_black","pre_20_rep_tru",0.118472727618755,0.0574904705039059,0.0360706528065943,0.258744194893819
"Perry County","vap_black","pre_20_dem_bid",0.881527272381245,0.0574904705039059,0.741255805106181,0.963929347193406
"Perry County","vap_hisp","pre_20_rep_tru",0.508229408855367,0.170788790832115,0.176251328192107,0.825055032027921
"Perry County","vap_hisp","pre_20_dem_bid",0.491770591144633,0.170788790832115,0.174944967972079,0.823748671807893
"Perry County","vap_asian","pre_20_rep_tru",0.512115225800791,0.185229281548323,0.15557323259432,0.858742458609188
"Perry County","vap_asian","pre_20_dem_bid",0.487884774199209,0.185229281548323,0.141257541390812,0.84442676740568
"Perry County","vap_aian","pre_20_rep_tru",0.573776842447097,0.18899042805844,0.183511034624538,0.897697409193211
"Perry County","vap_aian","pre_20_dem_bid",0.426223157552903,0.18899042805844,0.102302590806789,0.816488965375462
"Perry County","vap_oth_b","pre_20_rep_tru",0.496395453865695,0.170131477732555,0.173172329474844,0.828646562333418
"Perry County","vap_oth_b","pre_20_dem_bid",0.503604546134305,0.170131477732555,0.171353437666582,0.826827670525156
"Perry County","vap_white","uss_20_rep_hyd",0.873098039486262,0.0233177427059197,0.821227716846567,0.911600650949159
"Perry County","vap_white","uss_20_dem_esp",0.126901960513738,0.0233177427059197,0.0883993490508408,0.178772283153433
"Perry County","vap_black","uss_20_rep_hyd",0.122970680936564,0.0645130397616912,0.0315473374968712,0.275200613451675
"Perry County","vap_black","uss_20_dem_esp",0.877029319063437,0.0645130397616912,0.724799386548325,0.968452662503129
"Perry County","vap_hisp","uss_20_rep_hyd",0.491394375937057,0.173352450202526,0.172283094435506,0.819128621784941
"Perry County","vap_hisp","uss_20_dem_esp",0.508605624062943,0.173352450202526,0.180871378215059,0.827716905564494
"Perry County","vap_asian","uss_20_rep_hyd",0.510649495245155,0.1915814222683,0.14685614610743,0.864370327596742
"Perry County","vap_asian","uss_20_dem_esp",0.489350504754845,0.1915814222683,0.135629672403258,0.85314385389257
"Perry County","vap_aian","uss_20_rep_hyd",0.554752039840913,0.191594010709187,0.167510412683853,0.882645193753294
"Perry County","vap_aian","uss_20_dem_esp",0.445247960159087,0.191594010709187,0.117354806246706,0.832489587316148
"Perry County","vap_oth_b","uss_20_rep_hyd",0.476902257401024,0.170091115334282,0.165885442584082,0.813023557365592
"Perry County","vap_oth_b","uss_20_dem_esp",0.523097742598976,0.170091115334282,0.186976442634408,0.834114557415918
"Pike County","vap_white","pre_16_rep_tru",0.94869790744864,0.0195874801541455,0.89890140845367,0.97738581449984
"Pike County","vap_white","pre_16_dem_cli",0.0513020925513597,0.0195874801541455,0.0226141855001602,0.10109859154633
"Pike County","vap_black","pre_16_rep_tru",0.0701226597526838,0.0173864752489945,0.0421823864670454,0.110566207089036
"Pike County","vap_black","pre_16_dem_cli",0.929877340247316,0.0173864752489945,0.889433792910964,0.957817613532955
"Pike County","vap_hisp","pre_16_rep_tru",0.486232233151056,0.173140373139715,0.149279032015294,0.806628977289535
"Pike County","vap_hisp","pre_16_dem_cli",0.513767766848944,0.173140373139715,0.193371022710465,0.850720967984706
"Pike County","vap_asian","pre_16_rep_tru",0.522779701438012,0.176644532072059,0.187752015123403,0.847839240963913
"Pike County","vap_asian","pre_16_dem_cli",0.477220298561988,0.176644532072059,0.152160759036087,0.812247984876597
"Pike County","vap_aian","pre_16_rep_tru",0.499332661889664,0.174665822464335,0.177689520653736,0.840360749368563
"Pike County","vap_aian","pre_16_dem_cli",0.500667338110336,0.174665822464335,0.159639250631437,0.822310479346264
"Pike County","vap_oth_b","pre_16_rep_tru",0.475465085369019,0.159618633421003,0.176219224370338,0.786586946357339
"Pike County","vap_oth_b","pre_16_dem_cli",0.524534914630981,0.159618633421003,0.213413053642661,0.823780775629662
"Pike County","vap_white","uss_18_rep_wic",0.955362892299064,0.0182333569764354,0.913270498222709,0.981276222604446
"Pike County","vap_white","uss_18_dem_bar",0.0446371077009365,0.0182333569764354,0.018723777395554,0.0867295017772909
"Pike County","vap_black","uss_18_rep_wic",0.0922796255878179,0.0198856669358106,0.0598219070858445,0.136151971752436
"Pike County","vap_black","uss_18_dem_bar",0.907720374412182,0.0198856669358106,0.863848028247564,0.940178092914156
"Pike County","vap_hisp","uss_18_rep_wic",0.555528803103715,0.168385894910429,0.211719766150046,0.845119200812035
"Pike County","vap_hisp","uss_18_dem_bar",0.444471196896285,0.168385894910429,0.154880799187965,0.788280233849954
"Pike County","vap_asian","uss_18_rep_wic",0.53501907540365,0.19902550658603,0.171207173165323,0.909744984701216
"Pike County","vap_asian","uss_18_dem_bar",0.46498092459635,0.19902550658603,0.0902550152987841,0.828792826834677
"Pike County","vap_aian","uss_18_rep_wic",0.487907348420606,0.17155974084926,0.16067533979456,0.80886108152442
"Pike County","vap_aian","uss_18_dem_bar",0.512092651579394,0.17155974084926,0.19113891847558,0.83932466020544
"Pike County","vap_oth_b","uss_18_rep_wic",0.561783738404902,0.161133307982157,0.243892537350817,0.841532004197597
"Pike County","vap_oth_b","uss_18_dem_bar",0.438216261595098,0.161133307982157,0.158467995802403,0.756107462649183
"Pike County","vap_white","pre_20_rep_tru",0.957497796471832,0.016245050339952,0.919132104787445,0.981860275012892
"Pike County","vap_white","pre_20_dem_bid",0.0425022035281683,0.016245050339952,0.0181397249871077,0.0808678952125544
"Pike County","vap_black","pre_20_rep_tru",0.043528756933758,0.0132925308200033,0.0222664085042458,0.0748578897158306
"Pike County","vap_black","pre_20_dem_bid",0.956471243066242,0.0132925308200033,0.92514211028417,0.977733591495754
"Pike County","vap_hisp","pre_20_rep_tru",0.455764904954745,0.166944566481057,0.150285189000446,0.777054480559935
"Pike County","vap_hisp","pre_20_dem_bid",0.544235095045255,0.166944566481057,0.222945519440065,0.849714810999554
"Pike County","vap_asian","pre_20_rep_tru",0.449289975129564,0.169247145675405,0.140118496794507,0.785399901512186
"Pike County","vap_asian","pre_20_dem_bid",0.550710024870436,0.169247145675405,0.214600098487814,0.859881503205492
"Pike County","vap_aian","pre_20_rep_tru",0.51288284528863,0.165638463927686,0.19301617887795,0.819823762928416
"Pike County","vap_aian","pre_20_dem_bid",0.48711715471137,0.165638463927686,0.180176237071584,0.80698382112205
"Pike County","vap_oth_b","pre_20_rep_tru",0.491415539391396,0.157826591337988,0.196852136319278,0.78219614172226
"Pike County","vap_oth_b","pre_20_dem_bid",0.508584460608604,0.157826591337988,0.21780385827774,0.803147863680722
"Pike County","vap_white","uss_20_rep_hyd",0.918419406230236,0.0188089984702357,0.874092788774774,0.950118094198786
"Pike County","vap_white","uss_20_dem_esp",0.0815805937697639,0.0188089984702357,0.0498819058012145,0.125907211225226
"Pike County","vap_black","uss_20_rep_hyd",0.0379395307390827,0.0141536288053788,0.0158620555479803,0.0708658698353404
"Pike County","vap_black","uss_20_dem_esp",0.962060469260917,0.0141536288053788,0.92913413016466,0.98413794445202
"Pike County","vap_hisp","uss_20_rep_hyd",0.423066815034082,0.160902955409251,0.147109967471622,0.751828952971677
"Pike County","vap_hisp","uss_20_dem_esp",0.576933184965918,0.160902955409251,0.248171047028323,0.852890032528378
"Pike County","vap_asian","uss_20_rep_hyd",0.455193371061693,0.176035484273054,0.144440472336572,0.799839683177599
"Pike County","vap_asian","uss_20_dem_esp",0.544806628938307,0.176035484273054,0.2001603168224,0.855559527663428
"Pike County","vap_aian","uss_20_rep_hyd",0.476829923347198,0.175267038076112,0.154063951812602,0.816409226505605
"Pike County","vap_aian","uss_20_dem_esp",0.523170076652803,0.175267038076112,0.183590773494394,0.845936048187398
"Pike County","vap_oth_b","uss_20_rep_hyd",0.419614854775604,0.15191889153681,0.140682109101332,0.718821249811771
"Pike County","vap_oth_b","uss_20_dem_esp",0.580385145224396,0.15191889153681,0.281178750188229,0.859317890898668
"Pontotoc County","vap_white","pre_16_rep_tru",0.964251043373596,0.0121139797050719,0.935782271621714,0.983482146545685
"Pontotoc County","vap_white","pre_16_dem_cli",0.0357489566264035,0.0121139797050719,0.0165178534543154,0.0642177283782856
"Pontotoc County","vap_black","pre_16_rep_tru",0.136590343289644,0.0625634734867858,0.0496246795678431,0.284461812781949
"Pontotoc County","vap_black","pre_16_dem_cli",0.863409656710356,0.0625634734867858,0.715538187218051,0.950375320432157
"Pontotoc County","vap_hisp","pre_16_rep_tru",0.428403615466233,0.1380692931274,0.181393687487415,0.706817298331714
"Pontotoc County","vap_hisp","pre_16_dem_cli",0.571596384533767,0.1380692931274,0.293182701668287,0.818606312512585
"Pontotoc County","vap_asian","pre_16_rep_tru",0.482723545890175,0.167847950516088,0.158529432655127,0.800746201319177
"Pontotoc County","vap_asian","pre_16_dem_cli",0.517276454109825,0.167847950516088,0.199253798680824,0.841470567344873
"Pontotoc County","vap_aian","pre_16_rep_tru",0.490011566787017,0.175262325248933,0.160788125888005,0.820648252690879
"Pontotoc County","vap_aian","pre_16_dem_cli",0.509988433212983,0.175262325248933,0.179351747309121,0.839211874111995
"Pontotoc County","vap_oth_b","pre_16_rep_tru",0.374044788479529,0.150343174766752,0.127181191660749,0.693998091473247
"Pontotoc County","vap_oth_b","pre_16_dem_cli",0.625955211520471,0.150343174766752,0.306001908526753,0.872818808339251
"Pontotoc County","vap_white","uss_18_rep_wic",0.962784366030411,0.011505212968745,0.935775481327078,0.980702246048491
"Pontotoc County","vap_white","uss_18_dem_bar",0.0372156339695894,0.011505212968745,0.019297753951509,0.0642245186729217
"Pontotoc County","vap_black","uss_18_rep_wic",0.185154548722974,0.0703205393770114,0.0708629664274187,0.341998079589217
"Pontotoc County","vap_black","uss_18_dem_bar",0.814845451277026,0.0703205393770114,0.658001920410783,0.929137033572582
"Pontotoc County","vap_hisp","uss_18_rep_wic",0.466421206913161,0.144978672597486,0.202498683223886,0.754121988154506
"Pontotoc County","vap_hisp","uss_18_dem_bar",0.533578793086839,0.144978672597486,0.245878011845494,0.797501316776114
"Pontotoc County","vap_asian","uss_18_rep_wic",0.476449979021965,0.178357757601659,0.127609686954743,0.808097939470677
"Pontotoc County","vap_asian","uss_18_dem_bar",0.523550020978035,0.178357757601659,0.191902060529323,0.872390313045257
"Pontotoc County","vap_aian","uss_18_rep_wic",0.49556644123386,0.173861800150799,0.173383026320583,0.818207252486358
"Pontotoc County","vap_aian","uss_18_dem_bar",0.50443355876614,0.173861800150799,0.181792747513642,0.826616973679416
"Pontotoc County","vap_oth_b","uss_18_rep_wic",0.372860891103054,0.149488690741335,0.124969543674104,0.698252520375724
"Pontotoc County","vap_oth_b","uss_18_dem_bar",0.627139108896946,0.149488690741335,0.301747479624276,0.875030456325896
"Pontotoc County","vap_white","pre_20_rep_tru",0.970999519256745,0.00875517012031414,0.951945388573406,0.985757545576939
"Pontotoc County","vap_white","pre_20_dem_bid",0.0290004807432548,0.00875517012031414,0.0142424544230613,0.0480546114265934
"Pontotoc County","vap_black","pre_20_rep_tru",0.13353228474083,0.0474949445649707,0.061208632900642,0.236334144512797
"Pontotoc County","vap_black","pre_20_dem_bid",0.86646771525917,0.0474949445649707,0.763665855487203,0.938791367099358
"Pontotoc County","vap_hisp","pre_20_rep_tru",0.387810122707322,0.113311868012019,0.188125843800611,0.628742197826865
"Pontotoc County","vap_hisp","pre_20_dem_bid",0.612189877292678,0.113311868012019,0.371257802173134,0.811874156199389
"Pontotoc County","vap_asian","pre_20_rep_tru",0.493452919440928,0.165227756724852,0.17694369798726,0.807942436070336
"Pontotoc County","vap_asian","pre_20_dem_bid",0.506547080559072,0.165227756724852,0.192057563929664,0.82305630201274
"Pontotoc County","vap_aian","pre_20_rep_tru",0.455158193468672,0.187768434548536,0.0967933813440462,0.794569852805831
"Pontotoc County","vap_aian","pre_20_dem_bid",0.544841806531328,0.187768434548536,0.205430147194169,0.903206618655954
"Pontotoc County","vap_oth_b","pre_20_rep_tru",0.37614354874703,0.142062676347302,0.141105640658878,0.688540930737417
"Pontotoc County","vap_oth_b","pre_20_dem_bid",0.62385645125297,0.142062676347302,0.311459069262583,0.858894359341122
"Pontotoc County","vap_white","uss_20_rep_hyd",0.919932215534305,0.0149396718250273,0.887562598360981,0.946600480748462
"Pontotoc County","vap_white","uss_20_dem_esp",0.0800677844656949,0.0149396718250273,0.0533995192515381,0.112437401639019
"Pontotoc County","vap_black","uss_20_rep_hyd",0.13236513557083,0.06228284858415,0.0403008409666094,0.277030618774191
"Pontotoc County","vap_black","uss_20_dem_esp",0.86763486442917,0.06228284858415,0.722969381225809,0.959699159033391
"Pontotoc County","vap_hisp","uss_20_rep_hyd",0.37403324955015,0.1519836280761,0.127564340021682,0.720277999365991
"Pontotoc County","vap_hisp","uss_20_dem_esp",0.62596675044985,0.1519836280761,0.279722000634009,0.872435659978318
"Pontotoc County","vap_asian","uss_20_rep_hyd",0.491703174161585,0.171583101505258,0.158933603442888,0.815608639202993
"Pontotoc County","vap_asian","uss_20_dem_esp",0.508296825838415,0.171583101505258,0.184391360797006,0.841066396557111
"Pontotoc County","vap_aian","uss_20_rep_hyd",0.496949060298104,0.166492504250305,0.191954862688767,0.825442389442043
"Pontotoc County","vap_aian","uss_20_dem_esp",0.503050939701896,0.166492504250305,0.174557610557957,0.808045137311233
"Pontotoc County","vap_oth_b","uss_20_rep_hyd",0.402697071647731,0.166006010145469,0.13062223806901,0.753447577708527
"Pontotoc County","vap_oth_b","uss_20_dem_esp",0.597302928352269,0.166006010145469,0.246552422291473,0.86937776193099
"Prentiss County","vap_white","pre_16_rep_tru",0.88224031691245,0.0159803454307718,0.846163529209386,0.908380359080183
"Prentiss County","vap_white","pre_16_dem_cli",0.11775968308755,0.0159803454307718,0.0916196409198168,0.153836470790614
"Prentiss County","vap_black","pre_16_rep_tru",0.244446822414317,0.108461379652582,0.0812457527962877,0.500825324802262
"Prentiss County","vap_black","pre_16_dem_cli",0.755553177585683,0.108461379652582,0.499174675197737,0.918754247203712
"Prentiss County","vap_hisp","pre_16_rep_tru",0.460420385211866,0.179079108369524,0.139998036230649,0.805702602758723
"Prentiss County","vap_hisp","pre_16_dem_cli",0.539579614788135,0.179079108369524,0.194297397241277,0.860001963769351
"Prentiss County","vap_asian","pre_16_rep_tru",0.48501165514106,0.19224133920601,0.137931735480423,0.859089077709448
"Prentiss County","vap_asian","pre_16_dem_cli",0.51498834485894,0.19224133920601,0.140910922290552,0.862068264519577
"Prentiss County","vap_aian","pre_16_rep_tru",0.501721871785299,0.178666667162537,0.176039814467553,0.842820890910169
"Prentiss County","vap_aian","pre_16_dem_cli",0.498278128214701,0.178666667162537,0.15717910908983,0.823960185532447
"Prentiss County","vap_oth_b","pre_16_rep_tru",0.464997396845387,0.168897552069831,0.161539440865378,0.797169540924054
"Prentiss County","vap_oth_b","pre_16_dem_cli",0.535002603154613,0.168897552069831,0.202830459075946,0.838460559134622
"Prentiss County","vap_white","uss_18_rep_wic",0.882298928077164,0.0178715059400899,0.843651094688463,0.910961184607546
"Prentiss County","vap_white","uss_18_dem_bar",0.117701071922836,0.0178715059400899,0.0890388153924543,0.156348905311537
"Prentiss County","vap_black","uss_18_rep_wic",0.247921062433284,0.116060442677595,0.0750942592921856,0.51078296364216
"Prentiss County","vap_black","uss_18_dem_bar",0.752078937566716,0.116060442677595,0.48921703635784,0.924905740707814
"Prentiss County","vap_hisp","uss_18_rep_wic",0.486397629305215,0.183024186488613,0.147549969565075,0.839182894150672
"Prentiss County","vap_hisp","uss_18_dem_bar",0.513602370694785,0.183024186488613,0.160817105849328,0.852450030434925
"Prentiss County","vap_asian","uss_18_rep_wic",0.481110701401868,0.197684833934108,0.118751488621514,0.849205586262594
"Prentiss County","vap_asian","uss_18_dem_bar",0.518889298598132,0.197684833934108,0.150794413737405,0.881248511378486
"Prentiss County","vap_aian","uss_18_rep_wic",0.496383439431319,0.180770385085069,0.163266467232831,0.836604052408069
"Prentiss County","vap_aian","uss_18_dem_bar",0.503616560568681,0.180770385085069,0.163395947591931,0.836733532767169
"Prentiss County","vap_oth_b","uss_18_rep_wic",0.485792378618161,0.174758183008878,0.165549488783771,0.823611116543141
"Prentiss County","vap_oth_b","uss_18_dem_bar",0.514207621381839,0.174758183008878,0.176388883456858,0.834450511216229
"Prentiss County","vap_white","pre_20_rep_tru",0.894034655347214,0.0169379797420828,0.85582767965713,0.922316908864101
"Prentiss County","vap_white","pre_20_dem_bid",0.105965344652786,0.0169379797420828,0.0776830911358987,0.14417232034287
"Prentiss County","vap_black","pre_20_rep_tru",0.23198838237134,0.115617625042221,0.0573247985508507,0.507808879762539
"Prentiss County","vap_black","pre_20_dem_bid",0.76801161762866,0.115617625042221,0.492191120237461,0.942675201449149
"Prentiss County","vap_hisp","pre_20_rep_tru",0.464060104196221,0.178715470054542,0.135746324104811,0.812104803728519
"Prentiss County","vap_hisp","pre_20_dem_bid",0.535939895803779,0.178715470054542,0.187895196271481,0.864253675895189
"Prentiss County","vap_asian","pre_20_rep_tru",0.489795460915936,0.196049921908731,0.120640659165605,0.858170604187256
"Prentiss County","vap_asian","pre_20_dem_bid",0.510204539084064,0.196049921908731,0.141829395812744,0.879359340834395
"Prentiss County","vap_aian","pre_20_rep_tru",0.498243117347233,0.187191889082135,0.159850290650404,0.871223513206797
"Prentiss County","vap_aian","pre_20_dem_bid",0.501756882652767,0.187191889082135,0.128776486793203,0.840149709349596
"Prentiss County","vap_oth_b","pre_20_rep_tru",0.469359948067011,0.17629464299918,0.15486037502466,0.822301343432023
"Prentiss County","vap_oth_b","pre_20_dem_bid",0.530640051932989,0.17629464299918,0.177698656567977,0.84513962497534
"Prentiss County","vap_white","uss_20_rep_hyd",0.829870932035737,0.0165356993392812,0.793219762416244,0.856823248800895
"Prentiss County","vap_white","uss_20_dem_esp",0.170129067964263,0.0165356993392812,0.143176751199105,0.206780237583756
"Prentiss County","vap_black","uss_20_rep_hyd",0.2182395182695,0.111426019736656,0.0510124465434083,0.474913803436501
"Prentiss County","vap_black","uss_20_dem_esp",0.7817604817305,0.111426019736656,0.525086196563499,0.948987553456592
"Prentiss County","vap_hisp","uss_20_rep_hyd",0.463418782625828,0.182282145279286,0.132526625678337,0.81846445398111
"Prentiss County","vap_hisp","uss_20_dem_esp",0.536581217374172,0.182282145279286,0.18153554601889,0.867473374321663
"Prentiss County","vap_asian","uss_20_rep_hyd",0.495816304191745,0.196913521178164,0.129813867475738,0.863125594157749
"Prentiss County","vap_asian","uss_20_dem_esp",0.504183695808255,0.196913521178164,0.136874405842251,0.870186132524262
"Prentiss County","vap_aian","uss_20_rep_hyd",0.503846538771235,0.173153409431666,0.181938683182578,0.828675375458058
"Prentiss County","vap_aian","uss_20_dem_esp",0.496153461228765,0.173153409431666,0.171324624541942,0.818061316817422
"Prentiss County","vap_oth_b","uss_20_rep_hyd",0.468023782733237,0.180432432855168,0.147226469408841,0.820087841212804
"Prentiss County","vap_oth_b","uss_20_dem_esp",0.531976217266763,0.180432432855168,0.179912158787196,0.852773530591159
"Quitman County","vap_white","pre_16_rep_tru",0.875312421475306,0.0807765422582413,0.671318785225999,0.976870103379846
"Quitman County","vap_white","pre_16_dem_cli",0.124687578524694,0.0807765422582413,0.0231298966201544,0.328681214774001
"Quitman County","vap_black","pre_16_rep_tru",0.0909943814724723,0.0330286245334517,0.0459995095097839,0.172978913687749
"Quitman County","vap_black","pre_16_dem_cli",0.909005618527528,0.0330286245334517,0.827021086312251,0.954000490490216
"Quitman County","vap_hisp","pre_16_rep_tru",0.501775155145703,0.221161156441561,0.087201059410544,0.901717030712225
"Quitman County","vap_hisp","pre_16_dem_cli",0.498224844854297,0.221161156441561,0.0982829692877749,0.912798940589456
"Quitman County","vap_asian","pre_16_rep_tru",0.516420134696544,0.189226981283936,0.155303380048124,0.866785496260387
"Quitman County","vap_asian","pre_16_dem_cli",0.483579865303456,0.189226981283936,0.133214503739613,0.844696619951876
"Quitman County","vap_aian","pre_16_rep_tru",NA,NA,NA,NA
"Quitman County","vap_aian","pre_16_dem_cli",NA,NA,NA,NA
"Quitman County","vap_oth_b","pre_16_rep_tru",0.419350972859356,0.2432873047967,0.0198070430701905,0.826736978717546
"Quitman County","vap_oth_b","pre_16_dem_cli",0.580649027140644,0.2432873047967,0.173263021282454,0.98019295692981
"Quitman County","vap_white","uss_18_rep_wic",0.820714178130158,0.101712861896758,0.584363171174523,0.963716301450587
"Quitman County","vap_white","uss_18_dem_bar",0.179285821869842,0.101712861896758,0.0362836985494134,0.415636828825477
"Quitman County","vap_black","uss_18_rep_wic",0.191218111379644,0.0415561121898789,0.127326480136593,0.284564312847828
"Quitman County","vap_black","uss_18_dem_bar",0.808781888620356,0.0415561121898789,0.715435687152172,0.872673519863407
"Quitman County","vap_hisp","uss_18_rep_wic",0.517090500308991,0.21630244315369,0.11259364752753,0.907879354476746
"Quitman County","vap_hisp","uss_18_dem_bar",0.482909499691009,0.21630244315369,0.0921206455232537,0.88740635247247
"Quitman County","vap_asian","uss_18_rep_wic",0.495918600471741,0.193296063962855,0.129538859864885,0.858504494011826
"Quitman County","vap_asian","uss_18_dem_bar",0.504081399528259,0.193296063962855,0.141495505988174,0.870461140135115
"Quitman County","vap_aian","uss_18_rep_wic",NA,NA,NA,NA
"Quitman County","vap_aian","uss_18_dem_bar",NA,NA,NA,NA
"Quitman County","vap_oth_b","uss_18_rep_wic",0.525496618364271,0.182055962404075,0.171056018254553,0.861146344443222
"Quitman County","vap_oth_b","uss_18_dem_bar",0.474503381635729,0.182055962404075,0.138853655556777,0.828943981745447
"Quitman County","vap_white","pre_20_rep_tru",0.866741944852779,0.0876014306980447,0.641816499446998,0.980385538029296
"Quitman County","vap_white","pre_20_dem_bid",0.133258055147221,0.0876014306980447,0.0196144619707039,0.358183500553002
"Quitman County","vap_black","pre_20_rep_tru",0.115008685742542,0.0352488584422516,0.0648803675832093,0.203387367985666
"Quitman County","vap_black","pre_20_dem_bid",0.884991314257458,0.0352488584422516,0.796612632014334,0.935119632416791
"Quitman County","vap_hisp","pre_20_rep_tru",0.507439679911299,0.213465582915431,0.111402594283842,0.896492810746507
"Quitman County","vap_hisp","pre_20_dem_bid",0.492560320088701,0.213465582915431,0.103507189253493,0.888597405716158
"Quitman County","vap_asian","pre_20_rep_tru",0.518487387913466,0.181788124124381,0.16882403701258,0.858676204972421
"Quitman County","vap_asian","pre_20_dem_bid",0.481512612086535,0.181788124124381,0.141323795027579,0.83117596298742
"Quitman County","vap_aian","pre_20_rep_tru",NA,NA,NA,NA
"Quitman County","vap_aian","pre_20_dem_bid",NA,NA,NA,NA
"Quitman County","vap_oth_b","pre_20_rep_tru",0.525260613632988,0.18408055398105,0.168344988480817,0.863841442258136
"Quitman County","vap_oth_b","pre_20_dem_bid",0.474739386367012,0.18408055398105,0.136158557741864,0.831655011519182
"Quitman County","vap_white","uss_20_rep_hyd",0.85911471349254,0.0772979875584246,0.670226190142651,0.9663876442226
"Quitman County","vap_white","uss_20_dem_esp",0.14088528650746,0.0772979875584246,0.0336123557773995,0.329773809857349
"Quitman County","vap_black","uss_20_rep_hyd",0.057170930343351,0.0287569706050877,0.0174009131370631,0.127866465816047
"Quitman County","vap_black","uss_20_dem_esp",0.942829069656649,0.0287569706050877,0.872133534183953,0.982599086862937
"Quitman County","vap_hisp","uss_20_rep_hyd",0.518413899292112,0.214266300255868,0.111236243653912,0.906778415864429
"Quitman County","vap_hisp","uss_20_dem_esp",0.481586100707888,0.214266300255868,0.0932215841355706,0.888763756346088
"Quitman County","vap_asian","uss_20_rep_hyd",0.509125553936752,0.193124961053567,0.150534039803565,0.870331904842714
"Quitman County","vap_asian","uss_20_dem_esp",0.490874446063248,0.193124961053567,0.129668095157286,0.849465960196435
"Quitman County","vap_aian","uss_20_rep_hyd",NA,NA,NA,NA
"Quitman County","vap_aian","uss_20_dem_esp",NA,NA,NA,NA
"Quitman County","vap_oth_b","uss_20_rep_hyd",0.50059850148365,0.182832239551456,0.154157952055432,0.841216470360674
"Quitman County","vap_oth_b","uss_20_dem_esp",0.49940149851635,0.182832239551456,0.158783529639326,0.845842047944568
"Rankin County","vap_white","pre_16_rep_tru",0.957218831585887,0.00673912019478938,0.941803154837411,0.968527996562369
"Rankin County","vap_white","pre_16_dem_cli",0.0427811684141131,0.00673912019478938,0.0314720034376309,0.0581968451625894
"Rankin County","vap_black","pre_16_rep_tru",0.0862001825208321,0.0253112782026512,0.0442859281781844,0.14345376709195
"Rankin County","vap_black","pre_16_dem_cli",0.913799817479168,0.0253112782026512,0.85654623290805,0.955714071821815
"Rankin County","vap_hisp","pre_16_rep_tru",0.498359839196841,0.142449091573957,0.222463136896432,0.777351483354921
"Rankin County","vap_hisp","pre_16_dem_cli",0.501640160803159,0.142449091573957,0.222648516645079,0.777536863103568
"Rankin County","vap_asian","pre_16_rep_tru",0.465270941632936,0.15604678774445,0.181847971815081,0.778344250228402
"Rankin County","vap_asian","pre_16_dem_cli",0.534729058367064,0.15604678774445,0.221655749771598,0.818152028184919
"Rankin County","vap_aian","pre_16_rep_tru",0.499178474928919,0.166389983130989,0.18065552472871,0.801044697044816
"Rankin County","vap_aian","pre_16_dem_cli",0.500821525071081,0.166389983130989,0.198955302955184,0.81934447527129
"Rankin County","vap_oth_b","pre_16_rep_tru",0.435880479675216,0.147204325415781,0.161989340492081,0.731403730563732
"Rankin County","vap_oth_b","pre_16_dem_cli",0.564119520324784,0.147204325415781,0.268596269436268,0.838010659507919
"Rankin County","vap_white","uss_18_rep_wic",0.946877159522575,0.00731085847794267,0.93111200006779,0.959124339950222
"Rankin County","vap_white","uss_18_dem_bar",0.0531228404774246,0.00731085847794267,0.0408756600497777,0.0688879999322102
"Rankin County","vap_black","uss_18_rep_wic",0.0683462696155863,0.0239992520104526,0.0297825532064575,0.122293683900136
"Rankin County","vap_black","uss_18_dem_bar",0.931653730384414,0.0239992520104526,0.877706316099864,0.970217446793542
"Rankin County","vap_hisp","uss_18_rep_wic",0.427714294218546,0.135292429044116,0.182648519858716,0.712250108514526
"Rankin County","vap_hisp","uss_18_dem_bar",0.572285705781454,0.135292429044116,0.287749891485474,0.817351480141283
"Rankin County","vap_asian","uss_18_rep_wic",0.452786641584016,0.159082302133896,0.164598383815927,0.766201952940861
"Rankin County","vap_asian","uss_18_dem_bar",0.547213358415984,0.159082302133896,0.233798047059139,0.835401616184072
"Rankin County","vap_aian","uss_18_rep_wic",0.511926446759672,0.15242553989068,0.225817192070386,0.818529280422706
"Rankin County","vap_aian","uss_18_dem_bar",0.488073553240328,0.15242553989068,0.181470719577294,0.774182807929614
"Rankin County","vap_oth_b","uss_18_rep_wic",0.349590126737415,0.158482312405562,0.0889526390813544,0.682620554588757
"Rankin County","vap_oth_b","uss_18_dem_bar",0.650409873262585,0.158482312405562,0.317379445411243,0.911047360918646
"Rankin County","vap_white","pre_20_rep_tru",0.926410672720762,0.0110263429444168,0.900653699690475,0.944172127873308
"Rankin County","vap_white","pre_20_dem_bid",0.0735893272792383,0.0110263429444168,0.0558278721266922,0.0993463003095245
"Rankin County","vap_black","pre_20_rep_tru",0.0804489596817063,0.0297266132573131,0.0384558791518123,0.154044778208064
"Rankin County","vap_black","pre_20_dem_bid",0.919551040318294,0.0297266132573131,0.845955221791935,0.961544120848188
"Rankin County","vap_hisp","pre_20_rep_tru",0.334157711834123,0.157301579603169,0.0972291110951256,0.707160243496981
"Rankin County","vap_hisp","pre_20_dem_bid",0.665842288165877,0.157301579603169,0.292839756503018,0.902770888904874
"Rankin County","vap_asian","pre_20_rep_tru",0.402158044053933,0.150320490119389,0.136977844004138,0.714504826220137
"Rankin County","vap_asian","pre_20_dem_bid",0.597841955946067,0.150320490119389,0.285495173779863,0.863022155995862
"Rankin County","vap_aian","pre_20_rep_tru",0.500109998865698,0.180332389159509,0.176873734982447,0.829103204795587
"Rankin County","vap_aian","pre_20_dem_bid",0.499890001134303,0.180332389159509,0.170896795204413,0.823126265017553
"Rankin County","vap_oth_b","pre_20_rep_tru",0.372370920114907,0.16036832130531,0.119627030079096,0.714276819713222
"Rankin County","vap_oth_b","pre_20_dem_bid",0.627629079885093,0.16036832130531,0.285723180286777,0.880372969920904
"Rankin County","vap_white","uss_20_rep_hyd",0.894050131661088,0.0116459524380191,0.868006396602104,0.914439973556889
"Rankin County","vap_white","uss_20_dem_esp",0.105949868338912,0.0116459524380191,0.0855600264431106,0.131993603397896
"Rankin County","vap_black","uss_20_rep_hyd",0.0744985905133783,0.0317310764783333,0.0284582709814009,0.151380873551705
"Rankin County","vap_black","uss_20_dem_esp",0.925501409486622,0.0317310764783333,0.848619126448295,0.971541729018599
"Rankin County","vap_hisp","uss_20_rep_hyd",0.34335391815821,0.148927851788931,0.118392467721408,0.683892280191198
"Rankin County","vap_hisp","uss_20_dem_esp",0.65664608184179,0.148927851788931,0.316107719808802,0.881607532278592
"Rankin County","vap_asian","uss_20_rep_hyd",0.387597061962368,0.151374064515223,0.118478972977112,0.704607756903993
"Rankin County","vap_asian","uss_20_dem_esp",0.612402938037632,0.151374064515223,0.295392243096007,0.881521027022888
"Rankin County","vap_aian","uss_20_rep_hyd",0.502583893306176,0.169661663649594,0.178484760063189,0.81003573665804
"Rankin County","vap_aian","uss_20_dem_esp",0.497416106693824,0.169661663649594,0.189964263341959,0.821515239936811
"Rankin County","vap_oth_b","uss_20_rep_hyd",0.396375273734584,0.164218794910802,0.108443980441512,0.726727588157167
"Rankin County","vap_oth_b","uss_20_dem_esp",0.603624726265416,0.164218794910802,0.273272411842833,0.891556019558488
"Scott County","vap_white","pre_16_rep_tru",0.958165299560729,0.0170969180976984,0.918040084676704,0.983879499616814
"Scott County","vap_white","pre_16_dem_cli",0.0418347004392711,0.0170969180976984,0.0161205003831864,0.0819599153232962
"Scott County","vap_black","pre_16_rep_tru",0.120397195551328,0.0342722275762619,0.0675429033055308,0.203831343025939
"Scott County","vap_black","pre_16_dem_cli",0.879602804448672,0.0342722275762619,0.796168656974061,0.932457096694469
"Scott County","vap_hisp","pre_16_rep_tru",0.454305270945642,0.0910856940966933,0.280988849207519,0.633634472851691
"Scott County","vap_hisp","pre_16_dem_cli",0.545694729054358,0.0910856940966933,0.366365527148309,0.719011150792481
"Scott County","vap_asian","pre_16_rep_tru",0.500325367765575,0.172875448739452,0.177568177551145,0.828124031581452
"Scott County","vap_asian","pre_16_dem_cli",0.499674632234426,0.172875448739452,0.171875968418548,0.822431822448854
"Scott County","vap_aian","pre_16_rep_tru",0.510265242316676,0.167238792466149,0.189420029358624,0.822881812330659
"Scott County","vap_aian","pre_16_dem_cli",0.489734757683324,0.167238792466149,0.177118187669341,0.810579970641376
"Scott County","vap_oth_b","pre_16_rep_tru",0.472518060718522,0.172384252649358,0.163233812763122,0.819402817639953
"Scott County","vap_oth_b","pre_16_dem_cli",0.527481939281478,0.172384252649358,0.180597182360047,0.836766187236878
"Scott County","vap_white","uss_18_rep_wic",0.962122468654623,0.0157655938105936,0.925945159208675,0.986181577469236
"Scott County","vap_white","uss_18_dem_bar",0.0378775313453772,0.0157655938105936,0.013818422530764,0.0740548407913251
"Scott County","vap_black","uss_18_rep_wic",0.145454469013709,0.036475003434633,0.0809236222862052,0.223426075208604
"Scott County","vap_black","uss_18_dem_bar",0.854545530986291,0.036475003434633,0.776573924791396,0.919076377713795
"Scott County","vap_hisp","uss_18_rep_wic",0.480782057631083,0.0898937700886174,0.301340798559991,0.662409763396229
"Scott County","vap_hisp","uss_18_dem_bar",0.519217942368917,0.0898937700886174,0.337590236603771,0.698659201440009
"Scott County","vap_asian","uss_18_rep_wic",0.513956408614117,0.190731872436503,0.161413288419869,0.877512625704855
"Scott County","vap_asian","uss_18_dem_bar",0.486043591385884,0.190731872436503,0.122487374295145,0.838586711580131
"Scott County","vap_aian","uss_18_rep_wic",0.517585933863672,0.17356076876247,0.187232027345982,0.836857289715203
"Scott County","vap_aian","uss_18_dem_bar",0.482414066136328,0.17356076876247,0.163142710284797,0.812767972654018
"Scott County","vap_oth_b","uss_18_rep_wic",0.475834880716533,0.160963995168062,0.179098711419236,0.790814053150834
"Scott County","vap_oth_b","uss_18_dem_bar",0.524165119283467,0.160963995168062,0.209185946849167,0.820901288580764
"Scott County","vap_white","pre_20_rep_tru",0.960669059669606,0.0167776054996143,0.91940575235001,0.98553287002073
"Scott County","vap_white","pre_20_dem_bid",0.0393309403303943,0.0167776054996143,0.0144671299792699,0.0805942476499898
"Scott County","vap_black","pre_20_rep_tru",0.115976831283831,0.0375931966808528,0.0568659048292107,0.207820436996606
"Scott County","vap_black","pre_20_dem_bid",0.884023168716169,0.0375931966808528,0.792179563003394,0.943134095170789
"Scott County","vap_hisp","pre_20_rep_tru",0.42754063778187,0.100865709184639,0.220951570439607,0.626216365502707
"Scott County","vap_hisp","pre_20_dem_bid",0.57245936221813,0.100865709184639,0.373783634497293,0.779048429560393
"Scott County","vap_asian","pre_20_rep_tru",0.50126180115462,0.175517911210163,0.169930459642388,0.834427366028947
"Scott County","vap_asian","pre_20_dem_bid",0.49873819884538,0.175517911210163,0.165572633971053,0.830069540357612
"Scott County","vap_aian","pre_20_rep_tru",0.510059093044932,0.178454075357137,0.171705330200344,0.843780266344027
"Scott County","vap_aian","pre_20_dem_bid",0.489940906955068,0.178454075357137,0.156219733655973,0.828294669799656
"Scott County","vap_oth_b","pre_20_rep_tru",0.46965772331856,0.174577077510258,0.125792726610985,0.796770150847305
"Scott County","vap_oth_b","pre_20_dem_bid",0.53034227668144,0.174577077510258,0.203229849152695,0.874207273389015
"Scott County","vap_white","uss_20_rep_hyd",0.946439023694728,0.015206717245742,0.911203353662866,0.971429005747446
"Scott County","vap_white","uss_20_dem_esp",0.0535609763052725,0.015206717245742,0.0285709942525539,0.0887966463371334
"Scott County","vap_black","uss_20_rep_hyd",0.0705435609162658,0.0277466872583532,0.0263063006994139,0.134479412930008
"Scott County","vap_black","uss_20_dem_esp",0.929456439083734,0.0277466872583532,0.865520587069992,0.973693699300586
"Scott County","vap_hisp","uss_20_rep_hyd",0.367123708385095,0.0808890117448533,0.207457317696406,0.524292996348995
"Scott County","vap_hisp","uss_20_dem_esp",0.632876291614905,0.0808890117448533,0.475707003651005,0.792542682303594
"Scott County","vap_asian","uss_20_rep_hyd",0.481798749702053,0.175023810026482,0.166116064301566,0.825340368830425
"Scott County","vap_asian","uss_20_dem_esp",0.518201250297948,0.175023810026482,0.174659631169575,0.833883935698434
"Scott County","vap_aian","uss_20_rep_hyd",0.522226442515563,0.172789403204306,0.19388481024349,0.847568813890463
"Scott County","vap_aian","uss_20_dem_esp",0.477773557484437,0.172789403204306,0.152431186109537,0.80611518975651
"Scott County","vap_oth_b","uss_20_rep_hyd",0.452106512508311,0.163484009403963,0.16544047186284,0.779613361187059
"Scott County","vap_oth_b","uss_20_dem_esp",0.547893487491689,0.163484009403963,0.220386638812941,0.83455952813716
"Sharkey County","vap_white","pre_16_rep_tru",0.82249838164873,0.073197729664983,0.652787228908292,0.93315737874021
"Sharkey County","vap_white","pre_16_dem_cli",0.17750161835127,0.073197729664983,0.0668426212597898,0.347212771091708
"Sharkey County","vap_black","pre_16_rep_tru",0.0794293946077414,0.0344513215864599,0.028037443254106,0.15975037781969
"Sharkey County","vap_black","pre_16_dem_cli",0.920570605392258,0.0344513215864599,0.84024962218031,0.971962556745894
"Sharkey County","vap_hisp","pre_16_rep_tru",0.485082700350722,0.201161844152009,0.118097073227493,0.878944234516007
"Sharkey County","vap_hisp","pre_16_dem_cli",0.514917299649278,0.201161844152009,0.121055765483993,0.881902926772507
"Sharkey County","vap_asian","pre_16_rep_tru",0.505407750081747,0.197650919489925,0.127727722863627,0.879107635787156
"Sharkey County","vap_asian","pre_16_dem_cli",0.494592249918253,0.197650919489925,0.120892364212844,0.872272277136372
"Sharkey County","vap_aian","pre_16_rep_tru",NA,NA,NA,NA
"Sharkey County","vap_aian","pre_16_dem_cli",NA,NA,NA,NA
"Sharkey County","vap_oth_b","pre_16_rep_tru",0.463226059667602,0.188742277260356,0.124908033512429,0.841611054791898
"Sharkey County","vap_oth_b","pre_16_dem_cli",0.536773940332398,0.188742277260356,0.158388945208102,0.875091966487571
"Sharkey County","vap_white","uss_18_rep_wic",0.865731105705396,0.0729807933098783,0.689043975447627,0.971353871295172
"Sharkey County","vap_white","uss_18_dem_bar",0.134268894294604,0.0729807933098783,0.0286461287048281,0.310956024552373
"Sharkey County","vap_black","uss_18_rep_wic",0.102184949984219,0.0364494833452257,0.045994212271404,0.18792335158741
"Sharkey County","vap_black","uss_18_dem_bar",0.89781505001578,0.0364494833452257,0.81207664841259,0.954005787728596
"Sharkey County","vap_hisp","uss_18_rep_wic",0.495398999663214,0.1975960928324,0.129634042684683,0.86107414947855
"Sharkey County","vap_hisp","uss_18_dem_bar",0.504601000336786,0.1975960928324,0.13892585052145,0.870365957315317
"Sharkey County","vap_asian","uss_18_rep_wic",0.513926770036959,0.193726547584169,0.148786251149168,0.874815268118161
"Sharkey County","vap_asian","uss_18_dem_bar",0.486073229963041,0.193726547584169,0.125184731881839,0.851213748850832
"Sharkey County","vap_aian","uss_18_rep_wic",NA,NA,NA,NA
"Sharkey County","vap_aian","uss_18_dem_bar",NA,NA,NA,NA
"Sharkey County","vap_oth_b","uss_18_rep_wic",0.506923025657342,0.185114688081386,0.154080847069276,0.854486723692932
"Sharkey County","vap_oth_b","uss_18_dem_bar",0.493076974342658,0.185114688081386,0.145513276307068,0.845919152930724
"Sharkey County","vap_white","pre_20_rep_tru",0.842871801953123,0.0736674009970164,0.669456522852079,0.955286990777219
"Sharkey County","vap_white","pre_20_dem_bid",0.157128198046877,0.0736674009970164,0.0447130092227813,0.330543477147921
"Sharkey County","vap_black","pre_20_rep_tru",0.0828609355294358,0.0358239515994389,0.0288943191976268,0.166881052081838
"Sharkey County","vap_black","pre_20_dem_bid",0.917139064470564,0.0358239515994389,0.833118947918162,0.971105680802373
"Sharkey County","vap_hisp","pre_20_rep_tru",0.479684926871715,0.204721523115353,0.114687811445243,0.867921468784827
"Sharkey County","vap_hisp","pre_20_dem_bid",0.520315073128285,0.204721523115353,0.132078531215173,0.885312188554757
"Sharkey County","vap_asian","pre_20_rep_tru",0.507968141592332,0.193771512867026,0.138560949270997,0.86754172855966
"Sharkey County","vap_asian","pre_20_dem_bid",0.492031858407668,0.193771512867026,0.13245827144034,0.861439050729002
"Sharkey County","vap_aian","pre_20_rep_tru",NA,NA,NA,NA
"Sharkey County","vap_aian","pre_20_dem_bid",NA,NA,NA,NA
"Sharkey County","vap_oth_b","pre_20_rep_tru",0.488385149220635,0.194856157934248,0.127157054715019,0.854406453034953
"Sharkey County","vap_oth_b","pre_20_dem_bid",0.511614850779365,0.194856157934248,0.145593546965047,0.872842945284981
"Sharkey County","vap_white","uss_20_rep_hyd",0.822886670749176,0.0723855749744696,0.658346113748917,0.932420451792151
"Sharkey County","vap_white","uss_20_dem_esp",0.177113329250824,0.0723855749744696,0.0675795482078485,0.341653886251083
"Sharkey County","vap_black","uss_20_rep_hyd",0.0696451103747192,0.0341775800551343,0.018439651168411,0.149661345674264
"Sharkey County","vap_black","uss_20_dem_esp",0.930354889625281,0.0341775800551343,0.850338654325736,0.981560348831589
"Sharkey County","vap_hisp","uss_20_rep_hyd",0.48386740211839,0.20175362837563,0.12036095772003,0.881346876651837
"Sharkey County","vap_hisp","uss_20_dem_esp",0.51613259788161,0.20175362837563,0.118653123348163,0.87963904227997
"Sharkey County","vap_asian","uss_20_rep_hyd",0.502700057383013,0.193585685575788,0.140306468473127,0.871773509970677
"Sharkey County","vap_asian","uss_20_dem_esp",0.497299942616987,0.193585685575788,0.128226490029323,0.859693531526872
"Sharkey County","vap_aian","uss_20_rep_hyd",NA,NA,NA,NA
"Sharkey County","vap_aian","uss_20_dem_esp",NA,NA,NA,NA
"Sharkey County","vap_oth_b","uss_20_rep_hyd",0.436418185148407,0.18339710768376,0.115836870578088,0.801918160709559
"Sharkey County","vap_oth_b","uss_20_dem_esp",0.563581814851593,0.18339710768376,0.198081839290441,0.884163129421912
"Simpson County","vap_white","pre_16_rep_tru",0.861373569304266,0.0213889472225937,0.814886473113481,0.897878166121727
"Simpson County","vap_white","pre_16_dem_cli",0.138626430695734,0.0213889472225937,0.102121833878273,0.185113526886519
"Simpson County","vap_black","pre_16_rep_tru",0.188212174126223,0.0382030212377267,0.122481458853679,0.271331562097058
"Simpson County","vap_black","pre_16_dem_cli",0.811787825873777,0.0382030212377267,0.728668437902942,0.877518541146321
"Simpson County","vap_hisp","pre_16_rep_tru",0.523270921164701,0.179996818090582,0.170744389115103,0.849180826257374
"Simpson County","vap_hisp","pre_16_dem_cli",0.476729078835299,0.179996818090582,0.150819173742626,0.829255610884897
"Simpson County","vap_asian","pre_16_rep_tru",0.526284189275122,0.178523563873714,0.179956253528916,0.856011524199095
"Simpson County","vap_asian","pre_16_dem_cli",0.473715810724878,0.178523563873714,0.143988475800905,0.820043746471084
"Simpson County","vap_aian","pre_16_rep_tru",0.488464629959122,0.174754517538617,0.169083309191499,0.810718689973034
"Simpson County","vap_aian","pre_16_dem_cli",0.511535370040878,0.174754517538617,0.189281310026966,0.830916690808501
"Simpson County","vap_oth_b","pre_16_rep_tru",0.546990550667181,0.164634793536697,0.222538570645876,0.847150640846113
"Simpson County","vap_oth_b","pre_16_dem_cli",0.453009449332819,0.164634793536697,0.152849359153887,0.777461429354124
"Simpson County","vap_white","uss_18_rep_wic",0.88170493766589,0.0224921436041412,0.831578735262683,0.919859880037013
"Simpson County","vap_white","uss_18_dem_bar",0.11829506233411,0.0224921436041412,0.0801401199629869,0.168421264737317
"Simpson County","vap_black","uss_18_rep_wic",0.211122061572801,0.039183041477711,0.142811990711001,0.297687201809851
"Simpson County","vap_black","uss_18_dem_bar",0.788877938427199,0.039183041477711,0.702312798190149,0.857188009288999
"Simpson County","vap_hisp","uss_18_rep_wic",0.503650538027183,0.163671408498846,0.168285183636865,0.800489204372598
"Simpson County","vap_hisp","uss_18_dem_bar",0.496349461972817,0.163671408498846,0.199510795627402,0.831714816363135
"Simpson County","vap_asian","uss_18_rep_wic",0.503971815934653,0.174073096609578,0.174978489190189,0.822773121237308
"Simpson County","vap_asian","uss_18_dem_bar",0.496028184065347,0.174073096609578,0.177226878762692,0.82502151080981
"Simpson County","vap_aian","uss_18_rep_wic",0.501820985792004,0.180331490675567,0.169132579220357,0.837762165983506
"Simpson County","vap_aian","uss_18_dem_bar",0.498179014207996,0.180331490675567,0.162237834016494,0.830867420779643
"Simpson County","vap_oth_b","uss_18_rep_wic",0.528273235595249,0.167914311239186,0.174256233463268,0.822195105332874
"Simpson County","vap_oth_b","uss_18_dem_bar",0.471726764404751,0.167914311239186,0.177804894667126,0.825743766536731
"Simpson County","vap_white","pre_20_rep_tru",0.879118837000802,0.0188681646026303,0.838843890258519,0.912160686198538
"Simpson County","vap_white","pre_20_dem_bid",0.120881162999198,0.0188681646026303,0.0878393138014618,0.161156109741481
"Simpson County","vap_black","pre_20_rep_tru",0.168205746150637,0.0324177519294528,0.112032641638177,0.238921379850478
"Simpson County","vap_black","pre_20_dem_bid",0.831794253849363,0.0324177519294528,0.761078620149522,0.887967358361823
"Simpson County","vap_hisp","pre_20_rep_tru",0.53826343932447,0.172115162093049,0.198484046378065,0.857921631310217
"Simpson County","vap_hisp","pre_20_dem_bid",0.46173656067553,0.172115162093049,0.142078368689783,0.801515953621935
"Simpson County","vap_asian","pre_20_rep_tru",0.520867850912631,0.169659092353278,0.198074929026279,0.834766612609275
"Simpson County","vap_asian","pre_20_dem_bid",0.479132149087369,0.169659092353278,0.165233387390725,0.801925070973721
"Simpson County","vap_aian","pre_20_rep_tru",0.494479649119949,0.177249097941222,0.164175337151823,0.828159360799585
"Simpson County","vap_aian","pre_20_dem_bid",0.505520350880051,0.177249097941222,0.171840639200415,0.835824662848177
"Simpson County","vap_oth_b","pre_20_rep_tru",0.520340396338572,0.168555749679433,0.191118858361642,0.820579764144899
"Simpson County","vap_oth_b","pre_20_dem_bid",0.479659603661428,0.168555749679433,0.179420235855101,0.808881141638358
"Simpson County","vap_white","uss_20_rep_hyd",0.858450186692343,0.020003837072492,0.814885409576155,0.892569667427731
"Simpson County","vap_white","uss_20_dem_esp",0.141549813307657,0.020003837072492,0.107430332572269,0.185114590423845
"Simpson County","vap_black","uss_20_rep_hyd",0.149824572031464,0.0340910772579579,0.0954492426870366,0.227852532104962
"Simpson County","vap_black","uss_20_dem_esp",0.850175427968536,0.0340910772579579,0.772147467895038,0.904550757312963
"Simpson County","vap_hisp","uss_20_rep_hyd",0.519039544341398,0.168010722564666,0.20137092507314,0.840671016402194
"Simpson County","vap_hisp","uss_20_dem_esp",0.480960455658602,0.168010722564666,0.159328983597806,0.79862907492686
"Simpson County","vap_asian","uss_20_rep_hyd",0.510095776987591,0.170632859320154,0.177008662998364,0.830981472790754
"Simpson County","vap_asian","uss_20_dem_esp",0.489904223012409,0.170632859320154,0.169018527209246,0.822991337001636
"Simpson County","vap_aian","uss_20_rep_hyd",0.46176167369739,0.178154476517965,0.140770851543576,0.80825510763795
"Simpson County","vap_aian","uss_20_dem_esp",0.53823832630261,0.178154476517965,0.191744892362049,0.859229148456424
"Simpson County","vap_oth_b","uss_20_rep_hyd",0.500888011002761,0.169441509534459,0.158759948782744,0.812198650158266
"Simpson County","vap_oth_b","uss_20_dem_esp",0.499111988997238,0.169441509534459,0.187801349841734,0.841240051217256
"Smith County","vap_white","pre_16_rep_tru",0.968116900946711,0.0140542516740121,0.93268202565122,0.988322346029412
"Smith County","vap_white","pre_16_dem_cli",0.0318830990532888,0.0140542516740121,0.0116776539705875,0.0673179743487796
"Smith County","vap_black","pre_16_rep_tru",0.181576231871845,0.051416459160837,0.108853481352336,0.309458429640981
"Smith County","vap_black","pre_16_dem_cli",0.818423768128155,0.051416459160837,0.690541570359019,0.891146518647664
"Smith County","vap_hisp","pre_16_rep_tru",0.505647920284664,0.168160862294953,0.177138672227468,0.819647504424521
"Smith County","vap_hisp","pre_16_dem_cli",0.494352079715336,0.168160862294953,0.180352495575479,0.822861327772532
"Smith County","vap_asian","pre_16_rep_tru",0.486075651482935,0.194793340016902,0.117779845791601,0.85271487998566
"Smith County","vap_asian","pre_16_dem_cli",0.513924348517065,0.194793340016902,0.14728512001434,0.882220154208399
"Smith County","vap_aian","pre_16_rep_tru",0.488916842375554,0.1785686343787,0.162084229063268,0.83971093807553
"Smith County","vap_aian","pre_16_dem_cli",0.511083157624446,0.1785686343787,0.16028906192447,0.837915770936732
"Smith County","vap_oth_b","pre_16_rep_tru",0.507156742093957,0.161512585925641,0.206340127447411,0.828072513458734
"Smith County","vap_oth_b","pre_16_dem_cli",0.492843257906043,0.161512585925641,0.171927486541266,0.793659872552589
"Smith County","vap_white","uss_18_rep_wic",0.963391796371794,0.0131652592934719,0.93177188231592,0.983622548634103
"Smith County","vap_white","uss_18_dem_bar",0.0366082036282061,0.0131652592934719,0.0163774513658971,0.0682281176840805
"Smith County","vap_black","uss_18_rep_wic",0.169460021296717,0.0496132079323927,0.0943410678533773,0.285093361407921
"Smith County","vap_black","uss_18_dem_bar",0.830539978703283,0.0496132079323927,0.714906638592079,0.905658932146623
"Smith County","vap_hisp","uss_18_rep_wic",0.49825254293827,0.167979409026756,0.187387615624107,0.81347279601808
"Smith County","vap_hisp","uss_18_dem_bar",0.50174745706173,0.167979409026756,0.18652720398192,0.812612384375893
"Smith County","vap_asian","uss_18_rep_wic",0.504086200469459,0.179436353758243,0.160855508669727,0.84737655416555
"Smith County","vap_asian","uss_18_dem_bar",0.495913799530541,0.179436353758243,0.152623445834451,0.839144491330272
"Smith County","vap_aian","uss_18_rep_wic",0.47185139561031,0.186365788768471,0.130840073121098,0.837321817488986
"Smith County","vap_aian","uss_18_dem_bar",0.52814860438969,0.186365788768471,0.162678182511013,0.869159926878902
"Smith County","vap_oth_b","uss_18_rep_wic",0.531644620692387,0.170888982260493,0.191187491377059,0.845399543984045
"Smith County","vap_oth_b","uss_18_dem_bar",0.468355379307613,0.170888982260493,0.154600456015955,0.808812508622941
"Smith County","vap_white","pre_20_rep_tru",0.956862925871896,0.0143057701366331,0.924965638840147,0.979845002740128
"Smith County","vap_white","pre_20_dem_bid",0.0431370741281037,0.0143057701366331,0.0201549972598722,0.0750343611598529
"Smith County","vap_black","pre_20_rep_tru",0.187120785952864,0.0529869526756417,0.104009567739117,0.305141278566812
"Smith County","vap_black","pre_20_dem_bid",0.812879214047136,0.0529869526756417,0.694858721433188,0.895990432260883
"Smith County","vap_hisp","pre_20_rep_tru",0.530699566328688,0.161840838036751,0.208228510271007,0.820631568595698
"Smith County","vap_hisp","pre_20_dem_bid",0.469300433671311,0.161840838036751,0.179368431404302,0.791771489728992
"Smith County","vap_asian","pre_20_rep_tru",0.509022411506796,0.180577451694441,0.174959618393728,0.859395227370615
"Smith County","vap_asian","pre_20_dem_bid",0.490977588493204,0.180577451694441,0.140604772629385,0.825040381606271
"Smith County","vap_aian","pre_20_rep_tru",0.497124008424721,0.178025417695119,0.163060744500808,0.842795662912387
"Smith County","vap_aian","pre_20_dem_bid",0.502875991575279,0.178025417695119,0.157204337087613,0.836939255499192
"Smith County","vap_oth_b","pre_20_rep_tru",0.544195579454305,0.163804215267927,0.227758499477692,0.843629586462474
"Smith County","vap_oth_b","pre_20_dem_bid",0.455804420545695,0.163804215267927,0.156370413537526,0.772241500522308
"Smith County","vap_white","uss_20_rep_hyd",0.947103913977804,0.0149012633545029,0.912367669168632,0.970690329741476
"Smith County","vap_white","uss_20_dem_esp",0.0528960860221956,0.0149012633545029,0.0293096702585236,0.0876323308313679
"Smith County","vap_black","uss_20_rep_hyd",0.126898392973932,0.0506192331896369,0.0535056855277666,0.247490920431865
"Smith County","vap_black","uss_20_dem_esp",0.873101607026068,0.0506192331896369,0.752509079568135,0.946494314472233
"Smith County","vap_hisp","uss_20_rep_hyd",0.497772632557343,0.175863434642693,0.161436703338244,0.83372620466957
"Smith County","vap_hisp","uss_20_dem_esp",0.502227367442656,0.175863434642693,0.16627379533043,0.838563296661756
"Smith County","vap_asian","uss_20_rep_hyd",0.507424933831423,0.18931833066516,0.148082427206949,0.866068578817859
"Smith County","vap_asian","uss_20_dem_esp",0.492575066168577,0.18931833066516,0.133931421182141,0.851917572793051
"Smith County","vap_aian","uss_20_rep_hyd",0.488018498011308,0.194370751287278,0.129937550522831,0.860682266019181
"Smith County","vap_aian","uss_20_dem_esp",0.511981501988692,0.194370751287278,0.139317733980818,0.870062449477169
"Smith County","vap_oth_b","uss_20_rep_hyd",0.531280051858575,0.173347425861122,0.197429973654557,0.850269106443879
"Smith County","vap_oth_b","uss_20_dem_esp",0.468719948141425,0.173347425861122,0.149730893556121,0.802570026345443
"Stone County","vap_white","pre_16_rep_tru",0.942132369307536,0.013750357271162,0.911967643635379,0.964540693937264
"Stone County","vap_white","pre_16_dem_cli",0.0578676306924635,0.013750357271162,0.0354593060627361,0.0880323563646214
"Stone County","vap_black","pre_16_rep_tru",0.176489271065024,0.0719863411634175,0.0616051019143963,0.340990967526248
"Stone County","vap_black","pre_16_dem_cli",0.823510728934976,0.0719863411634175,0.659009032473751,0.938394898085604
"Stone County","vap_hisp","pre_16_rep_tru",0.656214972634918,0.14830976845012,0.350780280329665,0.920799539793422
"Stone County","vap_hisp","pre_16_dem_cli",0.343785027365082,0.14830976845012,0.0792004602065773,0.649219719670334
"Stone County","vap_asian","pre_16_rep_tru",0.497304201275178,0.183542709900627,0.135481500275092,0.831694799787541
"Stone County","vap_asian","pre_16_dem_cli",0.502695798724822,0.183542709900627,0.168305200212459,0.864518499724908
"Stone County","vap_aian","pre_16_rep_tru",0.49491328736518,0.172785906584672,0.179214376324911,0.837645084514174
"Stone County","vap_aian","pre_16_dem_cli",0.50508671263482,0.172785906584672,0.162354915485826,0.820785623675089
"Stone County","vap_oth_b","pre_16_rep_tru",0.463084053827167,0.164081841282765,0.178407409977037,0.802492914297456
"Stone County","vap_oth_b","pre_16_dem_cli",0.536915946172833,0.164081841282765,0.197507085702544,0.821592590022963
"Stone County","vap_white","uss_18_rep_wic",0.941834972166762,0.0147635087996941,0.910494468627501,0.96745203306199
"Stone County","vap_white","uss_18_dem_bar",0.0581650278332378,0.0147635087996941,0.03254796693801,0.089505531372499
"Stone County","vap_black","uss_18_rep_wic",0.218597378618081,0.0711389375043262,0.100892937352736,0.380310692044361
"Stone County","vap_black","uss_18_dem_bar",0.781402621381919,0.0711389375043262,0.619689307955639,0.899107062647264
"Stone County","vap_hisp","uss_18_rep_wic",0.56643889245084,0.152572176490947,0.255573326705275,0.84557424858427
"Stone County","vap_hisp","uss_18_dem_bar",0.43356110754916,0.152572176490947,0.15442575141573,0.744426673294725
"Stone County","vap_asian","uss_18_rep_wic",0.473581828765114,0.209054693550469,0.0597223218450967,0.832307557534567
"Stone County","vap_asian","uss_18_dem_bar",0.526418171234886,0.209054693550469,0.167692442465433,0.940277678154903
"Stone County","vap_aian","uss_18_rep_wic",0.475135161947842,0.177175534966534,0.148966077184308,0.827617619096872
"Stone County","vap_aian","uss_18_dem_bar",0.524864838052158,0.177175534966534,0.172382380903128,0.851033922815692
"Stone County","vap_oth_b","uss_18_rep_wic",0.419332694466513,0.168702151503301,0.136991242966794,0.769226576538581
"Stone County","vap_oth_b","uss_18_dem_bar",0.580667305533488,0.168702151503301,0.230773423461419,0.863008757033206
"Stone County","vap_white","pre_20_rep_tru",0.931776744981451,0.0157800670209468,0.898019002053475,0.95865880203614
"Stone County","vap_white","pre_20_dem_bid",0.0682232550185494,0.0157800670209468,0.0413411979638594,0.101980997946525
"Stone County","vap_black","pre_20_rep_tru",0.202119361747778,0.0753352870070436,0.0797410874209962,0.369530885722967
"Stone County","vap_black","pre_20_dem_bid",0.797880638252222,0.0753352870070436,0.630469114277032,0.920258912579004
"Stone County","vap_hisp","pre_20_rep_tru",0.604531043518671,0.149721006760848,0.302805274793426,0.868665179358841
"Stone County","vap_hisp","pre_20_dem_bid",0.395468956481329,0.149721006760848,0.131334820641159,0.697194725206574
"Stone County","vap_asian","pre_20_rep_tru",0.501019007038716,0.176227492607832,0.171733141388781,0.842878712333255
"Stone County","vap_asian","pre_20_dem_bid",0.498980992961284,0.176227492607832,0.157121287666745,0.828266858611219
"Stone County","vap_aian","pre_20_rep_tru",0.495282290004274,0.170871944756751,0.169733286603158,0.821612046359756
"Stone County","vap_aian","pre_20_dem_bid",0.504717709995726,0.170871944756751,0.178387953640244,0.830266713396842
"Stone County","vap_oth_b","pre_20_rep_tru",0.449425022742149,0.166638930704014,0.155318795738473,0.780414660384487
"Stone County","vap_oth_b","pre_20_dem_bid",0.550574977257851,0.166638930704014,0.219585339615513,0.844681204261527
"Stone County","vap_white","uss_20_rep_hyd",0.890301021290113,0.0180873871599854,0.849964326321641,0.921284149287966
"Stone County","vap_white","uss_20_dem_esp",0.109698978709887,0.0180873871599854,0.0787158507120343,0.150035673678359
"Stone County","vap_black","uss_20_rep_hyd",0.186986787705028,0.0785083168748347,0.0605320122366838,0.361425346164102
"Stone County","vap_black","uss_20_dem_esp",0.813013212294971,0.0785083168748347,0.638574653835899,0.939467987763316
"Stone County","vap_hisp","uss_20_rep_hyd",0.522719449798512,0.171935878345773,0.181401218837145,0.839908789596847
"Stone County","vap_hisp","uss_20_dem_esp",0.477280550201488,0.171935878345773,0.160091210403153,0.818598781162854
"Stone County","vap_asian","uss_20_rep_hyd",0.488136024272905,0.182540620137908,0.139863727836429,0.834046347222546
"Stone County","vap_asian","uss_20_dem_esp",0.511863975727095,0.182540620137908,0.165953652777454,0.860136272163571
"Stone County","vap_aian","uss_20_rep_hyd",0.488820308509652,0.166490508796126,0.172070798537375,0.808577360332227
"Stone County","vap_aian","uss_20_dem_esp",0.511179691490348,0.166490508796126,0.191422639667773,0.827929201462625
"Stone County","vap_oth_b","uss_20_rep_hyd",0.448953398322313,0.171327079324813,0.146601149329409,0.796290433590987
"Stone County","vap_oth_b","uss_20_dem_esp",0.551046601677687,0.171327079324813,0.203709566409013,0.853398850670591
"Sunflower County","vap_white","pre_16_rep_tru",0.929862066970556,0.0308246540612418,0.847646169530726,0.970102220752653
"Sunflower County","vap_white","pre_16_dem_cli",0.0701379330294444,0.0308246540612418,0.0298977792473466,0.152353830469274
"Sunflower County","vap_black","pre_16_rep_tru",0.0616470963507915,0.0201226440882428,0.0327641886240297,0.113023989495439
"Sunflower County","vap_black","pre_16_dem_cli",0.938352903649208,0.0201226440882428,0.886976010504561,0.96723581137597
"Sunflower County","vap_hisp","pre_16_rep_tru",0.586764323792494,0.161557933205013,0.259839133524689,0.876812621984717
"Sunflower County","vap_hisp","pre_16_dem_cli",0.413235676207506,0.161557933205013,0.123187378015283,0.74016086647531
"Sunflower County","vap_asian","pre_16_rep_tru",0.502380805505542,0.193503094765896,0.142913386645573,0.865933215161765
"Sunflower County","vap_asian","pre_16_dem_cli",0.497619194494457,0.193503094765896,0.134066784838235,0.857086613354427
"Sunflower County","vap_aian","pre_16_rep_tru",0.510634569134375,0.194907837559967,0.139646533508073,0.870835977615146
"Sunflower County","vap_aian","pre_16_dem_cli",0.489365430865626,0.194907837559967,0.129164022384854,0.860353466491927
"Sunflower County","vap_oth_b","pre_16_rep_tru",0.474333623074241,0.157889742667543,0.178307689459388,0.771796008525038
"Sunflower County","vap_oth_b","pre_16_dem_cli",0.525666376925759,0.157889742667543,0.228203991474962,0.821692310540612
"Sunflower County","vap_white","uss_18_rep_wic",0.910877644047962,0.0383546521855417,0.821978555424695,0.968601764585688
"Sunflower County","vap_white","uss_18_dem_bar",0.0891223559520381,0.0383546521855417,0.0313982354143122,0.178021444575305
"Sunflower County","vap_black","uss_18_rep_wic",0.140438513616786,0.0236641192185081,0.101840787161652,0.193346888969804
"Sunflower County","vap_black","uss_18_dem_bar",0.859561486383214,0.0236641192185081,0.806653111030195,0.898159212838348
"Sunflower County","vap_hisp","uss_18_rep_wic",0.590774522936813,0.166964808464297,0.255120774131931,0.885374910399391
"Sunflower County","vap_hisp","uss_18_dem_bar",0.409225477063187,0.166964808464297,0.114625089600609,0.744879225868069
"Sunflower County","vap_asian","uss_18_rep_wic",0.506630431148823,0.190436276638849,0.14250785766265,0.859150454044072
"Sunflower County","vap_asian","uss_18_dem_bar",0.493369568851177,0.190436276638849,0.140849545955928,0.85749214233735
"Sunflower County","vap_aian","uss_18_rep_wic",0.528328107728653,0.203182534951622,0.126712561895729,0.89148922472307
"Sunflower County","vap_aian","uss_18_dem_bar",0.471671892271347,0.203182534951622,0.10851077527693,0.873287438104271
"Sunflower County","vap_oth_b","uss_18_rep_wic",0.552122020130656,0.166613323546652,0.22784124027909,0.853413249589215
"Sunflower County","vap_oth_b","uss_18_dem_bar",0.447877979869344,0.166613323546652,0.146586750410785,0.77215875972091
"Sunflower County","vap_white","pre_20_rep_tru",0.90893455527785,0.0332480985013905,0.830056565072586,0.958690766960642
"Sunflower County","vap_white","pre_20_dem_bid",0.0910654447221505,0.0332480985013905,0.0413092330393579,0.169943434927413
"Sunflower County","vap_black","pre_20_rep_tru",0.05552342437358,0.0201912252173007,0.024934577101958,0.10301648668452
"Sunflower County","vap_black","pre_20_dem_bid",0.94447657562642,0.0201912252173007,0.89698351331548,0.975065422898042
"Sunflower County","vap_hisp","pre_20_rep_tru",0.603540211794173,0.16585297896975,0.257743764304032,0.887917154870099
"Sunflower County","vap_hisp","pre_20_dem_bid",0.396459788205826,0.16585297896975,0.112082845129901,0.742256235695968
"Sunflower County","vap_asian","pre_20_rep_tru",0.524891058108792,0.191746887755565,0.156655813751597,0.866404640871872
"Sunflower County","vap_asian","pre_20_dem_bid",0.475108941891208,0.191746887755565,0.133595359128128,0.843344186248403
"Sunflower County","vap_aian","pre_20_rep_tru",0.512389815780744,0.189180725458806,0.149158910319313,0.855792942774742
"Sunflower County","vap_aian","pre_20_dem_bid",0.487610184219256,0.189180725458806,0.144207057225258,0.850841089680688
"Sunflower County","vap_oth_b","pre_20_rep_tru",0.619084444497092,0.160217785434514,0.261154144160431,0.876368206633591
"Sunflower County","vap_oth_b","pre_20_dem_bid",0.380915555502908,0.160217785434514,0.123631793366409,0.738845855839569
"Sunflower County","vap_white","uss_20_rep_hyd",0.896789889998508,0.032533317131144,0.817763523027921,0.943652753623433
"Sunflower County","vap_white","uss_20_dem_esp",0.103210110001492,0.032533317131144,0.0563472463765668,0.182236476972079
"Sunflower County","vap_black","uss_20_rep_hyd",0.0326834912337804,0.0182788990366182,0.00721764945345115,0.0774106666220031
"Sunflower County","vap_black","uss_20_dem_esp",0.96731650876622,0.0182788990366182,0.922589333377997,0.992782350546549
"Sunflower County","vap_hisp","uss_20_rep_hyd",0.590497316086319,0.173728826169452,0.242273328140972,0.900063856653237
"Sunflower County","vap_hisp","uss_20_dem_esp",0.409502683913681,0.173728826169452,0.0999361433467631,0.757726671859028
"Sunflower County","vap_asian","uss_20_rep_hyd",0.517491248974355,0.194999201160787,0.140307038919547,0.872562947320353
"Sunflower County","vap_asian","uss_20_dem_esp",0.482508751025645,0.194999201160787,0.127437052679647,0.859692961080453
"Sunflower County","vap_aian","uss_20_rep_hyd",0.508379893588296,0.186164132664813,0.156311248314474,0.851018824430056
"Sunflower County","vap_aian","uss_20_dem_esp",0.491620106411704,0.186164132664813,0.148981175569944,0.843688751685526
"Sunflower County","vap_oth_b","uss_20_rep_hyd",0.563578960761319,0.15545012427493,0.257835215786106,0.84561819503894
"Sunflower County","vap_oth_b","uss_20_dem_esp",0.436421039238681,0.15545012427493,0.15438180496106,0.742164784213894
"Tallahatchie County","vap_white","pre_16_rep_tru",0.810638048722455,0.0394750487146278,0.716514784211004,0.872029786868724
"Tallahatchie County","vap_white","pre_16_dem_cli",0.189361951277545,0.0394750487146278,0.127970213131276,0.283485215788996
"Tallahatchie County","vap_black","pre_16_rep_tru",0.154840544681656,0.0354734514169158,0.101575935209811,0.24182804421778
"Tallahatchie County","vap_black","pre_16_dem_cli",0.845159455318344,0.0354734514169158,0.75817195578222,0.898424064790189
"Tallahatchie County","vap_hisp","pre_16_rep_tru",0.304283414833324,0.141198963381196,0.0662684430206105,0.601353642664366
"Tallahatchie County","vap_hisp","pre_16_dem_cli",0.695716585166676,0.141198963381196,0.398646357335634,0.933731556979389
"Tallahatchie County","vap_asian","pre_16_rep_tru",0.487649991131678,0.197609418353374,0.11845882632229,0.872521968624817
"Tallahatchie County","vap_asian","pre_16_dem_cli",0.512350008868322,0.197609418353374,0.127478031375182,0.88154117367771
"Tallahatchie County","vap_aian","pre_16_rep_tru",0.5194678928014,0.200751386426883,0.136961028598306,0.889357951381234
"Tallahatchie County","vap_aian","pre_16_dem_cli",0.4805321071986,0.200751386426883,0.110642048618766,0.863038971401694
"Tallahatchie County","vap_oth_b","pre_16_rep_tru",0.548207133970791,0.167069602933569,0.207534251021014,0.857150112764298
"Tallahatchie County","vap_oth_b","pre_16_dem_cli",0.451792866029209,0.167069602933569,0.142849887235702,0.792465748978986
"Tallahatchie County","vap_white","uss_18_rep_wic",0.847926814921994,0.0386896871323157,0.761197822744442,0.911607177388559
"Tallahatchie County","vap_white","uss_18_dem_bar",0.152073185078006,0.0386896871323157,0.0883928226114408,0.238802177255558
"Tallahatchie County","vap_black","uss_18_rep_wic",0.210077035986458,0.0363007536860688,0.150757906924268,0.290596897257516
"Tallahatchie County","vap_black","uss_18_dem_bar",0.789922964013542,0.0363007536860688,0.709403102742484,0.849242093075731
"Tallahatchie County","vap_hisp","uss_18_rep_wic",0.323779334412181,0.168103436193963,0.066013225158157,0.696616246663872
"Tallahatchie County","vap_hisp","uss_18_dem_bar",0.676220665587819,0.168103436193963,0.303383753336128,0.933986774841843
"Tallahatchie County","vap_asian","uss_18_rep_wic",0.520387454286249,0.208473172992561,0.138323235311902,0.922448241104058
"Tallahatchie County","vap_asian","uss_18_dem_bar",0.479612545713751,0.208473172992561,0.0775517588959422,0.861676764688098
"Tallahatchie County","vap_aian","uss_18_rep_wic",0.489288577534849,0.203169051604737,0.110527281089786,0.871050384717906
"Tallahatchie County","vap_aian","uss_18_dem_bar",0.510711422465151,0.203169051604737,0.128949615282094,0.889472718910214
"Tallahatchie County","vap_oth_b","uss_18_rep_wic",0.594949197191852,0.156072332273984,0.280757302150915,0.872610163772395
"Tallahatchie County","vap_oth_b","uss_18_dem_bar",0.405050802808148,0.156072332273984,0.127389836227605,0.719242697849085
"Tallahatchie County","vap_white","pre_20_rep_tru",0.804391235501123,0.0426317268923241,0.70340519835664,0.869999245882572
"Tallahatchie County","vap_white","pre_20_dem_bid",0.195608764498877,0.0426317268923241,0.130000754117428,0.29659480164336
"Tallahatchie County","vap_black","pre_20_rep_tru",0.171752811563224,0.0369858180629801,0.117617647038162,0.262012607425963
"Tallahatchie County","vap_black","pre_20_dem_bid",0.828247188436776,0.0369858180629801,0.737987392574037,0.882382352961838
"Tallahatchie County","vap_hisp","pre_20_rep_tru",0.282420427428272,0.133320714382362,0.0681079947562842,0.572723883590617
"Tallahatchie County","vap_hisp","pre_20_dem_bid",0.717579572571728,0.133320714382362,0.427276116409383,0.931892005243716
"Tallahatchie County","vap_asian","pre_20_rep_tru",0.49162146370479,0.206254642500249,0.0848402681166433,0.86913712382238
"Tallahatchie County","vap_asian","pre_20_dem_bid",0.50837853629521,0.206254642500249,0.130862876177619,0.915159731883357
"Tallahatchie County","vap_aian","pre_20_rep_tru",0.494315849002597,0.216994868649295,0.0868211638668867,0.896445016814902
"Tallahatchie County","vap_aian","pre_20_dem_bid",0.505684150997403,0.216994868649295,0.103554983185098,0.913178836133113
"Tallahatchie County","vap_oth_b","pre_20_rep_tru",0.611342043481579,0.161514424373174,0.27055073686305,0.890345352458056
"Tallahatchie County","vap_oth_b","pre_20_dem_bid",0.388657956518421,0.161514424373174,0.109654647541943,0.72944926313695
"Tallahatchie County","vap_white","uss_20_rep_hyd",0.753198079505627,0.0372674477468968,0.672151989388765,0.816945051887056
"Tallahatchie County","vap_white","uss_20_dem_esp",0.246801920494373,0.0372674477468968,0.183054948112944,0.327848010611235
"Tallahatchie County","vap_black","uss_20_rep_hyd",0.155214479572411,0.0328679202827058,0.101296762187511,0.228032839353037
"Tallahatchie County","vap_black","uss_20_dem_esp",0.844785520427589,0.0328679202827058,0.771967160646963,0.898703237812489
"Tallahatchie County","vap_hisp","uss_20_rep_hyd",0.269327588072101,0.120005154912635,0.0754712142724476,0.521937231368184
"Tallahatchie County","vap_hisp","uss_20_dem_esp",0.730672411927899,0.120005154912635,0.478062768631816,0.924528785727552
"Tallahatchie County","vap_asian","uss_20_rep_hyd",0.496093048098798,0.20253672386316,0.114528562250652,0.874306331203785
"Tallahatchie County","vap_asian","uss_20_dem_esp",0.503906951901201,0.20253672386316,0.125693668796215,0.885471437749348
"Tallahatchie County","vap_aian","uss_20_rep_hyd",0.489452988872527,0.199882770285734,0.109560644746625,0.865532185811415
"Tallahatchie County","vap_aian","uss_20_dem_esp",0.510547011127473,0.199882770285734,0.134467814188585,0.890439355253375
"Tallahatchie County","vap_oth_b","uss_20_rep_hyd",0.548794042115447,0.178375317474197,0.186243281496491,0.872558842997773
"Tallahatchie County","vap_oth_b","uss_20_dem_esp",0.451205957884553,0.178375317474197,0.127441157002227,0.813756718503509
"Tate County","vap_white","pre_16_rep_tru",0.902023557191964,0.019330915738051,0.861483411421671,0.93510759314575
"Tate County","vap_white","pre_16_dem_cli",0.0979764428080355,0.019330915738051,0.0648924068542504,0.138516588578329
"Tate County","vap_black","pre_16_rep_tru",0.116081596190249,0.0448212658113904,0.04619851480105,0.215221091409502
"Tate County","vap_black","pre_16_dem_cli",0.883918403809751,0.0448212658113904,0.784778908590497,0.95380148519895
"Tate County","vap_hisp","pre_16_rep_tru",0.478532590260631,0.172434840518592,0.151026951973813,0.803315895436168
"Tate County","vap_hisp","pre_16_dem_cli",0.521467409739369,0.172434840518592,0.196684104563831,0.848973048026187
"Tate County","vap_asian","pre_16_rep_tru",0.494913934974982,0.184107480669162,0.145405623921665,0.839864315287239
"Tate County","vap_asian","pre_16_dem_cli",0.505086065025018,0.184107480669162,0.160135684712761,0.854594376078335
"Tate County","vap_aian","pre_16_rep_tru",0.489323031677422,0.183532262595476,0.135254293976579,0.833531948892099
"Tate County","vap_aian","pre_16_dem_cli",0.510676968322578,0.183532262595476,0.166468051107901,0.864745706023421
"Tate County","vap_oth_b","pre_16_rep_tru",0.48396444911432,0.160616278224448,0.188533958683088,0.792860915969447
"Tate County","vap_oth_b","pre_16_dem_cli",0.51603555088568,0.160616278224448,0.207139084030553,0.811466041316912
"Tate County","vap_white","uss_18_rep_wic",0.94233274049642,0.0185465708583683,0.898096802547862,0.971237220437832
"Tate County","vap_white","uss_18_dem_bar",0.05766725950358,0.0185465708583683,0.0287627795621678,0.101903197452138
"Tate County","vap_black","uss_18_rep_wic",0.106523226639407,0.0446971731451009,0.0432931438094699,0.216581635922212
"Tate County","vap_black","uss_18_dem_bar",0.893476773360593,0.0446971731451009,0.783418364077788,0.95670685619053
"Tate County","vap_hisp","uss_18_rep_wic",0.482981484260488,0.163031522193047,0.172045844227546,0.792950986821546
"Tate County","vap_hisp","uss_18_dem_bar",0.517018515739512,0.163031522193047,0.207049013178453,0.827954155772454
"Tate County","vap_asian","uss_18_rep_wic",0.519727835827672,0.173279756698556,0.190707856749102,0.855609319744534
"Tate County","vap_asian","uss_18_dem_bar",0.480272164172328,0.173279756698556,0.144390680255466,0.809292143250898
"Tate County","vap_aian","uss_18_rep_wic",0.486415969657905,0.197126904895189,0.106807106708108,0.851318069674762
"Tate County","vap_aian","uss_18_dem_bar",0.513584030342095,0.197126904895189,0.148681930325238,0.893192893291892
"Tate County","vap_oth_b","uss_18_rep_wic",0.457611423660995,0.162527718202043,0.143192785474866,0.767704768910893
"Tate County","vap_oth_b","uss_18_dem_bar",0.542388576339005,0.162527718202043,0.232295231089108,0.856807214525134
"Tate County","vap_white","pre_20_rep_tru",0.931165566953817,0.017393793343409,0.891553658473712,0.958189897507847
"Tate County","vap_white","pre_20_dem_bid",0.0688344330461827,0.017393793343409,0.0418101024921533,0.108446341526288
"Tate County","vap_black","pre_20_rep_tru",0.106218713439646,0.0437882274444393,0.0391885788237969,0.207113308395262
"Tate County","vap_black","pre_20_dem_bid",0.893781286560354,0.0437882274444393,0.792886691604738,0.960811421176203
"Tate County","vap_hisp","pre_20_rep_tru",0.464906843895987,0.170389294086078,0.155552063591502,0.792234641477984
"Tate County","vap_hisp","pre_20_dem_bid",0.535093156104013,0.170389294086078,0.207765358522016,0.844447936408498
"Tate County","vap_asian","pre_20_rep_tru",0.495926696536769,0.174959049764922,0.174440313552555,0.825999428514014
"Tate County","vap_asian","pre_20_dem_bid",0.504073303463231,0.174959049764922,0.174000571485986,0.825559686447445
"Tate County","vap_aian","pre_20_rep_tru",0.486082451611469,0.184660475032029,0.155034583267333,0.852691406570697
"Tate County","vap_aian","pre_20_dem_bid",0.513917548388531,0.184660475032029,0.147308593429303,0.844965416732667
"Tate County","vap_oth_b","pre_20_rep_tru",0.492358601279814,0.163050695343667,0.198836193448325,0.806978951054839
"Tate County","vap_oth_b","pre_20_dem_bid",0.507641398720186,0.163050695343667,0.193021048945161,0.801163806551675
"Tate County","vap_white","uss_20_rep_hyd",0.876584422652813,0.0206265520767788,0.830451127205552,0.911504539524972
"Tate County","vap_white","uss_20_dem_esp",0.123415577347187,0.0206265520767788,0.0884954604750282,0.169548872794448
"Tate County","vap_black","uss_20_rep_hyd",0.0957220487004826,0.0438924298999769,0.0312911745508849,0.20018007249527
"Tate County","vap_black","uss_20_dem_esp",0.904277951299518,0.0438924298999769,0.79981992750473,0.968708825449115
"Tate County","vap_hisp","uss_20_rep_hyd",0.418281751013519,0.162066007838083,0.134582157175889,0.741897359066025
"Tate County","vap_hisp","uss_20_dem_esp",0.581718248986481,0.162066007838083,0.258102640933975,0.865417842824111
"Tate County","vap_asian","uss_20_rep_hyd",0.467452520023021,0.181757878982723,0.144623392909378,0.823944689322069
"Tate County","vap_asian","uss_20_dem_esp",0.532547479976979,0.181757878982723,0.176055310677931,0.855376607090622
"Tate County","vap_aian","uss_20_rep_hyd",0.497895958554789,0.178358894115081,0.165606465772386,0.824036727428684
"Tate County","vap_aian","uss_20_dem_esp",0.502104041445211,0.178358894115081,0.175963272571316,0.834393534227614
"Tate County","vap_oth_b","uss_20_rep_hyd",0.417985593074333,0.166146883227355,0.131829175694003,0.76098297346285
"Tate County","vap_oth_b","uss_20_dem_esp",0.582014406925667,0.166146883227355,0.23901702653715,0.868170824305997
"Tippah County","vap_white","pre_16_rep_tru",0.960696248926298,0.0095789363699021,0.938736815449513,0.976364300089306
"Tippah County","vap_white","pre_16_dem_cli",0.0393037510737016,0.0095789363699021,0.0236356999106944,0.0612631845504867
"Tippah County","vap_black","pre_16_rep_tru",0.146907078325247,0.0618799988868901,0.0514395628196733,0.287500624525252
"Tippah County","vap_black","pre_16_dem_cli",0.853092921674753,0.0618799988868901,0.712499375474747,0.948560437180327
"Tippah County","vap_hisp","pre_16_rep_tru",0.438762588742725,0.168515204135279,0.126717486845541,0.78739502264948
"Tippah County","vap_hisp","pre_16_dem_cli",0.561237411257275,0.168515204135279,0.21260497735052,0.873282513154459
"Tippah County","vap_asian","pre_16_rep_tru",0.509502042629697,0.185312196547471,0.145572819823475,0.850583964802835
"Tippah County","vap_asian","pre_16_dem_cli",0.490497957370303,0.185312196547471,0.149416035197165,0.854427180176525
"Tippah County","vap_aian","pre_16_rep_tru",0.496293542202196,0.189404624075302,0.15161674254632,0.861013485451464
"Tippah County","vap_aian","pre_16_dem_cli",0.503706457797804,0.189404624075302,0.138986514548536,0.84838325745368
"Tippah County","vap_oth_b","pre_16_rep_tru",0.387064895378872,0.187440410054133,0.069385198602962,0.761267890668261
"Tippah County","vap_oth_b","pre_16_dem_cli",0.612935104621128,0.187440410054133,0.238732109331739,0.930614801397038
"Tippah County","vap_white","uss_18_rep_wic",0.960652858468998,0.0116131772537488,0.934868888420344,0.97834619242973
"Tippah County","vap_white","uss_18_dem_bar",0.0393471415310021,0.0116131772537488,0.0216538075702696,0.065131111579656
"Tippah County","vap_black","uss_18_rep_wic",0.228828371796894,0.0818633669279607,0.0959374191092497,0.398945730937822
"Tippah County","vap_black","uss_18_dem_bar",0.771171628203105,0.0818633669279607,0.601054269062178,0.90406258089075
"Tippah County","vap_hisp","uss_18_rep_wic",0.515228728421669,0.170020966042653,0.190429263648331,0.832931720338251
"Tippah County","vap_hisp","uss_18_dem_bar",0.484771271578331,0.170020966042653,0.167068279661749,0.809570736351668
"Tippah County","vap_asian","uss_18_rep_wic",0.492741219582234,0.193615282955365,0.130221214260278,0.868254239183358
"Tippah County","vap_asian","uss_18_dem_bar",0.507258780417766,0.193615282955365,0.131745760816642,0.869778785739722
"Tippah County","vap_aian","uss_18_rep_wic",0.506998173531065,0.186285897898106,0.15269451969133,0.856988077298178
"Tippah County","vap_aian","uss_18_dem_bar",0.493001826468936,0.186285897898106,0.143011922701822,0.84730548030867
"Tippah County","vap_oth_b","uss_18_rep_wic",0.44516221395657,0.159709588144527,0.160801235780646,0.761721922655976
"Tippah County","vap_oth_b","uss_18_dem_bar",0.55483778604343,0.159709588144527,0.238278077344024,0.839198764219353
"Tippah County","vap_white","pre_20_rep_tru",0.968616448336847,0.0088514979741147,0.94877586957043,0.98275041415006
"Tippah County","vap_white","pre_20_dem_bid",0.0313835516631527,0.0088514979741147,0.0172495858499397,0.0512241304295701
"Tippah County","vap_black","pre_20_rep_tru",0.143197028297186,0.0558720804359002,0.0549336510111678,0.270656893626652
"Tippah County","vap_black","pre_20_dem_bid",0.856802971702814,0.0558720804359002,0.729343106373348,0.945066348988832
"Tippah County","vap_hisp","pre_20_rep_tru",0.400798025878335,0.15705703948047,0.123599687427296,0.724094535276052
"Tippah County","vap_hisp","pre_20_dem_bid",0.599201974121665,0.15705703948047,0.275905464723948,0.876400312572704
"Tippah County","vap_asian","pre_20_rep_tru",0.489813140441369,0.183954091699943,0.14443801583668,0.83499538477894
"Tippah County","vap_asian","pre_20_dem_bid",0.510186859558631,0.183954091699943,0.165004615221059,0.85556198416332
"Tippah County","vap_aian","pre_20_rep_tru",0.495599643176806,0.185929653317071,0.131346976949343,0.843348588124582
"Tippah County","vap_aian","pre_20_dem_bid",0.504400356823194,0.185929653317071,0.156651411875418,0.868653023050657
"Tippah County","vap_oth_b","pre_20_rep_tru",0.369453787881879,0.151904935490264,0.118199700125238,0.704432453830933
"Tippah County","vap_oth_b","pre_20_dem_bid",0.630546212118121,0.151904935490264,0.295567546169067,0.881800299874762
"Tippah County","vap_white","uss_20_rep_hyd",0.907799361159182,0.0133024523470232,0.878253153079495,0.930357482440216
"Tippah County","vap_white","uss_20_dem_esp",0.0922006388408174,0.0133024523470232,0.0696425175597843,0.121746846920505
"Tippah County","vap_black","uss_20_rep_hyd",0.138426703499639,0.0715262063462495,0.0360546031453396,0.311887804709338
"Tippah County","vap_black","uss_20_dem_esp",0.861573296500361,0.0715262063462495,0.688112195290662,0.96394539685466
"Tippah County","vap_hisp","uss_20_rep_hyd",0.402085963172284,0.157507527893054,0.122421766178534,0.722492767099633
"Tippah County","vap_hisp","uss_20_dem_esp",0.597914036827716,0.157507527893054,0.277507232900367,0.877578233821466
"Tippah County","vap_asian","uss_20_rep_hyd",0.494235038262661,0.183829471830496,0.146434203039578,0.845834901161717
"Tippah County","vap_asian","uss_20_dem_esp",0.505764961737339,0.183829471830496,0.154165098838283,0.853565796960422
"Tippah County","vap_aian","uss_20_rep_hyd",0.479340704698852,0.189218820278796,0.117240769515368,0.841469754838604
"Tippah County","vap_aian","uss_20_dem_esp",0.520659295301148,0.189218820278796,0.158530245161396,0.882759230484632
"Tippah County","vap_oth_b","uss_20_rep_hyd",0.429282602431021,0.165008487592727,0.145746892133308,0.769946925524604
"Tippah County","vap_oth_b","uss_20_dem_esp",0.570717397568979,0.165008487592727,0.230053074475395,0.854253107866692
"Tishomingo County","vap_white","pre_16_rep_tru",0.929394079200544,0.00854645093899244,0.912144707545533,0.945009029113651
"Tishomingo County","vap_white","pre_16_dem_cli",0.0706059207994557,0.00854645093899244,0.0549909708863491,0.0878552924544672
"Tishomingo County","vap_black","pre_16_rep_tru",0.452512853515848,0.186772280435864,0.128364952308264,0.829399536534059
"Tishomingo County","vap_black","pre_16_dem_cli",0.547487146484153,0.186772280435864,0.170600463465941,0.871635047691735
"Tishomingo County","vap_hisp","pre_16_rep_tru",0.469841153440052,0.171446810185492,0.158547068352735,0.818343188355301
"Tishomingo County","vap_hisp","pre_16_dem_cli",0.530158846559948,0.171446810185492,0.181656811644699,0.841452931647265
"Tishomingo County","vap_asian","pre_16_rep_tru",0.498030775418855,0.183931393558382,0.151309999152681,0.841967890058023
"Tishomingo County","vap_asian","pre_16_dem_cli",0.501969224581145,0.183931393558382,0.158032109941976,0.848690000847319
"Tishomingo County","vap_aian","pre_16_rep_tru",0.477456338258633,0.183349514926642,0.12638963505229,0.825897976166965
"Tishomingo County","vap_aian","pre_16_dem_cli",0.522543661741367,0.183349514926642,0.174102023833034,0.87361036494771
"Tishomingo County","vap_oth_b","pre_16_rep_tru",0.439857152310267,0.174612451822156,0.124411559572689,0.788723941934517
"Tishomingo County","vap_oth_b","pre_16_dem_cli",0.560142847689733,0.174612451822156,0.211276058065482,0.87558844042731
"Tishomingo County","vap_white","uss_18_rep_wic",0.915109691004275,0.00881754839347018,0.8972815913388,0.931705189149643
"Tishomingo County","vap_white","uss_18_dem_bar",0.0848903089957251,0.00881754839347018,0.068294810850357,0.1027184086612
"Tishomingo County","vap_black","uss_18_rep_wic",0.443400576321319,0.183039852199973,0.112925736845514,0.803041378906597
"Tishomingo County","vap_black","uss_18_dem_bar",0.556599423678681,0.183039852199973,0.196958621093403,0.887074263154486
"Tishomingo County","vap_hisp","uss_18_rep_wic",0.506139373570297,0.161056636529801,0.183361233859851,0.811328551963508
"Tishomingo County","vap_hisp","uss_18_dem_bar",0.493860626429703,0.161056636529801,0.188671448036492,0.816638766140149
"Tishomingo County","vap_asian","uss_18_rep_wic",0.502337095710092,0.184848153809419,0.147367986663771,0.847436010468277
"Tishomingo County","vap_asian","uss_18_dem_bar",0.497662904289908,0.184848153809419,0.152563989531723,0.852632013336229
"Tishomingo County","vap_aian","uss_18_rep_wic",0.493685363669944,0.18415058671374,0.152949055659482,0.842517545050762
"Tishomingo County","vap_aian","uss_18_dem_bar",0.506314636330056,0.18415058671374,0.157482454949237,0.847050944340518
"Tishomingo County","vap_oth_b","uss_18_rep_wic",0.466310975869816,0.17321049724499,0.151160126166406,0.799760216426301
"Tishomingo County","vap_oth_b","uss_18_dem_bar",0.533689024130184,0.17321049724499,0.200239783573699,0.848839873833594
"Tishomingo County","vap_white","pre_20_rep_tru",0.929469745958422,0.00862119066235596,0.911808426423677,0.945534762238695
"Tishomingo County","vap_white","pre_20_dem_bid",0.0705302540415776,0.00862119066235596,0.0544652377613054,0.0881915735763229
"Tishomingo County","vap_black","pre_20_rep_tru",0.428504236924297,0.191847375361509,0.102423382464785,0.819122038350747
"Tishomingo County","vap_black","pre_20_dem_bid",0.571495763075703,0.191847375361509,0.180877961649252,0.897576617535215
"Tishomingo County","vap_hisp","pre_20_rep_tru",0.458806478234485,0.16352760879206,0.162662488151822,0.784306816811665
"Tishomingo County","vap_hisp","pre_20_dem_bid",0.541193521765515,0.16352760879206,0.215693183188334,0.837337511848178
"Tishomingo County","vap_asian","pre_20_rep_tru",0.488605317228206,0.179326869731973,0.148775796780983,0.829340266254161
"Tishomingo County","vap_asian","pre_20_dem_bid",0.511394682771794,0.179326869731973,0.170659733745838,0.851224203219017
"Tishomingo County","vap_aian","pre_20_rep_tru",0.486419940229437,0.179173157802061,0.14778822429543,0.827388877850227
"Tishomingo County","vap_aian","pre_20_dem_bid",0.513580059770563,0.179173157802061,0.172611122149773,0.85221177570457
"Tishomingo County","vap_oth_b","pre_20_rep_tru",0.445956880057855,0.179666222917066,0.148111036390243,0.840653161719926
"Tishomingo County","vap_oth_b","pre_20_dem_bid",0.554043119942145,0.179666222917066,0.159346838280074,0.851888963609757
"Tishomingo County","vap_white","uss_20_rep_hyd",0.867884539491047,0.00953791194248855,0.848980788506386,0.885899493274652
"Tishomingo County","vap_white","uss_20_dem_esp",0.132115460508953,0.00953791194248855,0.114100506725348,0.151019211493614
"Tishomingo County","vap_black","uss_20_rep_hyd",0.466569417351665,0.183239496727474,0.132165858984898,0.829543384101901
"Tishomingo County","vap_black","uss_20_dem_esp",0.533430582648335,0.183239496727474,0.170456615898099,0.867834141015102
"Tishomingo County","vap_hisp","uss_20_rep_hyd",0.45894332845468,0.181598006293611,0.133207892781251,0.810710675556055
"Tishomingo County","vap_hisp","uss_20_dem_esp",0.54105667154532,0.181598006293611,0.189289324443944,0.866792107218749
"Tishomingo County","vap_asian","uss_20_rep_hyd",0.507507494687572,0.195748443689876,0.150448808912047,0.882033666883613
"Tishomingo County","vap_asian","uss_20_dem_esp",0.492492505312428,0.195748443689876,0.117966333116386,0.849551191087953
"Tishomingo County","vap_aian","uss_20_rep_hyd",0.485378485906421,0.178042919955961,0.161226698561429,0.841033095683081
"Tishomingo County","vap_aian","uss_20_dem_esp",0.514621514093579,0.178042919955961,0.158966904316918,0.838773301438571
"Tishomingo County","vap_oth_b","uss_20_rep_hyd",0.46571176624924,0.171503744854577,0.15810049157945,0.816342828876145
"Tishomingo County","vap_oth_b","uss_20_dem_esp",0.53428823375076,0.171503744854577,0.183657171123855,0.84189950842055
"Tunica County","vap_white","pre_16_rep_tru",0.753410879361374,0.0893009424012723,0.538752698820627,0.888697863296202
"Tunica County","vap_white","pre_16_dem_cli",0.246589120638626,0.0893009424012723,0.111302136703798,0.461247301179373
"Tunica County","vap_black","pre_16_rep_tru",0.0856171314363085,0.0340545142305797,0.033546831419445,0.165827839487165
"Tunica County","vap_black","pre_16_dem_cli",0.914382868563692,0.0340545142305797,0.834172160512835,0.966453168580555
"Tunica County","vap_hisp","pre_16_rep_tru",0.507326187053036,0.172814587006498,0.171350695697516,0.829219885863705
"Tunica County","vap_hisp","pre_16_dem_cli",0.492673812946964,0.172814587006498,0.170780114136295,0.828649304302484
"Tunica County","vap_asian","pre_16_rep_tru",0.511570303458406,0.194670294751165,0.151516815086501,0.868194457470676
"Tunica County","vap_asian","pre_16_dem_cli",0.488429696541594,0.194670294751165,0.131805542529324,0.848483184913499
"Tunica County","vap_aian","pre_16_rep_tru",0.497093551778609,0.19335593478648,0.123843153720157,0.86174909502067
"Tunica County","vap_aian","pre_16_dem_cli",0.502906448221391,0.19335593478648,0.13825090497933,0.876156846279843
"Tunica County","vap_oth_b","pre_16_rep_tru",0.51689722754447,0.171527586567777,0.179936543531003,0.835801017634036
"Tunica County","vap_oth_b","pre_16_dem_cli",0.48310277245553,0.171527586567777,0.164198982365964,0.820063456468997
"Tunica County","vap_white","uss_18_rep_wic",0.816095776552444,0.079261089609234,0.622261022111354,0.939419361793062
"Tunica County","vap_white","uss_18_dem_bar",0.183904223447556,0.079261089609234,0.0605806382069385,0.377738977888646
"Tunica County","vap_black","uss_18_rep_wic",0.160885062788236,0.0316529882199726,0.108001326330562,0.233133010260487
"Tunica County","vap_black","uss_18_dem_bar",0.839114937211765,0.0316529882199726,0.766866989739513,0.891998673669438
"Tunica County","vap_hisp","uss_18_rep_wic",0.510610749331352,0.180055997798506,0.162334880183006,0.847500013473982
"Tunica County","vap_hisp","uss_18_dem_bar",0.489389250668648,0.180055997798506,0.152499986526018,0.837665119816994
"Tunica County","vap_asian","uss_18_rep_wic",0.501212466156103,0.199384922956869,0.120630470724349,0.880302757719751
"Tunica County","vap_asian","uss_18_dem_bar",0.498787533843896,0.199384922956869,0.119697242280249,0.879369529275651
"Tunica County","vap_aian","uss_18_rep_wic",0.508529404794128,0.187287622633241,0.146545821578677,0.858874363996806
"Tunica County","vap_aian","uss_18_dem_bar",0.491470595205872,0.187287622633241,0.141125636003194,0.853454178421323
"Tunica County","vap_oth_b","uss_18_rep_wic",0.555823316310208,0.17376476381478,0.206765116957867,0.868140000173703
"Tunica County","vap_oth_b","uss_18_dem_bar",0.444176683689792,0.17376476381478,0.131859999826297,0.793234883042132
"Tunica County","vap_white","pre_20_rep_tru",0.766772249153429,0.0814034695933469,0.581367069194409,0.895133715488006
"Tunica County","vap_white","pre_20_dem_bid",0.233227750846571,0.0814034695933469,0.104866284511994,0.418632930805591
"Tunica County","vap_black","pre_20_rep_tru",0.109450536272596,0.0301519699379802,0.0605217535528293,0.178881626907316
"Tunica County","vap_black","pre_20_dem_bid",0.890549463727404,0.0301519699379802,0.821118373092684,0.939478246447171
"Tunica County","vap_hisp","pre_20_rep_tru",0.502414161511519,0.173999265702035,0.183633529735581,0.831482369019067
"Tunica County","vap_hisp","pre_20_dem_bid",0.497585838488481,0.173999265702035,0.168517630980933,0.816366470264419
"Tunica County","vap_asian","pre_20_rep_tru",0.499100113689942,0.200453051682154,0.121695545320606,0.876038019568035
"Tunica County","vap_asian","pre_20_dem_bid",0.500899886310058,0.200453051682154,0.123961980431965,0.878304454679394
"Tunica County","vap_aian","pre_20_rep_tru",0.493975852261796,0.197282652141718,0.133859502139076,0.874526050392263
"Tunica County","vap_aian","pre_20_dem_bid",0.506024147738205,0.197282652141718,0.125473949607737,0.866140497860924
"Tunica County","vap_oth_b","pre_20_rep_tru",0.522033645091772,0.187472400336999,0.124989854849654,0.847821559817469
"Tunica County","vap_oth_b","pre_20_dem_bid",0.477966354908228,0.187472400337,0.152178440182531,0.875010145150346
"Tunica County","vap_white","uss_20_rep_hyd",0.678359476599534,0.0913196836423862,0.472366285970953,0.824048191317645
"Tunica County","vap_white","uss_20_dem_esp",0.321640523400466,0.0913196836423862,0.175951808682355,0.527633714029047
"Tunica County","vap_black","uss_20_rep_hyd",0.0999836045820306,0.0337704263890185,0.046228968134494,0.176400447265379
"Tunica County","vap_black","uss_20_dem_esp",0.90001639541797,0.0337704263890185,0.823599552734621,0.953771031865506
"Tunica County","vap_hisp","uss_20_rep_hyd",0.500054807863483,0.186801746618263,0.134979419138591,0.841539044546421
"Tunica County","vap_hisp","uss_20_dem_esp",0.499945192136517,0.186801746618263,0.158460955453578,0.865020580861409
"Tunica County","vap_asian","uss_20_rep_hyd",0.48481156539379,0.197895497575815,0.107012370479657,0.859252505007919
"Tunica County","vap_asian","uss_20_dem_esp",0.51518843460621,0.197895497575815,0.14074749499208,0.892987629520343
"Tunica County","vap_aian","uss_20_rep_hyd",0.49629125485658,0.19314567092151,0.128557045907455,0.861573710895245
"Tunica County","vap_aian","uss_20_dem_esp",0.50370874514342,0.19314567092151,0.138426289104755,0.871442954092545
"Tunica County","vap_oth_b","uss_20_rep_hyd",0.487033501392855,0.176914783735133,0.152957942716362,0.8304536871796
"Tunica County","vap_oth_b","uss_20_dem_esp",0.512966498607145,0.176914783735133,0.169546312820399,0.847042057283637
"Union County","vap_white","pre_16_rep_tru",0.951644691226668,0.0119814362021097,0.924543486753298,0.972278324194412
"Union County","vap_white","pre_16_dem_cli",0.0483553087733316,0.0119814362021097,0.027721675805588,0.0754565132467015
"Union County","vap_black","pre_16_rep_tru",0.261373811555053,0.0879603002764272,0.115837093330092,0.461172081260209
"Union County","vap_black","pre_16_dem_cli",0.738626188444948,0.0879603002764272,0.538827918739791,0.884162906669908
"Union County","vap_hisp","pre_16_rep_tru",0.472138836892512,0.177241068276742,0.151682208028521,0.81723869104584
"Union County","vap_hisp","pre_16_dem_cli",0.527861163107488,0.177241068276742,0.18276130895416,0.848317791971479
"Union County","vap_asian","pre_16_rep_tru",0.488265112473754,0.183281528579073,0.152874423645517,0.857573825320697
"Union County","vap_asian","pre_16_dem_cli",0.511734887526246,0.183281528579073,0.142426174679303,0.847125576354483
"Union County","vap_aian","pre_16_rep_tru",0.488958234368562,0.185214624162504,0.148115061549149,0.839476975924905
"Union County","vap_aian","pre_16_dem_cli",0.511041765631438,0.185214624162504,0.160523024075095,0.851884938450851
"Union County","vap_oth_b","pre_16_rep_tru",0.395698228158996,0.167121065996846,0.107359889855482,0.737811733228374
"Union County","vap_oth_b","pre_16_dem_cli",0.604301771841004,0.167121065996846,0.262188266771626,0.892640110144518
"Union County","vap_white","uss_18_rep_wic",0.968056916025268,0.0108040130741728,0.942204008612184,0.984735139720272
"Union County","vap_white","uss_18_dem_bar",0.0319430839747319,0.0108040130741728,0.0152648602797281,0.0577959913878162
"Union County","vap_black","uss_18_rep_wic",0.311220638161302,0.0772600823912991,0.17774372990254,0.485107217418978
"Union County","vap_black","uss_18_dem_bar",0.688779361838698,0.0772600823912991,0.514892782581022,0.82225627009746
"Union County","vap_hisp","uss_18_rep_wic",0.461872698506062,0.163517097563775,0.157586027545934,0.784354038848156
"Union County","vap_hisp","uss_18_dem_bar",0.538127301493938,0.163517097563775,0.215645961151844,0.842413972454065
"Union County","vap_asian","uss_18_rep_wic",0.486443007706757,0.181339804866352,0.156412742384515,0.832966188167086
"Union County","vap_asian","uss_18_dem_bar",0.513556992293243,0.181339804866352,0.167033811832914,0.843587257615485
"Union County","vap_aian","uss_18_rep_wic",0.490720849472085,0.196784139136774,0.130265445283695,0.867520585747912
"Union County","vap_aian","uss_18_dem_bar",0.509279150527914,0.196784139136774,0.132479414252087,0.869734554716305
"Union County","vap_oth_b","uss_18_rep_wic",0.353405470306182,0.160367558563624,0.0948896266569347,0.712447653178916
"Union County","vap_oth_b","uss_18_dem_bar",0.646594529693818,0.160367558563624,0.287552346821084,0.905110373343065
"Union County","vap_white","pre_20_rep_tru",0.969314116879858,0.0101440987426112,0.946173163212735,0.985367146105961
"Union County","vap_white","pre_20_dem_bid",0.0306858831201419,0.0101440987426112,0.0146328538940387,0.0538268367872646
"Union County","vap_black","pre_20_rep_tru",0.208992319041536,0.072738362045607,0.0878407885057879,0.370884784295598
"Union County","vap_black","pre_20_dem_bid",0.791007680958464,0.072738362045607,0.629115215704402,0.912159211494212
"Union County","vap_hisp","pre_20_rep_tru",0.454702868192881,0.163781151802482,0.168813303029997,0.770311639203126
"Union County","vap_hisp","pre_20_dem_bid",0.545297131807119,0.163781151802482,0.229688360796874,0.831186696970003
"Union County","vap_asian","pre_20_rep_tru",0.477995017341719,0.186247796067451,0.147314395368613,0.84374041982599
"Union County","vap_asian","pre_20_dem_bid",0.522004982658281,0.186247796067451,0.15625958017401,0.852685604631387
"Union County","vap_aian","pre_20_rep_tru",0.482400176965855,0.184678024142126,0.152687106663913,0.838232900193586
"Union County","vap_aian","pre_20_dem_bid",0.517599823034145,0.184678024142126,0.161767099806414,0.847312893336087
"Union County","vap_oth_b","pre_20_rep_tru",0.355886952622783,0.148787160428516,0.115246978661102,0.676989209884926
"Union County","vap_oth_b","pre_20_dem_bid",0.644113047377217,0.148787160428516,0.323010790115074,0.884753021338898
"Union County","vap_white","uss_20_rep_hyd",0.919367049456542,0.0153093152131199,0.885532254256198,0.94404808416512
"Union County","vap_white","uss_20_dem_esp",0.0806329505434584,0.0153093152131199,0.0559519158348801,0.114467745743802
"Union County","vap_black","uss_20_rep_hyd",0.181346824124615,0.0970068605568487,0.0371342186952222,0.411400573649668
"Union County","vap_black","uss_20_dem_esp",0.818653175875385,0.0970068605568487,0.588599426350332,0.962865781304778
"Union County","vap_hisp","uss_20_rep_hyd",0.422063781657937,0.162476714024519,0.134139248628015,0.747862719518594
"Union County","vap_hisp","uss_20_dem_esp",0.577936218342063,0.162476714024519,0.252137280481406,0.865860751371985
"Union County","vap_asian","uss_20_rep_hyd",0.484302678419916,0.182454023796417,0.153751059616483,0.842758602520367
"Union County","vap_asian","uss_20_dem_esp",0.515697321580084,0.182454023796417,0.157241397479633,0.846248940383517
"Union County","vap_aian","uss_20_rep_hyd",0.482569312563893,0.190577965079568,0.132664337008397,0.842614701647649
"Union County","vap_aian","uss_20_dem_esp",0.517430687436107,0.190577965079568,0.157385298352351,0.867335662991603
"Union County","vap_oth_b","uss_20_rep_hyd",0.429815289969468,0.171629912209647,0.12177819778847,0.77332963264914
"Union County","vap_oth_b","uss_20_dem_esp",0.570184710030532,0.171629912209647,0.22667036735086,0.87822180221153
"Walthall County","vap_white","pre_16_rep_tru",0.936301794738821,0.0151380385348292,0.901927108027803,0.961337130310837
"Walthall County","vap_white","pre_16_dem_cli",0.0636982052611793,0.0151380385348292,0.0386628696891627,0.0980728919721968
"Walthall County","vap_black","pre_16_rep_tru",0.0929950420667164,0.0274646394397319,0.0473241533790969,0.156567707252223
"Walthall County","vap_black","pre_16_dem_cli",0.907004957933284,0.0274646394397319,0.843432292747777,0.952675846620903
"Walthall County","vap_hisp","pre_16_rep_tru",0.504148282004563,0.156821161486117,0.208928988932493,0.811395243792063
"Walthall County","vap_hisp","pre_16_dem_cli",0.495851717995437,0.156821161486117,0.188604756207937,0.791071011067507
"Walthall County","vap_asian","pre_16_rep_tru",0.484499461855166,0.185403947695274,0.146093558500976,0.836067573431123
"Walthall County","vap_asian","pre_16_dem_cli",0.515500538144834,0.185403947695274,0.163932426568877,0.853906441499024
"Walthall County","vap_aian","pre_16_rep_tru",0.489694352764717,0.173768597652338,0.166028485653034,0.820479511345917
"Walthall County","vap_aian","pre_16_dem_cli",0.510305647235283,0.173768597652338,0.179520488654083,0.833971514346966
"Walthall County","vap_oth_b","pre_16_rep_tru",0.484350289959344,0.169984112154126,0.165778904507991,0.808065655368962
"Walthall County","vap_oth_b","pre_16_dem_cli",0.515649710040656,0.169984112154126,0.191934344631038,0.834221095492009
"Walthall County","vap_white","uss_18_rep_wic",0.946662957391202,0.0198546681261504,0.898891750562853,0.97657066373333
"Walthall County","vap_white","uss_18_dem_bar",0.0533370426087977,0.0198546681261504,0.0234293362666696,0.101108249437147
"Walthall County","vap_black","uss_18_rep_wic",0.12980515698973,0.0346758909882682,0.0738195260762157,0.210755287348501
"Walthall County","vap_black","uss_18_dem_bar",0.87019484301027,0.0346758909882682,0.789244712651499,0.926180473923784
"Walthall County","vap_hisp","uss_18_rep_wic",0.443575788300214,0.171991402256434,0.101994269831044,0.772010014732787
"Walthall County","vap_hisp","uss_18_dem_bar",0.556424211699786,0.171991402256434,0.227989985267213,0.898005730168955
"Walthall County","vap_asian","uss_18_rep_wic",0.47265490053722,0.184677955732402,0.131537214264223,0.832829181726817
"Walthall County","vap_asian","uss_18_dem_bar",0.52734509946278,0.184677955732402,0.167170818273183,0.868462785735777
"Walthall County","vap_aian","uss_18_rep_wic",0.507462023556529,0.194590743340789,0.139696502579381,0.880131985416511
"Walthall County","vap_aian","uss_18_dem_bar",0.492537976443471,0.194590743340789,0.119868014583489,0.860303497420618
"Walthall County","vap_oth_b","uss_18_rep_wic",0.513855550743249,0.169894032805121,0.19210594910651,0.830391665371291
"Walthall County","vap_oth_b","uss_18_dem_bar",0.486144449256751,0.169894032805121,0.169608334628709,0.80789405089349
"Walthall County","vap_white","pre_20_rep_tru",0.933500490201326,0.018589747255568,0.890954014518296,0.962786785523377
"Walthall County","vap_white","pre_20_dem_bid",0.0664995097986737,0.018589747255568,0.0372132144766228,0.109045985481704
"Walthall County","vap_black","pre_20_rep_tru",0.107553952717223,0.0327758030949675,0.0547448907989712,0.182011901825532
"Walthall County","vap_black","pre_20_dem_bid",0.892446047282777,0.0327758030949675,0.817988098174468,0.945255109201029
"Walthall County","vap_hisp","pre_20_rep_tru",0.501083038496492,0.175786861405813,0.167715740251868,0.81995281431666
"Walthall County","vap_hisp","pre_20_dem_bid",0.498916961503508,0.175786861405813,0.180047185683339,0.832284259748132
"Walthall County","vap_asian","pre_20_rep_tru",0.512597631372428,0.19938257413187,0.145076653363019,0.89369148445441
"Walthall County","vap_asian","pre_20_dem_bid",0.487402368627572,0.19938257413187,0.10630851554559,0.854923346636981
"Walthall County","vap_aian","pre_20_rep_tru",0.513586548740772,0.186324592570536,0.160053384002712,0.858865851604895
"Walthall County","vap_aian","pre_20_dem_bid",0.486413451259228,0.186324592570536,0.141134148395105,0.839946615997288
"Walthall County","vap_oth_b","pre_20_rep_tru",0.52100125083683,0.165620065331517,0.193228661002292,0.820287260466762
"Walthall County","vap_oth_b","pre_20_dem_bid",0.47899874916317,0.165620065331517,0.179712739533238,0.806771338997708
"Walthall County","vap_white","uss_20_rep_hyd",0.908138472426897,0.0207815949270967,0.861472088734831,0.942973501561075
"Walthall County","vap_white","uss_20_dem_esp",0.0918615275731033,0.0207815949270967,0.0570264984389253,0.138527911265169
"Walthall County","vap_black","uss_20_rep_hyd",0.0806207420432885,0.0325360928116262,0.029655563531226,0.153707038261006
"Walthall County","vap_black","uss_20_dem_esp",0.919379257956712,0.0325360928116262,0.846292961738994,0.970344436468774
"Walthall County","vap_hisp","uss_20_rep_hyd",0.458113290319973,0.168153726289657,0.154765816244649,0.795025144785029
"Walthall County","vap_hisp","uss_20_dem_esp",0.541886709680027,0.168153726289657,0.204974855214971,0.845234183755351
"Walthall County","vap_asian","uss_20_rep_hyd",0.486010526842697,0.182232647700853,0.148820969286552,0.831617155270266
"Walthall County","vap_asian","uss_20_dem_esp",0.513989473157303,0.182232647700853,0.168382844729734,0.851179030713448
"Walthall County","vap_aian","uss_20_rep_hyd",0.51545752218938,0.195775795241834,0.166314360756777,0.912707703486803
"Walthall County","vap_aian","uss_20_dem_esp",0.48454247781062,0.195775795241834,0.087292296513197,0.833685639243222
"Walthall County","vap_oth_b","uss_20_rep_hyd",0.484098643956573,0.172098538367059,0.153554327360215,0.797856619430816
"Walthall County","vap_oth_b","uss_20_dem_esp",0.515901356043427,0.172098538367059,0.202143380569184,0.846445672639785
"Warren County","vap_white","pre_16_rep_tru",0.887082138277219,0.0197714152610842,0.842904621500585,0.920531719999836
"Warren County","vap_white","pre_16_dem_cli",0.112917861722781,0.0197714152610842,0.079468280000164,0.157095378499415
"Warren County","vap_black","pre_16_rep_tru",0.0643015115555752,0.0222158075346567,0.0285280807684822,0.113308965972006
"Warren County","vap_black","pre_16_dem_cli",0.935698488444425,0.0222158075346567,0.886691034027994,0.971471919231518
"Warren County","vap_hisp","pre_16_rep_tru",0.449662270192618,0.165621832676164,0.152816224590045,0.774544333046064
"Warren County","vap_hisp","pre_16_dem_cli",0.550337729807382,0.165621832676164,0.225455666953936,0.847183775409955
"Warren County","vap_asian","pre_16_rep_tru",0.47493079798242,0.17071874194408,0.166915379873731,0.807350992451616
"Warren County","vap_asian","pre_16_dem_cli",0.52506920201758,0.17071874194408,0.192649007548384,0.833084620126269
"Warren County","vap_aian","pre_16_rep_tru",0.498976700340889,0.17633613517449,0.172009426041807,0.828357052134105
"Warren County","vap_aian","pre_16_dem_cli",0.501023299659111,0.17633613517449,0.171642947865895,0.827990573958193
"Warren County","vap_oth_b","pre_16_rep_tru",0.400861522859022,0.15587898569803,0.128044682269876,0.714096810929382
"Warren County","vap_oth_b","pre_16_dem_cli",0.599138477140978,0.15587898569803,0.285903189070618,0.871955317730124
"Warren County","vap_white","uss_18_rep_wic",0.930577116230737,0.0195791568347722,0.886260664460575,0.962008285404071
"Warren County","vap_white","uss_18_dem_bar",0.069422883769263,0.0195791568347722,0.0379917145959291,0.113739335539425
"Warren County","vap_black","uss_18_rep_wic",0.0760302389972001,0.0232274526053373,0.0394414897544175,0.130575040735055
"Warren County","vap_black","uss_18_dem_bar",0.9239697610028,0.0232274526053373,0.869424959264945,0.960558510245583
"Warren County","vap_hisp","uss_18_rep_wic",0.532359637245186,0.16459739111669,0.223439734260247,0.835499606045073
"Warren County","vap_hisp","uss_18_dem_bar",0.467640362754814,0.16459739111669,0.164500393954927,0.776560265739753
"Warren County","vap_asian","uss_18_rep_wic",0.496430291461768,0.17445362420231,0.156500821851559,0.829029400561025
"Warren County","vap_asian","uss_18_dem_bar",0.503569708538232,0.17445362420231,0.170970599438974,0.843499178148441
"Warren County","vap_aian","uss_18_rep_wic",0.484967230161273,0.167747452231632,0.173949155148939,0.804041811876667
"Warren County","vap_aian","uss_18_dem_bar",0.515032769838727,0.167747452231632,0.195958188123333,0.826050844851061
"Warren County","vap_oth_b","uss_18_rep_wic",0.50307672303515,0.160163154471848,0.205697814415534,0.813342398495054
"Warren County","vap_oth_b","uss_18_dem_bar",0.49692327696485,0.160163154471848,0.186657601504946,0.794302185584466
"Warren County","vap_white","pre_20_rep_tru",0.888653840190199,0.0180480513075831,0.846742933555953,0.918556468342514
"Warren County","vap_white","pre_20_dem_bid",0.111346159809801,0.0180480513075831,0.0814435316574853,0.153257066444047
"Warren County","vap_black","pre_20_rep_tru",0.0356931720964944,0.0175502664961094,0.0102395680987123,0.0778344509913215
"Warren County","vap_black","pre_20_dem_bid",0.964306827903506,0.0175502664961094,0.922165549008679,0.989760431901288
"Warren County","vap_hisp","pre_20_rep_tru",0.413302274995427,0.152654629612371,0.143709355718051,0.727551514489296
"Warren County","vap_hisp","pre_20_dem_bid",0.586697725004573,0.152654629612371,0.272448485510704,0.856290644281949
"Warren County","vap_asian","pre_20_rep_tru",0.443895780968459,0.173693580247177,0.141541602111946,0.796204257634583
"Warren County","vap_asian","pre_20_dem_bid",0.556104219031541,0.173693580247177,0.203795742365416,0.858458397888054
"Warren County","vap_aian","pre_20_rep_tru",0.510677047243189,0.170429518871453,0.191653746715326,0.839382191123812
"Warren County","vap_aian","pre_20_dem_bid",0.489322952756811,0.170429518871453,0.160617808876187,0.808346253284673
"Warren County","vap_oth_b","pre_20_rep_tru",0.36211594127625,0.143748546635677,0.122785193260171,0.666577124667523
"Warren County","vap_oth_b","pre_20_dem_bid",0.63788405872375,0.143748546635677,0.333422875332477,0.877214806739829
"Warren County","vap_white","uss_20_rep_hyd",0.848545582605658,0.0207961906636021,0.800969251766511,0.883020953117742
"Warren County","vap_white","uss_20_dem_esp",0.151454417394342,0.0207961906636021,0.116979046882258,0.199030748233489
"Warren County","vap_black","uss_20_rep_hyd",0.0416419240569234,0.0205724874215144,0.0126141846885451,0.0931533517689374
"Warren County","vap_black","uss_20_dem_esp",0.958358075943076,0.0205724874215144,0.906846648231062,0.987385815311455
"Warren County","vap_hisp","uss_20_rep_hyd",0.38965641904977,0.153444921577758,0.130358469373021,0.70949520830434
"Warren County","vap_hisp","uss_20_dem_esp",0.61034358095023,0.153444921577758,0.29050479169566,0.869641530626979
"Warren County","vap_asian","uss_20_rep_hyd",0.452175082695372,0.166050085545743,0.152857489504764,0.79814923773646
"Warren County","vap_asian","uss_20_dem_esp",0.547824917304627,0.166050085545743,0.20185076226354,0.847142510495236
"Warren County","vap_aian","uss_20_rep_hyd",0.468235033086068,0.178873582972398,0.115453884748577,0.798079381750052
"Warren County","vap_aian","uss_20_dem_esp",0.531764966913932,0.178873582972398,0.201920618249948,0.884546115251423
"Warren County","vap_oth_b","uss_20_rep_hyd",0.34050047227515,0.132905248083744,0.113780968774618,0.621081195495297
"Warren County","vap_oth_b","uss_20_dem_esp",0.65949952772485,0.132905248083744,0.378918804504703,0.886219031225382
"Washington County","vap_white","pre_16_rep_tru",0.787013529165544,0.0525319112185958,0.664342442924549,0.867174892931595
"Washington County","vap_white","pre_16_dem_cli",0.212986470834456,0.0525319112185958,0.132825107068405,0.335657557075451
"Washington County","vap_black","pre_16_rep_tru",0.0724072720812589,0.0221721392484444,0.0402265970384935,0.125632773210836
"Washington County","vap_black","pre_16_dem_cli",0.927592727918741,0.0221721392484444,0.874367226789164,0.959773402961506
"Washington County","vap_hisp","pre_16_rep_tru",0.403261972187271,0.166647714054588,0.110282490861651,0.735075820600265
"Washington County","vap_hisp","pre_16_dem_cli",0.596738027812729,0.166647714054588,0.264924179399735,0.889717509138348
"Washington County","vap_asian","pre_16_rep_tru",0.481474876017933,0.18224651561523,0.147129613664881,0.827436935063484
"Washington County","vap_asian","pre_16_dem_cli",0.518525123982067,0.18224651561523,0.172563064936516,0.852870386335119
"Washington County","vap_aian","pre_16_rep_tru",0.494582239229374,0.173263706772322,0.165155957211764,0.81764331777853
"Washington County","vap_aian","pre_16_dem_cli",0.505417760770626,0.173263706772322,0.18235668222147,0.834844042788236
"Washington County","vap_oth_b","pre_16_rep_tru",0.312310241686185,0.132763326319868,0.088221618557471,0.589163912945967
"Washington County","vap_oth_b","pre_16_dem_cli",0.687689758313815,0.132763326319868,0.410836087054033,0.911778381442529
"Washington County","vap_white","uss_18_rep_wic",0.823690596710634,0.0468462696417113,0.716042583594901,0.897851407299714
"Washington County","vap_white","uss_18_dem_bar",0.176309403289366,0.0468462696417113,0.102148592700286,0.283957416405099
"Washington County","vap_black","uss_18_rep_wic",0.0830115925514641,0.0200553327160229,0.0507405231615208,0.128313471859596
"Washington County","vap_black","uss_18_dem_bar",0.916988407448536,0.0200553327160229,0.871686528140403,0.949259476838479
"Washington County","vap_hisp","uss_18_rep_wic",0.456282322235787,0.178358571222169,0.140627772189516,0.804817413449545
"Washington County","vap_hisp","uss_18_dem_bar",0.543717677764213,0.178358571222169,0.195182586550454,0.859372227810484
"Washington County","vap_asian","uss_18_rep_wic",0.445052910306045,0.209080509204664,0.0431523699905948,0.822080376151092
"Washington County","vap_asian","uss_18_dem_bar",0.554947089693955,0.209080509204664,0.177919623848908,0.956847630009405
"Washington County","vap_aian","uss_18_rep_wic",0.512634705261798,0.174574365676828,0.177300865018463,0.829578461572485
"Washington County","vap_aian","uss_18_dem_bar",0.487365294738202,0.174574365676828,0.170421538427514,0.822699134981536
"Washington County","vap_oth_b","uss_18_rep_wic",0.479690406946775,0.154739765774346,0.184898855091024,0.7753187377218
"Washington County","vap_oth_b","uss_18_dem_bar",0.520309593053225,0.154739765774346,0.2246812622782,0.815101144908976
"Washington County","vap_white","pre_20_rep_tru",0.786085885089067,0.0423657099457161,0.691605608785096,0.854110700126025
"Washington County","vap_white","pre_20_dem_bid",0.213914114910933,0.0423657099457161,0.145889299873975,0.308394391214904
"Washington County","vap_black","pre_20_rep_tru",0.0539636682910133,0.017579687015794,0.0267279634749684,0.0941115304210533
"Washington County","vap_black","pre_20_dem_bid",0.946036331708987,0.017579687015794,0.905888469578947,0.973272036525032
"Washington County","vap_hisp","pre_20_rep_tru",0.485293643284165,0.178487882689985,0.161979155281733,0.832614878139995
"Washington County","vap_hisp","pre_20_dem_bid",0.514706356715835,0.178487882689985,0.167385121860005,0.838020844718267
"Washington County","vap_asian","pre_20_rep_tru",0.510047918472611,0.178625650484568,0.169512849951417,0.846197895393853
"Washington County","vap_asian","pre_20_dem_bid",0.489952081527389,0.178625650484568,0.153802104606147,0.830487150048583
"Washington County","vap_aian","pre_20_rep_tru",0.505767521921731,0.182916547989494,0.167449753880293,0.846516648773401
"Washington County","vap_aian","pre_20_dem_bid",0.494232478078269,0.182916547989494,0.153483351226598,0.832550246119707
"Washington County","vap_oth_b","pre_20_rep_tru",0.475722007926955,0.149133507163891,0.206324177171294,0.770537303975241
"Washington County","vap_oth_b","pre_20_dem_bid",0.524277992073045,0.149133507163891,0.229462696024759,0.793675822828706
"Washington County","vap_white","uss_20_rep_hyd",0.726300145172719,0.0481341094202182,0.62038382839128,0.800825984094042
"Washington County","vap_white","uss_20_dem_esp",0.273699854827281,0.0481341094202182,0.199174015905958,0.37961617160872
"Washington County","vap_black","uss_20_rep_hyd",0.0466172895375556,0.0198043531962143,0.0171119745952513,0.0909338601845231
"Washington County","vap_black","uss_20_dem_esp",0.953382710462444,0.0198043531962143,0.909066139815477,0.982888025404749
"Washington County","vap_hisp","uss_20_rep_hyd",0.426393656749902,0.16425830744457,0.132060437968539,0.750943633222082
"Washington County","vap_hisp","uss_20_dem_esp",0.573606343250098,0.16425830744457,0.249056366777917,0.867939562031461
"Washington County","vap_asian","uss_20_rep_hyd",0.480233294426679,0.189944818471523,0.121584501927349,0.832342572774817
"Washington County","vap_asian","uss_20_dem_esp",0.519766705573321,0.189944818471523,0.167657427225183,0.87841549807265
"Washington County","vap_aian","uss_20_rep_hyd",0.475914308637586,0.179142046641782,0.147006232795859,0.815765007297176
"Washington County","vap_aian","uss_20_dem_esp",0.524085691362414,0.179142046641782,0.184234992702824,0.852993767204141
"Washington County","vap_oth_b","uss_20_rep_hyd",0.338327018846931,0.139538102794239,0.105571136556458,0.639611474048852
"Washington County","vap_oth_b","uss_20_dem_esp",0.661672981153069,0.139538102794239,0.360388525951148,0.894428863443542
"Wayne County","vap_white","pre_16_rep_tru",0.956368452668651,0.0147919524453958,0.921077395759118,0.978574894361614
"Wayne County","vap_white","pre_16_dem_cli",0.0436315473313493,0.0147919524453958,0.0214251056383861,0.0789226042408814
"Wayne County","vap_black","pre_16_rep_tru",0.1008788568423,0.023742830685656,0.0642542938101343,0.157666457062229
"Wayne County","vap_black","pre_16_dem_cli",0.8991211431577,0.023742830685656,0.842333542937771,0.935745706189866
"Wayne County","vap_hisp","pre_16_rep_tru",0.403352276364791,0.152805465939352,0.123225590900346,0.70104557058342
"Wayne County","vap_hisp","pre_16_dem_cli",0.596647723635209,0.152805465939352,0.29895442941658,0.876774409099654
"Wayne County","vap_asian","pre_16_rep_tru",0.491150405471914,0.182648624857855,0.151896808570401,0.838226531061165
"Wayne County","vap_asian","pre_16_dem_cli",0.508849594528086,0.182648624857855,0.161773468938835,0.848103191429598
"Wayne County","vap_aian","pre_16_rep_tru",0.489031878984133,0.177938946497865,0.152001662018097,0.825187808736714
"Wayne County","vap_aian","pre_16_dem_cli",0.510968121015867,0.177938946497865,0.174812191263287,0.847998337981903
"Wayne County","vap_oth_b","pre_16_rep_tru",0.458839111417711,0.144633366897953,0.201637871438917,0.751816825131309
"Wayne County","vap_oth_b","pre_16_dem_cli",0.541160888582289,0.144633366897953,0.248183174868691,0.798362128561083
"Wayne County","vap_white","uss_18_rep_wic",0.959786213845864,0.0152148212481893,0.923524259581934,0.983189558609075
"Wayne County","vap_white","uss_18_dem_bar",0.0402137861541357,0.0152148212481893,0.0168104413909251,0.0764757404180662
"Wayne County","vap_black","uss_18_rep_wic",0.102671632832476,0.0241186457914226,0.0634374366749419,0.157313405066447
"Wayne County","vap_black","uss_18_dem_bar",0.897328367167524,0.0241186457914226,0.842686594933553,0.936562563325058
"Wayne County","vap_hisp","uss_18_rep_wic",0.467969075082879,0.165203815921255,0.148473053555745,0.781936418894737
"Wayne County","vap_hisp","uss_18_dem_bar",0.532030924917121,0.165203815921255,0.218063581105263,0.851526946444254
"Wayne County","vap_asian","uss_18_rep_wic",0.479981568979202,0.18134564109585,0.14406796098699,0.825517921034357
"Wayne County","vap_asian","uss_18_dem_bar",0.520018431020798,0.18134564109585,0.174482078965643,0.85593203901301
"Wayne County","vap_aian","uss_18_rep_wic",0.484474966057142,0.182369311786599,0.138150807179454,0.83648748067587
"Wayne County","vap_aian","uss_18_dem_bar",0.515525033942858,0.182369311786599,0.16351251932413,0.861849192820547
"Wayne County","vap_oth_b","uss_18_rep_wic",0.438060858197998,0.180382659719712,0.114562216739491,0.800955302045511
"Wayne County","vap_oth_b","uss_18_dem_bar",0.561939141802002,0.180382659719712,0.199044697954489,0.885437783260508
"Wayne County","vap_white","pre_20_rep_tru",0.957783639284229,0.0151726178655603,0.923369423970754,0.981084852616141
"Wayne County","vap_white","pre_20_dem_bid",0.0422163607157712,0.0151726178655603,0.0189151473838591,0.0766305760292458
"Wayne County","vap_black","pre_20_rep_tru",0.109613958590359,0.0251542347136461,0.0692464360713022,0.167129190855409
"Wayne County","vap_black","pre_20_dem_bid",0.89038604140964,0.0251542347136461,0.832870809144591,0.930753563928698
"Wayne County","vap_hisp","pre_20_rep_tru",0.4462272183226,0.165078304059699,0.151909438158299,0.77517418386909
"Wayne County","vap_hisp","pre_20_dem_bid",0.5537727816774,0.165078304059699,0.224825816130909,0.848090561841701
"Wayne County","vap_asian","pre_20_rep_tru",0.515300339567274,0.17643119518697,0.180383392097126,0.841317067885934
"Wayne County","vap_asian","pre_20_dem_bid",0.484699660432726,0.17643119518697,0.158682932114066,0.819616607902874
"Wayne County","vap_aian","pre_20_rep_tru",0.488996547733014,0.194193154024571,0.133579809018391,0.851334942249564
"Wayne County","vap_aian","pre_20_dem_bid",0.511003452266986,0.194193154024571,0.148665057750436,0.866420190981609
"Wayne County","vap_oth_b","pre_20_rep_tru",0.442916407498233,0.160276831819085,0.156634307383335,0.756746633838425
"Wayne County","vap_oth_b","pre_20_dem_bid",0.557083592501767,0.160276831819085,0.243253366161575,0.843365692616664
"Wayne County","vap_white","uss_20_rep_hyd",0.927434540886291,0.016208474854463,0.892372438786943,0.954077421770542
"Wayne County","vap_white","uss_20_dem_esp",0.072565459113709,0.016208474854463,0.0459225782294578,0.107627561213057
"Wayne County","vap_black","uss_20_rep_hyd",0.0761290092386736,0.0240382975132549,0.037800579235557,0.130391406449126
"Wayne County","vap_black","uss_20_dem_esp",0.923870990761326,0.0240382975132549,0.869608593550874,0.962199420764443
"Wayne County","vap_hisp","uss_20_rep_hyd",0.462030844178267,0.164839767087038,0.160329084150215,0.788485831239212
"Wayne County","vap_hisp","uss_20_dem_esp",0.537969155821733,0.164839767087038,0.211514168760788,0.839670915849784
"Wayne County","vap_asian","uss_20_rep_hyd",0.497012920632994,0.178485055348628,0.165758049966091,0.840897039798973
"Wayne County","vap_asian","uss_20_dem_esp",0.502987079367006,0.178485055348628,0.159102960201027,0.834241950033909
"Wayne County","vap_aian","uss_20_rep_hyd",0.468667085934382,0.184359244974086,0.13970739881763,0.823431587913814
"Wayne County","vap_aian","uss_20_dem_esp",0.531332914065618,0.184359244974086,0.176568412086186,0.86029260118237
"Wayne County","vap_oth_b","uss_20_rep_hyd",0.438991528517249,0.175150659067644,0.111122969865164,0.789899407082651
"Wayne County","vap_oth_b","uss_20_dem_esp",0.561008471482751,0.175150659067644,0.210100592917349,0.888877030134836
"Webster County","vap_white","pre_16_rep_tru",0.968294626464437,0.012934607459371,0.936160356357539,0.987909549066338
"Webster County","vap_white","pre_16_dem_cli",0.0317053735355629,0.012934607459371,0.0120904509336623,0.0638396436424613
"Webster County","vap_black","pre_16_rep_tru",0.117248582312572,0.0699183618582548,0.0263075385343678,0.300132748102146
"Webster County","vap_black","pre_16_dem_cli",0.882751417687428,0.0699183618582548,0.699867251897854,0.973692461465632
"Webster County","vap_hisp","pre_16_rep_tru",0.466539991207095,0.176793905524761,0.149834392514336,0.806916992374376
"Webster County","vap_hisp","pre_16_dem_cli",0.533460008792905,0.176793905524761,0.193083007625624,0.850165607485664
"Webster County","vap_asian","pre_16_rep_tru",0.477352746946699,0.18576607538899,0.119667393742189,0.838517722047812
"Webster County","vap_asian","pre_16_dem_cli",0.522647253053301,0.18576607538899,0.161482277952188,0.880332606257811
"Webster County","vap_aian","pre_16_rep_tru",0.486981964716213,0.20036742415291,0.112400523506057,0.862648703913007
"Webster County","vap_aian","pre_16_dem_cli",0.513018035283787,0.20036742415291,0.137351296086993,0.887599476493943
"Webster County","vap_oth_b","pre_16_rep_tru",0.417433810230771,0.151964199458677,0.151377963615593,0.730780482485047
"Webster County","vap_oth_b","pre_16_dem_cli",0.582566189769229,0.151964199458677,0.269219517514953,0.848622036384407
"Webster County","vap_white","uss_18_rep_wic",0.965948989298378,0.012642002781618,0.936917834819325,0.985384989838336
"Webster County","vap_white","uss_18_dem_bar",0.0340510107016219,0.012642002781618,0.0146150101616636,0.0630821651806749
"Webster County","vap_black","uss_18_rep_wic",0.196600544197812,0.0702006141735449,0.0881305907994686,0.357147063542519
"Webster County","vap_black","uss_18_dem_bar",0.803399455802188,0.0702006141735449,0.642852936457481,0.911869409200531
"Webster County","vap_hisp","uss_18_rep_wic",0.469330010911512,0.172766836700237,0.150258925184476,0.802026564847721
"Webster County","vap_hisp","uss_18_dem_bar",0.530669989088488,0.172766836700237,0.197973435152279,0.849741074815524
"Webster County","vap_asian","uss_18_rep_wic",0.48593405935111,0.180405843713123,0.152627519960432,0.841999604941404
"Webster County","vap_asian","uss_18_dem_bar",0.514065940648889,0.180405843713123,0.158000395058596,0.847372480039568
"Webster County","vap_aian","uss_18_rep_wic",0.494587604610218,0.201454075572462,0.115841772786252,0.871920121894215
"Webster County","vap_aian","uss_18_dem_bar",0.505412395389782,0.201454075572462,0.128079878105785,0.884158227213749
"Webster County","vap_oth_b","uss_18_rep_wic",0.450919775508183,0.151749810517828,0.173617569536916,0.754492908680266
"Webster County","vap_oth_b","uss_18_dem_bar",0.549080224491817,0.151749810517828,0.245507091319734,0.826382430463084
"Webster County","vap_white","pre_20_rep_tru",0.967487777981664,0.0124627362027127,0.939287009311624,0.986643991799982
"Webster County","vap_white","pre_20_dem_bid",0.0325122220183356,0.0124627362027127,0.0133560082000178,0.0607129906883763
"Webster County","vap_black","pre_20_rep_tru",0.170312154907216,0.070682050692843,0.0621856916193384,0.329843688407364
"Webster County","vap_black","pre_20_dem_bid",0.829687845092784,0.070682050692843,0.670156311592636,0.937814308380662
"Webster County","vap_hisp","pre_20_rep_tru",0.46793248445379,0.170990820167616,0.159592443579547,0.808642767784673
"Webster County","vap_hisp","pre_20_dem_bid",0.53206751554621,0.170990820167616,0.191357232215327,0.840407556420453
"Webster County","vap_asian","pre_20_rep_tru",0.496203934958152,0.180299869715668,0.154930959918907,0.832049774952218
"Webster County","vap_asian","pre_20_dem_bid",0.503796065041848,0.180299869715668,0.167950225047782,0.845069040081093
"Webster County","vap_aian","pre_20_rep_tru",0.49487368022121,0.206269966755533,0.106737864862796,0.878638165186377
"Webster County","vap_aian","pre_20_dem_bid",0.50512631977879,0.206269966755533,0.121361834813623,0.893262135137204
"Webster County","vap_oth_b","pre_20_rep_tru",0.480058645515874,0.155273700083998,0.190164348321785,0.782619328894434
"Webster County","vap_oth_b","pre_20_dem_bid",0.519941354484126,0.155273700083998,0.217380671105566,0.809835651678215
"Webster County","vap_white","uss_20_rep_hyd",0.925780695644363,0.0181895912968452,0.882359645488686,0.954586621359029
"Webster County","vap_white","uss_20_dem_esp",0.0742193043556369,0.0181895912968452,0.0454133786409706,0.117640354511314
"Webster County","vap_black","uss_20_rep_hyd",0.20277146190716,0.099213814810332,0.0602358938498528,0.448565326374136
"Webster County","vap_black","uss_20_dem_esp",0.79722853809284,0.099213814810332,0.551434673625864,0.939764106150147
"Webster County","vap_hisp","uss_20_rep_hyd",0.441953817615796,0.184855931959146,0.104734593471839,0.791946692448058
"Webster County","vap_hisp","uss_20_dem_esp",0.558046182384204,0.184855931959146,0.208053307551942,0.89526540652816
"Webster County","vap_asian","uss_20_rep_hyd",0.519537427023305,0.191594095183618,0.15429290089031,0.895337158194005
"Webster County","vap_asian","uss_20_dem_esp",0.480462572976695,0.191594095183618,0.104662841805995,0.84570709910969
"Webster County","vap_aian","uss_20_rep_hyd",0.520033582765643,0.20498345238534,0.132639624695315,0.902767765846199
"Webster County","vap_aian","uss_20_dem_esp",0.479966417234357,0.20498345238534,0.0972322341538012,0.867360375304686
"Webster County","vap_oth_b","uss_20_rep_hyd",0.433086351096881,0.169529935989634,0.138682273185289,0.780965303668125
"Webster County","vap_oth_b","uss_20_dem_esp",0.566913648903119,0.169529935989634,0.219034696331874,0.861317726814711
"Wilkinson County","vap_white","pre_16_rep_tru",0.711085380485216,0.116683648631761,0.435997159704504,0.882244303895589
"Wilkinson County","vap_white","pre_16_dem_cli",0.288914619514784,0.116683648631761,0.117755696104411,0.564002840295496
"Wilkinson County","vap_black","pre_16_rep_tru",0.166261540126569,0.056533477055724,0.0809880564883463,0.29966481972304
"Wilkinson County","vap_black","pre_16_dem_cli",0.833738459873431,0.056533477055724,0.70033518027696,0.919011943511654
"Wilkinson County","vap_hisp","pre_16_rep_tru",0.496008859230525,0.183772293691541,0.160607635370981,0.844032431101521
"Wilkinson County","vap_hisp","pre_16_dem_cli",0.503991140769475,0.183772293691541,0.155967568898479,0.839392364629018
"Wilkinson County","vap_asian","pre_16_rep_tru",0.493546960036527,0.213260826546604,0.0985177818539558,0.89431367969893
"Wilkinson County","vap_asian","pre_16_dem_cli",0.506453039963473,0.213260826546604,0.10568632030107,0.901482218146044
"Wilkinson County","vap_aian","pre_16_rep_tru",0.492223499683057,0.194296274783812,0.126677851522901,0.854713629636005
"Wilkinson County","vap_aian","pre_16_dem_cli",0.507776500316943,0.194296274783812,0.145286370363995,0.873322148477099
"Wilkinson County","vap_oth_b","pre_16_rep_tru",0.491420550874537,0.176014787090938,0.15835990473202,0.827023580100891
"Wilkinson County","vap_oth_b","pre_16_dem_cli",0.508579449125462,0.176014787090938,0.172976419899109,0.84164009526798
"Wilkinson County","vap_white","uss_18_rep_wic",0.690257821217619,0.133608257917213,0.387682520114166,0.895473748334612
"Wilkinson County","vap_white","uss_18_dem_bar",0.309742178782381,0.133608257917213,0.104526251665388,0.612317479885834
"Wilkinson County","vap_black","uss_18_rep_wic",0.198294576701835,0.0669321287570934,0.0901978856862345,0.345052232341363
"Wilkinson County","vap_black","uss_18_dem_bar",0.801705423298165,0.0669321287570934,0.654947767658637,0.909802114313766
"Wilkinson County","vap_hisp","uss_18_rep_wic",0.49382020222373,0.189070723807381,0.146151893060794,0.847941752732692
"Wilkinson County","vap_hisp","uss_18_dem_bar",0.50617979777627,0.189070723807381,0.152058247267308,0.853848106939206
"Wilkinson County","vap_asian","uss_18_rep_wic",0.502177993532648,0.208854631198294,0.115719293009233,0.897028545264474
"Wilkinson County","vap_asian","uss_18_dem_bar",0.497822006467352,0.208854631198294,0.102971454735526,0.884280706990767
"Wilkinson County","vap_aian","uss_18_rep_wic",0.496986764648696,0.196690878759294,0.132828745471751,0.864732856839382
"Wilkinson County","vap_aian","uss_18_dem_bar",0.503013235351304,0.196690878759294,0.135267143160618,0.867171254528249
"Wilkinson County","vap_oth_b","uss_18_rep_wic",0.510536265484832,0.184759025140225,0.156980547083586,0.857833904702861
"Wilkinson County","vap_oth_b","uss_18_dem_bar",0.489463734515168,0.184759025140225,0.142166095297139,0.843019452916414
"Wilkinson County","vap_white","pre_20_rep_tru",0.741743115043648,0.111624907608852,0.487309484797923,0.912563615430231
"Wilkinson County","vap_white","pre_20_dem_bid",0.258256884956352,0.111624907608852,0.0874363845697693,0.512690515202077
"Wilkinson County","vap_black","pre_20_rep_tru",0.15052077513441,0.0546494487834713,0.065605671406061,0.275446815385108
"Wilkinson County","vap_black","pre_20_dem_bid",0.84947922486559,0.0546494487834713,0.724553184614892,0.934394328593939
"Wilkinson County","vap_hisp","pre_20_rep_tru",0.510370686002843,0.189903264993698,0.149957116881884,0.857166226891641
"Wilkinson County","vap_hisp","pre_20_dem_bid",0.489629313997157,0.189903264993698,0.142833773108358,0.850042883118115
"Wilkinson County","vap_asian","pre_20_rep_tru",0.497889869138982,0.211107705492703,0.10764089165628,0.897275508428711
"Wilkinson County","vap_asian","pre_20_dem_bid",0.502110130861018,0.211107705492703,0.102724491571289,0.89235910834372
"Wilkinson County","vap_aian","pre_20_rep_tru",0.502761002296395,0.198023040113805,0.12615533243806,0.866614634557642
"Wilkinson County","vap_aian","pre_20_dem_bid",0.497238997703605,0.198023040113805,0.133385365442358,0.87384466756194
"Wilkinson County","vap_oth_b","pre_20_rep_tru",0.499410308737145,0.180492057399376,0.141732194571752,0.833638893674457
"Wilkinson County","vap_oth_b","pre_20_dem_bid",0.500589691262855,0.180492057399376,0.166361106325543,0.858267805428248
"Wilkinson County","vap_white","uss_20_rep_hyd",0.756657463066482,0.116507620277921,0.483847900947553,0.932856794679879
"Wilkinson County","vap_white","uss_20_dem_esp",0.243342536933518,0.116507620277921,0.067143205320121,0.516152099052447
"Wilkinson County","vap_black","uss_20_rep_hyd",0.143014215803802,0.0564552701119254,0.0576759568491103,0.27405558204283
"Wilkinson County","vap_black","uss_20_dem_esp",0.856985784196198,0.0564552701119254,0.72594441795717,0.94232404315089
"Wilkinson County","vap_hisp","uss_20_rep_hyd",0.511802288985378,0.182435032530844,0.158630322241374,0.838698414370384
"Wilkinson County","vap_hisp","uss_20_dem_esp",0.488197711014622,0.182435032530844,0.161301585629616,0.841369677758626
"Wilkinson County","vap_asian","uss_20_rep_hyd",0.510431562083009,0.214961678792893,0.0935220733083619,0.900864214676064
"Wilkinson County","vap_asian","uss_20_dem_esp",0.489568437916991,0.214961678792893,0.0991357853239365,0.906477926691638
"Wilkinson County","vap_aian","uss_20_rep_hyd",0.499449983653283,0.198969834140295,0.133118305329061,0.877256891706887
"Wilkinson County","vap_aian","uss_20_dem_esp",0.500550016346717,0.198969834140295,0.122743108293113,0.866881694670939
"Wilkinson County","vap_oth_b","uss_20_rep_hyd",0.486406774808341,0.183199562799002,0.14158138139656,0.828012634882871
"Wilkinson County","vap_oth_b","uss_20_dem_esp",0.513593225191659,0.183199562799002,0.171987365117129,0.85841861860344
"Winston County","vap_white","pre_16_rep_tru",0.938755027517754,0.0292879976460834,0.869646332510273,0.981206924096197
"Winston County","vap_white","pre_16_dem_cli",0.0612449724822455,0.0292879976460834,0.0187930759038029,0.130353667489727
"Winston County","vap_black","pre_16_rep_tru",0.0765620249870849,0.0363788597155576,0.0236914427924051,0.164051809507323
"Winston County","vap_black","pre_16_dem_cli",0.923437975012915,0.0363788597155576,0.835948190492677,0.976308557207595
"Winston County","vap_hisp","pre_16_rep_tru",0.480687182503825,0.176523795587924,0.155321307357802,0.822817121167313
"Winston County","vap_hisp","pre_16_dem_cli",0.519312817496175,0.176523795587924,0.177182878832687,0.844678692642198
"Winston County","vap_asian","pre_16_rep_tru",0.511601785025902,0.203921739820407,0.145981319058779,0.889349692437648
"Winston County","vap_asian","pre_16_dem_cli",0.488398214974098,0.203921739820407,0.110650307562353,0.854018680941221
"Winston County","vap_aian","pre_16_rep_tru",0.598718346687666,0.217016324713312,0.149010076561412,0.932850196644977
"Winston County","vap_aian","pre_16_dem_cli",0.401281653312334,0.217016324713312,0.0671498033550229,0.850989923438588
"Winston County","vap_oth_b","pre_16_rep_tru",0.443644747164012,0.173463536675733,0.137402810844255,0.793111162806992
"Winston County","vap_oth_b","pre_16_dem_cli",0.556355252835988,0.173463536675733,0.206888837193008,0.862597189155745
"Winston County","vap_white","uss_18_rep_wic",0.942399171272151,0.0285395923921587,0.874818580977555,0.984136100654062
"Winston County","vap_white","uss_18_dem_bar",0.0576008287278488,0.0285395923921587,0.0158638993459384,0.125181419022445
"Winston County","vap_black","uss_18_rep_wic",0.103486296316136,0.0362349403307229,0.0490552248097187,0.1905315786388
"Winston County","vap_black","uss_18_dem_bar",0.896513703683865,0.0362349403307229,0.8094684213612,0.950944775190281
"Winston County","vap_hisp","uss_18_rep_wic",0.514570491433963,0.180986633860569,0.160242061684293,0.840039565537792
"Winston County","vap_hisp","uss_18_dem_bar",0.485429508566037,0.180986633860569,0.159960434462208,0.839757938315707
"Winston County","vap_asian","uss_18_rep_wic",0.485405608172591,0.209325440947716,0.103143620536044,0.888648222658499
"Winston County","vap_asian","uss_18_dem_bar",0.514594391827409,0.209325440947716,0.111351777341501,0.896856379463955
"Winston County","vap_aian","uss_18_rep_wic",0.588304619689544,0.219821265860956,0.133079316159011,0.942428509956375
"Winston County","vap_aian","uss_18_dem_bar",0.411695380310456,0.219821265860956,0.0575714900436249,0.866920683840989
"Winston County","vap_oth_b","uss_18_rep_wic",0.47581376857644,0.208890835052523,0.0600729494599649,0.834769430038237
"Winston County","vap_oth_b","uss_18_dem_bar",0.52418623142356,0.208890835052523,0.165230569961763,0.939927050540035
"Winston County","vap_white","pre_20_rep_tru",0.94046508900135,0.0276565468854689,0.875593537051891,0.981326984200445
"Winston County","vap_white","pre_20_dem_bid",0.0595349109986498,0.0276565468854689,0.0186730157995551,0.124406462948109
"Winston County","vap_black","pre_20_rep_tru",0.0689355931522213,0.0334313551773617,0.0218485560584262,0.149693039100028
"Winston County","vap_black","pre_20_dem_bid",0.931064406847779,0.0334313551773617,0.850306960899972,0.978151443941574
"Winston County","vap_hisp","pre_20_rep_tru",0.504556543526675,0.178758433721444,0.166190216970056,0.842738865323978
"Winston County","vap_hisp","pre_20_dem_bid",0.495443456473325,0.178758433721444,0.157261134676022,0.833809783029944
"Winston County","vap_asian","pre_20_rep_tru",0.502658436145198,0.205071974826363,0.130142379381946,0.884315968653111
"Winston County","vap_asian","pre_20_dem_bid",0.497341563854802,0.205071974826363,0.115684031346889,0.869857620618054
"Winston County","vap_aian","pre_20_rep_tru",0.601154589510976,0.215630788412355,0.143820991643569,0.927131248124584
"Winston County","vap_aian","pre_20_dem_bid",0.398845410489024,0.215630788412355,0.072868751875416,0.856179008356431
"Winston County","vap_oth_b","pre_20_rep_tru",0.476893144418741,0.175910054721803,0.136874286689768,0.814148872176939
"Winston County","vap_oth_b","pre_20_dem_bid",0.523106855581259,0.175910054721803,0.185851127823061,0.863125713310232
"Winston County","vap_white","uss_20_rep_hyd",0.914112821763587,0.0259492745007498,0.84991541986274,0.950941520064162
"Winston County","vap_white","uss_20_dem_esp",0.085887178236413,0.0259492745007498,0.0490584799358375,0.15008458013726
"Winston County","vap_black","uss_20_rep_hyd",0.0410576976449283,0.0301744728518119,0.00501117167444895,0.120165530712578
"Winston County","vap_black","uss_20_dem_esp",0.958942302355072,0.0301744728518119,0.879834469287422,0.994988828325551
"Winston County","vap_hisp","uss_20_rep_hyd",0.477927103403391,0.176855324549281,0.142055370495308,0.809902325743743
"Winston County","vap_hisp","uss_20_dem_esp",0.522072896596609,0.176855324549281,0.190097674256257,0.857944629504692
"Winston County","vap_asian","uss_20_rep_hyd",0.504334881876433,0.202471948182867,0.133230152693382,0.88649998421953
"Winston County","vap_asian","uss_20_dem_esp",0.495665118123567,0.202471948182867,0.11350001578047,0.866769847306618
"Winston County","vap_aian","uss_20_rep_hyd",0.567677900969193,0.208471293213278,0.140200925265653,0.92501625281093
"Winston County","vap_aian","uss_20_dem_esp",0.432322099030807,0.208471293213278,0.0749837471890702,0.859799074734346
"Winston County","vap_oth_b","uss_20_rep_hyd",0.472488893157502,0.173433569276611,0.151639379089478,0.815815604553666
"Winston County","vap_oth_b","uss_20_dem_esp",0.527511106842498,0.173433569276611,0.184184395446334,0.848360620910522
"Yalobusha County","vap_white","pre_16_rep_tru",0.827884374211632,0.0524684092953035,0.709793390725656,0.903076284145268
"Yalobusha County","vap_white","pre_16_dem_cli",0.172115625788368,0.0524684092953035,0.0969237158547316,0.290206609274345
"Yalobusha County","vap_black","pre_16_rep_tru",0.167562589630282,0.0867780560663259,0.0462472982739251,0.359404298659241
"Yalobusha County","vap_black","pre_16_dem_cli",0.832437410369718,0.0867780560663259,0.640595701340759,0.953752701726075
"Yalobusha County","vap_hisp","pre_16_rep_tru",0.49781190674581,0.18062777793565,0.156016545029856,0.838258451042728
"Yalobusha County","vap_hisp","pre_16_dem_cli",0.50218809325419,0.18062777793565,0.161741548957272,0.843983454970143
"Yalobusha County","vap_asian","pre_16_rep_tru",0.501038673067966,0.194943909890273,0.137648720522088,0.872007605535325
"Yalobusha County","vap_asian","pre_16_dem_cli",0.498961326932034,0.194943909890273,0.127992394464675,0.862351279477912
"Yalobusha County","vap_aian","pre_16_rep_tru",0.504040938622134,0.197665044194978,0.123765384884266,0.88517692906783
"Yalobusha County","vap_aian","pre_16_dem_cli",0.495959061377866,0.197665044194978,0.11482307093217,0.876234615115734
"Yalobusha County","vap_oth_b","pre_16_rep_tru",0.477534772703103,0.167570237670569,0.169511741109772,0.79925846282679
"Yalobusha County","vap_oth_b","pre_16_dem_cli",0.522465227296897,0.167570237670569,0.20074153717321,0.830488258890228
"Yalobusha County","vap_white","uss_18_rep_wic",0.821697336831982,0.0447250220310595,0.72033034071911,0.892089529472723
"Yalobusha County","vap_white","uss_18_dem_bar",0.178302663168018,0.0447250220310595,0.107910470527277,0.27966965928089
"Yalobusha County","vap_black","uss_18_rep_wic",0.176168897431172,0.074873304819886,0.0593568586401381,0.343976604899462
"Yalobusha County","vap_black","uss_18_dem_bar",0.823831102568828,0.074873304819886,0.656023395100537,0.940643141359862
"Yalobusha County","vap_hisp","uss_18_rep_wic",0.497926003224245,0.183590736779588,0.160014683463182,0.852249244374516
"Yalobusha County","vap_hisp","uss_18_dem_bar",0.502073996775755,0.183590736779588,0.147750755625484,0.839985316536818
"Yalobusha County","vap_asian","uss_18_rep_wic",0.498171101650818,0.193529510554777,0.133176143930481,0.860169038486537
"Yalobusha County","vap_asian","uss_18_dem_bar",0.501828898349182,0.193529510554777,0.139830961513463,0.866823856069519
"Yalobusha County","vap_aian","uss_18_rep_wic",0.506626389619634,0.189665298727153,0.147204697887644,0.864679050014074
"Yalobusha County","vap_aian","uss_18_dem_bar",0.493373610380366,0.189665298727153,0.135320949985926,0.852795302112356
"Yalobusha County","vap_oth_b","uss_18_rep_wic",0.507760860877155,0.179246800945804,0.161833903992841,0.842372723676436
"Yalobusha County","vap_oth_b","uss_18_dem_bar",0.492239139122845,0.179246800945804,0.157627276323564,0.838166096007159
"Yalobusha County","vap_white","pre_20_rep_tru",0.84981856704349,0.0471914575365389,0.732009815389401,0.915241648071234
"Yalobusha County","vap_white","pre_20_dem_bid",0.15018143295651,0.0471914575365389,0.0847583519287657,0.267990184610599
"Yalobusha County","vap_black","pre_20_rep_tru",0.147538616775397,0.0800450055220856,0.0359774902809437,0.341720678718785
"Yalobusha County","vap_black","pre_20_dem_bid",0.852461383224603,0.0800450055220856,0.658279321281214,0.964022509719056
"Yalobusha County","vap_hisp","pre_20_rep_tru",0.492061213023548,0.180909503595422,0.154167523953005,0.840337115764954
"Yalobusha County","vap_hisp","pre_20_dem_bid",0.507938786976452,0.180909503595422,0.159662884235046,0.845832476046995
"Yalobusha County","vap_asian","pre_20_rep_tru",0.508945772839625,0.197787485578808,0.148085991922072,0.884189985960784
"Yalobusha County","vap_asian","pre_20_dem_bid",0.491054227160375,0.197787485578808,0.115810014039216,0.851914008077928
"Yalobusha County","vap_aian","pre_20_rep_tru",0.523883781936851,0.19184098232386,0.151928900512679,0.871890526139293
"Yalobusha County","vap_aian","pre_20_dem_bid",0.476116218063149,0.19184098232386,0.128109473860707,0.84807109948732
"Yalobusha County","vap_oth_b","pre_20_rep_tru",0.506186154497939,0.176589270067397,0.168225595651161,0.838391282736441
"Yalobusha County","vap_oth_b","pre_20_dem_bid",0.493813845502061,0.176589270067397,0.161608717263558,0.831774404348839
"Yalobusha County","vap_white","uss_20_rep_hyd",0.816784940436187,0.040710762310568,0.720889190346138,0.87939672733427
"Yalobusha County","vap_white","uss_20_dem_esp",0.183215059563813,0.040710762310568,0.12060327266573,0.279110809653862
"Yalobusha County","vap_black","uss_20_rep_hyd",0.115109441031371,0.066138245566841,0.0222695723305529,0.27487887989176
"Yalobusha County","vap_black","uss_20_dem_esp",0.884890558968629,0.066138245566841,0.72512112010824,0.977730427669447
"Yalobusha County","vap_hisp","uss_20_rep_hyd",0.490098101482199,0.176410789980863,0.160789791572553,0.822894116979732
"Yalobusha County","vap_hisp","uss_20_dem_esp",0.509901898517801,0.176410789980863,0.177105883020268,0.839210208427447
"Yalobusha County","vap_asian","uss_20_rep_hyd",0.499658262688257,0.199306193817625,0.122785400333467,0.872704412930762
"Yalobusha County","vap_asian","uss_20_dem_esp",0.500341737311743,0.199306193817625,0.127295587069238,0.877214599666533
"Yalobusha County","vap_aian","uss_20_rep_hyd",0.503094647853402,0.191447745178611,0.145327124447089,0.86506548777667
"Yalobusha County","vap_aian","uss_20_dem_esp",0.496905352146598,0.191447745178611,0.13493451222333,0.854672875552911
"Yalobusha County","vap_oth_b","uss_20_rep_hyd",0.460532799667495,0.171760444960583,0.140853677666597,0.792899621240997
"Yalobusha County","vap_oth_b","uss_20_dem_esp",0.539467200332505,0.171760444960583,0.207100378759003,0.859146322333403
"Yazoo County","vap_white","pre_16_rep_tru",0.915432754108974,0.0170037733728572,0.876783765304734,0.941425460425482
"Yazoo County","vap_white","pre_16_dem_cli",0.084567245891026,0.0170037733728572,0.0585745395745186,0.123216234695266
"Yazoo County","vap_black","pre_16_rep_tru",0.130121656956424,0.0237606985850656,0.091176714890932,0.18461376617207
"Yazoo County","vap_black","pre_16_dem_cli",0.869878343043576,0.0237606985850656,0.81538623382793,0.908823285109068
"Yazoo County","vap_hisp","pre_16_rep_tru",0.432423692449695,0.147119030793612,0.162416864694181,0.740578618834433
"Yazoo County","vap_hisp","pre_16_dem_cli",0.567576307550305,0.147119030793612,0.259421381165567,0.837583135305819
"Yazoo County","vap_asian","pre_16_rep_tru",0.484113657339254,0.186394752515993,0.142697131654103,0.83623630522845
"Yazoo County","vap_asian","pre_16_dem_cli",0.515886342660746,0.186394752515993,0.16376369477155,0.857302868345897
"Yazoo County","vap_aian","pre_16_rep_tru",0.504499983915615,0.19180211443788,0.132974871658329,0.854752067772755
"Yazoo County","vap_aian","pre_16_dem_cli",0.495500016084385,0.19180211443788,0.145247932227245,0.867025128341671
"Yazoo County","vap_oth_b","pre_16_rep_tru",0.428300043337092,0.15589967091385,0.143614655591202,0.743529936834428
"Yazoo County","vap_oth_b","pre_16_dem_cli",0.571699956662908,0.15589967091385,0.256470063165572,0.856385344408798
"Yazoo County","vap_white","uss_18_rep_wic",0.893059227582774,0.0199272039051032,0.846809710942424,0.924958836962546
"Yazoo County","vap_white","uss_18_dem_bar",0.106940772417226,0.0199272039051032,0.0750411630374539,0.153190289057576
"Yazoo County","vap_black","uss_18_rep_wic",0.205237791812964,0.0294780480126778,0.153863637444081,0.273558425764598
"Yazoo County","vap_black","uss_18_dem_bar",0.794762208187036,0.0294780480126778,0.726441574235402,0.846136362555919
"Yazoo County","vap_hisp","uss_18_rep_wic",0.46918865429705,0.157722265072148,0.176920166394055,0.779799530305712
"Yazoo County","vap_hisp","uss_18_dem_bar",0.530811345702951,0.157722265072148,0.220200469694288,0.823079833605945
"Yazoo County","vap_asian","uss_18_rep_wic",0.482402099072738,0.181120980659509,0.155953032976153,0.836434777406815
"Yazoo County","vap_asian","uss_18_dem_bar",0.517597900927262,0.181120980659509,0.163565222593185,0.844046967023847
"Yazoo County","vap_aian","uss_18_rep_wic",0.51408443515464,0.185735633450939,0.172965808003235,0.867915469347363
"Yazoo County","vap_aian","uss_18_dem_bar",0.485915564845359,0.185735633450939,0.132084530652637,0.827034191996765
"Yazoo County","vap_oth_b","uss_18_rep_wic",0.621614218492898,0.202017603163652,0.241715105884138,0.940555431389988
"Yazoo County","vap_oth_b","uss_18_dem_bar",0.378385781507102,0.202017603163652,0.0594445686100118,0.758284894115862
"Yazoo County","vap_white","pre_20_rep_tru",0.885559068944057,0.0176884038123844,0.844021071298147,0.914499015922491
"Yazoo County","vap_white","pre_20_dem_bid",0.114440931055943,0.0176884038123844,0.0855009840775089,0.155978928701853
"Yazoo County","vap_black","pre_20_rep_tru",0.146964084161275,0.0228753412941426,0.107617376006458,0.198570927282909
"Yazoo County","vap_black","pre_20_dem_bid",0.853035915838725,0.0228753412941426,0.801429072717091,0.892382623993542
"Yazoo County","vap_hisp","pre_20_rep_tru",0.511367919624116,0.171508925684166,0.177216826202073,0.821887053375213
"Yazoo County","vap_hisp","pre_20_dem_bid",0.488632080375884,0.171508925684166,0.178112946624787,0.822783173797927
"Yazoo County","vap_asian","pre_20_rep_tru",0.491907468346129,0.173287485402162,0.164816125670831,0.822501593570747
"Yazoo County","vap_asian","pre_20_dem_bid",0.508092531653871,0.173287485402162,0.177498406429252,0.835183874329169
"Yazoo County","vap_aian","pre_20_rep_tru",0.502217571241701,0.195984879252221,0.141829309231531,0.877068438482195
"Yazoo County","vap_aian","pre_20_dem_bid",0.497782428758299,0.195984879252221,0.122931561517805,0.858170690768469
"Yazoo County","vap_oth_b","pre_20_rep_tru",0.530414477567277,0.179890387126948,0.188230553887502,0.889774841389424
"Yazoo County","vap_oth_b","pre_20_dem_bid",0.469585522432723,0.179890387126948,0.110225158610575,0.811769446112498
"Yazoo County","vap_white","uss_20_rep_hyd",0.850243826200194,0.0204973112300591,0.803350328431246,0.883339006862713
"Yazoo County","vap_white","uss_20_dem_esp",0.149756173799806,0.0204973112300591,0.116660993137287,0.196649671568754
"Yazoo County","vap_black","uss_20_rep_hyd",0.140416534075824,0.0253017955495065,0.0986132950557191,0.197935585490327
"Yazoo County","vap_black","uss_20_dem_esp",0.859583465924176,0.0253017955495065,0.802064414509672,0.901386704944281
"Yazoo County","vap_hisp","uss_20_rep_hyd",0.400095124460963,0.150234066436765,0.124101230517038,0.703760541358186
"Yazoo County","vap_hisp","uss_20_dem_esp",0.599904875539037,0.150234066436765,0.296239458641814,0.875898769482962
"Yazoo County","vap_asian","uss_20_rep_hyd",0.433486334358698,0.197624796010091,0.0773306785136324,0.805732306569188
"Yazoo County","vap_asian","uss_20_dem_esp",0.566513665641302,0.197624796010091,0.194267693430811,0.922669321486368
"Yazoo County","vap_aian","uss_20_rep_hyd",0.484280245418703,0.196430965407533,0.126964363585071,0.860330505362059
"Yazoo County","vap_aian","uss_20_dem_esp",0.515719754581297,0.196430965407533,0.139669494637941,0.873035636414929
"Yazoo County","vap_oth_b","uss_20_rep_hyd",0.400399303814263,0.166181222367738,0.130649568278558,0.771043493989761
"Yazoo County","vap_oth_b","uss_20_dem_esp",0.599600696185737,0.166181222367738,0.228956506010239,0.869350431721442
"Adams County","vap_white","pre_24_dem_har",0.22353229338233,0.108764336658592,0.0490475662412548,0.464926048876337
"Adams County","vap_white","pre_24_rep_tru",0.77646770661767,0.108764336658592,0.535073951123663,0.950952433758745
"Adams County","vap_hisp","pre_24_dem_har",0.583512003261675,0.204613420150826,0.179675013939025,0.934457072951552
"Adams County","vap_hisp","pre_24_rep_tru",0.416487996738325,0.204613420150826,0.065542927048448,0.820324986060975
"Adams County","vap_black","pre_24_dem_har",0.745807198179722,0.0890987648303105,0.554198661874729,0.894172208843349
"Adams County","vap_black","pre_24_rep_tru",0.254192801820278,0.0890987648303105,0.105827791156651,0.445801338125271
"Adams County","vap_asian","pre_24_dem_har",0.442068027778283,0.241609314278609,0.0410229757109937,0.90175502449933
"Adams County","vap_asian","pre_24_rep_tru",0.557931972221717,0.241609314278609,0.09824497550067,0.958977024289006
"Adams County","vap_oth_b","pre_24_dem_har",0.557042507852099,0.200875958826406,0.176874213870463,0.908366734561533
"Adams County","vap_oth_b","pre_24_rep_tru",0.442957492147901,0.200875958826406,0.091633265438467,0.823125786129537
"Alcorn County","vap_white","pre_24_dem_har",0.122734368944939,0.051557339802111,0.0400783756760569,0.239251399258179
"Alcorn County","vap_white","pre_24_rep_tru",0.877265631055061,0.051557339802111,0.760748600741821,0.959921624323943
"Alcorn County","vap_hisp","pre_24_dem_har",0.439607067178178,0.199290156716728,0.0895622350693618,0.820196621668952
"Alcorn County","vap_hisp","pre_24_rep_tru",0.560392932821822,0.199290156716728,0.179803378331048,0.910437764930638
"Alcorn County","vap_black","pre_24_dem_har",0.503447454985236,0.125955882868687,0.261322202303175,0.744785415637635
"Alcorn County","vap_black","pre_24_rep_tru",0.496552545014764,0.125955882868687,0.255214584362365,0.738677797696825
"Alcorn County","vap_asian","pre_24_dem_har",0.488838844890906,0.205512801975504,0.113048997294468,0.871503494615144
"Alcorn County","vap_asian","pre_24_rep_tru",0.511161155109094,0.205512801975504,0.128496505384856,0.886951002705532
"Alcorn County","vap_oth_b","pre_24_dem_har",0.445213643735338,0.199481313286941,0.0960872053955005,0.830664067159737
"Alcorn County","vap_oth_b","pre_24_rep_tru",0.554786356264662,0.199481313286941,0.169335932840263,0.9039127946045
"Amite County","vap_white","pre_24_dem_har",0.159793320382739,0.0944924397913943,0.0218399780422486,0.379577445302985
"Amite County","vap_white","pre_24_rep_tru",0.840206679617261,0.0944924397913943,0.620422554697015,0.978160021957751
"Amite County","vap_hisp","pre_24_dem_har",0.389185305888147,0.209821502305187,0.0502264007054337,0.80797529595189
"Amite County","vap_hisp","pre_24_rep_tru",0.610814694111853,0.209821502305187,0.19202470404811,0.949773599294566
"Amite County","vap_black","pre_24_dem_har",0.500540997947833,0.137846725390603,0.238662961067011,0.765517238265238
"Amite County","vap_black","pre_24_rep_tru",0.499459002052167,0.137846725390603,0.234482761734762,0.761337038932989
"Amite County","vap_asian","pre_24_dem_har",0.680392853238496,0.204848627760759,0.251517033449504,0.981540445674812
"Amite County","vap_asian","pre_24_rep_tru",0.319607146761504,0.204848627760759,0.018459554325188,0.748482966550496
"Amite County","vap_oth_b","pre_24_dem_har",0.31838822187583,0.207974914530944,0.020788156916758,0.76427093930106
"Amite County","vap_oth_b","pre_24_rep_tru",0.68161177812417,0.207974914530944,0.23572906069894,0.979211843083242
"Attala County","vap_white","pre_24_dem_har",0.239461462209202,0.109454557521013,0.061678442252473,0.475524136722711
"Attala County","vap_white","pre_24_rep_tru",0.760538537790798,0.109454557521013,0.524475863277289,0.938321557747527
"Attala County","vap_hisp","pre_24_dem_har",0.469197971436182,0.246997200862639,0.0516919428344668,0.931765871725647
"Attala County","vap_hisp","pre_24_rep_tru",0.530802028563818,0.246997200862639,0.068234128274353,0.948308057165533
"Attala County","vap_black","pre_24_dem_har",0.571877476791528,0.0982899430004471,0.37741835193336,0.757365629448101
"Attala County","vap_black","pre_24_rep_tru",0.428122523208472,0.0982899430004471,0.242634370551899,0.62258164806664
"Attala County","vap_asian","pre_24_dem_har",0.410822777151325,0.211199887841146,0.0569633447797497,0.828420830017423
"Attala County","vap_asian","pre_24_rep_tru",0.589177222848675,0.211199887841146,0.171579169982577,0.94303665522025
"Attala County","vap_oth_b","pre_24_dem_har",0.623713867870038,0.227025713513738,0.16009195122132,0.978592726886279
"Attala County","vap_oth_b","pre_24_rep_tru",0.376286132129962,0.227025713513738,0.021407273113721,0.83990804877868
"Benton County","vap_white","pre_24_dem_har",0.176722925596992,0.0905791656040302,0.0376054457343525,0.384580337112942
"Benton County","vap_white","pre_24_rep_tru",0.823277074403008,0.0905791656040302,0.615419662887058,0.962394554265647
"Benton County","vap_hisp","pre_24_dem_har",0.587605456207869,0.210912648203619,0.185841216578736,0.943819446177591
"Benton County","vap_hisp","pre_24_rep_tru",0.412394543792131,0.210912648203619,0.056180553822409,0.814158783421264
"Benton County","vap_black","pre_24_dem_har",0.590451065796412,0.113746634569878,0.36492614880962,0.802759518672407
"Benton County","vap_black","pre_24_rep_tru",0.409548934203588,0.113746634569878,0.197240481327593,0.63507385119038
"Benton County","vap_asian","pre_24_dem_har",0.530673759593857,0.212726109912356,0.121890661258161,0.906536627707178
"Benton County","vap_asian","pre_24_rep_tru",0.469326240406143,0.212726109912356,0.093463372292822,0.878109338741839
"Benton County","vap_oth_b","pre_24_dem_har",0.543729186702483,0.195258179534725,0.13811251855932,0.87216692733885
"Benton County","vap_oth_b","pre_24_rep_tru",0.456270813297517,0.195258179534725,0.12783307266115,0.86188748144068
"Bolivar County","vap_white","pre_24_dem_har",0.16322997994705,0.0902021761241607,0.0288056848097511,0.373002223773391
"Bolivar County","vap_white","pre_24_rep_tru",0.83677002005295,0.0902021761241607,0.626997776226609,0.971194315190249
"Bolivar County","vap_hisp","pre_24_dem_har",0.525385756545971,0.246565255344595,0.0702803441711331,0.93153713313985
"Bolivar County","vap_hisp","pre_24_rep_tru",0.474614243454029,0.246565255344595,0.06846286686015,0.929719655828867
"Bolivar County","vap_black","pre_24_dem_har",0.821164029416358,0.0873202662780582,0.619748619857721,0.95122296062682
"Bolivar County","vap_black","pre_24_rep_tru",0.178835970583642,0.0873202662780582,0.04877703937318,0.380251380142279
"Bolivar County","vap_asian","pre_24_dem_har",0.543037047787483,0.210560308861689,0.143791471837975,0.913696707265979
"Bolivar County","vap_asian","pre_24_rep_tru",0.456962952212517,0.210560308861689,0.086303292734021,0.856208528162025
"Bolivar County","vap_oth_b","pre_24_dem_har",0.477040415584407,0.203370763171914,0.111356076444312,0.871282227248065
"Bolivar County","vap_oth_b","pre_24_rep_tru",0.522959584415593,0.203370763171914,0.128717772751935,0.888643923555688
"Calhoun County","vap_white","pre_24_dem_har",0.212939802694357,0.0852726169331709,0.0713040640737217,0.4002090569804
"Calhoun County","vap_white","pre_24_rep_tru",0.787060197305643,0.0852726169331709,0.5997909430196,0.928695935926278
"Calhoun County","vap_hisp","pre_24_dem_har",0.491555335713877,0.22038600667249,0.0948699403890346,0.895849039500733
"Calhoun County","vap_hisp","pre_24_rep_tru",0.508444664286123,0.22038600667249,0.104150960499267,0.905130059610965
"Calhoun County","vap_black","pre_24_dem_har",0.371146492991997,0.131269052858661,0.143677064013189,0.642579840424401
"Calhoun County","vap_black","pre_24_rep_tru",0.628853507008003,0.131269052858661,0.357420159575599,0.856322935986811
"Calhoun County","vap_asian","pre_24_dem_har",0.514257139363863,0.181444730450819,0.173969063925327,0.850994007921305
"Calhoun County","vap_asian","pre_24_rep_tru",0.485742860636137,0.181444730450819,0.149005992078695,0.826030936074673
"Calhoun County","vap_oth_b","pre_24_dem_har",0.422775858875668,0.184854694423212,0.0938042791642827,0.769507810060153
"Calhoun County","vap_oth_b","pre_24_rep_tru",0.577224141124332,0.184854694423212,0.230492189939847,0.906195720835717
"Carroll County","vap_white","pre_24_dem_har",0.182734993889972,0.0793576754345066,0.0554381745554613,0.353371492049785
"Carroll County","vap_white","pre_24_rep_tru",0.817265006110028,0.0793576754345066,0.646628507950215,0.944561825444539
"Carroll County","vap_hisp","pre_24_dem_har",0.464425005304461,0.230282220362134,0.0689367252469404,0.892474541540234
"Carroll County","vap_hisp","pre_24_rep_tru",0.535574994695539,0.230282220362134,0.107525458459766,0.93106327475306
"Carroll County","vap_black","pre_24_dem_har",0.585034918484558,0.106386659044579,0.37352797428852,0.784803175182952
"Carroll County","vap_black","pre_24_rep_tru",0.414965081515442,0.106386659044579,0.215196824817048,0.62647202571148
"Carroll County","vap_asian","pre_24_dem_har",0.295541004153074,0.183456463903767,0.0283353424757179,0.716176772899229
"Carroll County","vap_asian","pre_24_rep_tru",0.704458995846926,0.183456463903767,0.283823227100771,0.971664657524282
"Carroll County","vap_oth_b","pre_24_dem_har",0.445515728551894,0.213472622554381,0.0897396768802364,0.864721526136986
"Carroll County","vap_oth_b","pre_24_rep_tru",0.554484271448106,0.213472622554381,0.135278473863014,0.910260323119764
"Chickasaw County","vap_white","pre_24_dem_har",0.186236009616911,0.0931106769863565,0.0424024171856229,0.394032956643166
"Chickasaw County","vap_white","pre_24_rep_tru",0.813763990383089,0.0931106769863565,0.605967043356834,0.957597582814377
"Chickasaw County","vap_hisp","pre_24_dem_har",0.504339381349974,0.239367286306515,0.078304562232719,0.930149070720836
"Chickasaw County","vap_hisp","pre_24_rep_tru",0.495660618650026,0.239367286306515,0.069850929279164,0.921695437767281
"Chickasaw County","vap_black","pre_24_dem_har",0.64252894220238,0.120327712552806,0.394592577375344,0.85278446318029
"Chickasaw County","vap_black","pre_24_rep_tru",0.35747105779762,0.120327712552806,0.14721553681971,0.605407422624656
"Chickasaw County","vap_asian","pre_24_dem_har",0.487512624941568,0.21663254275517,0.106132588278909,0.898602345999333
"Chickasaw County","vap_asian","pre_24_rep_tru",0.512487375058432,0.21663254275517,0.101397654000667,0.893867411721091
"Chickasaw County","vap_oth_b","pre_24_dem_har",0.581816624767633,0.263674342622103,0.0883889507286667,0.98260543876112
"Chickasaw County","vap_oth_b","pre_24_rep_tru",0.418183375232367,0.263674342622103,0.0173945612388799,0.911611049271333
"Choctaw County","vap_white","pre_24_dem_har",0.151121829416213,0.0889208643450233,0.0244109332173363,0.354390836607772
"Choctaw County","vap_white","pre_24_rep_tru",0.848878170583787,0.0889208643450233,0.645609163392228,0.975589066782664
"Choctaw County","vap_hisp","pre_24_dem_har",0.456244732201722,0.181393525854494,0.126131031483722,0.808972700112216
"Choctaw County","vap_hisp","pre_24_rep_tru",0.543755267798278,0.181393525854494,0.191027299887784,0.873868968516278
"Choctaw County","vap_black","pre_24_dem_har",0.426798345562344,0.148299821567122,0.149433520979425,0.714316606633195
"Choctaw County","vap_black","pre_24_rep_tru",0.573201654437656,0.148299821567122,0.285683393366805,0.850566479020575
"Choctaw County","vap_asian","pre_24_dem_har",0.348827697026243,0.218517786939805,0.0209889367850314,0.805716899363287
"Choctaw County","vap_asian","pre_24_rep_tru",0.651172302973757,0.218517786939805,0.194283100636713,0.979011063214969
"Choctaw County","vap_oth_b","pre_24_dem_har",0.558567110127406,0.185234320071894,0.193334873667592,0.886617525351845
"Choctaw County","vap_oth_b","pre_24_rep_tru",0.441432889872594,0.185234320071894,0.113382474648155,0.806665126332408
"Claiborne County","vap_white","pre_24_dem_har",0.729901538835007,0.17607050274956,0.341477309353305,0.981809786539175
"Claiborne County","vap_white","pre_24_rep_tru",0.270098461164993,0.17607050274956,0.0181902134608251,0.658522690646695
"Claiborne County","vap_hisp","pre_24_dem_har",0.39607941357624,0.2491130856078,0.0230463573175885,0.882045375281145
"Claiborne County","vap_hisp","pre_24_rep_tru",0.60392058642376,0.2491130856078,0.117954624718855,0.976953642682411
"Claiborne County","vap_black","pre_24_dem_har",0.842306937779646,0.0636233250928174,0.699006274127849,0.945353808596102
"Claiborne County","vap_black","pre_24_rep_tru",0.157693062220354,0.0636233250928174,0.054646191403898,0.300993725872151
"Claiborne County","vap_asian","pre_24_dem_har",0.547721623571585,0.218385267414457,0.137089342971756,0.923509479040046
"Claiborne County","vap_asian","pre_24_rep_tru",0.452278376428415,0.218385267414457,0.076490520959954,0.862910657028244
"Claiborne County","vap_oth_b","pre_24_dem_har",0.756361847142378,0.159277049324255,0.396115933398604,0.981704475213679
"Claiborne County","vap_oth_b","pre_24_rep_tru",0.243638152857622,0.159277049324255,0.018295524786321,0.603884066601396
"Clarke County","vap_white","pre_24_dem_har",0.163007577937022,0.0993401532890749,0.0257154586216081,0.39281398726683
"Clarke County","vap_white","pre_24_rep_tru",0.836992422062978,0.0993401532890749,0.60718601273317,0.974284541378392
"Clarke County","vap_hisp","pre_24_dem_har",0.499610270945469,0.242032460880746,0.0690661105204348,0.925440505749465
"Clarke County","vap_hisp","pre_24_rep_tru",0.500389729054531,0.242032460880746,0.074559494250535,0.930933889479565
"Clarke County","vap_black","pre_24_dem_har",0.567899946356835,0.142366911779499,0.289332197308459,0.830030335729071
"Clarke County","vap_black","pre_24_rep_tru",0.432100053643165,0.142366911779499,0.169969664270929,0.710667802691541
"Clarke County","vap_asian","pre_24_dem_har",0.526436870941402,0.210616278898827,0.139504828206516,0.901985138590227
"Clarke County","vap_asian","pre_24_rep_tru",0.473563129058598,0.210616278898827,0.098014861409773,0.860495171793484
"Clarke County","vap_oth_b","pre_24_dem_har",0.442934651017795,0.221600481219698,0.0720663850794388,0.879301817946957
"Clarke County","vap_oth_b","pre_24_rep_tru",0.557065348982205,0.221600481219698,0.120698182053043,0.927933614920561
"Clay County","vap_white","pre_24_dem_har",0.367974119942849,0.154944862293923,0.096069291704615,0.685460263942711
"Clay County","vap_white","pre_24_rep_tru",0.632025880057151,0.154944862293923,0.314539736057289,0.903930708295385
"Clay County","vap_hisp","pre_24_dem_har",0.470573798459265,0.207146886461093,0.0896177906983616,0.852603195685675
"Clay County","vap_hisp","pre_24_rep_tru",0.529426201540735,0.207146886461093,0.147396804314325,0.910382209301638
"Clay County","vap_black","pre_24_dem_har",0.601466805323517,0.0915464271358814,0.416978746004384,0.773333909059195
"Clay County","vap_black","pre_24_rep_tru",0.398533194676483,0.0915464271358814,0.226666090940805,0.583021253995616
"Clay County","vap_asian","pre_24_dem_har",0.415070818402846,0.209263545368098,0.0636511545255525,0.831724547270128
"Clay County","vap_asian","pre_24_rep_tru",0.584929181597154,0.209263545368098,0.168275452729872,0.936348845474448
"Clay County","vap_oth_b","pre_24_dem_har",0.6036068259766,0.181299047259038,0.229626509362311,0.916378384891727
"Clay County","vap_oth_b","pre_24_rep_tru",0.3963931740234,0.181299047259038,0.083621615108273,0.770373490637689
"Coahoma County","vap_white","pre_24_dem_har",0.382026930736884,0.14905932665209,0.112603616210853,0.676420574122171
"Coahoma County","vap_white","pre_24_rep_tru",0.617973069263116,0.14905932665209,0.323579425877829,0.887396383789147
"Coahoma County","vap_hisp","pre_24_dem_har",0.530345393529181,0.21793152654457,0.13002059646464,0.91939082493057
"Coahoma County","vap_hisp","pre_24_rep_tru",0.469654606470819,0.21793152654457,0.08060917506943,0.86997940353536
"Coahoma County","vap_black","pre_24_dem_har",0.780758897823887,0.0925475876574205,0.574308705168895,0.930171597908985
"Coahoma County","vap_black","pre_24_rep_tru",0.219241102176113,0.0925475876574205,0.069828402091015,0.425691294831105
"Coahoma County","vap_asian","pre_24_dem_har",0.465720820747096,0.201446671157767,0.105847988761636,0.84915131639626
"Coahoma County","vap_asian","pre_24_rep_tru",0.534279179252904,0.201446671157767,0.15084868360374,0.894152011238364
"Coahoma County","vap_oth_b","pre_24_dem_har",0.499635720685451,0.270334780760116,0.0510484361834589,0.96317769615479
"Coahoma County","vap_oth_b","pre_24_rep_tru",0.500364279314549,0.270334780760116,0.03682230384521,0.948951563816541
"Copiah County","vap_white","pre_24_dem_har",0.193292178393063,0.103028946929103,0.0353839657017041,0.425554534363113
"Copiah County","vap_white","pre_24_rep_tru",0.806707821606937,0.103028946929103,0.574445465636887,0.964616034298296
"Copiah County","vap_hisp","pre_24_dem_har",0.469150310322506,0.207583426495116,0.0993608888268688,0.859799339800132
"Copiah County","vap_hisp","pre_24_rep_tru",0.530849689677494,0.207583426495116,0.140200660199868,0.900639111173131
"Copiah County","vap_black","pre_24_dem_har",0.621967514282391,0.101093779475013,0.415709194082617,0.806959302728341
"Copiah County","vap_black","pre_24_rep_tru",0.378032485717609,0.101093779475013,0.193040697271659,0.584290805917383
"Copiah County","vap_asian","pre_24_dem_har",0.304723399950922,0.229586169274418,0.00888850258375354,0.793648315810352
"Copiah County","vap_asian","pre_24_rep_tru",0.695276600049078,0.229586169274418,0.206351684189648,0.991111497416246
"Copiah County","vap_oth_b","pre_24_dem_har",0.421637492778331,0.241986560698841,0.039142799370544,0.891384165296742
"Copiah County","vap_oth_b","pre_24_rep_tru",0.578362507221669,0.241986560698841,0.108615834703258,0.960857200629456
"Covington County","vap_white","pre_24_dem_har",0.108525900334612,0.0631122625719953,0.0178621936641161,0.257423247093177
"Covington County","vap_white","pre_24_rep_tru",0.891474099665388,0.0631122625719953,0.742576752906823,0.982137806335884
"Covington County","vap_hisp","pre_24_dem_har",0.436248846899648,0.210521082783211,0.0756637285896725,0.845083548769348
"Covington County","vap_hisp","pre_24_rep_tru",0.563751153100352,0.210521082783211,0.154916451230652,0.924336271410327
"Covington County","vap_black","pre_24_dem_har",0.585135467101809,0.113270849136766,0.362047983648163,0.797295875165137
"Covington County","vap_black","pre_24_rep_tru",0.414864532898191,0.113270849136766,0.202704124834863,0.637952016351837
"Covington County","vap_asian","pre_24_dem_har",0.504328938713243,0.247589840875001,0.0706872868661237,0.929844043536995
"Covington County","vap_asian","pre_24_rep_tru",0.495671061286757,0.247589840875001,0.070155956463005,0.929312713133876
"Covington County","vap_oth_b","pre_24_dem_har",0.375000872881932,0.192970347620899,0.0507009507002449,0.776703846295754
"Covington County","vap_oth_b","pre_24_rep_tru",0.624999127118068,0.192970347620899,0.223296153704246,0.949299049299755
"DeSoto County","vap_white","pre_24_dem_har",0.231573935174204,0.064210434192922,0.116292361083921,0.365741664067185
"DeSoto County","vap_white","pre_24_rep_tru",0.768426064825796,0.064210434192922,0.634258335932815,0.883707638916079
"DeSoto County","vap_hisp","pre_24_dem_har",0.470026579010022,0.227514387641469,0.0732079080083096,0.89625593326462
"DeSoto County","vap_hisp","pre_24_rep_tru",0.529973420989978,0.227514387641469,0.10374406673538,0.92679209199169
"DeSoto County","vap_black","pre_24_dem_har",0.665698901489038,0.0900313943797991,0.479959622872856,0.828934493588936
"DeSoto County","vap_black","pre_24_rep_tru",0.334301098510962,0.0900313943797991,0.171065506411064,0.520040377127144
"DeSoto County","vap_asian","pre_24_dem_har",0.535504476914815,0.23760314634299,0.0943660609118318,0.94301091072291
"DeSoto County","vap_asian","pre_24_rep_tru",0.464495523085185,0.23760314634299,0.05698908927709,0.905633939088168
"DeSoto County","vap_oth_b","pre_24_dem_har",0.496732597048958,0.273364264494172,0.0357830947151198,0.95807232364009
"DeSoto County","vap_oth_b","pre_24_rep_tru",0.503267402951042,0.273364264494172,0.04192767635991,0.96421690528488
"Forrest County","vap_white","pre_24_dem_har",0.17511471873727,0.0765647501872365,0.0510691319254233,0.343812272024551
"Forrest County","vap_white","pre_24_rep_tru",0.82488528126273,0.0765647501872365,0.656187727975449,0.948930868074577
"Forrest County","vap_hisp","pre_24_dem_har",0.461479846030036,0.240506546821192,0.0468156005869663,0.90045630397845
"Forrest County","vap_hisp","pre_24_rep_tru",0.538520153969964,0.240506546821192,0.09954369602155,0.953184399413034
"Forrest County","vap_black","pre_24_dem_har",0.844866821889262,0.0875607908681156,0.633225576399266,0.961797656173702
"Forrest County","vap_black","pre_24_rep_tru",0.155133178110738,0.0875607908681156,0.0382023438262979,0.366774423600734
"Forrest County","vap_asian","pre_24_dem_har",0.4606025012741,0.241456488449525,0.0518055323589953,0.90579047803531
"Forrest County","vap_asian","pre_24_rep_tru",0.5393974987259,0.241456488449525,0.09420952196469,0.948194467641005
"Forrest County","vap_oth_b","pre_24_dem_har",0.482383306456812,0.184702118536643,0.137078480772579,0.830503520551878
"Forrest County","vap_oth_b","pre_24_rep_tru",0.517616693543188,0.184702118536643,0.169496479448122,0.862921519227421
"Franklin County","vap_white","pre_24_dem_har",0.112882642387651,0.0711739464209027,0.015412775806069,0.285188342945672
"Franklin County","vap_white","pre_24_rep_tru",0.887117357612349,0.0711739464209027,0.714811657054328,0.984587224193931
"Franklin County","vap_hisp","pre_24_dem_har",0.424338056917712,0.239710495585252,0.0324135621581442,0.867592388575942
"Franklin County","vap_hisp","pre_24_rep_tru",0.575661943082288,0.239710495585252,0.132407611424058,0.967586437841856
"Franklin County","vap_black","pre_24_dem_har",0.595041635140334,0.111539732945704,0.375921082405462,0.806059345133025
"Franklin County","vap_black","pre_24_rep_tru",0.404958364859666,0.111539732945704,0.193940654866975,0.624078917594538
"Franklin County","vap_asian","pre_24_dem_har",0.606528482208087,0.19226351527589,0.21820249608301,0.939000406174962
"Franklin County","vap_asian","pre_24_rep_tru",0.393471517791913,0.19226351527589,0.060999593825038,0.78179750391699
"Franklin County","vap_oth_b","pre_24_dem_har",0.427664021359833,0.25802915498961,0.0285418519051289,0.906098651477886
"Franklin County","vap_oth_b","pre_24_rep_tru",0.572335978640167,0.25802915498961,0.093901348522114,0.971458148094871
"George County","vap_white","pre_24_dem_har",0.0774408386390427,0.0400760263182107,0.017323380128933,0.17123315417389
"George County","vap_white","pre_24_rep_tru",0.922559161360957,0.0400760263182107,0.82876684582611,0.982676619871067
"George County","vap_hisp","pre_24_dem_har",0.382243667194162,0.246644638216954,0.0178926415154037,0.869235115725834
"George County","vap_hisp","pre_24_rep_tru",0.617756332805838,0.246644638216954,0.130764884274166,0.982107358484596
"George County","vap_black","pre_24_dem_har",0.317961002851082,0.142008950524288,0.0748939537297213,0.612856982928221
"George County","vap_black","pre_24_rep_tru",0.682038997148918,0.142008950524288,0.387143017071779,0.925106046270279
"George County","vap_asian","pre_24_dem_har",0.481376132321145,0.221625183204244,0.0808177902246773,0.891949168929285
"George County","vap_asian","pre_24_rep_tru",0.518623867678855,0.221625183204244,0.108050831070715,0.919182209775323
"George County","vap_oth_b","pre_24_dem_har",0.443368306319203,0.190479379820026,0.105784380025876,0.809941500409015
"George County","vap_oth_b","pre_24_rep_tru",0.556631693680797,0.190479379820026,0.190058499590985,0.894215619974124
"Greene County","vap_white","pre_24_dem_har",0.0898777812657851,0.0563911940815344,0.0190625582144566,0.229731504707678
"Greene County","vap_white","pre_24_rep_tru",0.910122218734215,0.0563911940815344,0.770268495292322,0.980937441785543
"Greene County","vap_hisp","pre_24_dem_har",0.542407038138595,0.203191908313957,0.154385485807756,0.907288795571747
"Greene County","vap_hisp","pre_24_rep_tru",0.457592961861405,0.203191908313957,0.092711204428253,0.845614514192244
"Greene County","vap_black","pre_24_dem_har",0.388107545478459,0.120657398769247,0.170943135031616,0.635619643173626
"Greene County","vap_black","pre_24_rep_tru",0.611892454521541,0.120657398769247,0.364380356826374,0.829056864968384
"Greene County","vap_asian","pre_24_dem_har",0.472038697509368,0.25300542944596,0.0424537577308061,0.932752211636243
"Greene County","vap_asian","pre_24_rep_tru",0.527961302490632,0.25300542944596,0.067247788363757,0.957546242269194
"Greene County","vap_oth_b","pre_24_dem_har",0.57549736556427,0.208309781781026,0.174100105050719,0.926939593223817
"Greene County","vap_oth_b","pre_24_rep_tru",0.42450263443573,0.208309781781026,0.073060406776183,0.825899894949281
"Grenada County","vap_white","pre_24_dem_har",0.176018011817941,0.104094132793404,0.0311136169110638,0.417108514032747
"Grenada County","vap_white","pre_24_rep_tru",0.823981988182059,0.104094132793404,0.582891485967253,0.968886383088936
"Grenada County","vap_hisp","pre_24_dem_har",0.611150025319276,0.215489857710906,0.177477888616355,0.957790310017344
"Grenada County","vap_hisp","pre_24_rep_tru",0.388849974680724,0.215489857710906,0.042209689982656,0.822522111383645
"Grenada County","vap_black","pre_24_dem_har",0.693332774729419,0.122591762480363,0.436694644666269,0.901208527897781
"Grenada County","vap_black","pre_24_rep_tru",0.306667225270581,0.122591762480363,0.098791472102219,0.563305355333731
"Grenada County","vap_asian","pre_24_dem_har",0.535677808867003,0.225199959671407,0.115528102957196,0.926366147404098
"Grenada County","vap_asian","pre_24_rep_tru",0.464322191132997,0.225199959671407,0.073633852595902,0.884471897042804
"Grenada County","vap_oth_b","pre_24_dem_har",0.512688151152242,0.246286956041759,0.0733500118722176,0.948470970615038
"Grenada County","vap_oth_b","pre_24_rep_tru",0.487311848847758,0.246286956041759,0.051529029384962,0.926649988127782
"Hancock County","vap_white","pre_24_dem_har",0.170029585152387,0.0579586376980581,0.0702929242431833,0.295729570432618
"Hancock County","vap_white","pre_24_rep_tru",0.829970414847613,0.0579586376980581,0.704270429567382,0.929707075756817
"Hancock County","vap_hisp","pre_24_dem_har",0.381269244708039,0.21729819801577,0.0346414617246658,0.812953317509541
"Hancock County","vap_hisp","pre_24_rep_tru",0.618730755291961,0.21729819801577,0.187046682490459,0.965358538275334
"Hancock County","vap_black","pre_24_dem_har",0.646814772773863,0.220447826590599,0.208043516136552,0.973578558692647
"Hancock County","vap_black","pre_24_rep_tru",0.353185227226137,0.220447826590599,0.026421441307353,0.791956483863448
"Hancock County","vap_asian","pre_24_dem_har",0.475252418967447,0.235582835324628,0.0594199448183418,0.898612244077775
"Hancock County","vap_asian","pre_24_rep_tru",0.524747581032553,0.235582835324628,0.101387755922225,0.940580055181658
"Hancock County","vap_oth_b","pre_24_dem_har",0.566169279482807,0.231452535426974,0.125760398897872,0.948284413546312
"Hancock County","vap_oth_b","pre_24_rep_tru",0.433830720517193,0.231452535426974,0.051715586453688,0.874239601102128
"Harrison County","vap_white","pre_24_dem_har",0.229305573638973,0.0601145915034175,0.120476546877726,0.354500347274783
"Harrison County","vap_white","pre_24_rep_tru",0.770694426361027,0.0601145915034175,0.645499652725217,0.879523453122274
"Harrison County","vap_hisp","pre_24_dem_har",0.475951231724178,0.223092484568501,0.0800987378063392,0.888303740165708
"Harrison County","vap_hisp","pre_24_rep_tru",0.524048768275822,0.223092484568501,0.111696259834292,0.919901262193661
"Harrison County","vap_black","pre_24_dem_har",0.775950380321978,0.110831696615194,0.530031727055816,0.949928071447334
"Harrison County","vap_black","pre_24_rep_tru",0.224049619678022,0.110831696615194,0.050071928552666,0.469968272944184
"Harrison County","vap_asian","pre_24_dem_har",0.485863365144834,0.160088365222518,0.184618923317682,0.789889894004384
"Harrison County","vap_asian","pre_24_rep_tru",0.514136634855166,0.160088365222518,0.210110105995616,0.815381076682318
"Harrison County","vap_oth_b","pre_24_dem_har",0.489214062353487,0.262454807289979,0.0436123001431036,0.946781934533159
"Harrison County","vap_oth_b","pre_24_rep_tru",0.510785937646513,0.262454807289979,0.053218065466841,0.956387699856896
"Hinds County","vap_white","pre_24_dem_har",0.356081482875177,0.125565344339006,0.137214875791474,0.617071643501187
"Hinds County","vap_white","pre_24_rep_tru",0.643918517124823,0.125565344339006,0.382928356498813,0.862785124208526
"Hinds County","vap_hisp","pre_24_dem_har",0.501780986492023,0.227032016315374,0.0909496519861526,0.910555412115757
"Hinds County","vap_hisp","pre_24_rep_tru",0.498219013507977,0.227032016315374,0.089444587884243,0.909050348013847
"Hinds County","vap_black","pre_24_dem_har",0.855637039408157,0.0648401884544272,0.703264599888691,0.95110120645296
"Hinds County","vap_black","pre_24_rep_tru",0.144362960591843,0.0648401884544272,0.04889879354704,0.296735400111309
"Hinds County","vap_asian","pre_24_dem_har",0.511642754190984,0.236429137428992,0.081142454383705,0.924718629567609
"Hinds County","vap_asian","pre_24_rep_tru",0.488357245809016,0.236429137428992,0.075281370432391,0.918857545616295
"Hinds County","vap_oth_b","pre_24_dem_har",0.503714057359492,0.209176919245659,0.117497645596784,0.885147562045079
"Hinds County","vap_oth_b","pre_24_rep_tru",0.496285942640508,0.209176919245659,0.114852437954921,0.882502354403216
"Holmes County","vap_white","pre_24_dem_har",0.498342516152686,0.173739611339738,0.169218541200471,0.822474787320577
"Holmes County","vap_white","pre_24_rep_tru",0.501657483847314,0.173739611339738,0.177525212679423,0.830781458799529
"Holmes County","vap_hisp","pre_24_dem_har",0.625818546924524,0.214783836326006,0.183778803615469,0.964817382406831
"Holmes County","vap_hisp","pre_24_rep_tru",0.374181453075476,0.214783836326006,0.035182617593169,0.816221196384531
"Holmes County","vap_black","pre_24_dem_har",0.829306205972783,0.0601839245175344,0.695187319369339,0.929876791801768
"Holmes County","vap_black","pre_24_rep_tru",0.170693794027217,0.0601839245175344,0.070123208198232,0.304812680630661
"Holmes County","vap_asian","pre_24_dem_har",0.469748204704197,0.200967519857719,0.104518575879411,0.851168787295569
"Holmes County","vap_asian","pre_24_rep_tru",0.530251795295803,0.200967519857719,0.148831212704431,0.895481424120589
"Holmes County","vap_oth_b","pre_24_dem_har",0.366720046059982,0.184952018836462,0.0453855329536388,0.727421701143622
"Holmes County","vap_oth_b","pre_24_rep_tru",0.633279953940018,0.184952018836462,0.272578298856378,0.954614467046361
"Humphreys County","vap_white","pre_24_dem_har",0.388713740860342,0.198646538740781,0.0571579265273984,0.784464470520485
"Humphreys County","vap_white","pre_24_rep_tru",0.611286259139658,0.198646538740781,0.215535529479515,0.942842073472602
"Humphreys County","vap_hisp","pre_24_dem_har",0.599830307980368,0.217803583115901,0.164527245966497,0.954016256920496
"Humphreys County","vap_hisp","pre_24_rep_tru",0.400169692019632,0.217803583115901,0.045983743079504,0.835472754033503
"Humphreys County","vap_black","pre_24_dem_har",0.757020354782016,0.0829337545362827,0.578809250560731,0.900491330135059
"Humphreys County","vap_black","pre_24_rep_tru",0.242979645217984,0.0829337545362827,0.099508669864941,0.421190749439269
"Humphreys County","vap_asian","pre_24_dem_har",0.431491318423124,0.237642536922323,0.0539151545821277,0.90929796105487
"Humphreys County","vap_asian","pre_24_rep_tru",0.568508681576876,0.237642536922323,0.09070203894513,0.946084845417872
"Humphreys County","vap_oth_b","pre_24_dem_har",0.423653501739702,0.224410247705108,0.0503150391536052,0.8397859374097
"Humphreys County","vap_oth_b","pre_24_rep_tru",0.576346498260298,0.224410247705108,0.1602140625903,0.949684960846395
"Issaquena County","vap_white","pre_24_dem_har",0.483460892015185,0.195942384662213,0.120095916378087,0.880859365744996
"Issaquena County","vap_white","pre_24_rep_tru",0.516539107984815,0.195942384662213,0.119140634255004,0.879904083621913
"Issaquena County","vap_hisp","pre_24_dem_har",NA,NA,NA,NA
"Issaquena County","vap_hisp","pre_24_rep_tru",NA,NA,NA,NA
"Issaquena County","vap_black","pre_24_dem_har",0.759054483348525,0.109305204717534,0.51850859953394,0.934392651187348
"Issaquena County","vap_black","pre_24_rep_tru",0.240945516651475,0.109305204717534,0.065607348812652,0.48149140046606
"Issaquena County","vap_asian","pre_24_dem_har",NA,NA,NA,NA
"Issaquena County","vap_asian","pre_24_rep_tru",NA,NA,NA,NA
"Issaquena County","vap_oth_b","pre_24_dem_har",NA,NA,NA,NA
"Issaquena County","vap_oth_b","pre_24_rep_tru",NA,NA,NA,NA
"Itawamba County","vap_white","pre_24_dem_har",0.0792253341910876,0.0446180629507386,0.0147876906463172,0.185736710843432
"Itawamba County","vap_white","pre_24_rep_tru",0.920774665808912,0.0446180629507386,0.814263289156568,0.985212309353683
"Itawamba County","vap_hisp","pre_24_dem_har",0.43826236025139,0.177025285413162,0.125566930306784,0.78756595958538
"Itawamba County","vap_hisp","pre_24_rep_tru",0.56173763974861,0.177025285413162,0.21243404041462,0.874433069693216
"Itawamba County","vap_black","pre_24_dem_har",0.478670940326283,0.214942310479273,0.0926472669218068,0.881459194497376
"Itawamba County","vap_black","pre_24_rep_tru",0.521329059673717,0.214942310479273,0.118540805502624,0.907352733078193
"Itawamba County","vap_asian","pre_24_dem_har",0.520885353184922,0.177767525966886,0.187429685381453,0.857016108480646
"Itawamba County","vap_asian","pre_24_rep_tru",0.479114646815078,0.177767525966886,0.142983891519354,0.812570314618547
"Itawamba County","vap_oth_b","pre_24_dem_har",0.477818421047975,0.216572430047398,0.0832927887343386,0.873439009686585
"Itawamba County","vap_oth_b","pre_24_rep_tru",0.522181578952025,0.216572430047398,0.126560990313415,0.916707211265661
"Jackson County","vap_white","pre_24_dem_har",0.168678404208574,0.0558023157132113,0.071733220613319,0.288446111780622
"Jackson County","vap_white","pre_24_rep_tru",0.831321595791426,0.0558023157132113,0.711553888219378,0.928266779386681
"Jackson County","vap_hisp","pre_24_dem_har",0.523655994675781,0.225568685632137,0.109618023596746,0.921287274824011
"Jackson County","vap_hisp","pre_24_rep_tru",0.476344005324219,0.225568685632137,0.078712725175989,0.890381976403254
"Jackson County","vap_black","pre_24_dem_har",0.759998022453137,0.114482871298798,0.506126463172278,0.937740603244075
"Jackson County","vap_black","pre_24_rep_tru",0.240001977546863,0.114482871298798,0.062259396755925,0.493873536827722
"Jackson County","vap_asian","pre_24_dem_har",0.495519460949044,0.192381808490312,0.139132814024154,0.855797920370348
"Jackson County","vap_asian","pre_24_rep_tru",0.504480539050956,0.192381808490312,0.144202079629652,0.860867185975846
"Jackson County","vap_oth_b","pre_24_dem_har",0.473650015490393,0.224922498071567,0.0750276149126099,0.889317148096435
"Jackson County","vap_oth_b","pre_24_rep_tru",0.526349984509607,0.224922498071567,0.110682851903565,0.92497238508739
"Jasper County","vap_white","pre_24_dem_har",0.204015150103532,0.117816717704507,0.0342196727616473,0.468112949898907
"Jasper County","vap_white","pre_24_rep_tru",0.795984849896468,0.117816717704507,0.531887050101093,0.965780327238353
"Jasper County","vap_hisp","pre_24_dem_har",0.639923899718768,0.188471165796463,0.256544705523069,0.944102160150279
"Jasper County","vap_hisp","pre_24_rep_tru",0.360076100281232,0.188471165796463,0.055897839849721,0.743455294476931
"Jasper County","vap_black","pre_24_dem_har",0.630620152938635,0.10601531438484,0.412498035825423,0.822661066591706
"Jasper County","vap_black","pre_24_rep_tru",0.369379847061365,0.10601531438484,0.177338933408294,0.587501964174577
"Jasper County","vap_asian","pre_24_dem_har",0.477952832257387,0.21436440753281,0.104763985274913,0.882267212619608
"Jasper County","vap_asian","pre_24_rep_tru",0.522047167742613,0.21436440753281,0.117732787380392,0.895236014725087
"Jasper County","vap_oth_b","pre_24_dem_har",0.583194959577107,0.223603328897045,0.124324828090204,0.943962605984158
"Jasper County","vap_oth_b","pre_24_rep_tru",0.416805040422893,0.223603328897045,0.056037394015842,0.875675171909796
"Jefferson County","vap_white","pre_24_dem_har",0.594105979831452,0.178060386054303,0.238519703051276,0.90421106311996
"Jefferson County","vap_white","pre_24_rep_tru",0.405894020168548,0.178060386054303,0.09578893688004,0.761480296948724
"Jefferson County","vap_hisp","pre_24_dem_har",0.543725301081152,0.217252868470125,0.136176134216361,0.928158581543672
"Jefferson County","vap_hisp","pre_24_rep_tru",0.456274698918848,0.217252868470125,0.071841418456328,0.863823865783639
"Jefferson County","vap_black","pre_24_dem_har",0.877558883946192,0.0575377458560425,0.744019449806849,0.965153129996523
"Jefferson County","vap_black","pre_24_rep_tru",0.122441116053808,0.0575377458560425,0.034846870003477,0.255980550193151
"Jefferson County","vap_asian","pre_24_dem_har",0.45338177807342,0.280039107179142,0.0294995957303691,0.944779291382572
"Jefferson County","vap_asian","pre_24_rep_tru",0.54661822192658,0.280039107179142,0.055220708617428,0.970500404269631
"Jefferson County","vap_oth_b","pre_24_dem_har",0.452142772562646,0.206632516192052,0.083410769901003,0.830771398080007
"Jefferson County","vap_oth_b","pre_24_rep_tru",0.547857227437354,0.206632516192052,0.169228601919993,0.916589230098997
"Jefferson Davis County","vap_white","pre_24_dem_har",0.390096856006187,0.152040863937835,0.116124394342217,0.694078095465554
"Jefferson Davis County","vap_white","pre_24_rep_tru",0.609903143993813,0.152040863937835,0.305921904534446,0.883875605657783
"Jefferson Davis County","vap_hisp","pre_24_dem_har",0.606453557651693,0.192582127430033,0.221960023084089,0.930470543259822
"Jefferson Davis County","vap_hisp","pre_24_rep_tru",0.393546442348307,0.192582127430033,0.069529456740178,0.778039976915911
"Jefferson Davis County","vap_black","pre_24_dem_har",0.573564595259625,0.0910283101453342,0.390593687628933,0.745375931265941
"Jefferson Davis County","vap_black","pre_24_rep_tru",0.426435404740375,0.0910283101453342,0.254624068734059,0.609406312371067
"Jefferson Davis County","vap_asian","pre_24_dem_har",0.515244412930846,0.246236233228037,0.0661470643095539,0.955352372078498
"Jefferson Davis County","vap_asian","pre_24_rep_tru",0.484755587069154,0.246236233228037,0.044647627921502,0.933852935690446
"Jefferson Davis County","vap_oth_b","pre_24_dem_har",0.485992874971423,0.203223576417932,0.102273480819478,0.877251674797523
"Jefferson Davis County","vap_oth_b","pre_24_rep_tru",0.514007125028577,0.203223576417932,0.122748325202477,0.897726519180522
"Jones County","vap_white","pre_24_dem_har",0.12167218362621,0.067470538809442,0.0296592197591367,0.283200564354261
"Jones County","vap_white","pre_24_rep_tru",0.87832781637379,0.067470538809442,0.716799435645739,0.970340780240863
"Jones County","vap_hisp","pre_24_dem_har",0.436292040071001,0.211515173237938,0.0711753626715366,0.841651278578049
"Jones County","vap_hisp","pre_24_rep_tru",0.563707959928999,0.211515173237938,0.158348721421951,0.928824637328463
"Jones County","vap_black","pre_24_dem_har",0.649380533246102,0.132047226784684,0.368381612155471,0.862766142157008
"Jones County","vap_black","pre_24_rep_tru",0.350619466753898,0.132047226784684,0.137233857842992,0.631618387844529
"Jones County","vap_asian","pre_24_dem_har",0.501852651333611,0.221516204038476,0.105168791134073,0.909398263364557
"Jones County","vap_asian","pre_24_rep_tru",0.498147348666389,0.221516204038476,0.090601736635443,0.894831208865927
"Jones County","vap_oth_b","pre_24_dem_har",0.53841622704566,0.232780767277594,0.108365883238763,0.941507474404114
"Jones County","vap_oth_b","pre_24_rep_tru",0.46158377295434,0.232780767277594,0.058492525595886,0.891634116761237
"Kemper County","vap_white","pre_24_dem_har",0.292629168425717,0.164782084673475,0.0377152438400488,0.652788994075916
"Kemper County","vap_white","pre_24_rep_tru",0.707370831574283,0.164782084673475,0.347211005924084,0.962284756159951
"Kemper County","vap_hisp","pre_24_dem_har",0.400714514953904,0.220483943154683,0.0563737174327679,0.864155945277557
"Kemper County","vap_hisp","pre_24_rep_tru",0.599285485046096,0.220483943154683,0.135844054722443,0.943626282567232
"Kemper County","vap_black","pre_24_dem_har",0.641959024000659,0.089603469707889,0.461276982216063,0.806327549498242
"Kemper County","vap_black","pre_24_rep_tru",0.358040975999341,0.089603469707889,0.193672450501758,0.538723017783937
"Kemper County","vap_asian","pre_24_dem_har",0.506267889921095,0.221928424477905,0.108976897915364,0.911509472336152
"Kemper County","vap_asian","pre_24_rep_tru",0.493732110078905,0.221928424477905,0.088490527663848,0.891023102084636
"Kemper County","vap_oth_b","pre_24_dem_har",0.534571854947278,0.247800170639707,0.087097933508968,0.956221560032484
"Kemper County","vap_oth_b","pre_24_rep_tru",0.465428145052722,0.247800170639707,0.043778439967516,0.912902066491032
"Lafayette County","vap_white","pre_24_dem_har",0.337029922805543,0.0727382684118717,0.201002108886362,0.48453080972594
"Lafayette County","vap_white","pre_24_rep_tru",0.662970077194457,0.0727382684118717,0.51546919027406,0.798997891113638
"Lafayette County","vap_hisp","pre_24_dem_har",0.496464976828534,0.236048718751219,0.0703383945629192,0.918125491257485
"Lafayette County","vap_hisp","pre_24_rep_tru",0.503535023171466,0.236048718751219,0.081874508742515,0.929661605437081
"Lafayette County","vap_black","pre_24_dem_har",0.602818455545914,0.164562009207265,0.273352306680567,0.890925783052815
"Lafayette County","vap_black","pre_24_rep_tru",0.397181544454086,0.164562009207265,0.109074216947185,0.726647693319433
"Lafayette County","vap_asian","pre_24_dem_har",0.464108731195539,0.244111997376089,0.0419724931921808,0.906680350400865
"Lafayette County","vap_asian","pre_24_rep_tru",0.535891268804461,0.244111997376089,0.093319649599135,0.958027506807819
"Lafayette County","vap_oth_b","pre_24_dem_har",0.56610836123258,0.224392043435982,0.122099208156151,0.941480426994003
"Lafayette County","vap_oth_b","pre_24_rep_tru",0.43389163876742,0.224392043435982,0.058519573005997,0.877900791843849
"Lamar County","vap_white","pre_24_dem_har",0.159366737030637,0.0621803512829059,0.0565356872068956,0.29646613670544
"Lamar County","vap_white","pre_24_rep_tru",0.840633262969363,0.0621803512829059,0.70353386329456,0.943464312793104
"Lamar County","vap_hisp","pre_24_dem_har",0.497266774359436,0.220910551978346,0.0933453391997078,0.894347791258732
"Lamar County","vap_hisp","pre_24_rep_tru",0.502733225640564,0.220910551978346,0.105652208741268,0.906654660800292
"Lamar County","vap_black","pre_24_dem_har",0.649927145221837,0.135979641961925,0.367924824659368,0.886066146159174
"Lamar County","vap_black","pre_24_rep_tru",0.350072854778163,0.135979641961925,0.113933853840826,0.632075175340632
"Lamar County","vap_asian","pre_24_dem_har",0.466807970907377,0.240295625022927,0.0528340470912369,0.901128195554169
"Lamar County","vap_asian","pre_24_rep_tru",0.533192029092623,0.240295625022927,0.098871804445831,0.947165952908763
"Lamar County","vap_oth_b","pre_24_dem_har",0.518042457968976,0.220106210050353,0.104520028123687,0.912034369104968
"Lamar County","vap_oth_b","pre_24_rep_tru",0.481957542031024,0.220106210050353,0.087965630895032,0.895479971876313
"Lauderdale County","vap_white","pre_24_dem_har",0.145495503810888,0.0688700604711936,0.0370389040854379,0.300443759366416
"Lauderdale County","vap_white","pre_24_rep_tru",0.854504496189112,0.0688700604711936,0.699556240633584,0.962961095914562
"Lauderdale County","vap_hisp","pre_24_dem_har",0.456696502720304,0.239169454817311,0.0520783047695328,0.89915715959966
"Lauderdale County","vap_hisp","pre_24_rep_tru",0.543303497279696,0.239169454817311,0.10084284040034,0.947921695230467
"Lauderdale County","vap_black","pre_24_dem_har",0.762020167382081,0.100539730806341,0.540319288345754,0.926384779746382
"Lauderdale County","vap_black","pre_24_rep_tru",0.237979832617919,0.100539730806341,0.073615220253618,0.459680711654246
"Lauderdale County","vap_asian","pre_24_dem_har",0.504230234925296,0.249839683341102,0.056157508250487,0.940314166737038
"Lauderdale County","vap_asian","pre_24_rep_tru",0.495769765074704,0.249839683341102,0.059685833262962,0.943842491749513
"Lauderdale County","vap_oth_b","pre_24_dem_har",0.473780635687134,0.234244118197321,0.0610859704349762,0.89571236048032
"Lauderdale County","vap_oth_b","pre_24_rep_tru",0.526219364312866,0.234244118197321,0.10428763951968,0.938914029565024
"Lawrence County","vap_white","pre_24_dem_har",0.170407791138027,0.0952025001728405,0.0339266933014089,0.390542775092622
"Lawrence County","vap_white","pre_24_rep_tru",0.829592208861973,0.0952025001728405,0.609457224907378,0.966073306698591
"Lawrence County","vap_hisp","pre_24_dem_har",0.427199787701599,0.19078764458741,0.092337531138977,0.813389385821202
"Lawrence County","vap_hisp","pre_24_rep_tru",0.572800212298401,0.19078764458741,0.186610614178798,0.907662468861023
"Lawrence County","vap_black","pre_24_dem_har",0.522946393949149,0.119718130373857,0.291219466959186,0.752029312380051
"Lawrence County","vap_black","pre_24_rep_tru",0.477053606050851,0.119718130373857,0.247970687619949,0.708780533040814
"Lawrence County","vap_asian","pre_24_dem_har",0.631958270391462,0.188003131494325,0.238386439755629,0.939197539410715
"Lawrence County","vap_asian","pre_24_rep_tru",0.368041729608538,0.188003131494325,0.060802460589285,0.761613560244371
"Lawrence County","vap_oth_b","pre_24_dem_har",0.459031265844875,0.274124945089799,0.0138153065630003,0.962062899238889
"Lawrence County","vap_oth_b","pre_24_rep_tru",0.540968734155125,0.274124945089799,0.037937100761111,0.986184693437
"Leake County","vap_white","pre_24_dem_har",0.168293733552201,0.106284215816734,0.0239090968531938,0.416565680323217
"Leake County","vap_white","pre_24_rep_tru",0.831706266447799,0.106284215816734,0.583434319676783,0.976090903146806
"Leake County","vap_hisp","pre_24_dem_har",0.48713855092997,0.230310251705605,0.0827454440941567,0.905510619124612
"Leake County","vap_hisp","pre_24_rep_tru",0.51286144907003,0.230310251705605,0.094489380875388,0.917254555905843
"Leake County","vap_black","pre_24_dem_har",0.600887594897817,0.121106309772354,0.35739994014811,0.823913794407693
"Leake County","vap_black","pre_24_rep_tru",0.399112405102183,0.121106309772354,0.176086205592307,0.64260005985189
"Leake County","vap_asian","pre_24_dem_har",0.414929586501229,0.193896777795199,0.0751809974894136,0.796484143763879
"Leake County","vap_asian","pre_24_rep_tru",0.585070413498771,0.193896777795199,0.203515856236121,0.924819002510586
"Leake County","vap_oth_b","pre_24_dem_har",0.508188491055234,0.166364786419044,0.19348733949259,0.821605951284163
"Leake County","vap_oth_b","pre_24_rep_tru",0.491811508944766,0.166364786419044,0.178394048715837,0.80651266050741
"Lee County","vap_white","pre_24_dem_har",0.168991994819157,0.068363630435398,0.0573586397507186,0.320522693448549
"Lee County","vap_white","pre_24_rep_tru",0.831008005180843,0.068363630435398,0.679477306551451,0.942641360249281
"Lee County","vap_hisp","pre_24_dem_har",0.567153977884471,0.20726589833344,0.167848585971986,0.926246923561588
"Lee County","vap_hisp","pre_24_rep_tru",0.432846022115529,0.20726589833344,0.073753076438412,0.832151414028014
"Lee County","vap_black","pre_24_dem_har",0.655811063849475,0.132249866037933,0.378651489435886,0.880599613891395
"Lee County","vap_black","pre_24_rep_tru",0.344188936150525,0.132249866037933,0.119400386108605,0.621348510564114
"Lee County","vap_asian","pre_24_dem_har",0.477282118824648,0.242856383823921,0.0545144641130543,0.917446345170395
"Lee County","vap_asian","pre_24_rep_tru",0.522717881175352,0.242856383823921,0.082553654829605,0.945485535886946
"Lee County","vap_oth_b","pre_24_dem_har",0.60689178878221,0.229160081380455,0.159832413111593,0.967519981728465
"Lee County","vap_oth_b","pre_24_rep_tru",0.39310821121779,0.229160081380455,0.032480018271535,0.840167586888407
"Leflore County","vap_white","pre_24_dem_har",0.150197043898218,0.106174459816883,0.00997608437770452,0.40274813910692
"Leflore County","vap_white","pre_24_rep_tru",0.849802956101782,0.106174459816883,0.59725186089308,0.990023915622296
"Leflore County","vap_hisp","pre_24_dem_har",0.559626933949764,0.237974616610345,0.105883297243794,0.953393896607948
"Leflore County","vap_hisp","pre_24_rep_tru",0.440373066050236,0.237974616610345,0.046606103392052,0.894116702756206
"Leflore County","vap_black","pre_24_dem_har",0.871580438755843,0.0703670573703777,0.70561106518388,0.973485343089313
"Leflore County","vap_black","pre_24_rep_tru",0.128419561244157,0.0703670573703777,0.026514656910687,0.29438893481612
"Leflore County","vap_asian","pre_24_dem_har",0.526582654348293,0.214632711387473,0.135586637673301,0.915022197581054
"Leflore County","vap_asian","pre_24_rep_tru",0.473417345651707,0.214632711387473,0.084977802418946,0.864413362326699
"Leflore County","vap_oth_b","pre_24_dem_har",0.49572326441789,0.199171234671491,0.128501298058118,0.869283721737
"Leflore County","vap_oth_b","pre_24_rep_tru",0.50427673558211,0.199171234671491,0.130716278263,0.871498701941882
"Lincoln County","vap_white","pre_24_dem_har",0.133278410597393,0.0632967896170216,0.03465192695781,0.277955580020183
"Lincoln County","vap_white","pre_24_rep_tru",0.866721589402607,0.0632967896170216,0.722044419979817,0.96534807304219
"Lincoln County","vap_hisp","pre_24_dem_har",0.559836844049764,0.209376733985985,0.154407127338177,0.920540125649855
"Lincoln County","vap_hisp","pre_24_rep_tru",0.440163155950236,0.209376733985985,0.079459874350145,0.845592872661823
"Lincoln County","vap_black","pre_24_dem_har",0.645405561021488,0.127942901612296,0.384041990487878,0.865132915774591
"Lincoln County","vap_black","pre_24_rep_tru",0.354594438978512,0.127942901612296,0.134867084225409,0.615958009512122
"Lincoln County","vap_asian","pre_24_dem_har",0.538989868361444,0.248303962414659,0.0838021715248908,0.954510658728004
"Lincoln County","vap_asian","pre_24_rep_tru",0.461010131638556,0.248303962414659,0.045489341271996,0.916197828475109
"Lincoln County","vap_oth_b","pre_24_dem_har",0.538643127145651,0.250925315268387,0.0763163451811359,0.95598066413747
"Lincoln County","vap_oth_b","pre_24_rep_tru",0.461356872854349,0.250925315268387,0.04401933586253,0.923683654818864
"Lowndes County","vap_white","pre_24_dem_har",0.176967193881192,0.0727662086470681,0.0579344494372714,0.338626100254356
"Lowndes County","vap_white","pre_24_rep_tru",0.823032806118808,0.0727662086470681,0.661373899745644,0.942065550562729
"Lowndes County","vap_hisp","pre_24_dem_har",0.487261007795378,0.22809471310072,0.0782740558034925,0.901129371672893
"Lowndes County","vap_hisp","pre_24_rep_tru",0.512738992204622,0.22809471310072,0.098870628327107,0.921725944196508
"Lowndes County","vap_black","pre_24_dem_har",0.740017894823024,0.0953886926719437,0.533579768866373,0.897122958758253
"Lowndes County","vap_black","pre_24_rep_tru",0.259982105176976,0.0953886926719437,0.102877041241747,0.466420231133627
"Lowndes County","vap_asian","pre_24_dem_har",0.443944119548731,0.244475170471519,0.0482948026659603,0.900378654446331
"Lowndes County","vap_asian","pre_24_rep_tru",0.556055880451269,0.244475170471519,0.099621345553669,0.95170519733404
"Lowndes County","vap_oth_b","pre_24_dem_har",0.502427672514992,0.261967811879365,0.0600861133456332,0.961406658193662
"Lowndes County","vap_oth_b","pre_24_rep_tru",0.497572327485008,0.261967811879365,0.038593341806338,0.939913886654367
"Madison County","vap_white","pre_24_dem_har",0.229175088940474,0.0530505251856906,0.132815248331588,0.339413095026873
"Madison County","vap_white","pre_24_rep_tru",0.770824911059526,0.0530505251856906,0.660586904973127,0.867184751668412
"Madison County","vap_hisp","pre_24_dem_har",0.483939766600791,0.252873944327988,0.0518240712203334,0.932247458505646
"Madison County","vap_hisp","pre_24_rep_tru",0.516060233399209,0.252873944327988,0.067752541494354,0.948175928779667
"Madison County","vap_black","pre_24_dem_har",0.753873346727136,0.092918626974722,0.551995339851496,0.906029366356731
"Madison County","vap_black","pre_24_rep_tru",0.246126653272864,0.092918626974722,0.093970633643269,0.448004660148504
"Madison County","vap_asian","pre_24_dem_har",0.429934260807547,0.263021394203079,0.0237458921016582,0.915610274506795
"Madison County","vap_asian","pre_24_rep_tru",0.570065739192453,0.263021394203079,0.084389725493205,0.976254107898342
"Madison County","vap_oth_b","pre_24_dem_har",0.501681595879535,0.200124086192378,0.129864741715597,0.867060952695108
"Madison County","vap_oth_b","pre_24_rep_tru",0.498318404120465,0.200124086192378,0.132939047304892,0.870135258284403
"Marion County","vap_white","pre_24_dem_har",0.182204783928847,0.0818740203623355,0.0504802875097643,0.363177346223091
"Marion County","vap_white","pre_24_rep_tru",0.817795216071153,0.0818740203623355,0.636822653776909,0.949519712490236
"Marion County","vap_hisp","pre_24_dem_har",0.450398575961454,0.19687495881771,0.1024537567396,0.831404488219536
"Marion County","vap_hisp","pre_24_rep_tru",0.549601424038546,0.19687495881771,0.168595511780464,0.8975462432604
"Marion County","vap_black","pre_24_dem_har",0.507084234266527,0.150349669179487,0.231967165047666,0.794003106884178
"Marion County","vap_black","pre_24_rep_tru",0.492915765733473,0.150349669179487,0.205996893115822,0.768032834952334
"Marion County","vap_asian","pre_24_dem_har",0.491473775101037,0.240612144005619,0.0640258438167532,0.919456949611216
"Marion County","vap_asian","pre_24_rep_tru",0.508526224898963,0.240612144005619,0.080543050388784,0.935974156183247
"Marion County","vap_oth_b","pre_24_dem_har",0.470709936555216,0.209691205502361,0.0988440684162707,0.878540675456318
"Marion County","vap_oth_b","pre_24_rep_tru",0.529290063444784,0.209691205502361,0.121459324543682,0.901155931583729
"Marshall County","vap_white","pre_24_dem_har",0.257260396379907,0.0926404028245967,0.0981199484546702,0.453555754247718
"Marshall County","vap_white","pre_24_rep_tru",0.742739603620093,0.0926404028245967,0.546444245752282,0.90188005154533
"Marshall County","vap_hisp","pre_24_dem_har",0.446861306775497,0.233493733437394,0.0542662562934358,0.883802311021242
"Marshall County","vap_hisp","pre_24_rep_tru",0.553138693224503,0.233493733437394,0.116197688978758,0.945733743706564
"Marshall County","vap_black","pre_24_dem_har",0.650126607263251,0.0998493511092008,0.444270998511486,0.831526295947154
"Marshall County","vap_black","pre_24_rep_tru",0.349873392736749,0.0998493511092008,0.168473704052846,0.555729001488514
"Marshall County","vap_asian","pre_24_dem_har",0.431455393564147,0.214525568482023,0.0555498258965361,0.835642018486292
"Marshall County","vap_asian","pre_24_rep_tru",0.568544606435853,0.214525568482023,0.164357981513708,0.944450174103464
"Marshall County","vap_oth_b","pre_24_dem_har",0.511618364373111,0.203659805090865,0.128655297042017,0.885502741229741
"Marshall County","vap_oth_b","pre_24_rep_tru",0.488381635626889,0.203659805090865,0.114497258770259,0.871344702957983
"Monroe County","vap_white","pre_24_dem_har",0.112976116584137,0.058146940415689,0.0245423290796034,0.247884248865037
"Monroe County","vap_white","pre_24_rep_tru",0.887023883415863,0.058146940415689,0.752115751134963,0.975457670920397
"Monroe County","vap_hisp","pre_24_dem_har",0.498568786729368,0.231876980574313,0.083248829204517,0.914119047445565
"Monroe County","vap_hisp","pre_24_rep_tru",0.501431213270632,0.231876980574313,0.085880952554435,0.916751170795483
"Monroe County","vap_black","pre_24_dem_har",0.697479278235652,0.115815277418187,0.455426080291553,0.895621878433611
"Monroe County","vap_black","pre_24_rep_tru",0.302520721764348,0.115815277418187,0.104378121566389,0.544573919708447
"Monroe County","vap_asian","pre_24_dem_har",0.546100048993814,0.195711771745056,0.16656127396097,0.89087882785781
"Monroe County","vap_asian","pre_24_rep_tru",0.453899951006186,0.195711771745056,0.10912117214219,0.83343872603903
"Monroe County","vap_oth_b","pre_24_dem_har",0.50985219343098,0.229320145588878,0.08810962411579,0.925702035572743
"Monroe County","vap_oth_b","pre_24_rep_tru",0.49014780656902,0.229320145588878,0.074297964427257,0.91189037588421
"Montgomery County","vap_white","pre_24_dem_har",0.307630094474378,0.143760523544071,0.0745185582862003,0.61423129402877
"Montgomery County","vap_white","pre_24_rep_tru",0.692369905525622,0.143760523544071,0.38576870597123,0.9254814417138
"Montgomery County","vap_hisp","pre_24_dem_har",0.534623123528543,0.211741514687366,0.127159404433228,0.914503041661637
"Montgomery County","vap_hisp","pre_24_rep_tru",0.465376876471457,0.211741514687366,0.085496958338363,0.872840595566772
"Montgomery County","vap_black","pre_24_dem_har",0.47586149158264,0.124688703546687,0.238011842469797,0.719658228834103
"Montgomery County","vap_black","pre_24_rep_tru",0.52413850841736,0.124688703546687,0.280341771165897,0.761988157530203
"Montgomery County","vap_asian","pre_24_dem_har",0.402755285827572,0.221737484985729,0.0398632262089286,0.842174309523572
"Montgomery County","vap_asian","pre_24_rep_tru",0.597244714172428,0.221737484985729,0.157825690476428,0.960136773791071
"Montgomery County","vap_oth_b","pre_24_dem_har",0.485650796611408,0.207287438594424,0.104918850217729,0.891581735811922
"Montgomery County","vap_oth_b","pre_24_rep_tru",0.514349203388592,0.207287438594424,0.108418264188078,0.895081149782271
"Neshoba County","vap_white","pre_24_dem_har",0.170422967127189,0.076572012568925,0.0564497061652788,0.346254784390912
"Neshoba County","vap_white","pre_24_rep_tru",0.829577032872811,0.076572012568925,0.653745215609088,0.943550293834721
"Neshoba County","vap_hisp","pre_24_dem_har",0.37446721840646,0.18878371003065,0.0620887275216639,0.762439798019033
"Neshoba County","vap_hisp","pre_24_rep_tru",0.62553278159354,0.18878371003065,0.237560201980967,0.937911272478336
"Neshoba County","vap_black","pre_24_dem_har",0.562581371495873,0.137696246542511,0.297097617956115,0.814961439765303
"Neshoba County","vap_black","pre_24_rep_tru",0.437418628504127,0.137696246542511,0.185038560234697,0.702902382043885
"Neshoba County","vap_asian","pre_24_dem_har",0.542149897797582,0.191785203790831,0.177325377593457,0.885448602611057
"Neshoba County","vap_asian","pre_24_rep_tru",0.457850102202418,0.191785203790831,0.114551397388943,0.822674622406543
"Neshoba County","vap_oth_b","pre_24_dem_har",0.532701583978024,0.196666202412644,0.163883828032096,0.889971715203101
"Neshoba County","vap_oth_b","pre_24_rep_tru",0.467298416021976,0.196666202412644,0.110028284796899,0.836116171967904
"Newton County","vap_white","pre_24_dem_har",0.158710437404802,0.0781489757910085,0.0384085942878896,0.337382074286561
"Newton County","vap_white","pre_24_rep_tru",0.841289562595198,0.0781489757910085,0.662617925713439,0.96159140571211
"Newton County","vap_hisp","pre_24_dem_har",0.451305156013469,0.247602925221889,0.0417104043298313,0.919605119392196
"Newton County","vap_hisp","pre_24_rep_tru",0.548694843986531,0.247602925221889,0.080394880607804,0.958289595670169
"Newton County","vap_black","pre_24_dem_har",0.555584256093943,0.134421049159809,0.297080481428349,0.809307941415878
"Newton County","vap_black","pre_24_rep_tru",0.444415743906057,0.134421049159809,0.190692058584122,0.702919518571651
"Newton County","vap_asian","pre_24_dem_har",0.478473785304366,0.219865166693634,0.0940101925781557,0.890720704873164
"Newton County","vap_asian","pre_24_rep_tru",0.521526214695634,0.219865166693634,0.109279295126836,0.905989807421844
"Newton County","vap_oth_b","pre_24_dem_har",0.481861061606149,0.240025607890724,0.0549088497482536,0.898626585803691
"Newton County","vap_oth_b","pre_24_rep_tru",0.518138938393851,0.240025607890724,0.101373414196309,0.945091150251746
"Noxubee County","vap_white","pre_24_dem_har",0.545870845019491,0.184447159718882,0.180815841473169,0.876148825423285
"Noxubee County","vap_white","pre_24_rep_tru",0.454129154980509,0.184447159718882,0.123851174576715,0.819184158526831
"Noxubee County","vap_hisp","pre_24_dem_har",0.53039628514391,0.239259927976166,0.0868656276154354,0.947106420052526
"Noxubee County","vap_hisp","pre_24_rep_tru",0.46960371485609,0.239259927976166,0.052893579947474,0.913134372384565
"Noxubee County","vap_black","pre_24_dem_har",0.766712469888294,0.0730517064054625,0.609918180742306,0.89401866973028
"Noxubee County","vap_black","pre_24_rep_tru",0.233287530111706,0.0730517064054625,0.10598133026972,0.390081819257694
"Noxubee County","vap_asian","pre_24_dem_har",0.540162583217366,0.254776613550315,0.0775014278499743,0.964556150650638
"Noxubee County","vap_asian","pre_24_rep_tru",0.459837416782634,0.254776613550315,0.035443849349362,0.922498572150026
"Noxubee County","vap_oth_b","pre_24_dem_har",0.460259308761597,0.272182272808345,0.0199191149396647,0.939685498584667
"Noxubee County","vap_oth_b","pre_24_rep_tru",0.539740691238403,0.272182272808345,0.060314501415333,0.980080885060335
"Oktibbeha County","vap_white","pre_24_dem_har",0.442062278062092,0.105838313329899,0.239577012219038,0.648961247670085
"Oktibbeha County","vap_white","pre_24_rep_tru",0.557937721937908,0.105838313329899,0.351038752329915,0.760422987780962
"Oktibbeha County","vap_hisp","pre_24_dem_har",0.620589871333084,0.196846259730546,0.218599415888795,0.941157927241333
"Oktibbeha County","vap_hisp","pre_24_rep_tru",0.379410128666916,0.196846259730546,0.058842072758667,0.781400584111205
"Oktibbeha County","vap_black","pre_24_dem_har",0.576481269576053,0.111998941974781,0.356615272084317,0.787932977216312
"Oktibbeha County","vap_black","pre_24_rep_tru",0.423518730423947,0.111998941974781,0.212067022783688,0.643384727915683
"Oktibbeha County","vap_asian","pre_24_dem_har",0.48802693852781,0.221897266565233,0.0933704973824305,0.89536075941855
"Oktibbeha County","vap_asian","pre_24_rep_tru",0.51197306147219,0.221897266565233,0.10463924058145,0.90662950261757
"Oktibbeha County","vap_oth_b","pre_24_dem_har",0.477362513321841,0.208763610246824,0.104593735458393,0.863610450143964
"Oktibbeha County","vap_oth_b","pre_24_rep_tru",0.522637486678159,0.208763610246824,0.136389549856036,0.895406264541607
"Panola County","vap_white","pre_24_dem_har",0.233327560506945,0.0944172675954958,0.0739971621254374,0.436437730434265
"Panola County","vap_white","pre_24_rep_tru",0.766672439493055,0.0944172675954958,0.563562269565735,0.926002837874563
"Panola County","vap_hisp","pre_24_dem_har",0.528468628368062,0.23786113613317,0.0927686675669847,0.934044887469408
"Panola County","vap_hisp","pre_24_rep_tru",0.471531371631938,0.23786113613317,0.065955112530592,0.907231332433015
"Panola County","vap_black","pre_24_dem_har",0.587003000966041,0.108273877940422,0.37087815375924,0.788331170799292
"Panola County","vap_black","pre_24_rep_tru",0.412996999033959,0.108273877940422,0.211668829200708,0.62912184624076
"Panola County","vap_asian","pre_24_dem_har",0.516055663662322,0.222250346911907,0.100871251394405,0.913111171757129
"Panola County","vap_asian","pre_24_rep_tru",0.483944336337678,0.222250346911907,0.086888828242871,0.899128748605595
"Panola County","vap_oth_b","pre_24_dem_har",0.486472410238141,0.235697011738701,0.0794670926199885,0.92536497293838
"Panola County","vap_oth_b","pre_24_rep_tru",0.513527589761859,0.235697011738701,0.07463502706162,0.920532907380011
"Pearl River County","vap_white","pre_24_dem_har",0.0973379257460154,0.0533803767764786,0.0189874245103421,0.221354864979385
"Pearl River County","vap_white","pre_24_rep_tru",0.902662074253985,0.0533803767764786,0.778645135020615,0.981012575489658
"Pearl River County","vap_hisp","pre_24_dem_har",0.347264896785231,0.198619044858284,0.0368195166094261,0.759076014599605
"Pearl River County","vap_hisp","pre_24_rep_tru",0.652735103214769,0.198619044858284,0.240923985400395,0.963180483390574
"Pearl River County","vap_black","pre_24_dem_har",0.660343569900069,0.159965192705537,0.335654047354713,0.926759370773577
"Pearl River County","vap_black","pre_24_rep_tru",0.339656430099931,0.159965192705537,0.073240629226423,0.664345952645287
"Pearl River County","vap_asian","pre_24_dem_har",0.45771842512702,0.219599068544758,0.0724993580758531,0.870094104929587
"Pearl River County","vap_asian","pre_24_rep_tru",0.54228157487298,0.219599068544758,0.129905895070413,0.927500641924147
"Pearl River County","vap_oth_b","pre_24_dem_har",0.41520742274091,0.26596582365553,0.0174746305270436,0.914785842084193
"Pearl River County","vap_oth_b","pre_24_rep_tru",0.58479257725909,0.26596582365553,0.085214157915807,0.982525369472956
"Perry County","vap_white","pre_24_dem_har",0.133666172545553,0.0698458185772354,0.0307899435021648,0.296197116814688
"Perry County","vap_white","pre_24_rep_tru",0.866333827454447,0.0698458185772354,0.703802883185312,0.969210056497835
"Perry County","vap_hisp","pre_24_dem_har",0.473761659506314,0.186641335064159,0.130313827641906,0.837329432788432
"Perry County","vap_hisp","pre_24_rep_tru",0.526238340493686,0.186641335064159,0.162670567211568,0.869686172358094
"Perry County","vap_black","pre_24_dem_har",0.540866024159157,0.20339225960553,0.164833085061851,0.899264035946378
"Perry County","vap_black","pre_24_rep_tru",0.459133975840843,0.20339225960553,0.100735964053622,0.835166914938149
"Perry County","vap_asian","pre_24_dem_har",0.454421809147729,0.280825146288965,0.015716368242903,0.929662751979932
"Perry County","vap_asian","pre_24_rep_tru",0.545578190852271,0.280825146288965,0.070337248020068,0.984283631757097
"Perry County","vap_oth_b","pre_24_dem_har",0.484600119504642,0.225067009813454,0.0516119149721439,0.885347770027034
"Perry County","vap_oth_b","pre_24_rep_tru",0.515399880495358,0.225067009813454,0.114652229972966,0.948388085027856
"Pike County","vap_white","pre_24_dem_har",0.224943401035319,0.105232290190733,0.0555077487666249,0.455632105471845
"Pike County","vap_white","pre_24_rep_tru",0.775056598964681,0.105232290190733,0.544367894528155,0.944492251233375
"Pike County","vap_hisp","pre_24_dem_har",0.591333779138779,0.239757812428094,0.121164817044685,0.967815019031936
"Pike County","vap_hisp","pre_24_rep_tru",0.408666220861221,0.239757812428094,0.032184980968064,0.878835182955315
"Pike County","vap_black","pre_24_dem_har",0.636381758884535,0.10496051735937,0.41967561601458,0.826068668456069
"Pike County","vap_black","pre_24_rep_tru",0.363618241115465,0.10496051735937,0.173931331543931,0.58032438398542
"Pike County","vap_asian","pre_24_dem_har",0.446022300043328,0.230279947702027,0.0541596546444553,0.884262818024935
"Pike County","vap_asian","pre_24_rep_tru",0.553977699956672,0.230279947702027,0.115737181975065,0.945840345355545
"Pike County","vap_oth_b","pre_24_dem_har",0.421940775026093,0.225514416671155,0.0552061739311568,0.862014822552732
"Pike County","vap_oth_b","pre_24_rep_tru",0.578059224973907,0.225514416671155,0.137985177447268,0.944793826068843
"Pontotoc County","vap_white","pre_24_dem_har",0.121924039560729,0.0588087404712652,0.0305129315662571,0.256168398115258
"Pontotoc County","vap_white","pre_24_rep_tru",0.878075960439271,0.0588087404712652,0.743831601884742,0.969487068433743
"Pontotoc County","vap_hisp","pre_24_dem_har",0.46564997214206,0.214179543374675,0.0828087196105296,0.863361262273162
"Pontotoc County","vap_hisp","pre_24_rep_tru",0.53435002785794,0.214179543374675,0.136638737726838,0.91719128038947
"Pontotoc County","vap_black","pre_24_dem_har",0.50087293041833,0.203171006404068,0.128027586321321,0.875906070539345
"Pontotoc County","vap_black","pre_24_rep_tru",0.49912706958167,0.203171006404068,0.124093929460655,0.871972413678679
"Pontotoc County","vap_asian","pre_24_dem_har",0.512761423998698,0.235280998239823,0.0845615606547597,0.929219359044064
"Pontotoc County","vap_asian","pre_24_rep_tru",0.487238576001302,0.235280998239823,0.070780640955936,0.91543843934524
"Pontotoc County","vap_oth_b","pre_24_dem_har",0.510365588480126,0.226275465334741,0.0996835483815251,0.917049268668359
"Pontotoc County","vap_oth_b","pre_24_rep_tru",0.489634411519874,0.226275465334741,0.082950731331641,0.900316451618475
"Prentiss County","vap_white","pre_24_dem_har",0.124736890750015,0.0552273352189492,0.0379152550216866,0.250920338605197
"Prentiss County","vap_white","pre_24_rep_tru",0.875263109249985,0.0552273352189492,0.749079661394803,0.962084744978313
"Prentiss County","vap_hisp","pre_24_dem_har",0.4339457068938,0.214229507654003,0.0680902701370115,0.848212318741904
"Prentiss County","vap_hisp","pre_24_rep_tru",0.5660542931062,0.214229507654003,0.151787681258096,0.931909729862988
"Prentiss County","vap_black","pre_24_dem_har",0.523825366419842,0.13679042921154,0.263776277181669,0.785500904545775
"Prentiss County","vap_black","pre_24_rep_tru",0.476174633580158,0.13679042921154,0.214499095454225,0.736223722818331
"Prentiss County","vap_asian","pre_24_dem_har",0.472118003589367,0.237323954572983,0.0641476781528697,0.892800471202676
"Prentiss County","vap_asian","pre_24_rep_tru",0.527881996410633,0.237323954572983,0.107199528797324,0.93585232184713
"Prentiss County","vap_oth_b","pre_24_dem_har",0.462170163043211,0.238265493290652,0.0524530312639874,0.890104345070634
"Prentiss County","vap_oth_b","pre_24_rep_tru",0.537829836956789,0.238265493290652,0.109895654929366,0.947546968736013
"Quitman County","vap_white","pre_24_dem_har",0.462317290273514,0.200381423845089,0.106052189077202,0.846791513365835
"Quitman County","vap_white","pre_24_rep_tru",0.537682709726486,0.200381423845089,0.153208486634165,0.893947810922798
"Quitman County","vap_hisp","pre_24_dem_har",0.569309452972437,0.228084358672673,0.124263738728437,0.945654114370769
"Quitman County","vap_hisp","pre_24_rep_tru",0.430690547027563,0.228084358672673,0.054345885629231,0.875736261271563
"Quitman County","vap_black","pre_24_dem_har",0.671583933651698,0.103140117863422,0.456022510620172,0.854441766476343
"Quitman County","vap_black","pre_24_rep_tru",0.328416066348302,0.103140117863422,0.145558233523657,0.543977489379828
"Quitman County","vap_asian","pre_24_dem_har",0.527955198207438,0.234119302182374,0.105584763444962,0.93064302326895
"Quitman County","vap_asian","pre_24_rep_tru",0.472044801792562,0.234119302182374,0.06935697673105,0.894415236555038
"Quitman County","vap_oth_b","pre_24_dem_har",0.425421888836073,0.206947985056016,0.0757441653360401,0.85766704874383
"Quitman County","vap_oth_b","pre_24_rep_tru",0.574578111163927,0.206947985056016,0.14233295125617,0.92425583466396
"Rankin County","vap_white","pre_24_dem_har",0.206955275828413,0.0438157134039887,0.12657358425597,0.297903736235227
"Rankin County","vap_white","pre_24_rep_tru",0.793044724171587,0.0438157134039887,0.702096263764773,0.87342641574403
"Rankin County","vap_hisp","pre_24_dem_har",0.499286054619383,0.221187741907324,0.0926343523649715,0.896554675868973
"Rankin County","vap_hisp","pre_24_rep_tru",0.500713945380617,0.221187741907324,0.103445324131027,0.907365647635028
"Rankin County","vap_black","pre_24_dem_har",0.473739340993743,0.138863475394197,0.214894026769664,0.740957640048422
"Rankin County","vap_black","pre_24_rep_tru",0.526260659006257,0.138863475394197,0.259042359951578,0.785105973230336
"Rankin County","vap_asian","pre_24_dem_har",0.46864770871145,0.250048210266291,0.0428610227105324,0.920955830303167
"Rankin County","vap_asian","pre_24_rep_tru",0.53135229128855,0.250048210266291,0.079044169696833,0.957138977289468
"Rankin County","vap_oth_b","pre_24_dem_har",0.517270674221841,0.231050402088616,0.0955687561853255,0.923277839300238
"Rankin County","vap_oth_b","pre_24_rep_tru",0.482729325778159,0.231050402088616,0.076722160699762,0.904431243814675
"Scott County","vap_white","pre_24_dem_har",0.241958378758207,0.121197197250768,0.0522131107696967,0.504704548462812
"Scott County","vap_white","pre_24_rep_tru",0.758041621241793,0.121197197250768,0.495295451537188,0.947786889230303
"Scott County","vap_hisp","pre_24_dem_har",0.517103154355718,0.236058860729323,0.0851131045374558,0.930292158154006
"Scott County","vap_hisp","pre_24_rep_tru",0.482896845644282,0.236058860729323,0.069707841845994,0.914886895462544
"Scott County","vap_black","pre_24_dem_har",0.499194778544536,0.127993509925522,0.254057553247261,0.744493548612544
"Scott County","vap_black","pre_24_rep_tru",0.500805221455464,0.127993509925522,0.255506451387456,0.745942446752739
"Scott County","vap_asian","pre_24_dem_har",0.441721196974551,0.223713583683835,0.0607913271187487,0.862350803446485
"Scott County","vap_asian","pre_24_rep_tru",0.558278803025449,0.223713583683835,0.137649196553515,0.939208672881251
"Scott County","vap_oth_b","pre_24_dem_har",0.562880786665096,0.212414689368031,0.157746186367676,0.933763431248093
"Scott County","vap_oth_b","pre_24_rep_tru",0.437119213334904,0.212414689368031,0.066236568751907,0.842253813632324
"Sharkey County","vap_white","pre_24_dem_har",0.377066300366915,0.189683720553203,0.0573209927470169,0.762697391995181
"Sharkey County","vap_white","pre_24_rep_tru",0.622933699633085,0.189683720553203,0.237302608004819,0.942679007252983
"Sharkey County","vap_hisp","pre_24_dem_har",0.698371430803175,0.16633492467165,0.355453159369082,0.971559804582218
"Sharkey County","vap_hisp","pre_24_rep_tru",0.301628569196825,0.16633492467165,0.028440195417782,0.644546840630918
"Sharkey County","vap_black","pre_24_dem_har",0.735780515079652,0.0952994944130287,0.530864654541447,0.898046513373237
"Sharkey County","vap_black","pre_24_rep_tru",0.264219484920348,0.0952994944130287,0.101953486626763,0.469135345458553
"Sharkey County","vap_asian","pre_24_dem_har",0.472627259102436,0.210112557478133,0.10838645925602,0.865506290342587
"Sharkey County","vap_asian","pre_24_rep_tru",0.527372740897564,0.210112557478133,0.134493709657413,0.89161354074398
"Sharkey County","vap_oth_b","pre_24_dem_har",0.444800124491763,0.229092072318229,0.0373626752769607,0.905242244897177
"Sharkey County","vap_oth_b","pre_24_rep_tru",0.555199875508237,0.229092072318229,0.094757755102823,0.962637324723039
"Simpson County","vap_white","pre_24_dem_har",0.206372156726143,0.10136472517718,0.0525279472610074,0.434348323279919
"Simpson County","vap_white","pre_24_rep_tru",0.793627843273857,0.10136472517718,0.565651676720081,0.947472052738993
"Simpson County","vap_hisp","pre_24_dem_har",0.601713971736733,0.202641204029214,0.199678930590366,0.941000064144054
"Simpson County","vap_hisp","pre_24_rep_tru",0.398286028263267,0.202641204029214,0.058999935855946,0.800321069409634
"Simpson County","vap_black","pre_24_dem_har",0.487626176738393,0.143357532176278,0.226050871489936,0.768178479202015
"Simpson County","vap_black","pre_24_rep_tru",0.512373823261607,0.143357532176278,0.231821520797985,0.773949128510064
"Simpson County","vap_asian","pre_24_dem_har",0.455831815725462,0.240654767909052,0.0364400491712439,0.869310526324899
"Simpson County","vap_asian","pre_24_rep_tru",0.544168184274538,0.240654767909052,0.130689473675101,0.963559950828756
"Simpson County","vap_oth_b","pre_24_dem_har",0.47981896185017,0.257943985042998,0.0400348758543993,0.94004345143745
"Simpson County","vap_oth_b","pre_24_rep_tru",0.52018103814983,0.257943985042998,0.05995654856255,0.959965124145601
"Smith County","vap_white","pre_24_dem_har",0.147190623504611,0.0718962112808159,0.0395267991256727,0.312481368031234
"Smith County","vap_white","pre_24_rep_tru",0.852809376495389,0.0718962112808159,0.687518631968766,0.960473200874327
"Smith County","vap_hisp","pre_24_dem_har",0.441013502746423,0.230955969630718,0.0457049434626835,0.876297062055545
"Smith County","vap_hisp","pre_24_rep_tru",0.558986497253577,0.230955969630718,0.123702937944455,0.954295056537316
"Smith County","vap_black","pre_24_dem_har",0.425853661524396,0.146346384941235,0.180853746257383,0.71921340499236
"Smith County","vap_black","pre_24_rep_tru",0.574146338475604,0.146346384941235,0.28078659500764,0.819146253742617
"Smith County","vap_asian","pre_24_dem_har",0.55200427805307,0.223932582548547,0.117183954819762,0.927985767192304
"Smith County","vap_asian","pre_24_rep_tru",0.44799572194693,0.223932582548547,0.072014232807696,0.882816045180238
"Smith County","vap_oth_b","pre_24_dem_har",0.530934730352326,0.201608439750852,0.154114347037898,0.897549039882032
"Smith County","vap_oth_b","pre_24_rep_tru",0.469065269647674,0.201608439750852,0.102450960117968,0.845885652962102
"Stone County","vap_white","pre_24_dem_har",0.116368333658853,0.057667426348917,0.0278970482244009,0.248259276187427
"Stone County","vap_white","pre_24_rep_tru",0.883631666341147,0.057667426348917,0.751740723812573,0.972102951775599
"Stone County","vap_hisp","pre_24_dem_har",0.370663764958064,0.192791168837121,0.0511082123253153,0.761275349599361
"Stone County","vap_hisp","pre_24_rep_tru",0.629336235041936,0.192791168837121,0.238724650400639,0.948891787674685
"Stone County","vap_black","pre_24_dem_har",0.621048401041626,0.156220850356628,0.308575523735768,0.889699487283982
"Stone County","vap_black","pre_24_rep_tru",0.378951598958374,0.156220850356628,0.110300512716018,0.691424476264232
"Stone County","vap_asian","pre_24_dem_har",0.457263296999939,0.167018929767434,0.150992054007284,0.780108809170009
"Stone County","vap_asian","pre_24_rep_tru",0.542736703000061,0.167018929767434,0.219891190829991,0.849007945992716
"Stone County","vap_oth_b","pre_24_dem_har",0.490679779341364,0.21594865662349,0.103130119655915,0.890691824028629
"Stone County","vap_oth_b","pre_24_rep_tru",0.509320220658636,0.21594865662349,0.109308175971371,0.896869880344085
"Sunflower County","vap_white","pre_24_dem_har",0.391526635246344,0.180827136615005,0.0753865011220406,0.752945838730767
"Sunflower County","vap_white","pre_24_rep_tru",0.608473364753656,0.180827136615005,0.247054161269233,0.924613498877959
"Sunflower County","vap_hisp","pre_24_dem_har",0.475760773926573,0.21731379908686,0.0921905461453803,0.8827913034368
"Sunflower County","vap_hisp","pre_24_rep_tru",0.524239226073427,0.21731379908686,0.1172086965632,0.90780945385462
"Sunflower County","vap_black","pre_24_dem_har",0.73489180838519,0.0964033746681488,0.52807652055837,0.898273694576619
"Sunflower County","vap_black","pre_24_rep_tru",0.26510819161481,0.0964033746681488,0.101726305423381,0.47192347944163
"Sunflower County","vap_asian","pre_24_dem_har",0.465541910388886,0.240060541818631,0.0502272655663341,0.905111769028208
"Sunflower County","vap_asian","pre_24_rep_tru",0.534458089611114,0.240060541818631,0.094888230971792,0.949772734433666
"Sunflower County","vap_oth_b","pre_24_dem_har",0.469406403882489,0.25592813113064,0.0407611827028716,0.915284154648575
"Sunflower County","vap_oth_b","pre_24_rep_tru",0.530593596117511,0.25592813113064,0.084715845351425,0.959238817297128
"Tallahatchie County","vap_white","pre_24_dem_har",0.269613247144353,0.145151082152042,0.0552995041032215,0.586559177987941
"Tallahatchie County","vap_white","pre_24_rep_tru",0.730386752855647,0.145151082152042,0.413440822012059,0.944700495896779
"Tallahatchie County","vap_hisp","pre_24_dem_har",0.416898795671464,0.230783605173648,0.0551873569942678,0.876225398663972
"Tallahatchie County","vap_hisp","pre_24_rep_tru",0.583101204328536,0.230783605173648,0.123774601336028,0.944812643005732
"Tallahatchie County","vap_black","pre_24_dem_har",0.629752864758702,0.116485276131042,0.392745659019924,0.837192637705797
"Tallahatchie County","vap_black","pre_24_rep_tru",0.370247135241298,0.116485276131042,0.162807362294203,0.607254340980076
"Tallahatchie County","vap_asian","pre_24_dem_har",0.492819363748672,0.216634710568674,0.0918227086252223,0.885665523472115
"Tallahatchie County","vap_asian","pre_24_rep_tru",0.507180636251328,0.216634710568674,0.114334476527885,0.908177291374778
"Tallahatchie County","vap_oth_b","pre_24_dem_har",0.45075526352264,0.196476753183558,0.099278416228939,0.841223777137583
"Tallahatchie County","vap_oth_b","pre_24_rep_tru",0.54924473647736,0.196476753183558,0.158776222862417,0.900721583771061
"Tate County","vap_white","pre_24_dem_har",0.173976063979928,0.0774006656993307,0.0522294933867307,0.346352317667148
"Tate County","vap_white","pre_24_rep_tru",0.826023936020072,0.0774006656993307,0.653647682332852,0.947770506613269
"Tate County","vap_hisp","pre_24_dem_har",0.56221752571481,0.189066766735884,0.189750763680483,0.896082690479466
"Tate County","vap_hisp","pre_24_rep_tru",0.43778247428519,0.189066766735884,0.103917309520534,0.810249236319517
"Tate County","vap_black","pre_24_dem_har",0.488508316314155,0.133204891132233,0.230961064363921,0.739714667784406
"Tate County","vap_black","pre_24_rep_tru",0.511491683685845,0.133204891132233,0.260285332215594,0.769038935636079
"Tate County","vap_asian","pre_24_dem_har",0.497572636827333,0.212697046457705,0.104291230258158,0.892859372813529
"Tate County","vap_asian","pre_24_rep_tru",0.502427363172667,0.212697046457705,0.107140627186471,0.895708769741842
"Tate County","vap_oth_b","pre_24_dem_har",0.411149762452719,0.23267527353791,0.0369168547388898,0.858750656319169
"Tate County","vap_oth_b","pre_24_rep_tru",0.588850237547281,0.23267527353791,0.141249343680831,0.96308314526111
"Tippah County","vap_white","pre_24_dem_har",0.127510351709418,0.0660560072920591,0.0293048132390557,0.281066378831971
"Tippah County","vap_white","pre_24_rep_tru",0.872489648290582,0.0660560072920591,0.718933621168029,0.970695186760944
"Tippah County","vap_hisp","pre_24_dem_har",0.421589178196255,0.244701330759077,0.0344514011281037,0.894666864288533
"Tippah County","vap_hisp","pre_24_rep_tru",0.578410821803745,0.244701330759077,0.105333135711467,0.965548598871896
"Tippah County","vap_black","pre_24_dem_har",0.450044563544596,0.166209448683633,0.141338961838106,0.774552557907841
"Tippah County","vap_black","pre_24_rep_tru",0.549955436455404,0.166209448683633,0.225447442092159,0.858661038161894
"Tippah County","vap_asian","pre_24_dem_har",0.430079429196255,0.21955760123415,0.0609712135068251,0.84990150786563
"Tippah County","vap_asian","pre_24_rep_tru",0.569920570803745,0.21955760123415,0.15009849213437,0.939028786493175
"Tippah County","vap_oth_b","pre_24_dem_har",0.405972334218102,0.256604472353046,0.0317930013860469,0.922030624778855
"Tippah County","vap_oth_b","pre_24_rep_tru",0.594027665781898,0.256604472353046,0.077969375221145,0.968206998613953
"Tishomingo County","vap_white","pre_24_dem_har",0.0916511317755099,0.0425777915082949,0.0255448257571915,0.189585531985603
"Tishomingo County","vap_white","pre_24_rep_tru",0.90834886822449,0.0425777915082949,0.810414468014397,0.974455174242808
"Tishomingo County","vap_hisp","pre_24_dem_har",0.462116516357615,0.23309821324607,0.0656120958553937,0.894308677492634
"Tishomingo County","vap_hisp","pre_24_rep_tru",0.537883483642385,0.23309821324607,0.105691322507366,0.934387904144606
"Tishomingo County","vap_black","pre_24_dem_har",0.355000530458377,0.222276024102169,0.0215593044592635,0.815258935997437
"Tishomingo County","vap_black","pre_24_rep_tru",0.644999469541623,0.222276024102169,0.184741064002563,0.978440695540737
"Tishomingo County","vap_asian","pre_24_dem_har",0.544824684791706,0.200320197844004,0.163003252091612,0.90003146405093
"Tishomingo County","vap_asian","pre_24_rep_tru",0.455175315208294,0.200320197844004,0.09996853594907,0.836996747908388
"Tishomingo County","vap_oth_b","pre_24_dem_har",0.470719620351025,0.230186062744616,0.070333137144128,0.889383261128148
"Tishomingo County","vap_oth_b","pre_24_rep_tru",0.529280379648975,0.230186062744616,0.110616738871852,0.929666862855872
"Tunica County","vap_white","pre_24_dem_har",0.561162462582025,0.244899859379848,0.105989277580448,0.939374689580942
"Tunica County","vap_white","pre_24_rep_tru",0.438837537417975,0.244899859379848,0.060625310419058,0.894010722419552
"Tunica County","vap_hisp","pre_24_dem_har",0.455466529319848,0.195224125023282,0.109013230077169,0.818429613374368
"Tunica County","vap_hisp","pre_24_rep_tru",0.544533470680152,0.195224125023282,0.181570386625632,0.890986769922831
"Tunica County","vap_black","pre_24_dem_har",0.711677883576986,0.100482735611016,0.497453487519815,0.883561762598183
"Tunica County","vap_black","pre_24_rep_tru",0.288322116423014,0.100482735611016,0.116438237401817,0.502546512480185
"Tunica County","vap_asian","pre_24_dem_har",0.576600004298983,0.176952789882221,0.212029362178101,0.89230908536196
"Tunica County","vap_asian","pre_24_rep_tru",0.423399995701017,0.176952789882221,0.10769091463804,0.787970637821899
"Tunica County","vap_oth_b","pre_24_dem_har",0.408094997846488,0.197110102534818,0.0737798977037698,0.836334784145087
"Tunica County","vap_oth_b","pre_24_rep_tru",0.591905002153512,0.197110102534818,0.163665215854913,0.92622010229623
"Union County","vap_white","pre_24_dem_har",0.112480441876879,0.0430833701466303,0.0417571905525376,0.208633559531697
"Union County","vap_white","pre_24_rep_tru",0.887519558123121,0.0430833701466303,0.791366440468303,0.958242809447462
"Union County","vap_hisp","pre_24_dem_har",0.40752869143717,0.184726531273844,0.0865469791368519,0.766094821387584
"Union County","vap_hisp","pre_24_rep_tru",0.59247130856283,0.184726531273844,0.233905178612416,0.913453020863148
"Union County","vap_black","pre_24_dem_har",0.411930437338211,0.141859021226376,0.150783493779826,0.694209400964056
"Union County","vap_black","pre_24_rep_tru",0.588069562661789,0.141859021226376,0.305790599035944,0.849216506220174
"Union County","vap_asian","pre_24_dem_har",0.593661449191948,0.192586498718323,0.205976320325123,0.925297254042713
"Union County","vap_asian","pre_24_rep_tru",0.406338550808052,0.192586498718323,0.074702745957287,0.794023679674877
"Union County","vap_oth_b","pre_24_dem_har",0.602564816111565,0.219422127781462,0.152947545620757,0.950371555669864
"Union County","vap_oth_b","pre_24_rep_tru",0.397435183888435,0.219422127781462,0.049628444330136,0.847052454379243
"Walthall County","vap_white","pre_24_dem_har",0.249223153936285,0.124348958870794,0.0508326718355575,0.519781570355539
"Walthall County","vap_white","pre_24_rep_tru",0.750776846063715,0.124348958870794,0.480218429644461,0.949167328164442
"Walthall County","vap_hisp","pre_24_dem_har",0.35712057223331,0.198256977922544,0.0445400113105374,0.771475360888097
"Walthall County","vap_hisp","pre_24_rep_tru",0.64287942776669,0.198256977922544,0.228524639111903,0.955459988689463
"Walthall County","vap_black","pre_24_dem_har",0.443409191597507,0.137769488448391,0.207710894215845,0.71881842433692
"Walthall County","vap_black","pre_24_rep_tru",0.556590808402493,0.137769488448391,0.28118157566308,0.792289105784155
"Walthall County","vap_asian","pre_24_dem_har",0.55239649774949,0.192990210455778,0.177086957828589,0.896672027413348
"Walthall County","vap_asian","pre_24_rep_tru",0.44760350225051,0.192990210455778,0.103327972586652,0.822913042171411
"Walthall County","vap_oth_b","pre_24_dem_har",0.44237264662251,0.242251438656669,0.0481068061852289,0.899347916449458
"Walthall County","vap_oth_b","pre_24_rep_tru",0.55762735337749,0.242251438656669,0.100652083550542,0.951893193814771
"Warren County","vap_white","pre_24_dem_har",0.191828065631467,0.0813108490935502,0.0616465222482554,0.372304141806447
"Warren County","vap_white","pre_24_rep_tru",0.808171934368533,0.0813108490935502,0.627695858193553,0.938353477751745
"Warren County","vap_hisp","pre_24_dem_har",0.640550472755509,0.262584150560111,0.105003815759052,0.985192541783724
"Warren County","vap_hisp","pre_24_rep_tru",0.359449527244491,0.262584150560111,0.014807458216276,0.894996184240948
"Warren County","vap_black","pre_24_dem_har",0.698520139173423,0.0955991921598764,0.494290942299293,0.863934143123045
"Warren County","vap_black","pre_24_rep_tru",0.301479860826577,0.0955991921598764,0.136065856876955,0.505709057700707
"Warren County","vap_asian","pre_24_dem_har",0.518491594625115,0.219347525107694,0.104709157832679,0.904185289405142
"Warren County","vap_asian","pre_24_rep_tru",0.481508405374885,0.219347525107694,0.095814710594858,0.895290842167321
"Warren County","vap_oth_b","pre_24_dem_har",0.498285807697566,0.269099020751118,0.0452647158872212,0.959826858270916
"Warren County","vap_oth_b","pre_24_rep_tru",0.501714192302434,0.269099020751118,0.040173141729084,0.954735284112779
"Washington County","vap_white","pre_24_dem_har",0.297208924246809,0.146895946164038,0.0611677032026469,0.601979756377766
"Washington County","vap_white","pre_24_rep_tru",0.702791075753191,0.146895946164038,0.398020243622234,0.938832296797353
"Washington County","vap_hisp","pre_24_dem_har",0.474655179620546,0.223579074203788,0.0850010953768841,0.893574411269027
"Washington County","vap_hisp","pre_24_rep_tru",0.525344820379454,0.223579074203788,0.106425588730973,0.914998904623116
"Washington County","vap_black","pre_24_dem_har",0.776931277557598,0.0794727315648734,0.602392026609943,0.910835812364221
"Washington County","vap_black","pre_24_rep_tru",0.223068722442402,0.0794727315648734,0.089164187635779,0.397607973390057
"Washington County","vap_asian","pre_24_dem_har",0.565627758938195,0.22361170067357,0.136304964670803,0.950854877476724
"Washington County","vap_asian","pre_24_rep_tru",0.434372241061805,0.22361170067357,0.049145122523276,0.863695035329197
"Washington County","vap_oth_b","pre_24_dem_har",0.534916499781044,0.214678129415626,0.116493880938656,0.901495063318783
"Washington County","vap_oth_b","pre_24_rep_tru",0.465083500218956,0.214678129415626,0.098504936681217,0.883506119061344
"Wayne County","vap_white","pre_24_dem_har",0.0985071617808311,0.0720979610065695,0.0097414671204579,0.277891194925888
"Wayne County","vap_white","pre_24_rep_tru",0.901492838219169,0.0720979610065695,0.722108805074112,0.990258532879542
"Wayne County","vap_hisp","pre_24_dem_har",0.616571028345121,0.230298305787525,0.150043094182572,0.97123454732016
"Wayne County","vap_hisp","pre_24_rep_tru",0.383428971654879,0.230298305787525,0.02876545267984,0.849956905817428
"Wayne County","vap_black","pre_24_dem_har",0.576955915832254,0.111675714424452,0.3545441370762,0.787429077982427
"Wayne County","vap_black","pre_24_rep_tru",0.423044084167746,0.111675714424452,0.212570922017573,0.6454558629238
"Wayne County","vap_asian","pre_24_dem_har",0.593906954375857,0.266991433714952,0.076936056334184,0.988222548684881
"Wayne County","vap_asian","pre_24_rep_tru",0.406093045624143,0.266991433714952,0.011777451315119,0.923063943665816
"Wayne County","vap_oth_b","pre_24_dem_har",0.616023880674716,0.189250718474875,0.207335127659428,0.932166113540005
"Wayne County","vap_oth_b","pre_24_rep_tru",0.383976119325284,0.189250718474875,0.067833886459995,0.792664872340572
"Webster County","vap_white","pre_24_dem_har",0.168492856936539,0.0617860638375382,0.0737856449975924,0.309236151098777
"Webster County","vap_white","pre_24_rep_tru",0.831507143063461,0.0617860638375382,0.690763848901223,0.926214355002408
"Webster County","vap_hisp","pre_24_dem_har",0.562449667981939,0.240638765172828,0.115224912835238,0.964204959658655
"Webster County","vap_hisp","pre_24_rep_tru",0.437550332018061,0.240638765172828,0.035795040341345,0.884775087164762
"Webster County","vap_black","pre_24_dem_har",0.447410924981689,0.132909884809528,0.201560364127378,0.708274202996516
"Webster County","vap_black","pre_24_rep_tru",0.552589075018311,0.132909884809528,0.291725797003484,0.798439635872622
"Webster County","vap_asian","pre_24_dem_har",0.415447720222749,0.18822783882587,0.0879216047642131,0.785886819510718
"Webster County","vap_asian","pre_24_rep_tru",0.584552279777251,0.18822783882587,0.214113180489282,0.912078395235787
"Webster County","vap_oth_b","pre_24_dem_har",0.411313884091605,0.262185311662857,0.00820868926698368,0.903784564525019
"Webster County","vap_oth_b","pre_24_rep_tru",0.588686115908395,0.262185311662857,0.096215435474981,0.991791310733016
"Wilkinson County","vap_white","pre_24_dem_har",0.461621634977911,0.182138806670844,0.129812342692918,0.810406682560489
"Wilkinson County","vap_white","pre_24_rep_tru",0.538378365022089,0.182138806670844,0.189593317439511,0.870187657307082
"Wilkinson County","vap_hisp","pre_24_dem_har",0.504956521840568,0.257805119349332,0.06248157927864,0.943256394285943
"Wilkinson County","vap_hisp","pre_24_rep_tru",0.495043478159432,0.257805119349332,0.056743605714057,0.93751842072136
"Wilkinson County","vap_black","pre_24_dem_har",0.532848545299346,0.101247865148472,0.333843197564904,0.72184540054905
"Wilkinson County","vap_black","pre_24_rep_tru",0.467151454700654,0.101247865148472,0.27815459945095,0.666156802435096
"Wilkinson County","vap_asian","pre_24_dem_har",0.52652134032578,0.217362409188231,0.107570365661203,0.917871546345657
"Wilkinson County","vap_asian","pre_24_rep_tru",0.47347865967422,0.217362409188231,0.082128453654343,0.892429634338797
"Wilkinson County","vap_oth_b","pre_24_dem_har",0.500399004921824,0.199343125944266,0.124883018304836,0.885648862768474
"Wilkinson County","vap_oth_b","pre_24_rep_tru",0.499600995078176,0.199343125944266,0.114351137231526,0.875116981695164
"Winston County","vap_white","pre_24_dem_har",0.204809296841266,0.103035523670828,0.042098761116828,0.434497740779658
"Winston County","vap_white","pre_24_rep_tru",0.795190703158734,0.103035523670828,0.565502259220342,0.957901238883172
"Winston County","vap_hisp","pre_24_dem_har",0.557869218866459,0.256584770834832,0.0819236290348369,0.972097324595767
"Winston County","vap_hisp","pre_24_rep_tru",0.442130781133541,0.256584770834832,0.027902675404233,0.918076370965163
"Winston County","vap_black","pre_24_dem_har",0.571449639763258,0.126045260916047,0.322608137682654,0.804270156859546
"Winston County","vap_black","pre_24_rep_tru",0.428550360236742,0.126045260916047,0.195729843140454,0.677391862317346
"Winston County","vap_asian","pre_24_dem_har",0.632013215864246,0.173714466689714,0.27936970526867,0.929828058020041
"Winston County","vap_asian","pre_24_rep_tru",0.367986784135754,0.173714466689714,0.070171941979959,0.72063029473133
"Winston County","vap_oth_b","pre_24_dem_har",0.521832210563425,0.208857588934235,0.107385405201219,0.884660959847507
"Winston County","vap_oth_b","pre_24_rep_tru",0.478167789436575,0.208857588934235,0.115339040152493,0.892614594798781
"Yalobusha County","vap_white","pre_24_dem_har",0.304461954534909,0.105955171418339,0.117188817628954,0.524293397470456
"Yalobusha County","vap_white","pre_24_rep_tru",0.695538045465091,0.105955171418339,0.475706602529544,0.882811182371046
"Yalobusha County","vap_hisp","pre_24_dem_har",0.390600537507658,0.192202221619242,0.0663727545867953,0.777957727173965
"Yalobusha County","vap_hisp","pre_24_rep_tru",0.609399462492342,0.192202221619242,0.222042272826035,0.933627245413205
"Yalobusha County","vap_black","pre_24_dem_har",0.510216881623898,0.128343972680243,0.264556481984838,0.757791506022975
"Yalobusha County","vap_black","pre_24_rep_tru",0.489783118376102,0.128343972680243,0.242208493977025,0.735443518015162
"Yalobusha County","vap_asian","pre_24_dem_har",0.448327401836851,0.232629446377588,0.0580190220783081,0.883966482915612
"Yalobusha County","vap_asian","pre_24_rep_tru",0.551672598163149,0.232629446377588,0.116033517084388,0.941980977921692
"Yalobusha County","vap_oth_b","pre_24_dem_har",0.37430220143831,0.213181075211828,0.0319060865705078,0.800167679083578
"Yalobusha County","vap_oth_b","pre_24_rep_tru",0.62569779856169,0.213181075211828,0.199832320916422,0.968093913429492
"Yazoo County","vap_white","pre_24_dem_har",0.11727917065317,0.0874956659255674,0.00777797641539917,0.332201184122713
"Yazoo County","vap_white","pre_24_rep_tru",0.88272082934683,0.0874956659255674,0.667798815877287,0.992222023584601
"Yazoo County","vap_hisp","pre_24_dem_har",0.496716568343994,0.205728258026309,0.120322467195635,0.878008117260621
"Yazoo County","vap_hisp","pre_24_rep_tru",0.503283431656006,0.205728258026309,0.121991882739379,0.879677532804365
"Yazoo County","vap_black","pre_24_dem_har",0.700356859891729,0.105347052028163,0.478621690017308,0.881516015965669
"Yazoo County","vap_black","pre_24_rep_tru",0.299643140108271,0.105347052028163,0.118483984034331,0.521378309982692
"Yazoo County","vap_asian","pre_24_dem_har",0.512835971147066,0.208845600885139,0.130568827374929,0.89393266110238
"Yazoo County","vap_asian","pre_24_rep_tru",0.487164028852934,0.208845600885139,0.10606733889762,0.869431172625071
"Yazoo County","vap_oth_b","pre_24_dem_har",0.454240670888078,0.246630817982374,0.030445674763523,0.902469984154826
"Yazoo County","vap_oth_b","pre_24_rep_tru",0.545759329111922,0.246630817982374,0.097530015845174,0.969554325236477
