"county","race","cand","mean","sd","ci_95_lower","ci_95_upper"
"Beaverhead County","vap_white","pre_16_rep_tru",0.801779647837545,0.0138462117799548,0.774062313820312,0.828980128936055
"Beaverhead County","vap_white","pre_16_dem_cli",0.198220352162455,0.0138462117799548,0.171019871063945,0.225937686179688
"Beaverhead County","vap_black","pre_16_rep_tru",0.515876550748906,0.199864977250883,0.140260581138979,0.878961682142259
"Beaverhead County","vap_black","pre_16_dem_cli",0.484123449251094,0.199864977250883,0.121038317857741,0.859739418861021
"Beaverhead County","vap_hisp","pre_16_rep_tru",0.566146034038926,0.162415680914516,0.229434189742029,0.864292266549563
"Beaverhead County","vap_hisp","pre_16_dem_cli",0.433853965961074,0.162415680914516,0.135707733450437,0.77056581025797
"Beaverhead County","vap_asian","pre_16_rep_tru",0.504943314816854,0.187672778541249,0.149796770020517,0.863560607303027
"Beaverhead County","vap_asian","pre_16_dem_cli",0.495056685183146,0.187672778541249,0.136439392696973,0.850203229979483
"Beaverhead County","vap_aian","pre_16_rep_tru",0.487609937008671,0.178910144620068,0.150713457484973,0.830187817205924
"Beaverhead County","vap_aian","pre_16_dem_cli",0.512390062991329,0.178910144620068,0.169812182794076,0.849286542515027
"Beaverhead County","vap_oth_b","pre_16_rep_tru",0.506881151492939,0.176332879724091,0.182317290120245,0.845268376215336
"Beaverhead County","vap_oth_b","pre_16_dem_cli",0.493118848507061,0.176332879724091,0.154731623784664,0.817682709879755
"Beaverhead County","vap_white","gov_16_rep_gia",0.650288556219699,0.0151624954871414,0.620910185505428,0.679438594002453
"Beaverhead County","vap_white","gov_16_dem_bul",0.349711443780301,0.0151624954871414,0.320561405997547,0.379089814494572
"Beaverhead County","vap_black","gov_16_rep_gia",0.489141661688067,0.206328194360328,0.094413580336554,0.869049548463215
"Beaverhead County","vap_black","gov_16_dem_bul",0.510858338311933,0.206328194360328,0.130950451536785,0.905586419663446
"Beaverhead County","vap_hisp","gov_16_rep_gia",0.509979980657828,0.170644498945667,0.168647673170791,0.817323733019388
"Beaverhead County","vap_hisp","gov_16_dem_bul",0.490020019342172,0.170644498945667,0.182676266980612,0.831352326829209
"Beaverhead County","vap_asian","gov_16_rep_gia",0.496462306108465,0.181183385792114,0.156566271220297,0.841242513656574
"Beaverhead County","vap_asian","gov_16_dem_bul",0.503537693891535,0.181183385792114,0.158757486343426,0.843433728779703
"Beaverhead County","vap_aian","gov_16_rep_gia",0.506819049808399,0.179866427662781,0.165677035209892,0.8396187336389
"Beaverhead County","vap_aian","gov_16_dem_bul",0.493180950191601,0.179866427662781,0.1603812663611,0.834322964790108
"Beaverhead County","vap_oth_b","gov_16_rep_gia",0.496551923003313,0.178550127555214,0.151310378246091,0.8346980181133
"Beaverhead County","vap_oth_b","gov_16_dem_bul",0.503448076996687,0.178550127555214,0.1653019818867,0.848689621753909
"Beaverhead County","vap_white","atg_16_rep_fox",0.838324819267619,0.0131653113964402,0.813498366063275,0.864901108594826
"Beaverhead County","vap_white","atg_16_dem_jen",0.161675180732381,0.0131653113964402,0.135098891405174,0.186501633936725
"Beaverhead County","vap_black","atg_16_rep_fox",0.508976600722733,0.202039825760573,0.12249708442657,0.880063424812353
"Beaverhead County","vap_black","atg_16_dem_jen",0.491023399277267,0.202039825760573,0.119936575187648,0.87750291557343
"Beaverhead County","vap_hisp","atg_16_rep_fox",0.566019992711092,0.160779518153701,0.25071743861592,0.862106234572513
"Beaverhead County","vap_hisp","atg_16_dem_jen",0.433980007288908,0.160779518153701,0.137893765427487,0.74928256138408
"Beaverhead County","vap_asian","atg_16_rep_fox",0.497156220022503,0.182585902630729,0.161720368233058,0.847109600284262
"Beaverhead County","vap_asian","atg_16_dem_jen",0.502843779977497,0.182585902630729,0.152890399715737,0.838279631766942
"Beaverhead County","vap_aian","atg_16_rep_fox",0.486323173683094,0.180629997325031,0.144713639022569,0.829873500906987
"Beaverhead County","vap_aian","atg_16_dem_jen",0.513676826316906,0.180629997325031,0.170126499093013,0.855286360977431
"Beaverhead County","vap_oth_b","atg_16_rep_fox",0.505518475296739,0.178176280710023,0.174268473149173,0.854209343029218
"Beaverhead County","vap_oth_b","atg_16_dem_jen",0.494481524703261,0.178176280710023,0.145790656970782,0.825731526850827
"Beaverhead County","vap_white","sos_16_rep_sta",0.75906505486094,0.0137227375272054,0.73246368714857,0.78572347553075
"Beaverhead County","vap_white","sos_16_dem_lin",0.24093494513906,0.0137227375272054,0.21427652446925,0.26753631285143
"Beaverhead County","vap_black","sos_16_rep_sta",0.457714614549192,0.208703999991017,0.0755827606648938,0.854655047555988
"Beaverhead County","vap_black","sos_16_dem_lin",0.542285385450808,0.208703999991017,0.145344952444012,0.924417239335106
"Beaverhead County","vap_hisp","sos_16_rep_sta",0.573446911522186,0.161741930332406,0.25191503885549,0.857717063370863
"Beaverhead County","vap_hisp","sos_16_dem_lin",0.426553088477814,0.161741930332406,0.142282936629137,0.74808496114451
"Beaverhead County","vap_asian","sos_16_rep_sta",0.437233362907765,0.219517482571212,0.0493439138546178,0.854610242640925
"Beaverhead County","vap_asian","sos_16_dem_lin",0.562766637092235,0.219517482571212,0.145389757359075,0.950656086145382
"Beaverhead County","vap_aian","sos_16_rep_sta",0.473552907497157,0.183044567224522,0.124038436216183,0.819437093055591
"Beaverhead County","vap_aian","sos_16_dem_lin",0.526447092502842,0.183044567224522,0.180562906944409,0.875961563783817
"Beaverhead County","vap_oth_b","sos_16_rep_sta",0.522916779946712,0.172568802822476,0.192267343192452,0.841144932263426
"Beaverhead County","vap_oth_b","sos_16_dem_lin",0.477083220053288,0.172568802822476,0.158855067736574,0.807732656807548
"Beaverhead County","vap_white","uss_18_rep_ros",0.660404209063909,0.0144563284600258,0.632237858181024,0.68822432923866
"Beaverhead County","vap_white","uss_18_dem_tes",0.339595790936092,0.0144563284600258,0.31177567076134,0.367762141818976
"Beaverhead County","vap_black","uss_18_rep_ros",0.497937183315756,0.204328919395637,0.11381486616552,0.884486649410851
"Beaverhead County","vap_black","uss_18_dem_tes",0.502062816684244,0.204328919395637,0.115513350589149,0.88618513383448
"Beaverhead County","vap_hisp","uss_18_rep_ros",0.509783605528595,0.173523543166663,0.179792769185137,0.833529445756564
"Beaverhead County","vap_hisp","uss_18_dem_tes",0.490216394471405,0.173523543166663,0.166470554243436,0.820207230814863
"Beaverhead County","vap_asian","uss_18_rep_ros",0.500917389599528,0.183483739205138,0.1551423479938,0.842592889617128
"Beaverhead County","vap_asian","uss_18_dem_tes",0.499082610400472,0.183483739205138,0.157407110382872,0.8448576520062
"Beaverhead County","vap_aian","uss_18_rep_ros",0.491239331012737,0.182160320043866,0.156820186326652,0.851895248770511
"Beaverhead County","vap_aian","uss_18_dem_tes",0.508760668987262,0.182160320043866,0.148104751229489,0.843179813673347
"Beaverhead County","vap_oth_b","uss_18_rep_ros",0.503929603256987,0.172991140216808,0.18451212029326,0.831363604704163
"Beaverhead County","vap_oth_b","uss_18_dem_tes",0.496070396743013,0.172991140216808,0.168636395295837,0.81548787970674
"Beaverhead County","vap_white","pre_20_rep_tru",0.750682627942195,0.0141688062127565,0.72210227704027,0.777479432435259
"Beaverhead County","vap_white","pre_20_dem_bid",0.249317372057805,0.0141688062127565,0.222520567564741,0.27789772295973
"Beaverhead County","vap_black","pre_20_rep_tru",0.503006489483633,0.201850047533218,0.124934275690088,0.878648605367833
"Beaverhead County","vap_black","pre_20_dem_bid",0.496993510516367,0.201850047533218,0.121351394632167,0.875065724309912
"Beaverhead County","vap_hisp","pre_20_rep_tru",0.537504242405186,0.173924006079685,0.201849816181958,0.883401906488712
"Beaverhead County","vap_hisp","pre_20_dem_bid",0.462495757594814,0.173924006079685,0.116598093511288,0.798150183818042
"Beaverhead County","vap_asian","pre_20_rep_tru",0.49229056360975,0.188432842301044,0.151935269285791,0.853537411690105
"Beaverhead County","vap_asian","pre_20_dem_bid",0.50770943639025,0.188432842301044,0.146462588309895,0.848064730714209
"Beaverhead County","vap_aian","pre_20_rep_tru",0.490905331883664,0.190552681171456,0.123216539549474,0.849204447000034
"Beaverhead County","vap_aian","pre_20_dem_bid",0.509094668116336,0.190552681171456,0.150795552999966,0.876783460450526
"Beaverhead County","vap_oth_b","pre_20_rep_tru",0.482207616081908,0.177139821978159,0.148602515164177,0.822198392525481
"Beaverhead County","vap_oth_b","pre_20_dem_bid",0.517792383918092,0.177139821978159,0.177801607474519,0.851397484835823
"Beaverhead County","vap_white","uss_20_rep_dai",0.709279078006112,0.0136812711294795,0.68284233532036,0.735488445403224
"Beaverhead County","vap_white","uss_20_dem_bul",0.290720921993888,0.0136812711294795,0.264511554596775,0.31715766467964
"Beaverhead County","vap_black","uss_20_rep_dai",0.489259664476507,0.204173470561753,0.100128529444723,0.870915192043293
"Beaverhead County","vap_black","uss_20_dem_bul",0.510740335523493,0.204173470561753,0.129084807956707,0.899871470555277
"Beaverhead County","vap_hisp","uss_20_rep_dai",0.521897951804336,0.166536829764318,0.193507128344313,0.838113871843374
"Beaverhead County","vap_hisp","uss_20_dem_bul",0.478102048195664,0.166536829764318,0.161886128156626,0.806492871655687
"Beaverhead County","vap_asian","uss_20_rep_dai",0.513170661028,0.183250885964643,0.161394136345379,0.852050876116432
"Beaverhead County","vap_asian","uss_20_dem_bul",0.486829338972,0.183250885964643,0.147949123883567,0.83860586365462
"Beaverhead County","vap_aian","uss_20_rep_dai",0.482084808263931,0.184484168292999,0.139863369055352,0.832928471132249
"Beaverhead County","vap_aian","uss_20_dem_bul",0.517915191736068,0.184484168292999,0.167071528867751,0.860136630944648
"Beaverhead County","vap_oth_b","uss_20_rep_dai",0.506571855126703,0.177083718156887,0.170717429386573,0.833843898819707
"Beaverhead County","vap_oth_b","uss_20_dem_bul",0.493428144873297,0.177083718156887,0.166156101180293,0.829282570613427
"Beaverhead County","vap_white","gov_20_rep_gia",0.736147969070842,0.014051306200923,0.708090765804613,0.762997534214473
"Beaverhead County","vap_white","gov_20_dem_coo",0.263852030929158,0.014051306200923,0.237002465785527,0.291909234195387
"Beaverhead County","vap_black","gov_20_rep_gia",0.460524609938242,0.211085037941676,0.0660521937380433,0.852084155129714
"Beaverhead County","vap_black","gov_20_dem_coo",0.539475390061758,0.211085037941676,0.147915844870286,0.933947806261957
"Beaverhead County","vap_hisp","gov_20_rep_gia",0.513589063597479,0.171375419996568,0.179220075726024,0.833684410177012
"Beaverhead County","vap_hisp","gov_20_dem_coo",0.486410936402521,0.171375419996568,0.166315589822988,0.820779924273976
"Beaverhead County","vap_asian","gov_20_rep_gia",0.505435551236514,0.188795259062606,0.145363578550777,0.85577593347009
"Beaverhead County","vap_asian","gov_20_dem_coo",0.494564448763486,0.188795259062606,0.14422406652991,0.854636421449223
"Beaverhead County","vap_aian","gov_20_rep_gia",0.497133242443582,0.187384213141691,0.144724688220848,0.847926622018111
"Beaverhead County","vap_aian","gov_20_dem_coo",0.502866757556418,0.187384213141691,0.152073377981889,0.855275311779152
"Beaverhead County","vap_oth_b","gov_20_rep_gia",0.493073875842298,0.176927805048426,0.169082117678412,0.837530691609129
"Beaverhead County","vap_oth_b","gov_20_dem_coo",0.506926124157702,0.176927805048426,0.162469308390871,0.830917882321588
"Beaverhead County","vap_white","atg_20_rep_knu",0.754615902276862,0.0136387678965025,0.727704477846669,0.7813660059903
"Beaverhead County","vap_white","atg_20_dem_gra",0.245384097723138,0.0136387678965025,0.2186339940097,0.272295522153331
"Beaverhead County","vap_black","atg_20_rep_knu",0.481584075973321,0.198043011403511,0.114043905500601,0.865070838691213
"Beaverhead County","vap_black","atg_20_dem_gra",0.518415924026679,0.198043011403511,0.134929161308787,0.885956094499399
"Beaverhead County","vap_hisp","atg_20_rep_knu",0.493983971918944,0.171827083360067,0.16137474386185,0.817389041144038
"Beaverhead County","vap_hisp","atg_20_dem_gra",0.506016028081056,0.171827083360067,0.182610958855962,0.83862525613815
"Beaverhead County","vap_asian","atg_20_rep_knu",0.483040107118241,0.182344562100278,0.149675359533187,0.832841988947613
"Beaverhead County","vap_asian","atg_20_dem_gra",0.516959892881759,0.182344562100278,0.167158011052387,0.850324640466813
"Beaverhead County","vap_aian","atg_20_rep_knu",0.484885204661328,0.185254602909644,0.128946575994033,0.826169419477586
"Beaverhead County","vap_aian","atg_20_dem_gra",0.515114795338672,0.185254602909644,0.173830580522413,0.871053424005967
"Beaverhead County","vap_oth_b","atg_20_rep_knu",0.489257880288052,0.17139423606749,0.169581733959775,0.810817941519792
"Beaverhead County","vap_oth_b","atg_20_dem_gra",0.510742119711948,0.17139423606749,0.189182058480208,0.830418266040226
"Beaverhead County","vap_white","sos_20_rep_jac",0.765466398482963,0.0137347910460364,0.738679259561531,0.791556327974642
"Beaverhead County","vap_white","sos_20_dem_ben",0.234533601517037,0.0137347910460364,0.208443672025358,0.261320740438469
"Beaverhead County","vap_black","sos_20_rep_jac",0.509715419730319,0.20551721181712,0.126715868084202,0.897078321166805
"Beaverhead County","vap_black","sos_20_dem_ben",0.490284580269681,0.20551721181712,0.102921678833195,0.873284131915798
"Beaverhead County","vap_hisp","sos_20_rep_jac",0.478663833072971,0.166699505274716,0.171258200359593,0.80648397804394
"Beaverhead County","vap_hisp","sos_20_dem_ben",0.521336166927029,0.166699505274716,0.19351602195606,0.828741799640407
"Beaverhead County","vap_asian","sos_20_rep_jac",0.489538516205824,0.186017252515242,0.145626192479852,0.838892928847026
"Beaverhead County","vap_asian","sos_20_dem_ben",0.510461483794176,0.186017252515242,0.161107071152974,0.854373807520148
"Beaverhead County","vap_aian","sos_20_rep_jac",0.511337087932494,0.186835719087238,0.158116640672653,0.856813245658092
"Beaverhead County","vap_aian","sos_20_dem_ben",0.488662912067506,0.186835719087238,0.143186754341908,0.841883359327347
"Beaverhead County","vap_oth_b","sos_20_rep_jac",0.480923428849102,0.170396555205705,0.164443114502447,0.799209745575802
"Beaverhead County","vap_oth_b","sos_20_dem_ben",0.519076571150898,0.170396555205705,0.200790254424198,0.835556885497553
"Big Horn County","vap_white","pre_16_rep_tru",0.875077291554245,0.0374390013413478,0.794533218990705,0.940148855974007
"Big Horn County","vap_white","pre_16_dem_cli",0.124922708445755,0.0374390013413478,0.0598511440259929,0.205466781009295
"Big Horn County","vap_black","pre_16_rep_tru",0.482520087564295,0.202544288627207,0.109255494254579,0.866408707262323
"Big Horn County","vap_black","pre_16_dem_cli",0.517479912435705,0.202544288627207,0.133591292737677,0.890744505745421
"Big Horn County","vap_hisp","pre_16_rep_tru",0.564770120217313,0.198667497061347,0.20319406198374,0.937606185136381
"Big Horn County","vap_hisp","pre_16_dem_cli",0.435229879782687,0.198667497061347,0.0623938148636185,0.796805938016259
"Big Horn County","vap_asian","pre_16_rep_tru",0.502465659783134,0.178758985007864,0.177884917772876,0.85093187231304
"Big Horn County","vap_asian","pre_16_dem_cli",0.497534340216866,0.178758985007864,0.14906812768696,0.822115082227124
"Big Horn County","vap_aian","pre_16_rep_tru",0.243458079066245,0.0325839896429999,0.184226993113153,0.314119032913688
"Big Horn County","vap_aian","pre_16_dem_cli",0.756541920933755,0.0325839896429999,0.685880967086312,0.815773006886848
"Big Horn County","vap_oth_b","pre_16_rep_tru",0.48840331470019,0.170236775535858,0.162563989929342,0.812189726852294
"Big Horn County","vap_oth_b","pre_16_dem_cli",0.51159668529981,0.170236775535858,0.187810273147706,0.837436010070658
"Big Horn County","vap_white","gov_16_rep_gia",0.725843701083369,0.0395058095760341,0.644246398639151,0.798824560842507
"Big Horn County","vap_white","gov_16_dem_bul",0.274156298916631,0.0395058095760341,0.201175439157493,0.355753601360848
"Big Horn County","vap_black","gov_16_rep_gia",0.491278225169712,0.196216502774311,0.119563099168897,0.859502783664353
"Big Horn County","vap_black","gov_16_dem_bul",0.508721774830288,0.196216502774311,0.140497216335647,0.880436900831103
"Big Horn County","vap_hisp","gov_16_rep_gia",0.512182546720045,0.175952262916438,0.170458606903421,0.837072313379314
"Big Horn County","vap_hisp","gov_16_dem_bul",0.487817453279955,0.175952262916438,0.162927686620686,0.829541393096578
"Big Horn County","vap_asian","gov_16_rep_gia",0.498807225093717,0.182094224174979,0.167620470260808,0.850125084711734
"Big Horn County","vap_asian","gov_16_dem_bul",0.501192774906283,0.182094224174979,0.149874915288266,0.832379529739192
"Big Horn County","vap_aian","gov_16_rep_gia",0.140607366670833,0.0320267280898712,0.0825351084771491,0.208919106421916
"Big Horn County","vap_aian","gov_16_dem_bul",0.859392633329167,0.0320267280898712,0.791080893578084,0.917464891522851
"Big Horn County","vap_oth_b","gov_16_rep_gia",0.512694007933785,0.175459551620026,0.174517151091134,0.839863264187963
"Big Horn County","vap_oth_b","gov_16_dem_bul",0.487305992066215,0.175459551620026,0.160136735812037,0.825482848908866
"Big Horn County","vap_white","atg_16_rep_fox",0.909700008123584,0.0268393857789936,0.851452081293056,0.955227665628136
"Big Horn County","vap_white","atg_16_dem_jen",0.0902999918764164,0.0268393857789936,0.0447723343718643,0.148547918706944
"Big Horn County","vap_black","atg_16_rep_fox",0.50522235797144,0.19881101239017,0.130140289013646,0.881915054998842
"Big Horn County","vap_black","atg_16_dem_jen",0.49477764202856,0.19881101239017,0.118084945001158,0.869859710986354
"Big Horn County","vap_hisp","atg_16_rep_fox",0.614050357672723,0.162694291413386,0.27449089222193,0.896525153608746
"Big Horn County","vap_hisp","atg_16_dem_jen",0.385949642327277,0.162694291413386,0.103474846391254,0.72550910777807
"Big Horn County","vap_asian","atg_16_rep_fox",0.521647701157581,0.186947284529874,0.173457775475571,0.886021308917137
"Big Horn County","vap_asian","atg_16_dem_jen",0.478352298842419,0.186947284529874,0.113978691082863,0.826542224524429
"Big Horn County","vap_aian","atg_16_rep_fox",0.385722562901611,0.0283917365673323,0.332984374628996,0.443954410624951
"Big Horn County","vap_aian","atg_16_dem_jen",0.61427743709839,0.0283917365673323,0.556045589375049,0.667015625371004
"Big Horn County","vap_oth_b","atg_16_rep_fox",0.552344263384261,0.159076614840489,0.219687084962055,0.835875011156375
"Big Horn County","vap_oth_b","atg_16_dem_jen",0.447655736615739,0.159076614840489,0.164124988843625,0.780312915037945
"Big Horn County","vap_white","sos_16_rep_sta",0.789256080390978,0.0373391832329096,0.709790867817188,0.856331278433879
"Big Horn County","vap_white","sos_16_dem_lin",0.210743919609022,0.0373391832329096,0.143668721566121,0.290209132182812
"Big Horn County","vap_black","sos_16_rep_sta",0.501185647710015,0.190540310347078,0.144080755292833,0.86181823526225
"Big Horn County","vap_black","sos_16_dem_lin",0.498814352289985,0.190540310347078,0.13818176473775,0.855919244707167
"Big Horn County","vap_hisp","sos_16_rep_sta",0.538954954929005,0.175164460210049,0.195147147942998,0.854428549618445
"Big Horn County","vap_hisp","sos_16_dem_lin",0.461045045070995,0.175164460210049,0.145571450381555,0.804852852057002
"Big Horn County","vap_asian","sos_16_rep_sta",0.499271799642335,0.171702705616326,0.168755814565811,0.826176493187045
"Big Horn County","vap_asian","sos_16_dem_lin",0.500728200357665,0.171702705616326,0.173823506812955,0.831244185434189
"Big Horn County","vap_aian","sos_16_rep_sta",0.16133550530653,0.0329692025802917,0.103350891946379,0.232101801659376
"Big Horn County","vap_aian","sos_16_dem_lin",0.83866449469347,0.0329692025802917,0.767898198340624,0.896649108053621
"Big Horn County","vap_oth_b","sos_16_rep_sta",0.500140081480571,0.166741857585833,0.189396266768746,0.824440712994504
"Big Horn County","vap_oth_b","sos_16_dem_lin",0.499859918519429,0.166741857585833,0.175559287005496,0.810603733231253
"Big Horn County","vap_white","uss_18_rep_ros",0.77260411474508,0.0369253485976671,0.69370961344695,0.83899451416686
"Big Horn County","vap_white","uss_18_dem_tes",0.22739588525492,0.0369253485976671,0.16100548583314,0.30629038655305
"Big Horn County","vap_black","uss_18_rep_ros",0.495244004225664,0.188636510768021,0.141572399321491,0.846435619070983
"Big Horn County","vap_black","uss_18_dem_tes",0.504755995774336,0.188636510768021,0.153564380929017,0.858427600678509
"Big Horn County","vap_hisp","uss_18_rep_ros",0.481541613140151,0.171186733807779,0.156416853358968,0.805902255382196
"Big Horn County","vap_hisp","uss_18_dem_tes",0.518458386859849,0.171186733807779,0.194097744617804,0.843583146641032
"Big Horn County","vap_asian","uss_18_rep_ros",0.513207394097532,0.187065164161122,0.176032761295729,0.871496604145491
"Big Horn County","vap_asian","uss_18_dem_tes",0.486792605902468,0.187065164161122,0.128503395854509,0.823967238704271
"Big Horn County","vap_aian","uss_18_rep_ros",0.0972904196488143,0.0303902278719908,0.045376389280903,0.16445242792546
"Big Horn County","vap_aian","uss_18_dem_tes",0.902709580351186,0.0303902278719908,0.83554757207454,0.954623610719097
"Big Horn County","vap_oth_b","uss_18_rep_ros",0.533744720465946,0.165010254591105,0.207083531563422,0.83545842661756
"Big Horn County","vap_oth_b","uss_18_dem_tes",0.466255279534054,0.165010254591105,0.16454157338244,0.792916468436577
"Big Horn County","vap_white","pre_20_rep_tru",0.836500068557175,0.0372852632326615,0.756171497361867,0.900777764520994
"Big Horn County","vap_white","pre_20_dem_bid",0.163499931442825,0.0372852632326615,0.0992222354790063,0.243828502638133
"Big Horn County","vap_black","pre_20_rep_tru",0.498902082542231,0.191774251848022,0.139773771657382,0.865969225753968
"Big Horn County","vap_black","pre_20_dem_bid",0.501097917457769,0.191774251848022,0.134030774246032,0.860226228342618
"Big Horn County","vap_hisp","pre_20_rep_tru",0.521347118124664,0.169782273556976,0.197062968696734,0.840970898955012
"Big Horn County","vap_hisp","pre_20_dem_bid",0.478652881875336,0.169782273556976,0.159029101044988,0.802937031303266
"Big Horn County","vap_asian","pre_20_rep_tru",0.516070163053361,0.180162963034228,0.179580234649599,0.850561442856081
"Big Horn County","vap_asian","pre_20_dem_bid",0.483929836946639,0.180162963034228,0.149438557143919,0.820419765350401
"Big Horn County","vap_aian","pre_20_rep_tru",0.267818246111134,0.0333121136616372,0.207514870955831,0.339296446809684
"Big Horn County","vap_aian","pre_20_dem_bid",0.732181753888866,0.0333121136616372,0.660703553190316,0.792485129044169
"Big Horn County","vap_oth_b","pre_20_rep_tru",0.497443373081311,0.173186766599074,0.175427645396423,0.829210652290546
"Big Horn County","vap_oth_b","pre_20_dem_bid",0.502556626918689,0.173186766599074,0.170789347709454,0.824572354603577
"Big Horn County","vap_white","uss_20_rep_dai",0.819388480599627,0.0392102356496432,0.733377008040663,0.886419713196983
"Big Horn County","vap_white","uss_20_dem_bul",0.180611519400373,0.0392102356496432,0.113580286803017,0.266622991959336
"Big Horn County","vap_black","uss_20_rep_dai",0.498596604422119,0.200389656844684,0.127963074147851,0.871383347537673
"Big Horn County","vap_black","uss_20_dem_bul",0.501403395577881,0.200389656844684,0.128616652462327,0.872036925852149
"Big Horn County","vap_hisp","uss_20_rep_dai",0.504805376213741,0.168352459732576,0.188054462219067,0.828808887676708
"Big Horn County","vap_hisp","uss_20_dem_bul",0.495194623786259,0.168352459732576,0.171191112323292,0.811945537780933
"Big Horn County","vap_asian","uss_20_rep_dai",0.507054231347278,0.187107723522952,0.155820652395885,0.862327531469476
"Big Horn County","vap_asian","uss_20_dem_bul",0.492945768652722,0.187107723522952,0.137672468530524,0.844179347604115
"Big Horn County","vap_aian","uss_20_rep_dai",0.2268688588569,0.0331262898967201,0.170170304235271,0.299525879617064
"Big Horn County","vap_aian","uss_20_dem_bul",0.7731311411431,0.0331262898967201,0.700474120382936,0.829829695764729
"Big Horn County","vap_oth_b","uss_20_rep_dai",0.526669334809368,0.176147026212454,0.195654725152472,0.860364213473582
"Big Horn County","vap_oth_b","uss_20_dem_bul",0.473330665190632,0.176147026212454,0.139635786526418,0.804345274847528
"Big Horn County","vap_white","gov_20_rep_gia",0.837472240025595,0.0349612808358163,0.76311155211174,0.900340792037392
"Big Horn County","vap_white","gov_20_dem_coo",0.162527759974405,0.0349612808358163,0.0996592079626075,0.23688844788826
"Big Horn County","vap_black","gov_20_rep_gia",0.480661758643798,0.193604027954308,0.116268712744104,0.846690003349111
"Big Horn County","vap_black","gov_20_dem_coo",0.519338241356203,0.193604027954308,0.153309996650889,0.883731287255896
"Big Horn County","vap_hisp","gov_20_rep_gia",0.505240747508821,0.17453272215236,0.175446485946679,0.836223690769383
"Big Horn County","vap_hisp","gov_20_dem_coo",0.494759252491179,0.17453272215236,0.163776309230617,0.824553514053321
"Big Horn County","vap_asian","gov_20_rep_gia",0.494968141140261,0.173810798074655,0.173877294492027,0.828629844504627
"Big Horn County","vap_asian","gov_20_dem_coo",0.505031858859739,0.173810798074655,0.171370155495373,0.826122705507973
"Big Horn County","vap_aian","gov_20_rep_gia",0.239933177082586,0.0308537030398798,0.183828702626763,0.306598766591137
"Big Horn County","vap_aian","gov_20_dem_coo",0.760066822917414,0.0308537030398798,0.693401233408864,0.816171297373237
"Big Horn County","vap_oth_b","gov_20_rep_gia",0.483296996599739,0.166069615035314,0.172218981300388,0.814619047650696
"Big Horn County","vap_oth_b","gov_20_dem_coo",0.516703003400261,0.166069615035314,0.185380952349304,0.827781018699612
"Big Horn County","vap_white","atg_20_rep_knu",0.84290525591662,0.0368922932992465,0.762058353679278,0.906210092654043
"Big Horn County","vap_white","atg_20_dem_gra",0.15709474408338,0.0368922932992465,0.0937899073459571,0.237941646320722
"Big Horn County","vap_black","atg_20_rep_knu",0.510358699555091,0.198496562109595,0.144206888281884,0.884953543549789
"Big Horn County","vap_black","atg_20_dem_gra",0.489641300444909,0.198496562109595,0.115046456450211,0.855793111718117
"Big Horn County","vap_hisp","atg_20_rep_knu",0.504906447794313,0.169351057295177,0.178514880515052,0.824479605865225
"Big Horn County","vap_hisp","atg_20_dem_gra",0.495093552205686,0.169351057295177,0.175520394134775,0.821485119484948
"Big Horn County","vap_asian","atg_20_rep_knu",0.436867332905072,0.208711668384077,0.0640207627077419,0.816557245876415
"Big Horn County","vap_asian","atg_20_dem_gra",0.563132667094928,0.208711668384077,0.183442754123585,0.935979237292258
"Big Horn County","vap_aian","atg_20_rep_knu",0.241874287111048,0.0327579368359849,0.185858890798378,0.31582645556291
"Big Horn County","vap_aian","atg_20_dem_gra",0.758125712888952,0.0327579368359849,0.68417354443709,0.814141109201622
"Big Horn County","vap_oth_b","atg_20_rep_knu",0.523589043554677,0.164800397403254,0.206725683290254,0.830793186994637
"Big Horn County","vap_oth_b","atg_20_dem_gra",0.476410956445323,0.164800397403254,0.169206813005363,0.793274316709746
"Big Horn County","vap_white","sos_20_rep_jac",0.859730168649015,0.0375257953687449,0.777362705921621,0.92337978949113
"Big Horn County","vap_white","sos_20_dem_ben",0.140269831350985,0.0375257953687449,0.0766202105088704,0.222637294078379
"Big Horn County","vap_black","sos_20_rep_jac",0.495898982848209,0.199802388493543,0.114617031329246,0.874556207903653
"Big Horn County","vap_black","sos_20_dem_ben",0.504101017151791,0.199802388493543,0.125443792096347,0.885382968670754
"Big Horn County","vap_hisp","sos_20_rep_jac",0.515526700292478,0.166546486859708,0.191968087860354,0.821576441188037
"Big Horn County","vap_hisp","sos_20_dem_ben",0.484473299707521,0.166546486859708,0.178423558811963,0.808031912139646
"Big Horn County","vap_asian","sos_20_rep_jac",0.497649699299492,0.176988085813802,0.155343640549495,0.832541177866399
"Big Horn County","vap_asian","sos_20_dem_ben",0.502350300700508,0.176988085813802,0.167458822133601,0.844656359450505
"Big Horn County","vap_aian","sos_20_rep_jac",0.239352101442235,0.0322828954299218,0.183088044153646,0.309194522667745
"Big Horn County","vap_aian","sos_20_dem_ben",0.760647898557765,0.0322828954299218,0.690805477332255,0.816911955846354
"Big Horn County","vap_oth_b","sos_20_rep_jac",0.454971037417029,0.200899379926547,0.0735372386863508,0.824242556736183
"Big Horn County","vap_oth_b","sos_20_dem_ben",0.545028962582971,0.200899379926547,0.175757443263817,0.926462761313649
"Blaine County","vap_white","pre_16_rep_tru",0.849025693892144,0.0240981240935807,0.795725906400899,0.890395020063307
"Blaine County","vap_white","pre_16_dem_cli",0.150974306107856,0.0240981240935807,0.109604979936693,0.204274093599101
"Blaine County","vap_black","pre_16_rep_tru",0.517803103193967,0.210131844231317,0.117938390007638,0.904659746239478
"Blaine County","vap_black","pre_16_dem_cli",0.482196896806033,0.210131844231317,0.095340253760522,0.882061609992362
"Blaine County","vap_hisp","pre_16_rep_tru",0.511100349434189,0.183911445378336,0.153557705290606,0.850194966627372
"Blaine County","vap_hisp","pre_16_dem_cli",0.488899650565811,0.183911445378336,0.149805033372628,0.846442294709394
"Blaine County","vap_asian","pre_16_rep_tru",0.504742755980466,0.21483304426218,0.115384875087572,0.910564336188426
"Blaine County","vap_asian","pre_16_dem_cli",0.495257244019534,0.21483304426218,0.0894356638115744,0.884615124912428
"Blaine County","vap_aian","pre_16_rep_tru",0.0734747701469572,0.0260363158954431,0.0319849596613943,0.134337485847234
"Blaine County","vap_aian","pre_16_dem_cli",0.926525229853043,0.0260363158954431,0.865662514152766,0.968015040338606
"Blaine County","vap_oth_b","pre_16_rep_tru",0.507624705003832,0.187772104050624,0.15829145223889,0.862942481271041
"Blaine County","vap_oth_b","pre_16_dem_cli",0.492375294996168,0.187772104050624,0.137057518728959,0.84170854776111
"Blaine County","vap_white","gov_16_rep_gia",0.689563261055767,0.0225490983935794,0.644218022827676,0.732541405102488
"Blaine County","vap_white","gov_16_dem_bul",0.310436738944233,0.0225490983935794,0.267458594897512,0.355781977172324
"Blaine County","vap_black","gov_16_rep_gia",0.501620409776985,0.209610993456585,0.10592639306673,0.891065550882994
"Blaine County","vap_black","gov_16_dem_bul",0.498379590223015,0.209610993456585,0.108934449117006,0.89407360693327
"Blaine County","vap_hisp","gov_16_rep_gia",0.488361700472685,0.191799440758659,0.124143392329975,0.84918876609791
"Blaine County","vap_hisp","gov_16_dem_bul",0.511638299527315,0.191799440758659,0.15081123390209,0.875856607670025
"Blaine County","vap_asian","gov_16_rep_gia",0.498828494308008,0.208531472001841,0.109103390489865,0.88879392035083
"Blaine County","vap_asian","gov_16_dem_bul",0.501171505691992,0.208531472001841,0.11120607964917,0.890896609510135
"Blaine County","vap_aian","gov_16_rep_gia",0.0476329431022149,0.0183298305988357,0.0172850912004308,0.0885173854625133
"Blaine County","vap_aian","gov_16_dem_bul",0.952367056897785,0.0183298305988357,0.911482614537487,0.982714908799569
"Blaine County","vap_oth_b","gov_16_rep_gia",0.458883384528257,0.18051612582115,0.130050920035543,0.823589367265317
"Blaine County","vap_oth_b","gov_16_dem_bul",0.541116615471743,0.18051612582115,0.176410632734683,0.869949079964457
"Blaine County","vap_white","atg_16_rep_fox",0.873585075557735,0.0232210332219322,0.82296019186052,0.915045463891916
"Blaine County","vap_white","atg_16_dem_jen",0.126414924442265,0.0232210332219322,0.0849545361080834,0.17703980813948
"Blaine County","vap_black","atg_16_rep_fox",0.493288144330725,0.220189220273765,0.086750540318485,0.904899022145481
"Blaine County","vap_black","atg_16_dem_jen",0.506711855669275,0.220189220273765,0.0951009778545188,0.913249459681515
"Blaine County","vap_hisp","atg_16_rep_fox",0.498752123931536,0.189531046099708,0.151009773066805,0.859031491439884
"Blaine County","vap_hisp","atg_16_dem_jen",0.501247876068464,0.189531046099708,0.140968508560115,0.848990226933195
"Blaine County","vap_asian","atg_16_rep_fox",0.498006114748325,0.209320473322816,0.110785234190156,0.889324334600055
"Blaine County","vap_asian","atg_16_dem_jen",0.501993885251675,0.209320473322816,0.110675665399945,0.889214765809844
"Blaine County","vap_aian","atg_16_rep_fox",0.199192806795243,0.028151122349887,0.147757500868885,0.258068555241277
"Blaine County","vap_aian","atg_16_dem_jen",0.800807193204757,0.028151122349887,0.741931444758723,0.852242499131115
"Blaine County","vap_oth_b","atg_16_rep_fox",0.481395599582169,0.187767931328328,0.123231466253838,0.834833631457307
"Blaine County","vap_oth_b","atg_16_dem_jen",0.518604400417831,0.187767931328328,0.165166368542693,0.876768533746163
"Blaine County","vap_white","sos_16_rep_sta",0.751105839577257,0.0241635375381778,0.702230249226146,0.796803709547364
"Blaine County","vap_white","sos_16_dem_lin",0.248894160422743,0.0241635375381778,0.203196290452636,0.297769750773854
"Blaine County","vap_black","sos_16_rep_sta",0.505368680400517,0.209150912960198,0.112647308223205,0.897677063135611
"Blaine County","vap_black","sos_16_dem_lin",0.494631319599483,0.209150912960198,0.102322936864389,0.887352691776795
"Blaine County","vap_hisp","sos_16_rep_sta",0.493627086610413,0.185967137045241,0.138604361731095,0.842225714370967
"Blaine County","vap_hisp","sos_16_dem_lin",0.506372913389587,0.185967137045241,0.157774285629033,0.861395638268905
"Blaine County","vap_asian","sos_16_rep_sta",0.516150682322666,0.221327700040639,0.105573872114457,0.929371043626579
"Blaine County","vap_asian","sos_16_dem_lin",0.483849317677334,0.221327700040639,0.0706289563734207,0.894426127885543
"Blaine County","vap_aian","sos_16_rep_sta",0.0817684149816032,0.0226199918990287,0.0448769827497557,0.132801180873226
"Blaine County","vap_aian","sos_16_dem_lin",0.918231585018397,0.0226199918990287,0.867198819126774,0.955123017250244
"Blaine County","vap_oth_b","sos_16_rep_sta",0.456825276246603,0.187208956278873,0.115832758964145,0.817251214711735
"Blaine County","vap_oth_b","sos_16_dem_lin",0.543174723753397,0.187208956278873,0.182748785288265,0.884167241035855
"Blaine County","vap_white","uss_18_rep_ros",0.650601450810615,0.0225919884905395,0.604395008362838,0.69385643447652
"Blaine County","vap_white","uss_18_dem_tes",0.349398549189385,0.0225919884905395,0.30614356552348,0.395604991637162
"Blaine County","vap_black","uss_18_rep_ros",0.496226361856219,0.208021861331208,0.101563031111998,0.886948258506526
"Blaine County","vap_black","uss_18_dem_tes",0.50377363814378,0.208021861331208,0.113051741493473,0.898436968888002
"Blaine County","vap_hisp","uss_18_rep_ros",0.459181864600488,0.183042010402427,0.127673672247087,0.818802926629
"Blaine County","vap_hisp","uss_18_dem_tes",0.540818135399512,0.183042010402427,0.181197073371,0.872326327752913
"Blaine County","vap_asian","uss_18_rep_ros",0.485815669378742,0.213200652641124,0.10242361281811,0.900108895271091
"Blaine County","vap_asian","uss_18_dem_tes",0.514184330621258,0.213200652641124,0.0998911047289093,0.89757638718189
"Blaine County","vap_aian","uss_18_rep_ros",0.0203106132874879,0.0132292367715084,0.00287522417120137,0.0536558978125022
"Blaine County","vap_aian","uss_18_dem_tes",0.979689386712512,0.0132292367715084,0.946344102187498,0.997124775828799
"Blaine County","vap_oth_b","uss_18_rep_ros",0.416015802048679,0.177913863430979,0.103008207979489,0.778199362337143
"Blaine County","vap_oth_b","uss_18_dem_tes",0.583984197951321,0.177913863430979,0.221800637662857,0.896991792020511
"Blaine County","vap_white","pre_20_rep_tru",0.825031839097275,0.0235388823454975,0.774955868440716,0.86726973102393
"Blaine County","vap_white","pre_20_dem_bid",0.174968160902725,0.0235388823454975,0.13273026897607,0.225044131559284
"Blaine County","vap_black","pre_20_rep_tru",0.513833732070817,0.206831350205595,0.119911971557046,0.895577373561052
"Blaine County","vap_black","pre_20_dem_bid",0.486166267929183,0.206831350205595,0.104422626438948,0.880088028442954
"Blaine County","vap_hisp","pre_20_rep_tru",0.497569494252342,0.18629623591159,0.153890644630586,0.853139976914843
"Blaine County","vap_hisp","pre_20_dem_bid",0.502430505747658,0.18629623591159,0.146860023085157,0.846109355369414
"Blaine County","vap_asian","pre_20_rep_tru",0.516880891747756,0.208296250365474,0.11974212478131,0.901018949826553
"Blaine County","vap_asian","pre_20_dem_bid",0.483119108252244,0.208296250365474,0.098981050173447,0.88025787521869
"Blaine County","vap_aian","pre_20_rep_tru",0.0915479486111826,0.0221608014746389,0.0554492407877681,0.14259899432523
"Blaine County","vap_aian","pre_20_dem_bid",0.908452051388817,0.0221608014746389,0.85740100567477,0.944550759212232
"Blaine County","vap_oth_b","pre_20_rep_tru",0.462104694555726,0.186503183010939,0.125524907965798,0.827277348125078
"Blaine County","vap_oth_b","pre_20_dem_bid",0.537895305444274,0.186503183010939,0.172722651874922,0.874475092034202
"Blaine County","vap_white","uss_20_rep_dai",0.751951312586991,0.0218636765284777,0.706694613228163,0.793074787854149
"Blaine County","vap_white","uss_20_dem_bul",0.248048687413009,0.0218636765284777,0.206925212145851,0.293305386771837
"Blaine County","vap_black","uss_20_rep_dai",0.494010304695656,0.20798636991309,0.0975868467055283,0.881837680688545
"Blaine County","vap_black","uss_20_dem_bul",0.505989695304344,0.20798636991309,0.118162319311455,0.902413153294472
"Blaine County","vap_hisp","uss_20_rep_dai",0.506838760624165,0.188113571759392,0.143717861573237,0.860719577989175
"Blaine County","vap_hisp","uss_20_dem_bul",0.493161239375835,0.188113571759392,0.139280422010825,0.856282138426763
"Blaine County","vap_asian","uss_20_rep_dai",0.503704415285879,0.206479863460612,0.120617704622433,0.887671765709654
"Blaine County","vap_asian","uss_20_dem_bul",0.496295584714121,0.206479863460612,0.112328234290346,0.879382295377567
"Blaine County","vap_aian","uss_20_rep_dai",0.0519303179858262,0.0195877320116394,0.0201125395951012,0.0975681628341238
"Blaine County","vap_aian","uss_20_dem_bul",0.948069682014174,0.0195877320116394,0.902431837165876,0.979887460404899
"Blaine County","vap_oth_b","uss_20_rep_dai",0.46562439314982,0.186551612442732,0.124855255382875,0.820161869738878
"Blaine County","vap_oth_b","uss_20_dem_bul",0.53437560685018,0.186551612442732,0.179838130261122,0.875144744617124
"Blaine County","vap_white","gov_20_rep_gia",0.789127759860337,0.0228161855169549,0.742444868060738,0.832234260664222
"Blaine County","vap_white","gov_20_dem_coo",0.210872240139663,0.0228161855169549,0.167765739335778,0.257555131939262
"Blaine County","vap_black","gov_20_rep_gia",0.49193022808414,0.20993659354637,0.0989704040092599,0.890998292543663
"Blaine County","vap_black","gov_20_dem_coo",0.50806977191586,0.20993659354637,0.109001707456337,0.90102959599074
"Blaine County","vap_hisp","gov_20_rep_gia",0.49575808050557,0.18681439548823,0.122794246736889,0.84517373380179
"Blaine County","vap_hisp","gov_20_dem_coo",0.50424191949443,0.18681439548823,0.15482626619821,0.877205753263111
"Blaine County","vap_asian","gov_20_rep_gia",0.498682662713388,0.208356477844879,0.107131679716678,0.889865191465293
"Blaine County","vap_asian","gov_20_dem_coo",0.501317337286612,0.208356477844879,0.110134808534707,0.892868320283322
"Blaine County","vap_aian","gov_20_rep_gia",0.0623853123986331,0.0210869081824755,0.0284196272596768,0.111492709498979
"Blaine County","vap_aian","gov_20_dem_coo",0.937614687601367,0.0210869081824755,0.888507290501021,0.971580372740323
"Blaine County","vap_oth_b","gov_20_rep_gia",0.497915694248368,0.186519947647272,0.152858037457115,0.860789315729833
"Blaine County","vap_oth_b","gov_20_dem_coo",0.502084305751633,0.186519947647272,0.139210684270167,0.847141962542885
"Blaine County","vap_white","atg_20_rep_knu",0.79052096201854,0.0232375221429125,0.742869162844368,0.833938643648545
"Blaine County","vap_white","atg_20_dem_gra",0.20947903798146,0.0232375221429125,0.166061356351454,0.257130837155633
"Blaine County","vap_black","atg_20_rep_knu",0.507700335739991,0.207056870347206,0.11006002881707,0.885478785279369
"Blaine County","vap_black","atg_20_dem_gra",0.492299664260009,0.207056870347206,0.114521214720631,0.889939971182929
"Blaine County","vap_hisp","atg_20_rep_knu",0.512523128260568,0.187762803920608,0.157842624084432,0.872608811421439
"Blaine County","vap_hisp","atg_20_dem_gra",0.487476871739432,0.187762803920608,0.127391188578561,0.842157375915568
"Blaine County","vap_asian","atg_20_rep_knu",0.500031696780956,0.207772606888863,0.107903473358825,0.890063729216202
"Blaine County","vap_asian","atg_20_dem_gra",0.499968303219044,0.207772606888863,0.109936270783798,0.892096526641175
"Blaine County","vap_aian","atg_20_rep_knu",0.0777176504752128,0.0215748474460418,0.0423544154772126,0.127600839184282
"Blaine County","vap_aian","atg_20_dem_gra",0.922282349524787,0.0215748474460418,0.872399160815718,0.957645584522787
"Blaine County","vap_oth_b","atg_20_rep_knu",0.47706362195252,0.191793224297239,0.129376230362457,0.841754786863282
"Blaine County","vap_oth_b","atg_20_dem_gra",0.52293637804748,0.191793224297239,0.158245213136718,0.870623769637543
"Blaine County","vap_white","sos_20_rep_jac",0.807220264399439,0.0250417857343861,0.755066585888454,0.8534390264671
"Blaine County","vap_white","sos_20_dem_ben",0.192779735600561,0.0250417857343861,0.1465609735329,0.244933414111545
"Blaine County","vap_black","sos_20_rep_jac",0.509285597009036,0.212752149741035,0.108913541391587,0.903715969352622
"Blaine County","vap_black","sos_20_dem_ben",0.490714402990964,0.212752149741035,0.0962840306473784,0.891086458608413
"Blaine County","vap_hisp","sos_20_rep_jac",0.49294718639876,0.19049009236114,0.140641484384804,0.859141525721576
"Blaine County","vap_hisp","sos_20_dem_ben",0.50705281360124,0.19049009236114,0.140858474278424,0.859358515615196
"Blaine County","vap_asian","sos_20_rep_jac",0.497257229936946,0.216689466821034,0.0941442623562504,0.902178229089721
"Blaine County","vap_asian","sos_20_dem_ben",0.502742770063054,0.216689466821034,0.0978217709102789,0.90585573764375
"Blaine County","vap_aian","sos_20_rep_jac",0.0943641346792991,0.0248575147716296,0.0549914272738305,0.151834366353094
"Blaine County","vap_aian","sos_20_dem_ben",0.905635865320701,0.0248575147716296,0.848165633646906,0.94500857272617
"Blaine County","vap_oth_b","sos_20_rep_jac",0.478333326475213,0.193617030526795,0.123554072919012,0.855369838722257
"Blaine County","vap_oth_b","sos_20_dem_ben",0.521666673524788,0.193617030526795,0.144630161277743,0.876445927080988
"Broadwater County","vap_white","pre_16_rep_tru",0.826847017264224,0.0135323239541694,0.799675034050489,0.85296284990057
"Broadwater County","vap_white","pre_16_dem_cli",0.173152982735775,0.0135323239541694,0.14703715009943,0.200324965949511
"Broadwater County","vap_black","pre_16_rep_tru",0.486977646223933,0.211146606298032,0.0907219005903236,0.885456098793221
"Broadwater County","vap_black","pre_16_dem_cli",0.513022353776067,0.211146606298032,0.114543901206779,0.909278099409676
"Broadwater County","vap_hisp","pre_16_rep_tru",0.508965110606534,0.194772911475376,0.138159964307129,0.874862148716816
"Broadwater County","vap_hisp","pre_16_dem_cli",0.491034889393466,0.194772911475376,0.125137851283184,0.861840035692871
"Broadwater County","vap_asian","pre_16_rep_tru",0.50991181466472,0.244379197363475,0.0753473356572743,0.946517356735888
"Broadwater County","vap_asian","pre_16_dem_cli",0.49008818533528,0.244379197363475,0.0534826432641115,0.924652664342726
"Broadwater County","vap_aian","pre_16_rep_tru",0.499956836319063,0.197918041230706,0.133480676552947,0.879785033018797
"Broadwater County","vap_aian","pre_16_dem_cli",0.500043163680937,0.197918041230706,0.120214966981203,0.866519323447053
"Broadwater County","vap_oth_b","pre_16_rep_tru",0.486232866737627,0.197447269128192,0.122255751924547,0.863104421441474
"Broadwater County","vap_oth_b","pre_16_dem_cli",0.513767133262373,0.197447269128192,0.136895578558526,0.877744248075453
"Broadwater County","vap_white","gov_16_rep_gia",0.592323346813814,0.0148405919528217,0.563065170751604,0.620605216070242
"Broadwater County","vap_white","gov_16_dem_bul",0.407676653186185,0.0148405919528217,0.379394783929757,0.436934829248396
"Broadwater County","vap_black","gov_16_rep_gia",0.494046904537596,0.206632332049667,0.111212379925221,0.878317608293831
"Broadwater County","vap_black","gov_16_dem_bul",0.505953095462404,0.206632332049667,0.121682391706169,0.888787620074779
"Broadwater County","vap_hisp","gov_16_rep_gia",0.496854972752065,0.196403348206918,0.133607126221167,0.86521806093372
"Broadwater County","vap_hisp","gov_16_dem_bul",0.503145027247935,0.196403348206918,0.13478193906628,0.866392873778833
"Broadwater County","vap_asian","gov_16_rep_gia",0.514623749872744,0.244213135808633,0.076232387067063,0.94180147484513
"Broadwater County","vap_asian","gov_16_dem_bul",0.485376250127256,0.244213135808633,0.0581985251548696,0.923767612932937
"Broadwater County","vap_aian","gov_16_rep_gia",0.499037375397127,0.1917851691638,0.13682876143164,0.857206120902508
"Broadwater County","vap_aian","gov_16_dem_bul",0.500962624602873,0.1917851691638,0.142793879097492,0.86317123856836
"Broadwater County","vap_oth_b","gov_16_rep_gia",0.502137565680238,0.195491748735159,0.140820738751774,0.872843389828285
"Broadwater County","vap_oth_b","gov_16_dem_bul",0.497862434319762,0.195491748735159,0.127156610171715,0.859179261248226
"Broadwater County","vap_white","atg_16_rep_fox",0.861405182985826,0.0130024859286121,0.83638057644672,0.886552853355093
"Broadwater County","vap_white","atg_16_dem_jen",0.138594817014174,0.0130024859286121,0.113447146644907,0.16361942355328
"Broadwater County","vap_black","atg_16_rep_fox",0.495830547808152,0.206203326012811,0.118375539517123,0.887615758991549
"Broadwater County","vap_black","atg_16_dem_jen",0.504169452191848,0.206203326012811,0.112384241008451,0.881624460482877
"Broadwater County","vap_hisp","atg_16_rep_fox",0.489463619300919,0.20049279959337,0.112869979876745,0.875189614438644
"Broadwater County","vap_hisp","atg_16_dem_jen",0.510536380699081,0.20049279959337,0.124810385561356,0.887130020123255
"Broadwater County","vap_asian","atg_16_rep_fox",0.488955406999273,0.241887280812001,0.0558239123773916,0.920806514136821
"Broadwater County","vap_asian","atg_16_dem_jen",0.511044593000727,0.241887280812001,0.0791934858631788,0.944176087622608
"Broadwater County","vap_aian","atg_16_rep_fox",0.495595816082825,0.192917094313148,0.13876420080475,0.863458179109678
"Broadwater County","vap_aian","atg_16_dem_jen",0.504404183917175,0.192917094313148,0.136541820890322,0.86123579919525
"Broadwater County","vap_oth_b","atg_16_rep_fox",0.476865258720651,0.191925325391932,0.116012288760215,0.842448185985098
"Broadwater County","vap_oth_b","atg_16_dem_jen",0.523134741279349,0.191925325391932,0.157551814014902,0.883987711239785
"Broadwater County","vap_white","sos_16_rep_sta",0.739809260302716,0.0140640503307235,0.712500990196289,0.766899713785754
"Broadwater County","vap_white","sos_16_dem_lin",0.260190739697284,0.0140640503307235,0.233100286214245,0.287499009803711
"Broadwater County","vap_black","sos_16_rep_sta",0.506099675090089,0.203226923311029,0.121352201945527,0.88784152766218
"Broadwater County","vap_black","sos_16_dem_lin",0.493900324909912,0.203226923311029,0.11215847233782,0.878647798054474
"Broadwater County","vap_hisp","sos_16_rep_sta",0.49496718176454,0.199922215505212,0.117341234361097,0.871756418919586
"Broadwater County","vap_hisp","sos_16_dem_lin",0.50503281823546,0.199922215505212,0.128243581080414,0.882658765638903
"Broadwater County","vap_asian","sos_16_rep_sta",0.502696718799717,0.244867538966121,0.0600561563510083,0.936787565660318
"Broadwater County","vap_asian","sos_16_dem_lin",0.497303281200283,0.244867538966121,0.0632124343396817,0.939943843648992
"Broadwater County","vap_aian","sos_16_rep_sta",0.505919088617179,0.192652397458733,0.138491741828333,0.868665603009503
"Broadwater County","vap_aian","sos_16_dem_lin",0.494080911382821,0.192652397458733,0.131334396990497,0.861508258171667
"Broadwater County","vap_oth_b","sos_16_rep_sta",0.50394557119668,0.190998733036225,0.14613399609639,0.857685128542162
"Broadwater County","vap_oth_b","sos_16_dem_lin",0.49605442880332,0.190998733036225,0.142314871457837,0.85386600390361
"Broadwater County","vap_white","uss_18_rep_ros",0.671018944210233,0.0142668116535264,0.643335610648479,0.698865859875018
"Broadwater County","vap_white","uss_18_dem_tes",0.328981055789767,0.0142668116535264,0.301134140124982,0.356664389351521
"Broadwater County","vap_black","uss_18_rep_ros",0.493285888635335,0.213110386898306,0.101873908442947,0.892245810245881
"Broadwater County","vap_black","uss_18_dem_tes",0.506714111364665,0.213110386898306,0.107754189754119,0.898126091557053
"Broadwater County","vap_hisp","uss_18_rep_ros",0.507289500882999,0.195797978017929,0.142314260399204,0.879757526179346
"Broadwater County","vap_hisp","uss_18_dem_tes",0.492710499117001,0.195797978017929,0.120242473820653,0.857685739600796
"Broadwater County","vap_asian","uss_18_rep_ros",0.506096520071397,0.245996226177854,0.0561686600564233,0.939233627740275
"Broadwater County","vap_asian","uss_18_dem_tes",0.493903479928603,0.245996226177854,0.0607663722597252,0.943831339943577
"Broadwater County","vap_aian","uss_18_rep_ros",0.494219247532093,0.191258244197926,0.133620409533014,0.854176130170407
"Broadwater County","vap_aian","uss_18_dem_tes",0.505780752467907,0.191258244197926,0.145823869829593,0.866379590466986
"Broadwater County","vap_oth_b","uss_18_rep_ros",0.503770386089402,0.195534602983035,0.134466659936727,0.868418752789966
"Broadwater County","vap_oth_b","uss_18_dem_tes",0.496229613910598,0.195534602983035,0.131581247210034,0.865533340063273
"Broadwater County","vap_white","pre_20_rep_tru",0.811413920813783,0.0132576975999737,0.785550805497699,0.836968899442195
"Broadwater County","vap_white","pre_20_dem_bid",0.188586079186216,0.0132576975999737,0.163031100557805,0.2144491945023
"Broadwater County","vap_black","pre_20_rep_tru",0.498935161680455,0.206333686238113,0.104444111056083,0.878979297763502
"Broadwater County","vap_black","pre_20_dem_bid",0.501064838319545,0.206333686238113,0.121020702236498,0.895555888943917
"Broadwater County","vap_hisp","pre_20_rep_tru",0.507071051764112,0.199856490438148,0.137253280493722,0.887112175398306
"Broadwater County","vap_hisp","pre_20_dem_bid",0.492928948235888,0.199856490438148,0.112887824601694,0.862746719506278
"Broadwater County","vap_asian","pre_20_rep_tru",0.495087513863426,0.242893277375848,0.0587793381833747,0.926245882538205
"Broadwater County","vap_asian","pre_20_dem_bid",0.504912486136574,0.242893277375848,0.0737541174617946,0.941220661816625
"Broadwater County","vap_aian","pre_20_rep_tru",0.492230586581826,0.198348710315337,0.10956893982407,0.861262225178339
"Broadwater County","vap_aian","pre_20_dem_bid",0.507769413418174,0.198348710315337,0.138737774821661,0.89043106017593
"Broadwater County","vap_oth_b","pre_20_rep_tru",0.486875389222202,0.196835044707368,0.123440272198642,0.867912028926653
"Broadwater County","vap_oth_b","pre_20_dem_bid",0.513124610777798,0.196835044707368,0.132087971073347,0.876559727801358
"Broadwater County","vap_white","uss_20_rep_dai",0.772803988366934,0.0132166139517254,0.747305761549341,0.798590587048936
"Broadwater County","vap_white","uss_20_dem_bul",0.227196011633066,0.0132166139517254,0.201409412951064,0.252694238450659
"Broadwater County","vap_black","uss_20_rep_dai",0.498051962417216,0.206226342340882,0.11216028971355,0.883312987873087
"Broadwater County","vap_black","uss_20_dem_bul",0.501948037582784,0.206226342340882,0.116687012126913,0.88783971028645
"Broadwater County","vap_hisp","uss_20_rep_dai",0.500045359350112,0.195218173881779,0.138307239105319,0.87653882553568
"Broadwater County","vap_hisp","uss_20_dem_bul",0.499954640649888,0.195218173881779,0.123461174464319,0.861692760894681
"Broadwater County","vap_asian","uss_20_rep_dai",0.512385254091169,0.246763379033488,0.0672287201584968,0.939079038952854
"Broadwater County","vap_asian","uss_20_dem_bul",0.487614745908831,0.246763379033488,0.0609209610471465,0.932771279841503
"Broadwater County","vap_aian","uss_20_rep_dai",0.488158492537751,0.194486786546702,0.133608462106304,0.858841094674675
"Broadwater County","vap_aian","uss_20_dem_bul",0.511841507462249,0.194486786546702,0.141158905325325,0.866391537893695
"Broadwater County","vap_oth_b","uss_20_rep_dai",0.499237241521569,0.194342628478046,0.129739377470725,0.861870498723453
"Broadwater County","vap_oth_b","uss_20_dem_bul",0.500762758478431,0.194342628478046,0.138129501276546,0.870260622529275
"Broadwater County","vap_white","gov_20_rep_gia",0.783600919758846,0.0134324272906341,0.757917156709196,0.809624747696471
"Broadwater County","vap_white","gov_20_dem_coo",0.216399080241154,0.0134324272906341,0.190375252303529,0.242082843290804
"Broadwater County","vap_black","gov_20_rep_gia",0.482214748273842,0.220019814829677,0.0675726072983167,0.882228503439755
"Broadwater County","vap_black","gov_20_dem_coo",0.517785251726158,0.220019814829677,0.117771496560246,0.932427392701683
"Broadwater County","vap_hisp","gov_20_rep_gia",0.499936618633787,0.199684894763448,0.122964372149046,0.876951562947196
"Broadwater County","vap_hisp","gov_20_dem_coo",0.500063381366213,0.199684894763448,0.123048437052804,0.877035627850954
"Broadwater County","vap_asian","gov_20_rep_gia",0.509108934096494,0.242586788681981,0.0694315370741779,0.938181577326568
"Broadwater County","vap_asian","gov_20_dem_coo",0.490891065903507,0.242586788681981,0.0618184226734323,0.930568462925822
"Broadwater County","vap_aian","gov_20_rep_gia",0.501317360592339,0.194630003443185,0.131674171639164,0.865876557363621
"Broadwater County","vap_aian","gov_20_dem_coo",0.498682639407661,0.194630003443185,0.134123442636379,0.868325828360836
"Broadwater County","vap_oth_b","gov_20_rep_gia",0.497244556449505,0.192592426452346,0.127657371394347,0.86101234094187
"Broadwater County","vap_oth_b","gov_20_dem_coo",0.502755443550495,0.192592426452346,0.13898765905813,0.872342628605652
"Broadwater County","vap_white","atg_20_rep_knu",0.796060912438749,0.0129922030066783,0.770782076494771,0.820909043840915
"Broadwater County","vap_white","atg_20_dem_gra",0.203939087561251,0.0129922030066783,0.179090956159085,0.229217923505229
"Broadwater County","vap_black","atg_20_rep_knu",0.511962343225338,0.205173225507009,0.120000802683586,0.887106826928288
"Broadwater County","vap_black","atg_20_dem_gra",0.488037656774662,0.205173225507009,0.112893173071712,0.879999197316414
"Broadwater County","vap_hisp","atg_20_rep_knu",0.490763487412847,0.194361066500058,0.134907729431724,0.856511742636231
"Broadwater County","vap_hisp","atg_20_dem_gra",0.509236512587153,0.194361066500058,0.143488257363769,0.865092270568276
"Broadwater County","vap_asian","atg_20_rep_knu",0.50533880193702,0.250503174020476,0.0647565757062559,0.955833731757532
"Broadwater County","vap_asian","atg_20_dem_gra",0.49466119806298,0.250503174020476,0.0441662682424685,0.935243424293744
"Broadwater County","vap_aian","atg_20_rep_knu",0.495645505763189,0.192815404869,0.134333036549103,0.866979773287401
"Broadwater County","vap_aian","atg_20_dem_gra",0.504354494236812,0.192815404869,0.133020226712599,0.865666963450897
"Broadwater County","vap_oth_b","atg_20_rep_knu",0.488679602807965,0.190135068312849,0.12981093699636,0.851462256964087
"Broadwater County","vap_oth_b","atg_20_dem_gra",0.511320397192035,0.190135068312849,0.148537743035913,0.87018906300364
"Broadwater County","vap_white","sos_20_rep_jac",0.820580960116975,0.0128191659927194,0.795100906322532,0.84538170634841
"Broadwater County","vap_white","sos_20_dem_ben",0.179419039883025,0.0128191659927194,0.154618293651589,0.204899093677468
"Broadwater County","vap_black","sos_20_rep_jac",0.500618104379788,0.206896005470349,0.109025300054268,0.881977077012212
"Broadwater County","vap_black","sos_20_dem_ben",0.499381895620212,0.206896005470349,0.118022922987788,0.890974699945732
"Broadwater County","vap_hisp","sos_20_rep_jac",0.48959040848193,0.202160713746377,0.114480224638961,0.881335732305012
"Broadwater County","vap_hisp","sos_20_dem_ben",0.51040959151807,0.202160713746377,0.118664267694988,0.885519775361039
"Broadwater County","vap_asian","sos_20_rep_jac",0.502849769619249,0.241974316636996,0.0721189610793542,0.936779323248256
"Broadwater County","vap_asian","sos_20_dem_ben",0.497150230380751,0.241974316636996,0.063220676751744,0.927881038920646
"Broadwater County","vap_aian","sos_20_rep_jac",0.506960650404451,0.192714105742635,0.142939905977196,0.875575715944695
"Broadwater County","vap_aian","sos_20_dem_ben",0.493039349595549,0.192714105742635,0.124424284055305,0.857060094022804
"Broadwater County","vap_oth_b","sos_20_rep_jac",0.495243774319965,0.190293430330681,0.150636282456238,0.867783697699137
"Broadwater County","vap_oth_b","sos_20_dem_ben",0.504756225680035,0.190293430330681,0.132216302300863,0.849363717543762
"Carbon County","vap_white","pre_16_rep_tru",0.692577181715008,0.0110547834979002,0.67079989887186,0.713795442200151
"Carbon County","vap_white","pre_16_dem_cli",0.307422818284992,0.0110547834979002,0.286204557799849,0.32920010112814
"Carbon County","vap_black","pre_16_rep_tru",0.483829659233321,0.194514425776676,0.111414030508081,0.849100146279207
"Carbon County","vap_black","pre_16_dem_cli",0.516170340766679,0.194514425776676,0.150899853720793,0.888585969491919
"Carbon County","vap_hisp","pre_16_rep_tru",0.483839921026752,0.190326842183647,0.129961373687506,0.856168087850033
"Carbon County","vap_hisp","pre_16_dem_cli",0.516160078973248,0.190326842183647,0.143831912149966,0.870038626312494
"Carbon County","vap_asian","pre_16_rep_tru",0.519250146094773,0.20481164122475,0.127871439784901,0.884011902392248
"Carbon County","vap_asian","pre_16_dem_cli",0.480749853905227,0.20481164122475,0.115988097607752,0.872128560215099
"Carbon County","vap_aian","pre_16_rep_tru",0.505823147921202,0.186647960043865,0.15570482907695,0.869522737048498
"Carbon County","vap_aian","pre_16_dem_cli",0.494176852078798,0.186647960043865,0.130477262951502,0.84429517092305
"Carbon County","vap_oth_b","pre_16_rep_tru",0.490017654846363,0.178621463303814,0.161273102629891,0.833891467939777
"Carbon County","vap_oth_b","pre_16_dem_cli",0.509982345153637,0.178621463303814,0.166108532060223,0.838726897370108
"Carbon County","vap_white","gov_16_rep_gia",0.535302406685251,0.0116516406635405,0.512710704423363,0.557931509232647
"Carbon County","vap_white","gov_16_dem_bul",0.464697593314749,0.0116516406635405,0.442068490767353,0.487289295576637
"Carbon County","vap_black","gov_16_rep_gia",0.488837943348983,0.191296672696912,0.125581718389757,0.863114400932322
"Carbon County","vap_black","gov_16_dem_bul",0.511162056651017,0.191296672696912,0.136885599067678,0.874418281610243
"Carbon County","vap_hisp","gov_16_rep_gia",0.49401620878377,0.178583030050236,0.148572543324668,0.824374900900195
"Carbon County","vap_hisp","gov_16_dem_bul",0.50598379121623,0.178583030050236,0.175625099099805,0.851427456675332
"Carbon County","vap_asian","gov_16_rep_gia",0.494951201477725,0.208734113285489,0.118936704666214,0.883031920784117
"Carbon County","vap_asian","gov_16_dem_bul",0.505048798522275,0.208734113285489,0.116968079215883,0.881063295333786
"Carbon County","vap_aian","gov_16_rep_gia",0.49185678408591,0.189203811965061,0.144991205306746,0.859687349790572
"Carbon County","vap_aian","gov_16_dem_bul",0.50814321591409,0.189203811965061,0.140312650209428,0.855008794693254
"Carbon County","vap_oth_b","gov_16_rep_gia",0.498111856697507,0.175711829213207,0.168532310409742,0.831309200454628
"Carbon County","vap_oth_b","gov_16_dem_bul",0.501888143302493,0.175711829213207,0.168690799545372,0.831467689590258
"Carbon County","vap_white","atg_16_rep_fox",0.751088334306368,0.0108089414415834,0.730081080469434,0.771812153082488
"Carbon County","vap_white","atg_16_dem_jen",0.248911665693631,0.0108089414415834,0.228187846917511,0.269918919530566
"Carbon County","vap_black","atg_16_rep_fox",0.502585652475612,0.189942635175593,0.145618014647631,0.865722434479264
"Carbon County","vap_black","atg_16_dem_jen",0.497414347524388,0.189942635175593,0.134277565520736,0.854381985352369
"Carbon County","vap_hisp","atg_16_rep_fox",0.491723117879711,0.178377573007778,0.162712680447043,0.831962692728575
"Carbon County","vap_hisp","atg_16_dem_jen",0.508276882120289,0.178377573007778,0.168037307271425,0.837287319552957
"Carbon County","vap_asian","atg_16_rep_fox",0.486669219072656,0.204996606732435,0.107857949203427,0.873247133086484
"Carbon County","vap_asian","atg_16_dem_jen",0.513330780927344,0.204996606732435,0.126752866913516,0.892142050796573
"Carbon County","vap_aian","atg_16_rep_fox",0.478537929867103,0.178737345299518,0.136415121680663,0.806904056832888
"Carbon County","vap_aian","atg_16_dem_jen",0.521462070132897,0.178737345299518,0.193095943167112,0.863584878319336
"Carbon County","vap_oth_b","atg_16_rep_fox",0.503379674127022,0.174305067869843,0.168494856528588,0.825540068858212
"Carbon County","vap_oth_b","atg_16_dem_jen",0.496620325872978,0.174305067869843,0.174459931141788,0.831505143471412
"Carbon County","vap_white","sos_16_rep_sta",0.660686615379426,0.0117470664791572,0.637673344568338,0.683506586763894
"Carbon County","vap_white","sos_16_dem_lin",0.339313384620574,0.0117470664791572,0.316493413236106,0.362326655431662
"Carbon County","vap_black","sos_16_rep_sta",0.484260888291223,0.197023633177575,0.12521293048867,0.859202783578739
"Carbon County","vap_black","sos_16_dem_lin",0.515739111708777,0.197023633177575,0.140797216421261,0.87478706951133
"Carbon County","vap_hisp","sos_16_rep_sta",0.494239261348557,0.172537242553295,0.172243680568057,0.824647111913779
"Carbon County","vap_hisp","sos_16_dem_lin",0.505760738651443,0.172537242553295,0.175352888086221,0.827756319431942
"Carbon County","vap_asian","sos_16_rep_sta",0.504516521147931,0.209387977744555,0.106634459798114,0.885349526340421
"Carbon County","vap_asian","sos_16_dem_lin",0.495483478852069,0.209387977744555,0.114650473659579,0.893365540201886
"Carbon County","vap_aian","sos_16_rep_sta",0.498053993759896,0.181100649008727,0.163789200484901,0.848132331295257
"Carbon County","vap_aian","sos_16_dem_lin",0.501946006240104,0.181100649008727,0.151867668704743,0.836210799515099
"Carbon County","vap_oth_b","sos_16_rep_sta",0.492760927969864,0.182968499543153,0.164952611824014,0.848401064089155
"Carbon County","vap_oth_b","sos_16_dem_lin",0.507239072030136,0.182968499543153,0.151598935910845,0.835047388175986
"Carbon County","vap_white","uss_18_rep_ros",0.557828573631332,0.0113439981819994,0.535261144997896,0.579395913803637
"Carbon County","vap_white","uss_18_dem_tes",0.442171426368668,0.0113439981819994,0.420604086196363,0.464738855002104
"Carbon County","vap_black","uss_18_rep_ros",0.489219915956857,0.191830568753293,0.133785274948241,0.855804543331561
"Carbon County","vap_black","uss_18_dem_tes",0.510780084043143,0.191830568753293,0.144195456668439,0.866214725051759
"Carbon County","vap_hisp","uss_18_rep_ros",0.476799900787766,0.176609414896802,0.163622963613766,0.832692414701037
"Carbon County","vap_hisp","uss_18_dem_tes",0.523200099212234,0.176609414896802,0.167307585298963,0.836377036386235
"Carbon County","vap_asian","uss_18_rep_ros",0.501945149573063,0.205583761597976,0.122405933326375,0.883871697780253
"Carbon County","vap_asian","uss_18_dem_tes",0.498054850426937,0.205583761597976,0.116128302219747,0.877594066673625
"Carbon County","vap_aian","uss_18_rep_ros",0.478165185783358,0.179737171965324,0.147672606099602,0.812331736543889
"Carbon County","vap_aian","uss_18_dem_tes",0.521834814216642,0.179737171965324,0.187668263456111,0.852327393900398
"Carbon County","vap_oth_b","uss_18_rep_ros",0.484548734298973,0.174432951772636,0.160805273016635,0.827514828023466
"Carbon County","vap_oth_b","uss_18_dem_tes",0.515451265701027,0.174432951772636,0.172485171976534,0.839194726983365
"Carbon County","vap_white","pre_20_rep_tru",0.671517581063588,0.01070918485054,0.649750073113781,0.691807915339705
"Carbon County","vap_white","pre_20_dem_bid",0.328482418936412,0.01070918485054,0.308192084660295,0.350249926886219
"Carbon County","vap_black","pre_20_rep_tru",0.488022121124593,0.193476238347325,0.129243588793454,0.855873902203873
"Carbon County","vap_black","pre_20_dem_bid",0.511977878875407,0.193476238347325,0.144126097796127,0.870756411206546
"Carbon County","vap_hisp","pre_20_rep_tru",0.487107641932983,0.18582054820866,0.13380040680088,0.84805639433668
"Carbon County","vap_hisp","pre_20_dem_bid",0.512892358067017,0.18582054820866,0.15194360566332,0.86619959319912
"Carbon County","vap_asian","pre_20_rep_tru",0.489342578967482,0.201903282637187,0.125655853791842,0.873127531977198
"Carbon County","vap_asian","pre_20_dem_bid",0.510657421032518,0.201903282637187,0.126872468022802,0.874344146208158
"Carbon County","vap_aian","pre_20_rep_tru",0.47610067991871,0.185336724996262,0.130953700654062,0.825825871236774
"Carbon County","vap_aian","pre_20_dem_bid",0.52389932008129,0.185336724996262,0.174174128763226,0.869046299345938
"Carbon County","vap_oth_b","pre_20_rep_tru",0.474634188515772,0.169564034565627,0.165441946681533,0.810852761148418
"Carbon County","vap_oth_b","pre_20_dem_bid",0.525365811484228,0.169564034565627,0.189147238851582,0.834558053318466
"Carbon County","vap_white","uss_20_rep_dai",0.646655274789931,0.0105643223901471,0.625998501730103,0.667261074161637
"Carbon County","vap_white","uss_20_dem_bul",0.353344725210069,0.0105643223901471,0.332738925838363,0.374001498269897
"Carbon County","vap_black","uss_20_rep_dai",0.48813399516469,0.1915096836695,0.128271946500767,0.861496917554617
"Carbon County","vap_black","uss_20_dem_bul",0.51186600483531,0.1915096836695,0.138503082445383,0.871728053499233
"Carbon County","vap_hisp","uss_20_rep_dai",0.489498845997882,0.17977885421727,0.154743883464723,0.83198661155061
"Carbon County","vap_hisp","uss_20_dem_bul",0.510501154002118,0.17977885421727,0.168013388449389,0.845256116535277
"Carbon County","vap_asian","uss_20_rep_dai",0.488752987067417,0.206396391381779,0.110955752346235,0.867264590074943
"Carbon County","vap_asian","uss_20_dem_bul",0.511247012932583,0.206396391381779,0.132735409925057,0.889044247653765
"Carbon County","vap_aian","uss_20_rep_dai",0.494366504769145,0.18467119089581,0.155107225028782,0.852979738050451
"Carbon County","vap_aian","uss_20_dem_bul",0.505633495230855,0.18467119089581,0.147020261949549,0.844892774971219
"Carbon County","vap_oth_b","uss_20_rep_dai",0.502507069608098,0.174937431243762,0.171929767819354,0.838448035710909
"Carbon County","vap_oth_b","uss_20_dem_bul",0.497492930391902,0.174937431243762,0.161551964289091,0.828070232180646
"Carbon County","vap_white","gov_20_rep_gia",0.653953298087027,0.0110588974105408,0.632284822875016,0.675355291499082
"Carbon County","vap_white","gov_20_dem_coo",0.346046701912973,0.0110588974105408,0.324644708500917,0.367715177124984
"Carbon County","vap_black","gov_20_rep_gia",0.510993734498086,0.186289894033507,0.156823022944286,0.860445428830134
"Carbon County","vap_black","gov_20_dem_coo",0.489006265501914,0.186289894033507,0.139554571169866,0.843176977055714
"Carbon County","vap_hisp","gov_20_rep_gia",0.494359753541468,0.177904258990682,0.162900029429878,0.835621542278597
"Carbon County","vap_hisp","gov_20_dem_coo",0.505640246458532,0.177904258990682,0.164378457721403,0.837099970570122
"Carbon County","vap_asian","gov_20_rep_gia",0.47705890173716,0.212188588239977,0.0877338317668321,0.875314148240125
"Carbon County","vap_asian","gov_20_dem_coo",0.52294109826284,0.212188588239977,0.124685851759875,0.912266168233168
"Carbon County","vap_aian","gov_20_rep_gia",0.48957144178652,0.176843827678371,0.153869449620396,0.836535436108879
"Carbon County","vap_aian","gov_20_dem_coo",0.51042855821348,0.176843827678371,0.163464563891121,0.846130550379604
"Carbon County","vap_oth_b","gov_20_rep_gia",0.48553682176327,0.182127462992086,0.159196418916064,0.846093114453154
"Carbon County","vap_oth_b","gov_20_dem_coo",0.514463178236729,0.182127462992086,0.153906885546846,0.840803581083936
"Carbon County","vap_white","atg_20_rep_knu",0.678009570780161,0.0109498006617239,0.656531994806789,0.698362160834523
"Carbon County","vap_white","atg_20_dem_gra",0.321990429219839,0.0109498006617239,0.301637839165477,0.343468005193211
"Carbon County","vap_black","atg_20_rep_knu",0.497105280407687,0.188635184230507,0.139368404644344,0.853644903779981
"Carbon County","vap_black","atg_20_dem_gra",0.502894719592313,0.188635184230507,0.146355096220019,0.860631595355656
"Carbon County","vap_hisp","atg_20_rep_knu",0.495710306872311,0.179804353556182,0.156018476705432,0.835268260592538
"Carbon County","vap_hisp","atg_20_dem_gra",0.504289693127689,0.179804353556182,0.164731739407462,0.843981523294568
"Carbon County","vap_asian","atg_20_rep_knu",0.497883480262532,0.210256631792188,0.112054562420629,0.893545075606045
"Carbon County","vap_asian","atg_20_dem_gra",0.502116519737468,0.210256631792188,0.106454924393955,0.887945437579371
"Carbon County","vap_aian","atg_20_rep_knu",0.491138647326228,0.182236624565686,0.154308303251137,0.82769404472307
"Carbon County","vap_aian","atg_20_dem_gra",0.508861352673772,0.182236624565686,0.17230595527693,0.845691696748863
"Carbon County","vap_oth_b","atg_20_rep_knu",0.471362566637431,0.18007719018301,0.154189581950344,0.815148140462436
"Carbon County","vap_oth_b","atg_20_dem_gra",0.528637433362569,0.18007719018301,0.184851859537564,0.845810418049656
"Carbon County","vap_white","sos_20_rep_jac",0.682749683484226,0.0108791117855563,0.661536197799977,0.703603057151513
"Carbon County","vap_white","sos_20_dem_ben",0.317250316515774,0.0108791117855563,0.296396942848487,0.338463802200023
"Carbon County","vap_black","sos_20_rep_jac",0.489951095392816,0.188158748604798,0.13996176215828,0.852970031075102
"Carbon County","vap_black","sos_20_dem_ben",0.510048904607184,0.188158748604798,0.147029968924898,0.86003823784172
"Carbon County","vap_hisp","sos_20_rep_jac",0.500977720628606,0.183266683271232,0.164164220786226,0.850576135284015
"Carbon County","vap_hisp","sos_20_dem_ben",0.499022279371394,0.183266683271232,0.149423864715985,0.835835779213774
"Carbon County","vap_asian","sos_20_rep_jac",0.485342228651192,0.202045994182279,0.122771685852083,0.866828659030476
"Carbon County","vap_asian","sos_20_dem_ben",0.514657771348808,0.202045994182279,0.133171340969524,0.877228314147917
"Carbon County","vap_aian","sos_20_rep_jac",0.506655066034795,0.187439715848043,0.153383555834265,0.869665309696708
"Carbon County","vap_aian","sos_20_dem_ben",0.493344933965205,0.187439715848043,0.130334690303292,0.846616444165735
"Carbon County","vap_oth_b","sos_20_rep_jac",0.489725549429153,0.176481941049516,0.153105836273621,0.823410423086951
"Carbon County","vap_oth_b","sos_20_dem_ben",0.510274450570847,0.176481941049516,0.176589576913049,0.846894163726379
"Carter County","vap_white","pre_16_rep_tru",0.929019659501577,0.0142982950626402,0.899032225335649,0.954776802405723
"Carter County","vap_white","pre_16_dem_cli",0.0709803404984234,0.0142982950626402,0.0452231975942773,0.100967774664351
"Carter County","vap_black","pre_16_rep_tru",NA,NA,NA,NA
"Carter County","vap_black","pre_16_dem_cli",NA,NA,NA,NA
"Carter County","vap_hisp","pre_16_rep_tru",0.493916496051465,0.20368142828939,0.114739328396148,0.878450499237632
"Carter County","vap_hisp","pre_16_dem_cli",0.506083503948535,0.20368142828939,0.121549500762368,0.885260671603852
"Carter County","vap_asian","pre_16_rep_tru",NA,NA,NA,NA
"Carter County","vap_asian","pre_16_dem_cli",NA,NA,NA,NA
"Carter County","vap_aian","pre_16_rep_tru",0.489549776583048,0.234978695791688,0.0487252004045382,0.91510160405666
"Carter County","vap_aian","pre_16_dem_cli",0.510450223416952,0.234978695791688,0.0848983959433404,0.951274799595462
"Carter County","vap_oth_b","pre_16_rep_tru",0.492508917432417,0.201416262188203,0.119867353382782,0.878068688415755
"Carter County","vap_oth_b","pre_16_dem_cli",0.507491082567583,0.201416262188203,0.121931311584244,0.880132646617218
"Carter County","vap_white","gov_16_rep_gia",0.851001815668801,0.0185608083489704,0.812894373335637,0.885978241740411
"Carter County","vap_white","gov_16_dem_bul",0.148998184331199,0.0185608083489704,0.114021758259589,0.187105626664363
"Carter County","vap_black","gov_16_rep_gia",NA,NA,NA,NA
"Carter County","vap_black","gov_16_dem_bul",NA,NA,NA,NA
"Carter County","vap_hisp","gov_16_rep_gia",0.492376140313254,0.202070646761438,0.104775388737941,0.873158969406932
"Carter County","vap_hisp","gov_16_dem_bul",0.507623859686746,0.202070646761438,0.126841030593067,0.895224611262059
"Carter County","vap_asian","gov_16_rep_gia",NA,NA,NA,NA
"Carter County","vap_asian","gov_16_dem_bul",NA,NA,NA,NA
"Carter County","vap_aian","gov_16_rep_gia",0.50159188240864,0.237628929001478,0.0813215644484221,0.942741653165531
"Carter County","vap_aian","gov_16_dem_bul",0.49840811759136,0.237628929001478,0.0572583468344684,0.918678435551578
"Carter County","vap_oth_b","gov_16_rep_gia",0.494377941834891,0.204914360775229,0.115727959737476,0.879349847934014
"Carter County","vap_oth_b","gov_16_dem_bul",0.505622058165109,0.204914360775229,0.120650152065985,0.884272040262524
"Carter County","vap_white","atg_16_rep_fox",0.937836713001063,0.012251168985142,0.912498496106748,0.959924602893292
"Carter County","vap_white","atg_16_dem_jen",0.0621632869989366,0.012251168985142,0.0400753971067079,0.0875015038932525
"Carter County","vap_black","atg_16_rep_fox",NA,NA,NA,NA
"Carter County","vap_black","atg_16_dem_jen",NA,NA,NA,NA
"Carter County","vap_hisp","atg_16_rep_fox",0.512146062993068,0.2051378805408,0.125731197935997,0.897256041286483
"Carter County","vap_hisp","atg_16_dem_jen",0.487853937006932,0.2051378805408,0.102743958713517,0.874268802064002
"Carter County","vap_asian","atg_16_rep_fox",NA,NA,NA,NA
"Carter County","vap_asian","atg_16_dem_jen",NA,NA,NA,NA
"Carter County","vap_aian","atg_16_rep_fox",0.490858585403795,0.241290247018083,0.0507715972266886,0.928757301028979
"Carter County","vap_aian","atg_16_dem_jen",0.509141414596205,0.241290247018083,0.0712426989710206,0.949228402773311
"Carter County","vap_oth_b","atg_16_rep_fox",0.539311883945688,0.189053470228749,0.155517286172212,0.881530051350001
"Carter County","vap_oth_b","atg_16_dem_jen",0.460688116054312,0.189053470228749,0.118469948649999,0.844482713827788
"Carter County","vap_white","sos_16_rep_sta",0.878069449977656,0.0162309360372098,0.844635006250519,0.908164660926994
"Carter County","vap_white","sos_16_dem_lin",0.121930550022344,0.0162309360372098,0.0918353390730056,0.155364993749481
"Carter County","vap_black","sos_16_rep_sta",NA,NA,NA,NA
"Carter County","vap_black","sos_16_dem_lin",NA,NA,NA,NA
"Carter County","vap_hisp","sos_16_rep_sta",0.501819839796523,0.19926417444846,0.122134010561047,0.87477307707538
"Carter County","vap_hisp","sos_16_dem_lin",0.498180160203476,0.19926417444846,0.12522692292462,0.877865989438952
"Carter County","vap_asian","sos_16_rep_sta",NA,NA,NA,NA
"Carter County","vap_asian","sos_16_dem_lin",NA,NA,NA,NA
"Carter County","vap_aian","sos_16_rep_sta",0.494546713637406,0.239016428176551,0.0586575734676627,0.92554865792426
"Carter County","vap_aian","sos_16_dem_lin",0.505453286362594,0.239016428176551,0.07445134207574,0.941342426532337
"Carter County","vap_oth_b","sos_16_rep_sta",0.51650447174936,0.202447467310974,0.127843228420903,0.891712769462921
"Carter County","vap_oth_b","sos_16_dem_lin",0.48349552825064,0.202447467310974,0.108287230537079,0.872156771579097
"Carter County","vap_white","uss_18_rep_ros",0.847408552824078,0.0184947852678541,0.80977836925668,0.882160987007507
"Carter County","vap_white","uss_18_dem_tes",0.152591447175922,0.0184947852678541,0.117839012992493,0.19022163074332
"Carter County","vap_black","uss_18_rep_ros",NA,NA,NA,NA
"Carter County","vap_black","uss_18_dem_tes",NA,NA,NA,NA
"Carter County","vap_hisp","uss_18_rep_ros",0.502909131427111,0.205305650230057,0.113029168488232,0.889859944419859
"Carter County","vap_hisp","uss_18_dem_tes",0.497090868572889,0.205305650230057,0.110140055580141,0.886970831511768
"Carter County","vap_asian","uss_18_rep_ros",NA,NA,NA,NA
"Carter County","vap_asian","uss_18_dem_tes",NA,NA,NA,NA
"Carter County","vap_aian","uss_18_rep_ros",0.486699355153491,0.236072750446261,0.0531347902212781,0.920742285274527
"Carter County","vap_aian","uss_18_dem_tes",0.513300644846509,0.236072750446261,0.0792577147254725,0.946865209778722
"Carter County","vap_oth_b","uss_18_rep_ros",0.501573889541324,0.208854015902392,0.112064079980388,0.892586096866658
"Carter County","vap_oth_b","uss_18_dem_tes",0.498426110458676,0.208854015902392,0.107413903133342,0.887935920019612
"Carter County","vap_white","pre_20_rep_tru",0.926526687497413,0.0145617555789233,0.896482312164675,0.95273293962464
"Carter County","vap_white","pre_20_dem_bid",0.073473312502587,0.0145617555789233,0.0472670603753607,0.103517687835325
"Carter County","vap_black","pre_20_rep_tru",NA,NA,NA,NA
"Carter County","vap_black","pre_20_dem_bid",NA,NA,NA,NA
"Carter County","vap_hisp","pre_20_rep_tru",0.498832308511593,0.204342150396557,0.116854673208902,0.882887976210284
"Carter County","vap_hisp","pre_20_dem_bid",0.501167691488407,0.204342150396557,0.117112023789716,0.883145326791098
"Carter County","vap_asian","pre_20_rep_tru",NA,NA,NA,NA
"Carter County","vap_asian","pre_20_dem_bid",NA,NA,NA,NA
"Carter County","vap_aian","pre_20_rep_tru",0.485923963743393,0.232117812337767,0.0689814826124388,0.913811964945362
"Carter County","vap_aian","pre_20_dem_bid",0.514076036256607,0.232117812337767,0.0861880350546383,0.931018517387561
"Carter County","vap_oth_b","pre_20_rep_tru",0.465124598209003,0.201368382419584,0.108244128802721,0.857547781816515
"Carter County","vap_oth_b","pre_20_dem_bid",0.534875401790997,0.201368382419584,0.142452218183485,0.89175587119728
"Carter County","vap_white","uss_20_rep_dai",0.913097418855341,0.0147740977962956,0.882926077219775,0.940560979533423
"Carter County","vap_white","uss_20_dem_bul",0.0869025811446593,0.0147740977962956,0.059439020466577,0.117073922780225
"Carter County","vap_black","uss_20_rep_dai",NA,NA,NA,NA
"Carter County","vap_black","uss_20_dem_bul",NA,NA,NA,NA
"Carter County","vap_hisp","uss_20_rep_dai",0.488419084944776,0.202517523792444,0.109804737606165,0.877793051729674
"Carter County","vap_hisp","uss_20_dem_bul",0.511580915055224,0.202517523792444,0.122206948270326,0.890195262393835
"Carter County","vap_asian","uss_20_rep_dai",NA,NA,NA,NA
"Carter County","vap_asian","uss_20_dem_bul",NA,NA,NA,NA
"Carter County","vap_aian","uss_20_rep_dai",0.492307417819626,0.232330679717041,0.0696754552034369,0.929874579074549
"Carter County","vap_aian","uss_20_dem_bul",0.507692582180374,0.232330679717041,0.0701254209254505,0.930324544796563
"Carter County","vap_oth_b","uss_20_rep_dai",0.469288599930521,0.202888566020678,0.102909449985052,0.862996798398615
"Carter County","vap_oth_b","uss_20_dem_bul",0.530711400069479,0.202888566020678,0.137003201601385,0.897090550014948
"Carter County","vap_white","gov_20_rep_gia",0.903204790235802,0.0159345165313002,0.870972963134258,0.932869539389916
"Carter County","vap_white","gov_20_dem_coo",0.0967952097641975,0.0159345165313002,0.0671304606100842,0.129027036865742
"Carter County","vap_black","gov_20_rep_gia",NA,NA,NA,NA
"Carter County","vap_black","gov_20_dem_coo",NA,NA,NA,NA
"Carter County","vap_hisp","gov_20_rep_gia",0.494370072532287,0.201283507328932,0.122163216836239,0.87681946251257
"Carter County","vap_hisp","gov_20_dem_coo",0.505629927467713,0.201283507328932,0.12318053748743,0.877836783163761
"Carter County","vap_asian","gov_20_rep_gia",NA,NA,NA,NA
"Carter County","vap_asian","gov_20_dem_coo",NA,NA,NA,NA
"Carter County","vap_aian","gov_20_rep_gia",0.661756528382205,0.28863897545911,0.110623662321341,0.999997117383644
"Carter County","vap_aian","gov_20_dem_coo",0.338243471617795,0.28863897545911,2.88261635553822e-06,0.889376337678659
"Carter County","vap_oth_b","gov_20_rep_gia",0.483786842301495,0.204210657365621,0.112327721832447,0.877272972909599
"Carter County","vap_oth_b","gov_20_dem_coo",0.516213157698505,0.204210657365621,0.122727027090401,0.887672278167553
"Carter County","vap_white","atg_20_rep_knu",0.932277125761526,0.0129984887324931,0.905064010976701,0.956106858842394
"Carter County","vap_white","atg_20_dem_gra",0.0677228742384734,0.0129984887324931,0.0438931411576056,0.0949359890232992
"Carter County","vap_black","atg_20_rep_knu",NA,NA,NA,NA
"Carter County","vap_black","atg_20_dem_gra",NA,NA,NA,NA
"Carter County","vap_hisp","atg_20_rep_knu",0.498801608674564,0.202517243805586,0.124474855013257,0.881583417366383
"Carter County","vap_hisp","atg_20_dem_gra",0.501198391325436,0.202517243805586,0.118416582633617,0.875525144986743
"Carter County","vap_asian","atg_20_rep_knu",NA,NA,NA,NA
"Carter County","vap_asian","atg_20_dem_gra",NA,NA,NA,NA
"Carter County","vap_aian","atg_20_rep_knu",0.480422027880903,0.235047041232661,0.0586636890801656,0.913776794590938
"Carter County","vap_aian","atg_20_dem_gra",0.519577972119097,0.235047041232661,0.0862232054090618,0.941336310919834
"Carter County","vap_oth_b","atg_20_rep_knu",0.505097506059752,0.19791872588046,0.131125888443159,0.881104311213518
"Carter County","vap_oth_b","atg_20_dem_gra",0.494902493940248,0.19791872588046,0.118895688786482,0.868874111556841
"Carter County","vap_white","sos_20_rep_jac",0.928100159906934,0.0148954112836942,0.89833569067329,0.955827328578582
"Carter County","vap_white","sos_20_dem_ben",0.0718998400930656,0.0148954112836942,0.0441726714214181,0.10166430932671
"Carter County","vap_black","sos_20_rep_jac",NA,NA,NA,NA
"Carter County","vap_black","sos_20_dem_ben",NA,NA,NA,NA
"Carter County","vap_hisp","sos_20_rep_jac",0.497133739893673,0.198544716404634,0.127699614154538,0.880530143181682
"Carter County","vap_hisp","sos_20_dem_ben",0.502866260106327,0.198544716404634,0.119469856818318,0.872300385845462
"Carter County","vap_asian","sos_20_rep_jac",NA,NA,NA,NA
"Carter County","vap_asian","sos_20_dem_ben",NA,NA,NA,NA
"Carter County","vap_aian","sos_20_rep_jac",0.50053963450623,0.234468499729003,0.0765662994246806,0.927847903699257
"Carter County","vap_aian","sos_20_dem_ben",0.49946036549377,0.234468499729003,0.0721520963007432,0.923433700575319
"Carter County","vap_oth_b","sos_20_rep_jac",0.457871483212423,0.209116386491654,0.0900655074369266,0.860497274064676
"Carter County","vap_oth_b","sos_20_dem_ben",0.542128516787577,0.209116386491654,0.139502725935324,0.909934492563074
"Cascade County","vap_white","pre_16_rep_tru",0.703222537743051,0.0153146993897548,0.673516057006247,0.733456247602506
"Cascade County","vap_white","pre_16_dem_cli",0.296777462256949,0.0153146993897548,0.266543752397494,0.326483942993753
"Cascade County","vap_black","pre_16_rep_tru",0.491423300840831,0.178937379194102,0.157805429000455,0.818984196665512
"Cascade County","vap_black","pre_16_dem_cli",0.508576699159168,0.178937379194102,0.181015803334488,0.842194570999544
"Cascade County","vap_hisp","pre_16_rep_tru",0.504730482448482,0.180527736432068,0.167811606831365,0.852239002323144
"Cascade County","vap_hisp","pre_16_dem_cli",0.495269517551518,0.180527736432068,0.147760997676856,0.832188393168635
"Cascade County","vap_asian","pre_16_rep_tru",0.50183411201619,0.179153141028985,0.18319369926276,0.857137481271212
"Cascade County","vap_asian","pre_16_dem_cli",0.49816588798381,0.179153141028985,0.142862518728788,0.81680630073724
"Cascade County","vap_aian","pre_16_rep_tru",0.41695416129164,0.175133617353069,0.0937625123016888,0.765613200872579
"Cascade County","vap_aian","pre_16_dem_cli",0.583045838708361,0.175133617353069,0.234386799127421,0.906237487698311
"Cascade County","vap_oth_b","pre_16_rep_tru",0.472217808426224,0.163095378810458,0.177869934895031,0.786814566710342
"Cascade County","vap_oth_b","pre_16_dem_cli",0.527782191573776,0.163095378810458,0.213185433289658,0.82213006510497
"Cascade County","vap_white","gov_16_rep_gia",0.503877621387988,0.0158069596149842,0.470922040921624,0.532805329275073
"Cascade County","vap_white","gov_16_dem_bul",0.496122378612012,0.0158069596149842,0.467194670724927,0.529077959078377
"Cascade County","vap_black","gov_16_rep_gia",0.507901080752176,0.187914215434046,0.165956371170506,0.868217778056748
"Cascade County","vap_black","gov_16_dem_bul",0.492098919247825,0.187914215434046,0.131782221943252,0.834043628829494
"Cascade County","vap_hisp","gov_16_rep_gia",0.512663908071515,0.168699717226829,0.183931836373633,0.825083588786024
"Cascade County","vap_hisp","gov_16_dem_bul",0.487336091928485,0.168699717226829,0.174916411213975,0.816068163626367
"Cascade County","vap_asian","gov_16_rep_gia",0.501849130626903,0.177002803793526,0.182733846846292,0.84678831121152
"Cascade County","vap_asian","gov_16_dem_bul",0.498150869373097,0.177002803793526,0.15321168878848,0.817266153153708
"Cascade County","vap_aian","gov_16_rep_gia",0.40952873821773,0.189225177189521,0.0671385253309475,0.778670376344431
"Cascade County","vap_aian","gov_16_dem_bul",0.59047126178227,0.189225177189521,0.221329623655569,0.932861474669053
"Cascade County","vap_oth_b","gov_16_rep_gia",0.489012983886212,0.17027337000188,0.190640588150898,0.834594110045586
"Cascade County","vap_oth_b","gov_16_dem_bul",0.510987016113788,0.17027337000188,0.165405889954414,0.809359411849102
"Cascade County","vap_white","atg_16_rep_fox",0.785259986925174,0.0141213833488193,0.756866669210312,0.812126457031407
"Cascade County","vap_white","atg_16_dem_jen",0.214740013074826,0.0141213833488193,0.187873542968593,0.243133330789688
"Cascade County","vap_black","atg_16_rep_fox",0.526201369848776,0.190516202783179,0.153086873575648,0.859318860937637
"Cascade County","vap_black","atg_16_dem_jen",0.473798630151224,0.190516202783179,0.140681139062363,0.846913126424352
"Cascade County","vap_hisp","atg_16_rep_fox",0.501734250663278,0.159443600655137,0.196095270919348,0.800219705117393
"Cascade County","vap_hisp","atg_16_dem_jen",0.498265749336722,0.159443600655137,0.199780294882607,0.803904729080651
"Cascade County","vap_asian","atg_16_rep_fox",0.498532128038772,0.168050871586198,0.168379502977389,0.807841434799602
"Cascade County","vap_asian","atg_16_dem_jen",0.501467871961228,0.168050871586198,0.192158565200398,0.83162049702261
"Cascade County","vap_aian","atg_16_rep_fox",0.431792557144619,0.173190463793783,0.110831841288453,0.767461073135981
"Cascade County","vap_aian","atg_16_dem_jen",0.568207442855381,0.173190463793783,0.232538926864019,0.889168158711546
"Cascade County","vap_oth_b","atg_16_rep_fox",0.46356464202012,0.176188717232821,0.150425565040609,0.800758509938478
"Cascade County","vap_oth_b","atg_16_dem_jen",0.53643535797988,0.176188717232821,0.199241490061522,0.849574434959391
"Cascade County","vap_white","sos_16_rep_sta",0.660229845284021,0.0152515263176401,0.630685080303506,0.689437442304949
"Cascade County","vap_white","sos_16_dem_lin",0.339770154715979,0.0152515263176401,0.310562557695052,0.369314919696494
"Cascade County","vap_black","sos_16_rep_sta",0.520506396123335,0.193209210145238,0.149054766082589,0.873335243641011
"Cascade County","vap_black","sos_16_dem_lin",0.479493603876665,0.193209210145238,0.126664756358988,0.850945233917411
"Cascade County","vap_hisp","sos_16_rep_sta",0.51520750138908,0.162297855206582,0.205351356458801,0.855367798565159
"Cascade County","vap_hisp","sos_16_dem_lin",0.48479249861092,0.162297855206582,0.144632201434841,0.794648643541198
"Cascade County","vap_asian","sos_16_rep_sta",0.500942816771493,0.178839711736882,0.176272308425894,0.830669780101689
"Cascade County","vap_asian","sos_16_dem_lin",0.499057183228507,0.178839711736882,0.16933021989831,0.823727691574106
"Cascade County","vap_aian","sos_16_rep_sta",0.433416695703703,0.168142497863748,0.137468593903559,0.77301533599406
"Cascade County","vap_aian","sos_16_dem_lin",0.566583304296297,0.168142497863748,0.22698466400594,0.862531406096441
"Cascade County","vap_oth_b","sos_16_rep_sta",0.43908745136633,0.174393706770136,0.149677338459038,0.800962662978406
"Cascade County","vap_oth_b","sos_16_dem_lin",0.56091254863367,0.174393706770136,0.199037337021594,0.850322661540962
"Cascade County","vap_white","uss_18_rep_ros",0.528738795314441,0.0155674802383832,0.497383311488185,0.558079618983871
"Cascade County","vap_white","uss_18_dem_tes",0.471261204685559,0.0155674802383832,0.441920381016129,0.502616688511815
"Cascade County","vap_black","uss_18_rep_ros",0.486389541973786,0.187491059839635,0.150324808661196,0.843813395206836
"Cascade County","vap_black","uss_18_dem_tes",0.513610458026214,0.187491059839635,0.156186604793164,0.849675191338804
"Cascade County","vap_hisp","uss_18_rep_ros",0.493577457595484,0.187308165861476,0.166255294389143,0.86067371818238
"Cascade County","vap_hisp","uss_18_dem_tes",0.506422542404516,0.187308165861476,0.13932628181762,0.833744705610857
"Cascade County","vap_asian","uss_18_rep_ros",0.497072732436881,0.187879889299105,0.149070872497177,0.8616587945584
"Cascade County","vap_asian","uss_18_dem_tes",0.502927267563119,0.187879889299105,0.1383412054416,0.850929127502823
"Cascade County","vap_aian","uss_18_rep_ros",0.471387935687918,0.177709538763373,0.1599000976147,0.818047346455557
"Cascade County","vap_aian","uss_18_dem_tes",0.528612064312082,0.177709538763373,0.181952653544443,0.8400999023853
"Cascade County","vap_oth_b","uss_18_rep_ros",0.450056559171885,0.160188156588501,0.159279778354984,0.773119712287776
"Cascade County","vap_oth_b","uss_18_dem_tes",0.549943440828115,0.160188156588501,0.226880287712224,0.840720221645016
"Cascade County","vap_white","pre_20_rep_tru",0.694543701361988,0.0158414667413369,0.664047212525976,0.724396454259288
"Cascade County","vap_white","pre_20_dem_bid",0.305456298638012,0.0158414667413369,0.275603545740712,0.335952787474024
"Cascade County","vap_black","pre_20_rep_tru",0.496653664027327,0.190005556662218,0.147052419535651,0.857583821855751
"Cascade County","vap_black","pre_20_dem_bid",0.503346335972673,0.190005556662218,0.142416178144249,0.852947580464348
"Cascade County","vap_hisp","pre_20_rep_tru",0.47094271431196,0.175799346309743,0.134550324363871,0.81843835518675
"Cascade County","vap_hisp","pre_20_dem_bid",0.529057285688039,0.175799346309743,0.18156164481325,0.865449675636129
"Cascade County","vap_asian","pre_20_rep_tru",0.484548515902717,0.177420893337427,0.164857369891189,0.829446473325765
"Cascade County","vap_asian","pre_20_dem_bid",0.515451484097283,0.177420893337427,0.170553526674235,0.835142630108811
"Cascade County","vap_aian","pre_20_rep_tru",0.44137716671731,0.172191971798447,0.12957445524035,0.787585776573726
"Cascade County","vap_aian","pre_20_dem_bid",0.55862283328269,0.172191971798447,0.212414223426274,0.87042554475965
"Cascade County","vap_oth_b","pre_20_rep_tru",0.436021301577561,0.173032491148662,0.133246690870473,0.76739562624737
"Cascade County","vap_oth_b","pre_20_dem_bid",0.563978698422439,0.173032491148662,0.23260437375263,0.866753309129526
"Cascade County","vap_white","uss_20_rep_dai",0.645590201486759,0.0154647557469297,0.613895064515928,0.675202416517711
"Cascade County","vap_white","uss_20_dem_bul",0.354409798513241,0.0154647557469297,0.324797583482289,0.386104935484072
"Cascade County","vap_black","uss_20_rep_dai",0.486068921713939,0.189998546147665,0.135330199434733,0.840879461888138
"Cascade County","vap_black","uss_20_dem_bul",0.513931078286061,0.189998546147665,0.159120538111862,0.864669800565267
"Cascade County","vap_hisp","uss_20_rep_dai",0.481449887809421,0.173094933760342,0.160165194079405,0.802456271369445
"Cascade County","vap_hisp","uss_20_dem_bul",0.518550112190579,0.173094933760342,0.197543728630554,0.839834805920595
"Cascade County","vap_asian","uss_20_rep_dai",0.490348966618019,0.177011840480929,0.153569774388773,0.814390972302834
"Cascade County","vap_asian","uss_20_dem_bul",0.509651033381981,0.177011840480929,0.185609027697166,0.846430225611226
"Cascade County","vap_aian","uss_20_rep_dai",0.432246830422671,0.178024810205782,0.12433985613035,0.796829788615197
"Cascade County","vap_aian","uss_20_dem_bul",0.567753169577329,0.178024810205782,0.203170211384802,0.87566014386965
"Cascade County","vap_oth_b","uss_20_rep_dai",0.453034254528817,0.168394794692132,0.149682566714347,0.781883463524946
"Cascade County","vap_oth_b","uss_20_dem_bul",0.546965745471183,0.168394794692132,0.218116536475054,0.850317433285653
"Cascade County","vap_white","gov_20_rep_gia",0.673131720381214,0.0147041298948451,0.644379997114468,0.701555881771193
"Cascade County","vap_white","gov_20_dem_coo",0.326868279618786,0.0147041298948451,0.298444118228807,0.355620002885532
"Cascade County","vap_black","gov_20_rep_gia",0.506445816769192,0.18327305762111,0.168325475280187,0.846800980849499
"Cascade County","vap_black","gov_20_dem_coo",0.493554183230808,0.18327305762111,0.153199019150501,0.831674524719813
"Cascade County","vap_hisp","gov_20_rep_gia",0.486587965304957,0.168167404624906,0.165677679293773,0.807887670421494
"Cascade County","vap_hisp","gov_20_dem_coo",0.513412034695043,0.168167404624906,0.192112329578506,0.834322320706227
"Cascade County","vap_asian","gov_20_rep_gia",0.478313856931025,0.166989647053158,0.163103996325327,0.796979157040027
"Cascade County","vap_asian","gov_20_dem_coo",0.521686143068975,0.166989647053158,0.203020842959973,0.836896003674673
"Cascade County","vap_aian","gov_20_rep_gia",0.426058330066083,0.172279705475296,0.114305329767931,0.762017238973773
"Cascade County","vap_aian","gov_20_dem_coo",0.573941669933917,0.172279705475296,0.237982761026227,0.885694670232069
"Cascade County","vap_oth_b","gov_20_rep_gia",0.483054068488584,0.160622712250807,0.191123285431951,0.793936150118041
"Cascade County","vap_oth_b","gov_20_dem_coo",0.516945931511416,0.160622712250807,0.206063849881959,0.808876714568049
"Cascade County","vap_white","atg_20_rep_knu",0.676160761788665,0.0147305805217564,0.647435184201999,0.703699641850101
"Cascade County","vap_white","atg_20_dem_gra",0.323839238211335,0.0147305805217564,0.296300358149899,0.352564815798001
"Cascade County","vap_black","atg_20_rep_knu",0.484211559114307,0.194156541632184,0.130693671196515,0.857134928985448
"Cascade County","vap_black","atg_20_dem_gra",0.515788440885693,0.194156541632184,0.142865071014552,0.869306328803485
"Cascade County","vap_hisp","atg_20_rep_knu",0.458846798043071,0.159750473442921,0.162689158305958,0.765826716632908
"Cascade County","vap_hisp","atg_20_dem_gra",0.541153201956929,0.159750473442921,0.234173283367092,0.837310841694042
"Cascade County","vap_asian","atg_20_rep_knu",0.496799051256987,0.177984879456865,0.158035621785124,0.827558331445241
"Cascade County","vap_asian","atg_20_dem_gra",0.503200948743013,0.177984879456865,0.172441668554759,0.841964378214876
"Cascade County","vap_aian","atg_20_rep_knu",0.439215477803623,0.177057927285702,0.120915519035235,0.790885777186063
"Cascade County","vap_aian","atg_20_dem_gra",0.560784522196377,0.177057927285702,0.209114222813937,0.879084480964765
"Cascade County","vap_oth_b","atg_20_rep_knu",0.463327701615741,0.163497441235653,0.158484910126506,0.782221355803383
"Cascade County","vap_oth_b","atg_20_dem_gra",0.536672298384259,0.163497441235653,0.217778644196617,0.841515089873494
"Cascade County","vap_white","sos_20_rep_jac",0.696711919969267,0.0152122405758066,0.667543847059563,0.72608572002118
"Cascade County","vap_white","sos_20_dem_ben",0.303288080030733,0.0152122405758066,0.27391427997882,0.332456152940437
"Cascade County","vap_black","sos_20_rep_jac",0.500707373733428,0.200654487551038,0.136334236990448,0.890614023748707
"Cascade County","vap_black","sos_20_dem_ben",0.499292626266572,0.200654487551038,0.109385976251293,0.863665763009552
"Cascade County","vap_hisp","sos_20_rep_jac",0.475164247181707,0.16619708685766,0.16708124217879,0.792456616190754
"Cascade County","vap_hisp","sos_20_dem_ben",0.524835752818293,0.16619708685766,0.207543383809246,0.832918757821209
"Cascade County","vap_asian","sos_20_rep_jac",0.492351369771119,0.176778020787169,0.167575998916802,0.829196645120191
"Cascade County","vap_asian","sos_20_dem_ben",0.507648630228881,0.176778020787169,0.170803354879809,0.832424001083197
"Cascade County","vap_aian","sos_20_rep_jac",0.449143022292828,0.162401952270745,0.158054374533788,0.780207678918589
"Cascade County","vap_aian","sos_20_dem_ben",0.550856977707172,0.162401952270745,0.219792321081411,0.841945625466212
"Cascade County","vap_oth_b","sos_20_rep_jac",0.472840798032335,0.165618839748603,0.17552977454973,0.792319141705066
"Cascade County","vap_oth_b","sos_20_dem_ben",0.527159201967665,0.165618839748603,0.207680858294934,0.82447022545027
"Chouteau County","vap_white","pre_16_rep_tru",0.77025781613266,0.0134861227427293,0.743272617129968,0.79597724434148
"Chouteau County","vap_white","pre_16_dem_cli",0.22974218386734,0.0134861227427293,0.20402275565852,0.256727382870032
"Chouteau County","vap_black","pre_16_rep_tru",0.516162383471546,0.218308306029557,0.113625163683335,0.9241652434138
"Chouteau County","vap_black","pre_16_dem_cli",0.483837616528454,0.218308306029557,0.0758347565862005,0.886374836316665
"Chouteau County","vap_hisp","pre_16_rep_tru",0.421570359283266,0.178902202825489,0.111939649021129,0.785155279250978
"Chouteau County","vap_hisp","pre_16_dem_cli",0.578429640716734,0.178902202825489,0.214844720749022,0.888060350978871
"Chouteau County","vap_asian","pre_16_rep_tru",0.48364158205314,0.197673377227779,0.121879594312442,0.855025185681172
"Chouteau County","vap_asian","pre_16_dem_cli",0.51635841794686,0.197673377227779,0.144974814318828,0.878120405687558
"Chouteau County","vap_aian","pre_16_rep_tru",0.0565525589989771,0.0313294997963335,0.00838661827828961,0.126465159659857
"Chouteau County","vap_aian","pre_16_dem_cli",0.943447441001023,0.0313294997963335,0.873534840340143,0.99161338172171
"Chouteau County","vap_oth_b","pre_16_rep_tru",0.468328125959479,0.184334538081266,0.133699655765615,0.831989722793699
"Chouteau County","vap_oth_b","pre_16_dem_cli",0.531671874040521,0.184334538081266,0.168010277206301,0.866300344234385
"Chouteau County","vap_white","gov_16_rep_gia",0.568824303101896,0.0140844147115776,0.541079587736269,0.596686113574174
"Chouteau County","vap_white","gov_16_dem_bul",0.431175696898104,0.0140844147115776,0.403313886425826,0.458920412263731
"Chouteau County","vap_black","gov_16_rep_gia",0.508895436409001,0.215144789351667,0.109998837582882,0.912934190580905
"Chouteau County","vap_black","gov_16_dem_bul",0.491104563590999,0.215144789351667,0.0870658094190951,0.890001162417118
"Chouteau County","vap_hisp","gov_16_rep_gia",0.45349989513013,0.179380492088197,0.127569170917522,0.810240371944955
"Chouteau County","vap_hisp","gov_16_dem_bul",0.54650010486987,0.179380492088197,0.189759628055045,0.872430829082478
"Chouteau County","vap_asian","gov_16_rep_gia",0.495528033303199,0.200381685945838,0.12747097919315,0.877343718374704
"Chouteau County","vap_asian","gov_16_dem_bul",0.504471966696801,0.200381685945838,0.122656281625296,0.872529020806849
"Chouteau County","vap_aian","gov_16_rep_gia",0.0656826723019371,0.0326942955170907,0.0136366549393372,0.136854159528768
"Chouteau County","vap_aian","gov_16_dem_bul",0.934317327698063,0.0326942955170907,0.863145840471232,0.986363345060663
"Chouteau County","vap_oth_b","gov_16_rep_gia",0.488125131069527,0.181155554005591,0.155117520996407,0.83814478398748
"Chouteau County","vap_oth_b","gov_16_dem_bul",0.511874868930473,0.181155554005591,0.16185521601252,0.844882479003593
"Chouteau County","vap_white","atg_16_rep_fox",0.852738412856426,0.0126233618549778,0.827365841394259,0.876783885574223
"Chouteau County","vap_white","atg_16_dem_jen",0.147261587143574,0.0126233618549778,0.123216114425777,0.172634158605741
"Chouteau County","vap_black","atg_16_rep_fox",0.490704999436301,0.213269664362803,0.0995851529362478,0.889113569957129
"Chouteau County","vap_black","atg_16_dem_jen",0.509295000563699,0.213269664362803,0.110886430042871,0.900414847063752
"Chouteau County","vap_hisp","atg_16_rep_fox",0.481022225576892,0.186519366006698,0.136447977530907,0.836207576990816
"Chouteau County","vap_hisp","atg_16_dem_jen",0.518977774423108,0.186519366006698,0.163792423009184,0.863552022469094
"Chouteau County","vap_asian","atg_16_rep_fox",0.536212047777371,0.229596250383893,0.121641457014756,0.968423716141826
"Chouteau County","vap_asian","atg_16_dem_jen",0.463787952222629,0.229596250383893,0.0315762838581735,0.878358542985244
"Chouteau County","vap_aian","atg_16_rep_fox",0.134630953317103,0.0417667288554947,0.0589840673314981,0.221341291404437
"Chouteau County","vap_aian","atg_16_dem_jen",0.865369046682897,0.0417667288554947,0.778658708595564,0.941015932668502
"Chouteau County","vap_oth_b","atg_16_rep_fox",0.470469326446449,0.188653866988933,0.127865843581085,0.827165348723628
"Chouteau County","vap_oth_b","atg_16_dem_jen",0.529530673553551,0.188653866988933,0.172834651276372,0.872134156418915
"Chouteau County","vap_white","sos_16_rep_sta",0.720401675652954,0.0139953108021363,0.693372517868839,0.747785794653454
"Chouteau County","vap_white","sos_16_dem_lin",0.279598324347046,0.0139953108021363,0.252214205346547,0.306627482131161
"Chouteau County","vap_black","sos_16_rep_sta",0.495977818025369,0.220235196745248,0.0807329628948864,0.899584944615713
"Chouteau County","vap_black","sos_16_dem_lin",0.504022181974631,0.220235196745248,0.100415055384287,0.919267037105114
"Chouteau County","vap_hisp","sos_16_rep_sta",0.471825164537409,0.18576964838955,0.138469426999863,0.83982822854054
"Chouteau County","vap_hisp","sos_16_dem_lin",0.528174835462591,0.18576964838955,0.16017177145946,0.861530573000137
"Chouteau County","vap_asian","sos_16_rep_sta",0.500761329058255,0.198927444708169,0.135342474748979,0.882098630602879
"Chouteau County","vap_asian","sos_16_dem_lin",0.499238670941745,0.198927444708169,0.117901369397121,0.864657525251021
"Chouteau County","vap_aian","sos_16_rep_sta",0.0702737025092214,0.0340646973178986,0.0150347060183135,0.143178985021333
"Chouteau County","vap_aian","sos_16_dem_lin",0.929726297490778,0.0340646973178986,0.856821014978667,0.984965293981686
"Chouteau County","vap_oth_b","sos_16_rep_sta",0.454981839513991,0.192964134449722,0.0895672298346423,0.833604228321566
"Chouteau County","vap_oth_b","sos_16_dem_lin",0.545018160486009,0.192964134449722,0.166395771678434,0.910432770165358
"Chouteau County","vap_white","uss_18_rep_ros",0.57675906301521,0.0142279735913821,0.548640377237457,0.60398497838418
"Chouteau County","vap_white","uss_18_dem_tes",0.42324093698479,0.0142279735913821,0.39601502161582,0.451359622762543
"Chouteau County","vap_black","uss_18_rep_ros",0.491997798372029,0.216596436607621,0.096867154958279,0.895826115925859
"Chouteau County","vap_black","uss_18_dem_tes",0.508002201627972,0.216596436607621,0.104173884074141,0.903132845041721
"Chouteau County","vap_hisp","uss_18_rep_ros",0.329851488792298,0.151358161567933,0.0755880484995572,0.650673527979782
"Chouteau County","vap_hisp","uss_18_dem_tes",0.670148511207702,0.151358161567933,0.349326472020218,0.924411951500443
"Chouteau County","vap_asian","uss_18_rep_ros",0.50648751399252,0.1986509532968,0.139162175996615,0.874629629198768
"Chouteau County","vap_asian","uss_18_dem_tes",0.49351248600748,0.1986509532968,0.125370370801232,0.860837824003385
"Chouteau County","vap_aian","uss_18_rep_ros",0.0442032364137036,0.0256535048251879,0.00705351006024217,0.105708696430268
"Chouteau County","vap_aian","uss_18_dem_tes",0.955796763586296,0.0256535048251879,0.894291303569732,0.992946489939758
"Chouteau County","vap_oth_b","uss_18_rep_ros",0.446011292879312,0.180549984205274,0.118696640778966,0.816776938427559
"Chouteau County","vap_oth_b","uss_18_dem_tes",0.553988707120688,0.180549984205274,0.183223061572441,0.881303359221034
"Chouteau County","vap_white","pre_20_rep_tru",0.746570073989764,0.0130581083592042,0.720735891409689,0.771977596660153
"Chouteau County","vap_white","pre_20_dem_bid",0.253429926010236,0.0130581083592042,0.228022403339847,0.279264108590311
"Chouteau County","vap_black","pre_20_rep_tru",0.502557405268977,0.214112731951014,0.105154430047157,0.898496405420437
"Chouteau County","vap_black","pre_20_dem_bid",0.497442594731023,0.214112731951014,0.101503594579563,0.894845569952843
"Chouteau County","vap_hisp","pre_20_rep_tru",0.383972680407891,0.161601226896282,0.100250777698636,0.722795343270672
"Chouteau County","vap_hisp","pre_20_dem_bid",0.616027319592109,0.161601226896282,0.277204656729328,0.899749222301364
"Chouteau County","vap_asian","pre_20_rep_tru",0.509128188837121,0.194594541819739,0.148065713249531,0.870193478558078
"Chouteau County","vap_asian","pre_20_dem_bid",0.490871811162879,0.194594541819739,0.129806521441922,0.851934286750468
"Chouteau County","vap_aian","pre_20_rep_tru",0.0486193363820042,0.0272635617578907,0.00779990330931108,0.110354598761478
"Chouteau County","vap_aian","pre_20_dem_bid",0.951380663617996,0.0272635617578907,0.889645401238522,0.992200096690689
"Chouteau County","vap_oth_b","pre_20_rep_tru",0.46403883434349,0.182664160628187,0.136272099558095,0.828697684357043
"Chouteau County","vap_oth_b","pre_20_dem_bid",0.53596116565651,0.182664160628187,0.171302315642957,0.863727900441904
"Chouteau County","vap_white","uss_20_rep_dai",0.690004238136998,0.0133632111233463,0.662634969942868,0.715380596985281
"Chouteau County","vap_white","uss_20_dem_bul",0.309995761863002,0.0133632111233463,0.284619403014719,0.337365030057132
"Chouteau County","vap_black","uss_20_rep_dai",0.50562068046876,0.220352412105213,0.103851824029904,0.921817193025457
"Chouteau County","vap_black","uss_20_dem_bul",0.49437931953124,0.220352412105213,0.0781828069745427,0.896148175970096
"Chouteau County","vap_hisp","uss_20_rep_dai",0.330146424784104,0.149919702410314,0.077842273198856,0.645260940904526
"Chouteau County","vap_hisp","uss_20_dem_bul",0.669853575215896,0.149919702410314,0.354739059095474,0.922157726801144
"Chouteau County","vap_asian","uss_20_rep_dai",0.493809076827676,0.195302962929562,0.124040132718648,0.85858434726915
"Chouteau County","vap_asian","uss_20_dem_bul",0.506190923172324,0.195302962929562,0.14141565273085,0.875959867281351
"Chouteau County","vap_aian","uss_20_rep_dai",0.0474530039385467,0.0265459203326793,0.0094013263968516,0.109321806978614
"Chouteau County","vap_aian","uss_20_dem_bul",0.952546996061453,0.0265459203326793,0.890678193021386,0.990598673603148
"Chouteau County","vap_oth_b","uss_20_rep_dai",0.435157766015904,0.183276261563098,0.112393848181977,0.799580508366183
"Chouteau County","vap_oth_b","uss_20_dem_bul",0.564842233984096,0.183276261563098,0.200419491633817,0.887606151818023
"Chouteau County","vap_white","gov_20_rep_gia",0.715866224435045,0.0144519864311673,0.687967036630844,0.743902111405054
"Chouteau County","vap_white","gov_20_dem_coo",0.284133775564956,0.0144519864311673,0.256097888594946,0.312032963369156
"Chouteau County","vap_black","gov_20_rep_gia",0.495690150146602,0.212794536375531,0.100727906510347,0.893256566519666
"Chouteau County","vap_black","gov_20_dem_coo",0.504309849853398,0.212794536375531,0.106743433480334,0.899272093489653
"Chouteau County","vap_hisp","gov_20_rep_gia",0.437708563561434,0.178519265117811,0.117131550677465,0.798046558454266
"Chouteau County","vap_hisp","gov_20_dem_coo",0.562291436438566,0.178519265117811,0.201953441545734,0.882868449322534
"Chouteau County","vap_asian","gov_20_rep_gia",0.495393126916706,0.194167786944084,0.137945690140424,0.860782307865384
"Chouteau County","vap_asian","gov_20_dem_coo",0.504606873083294,0.194167786944084,0.139217692134616,0.862054309859576
"Chouteau County","vap_aian","gov_20_rep_gia",0.0503774142227244,0.0307438280273559,0.00416208481745679,0.119254064391674
"Chouteau County","vap_aian","gov_20_dem_coo",0.949622585777276,0.0307438280273559,0.880745935608326,0.995837915182543
"Chouteau County","vap_oth_b","gov_20_rep_gia",0.584856394990227,0.243737296639418,0.157890218845537,0.974246641270241
"Chouteau County","vap_oth_b","gov_20_dem_coo",0.415143605009773,0.243737296639418,0.0257533587297588,0.842109781154463
"Chouteau County","vap_white","atg_20_rep_knu",0.736286448598196,0.0132784068812354,0.709946433169206,0.761665954982154
"Chouteau County","vap_white","atg_20_dem_gra",0.263713551401805,0.0132784068812354,0.238334045017846,0.290053566830794
"Chouteau County","vap_black","atg_20_rep_knu",0.503233613187479,0.219800259488797,0.0918393725755583,0.902704914661722
"Chouteau County","vap_black","atg_20_dem_gra",0.496766386812521,0.219800259488797,0.0972950853382777,0.908160627424442
"Chouteau County","vap_hisp","atg_20_rep_knu",0.460786814685323,0.182558199038729,0.116255401031531,0.820167318310666
"Chouteau County","vap_hisp","atg_20_dem_gra",0.539213185314677,0.182558199038729,0.179832681689334,0.883744598968468
"Chouteau County","vap_asian","atg_20_rep_knu",0.49626068448539,0.204879236612472,0.122860304690945,0.88018449343888
"Chouteau County","vap_asian","atg_20_dem_gra",0.50373931551461,0.204879236612472,0.11981550656112,0.877139695309055
"Chouteau County","vap_aian","atg_20_rep_knu",0.0644973601895925,0.0316099041315039,0.0137697897371245,0.133954483653388
"Chouteau County","vap_aian","atg_20_dem_gra",0.935502639810407,0.0316099041315039,0.866045516346612,0.986230210262875
"Chouteau County","vap_oth_b","atg_20_rep_knu",0.476150461332435,0.184005995497039,0.14114552665273,0.834271778597985
"Chouteau County","vap_oth_b","atg_20_dem_gra",0.523849538667565,0.184005995497039,0.165728221402015,0.85885447334727
"Chouteau County","vap_white","sos_20_rep_jac",0.749356245063591,0.0131969838313156,0.723927006853033,0.775416465026649
"Chouteau County","vap_white","sos_20_dem_ben",0.250643754936409,0.0131969838313156,0.224583534973351,0.276072993146967
"Chouteau County","vap_black","sos_20_rep_jac",0.49113335574736,0.216750020122105,0.0988952467316888,0.903393727895451
"Chouteau County","vap_black","sos_20_dem_ben",0.50886664425264,0.216750020122105,0.0966062721045488,0.901104753268311
"Chouteau County","vap_hisp","sos_20_rep_jac",0.479942590160457,0.181546336391905,0.138556119543052,0.825825142441112
"Chouteau County","vap_hisp","sos_20_dem_ben",0.520057409839543,0.181546336391905,0.174174857558887,0.861443880456948
"Chouteau County","vap_asian","sos_20_rep_jac",0.494857320001932,0.195021455662119,0.13725914528598,0.859479241658147
"Chouteau County","vap_asian","sos_20_dem_ben",0.505142679998068,0.195021455662119,0.140520758341853,0.86274085471402
"Chouteau County","vap_aian","sos_20_rep_jac",0.0687669401322354,0.0333322264804465,0.0143866531544139,0.141188789928328
"Chouteau County","vap_aian","sos_20_dem_ben",0.931233059867765,0.0333322264804465,0.858811210071672,0.985613346845586
"Chouteau County","vap_oth_b","sos_20_rep_jac",0.478322074653944,0.187491406057469,0.13162099476376,0.830819895935785
"Chouteau County","vap_oth_b","sos_20_dem_ben",0.521677925346056,0.187491406057469,0.169180104064215,0.86837900523624
"Custer County","vap_white","pre_16_rep_tru",0.85254624657853,0.00982351517942523,0.832417572661055,0.871016809594281
"Custer County","vap_white","pre_16_dem_cli",0.14745375342147,0.00982351517942523,0.128983190405719,0.167582427338945
"Custer County","vap_black","pre_16_rep_tru",0.56762549184897,0.20115995273238,0.160882437690293,0.907432484035655
"Custer County","vap_black","pre_16_dem_cli",0.43237450815103,0.20115995273238,0.0925675159643444,0.839117562309707
"Custer County","vap_hisp","pre_16_rep_tru",0.542816861259158,0.180794997075909,0.186820510258634,0.872559068624827
"Custer County","vap_hisp","pre_16_dem_cli",0.457183138740842,0.180794997075909,0.127440931375173,0.813179489741366
"Custer County","vap_asian","pre_16_rep_tru",0.554947220041408,0.227075434314473,0.0950809536158275,0.916909410557062
"Custer County","vap_asian","pre_16_dem_cli",0.445052779958591,0.227075434314473,0.0830905894429383,0.904919046384172
"Custer County","vap_aian","pre_16_rep_tru",0.472137027931283,0.183145769350684,0.14198610097769,0.827503840381349
"Custer County","vap_aian","pre_16_dem_cli",0.527862972068717,0.183145769350684,0.17249615961865,0.85801389902231
"Custer County","vap_oth_b","pre_16_rep_tru",0.49533590304484,0.186151280018888,0.152926475931481,0.8517900220641
"Custer County","vap_oth_b","pre_16_dem_cli",0.504664096955159,0.186151280018888,0.148209977935899,0.847073524068519
"Custer County","vap_white","gov_16_rep_gia",0.727540862413975,0.0131013456710364,0.701435589689376,0.752778011361475
"Custer County","vap_white","gov_16_dem_bul",0.272459137586025,0.0131013456710364,0.247221988638525,0.298564410310624
"Custer County","vap_black","gov_16_rep_gia",0.488681187041433,0.21156917938644,0.100842487397802,0.870018827401072
"Custer County","vap_black","gov_16_dem_bul",0.511318812958567,0.21156917938644,0.129981172598928,0.899157512602198
"Custer County","vap_hisp","gov_16_rep_gia",0.47186208261673,0.176615236556766,0.133760673790454,0.80878430094051
"Custer County","vap_hisp","gov_16_dem_bul",0.52813791738327,0.176615236556766,0.191215699059489,0.866239326209546
"Custer County","vap_asian","gov_16_rep_gia",0.496420094701688,0.226598127095442,0.0954611458577696,0.906315950010688
"Custer County","vap_asian","gov_16_dem_bul",0.503579905298312,0.226598127095442,0.093684049989312,0.90453885414223
"Custer County","vap_aian","gov_16_rep_gia",0.475949454062577,0.186069839519431,0.130627217207526,0.838042161049606
"Custer County","vap_aian","gov_16_dem_bul",0.524050545937423,0.186069839519431,0.161957838950394,0.869372782792474
"Custer County","vap_oth_b","gov_16_rep_gia",0.472635748982267,0.177040362295344,0.1553367088892,0.83087165952422
"Custer County","vap_oth_b","gov_16_dem_bul",0.527364251017733,0.177040362295344,0.169128340475779,0.8446632911108
"Custer County","vap_white","atg_16_rep_fox",0.878696818900788,0.00948606513917738,0.859155332029888,0.896287340351064
"Custer County","vap_white","atg_16_dem_jen",0.121303181099212,0.00948606513917738,0.103712659648936,0.140844667970112
"Custer County","vap_black","atg_16_rep_fox",0.570526842698654,0.200908299966882,0.161946869744018,0.901899865327746
"Custer County","vap_black","atg_16_dem_jen",0.429473157301346,0.200908299966882,0.0981001346722542,0.838053130255982
"Custer County","vap_hisp","atg_16_rep_fox",0.48792168947727,0.180919884854379,0.146670110488683,0.838074184819182
"Custer County","vap_hisp","atg_16_dem_jen",0.51207831052273,0.180919884854379,0.161925815180818,0.853329889511317
"Custer County","vap_asian","atg_16_rep_fox",0.55053257195254,0.219190654674624,0.120529276162179,0.914287849513412
"Custer County","vap_asian","atg_16_dem_jen",0.44946742804746,0.219190654674624,0.0857121504865878,0.87947072383782
"Custer County","vap_aian","atg_16_rep_fox",0.477174633253966,0.180793787938902,0.144566397028908,0.828614386957042
"Custer County","vap_aian","atg_16_dem_jen",0.522825366746034,0.180793787938902,0.171385613042957,0.855433602971092
"Custer County","vap_oth_b","atg_16_rep_fox",0.477372391725294,0.177512059287099,0.147227669158009,0.816597664800572
"Custer County","vap_oth_b","atg_16_dem_jen",0.522627608274706,0.177512059287099,0.183402335199428,0.852772330841991
"Custer County","vap_white","sos_16_rep_sta",0.784189301691069,0.0118861722672255,0.759744396405518,0.806585817847355
"Custer County","vap_white","sos_16_dem_lin",0.215810698308931,0.0118861722672255,0.193414182152645,0.240255603594482
"Custer County","vap_black","sos_16_rep_sta",0.555910185958098,0.208826434796634,0.148368514984926,0.915737729388657
"Custer County","vap_black","sos_16_dem_lin",0.444089814041902,0.208826434796634,0.0842622706113426,0.851631485015074
"Custer County","vap_hisp","sos_16_rep_sta",0.471377901938674,0.176866248609461,0.145673117521586,0.812651161866406
"Custer County","vap_hisp","sos_16_dem_lin",0.528622098061326,0.176866248609461,0.187348838133594,0.854326882478414
"Custer County","vap_asian","sos_16_rep_sta",0.514606654916683,0.223883536448505,0.100513488343921,0.90331722774199
"Custer County","vap_asian","sos_16_dem_lin",0.485393345083317,0.223883536448505,0.09668277225801,0.899486511656079
"Custer County","vap_aian","sos_16_rep_sta",0.478032852352106,0.187118667298356,0.129383720182645,0.837465325623619
"Custer County","vap_aian","sos_16_dem_lin",0.521967147647894,0.187118667298356,0.162534674376381,0.870616279817355
"Custer County","vap_oth_b","sos_16_rep_sta",0.475927202205867,0.179746255495986,0.154613349686308,0.825865055105628
"Custer County","vap_oth_b","sos_16_dem_lin",0.524072797794133,0.179746255495986,0.174134944894372,0.845386650313692
"Custer County","vap_white","uss_18_rep_ros",0.722905455463024,0.0131798362435733,0.695978515564605,0.747542135602781
"Custer County","vap_white","uss_18_dem_tes",0.277094544536976,0.0131798362435733,0.252457864397219,0.304021484435395
"Custer County","vap_black","uss_18_rep_ros",0.497726400054332,0.219769100590674,0.102339152014594,0.897839071896963
"Custer County","vap_black","uss_18_dem_tes",0.502273599945668,0.219769100590674,0.102160928103037,0.897660847985406
"Custer County","vap_hisp","uss_18_rep_ros",0.519148248921293,0.176271177649145,0.190026668384028,0.851321849926772
"Custer County","vap_hisp","uss_18_dem_tes",0.480851751078707,0.176271177649145,0.148678150073228,0.809973331615972
"Custer County","vap_asian","uss_18_rep_ros",0.511209979600433,0.222515966806237,0.100140062635028,0.898726702962919
"Custer County","vap_asian","uss_18_dem_tes",0.488790020399567,0.222515966806237,0.101273297037081,0.899859937364972
"Custer County","vap_aian","uss_18_rep_ros",0.495703517028698,0.189146989786375,0.143803250028214,0.859636874898513
"Custer County","vap_aian","uss_18_dem_tes",0.504296482971302,0.189146989786375,0.140363125101486,0.856196749971786
"Custer County","vap_oth_b","uss_18_rep_ros",0.465379131410986,0.175374653581128,0.145064010500304,0.814167768227532
"Custer County","vap_oth_b","uss_18_dem_tes",0.534620868589014,0.175374653581128,0.185832231772468,0.854935989499696
"Custer County","vap_white","pre_20_rep_tru",0.847506943887104,0.010043567327816,0.827287285118186,0.865882116123171
"Custer County","vap_white","pre_20_dem_bid",0.152493056112896,0.010043567327816,0.134117883876829,0.172712714881814
"Custer County","vap_black","pre_20_rep_tru",0.56172763599876,0.212633603468844,0.137499154018163,0.917649643706963
"Custer County","vap_black","pre_20_dem_bid",0.43827236400124,0.212633603468844,0.0823503562930367,0.862500845981837
"Custer County","vap_hisp","pre_20_rep_tru",0.494949298000323,0.181880791132748,0.1608507568816,0.850639879486309
"Custer County","vap_hisp","pre_20_dem_bid",0.505050701999676,0.181880791132748,0.149360120513691,0.8391492431184
"Custer County","vap_asian","pre_20_rep_tru",0.546577799569857,0.2239446932732,0.12573903773724,0.92740113107367
"Custer County","vap_asian","pre_20_dem_bid",0.453422200430143,0.2239446932732,0.07259886892633,0.87426096226276
"Custer County","vap_aian","pre_20_rep_tru",0.471240328971313,0.183657008296578,0.132089053021663,0.823833782038227
"Custer County","vap_aian","pre_20_dem_bid",0.528759671028687,0.183657008296578,0.176166217961773,0.867910946978337
"Custer County","vap_oth_b","pre_20_rep_tru",0.46815675626081,0.179283143179257,0.148254246119823,0.82061667536968
"Custer County","vap_oth_b","pre_20_dem_bid",0.53184324373919,0.179283143179257,0.17938332463032,0.851745753880177
"Custer County","vap_white","uss_20_rep_dai",0.808891220882983,0.0109650348566632,0.786663260068049,0.829065116748002
"Custer County","vap_white","uss_20_dem_bul",0.191108779117017,0.0109650348566632,0.170934883251998,0.213336739931951
"Custer County","vap_black","uss_20_rep_dai",0.538627144595857,0.214597116532682,0.132261892140981,0.910464439969697
"Custer County","vap_black","uss_20_dem_bul",0.461372855404143,0.214597116532682,0.0895355600303026,0.867738107859019
"Custer County","vap_hisp","uss_20_rep_dai",0.507882060140536,0.187021105147067,0.136692449721296,0.840330130003349
"Custer County","vap_hisp","uss_20_dem_bul",0.492117939859463,0.187021105147067,0.159669869996651,0.863307550278704
"Custer County","vap_asian","uss_20_rep_dai",0.541536296415882,0.219152662883874,0.119206001305492,0.914912724147078
"Custer County","vap_asian","uss_20_dem_bul",0.458463703584118,0.219152662883874,0.0850872758529219,0.880793998694508
"Custer County","vap_aian","uss_20_rep_dai",0.474580239638929,0.182080568405828,0.140727068035696,0.832197824604488
"Custer County","vap_aian","uss_20_dem_bul",0.525419760361071,0.182080568405828,0.167802175395512,0.859272931964304
"Custer County","vap_oth_b","uss_20_rep_dai",0.47645924938028,0.175360027399202,0.151294703887269,0.822435553184501
"Custer County","vap_oth_b","uss_20_dem_bul",0.52354075061972,0.175360027399202,0.177564446815499,0.848705296112731
"Custer County","vap_white","gov_20_rep_gia",0.827736063880521,0.0105696163774324,0.805951087500362,0.847078064521126
"Custer County","vap_white","gov_20_dem_coo",0.172263936119479,0.0105696163774324,0.152921935478874,0.194048912499638
"Custer County","vap_black","gov_20_rep_gia",0.561784327024121,0.199831297679824,0.167281440785301,0.910096964877688
"Custer County","vap_black","gov_20_dem_coo",0.438215672975879,0.199831297679824,0.0899030351223123,0.832718559214699
"Custer County","vap_hisp","gov_20_rep_gia",0.493443279124531,0.178102320099448,0.15431070727244,0.83137946192516
"Custer County","vap_hisp","gov_20_dem_coo",0.506556720875469,0.178102320099448,0.16862053807484,0.84568929272756
"Custer County","vap_asian","gov_20_rep_gia",0.540713091092671,0.219843760004327,0.126039685936774,0.919324661569395
"Custer County","vap_asian","gov_20_dem_coo",0.459286908907329,0.219843760004327,0.0806753384306049,0.873960314063226
"Custer County","vap_aian","gov_20_rep_gia",0.480836803027104,0.182168042492811,0.147099561014836,0.826189750589771
"Custer County","vap_aian","gov_20_dem_coo",0.519163196972896,0.182168042492811,0.173810249410229,0.852900438985164
"Custer County","vap_oth_b","gov_20_rep_gia",0.489521838101003,0.174937917331546,0.165200494407305,0.823974050417318
"Custer County","vap_oth_b","gov_20_dem_coo",0.510478161898997,0.174937917331546,0.176025949582682,0.834799505592695
"Custer County","vap_white","atg_20_rep_knu",0.83781650225256,0.010560126352767,0.81601305655217,0.857287686110173
"Custer County","vap_white","atg_20_dem_gra",0.16218349774744,0.010560126352767,0.142712313889827,0.183986943447829
"Custer County","vap_black","atg_20_rep_knu",0.520562055480989,0.211759650692435,0.122815508168906,0.891574864271076
"Custer County","vap_black","atg_20_dem_gra",0.479437944519011,0.211759650692435,0.108425135728924,0.877184491831094
"Custer County","vap_hisp","atg_20_rep_knu",0.495004723506773,0.180879434796655,0.152121336622539,0.828082794699317
"Custer County","vap_hisp","atg_20_dem_gra",0.504995276493227,0.180879434796655,0.171917205300683,0.84787866337746
"Custer County","vap_asian","atg_20_rep_knu",0.543885809279802,0.217187687742147,0.125436254683152,0.914782994790105
"Custer County","vap_asian","atg_20_dem_gra",0.456114190720198,0.217187687742147,0.0852170052098952,0.874563745316847
"Custer County","vap_aian","atg_20_rep_knu",0.481881837675206,0.185541945593602,0.140074371439237,0.833713091908299
"Custer County","vap_aian","atg_20_dem_gra",0.518118162324794,0.185541945593602,0.166286908091701,0.859925628560763
"Custer County","vap_oth_b","atg_20_rep_knu",0.483064650364258,0.178890085716352,0.149251894415044,0.828012082437985
"Custer County","vap_oth_b","atg_20_dem_gra",0.516935349635742,0.178890085716352,0.171987917562015,0.850748105584956
"Custer County","vap_white","sos_20_rep_jac",0.846500447947104,0.00989462696049326,0.826266438904633,0.864782529129856
"Custer County","vap_white","sos_20_dem_ben",0.153499552052896,0.00989462696049326,0.135217470870144,0.173733561095367
"Custer County","vap_black","sos_20_rep_jac",0.53917962837192,0.209928624960387,0.13114744967108,0.900995077835453
"Custer County","vap_black","sos_20_dem_ben",0.46082037162808,0.209928624960387,0.0990049221645468,0.86885255032892
"Custer County","vap_hisp","sos_20_rep_jac",0.534494626194105,0.200270526554177,0.166457132744921,0.929605190907778
"Custer County","vap_hisp","sos_20_dem_ben",0.465505373805895,0.200270526554177,0.0703948090922218,0.833542867255079
"Custer County","vap_asian","sos_20_rep_jac",0.529558758653544,0.231720051003831,0.0849286155132551,0.919866558685788
"Custer County","vap_asian","sos_20_dem_ben",0.470441241346456,0.231720051003831,0.0801334413142112,0.915071384486745
"Custer County","vap_aian","sos_20_rep_jac",0.488868259369031,0.184695399372914,0.149863787325419,0.842848404420883
"Custer County","vap_aian","sos_20_dem_ben",0.511131740630969,0.184695399372914,0.157151595579117,0.850136212674581
"Custer County","vap_oth_b","sos_20_rep_jac",0.487926971945838,0.179033155294296,0.154145303803106,0.82150277217187
"Custer County","vap_oth_b","sos_20_dem_ben",0.512073028054162,0.179033155294296,0.178497227828129,0.845854696196894
"Daniels County","vap_white","pre_16_rep_tru",0.840682380399788,0.0197721335686889,0.801583431574335,0.878555542066538
"Daniels County","vap_white","pre_16_dem_cli",0.159317619600212,0.0197721335686889,0.121444457933462,0.198416568425665
"Daniels County","vap_black","pre_16_rep_tru",NA,NA,NA,NA
"Daniels County","vap_black","pre_16_dem_cli",NA,NA,NA,NA
"Daniels County","vap_hisp","pre_16_rep_tru",0.503925002884683,0.199161432948788,0.124310607292433,0.880821695154739
"Daniels County","vap_hisp","pre_16_dem_cli",0.496074997115317,0.199161432948788,0.11917830484526,0.875689392707567
"Daniels County","vap_asian","pre_16_rep_tru",0.495046973653157,0.209234713457114,0.103141837295387,0.89036992926123
"Daniels County","vap_asian","pre_16_dem_cli",0.504953026346843,0.209234713457114,0.10963007073877,0.896858162704613
"Daniels County","vap_aian","pre_16_rep_tru",0.492482866469256,0.224948416472202,0.079573184644096,0.906073516610341
"Daniels County","vap_aian","pre_16_dem_cli",0.507517133530744,0.224948416472202,0.093926483389659,0.920426815355904
"Daniels County","vap_oth_b","pre_16_rep_tru",0.48746671153692,0.196594080451644,0.114398610260144,0.864116700821336
"Daniels County","vap_oth_b","pre_16_dem_cli",0.51253328846308,0.196594080451644,0.135883299178664,0.885601389739856
"Daniels County","vap_white","gov_16_rep_gia",0.692816633441683,0.0220225529439249,0.648821029575074,0.734821035253256
"Daniels County","vap_white","gov_16_dem_bul",0.307183366558317,0.0220225529439249,0.265178964746744,0.351178970424926
"Daniels County","vap_black","gov_16_rep_gia",NA,NA,NA,NA
"Daniels County","vap_black","gov_16_dem_bul",NA,NA,NA,NA
"Daniels County","vap_hisp","gov_16_rep_gia",0.497648366249864,0.201063225366925,0.112096720430782,0.873664587214625
"Daniels County","vap_hisp","gov_16_dem_bul",0.502351633750136,0.201063225366925,0.126335412785375,0.887903279569218
"Daniels County","vap_asian","gov_16_rep_gia",0.507040433462702,0.207240582095691,0.116314235065254,0.89131303611588
"Daniels County","vap_asian","gov_16_dem_bul",0.492959566537298,0.207240582095691,0.10868696388412,0.883685764934746
"Daniels County","vap_aian","gov_16_rep_gia",0.488169968644279,0.221582633480009,0.0776527458318167,0.898999263662458
"Daniels County","vap_aian","gov_16_dem_bul",0.511830031355721,0.221582633480009,0.101000736337542,0.922347254168183
"Daniels County","vap_oth_b","gov_16_rep_gia",0.500863806661658,0.194872246254923,0.136286780585633,0.866703852534992
"Daniels County","vap_oth_b","gov_16_dem_bul",0.499136193338342,0.194872246254923,0.133296147465008,0.863713219414367
"Daniels County","vap_white","atg_16_rep_fox",0.863202759396615,0.0200141070163095,0.823401687505496,0.901445405728953
"Daniels County","vap_white","atg_16_dem_jen",0.136797240603385,0.0200141070163095,0.0985545942710472,0.176598312494504
"Daniels County","vap_black","atg_16_rep_fox",NA,NA,NA,NA
"Daniels County","vap_black","atg_16_dem_jen",NA,NA,NA,NA
"Daniels County","vap_hisp","atg_16_rep_fox",0.497814618642195,0.199183912715059,0.123923921966857,0.877558094940964
"Daniels County","vap_hisp","atg_16_dem_jen",0.502185381357805,0.199183912715059,0.122441905059036,0.876076078033143
"Daniels County","vap_asian","atg_16_rep_fox",0.499399167603051,0.208759063122607,0.109018516462378,0.890204234841985
"Daniels County","vap_asian","atg_16_dem_jen",0.500600832396949,0.208759063122607,0.109795765158015,0.890981483537622
"Daniels County","vap_aian","atg_16_rep_fox",0.494461522484159,0.223968812871241,0.0771476777577946,0.913367044057854
"Daniels County","vap_aian","atg_16_dem_jen",0.505538477515841,0.223968812871241,0.086632955942146,0.922852322242205
"Daniels County","vap_oth_b","atg_16_rep_fox",0.487922155397613,0.205774794794621,0.105186344451544,0.877421805293923
"Daniels County","vap_oth_b","atg_16_dem_jen",0.512077844602387,0.205774794794621,0.122578194706077,0.894813655548456
"Daniels County","vap_white","sos_16_rep_sta",0.753684464381054,0.0215587158154298,0.711704145664711,0.795347423898181
"Daniels County","vap_white","sos_16_dem_lin",0.246315535618946,0.0215587158154298,0.204652576101819,0.288295854335289
"Daniels County","vap_black","sos_16_rep_sta",NA,NA,NA,NA
"Daniels County","vap_black","sos_16_dem_lin",NA,NA,NA,NA
"Daniels County","vap_hisp","sos_16_rep_sta",0.500667794843671,0.204465347841002,0.118848009229262,0.88627323146559
"Daniels County","vap_hisp","sos_16_dem_lin",0.499332205156329,0.204465347841002,0.11372676853441,0.881151990770738
"Daniels County","vap_asian","sos_16_rep_sta",0.499990223790767,0.214252684927176,0.104663335254522,0.906634483314752
"Daniels County","vap_asian","sos_16_dem_lin",0.500009776209233,0.214252684927176,0.0933655166852478,0.895336664745478
"Daniels County","vap_aian","sos_16_rep_sta",0.500798281692582,0.228817113873131,0.0871147398116894,0.931666566361401
"Daniels County","vap_aian","sos_16_dem_lin",0.499201718307418,0.228817113873131,0.0683334336385989,0.91288526018831
"Daniels County","vap_oth_b","sos_16_rep_sta",0.511060285445842,0.20686407270133,0.122370793781523,0.907082466810996
"Daniels County","vap_oth_b","sos_16_dem_lin",0.488939714554158,0.20686407270133,0.0929175331890036,0.877629206218477
"Daniels County","vap_white","uss_18_rep_ros",0.705898467431463,0.0220908922354887,0.662211088679779,0.748639753681194
"Daniels County","vap_white","uss_18_dem_tes",0.294101532568537,0.0220908922354887,0.251360246318806,0.337788911320221
"Daniels County","vap_black","uss_18_rep_ros",NA,NA,NA,NA
"Daniels County","vap_black","uss_18_dem_tes",NA,NA,NA,NA
"Daniels County","vap_hisp","uss_18_rep_ros",0.492422141662896,0.198544731177268,0.119105504867477,0.871459091569776
"Daniels County","vap_hisp","uss_18_dem_tes",0.507577858337104,0.198544731177268,0.128540908430224,0.880894495132523
"Daniels County","vap_asian","uss_18_rep_ros",0.494988506079166,0.204684360319809,0.112040560933786,0.879339701839565
"Daniels County","vap_asian","uss_18_dem_tes",0.505011493920834,0.204684360319809,0.120660298160435,0.887959439066214
"Daniels County","vap_aian","uss_18_rep_ros",0.498914673364868,0.223321879882687,0.0869648719663055,0.908793358468305
"Daniels County","vap_aian","uss_18_dem_tes",0.501085326635132,0.223321879882687,0.0912066415316952,0.913035128033695
"Daniels County","vap_oth_b","uss_18_rep_ros",0.506458672976448,0.195613677285606,0.135429702828632,0.868433716964611
"Daniels County","vap_oth_b","uss_18_dem_tes",0.493541327023552,0.195613677285606,0.131566283035389,0.864570297171368
"Daniels County","vap_white","pre_20_rep_tru",0.833942195670262,0.0192558288520821,0.79602524592593,0.871181567563832
"Daniels County","vap_white","pre_20_dem_bid",0.166057804329738,0.0192558288520821,0.128818432436168,0.20397475407407
"Daniels County","vap_black","pre_20_rep_tru",NA,NA,NA,NA
"Daniels County","vap_black","pre_20_dem_bid",NA,NA,NA,NA
"Daniels County","vap_hisp","pre_20_rep_tru",0.498181977343619,0.201972004712729,0.116641200302932,0.881163003600452
"Daniels County","vap_hisp","pre_20_dem_bid",0.501818022656381,0.201972004712729,0.118836996399548,0.883358799697068
"Daniels County","vap_asian","pre_20_rep_tru",0.496473648139662,0.209390155393086,0.108996275208395,0.888850362684824
"Daniels County","vap_asian","pre_20_dem_bid",0.503526351860338,0.209390155393086,0.111149637315176,0.891003724791605
"Daniels County","vap_aian","pre_20_rep_tru",0.498835396445663,0.222490474463771,0.0848421043223314,0.912151107546293
"Daniels County","vap_aian","pre_20_dem_bid",0.501164603554337,0.222490474463771,0.0878488924537072,0.915157895677669
"Daniels County","vap_oth_b","pre_20_rep_tru",0.504561149014356,0.197003291749506,0.132893325508506,0.869289427411605
"Daniels County","vap_oth_b","pre_20_dem_bid",0.495438850985644,0.197003291749506,0.130710572588395,0.867106674491494
"Daniels County","vap_white","uss_20_rep_dai",0.7922162510135,0.0200000406942987,0.753251437446288,0.829930178325592
"Daniels County","vap_white","uss_20_dem_bul",0.2077837489865,0.0200000406942987,0.170069821674408,0.246748562553712
"Daniels County","vap_black","uss_20_rep_dai",NA,NA,NA,NA
"Daniels County","vap_black","uss_20_dem_bul",NA,NA,NA,NA
"Daniels County","vap_hisp","uss_20_rep_dai",0.473444835087921,0.208774099914028,0.06840164062273,0.862161620730945
"Daniels County","vap_hisp","uss_20_dem_bul",0.526555164912079,0.208774099914028,0.137838379269054,0.93159835937727
"Daniels County","vap_asian","uss_20_rep_dai",0.485099964791106,0.210049058022632,0.0840366253286879,0.872766832489885
"Daniels County","vap_asian","uss_20_dem_bul",0.514900035208894,0.210049058022632,0.127233167510114,0.915963374671312
"Daniels County","vap_aian","uss_20_rep_dai",0.504885656166474,0.230662619969593,0.0698689820259931,0.930178582325246
"Daniels County","vap_aian","uss_20_dem_bul",0.495114343833526,0.230662619969593,0.0698214176747536,0.930131017974007
"Daniels County","vap_oth_b","uss_20_rep_dai",0.490869041527174,0.198055070219435,0.122137438115359,0.861644519449707
"Daniels County","vap_oth_b","uss_20_dem_bul",0.509130958472826,0.198055070219435,0.138355480550293,0.877862561884641
"Daniels County","vap_white","gov_20_rep_gia",0.802383014164848,0.0202587467388822,0.762811096677947,0.841693984590823
"Daniels County","vap_white","gov_20_dem_coo",0.197616985835152,0.0202587467388822,0.158306015409177,0.237188903322053
"Daniels County","vap_black","gov_20_rep_gia",NA,NA,NA,NA
"Daniels County","vap_black","gov_20_dem_coo",NA,NA,NA,NA
"Daniels County","vap_hisp","gov_20_rep_gia",0.493275905812233,0.198243104140342,0.121325105256773,0.871197609654366
"Daniels County","vap_hisp","gov_20_dem_coo",0.506724094187767,0.198243104140342,0.128802390345634,0.878674894743227
"Daniels County","vap_asian","gov_20_rep_gia",0.497149781714165,0.20603060615981,0.111747346711606,0.884308176439347
"Daniels County","vap_asian","gov_20_dem_coo",0.502850218285835,0.20603060615981,0.115691823560653,0.888252653288394
"Daniels County","vap_aian","gov_20_rep_gia",0.501201081377628,0.225574722325449,0.0844588360024053,0.916284283567699
"Daniels County","vap_aian","gov_20_dem_coo",0.498798918622372,0.225574722325449,0.0837157164323008,0.915541163997594
"Daniels County","vap_oth_b","gov_20_rep_gia",0.483337522432936,0.197602446114629,0.114528177589724,0.854529755026057
"Daniels County","vap_oth_b","gov_20_dem_coo",0.516662477567064,0.197602446114629,0.145470244973943,0.885471822410276
"Daniels County","vap_white","atg_20_rep_knu",0.8068150359593,0.0200047792625763,0.767664927222675,0.845239744952814
"Daniels County","vap_white","atg_20_dem_gra",0.1931849640407,0.0200047792625763,0.154760255047186,0.232335072777325
"Daniels County","vap_black","atg_20_rep_knu",NA,NA,NA,NA
"Daniels County","vap_black","atg_20_dem_gra",NA,NA,NA,NA
"Daniels County","vap_hisp","atg_20_rep_knu",0.49556424521429,0.196582034789625,0.121717227580709,0.871517243000753
"Daniels County","vap_hisp","atg_20_dem_gra",0.504435754785709,0.196582034789625,0.128482756999247,0.878282772419291
"Daniels County","vap_asian","atg_20_rep_knu",0.504150140173084,0.210476859560345,0.1056317433452,0.903956497785875
"Daniels County","vap_asian","atg_20_dem_gra",0.495849859826916,0.210476859560345,0.0960435022141246,0.8943682566548
"Daniels County","vap_aian","atg_20_rep_knu",0.498753989670455,0.223912392218678,0.0854049078575641,0.911051653160896
"Daniels County","vap_aian","atg_20_dem_gra",0.501246010329545,0.223912392218678,0.0889483468391037,0.914595092142436
"Daniels County","vap_oth_b","atg_20_rep_knu",0.494800322191786,0.20197963285202,0.114668348263664,0.879080436877609
"Daniels County","vap_oth_b","atg_20_dem_gra",0.505199677808214,0.20197963285202,0.120919563122391,0.885331651736336
"Daniels County","vap_white","sos_20_rep_jac",0.830094735273761,0.0200671467316529,0.790486273535151,0.868588660092697
"Daniels County","vap_white","sos_20_dem_ben",0.169905264726239,0.0200671467316529,0.131411339907303,0.209513726464849
"Daniels County","vap_black","sos_20_rep_jac",NA,NA,NA,NA
"Daniels County","vap_black","sos_20_dem_ben",NA,NA,NA,NA
"Daniels County","vap_hisp","sos_20_rep_jac",0.487808820811866,0.199522999558734,0.121850561936799,0.869226856460228
"Daniels County","vap_hisp","sos_20_dem_ben",0.512191179188134,0.199522999558734,0.130773143539772,0.878149438063201
"Daniels County","vap_asian","sos_20_rep_jac",0.487784893994516,0.205862191084919,0.107722519083198,0.882293801107517
"Daniels County","vap_asian","sos_20_dem_ben",0.512215106005484,0.205862191084919,0.117706198892483,0.892277480916802
"Daniels County","vap_aian","sos_20_rep_jac",0.489061329000007,0.227610797918644,0.0667972066673404,0.919604703986591
"Daniels County","vap_aian","sos_20_dem_ben",0.510938670999993,0.227610797918644,0.0803952960134088,0.933202793332659
"Daniels County","vap_oth_b","sos_20_rep_jac",0.492952057877567,0.205996098147086,0.10848292899239,0.882938052007713
"Daniels County","vap_oth_b","sos_20_dem_ben",0.507047942122433,0.205996098147086,0.117061947992287,0.89151707100761
"Dawson County","vap_white","pre_16_rep_tru",0.832869813835097,0.0134698675184273,0.80668911985046,0.858746860158459
"Dawson County","vap_white","pre_16_dem_cli",0.167130186164903,0.0134698675184273,0.141253139841541,0.19331088014954
"Dawson County","vap_black","pre_16_rep_tru",0.493006286475818,0.195605072257463,0.131606002471986,0.856792531925881
"Dawson County","vap_black","pre_16_dem_cli",0.506993713524182,0.195605072257463,0.143207468074119,0.868393997528014
"Dawson County","vap_hisp","pre_16_rep_tru",0.488526946466977,0.1906174292436,0.115432881943513,0.845621503440357
"Dawson County","vap_hisp","pre_16_dem_cli",0.511473053533023,0.1906174292436,0.154378496559642,0.884567118056487
"Dawson County","vap_asian","pre_16_rep_tru",0.497572451983064,0.183986558692231,0.149563579875593,0.849259911959275
"Dawson County","vap_asian","pre_16_dem_cli",0.502427548016936,0.183986558692231,0.150740088040725,0.850436420124407
"Dawson County","vap_aian","pre_16_rep_tru",0.493188678670961,0.216373826133226,0.11187643308149,0.917407303907462
"Dawson County","vap_aian","pre_16_dem_cli",0.506811321329039,0.216373826133226,0.0825926960925377,0.88812356691851
"Dawson County","vap_oth_b","pre_16_rep_tru",0.479317284834582,0.188843085540603,0.134890834179941,0.857377837987448
"Dawson County","vap_oth_b","pre_16_dem_cli",0.520682715165418,0.188843085540603,0.142622162012552,0.865109165820058
"Dawson County","vap_white","gov_16_rep_gia",0.765383595125705,0.0137231625836257,0.738732626751188,0.792190072862265
"Dawson County","vap_white","gov_16_dem_bul",0.234616404874295,0.0137231625836257,0.207809927137735,0.261267373248812
"Dawson County","vap_black","gov_16_rep_gia",0.512105031549819,0.194791609123383,0.134405740009011,0.864515960730636
"Dawson County","vap_black","gov_16_dem_bul",0.487894968450181,0.194791609123383,0.135484039269365,0.865594259990989
"Dawson County","vap_hisp","gov_16_rep_gia",0.488991382730703,0.195842021669633,0.124822606198158,0.853941686536418
"Dawson County","vap_hisp","gov_16_dem_bul",0.511008617269297,0.195842021669633,0.146058313463582,0.875177393801842
"Dawson County","vap_asian","gov_16_rep_gia",0.490591626868713,0.184880474954927,0.147984664318751,0.839613054931493
"Dawson County","vap_asian","gov_16_dem_bul",0.509408373131287,0.184880474954927,0.160386945068507,0.852015335681249
"Dawson County","vap_aian","gov_16_rep_gia",0.486284221401283,0.203822501267798,0.117295762312639,0.869592678908833
"Dawson County","vap_aian","gov_16_dem_bul",0.513715778598717,0.203822501267798,0.130407321091167,0.882704237687361
"Dawson County","vap_oth_b","gov_16_rep_gia",0.490107497464463,0.190866394307872,0.137538399767174,0.849928355893395
"Dawson County","vap_oth_b","gov_16_dem_bul",0.509892502535537,0.190866394307872,0.150071644106605,0.862461600232826
"Dawson County","vap_white","atg_16_rep_fox",0.828088192957312,0.0128040813548592,0.803025590720238,0.853421034242886
"Dawson County","vap_white","atg_16_dem_jen",0.171911807042688,0.0128040813548592,0.146578965757114,0.196974409279762
"Dawson County","vap_black","atg_16_rep_fox",0.492289448128734,0.194547035629719,0.12975231129984,0.858895213980776
"Dawson County","vap_black","atg_16_dem_jen",0.507710551871266,0.194547035629719,0.141104786019224,0.87024768870016
"Dawson County","vap_hisp","atg_16_rep_fox",0.490837368900223,0.190561842130301,0.126390964773394,0.850833220623668
"Dawson County","vap_hisp","atg_16_dem_jen",0.509162631099777,0.190561842130301,0.149166779376333,0.873609035226606
"Dawson County","vap_asian","atg_16_rep_fox",0.495524957585057,0.189968616975187,0.14358030767826,0.854966359591657
"Dawson County","vap_asian","atg_16_dem_jen",0.504475042414943,0.189968616975187,0.145033640408342,0.85641969232174
"Dawson County","vap_aian","atg_16_rep_fox",0.497713510362263,0.209180824528071,0.113564122391543,0.883399046372051
"Dawson County","vap_aian","atg_16_dem_jen",0.502286489637737,0.209180824528071,0.116600953627949,0.886435877608457
"Dawson County","vap_oth_b","atg_16_rep_fox",0.490021379356394,0.180975173225921,0.139787100554771,0.831094757679802
"Dawson County","vap_oth_b","atg_16_dem_jen",0.509978620643606,0.180975173225921,0.168905242320197,0.860212899445228
"Dawson County","vap_white","sos_16_rep_sta",0.70382106763386,0.0138532129216238,0.676731182261238,0.730848943859641
"Dawson County","vap_white","sos_16_dem_lin",0.29617893236614,0.0138532129216238,0.269151056140359,0.323268817738762
"Dawson County","vap_black","sos_16_rep_sta",0.487803014794939,0.196697798685918,0.116700018936315,0.853209754090398
"Dawson County","vap_black","sos_16_dem_lin",0.512196985205061,0.196697798685918,0.146790245909602,0.883299981063685
"Dawson County","vap_hisp","sos_16_rep_sta",0.500567228035548,0.187099477876459,0.14393312634229,0.85239599465224
"Dawson County","vap_hisp","sos_16_dem_lin",0.499432771964452,0.187099477876459,0.14760400534776,0.85606687365771
"Dawson County","vap_asian","sos_16_rep_sta",0.503869269828005,0.189150531160275,0.131982686109793,0.857878615039924
"Dawson County","vap_asian","sos_16_dem_lin",0.496130730171995,0.189150531160275,0.142121384960076,0.868017313890207
"Dawson County","vap_aian","sos_16_rep_sta",0.500021668163234,0.206137830320858,0.11871828056147,0.879753858376468
"Dawson County","vap_aian","sos_16_dem_lin",0.499978331836766,0.206137830320858,0.120246141623531,0.88128171943853
"Dawson County","vap_oth_b","sos_16_rep_sta",0.487020736453539,0.189370009345917,0.139297574306993,0.84851606127569
"Dawson County","vap_oth_b","sos_16_dem_lin",0.512979263546461,0.189370009345917,0.15148393872431,0.860702425693007
"Dawson County","vap_white","uss_18_rep_ros",0.691721254743868,0.0143287756052905,0.663194291855339,0.719285412457698
"Dawson County","vap_white","uss_18_dem_tes",0.308278745256132,0.0143287756052905,0.280714587542302,0.336805708144661
"Dawson County","vap_black","uss_18_rep_ros",0.48961873845613,0.201409960164401,0.105152623106898,0.862213794308913
"Dawson County","vap_black","uss_18_dem_tes",0.51038126154387,0.201409960164401,0.137786205691087,0.894847376893101
"Dawson County","vap_hisp","uss_18_rep_ros",0.504319031883026,0.187971374867322,0.143424621086426,0.859029253059571
"Dawson County","vap_hisp","uss_18_dem_tes",0.495680968116974,0.187971374867322,0.140970746940429,0.856575378913574
"Dawson County","vap_asian","uss_18_rep_ros",0.499892500194645,0.188582660816016,0.146775394966708,0.856892366797588
"Dawson County","vap_asian","uss_18_dem_tes",0.500107499805355,0.188582660816016,0.143107633202412,0.853224605033292
"Dawson County","vap_aian","uss_18_rep_ros",0.510012867846652,0.218303140828794,0.108460272727907,0.915813038032091
"Dawson County","vap_aian","uss_18_dem_tes",0.489987132153348,0.218303140828794,0.0841869619679087,0.891539727272093
"Dawson County","vap_oth_b","uss_18_rep_ros",0.498729240299754,0.194327319431079,0.128781448832524,0.865075977089929
"Dawson County","vap_oth_b","uss_18_dem_tes",0.501270759700246,0.194327319431079,0.134924022910071,0.871218551167476
"Dawson County","vap_white","pre_20_rep_tru",0.820972181382866,0.0129972220997077,0.79522383842628,0.845872536614573
"Dawson County","vap_white","pre_20_dem_bid",0.179027818617134,0.0129972220997077,0.154127463385427,0.20477616157372
"Dawson County","vap_black","pre_20_rep_tru",0.495645741957521,0.198531059465106,0.132448236909688,0.871285230142901
"Dawson County","vap_black","pre_20_dem_bid",0.504354258042479,0.198531059465106,0.128714769857099,0.867551763090312
"Dawson County","vap_hisp","pre_20_rep_tru",0.486313970660439,0.191243782056434,0.134727187027513,0.843257314189757
"Dawson County","vap_hisp","pre_20_dem_bid",0.513686029339561,0.191243782056434,0.156742685810243,0.865272812972486
"Dawson County","vap_asian","pre_20_rep_tru",0.494871237847177,0.193397495477657,0.131012191691275,0.864007188556081
"Dawson County","vap_asian","pre_20_dem_bid",0.505128762152823,0.193397495477657,0.135992811443919,0.868987808308725
"Dawson County","vap_aian","pre_20_rep_tru",0.482741511286848,0.202330076927725,0.123467765475117,0.872228003355739
"Dawson County","vap_aian","pre_20_dem_bid",0.517258488713152,0.202330076927725,0.127771996644261,0.876532234524883
"Dawson County","vap_oth_b","pre_20_rep_tru",0.477091223226416,0.185278551836599,0.13258057995991,0.837739098683742
"Dawson County","vap_oth_b","pre_20_dem_bid",0.522908776773584,0.185278551836599,0.162260901316258,0.86741942004009
"Dawson County","vap_white","uss_20_rep_dai",0.772793940421721,0.0131901967943058,0.746936804752446,0.798639477706104
"Dawson County","vap_white","uss_20_dem_bul",0.227206059578279,0.0131901967943058,0.201360522293896,0.253063195247554
"Dawson County","vap_black","uss_20_rep_dai",0.499195415484742,0.19794759477596,0.134574328397602,0.863504495526168
"Dawson County","vap_black","uss_20_dem_bul",0.500804584515258,0.19794759477596,0.136495504473832,0.865425671602398
"Dawson County","vap_hisp","uss_20_rep_dai",0.503683864535432,0.189127560283678,0.154103579660532,0.871893928604424
"Dawson County","vap_hisp","uss_20_dem_bul",0.496316135464568,0.189127560283678,0.128106071395576,0.845896420339468
"Dawson County","vap_asian","uss_20_rep_dai",0.505581576800679,0.191888733665834,0.143065112214253,0.86292775255351
"Dawson County","vap_asian","uss_20_dem_bul",0.494418423199321,0.191888733665834,0.13707224744649,0.856934887785747
"Dawson County","vap_aian","uss_20_rep_dai",0.49125719375433,0.209482072817508,0.109008517698321,0.881177165293523
"Dawson County","vap_aian","uss_20_dem_bul",0.50874280624567,0.209482072817508,0.118822834706477,0.890991482301679
"Dawson County","vap_oth_b","uss_20_rep_dai",0.494948540144308,0.186681031979725,0.147474240849122,0.85179534736145
"Dawson County","vap_oth_b","uss_20_dem_bul",0.505051459855692,0.186681031979725,0.148204652638549,0.852525759150878
"Dawson County","vap_white","gov_20_rep_gia",0.777436485162358,0.01335140068049,0.751990655407103,0.803378120205654
"Dawson County","vap_white","gov_20_dem_coo",0.222563514837642,0.01335140068049,0.196621879794346,0.248009344592897
"Dawson County","vap_black","gov_20_rep_gia",0.500201013871028,0.194788487633216,0.1302890735933,0.858596498477718
"Dawson County","vap_black","gov_20_dem_coo",0.499798986128972,0.194788487633216,0.141403501522282,0.8697109264067
"Dawson County","vap_hisp","gov_20_rep_gia",0.496454519618769,0.192205322158856,0.139601915593197,0.851335166611085
"Dawson County","vap_hisp","gov_20_dem_coo",0.503545480381231,0.192205322158856,0.148664833388915,0.860398084406803
"Dawson County","vap_asian","gov_20_rep_gia",0.499014248894338,0.187896902342788,0.143344443578581,0.853479386691603
"Dawson County","vap_asian","gov_20_dem_coo",0.500985751105662,0.187896902342788,0.146520613308397,0.856655556421419
"Dawson County","vap_aian","gov_20_rep_gia",0.479563142835354,0.207320469228811,0.106274778911701,0.871615136312326
"Dawson County","vap_aian","gov_20_dem_coo",0.520436857164646,0.207320469228811,0.128384863687674,0.893725221088298
"Dawson County","vap_oth_b","gov_20_rep_gia",0.495727853209094,0.190965784705188,0.133358514420735,0.84708525091623
"Dawson County","vap_oth_b","gov_20_dem_coo",0.504272146790906,0.190965784705188,0.15291474908377,0.866641485579265
"Dawson County","vap_white","atg_20_rep_knu",0.800509559891508,0.0132045211736287,0.774255236699671,0.825825353857595
"Dawson County","vap_white","atg_20_dem_gra",0.199490440108492,0.0132045211736287,0.174174646142405,0.225744763300329
"Dawson County","vap_black","atg_20_rep_knu",0.48868363199928,0.192027871536351,0.134811716424666,0.854626817259357
"Dawson County","vap_black","atg_20_dem_gra",0.51131636800072,0.192027871536351,0.145373182740643,0.865188283575334
"Dawson County","vap_hisp","atg_20_rep_knu",0.490182089152099,0.188606847760955,0.143978153882794,0.84989203151246
"Dawson County","vap_hisp","atg_20_dem_gra",0.509817910847901,0.188606847760955,0.150107968487541,0.856021846117206
"Dawson County","vap_asian","atg_20_rep_knu",0.500557819396603,0.185988587659826,0.145144945650321,0.841523565445745
"Dawson County","vap_asian","atg_20_dem_gra",0.499442180603397,0.185988587659826,0.158476434554255,0.854855054349679
"Dawson County","vap_aian","atg_20_rep_knu",0.506984979453947,0.204967499268887,0.123139534993732,0.879776764602754
"Dawson County","vap_aian","atg_20_dem_gra",0.493015020546053,0.204967499268887,0.120223235397246,0.876860465006268
"Dawson County","vap_oth_b","atg_20_rep_knu",0.502127406641414,0.190746909149233,0.14676686303869,0.876385510011492
"Dawson County","vap_oth_b","atg_20_dem_gra",0.497872593358586,0.190746909149233,0.123614489988508,0.853233136961309
"Dawson County","vap_white","sos_20_rep_jac",0.809336237780961,0.0127539868500406,0.785107181219185,0.834328551835132
"Dawson County","vap_white","sos_20_dem_ben",0.190663762219039,0.0127539868500406,0.165671448164868,0.214892818780815
"Dawson County","vap_black","sos_20_rep_jac",0.508690380436272,0.190584504878243,0.148029521807316,0.863786514369428
"Dawson County","vap_black","sos_20_dem_ben",0.491309619563728,0.190584504878243,0.136213485630572,0.851970478192684
"Dawson County","vap_hisp","sos_20_rep_jac",0.495857509577615,0.190928009430608,0.140224250154288,0.849510636859223
"Dawson County","vap_hisp","sos_20_dem_ben",0.504142490422384,0.190928009430608,0.150489363140777,0.859775749845712
"Dawson County","vap_asian","sos_20_rep_jac",0.499585663402851,0.185305700879782,0.149641212959548,0.857784009790719
"Dawson County","vap_asian","sos_20_dem_ben",0.500414336597149,0.185305700879782,0.142215990209281,0.850358787040452
"Dawson County","vap_aian","sos_20_rep_jac",0.492718305131719,0.204830443976161,0.117835752936835,0.874757305142054
"Dawson County","vap_aian","sos_20_dem_ben",0.507281694868281,0.204830443976161,0.125242694857946,0.882164247063165
"Dawson County","vap_oth_b","sos_20_rep_jac",0.487717863963471,0.184935909886063,0.135279686250119,0.832531706345681
"Dawson County","vap_oth_b","sos_20_dem_ben",0.512282136036529,0.184935909886063,0.167468293654319,0.864720313749881
"Deer Lodge County","vap_white","pre_16_rep_tru",0.470673043192089,0.0143973209584591,0.442205563496792,0.498047648265276
"Deer Lodge County","vap_white","pre_16_dem_cli",0.529326956807911,0.0143973209584591,0.501952351734725,0.557794436503208
"Deer Lodge County","vap_black","pre_16_rep_tru",0.504288783552574,0.184716901733033,0.161489622650259,0.851005847908643
"Deer Lodge County","vap_black","pre_16_dem_cli",0.495711216447426,0.184716901733033,0.148994152091357,0.838510377349741
"Deer Lodge County","vap_hisp","pre_16_rep_tru",0.502270328094494,0.170777326140115,0.182649099738592,0.823361867902167
"Deer Lodge County","vap_hisp","pre_16_dem_cli",0.497729671905506,0.170777326140115,0.176638132097833,0.817350900261408
"Deer Lodge County","vap_asian","pre_16_rep_tru",0.487575204184071,0.189826752963719,0.128369316765876,0.850037260453733
"Deer Lodge County","vap_asian","pre_16_dem_cli",0.512424795815929,0.189826752963719,0.149962739546267,0.871630683234124
"Deer Lodge County","vap_aian","pre_16_rep_tru",0.509212866912046,0.181034952437316,0.160788344288931,0.852267489024067
"Deer Lodge County","vap_aian","pre_16_dem_cli",0.490787133087954,0.181034952437316,0.147732510975933,0.839211655711069
"Deer Lodge County","vap_oth_b","pre_16_rep_tru",0.497632942778205,0.171038380316828,0.175906463149122,0.821000111139802
"Deer Lodge County","vap_oth_b","pre_16_dem_cli",0.502367057221795,0.171038380316828,0.178999888860198,0.824093536850878
"Deer Lodge County","vap_white","gov_16_rep_gia",0.257656215823111,0.0136622571211693,0.231205148932432,0.28397534877201
"Deer Lodge County","vap_white","gov_16_dem_bul",0.742343784176889,0.0136622571211693,0.71602465122799,0.768794851067568
"Deer Lodge County","vap_black","gov_16_rep_gia",0.501837994371182,0.195381042668124,0.132798197137569,0.870550850449773
"Deer Lodge County","vap_black","gov_16_dem_bul",0.498162005628818,0.195381042668124,0.129449149550228,0.867201802862431
"Deer Lodge County","vap_hisp","gov_16_rep_gia",0.509498290135669,0.170703293513206,0.186273433736976,0.828052225353527
"Deer Lodge County","vap_hisp","gov_16_dem_bul",0.490501709864331,0.170703293513206,0.171947774646473,0.813726566263023
"Deer Lodge County","vap_asian","gov_16_rep_gia",0.5012104259709,0.186042771800932,0.139748616489739,0.841418879558906
"Deer Lodge County","vap_asian","gov_16_dem_bul",0.4987895740291,0.186042771800932,0.158581120441094,0.860251383510261
"Deer Lodge County","vap_aian","gov_16_rep_gia",0.52226214664535,0.174479059043043,0.184396754326222,0.845455057100176
"Deer Lodge County","vap_aian","gov_16_dem_bul",0.47773785335465,0.174479059043043,0.154544942899824,0.815603245673778
"Deer Lodge County","vap_oth_b","gov_16_rep_gia",0.513942774041441,0.183803314385428,0.174017173786872,0.863670324465359
"Deer Lodge County","vap_oth_b","gov_16_dem_bul",0.486057225958558,0.183803314385428,0.136329675534641,0.825982826213128
"Deer Lodge County","vap_white","atg_16_rep_fox",0.498307449182706,0.0143193882416317,0.470216672505005,0.526406200141998
"Deer Lodge County","vap_white","atg_16_dem_jen",0.501692550817294,0.0143193882416317,0.473593799858002,0.529783327494995
"Deer Lodge County","vap_black","atg_16_rep_fox",0.507566934376072,0.191535388914411,0.150237019236286,0.868352801930908
"Deer Lodge County","vap_black","atg_16_dem_jen",0.492433065623928,0.191535388914411,0.131647198069092,0.849762980763714
"Deer Lodge County","vap_hisp","atg_16_rep_fox",0.49895457761328,0.176214285137676,0.179355230679885,0.847451094416303
"Deer Lodge County","vap_hisp","atg_16_dem_jen",0.50104542238672,0.176214285137676,0.152548905583697,0.820644769320115
"Deer Lodge County","vap_asian","atg_16_rep_fox",0.483862136928587,0.189257666539795,0.122496056821549,0.843649107459301
"Deer Lodge County","vap_asian","atg_16_dem_jen",0.516137863071413,0.189257666539795,0.156350892540699,0.877503943178451
"Deer Lodge County","vap_aian","atg_16_rep_fox",0.500121849444708,0.188840734443073,0.148841687638812,0.85496619717139
"Deer Lodge County","vap_aian","atg_16_dem_jen",0.499878150555293,0.188840734443073,0.14503380282861,0.851158312361188
"Deer Lodge County","vap_oth_b","atg_16_rep_fox",0.506833544821962,0.169932003803036,0.178028044489636,0.823307309045672
"Deer Lodge County","vap_oth_b","atg_16_dem_jen",0.493166455178038,0.169932003803036,0.176692690954328,0.821971955510364
"Deer Lodge County","vap_white","sos_16_rep_sta",0.386488029442297,0.0143610437298401,0.358625608218196,0.414637853181145
"Deer Lodge County","vap_white","sos_16_dem_lin",0.613511970557703,0.0143610437298401,0.585362146818855,0.641374391781804
"Deer Lodge County","vap_black","sos_16_rep_sta",0.480155313996646,0.194051232037355,0.115334733110692,0.839356322549915
"Deer Lodge County","vap_black","sos_16_dem_lin",0.519844686003354,0.194051232037355,0.160643677450085,0.884665266889308
"Deer Lodge County","vap_hisp","sos_16_rep_sta",0.51110778195556,0.178675233335069,0.170772676252589,0.837997748680108
"Deer Lodge County","vap_hisp","sos_16_dem_lin",0.48889221804444,0.178675233335069,0.162002251319892,0.829227323747411
"Deer Lodge County","vap_asian","sos_16_rep_sta",0.497649284684581,0.179868084648588,0.158907208527232,0.836739830913165
"Deer Lodge County","vap_asian","sos_16_dem_lin",0.502350715315419,0.179868084648588,0.163260169086835,0.841092791472768
"Deer Lodge County","vap_aian","sos_16_rep_sta",0.507891220990356,0.17878715356556,0.16910442656876,0.844108597601918
"Deer Lodge County","vap_aian","sos_16_dem_lin",0.492108779009644,0.17878715356556,0.155891402398082,0.83089557343124
"Deer Lodge County","vap_oth_b","sos_16_rep_sta",0.516785848343785,0.176333893878706,0.163991486484174,0.829263509960848
"Deer Lodge County","vap_oth_b","sos_16_dem_lin",0.483214151656215,0.176333893878706,0.170736490039152,0.836008513515827
"Deer Lodge County","vap_white","uss_18_rep_ros",0.293236856755544,0.0137034315890883,0.266500733569832,0.320205504217257
"Deer Lodge County","vap_white","uss_18_dem_tes",0.706763143244456,0.0137034315890883,0.679794495782743,0.733499266430168
"Deer Lodge County","vap_black","uss_18_rep_ros",0.501521552940378,0.18862956791679,0.144720810276469,0.846543172837447
"Deer Lodge County","vap_black","uss_18_dem_tes",0.498478447059622,0.18862956791679,0.153456827162553,0.855279189723531
"Deer Lodge County","vap_hisp","uss_18_rep_ros",0.517583349034096,0.183173963685898,0.168566937566104,0.86186086990888
"Deer Lodge County","vap_hisp","uss_18_dem_tes",0.482416650965904,0.183173963685898,0.13813913009112,0.831433062433896
"Deer Lodge County","vap_asian","uss_18_rep_ros",0.498907730992239,0.178774682898735,0.161428767091436,0.826363742317069
"Deer Lodge County","vap_asian","uss_18_dem_tes",0.501092269007761,0.178774682898735,0.173636257682931,0.838571232908564
"Deer Lodge County","vap_aian","uss_18_rep_ros",0.528905442071792,0.179648901627276,0.175041226399706,0.853862194896153
"Deer Lodge County","vap_aian","uss_18_dem_tes",0.471094557928208,0.179648901627276,0.146137805103847,0.824958773600294
"Deer Lodge County","vap_oth_b","uss_18_rep_ros",0.513429244295748,0.177163448699965,0.179568149532288,0.856775669467461
"Deer Lodge County","vap_oth_b","uss_18_dem_tes",0.486570755704252,0.177163448699965,0.143224330532539,0.820431850467712
"Deer Lodge County","vap_white","pre_20_rep_tru",0.470879530698048,0.0137960514367781,0.443932915369597,0.497420475579737
"Deer Lodge County","vap_white","pre_20_dem_bid",0.529120469301951,0.0137960514367781,0.502579524420263,0.556067084630403
"Deer Lodge County","vap_black","pre_20_rep_tru",0.492545130277103,0.193909118083223,0.138145346244742,0.860274744253643
"Deer Lodge County","vap_black","pre_20_dem_bid",0.507454869722897,0.193909118083223,0.139725255746357,0.861854653755258
"Deer Lodge County","vap_hisp","pre_20_rep_tru",0.492624429218988,0.174702326607468,0.163089337983331,0.824467620496097
"Deer Lodge County","vap_hisp","pre_20_dem_bid",0.507375570781012,0.174702326607468,0.175532379503903,0.836910662016669
"Deer Lodge County","vap_asian","pre_20_rep_tru",0.494136700327315,0.188394022692602,0.129197914608287,0.837858953413191
"Deer Lodge County","vap_asian","pre_20_dem_bid",0.505863299672685,0.188394022692602,0.162141046586809,0.870802085391713
"Deer Lodge County","vap_aian","pre_20_rep_tru",0.516483339127441,0.178503636772517,0.181496661924685,0.853980735639882
"Deer Lodge County","vap_aian","pre_20_dem_bid",0.483516660872559,0.178503636772517,0.146019264360118,0.818503338075315
"Deer Lodge County","vap_oth_b","pre_20_rep_tru",0.512084910013604,0.176366327433209,0.179050554915857,0.840650680637704
"Deer Lodge County","vap_oth_b","pre_20_dem_bid",0.487915089986396,0.176366327433209,0.159349319362296,0.820949445084143
"Deer Lodge County","vap_white","uss_20_rep_dai",0.389988456652201,0.0132580074939953,0.364322164681114,0.415758726046041
"Deer Lodge County","vap_white","uss_20_dem_bul",0.610011543347799,0.0132580074939953,0.584241273953959,0.635677835318886
"Deer Lodge County","vap_black","uss_20_rep_dai",0.495273032749725,0.197881540451016,0.120661124310479,0.859543553215002
"Deer Lodge County","vap_black","uss_20_dem_bul",0.504726967250276,0.197881540451016,0.140456446784998,0.879338875689521
"Deer Lodge County","vap_hisp","uss_20_rep_dai",0.490672430207627,0.174130475898251,0.169207618854769,0.820529146400481
"Deer Lodge County","vap_hisp","uss_20_dem_bul",0.509327569792373,0.174130475898251,0.179470853599519,0.830792381145231
"Deer Lodge County","vap_asian","uss_20_rep_dai",0.473982577107233,0.188088369142683,0.126667551356811,0.835524633537503
"Deer Lodge County","vap_asian","uss_20_dem_bul",0.526017422892767,0.188088369142683,0.164475366462497,0.873332448643189
"Deer Lodge County","vap_aian","uss_20_rep_dai",0.493834867904923,0.185360556513693,0.147414967307316,0.838862258041434
"Deer Lodge County","vap_aian","uss_20_dem_bul",0.506165132095077,0.185360556513693,0.161137741958565,0.852585032692684
"Deer Lodge County","vap_oth_b","uss_20_rep_dai",0.497579747230602,0.172056099513859,0.180047358461387,0.833820596040832
"Deer Lodge County","vap_oth_b","uss_20_dem_bul",0.502420252769398,0.172056099513859,0.166179403959168,0.819952641538613
"Deer Lodge County","vap_white","gov_20_rep_gia",0.406598891021373,0.0135097768374258,0.379675082687831,0.432610845181151
"Deer Lodge County","vap_white","gov_20_dem_coo",0.593401108978627,0.0135097768374258,0.567389154818849,0.620324917312168
"Deer Lodge County","vap_black","gov_20_rep_gia",0.495999813684245,0.188018440065779,0.144244536716387,0.84882493961607
"Deer Lodge County","vap_black","gov_20_dem_coo",0.504000186315755,0.188018440065779,0.15117506038393,0.855755463283613
"Deer Lodge County","vap_hisp","gov_20_rep_gia",0.493240254343469,0.176784743567075,0.16459817780949,0.827583570621971
"Deer Lodge County","vap_hisp","gov_20_dem_coo",0.506759745656531,0.176784743567075,0.172416429378029,0.83540182219051
"Deer Lodge County","vap_asian","gov_20_rep_gia",0.506432986202346,0.184814405708983,0.156160706740395,0.847408329078729
"Deer Lodge County","vap_asian","gov_20_dem_coo",0.493567013797654,0.184814405708983,0.152591670921271,0.843839293259605
"Deer Lodge County","vap_aian","gov_20_rep_gia",0.520080137271004,0.181623936188554,0.176849066433148,0.856739402420632
"Deer Lodge County","vap_aian","gov_20_dem_coo",0.479919862728996,0.181623936188554,0.143260597579368,0.823150933566852
"Deer Lodge County","vap_oth_b","gov_20_rep_gia",0.501005558154884,0.169824657414619,0.192801649281759,0.831995801241208
"Deer Lodge County","vap_oth_b","gov_20_dem_coo",0.498994441845116,0.169824657414619,0.168004198758792,0.807198350718241
"Deer Lodge County","vap_white","atg_20_rep_knu",0.445606583931082,0.0129789767223997,0.420369279280055,0.47102764301477
"Deer Lodge County","vap_white","atg_20_dem_gra",0.554393416068918,0.0129789767223997,0.52897235698523,0.579630720719945
"Deer Lodge County","vap_black","atg_20_rep_knu",0.49899135310219,0.19357802509612,0.132273093405177,0.867128018417517
"Deer Lodge County","vap_black","atg_20_dem_gra",0.50100864689781,0.19357802509612,0.132871981582483,0.867726906594823
"Deer Lodge County","vap_hisp","atg_20_rep_knu",0.50531392784305,0.177412032831375,0.16611637889418,0.826522851598132
"Deer Lodge County","vap_hisp","atg_20_dem_gra",0.49468607215695,0.177412032831375,0.173477148401868,0.83388362110582
"Deer Lodge County","vap_asian","atg_20_rep_knu",0.510135509215095,0.186677831588824,0.160614189829521,0.86367000590576
"Deer Lodge County","vap_asian","atg_20_dem_gra",0.489864490784905,0.186677831588824,0.13632999409424,0.839385810170479
"Deer Lodge County","vap_aian","atg_20_rep_knu",0.507742844898998,0.17914714602844,0.165579934364536,0.83432132198151
"Deer Lodge County","vap_aian","atg_20_dem_gra",0.492257155101002,0.17914714602844,0.16567867801849,0.834420065635464
"Deer Lodge County","vap_oth_b","atg_20_rep_knu",0.494467117328126,0.16599446499111,0.176181590626671,0.807312006370321
"Deer Lodge County","vap_oth_b","atg_20_dem_gra",0.505532882671874,0.16599446499111,0.192687993629679,0.823818409373329
"Deer Lodge County","vap_white","sos_20_rep_jac",0.456243498498884,0.0134874362139092,0.430188109656774,0.482714109590319
"Deer Lodge County","vap_white","sos_20_dem_ben",0.543756501501116,0.0134874362139092,0.517285890409681,0.569811890343226
"Deer Lodge County","vap_black","sos_20_rep_jac",0.496372194568547,0.189621600710921,0.14261082557745,0.845156840478584
"Deer Lodge County","vap_black","sos_20_dem_ben",0.503627805431453,0.189621600710921,0.154843159521416,0.85738917442255
"Deer Lodge County","vap_hisp","sos_20_rep_jac",0.501294803830389,0.176003229490253,0.161497157992208,0.828338838644973
"Deer Lodge County","vap_hisp","sos_20_dem_ben",0.498705196169611,0.176003229490253,0.171661161355027,0.838502842007792
"Deer Lodge County","vap_asian","sos_20_rep_jac",0.497474328748333,0.187564686631921,0.144058458242554,0.841216399184999
"Deer Lodge County","vap_asian","sos_20_dem_ben",0.502525671251667,0.187564686631921,0.158783600815001,0.855941541757446
"Deer Lodge County","vap_aian","sos_20_rep_jac",0.519091826482221,0.181215228289145,0.159509414333287,0.845073295599677
"Deer Lodge County","vap_aian","sos_20_dem_ben",0.480908173517779,0.181215228289145,0.154926704400323,0.840490585666713
"Deer Lodge County","vap_oth_b","sos_20_rep_jac",0.499168301828679,0.171597931829051,0.169378287798779,0.818195270532124
"Deer Lodge County","vap_oth_b","sos_20_dem_ben",0.500831698171321,0.171597931829051,0.181804729467876,0.83062171220122
"Fergus County","vap_white","pre_16_rep_tru",0.809113034977239,0.0100060013360592,0.788948926102776,0.82777518516049
"Fergus County","vap_white","pre_16_dem_cli",0.190886965022762,0.0100060013360592,0.17222481483951,0.211051073897224
"Fergus County","vap_black","pre_16_rep_tru",0.498393201362914,0.223840522175443,0.0768923853459648,0.909875512109758
"Fergus County","vap_black","pre_16_dem_cli",0.501606798637086,0.223840522175443,0.0901244878902423,0.923107614654035
"Fergus County","vap_hisp","pre_16_rep_tru",0.468607842711877,0.176281919231525,0.149463002906445,0.824910422339381
"Fergus County","vap_hisp","pre_16_dem_cli",0.531392157288123,0.176281919231525,0.175089577660619,0.850536997093555
"Fergus County","vap_asian","pre_16_rep_tru",0.474502985972387,0.191092995126793,0.117987503506135,0.828734806379131
"Fergus County","vap_asian","pre_16_dem_cli",0.525497014027613,0.191092995126793,0.171265193620868,0.882012496493865
"Fergus County","vap_aian","pre_16_rep_tru",0.48530555384057,0.181872976302998,0.150378933180102,0.837764100997323
"Fergus County","vap_aian","pre_16_dem_cli",0.51469444615943,0.181872976302998,0.162235899002677,0.849621066819898
"Fergus County","vap_oth_b","pre_16_rep_tru",0.468315603456328,0.178369389417148,0.15177401826754,0.821556571854245
"Fergus County","vap_oth_b","pre_16_dem_cli",0.531684396543672,0.178369389417148,0.178443428145755,0.84822598173246
"Fergus County","vap_white","gov_16_rep_gia",0.650678971365382,0.0103473984627998,0.630150837866189,0.670633090042834
"Fergus County","vap_white","gov_16_dem_bul",0.349321028634618,0.0103473984627998,0.329366909957166,0.369849162133811
"Fergus County","vap_black","gov_16_rep_gia",0.488510032207306,0.227146254437044,0.080091665166711,0.911525530087442
"Fergus County","vap_black","gov_16_dem_bul",0.511489967792694,0.227146254437044,0.0884744699125581,0.919908334833289
"Fergus County","vap_hisp","gov_16_rep_gia",0.479584308197207,0.176085059339035,0.155424763316012,0.82579269726943
"Fergus County","vap_hisp","gov_16_dem_bul",0.520415691802793,0.176085059339035,0.17420730273057,0.844575236683988
"Fergus County","vap_asian","gov_16_rep_gia",0.496449402307929,0.189689768352674,0.139779860757925,0.858240138967018
"Fergus County","vap_asian","gov_16_dem_bul",0.503550597692071,0.189689768352674,0.141759861032982,0.860220139242075
"Fergus County","vap_aian","gov_16_rep_gia",0.487538058536943,0.184137388817627,0.142887234359487,0.84086624800868
"Fergus County","vap_aian","gov_16_dem_bul",0.512461941463057,0.184137388817627,0.15913375199132,0.857112765640513
"Fergus County","vap_oth_b","gov_16_rep_gia",0.497571162705563,0.177318187322094,0.159993831787684,0.835288264123458
"Fergus County","vap_oth_b","gov_16_dem_bul",0.502428837294437,0.177318187322094,0.164711735876542,0.840006168212316
"Fergus County","vap_white","atg_16_rep_fox",0.857349997336918,0.00935211845571801,0.838636845167574,0.87515595129138
"Fergus County","vap_white","atg_16_dem_jen",0.142650002663082,0.00935211845571801,0.12484404870862,0.161363154832426
"Fergus County","vap_black","atg_16_rep_fox",0.516254549393038,0.232085742986035,0.0866654743735222,0.941368866211894
"Fergus County","vap_black","atg_16_dem_jen",0.483745450606962,0.232085742986035,0.0586311337881061,0.913334525626478
"Fergus County","vap_hisp","atg_16_rep_fox",0.478198991743811,0.168276576536936,0.163201715720231,0.80271349081961
"Fergus County","vap_hisp","atg_16_dem_jen",0.521801008256189,0.168276576536936,0.19728650918039,0.836798284279769
"Fergus County","vap_asian","atg_16_rep_fox",0.479689951444962,0.196404272383474,0.101914192947524,0.849408308783868
"Fergus County","vap_asian","atg_16_dem_jen",0.520310048555038,0.196404272383474,0.150591691216132,0.898085807052475
"Fergus County","vap_aian","atg_16_rep_fox",0.480692222813208,0.179012891343354,0.15651048907924,0.828867994563794
"Fergus County","vap_aian","atg_16_dem_jen",0.519307777186792,0.179012891343354,0.171132005436206,0.84348951092076
"Fergus County","vap_oth_b","atg_16_rep_fox",0.459699616541211,0.177092108360712,0.137622279067847,0.81195454862961
"Fergus County","vap_oth_b","atg_16_dem_jen",0.540300383458789,0.177092108360712,0.188045451370389,0.862377720932153
"Fergus County","vap_white","sos_16_rep_sta",0.761018077358354,0.00970792036784269,0.741837723398469,0.779783796382724
"Fergus County","vap_white","sos_16_dem_lin",0.238981922641646,0.00970792036784269,0.220216203617276,0.258162276601531
"Fergus County","vap_black","sos_16_rep_sta",0.497412296832832,0.231226744152307,0.0727806895112187,0.920335876751952
"Fergus County","vap_black","sos_16_dem_lin",0.502587703167168,0.231226744152307,0.0796641232480483,0.927219310488781
"Fergus County","vap_hisp","sos_16_rep_sta",0.467703324374929,0.176370162064613,0.138400586153677,0.802198491445362
"Fergus County","vap_hisp","sos_16_dem_lin",0.532296675625071,0.176370162064613,0.197801508554638,0.861599413846322
"Fergus County","vap_asian","sos_16_rep_sta",0.492997820706592,0.185941684406712,0.141801967435703,0.839311877974169
"Fergus County","vap_asian","sos_16_dem_lin",0.507002179293408,0.185941684406712,0.160688122025831,0.858198032564297
"Fergus County","vap_aian","sos_16_rep_sta",0.480850173774472,0.17643848693966,0.155146276249016,0.816539061581565
"Fergus County","vap_aian","sos_16_dem_lin",0.519149826225528,0.17643848693966,0.183460938418435,0.844853723750984
"Fergus County","vap_oth_b","sos_16_rep_sta",0.470577206468265,0.172417780262773,0.154817281583345,0.814285906360573
"Fergus County","vap_oth_b","sos_16_dem_lin",0.529422793531735,0.172417780262773,0.185714093639427,0.845182718416655
"Fergus County","vap_white","uss_18_rep_ros",0.668978932138844,0.0102822024382714,0.649080058085686,0.688776981847316
"Fergus County","vap_white","uss_18_dem_tes",0.331021067861156,0.0102822024382714,0.311223018152685,0.350919941914314
"Fergus County","vap_black","uss_18_rep_ros",0.519909284022564,0.233057919814061,0.0743728400372018,0.937609551476924
"Fergus County","vap_black","uss_18_dem_tes",0.480090715977435,0.233057919814061,0.0623904485230753,0.925627159962798
"Fergus County","vap_hisp","uss_18_rep_ros",0.50751397800627,0.169211918455829,0.181879284423182,0.825316932968477
"Fergus County","vap_hisp","uss_18_dem_tes",0.49248602199373,0.169211918455829,0.174683067031523,0.818120715576818
"Fergus County","vap_asian","uss_18_rep_ros",0.490578163437839,0.190231407860851,0.136009515857577,0.858707242040149
"Fergus County","vap_asian","uss_18_dem_tes",0.509421836562161,0.190231407860851,0.141292757959851,0.863990484142423
"Fergus County","vap_aian","uss_18_rep_ros",0.503934486099272,0.201461561274726,0.147452648352407,0.909031359170389
"Fergus County","vap_aian","uss_18_dem_tes",0.496065513900728,0.201461561274726,0.090968640829611,0.852547351647593
"Fergus County","vap_oth_b","uss_18_rep_ros",0.482529820750841,0.170056631062663,0.15605973665125,0.805569412716881
"Fergus County","vap_oth_b","uss_18_dem_tes",0.517470179249159,0.170056631062663,0.194430587283119,0.84394026334875
"Fergus County","vap_white","pre_20_rep_tru",0.793772895799536,0.00946636698471372,0.775357095212338,0.811892316994263
"Fergus County","vap_white","pre_20_dem_bid",0.206227104200464,0.00946636698471372,0.188107683005737,0.224642904787662
"Fergus County","vap_black","pre_20_rep_tru",0.503898378440298,0.226396484439996,0.0842424798324616,0.925595780315504
"Fergus County","vap_black","pre_20_dem_bid",0.496101621559702,0.226396484439996,0.0744042196844956,0.915757520167538
"Fergus County","vap_hisp","pre_20_rep_tru",0.490625419428329,0.172161131443567,0.170382142767733,0.820909911588155
"Fergus County","vap_hisp","pre_20_dem_bid",0.509374580571671,0.172161131443567,0.179090088411845,0.829617857232267
"Fergus County","vap_asian","pre_20_rep_tru",0.491322750143293,0.188919164259828,0.132667992935994,0.851592522726573
"Fergus County","vap_asian","pre_20_dem_bid",0.508677249856707,0.188919164259828,0.148407477273426,0.867332007064006
"Fergus County","vap_aian","pre_20_rep_tru",0.476975555208692,0.179261804977953,0.152979627382498,0.819458738543776
"Fergus County","vap_aian","pre_20_dem_bid",0.523024444791308,0.179261804977953,0.180541261456224,0.847020372617502
"Fergus County","vap_oth_b","pre_20_rep_tru",0.503478140519217,0.176256474177661,0.177094691437641,0.85737067049293
"Fergus County","vap_oth_b","pre_20_dem_bid",0.496521859480783,0.176256474177661,0.142629329507069,0.822905308562359
"Fergus County","vap_white","uss_20_rep_dai",0.756416965457477,0.00949309144894284,0.738042178324889,0.775053393333273
"Fergus County","vap_white","uss_20_dem_bul",0.243583034542523,0.00949309144894284,0.224946606666727,0.261957821675111
"Fergus County","vap_black","uss_20_rep_dai",0.493309640453819,0.221381205826113,0.0828276080185577,0.906190600755276
"Fergus County","vap_black","uss_20_dem_bul",0.506690359546181,0.221381205826113,0.0938093992447239,0.917172391981442
"Fergus County","vap_hisp","uss_20_rep_dai",0.475819559754291,0.178005851203066,0.155906084869551,0.823590198882345
"Fergus County","vap_hisp","uss_20_dem_bul",0.524180440245709,0.178005851203066,0.176409801117655,0.844093915130449
"Fergus County","vap_asian","uss_20_rep_dai",0.491981991643274,0.19509705581839,0.127906505170929,0.866625213105871
"Fergus County","vap_asian","uss_20_dem_bul",0.508018008356726,0.19509705581839,0.133374786894129,0.872093494829071
"Fergus County","vap_aian","uss_20_rep_dai",0.490589819325973,0.179605055992494,0.157656233602702,0.835595948436327
"Fergus County","vap_aian","uss_20_dem_bul",0.509410180674027,0.179605055992494,0.164404051563673,0.842343766397298
"Fergus County","vap_oth_b","uss_20_rep_dai",0.496524030318932,0.173371743582891,0.16488955509789,0.828609309453206
"Fergus County","vap_oth_b","uss_20_dem_bul",0.503475969681067,0.173371743582891,0.171390690546794,0.83511044490211
"Fergus County","vap_white","gov_20_rep_gia",0.782713786199954,0.0095996979472751,0.76401877382135,0.800992118173341
"Fergus County","vap_white","gov_20_dem_coo",0.217286213800046,0.0095996979472751,0.199007881826659,0.23598122617865
"Fergus County","vap_black","gov_20_rep_gia",0.495324212506833,0.22912263562848,0.0801467679557434,0.922216943040643
"Fergus County","vap_black","gov_20_dem_coo",0.504675787493167,0.22912263562848,0.0777830569593569,0.919853232044257
"Fergus County","vap_hisp","gov_20_rep_gia",0.488474326962967,0.179063221321733,0.146157674415356,0.821820469679693
"Fergus County","vap_hisp","gov_20_dem_coo",0.511525673037033,0.179063221321733,0.178179530320307,0.853842325584644
"Fergus County","vap_asian","gov_20_rep_gia",0.50263894204522,0.197886352764511,0.137675346411428,0.875931199830826
"Fergus County","vap_asian","gov_20_dem_coo",0.49736105795478,0.197886352764511,0.124068800169174,0.862324653588572
"Fergus County","vap_aian","gov_20_rep_gia",0.475441900952396,0.1766198365553,0.147065990632087,0.810814634155782
"Fergus County","vap_aian","gov_20_dem_coo",0.524558099047604,0.1766198365553,0.189185365844218,0.852934009367914
"Fergus County","vap_oth_b","gov_20_rep_gia",0.462872407292071,0.17514282810173,0.157281248160248,0.802705642030607
"Fergus County","vap_oth_b","gov_20_dem_coo",0.537127592707929,0.17514282810173,0.197294357969393,0.842718751839752
"Fergus County","vap_white","atg_20_rep_knu",0.789851513973489,0.00925236250316501,0.771480322272661,0.807346124842377
"Fergus County","vap_white","atg_20_dem_gra",0.210148486026511,0.00925236250316501,0.192653875157623,0.228519677727339
"Fergus County","vap_black","atg_20_rep_knu",0.494379307865688,0.223555043249758,0.090373600043526,0.910751754962054
"Fergus County","vap_black","atg_20_dem_gra",0.505620692134312,0.223555043249758,0.0892482450379459,0.909626399956474
"Fergus County","vap_hisp","atg_20_rep_knu",0.484475496157577,0.178250765393963,0.151950833405807,0.820187031169064
"Fergus County","vap_hisp","atg_20_dem_gra",0.515524503842423,0.178250765393963,0.179812968830936,0.848049166594193
"Fergus County","vap_asian","atg_20_rep_knu",0.501931620011617,0.188820916336687,0.146426147559115,0.852212527488406
"Fergus County","vap_asian","atg_20_dem_gra",0.498068379988383,0.188820916336687,0.147787472511594,0.853573852440885
"Fergus County","vap_aian","atg_20_rep_knu",0.48578189619331,0.186010271603074,0.144196686108664,0.838351453655305
"Fergus County","vap_aian","atg_20_dem_gra",0.51421810380669,0.186010271603074,0.161648546344695,0.855803313891336
"Fergus County","vap_oth_b","atg_20_rep_knu",0.467803854079715,0.167927202432906,0.153855105298335,0.79678382409362
"Fergus County","vap_oth_b","atg_20_dem_gra",0.532196145920285,0.167927202432906,0.20321617590638,0.846144894701665
"Fergus County","vap_white","sos_20_rep_jac",0.787774372324013,0.0096042796260754,0.769217041668758,0.806256618122319
"Fergus County","vap_white","sos_20_dem_ben",0.212225627675987,0.0096042796260754,0.193743381877681,0.230782958331242
"Fergus County","vap_black","sos_20_rep_jac",0.536893693013656,0.23646108958036,0.0802133443447027,0.970192938679251
"Fergus County","vap_black","sos_20_dem_ben",0.463106306986344,0.23646108958036,0.0298070613207491,0.919786655655297
"Fergus County","vap_hisp","sos_20_rep_jac",0.489774071121918,0.175403158461813,0.162310930141913,0.813088250499964
"Fergus County","vap_hisp","sos_20_dem_ben",0.510225928878082,0.175403158461813,0.186911749500036,0.837689069858087
"Fergus County","vap_asian","sos_20_rep_jac",0.48859049515914,0.187135827133614,0.135983588453141,0.848281506949935
"Fergus County","vap_asian","sos_20_dem_ben",0.511409504840859,0.187135827133614,0.151718493050065,0.864016411546858
"Fergus County","vap_aian","sos_20_rep_jac",0.496882277595936,0.178437912266441,0.166618103652514,0.837782772138171
"Fergus County","vap_aian","sos_20_dem_ben",0.503117722404064,0.178437912266441,0.162217227861829,0.833381896347486
"Fergus County","vap_oth_b","sos_20_rep_jac",0.474707236197726,0.177604837828241,0.13840599735758,0.805439227110899
"Fergus County","vap_oth_b","sos_20_dem_ben",0.525292763802274,0.177604837828241,0.194560772889101,0.86159400264242
"Flathead County","vap_white","pre_16_rep_tru",0.718027077830941,0.0113641960073494,0.696357801337842,0.739271647219811
"Flathead County","vap_white","pre_16_dem_cli",0.281972922169059,0.0113641960073494,0.260728352780189,0.303642198662158
"Flathead County","vap_black","pre_16_rep_tru",0.511321557743451,0.16407819727153,0.195901243000948,0.818420329405886
"Flathead County","vap_black","pre_16_dem_cli",0.488678442256549,0.16407819727153,0.181579670594114,0.804098756999052
"Flathead County","vap_hisp","pre_16_rep_tru",0.487426250673517,0.170014008109434,0.181187358865983,0.811569408397008
"Flathead County","vap_hisp","pre_16_dem_cli",0.512573749326483,0.170014008109434,0.188430591602992,0.818812641134017
"Flathead County","vap_asian","pre_16_rep_tru",0.512057661873393,0.159106099846627,0.198351550249624,0.806839492588166
"Flathead County","vap_asian","pre_16_dem_cli",0.487942338126607,0.159106099846627,0.193160507411834,0.801648449750376
"Flathead County","vap_aian","pre_16_rep_tru",0.492963451500773,0.163097035882632,0.1815623034824,0.784601835372125
"Flathead County","vap_aian","pre_16_dem_cli",0.507036548499227,0.163097035882632,0.215398164627875,0.8184376965176
"Flathead County","vap_oth_b","pre_16_rep_tru",0.435407545526532,0.183905746489639,0.114924314998435,0.786783500109278
"Flathead County","vap_oth_b","pre_16_dem_cli",0.564592454473468,0.183905746489639,0.213216499890722,0.885075685001565
"Flathead County","vap_white","gov_16_rep_gia",0.585701050805458,0.0105108438126511,0.565691129251826,0.605563805432106
"Flathead County","vap_white","gov_16_dem_bul",0.414298949194542,0.0105108438126511,0.394436194567894,0.434308870748174
"Flathead County","vap_black","gov_16_rep_gia",0.506347998440463,0.175332977551535,0.170047243343471,0.813153878912585
"Flathead County","vap_black","gov_16_dem_bul",0.493652001559537,0.175332977551535,0.186846121087415,0.829952756656529
"Flathead County","vap_hisp","gov_16_rep_gia",0.494581348879807,0.170895954828477,0.176742303051289,0.823978393984855
"Flathead County","vap_hisp","gov_16_dem_bul",0.505418651120193,0.170895954828477,0.176021606015145,0.823257696948711
"Flathead County","vap_asian","gov_16_rep_gia",0.485674934530984,0.161631712350551,0.179788756681677,0.793512847930955
"Flathead County","vap_asian","gov_16_dem_bul",0.514325065469016,0.161631712350551,0.206487152069045,0.820211243318323
"Flathead County","vap_aian","gov_16_rep_gia",0.474178771653008,0.166917633345729,0.171015788474753,0.802574298036667
"Flathead County","vap_aian","gov_16_dem_bul",0.525821228346992,0.166917633345729,0.197425701963333,0.828984211525247
"Flathead County","vap_oth_b","gov_16_rep_gia",0.480588534700036,0.176489240929685,0.147535070722013,0.816432175202433
"Flathead County","vap_oth_b","gov_16_dem_bul",0.519411465299964,0.176489240929685,0.183567824797566,0.852464929277987
"Flathead County","vap_white","atg_16_rep_fox",0.761089449335419,0.0102993878144469,0.740574041616152,0.780454153240378
"Flathead County","vap_white","atg_16_dem_jen",0.238910550664581,0.0102993878144469,0.219545846759622,0.259425958383848
"Flathead County","vap_black","atg_16_rep_fox",0.514410484154547,0.158257294357744,0.206473547039273,0.796746470210756
"Flathead County","vap_black","atg_16_dem_jen",0.485589515845453,0.158257294357744,0.203253529789244,0.793526452960727
"Flathead County","vap_hisp","atg_16_rep_fox",0.432470944139006,0.170234710710945,0.142687604212282,0.774854948107479
"Flathead County","vap_hisp","atg_16_dem_jen",0.567529055860994,0.170234710710945,0.225145051892521,0.857312395787719
"Flathead County","vap_asian","atg_16_rep_fox",0.504073521827859,0.160778253016175,0.191730217609411,0.797205745080202
"Flathead County","vap_asian","atg_16_dem_jen",0.495926478172141,0.160778253016175,0.202794254919798,0.808269782390589
"Flathead County","vap_aian","atg_16_rep_fox",0.472685750334983,0.167909663051613,0.160517925153653,0.780576004865082
"Flathead County","vap_aian","atg_16_dem_jen",0.527314249665018,0.167909663051613,0.219423995134918,0.839482074846347
"Flathead County","vap_oth_b","atg_16_rep_fox",0.46251032493731,0.161304050083847,0.180257815697013,0.777293922355228
"Flathead County","vap_oth_b","atg_16_dem_jen",0.53748967506269,0.161304050083847,0.222706077644772,0.819742184302986
"Flathead County","vap_white","sos_16_rep_sta",0.696058605342512,0.0106134773678642,0.674300903805707,0.715909986986041
"Flathead County","vap_white","sos_16_dem_lin",0.303941394657488,0.0106134773678642,0.284090013013959,0.325699096194293
"Flathead County","vap_black","sos_16_rep_sta",0.494914546054797,0.183104009901644,0.161013255527696,0.835909624355446
"Flathead County","vap_black","sos_16_dem_lin",0.505085453945203,0.183104009901644,0.164090375644554,0.838986744472304
"Flathead County","vap_hisp","sos_16_rep_sta",0.471142231536368,0.1761608364922,0.130851134290268,0.789631697129299
"Flathead County","vap_hisp","sos_16_dem_lin",0.528857768463632,0.1761608364922,0.210368302870701,0.869148865709732
"Flathead County","vap_asian","sos_16_rep_sta",0.499038196915995,0.16970145615552,0.188708340764604,0.813971100724373
"Flathead County","vap_asian","sos_16_dem_lin",0.500961803084005,0.16970145615552,0.186028899275627,0.811291659235396
"Flathead County","vap_aian","sos_16_rep_sta",0.484223436023112,0.159267801281783,0.174710943073803,0.778776850588993
"Flathead County","vap_aian","sos_16_dem_lin",0.515776563976888,0.159267801281783,0.221223149411007,0.825289056926197
"Flathead County","vap_oth_b","sos_16_rep_sta",0.497156036910942,0.16761740631596,0.198895867550796,0.840873039000116
"Flathead County","vap_oth_b","sos_16_dem_lin",0.502843963089058,0.16761740631596,0.159126960999884,0.801104132449204
"Flathead County","vap_white","uss_18_rep_ros",0.584941560494382,0.0101149519124295,0.564734832905955,0.603525026043622
"Flathead County","vap_white","uss_18_dem_tes",0.415058439505618,0.0101149519124295,0.396474973956378,0.435265167094045
"Flathead County","vap_black","uss_18_rep_ros",0.489290396735663,0.166076941887004,0.200027078539468,0.799649514252756
"Flathead County","vap_black","uss_18_dem_tes",0.510709603264337,0.166076941887004,0.200350485747244,0.799972921460532
"Flathead County","vap_hisp","uss_18_rep_ros",0.506462459422541,0.182685365084265,0.187583638581063,0.874656322504476
"Flathead County","vap_hisp","uss_18_dem_tes",0.493537540577459,0.182685365084265,0.125343677495524,0.812416361418937
"Flathead County","vap_asian","uss_18_rep_ros",0.472401247133427,0.18290274273953,0.100859564537862,0.785576843347709
"Flathead County","vap_asian","uss_18_dem_tes",0.527598752866573,0.18290274273953,0.214423156652291,0.899140435462138
"Flathead County","vap_aian","uss_18_rep_ros",0.47578826026635,0.174829617620617,0.143108181953092,0.797654782403551
"Flathead County","vap_aian","uss_18_dem_tes",0.52421173973365,0.174829617620617,0.202345217596449,0.856891818046908
"Flathead County","vap_oth_b","uss_18_rep_ros",0.496046620884099,0.161687938034339,0.182543378922693,0.797139206520619
"Flathead County","vap_oth_b","uss_18_dem_tes",0.503953379115901,0.161687938034339,0.202860793479381,0.817456621077307
"Flathead County","vap_white","pre_20_rep_tru",0.672865765578524,0.0108383370166978,0.650672096988607,0.691710884052394
"Flathead County","vap_white","pre_20_dem_bid",0.327134234421476,0.0108383370166978,0.308289115947606,0.349327903011393
"Flathead County","vap_black","pre_20_rep_tru",0.508280026879183,0.176163881989982,0.171911069418852,0.840647954285823
"Flathead County","vap_black","pre_20_dem_bid",0.491719973120817,0.176163881989982,0.159352045714177,0.828088930581148
"Flathead County","vap_hisp","pre_20_rep_tru",0.458018547081974,0.164579686954995,0.149722206903826,0.779662407838493
"Flathead County","vap_hisp","pre_20_dem_bid",0.541981452918026,0.164579686954995,0.220337592161507,0.850277793096174
"Flathead County","vap_asian","pre_20_rep_tru",0.499802334934586,0.161405010181075,0.199150654784777,0.807615901416175
"Flathead County","vap_asian","pre_20_dem_bid",0.500197665065414,0.161405010181075,0.192384098583825,0.800849345215223
"Flathead County","vap_aian","pre_20_rep_tru",0.476692685500403,0.162585719592539,0.169306993280387,0.781448087046051
"Flathead County","vap_aian","pre_20_dem_bid",0.523307314499597,0.162585719592539,0.218551912953949,0.830693006719613
"Flathead County","vap_oth_b","pre_20_rep_tru",0.477370220356477,0.171214176149078,0.180804418239093,0.818701631328923
"Flathead County","vap_oth_b","pre_20_dem_bid",0.522629779643523,0.171214176149078,0.181298368671077,0.819195581760906
"Flathead County","vap_white","uss_20_rep_dai",0.64680781843395,0.00979215005367274,0.628455178025517,0.665889564156706
"Flathead County","vap_white","uss_20_dem_bul",0.35319218156605,0.00979215005367274,0.334110435843294,0.371544821974483
"Flathead County","vap_black","uss_20_rep_dai",0.519661492508477,0.163048470922013,0.224163180931317,0.837397330048047
"Flathead County","vap_black","uss_20_dem_bul",0.480338507491523,0.163048470922013,0.162602669951953,0.775836819068683
"Flathead County","vap_hisp","uss_20_rep_dai",0.439773852245699,0.174697029590345,0.122405406912535,0.763000294674498
"Flathead County","vap_hisp","uss_20_dem_bul",0.560226147754301,0.174697029590345,0.236999705325502,0.877594593087466
"Flathead County","vap_asian","uss_20_rep_dai",0.515278438313945,0.179236779850759,0.187234361041509,0.869542867965322
"Flathead County","vap_asian","uss_20_dem_bul",0.484721561686055,0.179236779850759,0.130457132034678,0.812765638958491
"Flathead County","vap_aian","uss_20_rep_dai",0.489262209387976,0.159953282628254,0.195974402025992,0.79112432999451
"Flathead County","vap_aian","uss_20_dem_bul",0.510737790612024,0.159953282628254,0.20887567000549,0.804025597974008
"Flathead County","vap_oth_b","uss_20_rep_dai",0.469924619498971,0.158766705601508,0.164991022612321,0.7644083114132
"Flathead County","vap_oth_b","uss_20_dem_bul",0.530075380501029,0.158766705601508,0.2355916885868,0.835008977387679
"Flathead County","vap_white","gov_20_rep_gia",0.662315667726919,0.00997619075866547,0.643086056463372,0.681019019608052
"Flathead County","vap_white","gov_20_dem_coo",0.337684332273081,0.00997619075866547,0.318980980391947,0.356913943536628
"Flathead County","vap_black","gov_20_rep_gia",0.509924192459452,0.16878440280476,0.18875453692053,0.828111692866747
"Flathead County","vap_black","gov_20_dem_coo",0.490075807540548,0.16878440280476,0.171888307133253,0.81124546307947
"Flathead County","vap_hisp","gov_20_rep_gia",0.479396254499332,0.155315692297116,0.18721045470799,0.783964364165763
"Flathead County","vap_hisp","gov_20_dem_coo",0.520603745500668,0.155315692297116,0.216035635834238,0.81278954529201
"Flathead County","vap_asian","gov_20_rep_gia",0.483827699852616,0.168805539165379,0.176605709272301,0.831098089386338
"Flathead County","vap_asian","gov_20_dem_coo",0.516172300147384,0.168805539165379,0.168901910613662,0.823394290727699
"Flathead County","vap_aian","gov_20_rep_gia",0.511931577354472,0.165004783057428,0.208717680090278,0.819480556287737
"Flathead County","vap_aian","gov_20_dem_coo",0.488068422645528,0.165004783057428,0.180519443712263,0.791282319909722
"Flathead County","vap_oth_b","gov_20_rep_gia",0.468975843949501,0.168183445326783,0.164049024427706,0.793223653071473
"Flathead County","vap_oth_b","gov_20_dem_coo",0.531024156050499,0.168183445326783,0.206776346928526,0.835950975572294
"Flathead County","vap_white","atg_20_rep_knu",0.684303809532134,0.00930694300371348,0.666430210016394,0.701696390070096
"Flathead County","vap_white","atg_20_dem_gra",0.315696190467866,0.00930694300371348,0.298303609929904,0.333569789983606
"Flathead County","vap_black","atg_20_rep_knu",0.493256578604866,0.163831454217932,0.196717156572142,0.803677086053006
"Flathead County","vap_black","atg_20_dem_gra",0.506743421395134,0.163831454217932,0.196322913946994,0.803282843427858
"Flathead County","vap_hisp","atg_20_rep_knu",0.471279681524338,0.182425385378141,0.158547737447359,0.856375784396596
"Flathead County","vap_hisp","atg_20_dem_gra",0.528720318475662,0.182425385378141,0.143624215603404,0.841452262552641
"Flathead County","vap_asian","atg_20_rep_knu",0.484734043704021,0.1578521274852,0.20009369480513,0.791874548776248
"Flathead County","vap_asian","atg_20_dem_gra",0.515265956295979,0.1578521274852,0.208125451223752,0.79990630519487
"Flathead County","vap_aian","atg_20_rep_knu",0.470375098670407,0.164291562234875,0.178147950352863,0.810731824691514
"Flathead County","vap_aian","atg_20_dem_gra",0.529624901329593,0.164291562234875,0.189268175308486,0.821852049647137
"Flathead County","vap_oth_b","atg_20_rep_knu",0.470572181221473,0.158164416454122,0.191410920113419,0.787093642824125
"Flathead County","vap_oth_b","atg_20_dem_gra",0.529427818778527,0.158164416454122,0.212906357175874,0.808589079886581
"Flathead County","vap_white","sos_20_rep_jac",0.687995233975141,0.0102419834236083,0.666463102743538,0.706780488650583
"Flathead County","vap_white","sos_20_dem_ben",0.312004766024859,0.0102419834236083,0.293219511349417,0.333536897256462
"Flathead County","vap_black","sos_20_rep_jac",0.511837803832993,0.152109943845211,0.226327730924655,0.796678403657095
"Flathead County","vap_black","sos_20_dem_ben",0.488162196167007,0.152109943845211,0.203321596342905,0.773672269075345
"Flathead County","vap_hisp","sos_20_rep_jac",0.451473094225385,0.158367802398126,0.174931469070016,0.760802561947466
"Flathead County","vap_hisp","sos_20_dem_ben",0.548526905774616,0.158367802398126,0.239197438052534,0.825068530929984
"Flathead County","vap_asian","sos_20_rep_jac",0.475630648738452,0.158983955037381,0.172777635867416,0.778329712080764
"Flathead County","vap_asian","sos_20_dem_ben",0.524369351261548,0.158983955037381,0.221670287919236,0.827222364132584
"Flathead County","vap_aian","sos_20_rep_jac",0.505349721577039,0.156803553128168,0.200193720321146,0.798682898002806
"Flathead County","vap_aian","sos_20_dem_ben",0.494650278422961,0.156803553128168,0.201317101997194,0.799806279678854
"Flathead County","vap_oth_b","sos_20_rep_jac",0.474810395046925,0.173259849959481,0.157772191351247,0.819738338787258
"Flathead County","vap_oth_b","sos_20_dem_ben",0.525189604953075,0.173259849959481,0.180261661212742,0.842227808648753
"Gallatin County","vap_white","pre_16_rep_tru",0.496750716315173,0.0124985707985849,0.473261818730642,0.520830919039548
"Gallatin County","vap_white","pre_16_dem_cli",0.503249283684827,0.0124985707985849,0.479169080960452,0.526738181269358
"Gallatin County","vap_black","pre_16_rep_tru",0.50264275462533,0.164340031944853,0.18957376668803,0.814436767868072
"Gallatin County","vap_black","pre_16_dem_cli",0.49735724537467,0.164340031944853,0.185563232131927,0.81042623331197
"Gallatin County","vap_hisp","pre_16_rep_tru",0.501650187459748,0.175533346351376,0.180759643781975,0.836211165804368
"Gallatin County","vap_hisp","pre_16_dem_cli",0.498349812540252,0.175533346351376,0.163788834195632,0.819240356218024
"Gallatin County","vap_asian","pre_16_rep_tru",0.490906560723918,0.161105670079277,0.186841737487011,0.808521773328878
"Gallatin County","vap_asian","pre_16_dem_cli",0.509093439276082,0.161105670079277,0.191478226671122,0.813158262512989
"Gallatin County","vap_aian","pre_16_rep_tru",0.498994519944259,0.160970016897364,0.1887182441359,0.793608428012992
"Gallatin County","vap_aian","pre_16_dem_cli",0.501005480055741,0.160970016897364,0.206391571987007,0.8112817558641
"Gallatin County","vap_oth_b","pre_16_rep_tru",0.506928865094876,0.168671525295009,0.187061320847676,0.818958897988417
"Gallatin County","vap_oth_b","pre_16_dem_cli",0.493071134905124,0.168671525295009,0.181041102011583,0.812938679152324
"Gallatin County","vap_white","gov_16_rep_gia",0.414987595343647,0.0117322723621901,0.392689112711702,0.438293400847374
"Gallatin County","vap_white","gov_16_dem_bul",0.585012404656353,0.0117322723621901,0.561706599152626,0.607310887288298
"Gallatin County","vap_black","gov_16_rep_gia",0.510379717992901,0.183912978326372,0.163483917077555,0.880146567466505
"Gallatin County","vap_black","gov_16_dem_bul",0.489620282007099,0.183912978326372,0.119853432533495,0.836516082922445
"Gallatin County","vap_hisp","gov_16_rep_gia",0.51153459190215,0.173724183801878,0.17846219373771,0.846845041452565
"Gallatin County","vap_hisp","gov_16_dem_bul",0.48846540809785,0.173724183801878,0.153154958547435,0.82153780626229
"Gallatin County","vap_asian","gov_16_rep_gia",0.486520678366476,0.165726176680008,0.182798350121137,0.799459270018038
"Gallatin County","vap_asian","gov_16_dem_bul",0.513479321633524,0.165726176680008,0.200540729981962,0.817201649878863
"Gallatin County","vap_aian","gov_16_rep_gia",0.471593196413276,0.179205007140374,0.137257956102982,0.814235767188172
"Gallatin County","vap_aian","gov_16_dem_bul",0.528406803586724,0.179205007140374,0.185764232811828,0.862742043897017
"Gallatin County","vap_oth_b","gov_16_rep_gia",0.503839148183088,0.155147838506651,0.210899775653768,0.789107617136079
"Gallatin County","vap_oth_b","gov_16_dem_bul",0.496160851816912,0.155147838506651,0.210892382863921,0.789100224346232
"Gallatin County","vap_white","atg_16_rep_fox",0.570661723928855,0.0118986414959275,0.547310506315152,0.593809876723053
"Gallatin County","vap_white","atg_16_dem_jen",0.429338276071145,0.0118986414959275,0.406190123276947,0.452689493684848
"Gallatin County","vap_black","atg_16_rep_fox",0.504154633485416,0.16705148438713,0.193745737962599,0.822313015354244
"Gallatin County","vap_black","atg_16_dem_jen",0.495845366514584,0.16705148438713,0.177686984645756,0.806254262037401
"Gallatin County","vap_hisp","atg_16_rep_fox",0.473434021007188,0.159283131283481,0.163625109750789,0.775245821628256
"Gallatin County","vap_hisp","atg_16_dem_jen",0.526565978992812,0.159283131283481,0.224754178371744,0.83637489024921
"Gallatin County","vap_asian","atg_16_rep_fox",0.465952932117395,0.17099847085446,0.146601377718702,0.797406790124415
"Gallatin County","vap_asian","atg_16_dem_jen",0.534047067882605,0.17099847085446,0.202593209875585,0.853398622281298
"Gallatin County","vap_aian","atg_16_rep_fox",0.491406454206061,0.169366952263118,0.177346378114079,0.828906900032081
"Gallatin County","vap_aian","atg_16_dem_jen",0.508593545793939,0.169366952263118,0.171093099967919,0.822653621885921
"Gallatin County","vap_oth_b","atg_16_rep_fox",0.515226377417802,0.169628593684028,0.189959280073828,0.823103270596996
"Gallatin County","vap_oth_b","atg_16_dem_jen",0.484773622582198,0.169628593684028,0.176896729403004,0.810040719926172
"Gallatin County","vap_white","sos_16_rep_sta",0.519464702661622,0.012584753387478,0.495771441534152,0.544225424679657
"Gallatin County","vap_white","sos_16_dem_lin",0.480535297338378,0.012584753387478,0.455774575320343,0.504228558465848
"Gallatin County","vap_black","sos_16_rep_sta",0.500006893453394,0.169576951952397,0.181590374653002,0.824794014185743
"Gallatin County","vap_black","sos_16_dem_lin",0.499993106546606,0.169576951952397,0.175205985814257,0.818409625346998
"Gallatin County","vap_hisp","sos_16_rep_sta",0.494404071746452,0.167864613084953,0.173916532317548,0.81435613607018
"Gallatin County","vap_hisp","sos_16_dem_lin",0.505595928253548,0.167864613084953,0.18564386392982,0.826083467682451
"Gallatin County","vap_asian","sos_16_rep_sta",0.461057163712066,0.161080318761907,0.173878577833275,0.782488309202056
"Gallatin County","vap_asian","sos_16_dem_lin",0.538942836287934,0.161080318761907,0.217511690797944,0.826121422166725
"Gallatin County","vap_aian","sos_16_rep_sta",0.484096748813099,0.167411002544696,0.178386886349846,0.812855092967715
"Gallatin County","vap_aian","sos_16_dem_lin",0.515903251186901,0.167411002544696,0.187144907032285,0.821613113650154
"Gallatin County","vap_oth_b","sos_16_rep_sta",0.507537905542817,0.172298410328822,0.188812571078255,0.833085159022762
"Gallatin County","vap_oth_b","sos_16_dem_lin",0.492462094457183,0.172298410328822,0.166914840977238,0.811187428921745
"Gallatin County","vap_white","uss_18_rep_ros",0.379377868409577,0.0117905813091456,0.357706862812078,0.40240811429847
"Gallatin County","vap_white","uss_18_dem_tes",0.620622131590423,0.0117905813091456,0.59759188570153,0.642293137187922
"Gallatin County","vap_black","uss_18_rep_ros",0.497150476035291,0.171899134178501,0.179664162371658,0.830288855446597
"Gallatin County","vap_black","uss_18_dem_tes",0.502849523964709,0.171899134178501,0.169711144553403,0.820335837628342
"Gallatin County","vap_hisp","uss_18_rep_ros",0.52661001776801,0.172598445149808,0.193426006646769,0.836235527809126
"Gallatin County","vap_hisp","uss_18_dem_tes",0.47338998223199,0.172598445149808,0.163764472190874,0.806573993353231
"Gallatin County","vap_asian","uss_18_rep_ros",0.485469076601163,0.165041680032078,0.166128625402293,0.791094073911553
"Gallatin County","vap_asian","uss_18_dem_tes",0.514530923398837,0.165041680032078,0.208905926088447,0.833871374597707
"Gallatin County","vap_aian","uss_18_rep_ros",0.494517894046715,0.170223102980158,0.182510240994782,0.808243396760615
"Gallatin County","vap_aian","uss_18_dem_tes",0.505482105953285,0.170223102980158,0.191756603239385,0.817489759005218
"Gallatin County","vap_oth_b","uss_18_rep_ros",0.539381539609594,0.161251943605903,0.230209005366369,0.830213499589532
"Gallatin County","vap_oth_b","uss_18_dem_tes",0.460618460390406,0.161251943605903,0.169786500410468,0.769790994633631
"Gallatin County","vap_white","pre_20_rep_tru",0.457763196079766,0.0118726925313513,0.432475914080004,0.480684208482846
"Gallatin County","vap_white","pre_20_dem_bid",0.542236803920234,0.0118726925313513,0.519315791517154,0.567524085919996
"Gallatin County","vap_black","pre_20_rep_tru",0.504921883057707,0.16643817779939,0.211709323478266,0.838586010737656
"Gallatin County","vap_black","pre_20_dem_bid",0.495078116942293,0.16643817779939,0.161413989262344,0.788290676521734
"Gallatin County","vap_hisp","pre_20_rep_tru",0.487469178043521,0.175520706125246,0.175334083625064,0.824735353004329
"Gallatin County","vap_hisp","pre_20_dem_bid",0.512530821956479,0.175520706125246,0.175264646995671,0.824665916374936
"Gallatin County","vap_asian","pre_20_rep_tru",0.469280027451524,0.16246496472492,0.169873978883235,0.778448077638408
"Gallatin County","vap_asian","pre_20_dem_bid",0.530719972548476,0.16246496472492,0.221551922361592,0.830126021116765
"Gallatin County","vap_aian","pre_20_rep_tru",0.482969962321689,0.170781202174168,0.172633733474816,0.815649841229648
"Gallatin County","vap_aian","pre_20_dem_bid",0.517030037678311,0.170781202174168,0.184350158770352,0.827366266525184
"Gallatin County","vap_oth_b","pre_20_rep_tru",0.493486510113849,0.156149507855219,0.202202524967534,0.800234448759001
"Gallatin County","vap_oth_b","pre_20_dem_bid",0.506513489886151,0.156149507855219,0.199765551240999,0.797797475032466
"Gallatin County","vap_white","uss_20_rep_dai",0.441243698182684,0.0120191551023062,0.416544560426797,0.463102800452355
"Gallatin County","vap_white","uss_20_dem_bul",0.558756301817316,0.0120191551023062,0.536897199547645,0.583455439573203
"Gallatin County","vap_black","uss_20_rep_dai",0.498867431040591,0.162213771430663,0.194763680293078,0.804495441102545
"Gallatin County","vap_black","uss_20_dem_bul",0.501132568959409,0.162213771430663,0.195504558897455,0.805236319706922
"Gallatin County","vap_hisp","uss_20_rep_dai",0.47963661051916,0.16963431678262,0.180929799695723,0.796573239284663
"Gallatin County","vap_hisp","uss_20_dem_bul",0.52036338948084,0.16963431678262,0.203426760715337,0.819070200304277
"Gallatin County","vap_asian","uss_20_rep_dai",0.49134106191301,0.164375324691325,0.177326822405098,0.812999302054336
"Gallatin County","vap_asian","uss_20_dem_bul",0.50865893808699,0.164375324691325,0.187000697945664,0.822673177594902
"Gallatin County","vap_aian","uss_20_rep_dai",0.485756023278865,0.17301511381444,0.144826610436139,0.807551037252789
"Gallatin County","vap_aian","uss_20_dem_bul",0.514243976721135,0.17301511381444,0.192448962747211,0.855173389563861
"Gallatin County","vap_oth_b","uss_20_rep_dai",0.506966090352425,0.163769584020236,0.194132458990094,0.80555900568223
"Gallatin County","vap_oth_b","uss_20_dem_bul",0.493033909647575,0.163769584020236,0.19444099431777,0.805867541009906
"Gallatin County","vap_white","gov_20_rep_gia",0.455323398103974,0.0123758648044831,0.432641399980005,0.480938636522141
"Gallatin County","vap_white","gov_20_dem_coo",0.544676601896026,0.0123758648044831,0.519061363477859,0.567358600019994
"Gallatin County","vap_black","gov_20_rep_gia",0.505331718319781,0.165476330980744,0.214655545966434,0.853683101633048
"Gallatin County","vap_black","gov_20_dem_coo",0.494668281680219,0.165476330980744,0.146316898366952,0.785344454033566
"Gallatin County","vap_hisp","gov_20_rep_gia",0.49799485528352,0.158066690350024,0.186010475452779,0.796798503258772
"Gallatin County","vap_hisp","gov_20_dem_coo",0.50200514471648,0.158066690350024,0.203201496741228,0.81398952454722
"Gallatin County","vap_asian","gov_20_rep_gia",0.468085720956875,0.171543787342655,0.140201828418611,0.790674021695647
"Gallatin County","vap_asian","gov_20_dem_coo",0.531914279043125,0.171543787342655,0.209325978304353,0.859798171581389
"Gallatin County","vap_aian","gov_20_rep_gia",0.493364047943058,0.16097683467414,0.19469515664373,0.80222417989317
"Gallatin County","vap_aian","gov_20_dem_coo",0.506635952056942,0.16097683467414,0.19777582010683,0.80530484335627
"Gallatin County","vap_oth_b","gov_20_rep_gia",0.513365923474475,0.184850352426079,0.17714516326195,0.873904076927614
"Gallatin County","vap_oth_b","gov_20_dem_coo",0.486634076525525,0.184850352426079,0.126095923072386,0.82285483673805
"Gallatin County","vap_white","atg_20_rep_knu",0.465816030070535,0.0120108009939074,0.442248010076202,0.48737233855291
"Gallatin County","vap_white","atg_20_dem_gra",0.534183969929465,0.0120108009939074,0.51262766144709,0.557751989923798
"Gallatin County","vap_black","atg_20_rep_knu",0.498291939526087,0.171538774863957,0.184398698752151,0.825804653360884
"Gallatin County","vap_black","atg_20_dem_gra",0.501708060473913,0.171538774863957,0.174195346639116,0.815601301247849
"Gallatin County","vap_hisp","atg_20_rep_knu",0.523022351075428,0.174928602269693,0.192537885556168,0.835106639038448
"Gallatin County","vap_hisp","atg_20_dem_gra",0.476977648924572,0.174928602269693,0.164893360961552,0.807462114443832
"Gallatin County","vap_asian","atg_20_rep_knu",0.495068699392873,0.175465627764431,0.163306472185681,0.819338266703073
"Gallatin County","vap_asian","atg_20_dem_gra",0.504931300607127,0.175465627764431,0.180661733296927,0.836693527814319
"Gallatin County","vap_aian","atg_20_rep_knu",0.519079938120185,0.184045043323374,0.189339008618712,0.880340768961686
"Gallatin County","vap_aian","atg_20_dem_gra",0.480920061879815,0.184045043323374,0.119659231038314,0.810660991381288
"Gallatin County","vap_oth_b","atg_20_rep_knu",0.536110740232351,0.160425808916566,0.217792389828399,0.820217463258831
"Gallatin County","vap_oth_b","atg_20_dem_gra",0.463889259767649,0.160425808916566,0.179782536741169,0.782207610171601
"Gallatin County","vap_white","sos_20_rep_jac",0.485726046587518,0.0113611842329122,0.461741738913466,0.507436970177633
"Gallatin County","vap_white","sos_20_dem_ben",0.514273953412482,0.0113611842329122,0.492563029822367,0.538258261086534
"Gallatin County","vap_black","sos_20_rep_jac",0.504412737209127,0.164875034912058,0.197292911100973,0.81409216913279
"Gallatin County","vap_black","sos_20_dem_ben",0.495587262790873,0.164875034912058,0.18590783086721,0.802707088899027
"Gallatin County","vap_hisp","sos_20_rep_jac",0.495398907812535,0.166741531703697,0.18481148494182,0.816666966009644
"Gallatin County","vap_hisp","sos_20_dem_ben",0.504601092187465,0.166741531703697,0.183333033990356,0.81518851505818
"Gallatin County","vap_asian","sos_20_rep_jac",0.491120027068917,0.161857477163758,0.186449800328961,0.802024460348725
"Gallatin County","vap_asian","sos_20_dem_ben",0.508879972931083,0.161857477163758,0.197975539651275,0.813550199671039
"Gallatin County","vap_aian","sos_20_rep_jac",0.480320375827994,0.175604197728041,0.15229736077347,0.821501093466617
"Gallatin County","vap_aian","sos_20_dem_ben",0.519679624172006,0.175604197728041,0.178498906533383,0.84770263922653
"Gallatin County","vap_oth_b","sos_20_rep_jac",0.508430857392222,0.164393258812923,0.186668265975233,0.813609644566973
"Gallatin County","vap_oth_b","sos_20_dem_ben",0.491569142607778,0.164393258812923,0.186390355433027,0.813331734024767
"Garfield County","vap_white","pre_16_rep_tru",0.973072823955572,0.0123683305831532,0.94570277921106,0.992454935342802
"Garfield County","vap_white","pre_16_dem_cli",0.0269271760444281,0.0123683305831532,0.00754506465719804,0.0542972207889394
"Garfield County","vap_black","pre_16_rep_tru",NA,NA,NA,NA
"Garfield County","vap_black","pre_16_dem_cli",NA,NA,NA,NA
"Garfield County","vap_hisp","pre_16_rep_tru",0.484034770308663,0.210450769256941,0.103257762361613,0.885215794280268
"Garfield County","vap_hisp","pre_16_dem_cli",0.515965229691337,0.210450769256941,0.114784205719732,0.896742237638387
"Garfield County","vap_asian","pre_16_rep_tru",NA,NA,NA,NA
"Garfield County","vap_asian","pre_16_dem_cli",NA,NA,NA,NA
"Garfield County","vap_aian","pre_16_rep_tru",0.492730439698707,0.217310929639913,0.0941860784336865,0.896880742263789
"Garfield County","vap_aian","pre_16_dem_cli",0.507269560301293,0.217310929639913,0.103119257736211,0.905813921566313
"Garfield County","vap_oth_b","pre_16_rep_tru",0.459858809125853,0.199000249418344,0.0911281065027639,0.850349015172522
"Garfield County","vap_oth_b","pre_16_dem_cli",0.540141190874147,0.199000249418344,0.149650984827477,0.908871893497236
"Garfield County","vap_white","gov_16_rep_gia",0.882272411274642,0.0183187295273736,0.844787495055251,0.916549534026598
"Garfield County","vap_white","gov_16_dem_bul",0.117727588725358,0.0183187295273736,0.0834504659734025,0.155212504944749
"Garfield County","vap_black","gov_16_rep_gia",NA,NA,NA,NA
"Garfield County","vap_black","gov_16_dem_bul",NA,NA,NA,NA
"Garfield County","vap_hisp","gov_16_rep_gia",0.499702874365548,0.211119313305039,0.10618690930607,0.89213951438062
"Garfield County","vap_hisp","gov_16_dem_bul",0.500297125634452,0.211119313305039,0.10786048561938,0.89381309069393
"Garfield County","vap_asian","gov_16_rep_gia",NA,NA,NA,NA
"Garfield County","vap_asian","gov_16_dem_bul",NA,NA,NA,NA
"Garfield County","vap_aian","gov_16_rep_gia",0.502756934835824,0.217823977775273,0.103799162574866,0.900721873777922
"Garfield County","vap_aian","gov_16_dem_bul",0.497243065164176,0.217823977775273,0.0992781262220785,0.896200837425134
"Garfield County","vap_oth_b","gov_16_rep_gia",0.490511168463881,0.203499351507226,0.118305665828385,0.87126215099995
"Garfield County","vap_oth_b","gov_16_dem_bul",0.509488831536119,0.203499351507226,0.128737849000051,0.881694334171615
"Garfield County","vap_white","atg_16_rep_fox",0.973298070973357,0.0121772505379942,0.946696152301194,0.992472290087904
"Garfield County","vap_white","atg_16_dem_jen",0.0267019290266427,0.0121772505379942,0.00752770991209569,0.0533038476988053
"Garfield County","vap_black","atg_16_rep_fox",NA,NA,NA,NA
"Garfield County","vap_black","atg_16_dem_jen",NA,NA,NA,NA
"Garfield County","vap_hisp","atg_16_rep_fox",0.478879399775457,0.211039755679145,0.0961751737945265,0.886363622860284
"Garfield County","vap_hisp","atg_16_dem_jen",0.521120600224543,0.211039755679145,0.113636377139715,0.903824826205474
"Garfield County","vap_asian","atg_16_rep_fox",NA,NA,NA,NA
"Garfield County","vap_asian","atg_16_dem_jen",NA,NA,NA,NA
"Garfield County","vap_aian","atg_16_rep_fox",0.48955485222151,0.220649169083035,0.0855090452972788,0.906538406498059
"Garfield County","vap_aian","atg_16_dem_jen",0.51044514777849,0.220649169083035,0.0934615935019405,0.914490954702721
"Garfield County","vap_oth_b","atg_16_rep_fox",0.456963946929338,0.201242619049263,0.0973436194515592,0.857590780453589
"Garfield County","vap_oth_b","atg_16_dem_jen",0.543036053070662,0.201242619049263,0.142409219546411,0.902656380548441
"Garfield County","vap_white","sos_16_rep_sta",0.931261557495586,0.0157659537310632,0.898227272589113,0.960130159793901
"Garfield County","vap_white","sos_16_dem_lin",0.0687384425044143,0.0157659537310632,0.0398698402060991,0.101772727410887
"Garfield County","vap_black","sos_16_rep_sta",NA,NA,NA,NA
"Garfield County","vap_black","sos_16_dem_lin",NA,NA,NA,NA
"Garfield County","vap_hisp","sos_16_rep_sta",0.495979023806657,0.213563440397586,0.0947607551403226,0.893101350827353
"Garfield County","vap_hisp","sos_16_dem_lin",0.504020976193343,0.213563440397586,0.106898649172647,0.905239244859677
"Garfield County","vap_asian","sos_16_rep_sta",NA,NA,NA,NA
"Garfield County","vap_asian","sos_16_dem_lin",NA,NA,NA,NA
"Garfield County","vap_aian","sos_16_rep_sta",0.482870163782672,0.218563401133354,0.0897157569246007,0.889553349068564
"Garfield County","vap_aian","sos_16_dem_lin",0.517129836217328,0.218563401133354,0.110446650931435,0.910284243075399
"Garfield County","vap_oth_b","sos_16_rep_sta",0.492599860829328,0.201599446341257,0.121423455988221,0.875433272483406
"Garfield County","vap_oth_b","sos_16_dem_lin",0.507400139170672,0.201599446341257,0.124566727516594,0.878576544011779
"Garfield County","vap_white","uss_18_rep_ros",0.91029375772646,0.0182456788898274,0.873233732464285,0.944543620427294
"Garfield County","vap_white","uss_18_dem_tes",0.0897062422735402,0.0182456788898274,0.0554563795727059,0.126766267535715
"Garfield County","vap_black","uss_18_rep_ros",NA,NA,NA,NA
"Garfield County","vap_black","uss_18_dem_tes",NA,NA,NA,NA
"Garfield County","vap_hisp","uss_18_rep_ros",0.495760795924624,0.211247294952828,0.097624628383356,0.890631801192009
"Garfield County","vap_hisp","uss_18_dem_tes",0.504239204075376,0.211247294952828,0.109368198807991,0.902375371616644
"Garfield County","vap_asian","uss_18_rep_ros",NA,NA,NA,NA
"Garfield County","vap_asian","uss_18_dem_tes",NA,NA,NA,NA
"Garfield County","vap_aian","uss_18_rep_ros",0.492531630179605,0.218134359054062,0.0934520261947154,0.893634981877515
"Garfield County","vap_aian","uss_18_dem_tes",0.507468369820395,0.218134359054062,0.106365018122485,0.906547973805284
"Garfield County","vap_oth_b","uss_18_rep_ros",0.486676384706335,0.207290901099657,0.102083064039782,0.866707235905675
"Garfield County","vap_oth_b","uss_18_dem_tes",0.513323615293665,0.207290901099657,0.133292764094325,0.897916935960218
"Garfield County","vap_white","pre_20_rep_tru",0.968599389233215,0.0128906915153097,0.940830615122957,0.990948460854208
"Garfield County","vap_white","pre_20_dem_bid",0.0314006107667849,0.0128906915153097,0.00905153914579154,0.0591693848770428
"Garfield County","vap_black","pre_20_rep_tru",NA,NA,NA,NA
"Garfield County","vap_black","pre_20_dem_bid",NA,NA,NA,NA
"Garfield County","vap_hisp","pre_20_rep_tru",0.48921012614761,0.210832791970497,0.100411955880064,0.89399960868601
"Garfield County","vap_hisp","pre_20_dem_bid",0.51078987385239,0.210832791970497,0.10600039131399,0.899588044119936
"Garfield County","vap_asian","pre_20_rep_tru",NA,NA,NA,NA
"Garfield County","vap_asian","pre_20_dem_bid",NA,NA,NA,NA
"Garfield County","vap_aian","pre_20_rep_tru",0.478735320898275,0.211429668313701,0.0913541697570643,0.879082562174207
"Garfield County","vap_aian","pre_20_dem_bid",0.521264679101725,0.211429668313701,0.120917437825793,0.908645830242936
"Garfield County","vap_oth_b","pre_20_rep_tru",0.470149163224241,0.195839088610586,0.108368838697604,0.846933070295331
"Garfield County","vap_oth_b","pre_20_dem_bid",0.529850836775759,0.195839088610586,0.153066929704668,0.891631161302396
"Garfield County","vap_white","uss_20_rep_dai",0.941500091801347,0.0142388960472968,0.911993370682618,0.967005499922254
"Garfield County","vap_white","uss_20_dem_bul",0.0584999081986526,0.0142388960472968,0.0329945000777455,0.0880066293173822
"Garfield County","vap_black","uss_20_rep_dai",NA,NA,NA,NA
"Garfield County","vap_black","uss_20_dem_bul",NA,NA,NA,NA
"Garfield County","vap_hisp","uss_20_rep_dai",0.481967750866213,0.208190152539586,0.0983851682039084,0.884071774065711
"Garfield County","vap_hisp","uss_20_dem_bul",0.518032249133787,0.208190152539586,0.115928225934289,0.901614831796092
"Garfield County","vap_asian","uss_20_rep_dai",NA,NA,NA,NA
"Garfield County","vap_asian","uss_20_dem_bul",NA,NA,NA,NA
"Garfield County","vap_aian","uss_20_rep_dai",0.491136932710246,0.220260387228413,0.103852508208841,0.903716321718727
"Garfield County","vap_aian","uss_20_dem_bul",0.508863067289754,0.220260387228413,0.0962836782812734,0.896147491791159
"Garfield County","vap_oth_b","uss_20_rep_dai",0.506302977303585,0.198379150267412,0.130200101887647,0.879675638996307
"Garfield County","vap_oth_b","uss_20_dem_bul",0.493697022696415,0.198379150267412,0.120324361003693,0.869799898112353
"Garfield County","vap_white","gov_20_rep_gia",0.956380159631543,0.0137810841249408,0.927384958533842,0.981025768513507
"Garfield County","vap_white","gov_20_dem_coo",0.043619840368457,0.0137810841249408,0.0189742314864927,0.0726150414661584
"Garfield County","vap_black","gov_20_rep_gia",NA,NA,NA,NA
"Garfield County","vap_black","gov_20_dem_coo",NA,NA,NA,NA
"Garfield County","vap_hisp","gov_20_rep_gia",0.492866416916306,0.209931047813682,0.103582123448344,0.889486915743593
"Garfield County","vap_hisp","gov_20_dem_coo",0.507133583083694,0.209931047813682,0.110513084256408,0.896417876551656
"Garfield County","vap_asian","gov_20_rep_gia",NA,NA,NA,NA
"Garfield County","vap_asian","gov_20_dem_coo",NA,NA,NA,NA
"Garfield County","vap_aian","gov_20_rep_gia",0.486444775705069,0.21754689501293,0.0839109571485271,0.885373293107764
"Garfield County","vap_aian","gov_20_dem_coo",0.513555224294931,0.21754689501293,0.114626706892236,0.916089042851473
"Garfield County","vap_oth_b","gov_20_rep_gia",0.495276045392597,0.19908946233915,0.126610671002104,0.878266419354995
"Garfield County","vap_oth_b","gov_20_dem_coo",0.504723954607403,0.19908946233915,0.121733580645005,0.873389328997896
"Garfield County","vap_white","atg_20_rep_knu",0.959351749488064,0.012545814587218,0.932578022152522,0.98217859268647
"Garfield County","vap_white","atg_20_dem_gra",0.0406482505119362,0.012545814587218,0.0178214073135298,0.0674219778474784
"Garfield County","vap_black","atg_20_rep_knu",NA,NA,NA,NA
"Garfield County","vap_black","atg_20_dem_gra",NA,NA,NA,NA
"Garfield County","vap_hisp","atg_20_rep_knu",0.488315376490021,0.210293637671411,0.107368153352504,0.885984353380597
"Garfield County","vap_hisp","atg_20_dem_gra",0.511684623509979,0.210293637671411,0.114015646619403,0.892631846647496
"Garfield County","vap_asian","atg_20_rep_knu",NA,NA,NA,NA
"Garfield County","vap_asian","atg_20_dem_gra",NA,NA,NA,NA
"Garfield County","vap_aian","atg_20_rep_knu",0.46539998919321,0.219045110068382,0.0878584929929354,0.887546313514168
"Garfield County","vap_aian","atg_20_dem_gra",0.53460001080679,0.219045110068382,0.112453686485832,0.912141507007064
"Garfield County","vap_oth_b","atg_20_rep_knu",0.561987572041514,0.19177628982431,0.169217300213685,0.91003074519629
"Garfield County","vap_oth_b","atg_20_dem_gra",0.438012427958487,0.19177628982431,0.0899692548037103,0.830782699786315
"Garfield County","vap_white","sos_20_rep_jac",0.953556971133487,0.0141370091788534,0.924226186548844,0.980021381259347
"Garfield County","vap_white","sos_20_dem_ben",0.0464430288665127,0.0141370091788534,0.019978618740653,0.0757738134511559
"Garfield County","vap_black","sos_20_rep_jac",NA,NA,NA,NA
"Garfield County","vap_black","sos_20_dem_ben",NA,NA,NA,NA
"Garfield County","vap_hisp","sos_20_rep_jac",0.502892645855663,0.216382476774074,0.104244805427497,0.906199579898506
"Garfield County","vap_hisp","sos_20_dem_ben",0.497107354144337,0.216382476774074,0.0938004201014941,0.895755194572503
"Garfield County","vap_asian","sos_20_rep_jac",NA,NA,NA,NA
"Garfield County","vap_asian","sos_20_dem_ben",NA,NA,NA,NA
"Garfield County","vap_aian","sos_20_rep_jac",0.484579858391225,0.223564316657228,0.0772127306849014,0.903709419740655
"Garfield County","vap_aian","sos_20_dem_ben",0.515420141608775,0.223564316657228,0.0962905802593452,0.922787269315099
"Garfield County","vap_oth_b","sos_20_rep_jac",0.516781311173449,0.19051511938962,0.149289156560565,0.872865305847539
"Garfield County","vap_oth_b","sos_20_dem_ben",0.483218688826551,0.19051511938962,0.127134694152461,0.850710843439435
"Glacier County","vap_white","pre_16_rep_tru",0.829669783810565,0.0377754306086992,0.745864558291249,0.893499986377168
"Glacier County","vap_white","pre_16_dem_cli",0.170330216189435,0.0377754306086992,0.106500013622833,0.254135441708751
"Glacier County","vap_black","pre_16_rep_tru",0.492240902091016,0.18991503783071,0.139328322484702,0.851314013991304
"Glacier County","vap_black","pre_16_dem_cli",0.507759097908984,0.18991503783071,0.148685986008696,0.860671677515298
"Glacier County","vap_hisp","pre_16_rep_tru",0.50304618340804,0.171343248437,0.17381617259628,0.82379999281682
"Glacier County","vap_hisp","pre_16_dem_cli",0.49695381659196,0.171343248437,0.17620000718318,0.82618382740372
"Glacier County","vap_asian","pre_16_rep_tru",0.507370281794718,0.194377511573313,0.138097581297232,0.872454873095569
"Glacier County","vap_asian","pre_16_dem_cli",0.492629718205282,0.194377511573313,0.127545126904431,0.861902418702768
"Glacier County","vap_aian","pre_16_rep_tru",0.0644739492286077,0.0213840326540796,0.0304057929762889,0.114617001061315
"Glacier County","vap_aian","pre_16_dem_cli",0.935526050771392,0.0213840326540796,0.885382998938685,0.969594207023711
"Glacier County","vap_oth_b","pre_16_rep_tru",0.538887326996506,0.162525422978208,0.222760476248688,0.837702073400159
"Glacier County","vap_oth_b","pre_16_dem_cli",0.461112673003494,0.162525422978208,0.162297926599841,0.777239523751312
"Glacier County","vap_white","gov_16_rep_gia",0.610558979843024,0.0405109872169436,0.526649317377992,0.687603619828059
"Glacier County","vap_white","gov_16_dem_bul",0.389441020156976,0.0405109872169436,0.312396380171941,0.473350682622008
"Glacier County","vap_black","gov_16_rep_gia",0.488637745942528,0.184592993011641,0.14621340335156,0.845155574310013
"Glacier County","vap_black","gov_16_dem_bul",0.511362254057472,0.184592993011641,0.154844425689987,0.85378659664844
"Glacier County","vap_hisp","gov_16_rep_gia",0.519413046789742,0.181392930520897,0.188765491677183,0.881748394305509
"Glacier County","vap_hisp","gov_16_dem_bul",0.480586953210258,0.181392930520897,0.118251605694491,0.811234508322817
"Glacier County","vap_asian","gov_16_rep_gia",0.51278960034368,0.186582585816713,0.158746613046755,0.858273043679361
"Glacier County","vap_asian","gov_16_dem_bul",0.48721039965632,0.186582585816713,0.141726956320639,0.841253386953245
"Glacier County","vap_aian","gov_16_rep_gia",0.0390737947919286,0.0163653043434539,0.0129921443807211,0.077006026660037
"Glacier County","vap_aian","gov_16_dem_bul",0.960926205208072,0.0163653043434539,0.922993973339963,0.987007855619279
"Glacier County","vap_oth_b","gov_16_rep_gia",0.453513909889985,0.169543890095994,0.150280350555877,0.785187065491009
"Glacier County","vap_oth_b","gov_16_dem_bul",0.546486090110015,0.169543890095994,0.214812934508991,0.849719649444123
"Glacier County","vap_white","atg_16_rep_fox",0.848109927193041,0.0371893186549472,0.767134416467536,0.911549006932452
"Glacier County","vap_white","atg_16_dem_jen",0.151890072806959,0.0371893186549472,0.0884509930675476,0.232865583532464
"Glacier County","vap_black","atg_16_rep_fox",0.501453889272288,0.190246863658448,0.141658344477842,0.858111416272674
"Glacier County","vap_black","atg_16_dem_jen",0.498546110727712,0.190246863658448,0.141888583727326,0.858341655522158
"Glacier County","vap_hisp","atg_16_rep_fox",0.532182265657272,0.170062152973282,0.201334852220528,0.849260059054591
"Glacier County","vap_hisp","atg_16_dem_jen",0.467817734342728,0.170062152973282,0.150739940945409,0.798665147779472
"Glacier County","vap_asian","atg_16_rep_fox",0.500858819925112,0.184436712817381,0.158140544629005,0.854009607042227
"Glacier County","vap_asian","atg_16_dem_jen",0.499141180074888,0.184436712817381,0.145990392957774,0.841859455370995
"Glacier County","vap_aian","atg_16_rep_fox",0.105480039612358,0.0241401204722544,0.0627876872612518,0.157134797192688
"Glacier County","vap_aian","atg_16_dem_jen",0.894519960387642,0.0241401204722544,0.842865202807312,0.937212312738748
"Glacier County","vap_oth_b","atg_16_rep_fox",0.575713959270015,0.161725995053343,0.244966642718531,0.864788446047348
"Glacier County","vap_oth_b","atg_16_dem_jen",0.424286040729985,0.161725995053343,0.135211553952652,0.755033357281469
"Glacier County","vap_white","sos_16_rep_sta",0.779827510990578,0.0432054121567017,0.689165867977083,0.859278931326783
"Glacier County","vap_white","sos_16_dem_lin",0.220172489009422,0.0432054121567017,0.140721068673217,0.310834132022917
"Glacier County","vap_black","sos_16_rep_sta",0.498564631510256,0.193486616631525,0.143744913671764,0.870400511859044
"Glacier County","vap_black","sos_16_dem_lin",0.501435368489744,0.193486616631525,0.129599488140956,0.856255086328236
"Glacier County","vap_hisp","sos_16_rep_sta",0.496520853877043,0.174004606403717,0.159324890890957,0.826744370284704
"Glacier County","vap_hisp","sos_16_dem_lin",0.503479146122957,0.174004606403717,0.173255629715296,0.840675109109043
"Glacier County","vap_asian","sos_16_rep_sta",0.502633268722866,0.194482920931249,0.133656100685416,0.869166725573958
"Glacier County","vap_asian","sos_16_dem_lin",0.497366731277134,0.194482920931249,0.130833274426042,0.866343899314584
"Glacier County","vap_aian","sos_16_rep_sta",0.0317515707689846,0.0174951728764973,0.00821209645286612,0.074517246737385
"Glacier County","vap_aian","sos_16_dem_lin",0.968248429231016,0.0174951728764973,0.925482753262615,0.991787903547134
"Glacier County","vap_oth_b","sos_16_rep_sta",0.441682504283262,0.165200961907077,0.14761282449515,0.786141214538989
"Glacier County","vap_oth_b","sos_16_dem_lin",0.558317495716738,0.165200961907077,0.213858785461011,0.85238717550485
"Glacier County","vap_white","uss_18_rep_ros",0.602114717674544,0.0420141249176807,0.515832881268086,0.679544637397531
"Glacier County","vap_white","uss_18_dem_tes",0.397885282325456,0.0420141249176807,0.320455362602469,0.484167118731914
"Glacier County","vap_black","uss_18_rep_ros",0.48077904361288,0.191254770826714,0.127234950692888,0.842956628294631
"Glacier County","vap_black","uss_18_dem_tes",0.51922095638712,0.191254770826714,0.157043371705369,0.872765049307112
"Glacier County","vap_hisp","uss_18_rep_ros",0.492736745719298,0.161934551138594,0.189439955659959,0.805853676010178
"Glacier County","vap_hisp","uss_18_dem_tes",0.507263254280702,0.161934551138594,0.194146323989822,0.810560044340041
"Glacier County","vap_asian","uss_18_rep_ros",0.502698003051672,0.187147106826756,0.1495843614923,0.858336119902064
"Glacier County","vap_asian","uss_18_dem_tes",0.497301996948328,0.187147106826756,0.141663880097936,0.850415638507699
"Glacier County","vap_aian","uss_18_rep_ros",0.0425113536030436,0.0180281878350323,0.0152806896865528,0.0866302043189087
"Glacier County","vap_aian","uss_18_dem_tes",0.957488646396956,0.0180281878350323,0.913369795681091,0.984719310313447
"Glacier County","vap_oth_b","uss_18_rep_ros",0.430063266540341,0.163186843661747,0.139945511276356,0.74947306824922
"Glacier County","vap_oth_b","uss_18_dem_tes",0.569936733459659,0.163186843661747,0.25052693175078,0.860054488723644
"Glacier County","vap_white","pre_20_rep_tru",0.799489437689483,0.0428380655839518,0.708265632589383,0.875087033024988
"Glacier County","vap_white","pre_20_dem_bid",0.200510562310517,0.0428380655839518,0.124912966975012,0.291734367410617
"Glacier County","vap_black","pre_20_rep_tru",0.514916264881443,0.188910397578578,0.145511663819756,0.865534420771612
"Glacier County","vap_black","pre_20_dem_bid",0.485083735118557,0.188910397578578,0.134465579228388,0.854488336180244
"Glacier County","vap_hisp","pre_20_rep_tru",0.511115442435339,0.175394719121089,0.176712372031934,0.839894834607734
"Glacier County","vap_hisp","pre_20_dem_bid",0.488884557564662,0.175394719121089,0.160105165392266,0.823287627968066
"Glacier County","vap_asian","pre_20_rep_tru",0.501047583912361,0.196423925531518,0.128324450296891,0.877666217773599
"Glacier County","vap_asian","pre_20_dem_bid",0.498952416087639,0.196423925531518,0.122333782226401,0.871675549703109
"Glacier County","vap_aian","pre_20_rep_tru",0.092057860525587,0.0221286782730893,0.0564309242446451,0.143804726917305
"Glacier County","vap_aian","pre_20_dem_bid",0.907942139474413,0.0221286782730893,0.856195273082695,0.943569075755355
"Glacier County","vap_oth_b","pre_20_rep_tru",0.502312510614451,0.1588073664074,0.192003620685619,0.793366347968776
"Glacier County","vap_oth_b","pre_20_dem_bid",0.49768748938555,0.1588073664074,0.206633652031224,0.807996379314381
"Glacier County","vap_white","uss_20_rep_dai",0.708454369050248,0.0455723282363358,0.608437050935072,0.787407059954156
"Glacier County","vap_white","uss_20_dem_bul",0.291545630949752,0.0455723282363358,0.212592940045844,0.391562949064928
"Glacier County","vap_black","uss_20_rep_dai",0.500058086160394,0.189674590935194,0.141783942468148,0.858868963009867
"Glacier County","vap_black","uss_20_dem_bul",0.499941913839606,0.189674590935194,0.141131036990133,0.858216057531852
"Glacier County","vap_hisp","uss_20_rep_dai",0.495203587771539,0.168372084068405,0.176728127864825,0.814305428831991
"Glacier County","vap_hisp","uss_20_dem_bul",0.504796412228461,0.168372084068405,0.185694571168009,0.823271872135175
"Glacier County","vap_asian","uss_20_rep_dai",0.490260541859187,0.191476346657469,0.137194660413264,0.860408980003933
"Glacier County","vap_asian","uss_20_dem_bul",0.509739458140813,0.191476346657469,0.139591019996067,0.862805339586736
"Glacier County","vap_aian","uss_20_rep_dai",0.0703637280829397,0.0197644648814611,0.0386838183017389,0.115155953691445
"Glacier County","vap_aian","uss_20_dem_bul",0.92963627191706,0.0197644648814611,0.884844046308555,0.961316181698261
"Glacier County","vap_oth_b","uss_20_rep_dai",0.44097674608211,0.173824511991996,0.139481178431363,0.788353485617875
"Glacier County","vap_oth_b","uss_20_dem_bul",0.55902325391789,0.173824511991996,0.211646514382125,0.860518821568637
"Glacier County","vap_white","gov_20_rep_gia",0.755819215830745,0.043036013382303,0.667865302809513,0.834615991115492
"Glacier County","vap_white","gov_20_dem_coo",0.244180784169255,0.043036013382303,0.165384008884508,0.332134697190487
"Glacier County","vap_black","gov_20_rep_gia",0.498019548165962,0.195334975739287,0.130631707930736,0.876030616973915
"Glacier County","vap_black","gov_20_dem_coo",0.501980451834038,0.195334975739287,0.123969383026084,0.869368292069264
"Glacier County","vap_hisp","gov_20_rep_gia",0.475727028353983,0.172452934086215,0.159649310257299,0.8055081866772
"Glacier County","vap_hisp","gov_20_dem_coo",0.524272971646017,0.172452934086215,0.194491813322801,0.840350689742701
"Glacier County","vap_asian","gov_20_rep_gia",0.506556252104009,0.193136251445142,0.138713785647036,0.875723001444394
"Glacier County","vap_asian","gov_20_dem_coo",0.493443747895991,0.193136251445142,0.124276998555605,0.861286214352964
"Glacier County","vap_aian","gov_20_rep_gia",0.0740060660759642,0.0200930522593221,0.0403707615969882,0.11730944715216
"Glacier County","vap_aian","gov_20_dem_coo",0.925993933924036,0.0200930522593221,0.88269055284784,0.959629238403012
"Glacier County","vap_oth_b","gov_20_rep_gia",0.46121886501055,0.172208677700813,0.161440133471756,0.808495776560377
"Glacier County","vap_oth_b","gov_20_dem_coo",0.53878113498945,0.172208677700813,0.191504223439623,0.838559866528244
"Glacier County","vap_white","atg_20_rep_knu",0.775124096190776,0.0431017985081882,0.68349712099862,0.852033184743239
"Glacier County","vap_white","atg_20_dem_gra",0.224875903809224,0.0431017985081882,0.147966815256761,0.31650287900138
"Glacier County","vap_black","atg_20_rep_knu",0.494344399999295,0.192252433611782,0.130597454830418,0.860088599296258
"Glacier County","vap_black","atg_20_dem_gra",0.505655600000705,0.192252433611782,0.139911400703742,0.869402545169581
"Glacier County","vap_hisp","atg_20_rep_knu",0.507522409205582,0.169958706247785,0.182238522578361,0.818544732741238
"Glacier County","vap_hisp","atg_20_dem_gra",0.492477590794418,0.169958706247785,0.181455267258762,0.817761477421639
"Glacier County","vap_asian","atg_20_rep_knu",0.518623237413908,0.191260508656602,0.14825684279191,0.874358375307967
"Glacier County","vap_asian","atg_20_dem_gra",0.481376762586092,0.191260508656602,0.125641624692033,0.85174315720809
"Glacier County","vap_aian","atg_20_rep_knu",0.0774634543828138,0.0220930737941909,0.0415561021208197,0.126871957069764
"Glacier County","vap_aian","atg_20_dem_gra",0.922536545617186,0.0220930737941909,0.873128042930236,0.95844389787918
"Glacier County","vap_oth_b","atg_20_rep_knu",0.499666019850966,0.173361265302465,0.169838184138142,0.826301026871663
"Glacier County","vap_oth_b","atg_20_dem_gra",0.500333980149035,0.173361265302465,0.173698973128337,0.830161815861858
"Glacier County","vap_white","sos_20_rep_jac",0.778455726943552,0.0418660937833172,0.690463170647727,0.851500012856932
"Glacier County","vap_white","sos_20_dem_ben",0.221544273056448,0.0418660937833172,0.148499987143068,0.309536829352273
"Glacier County","vap_black","sos_20_rep_jac",0.490092405925501,0.189727239371367,0.138976971017565,0.843249794143395
"Glacier County","vap_black","sos_20_dem_ben",0.509907594074499,0.189727239371367,0.156750205856605,0.861023028982435
"Glacier County","vap_hisp","sos_20_rep_jac",0.507720329183986,0.171051870124993,0.186316650954993,0.834769310150996
"Glacier County","vap_hisp","sos_20_dem_ben",0.492279670816014,0.171051870124993,0.165230689849004,0.813683349045007
"Glacier County","vap_asian","sos_20_rep_jac",0.520000029868421,0.192048872520642,0.149723620353387,0.869049325261586
"Glacier County","vap_asian","sos_20_dem_ben",0.479999970131579,0.192048872520642,0.130950674738414,0.850276379646613
"Glacier County","vap_aian","sos_20_rep_jac",0.0880459780186472,0.0209227091964567,0.0526425916635121,0.133294733895675
"Glacier County","vap_aian","sos_20_dem_ben",0.911954021981353,0.0209227091964567,0.866705266104325,0.947357408336488
"Glacier County","vap_oth_b","sos_20_rep_jac",0.498891265320842,0.168332368637961,0.174541262510175,0.815116736172221
"Glacier County","vap_oth_b","sos_20_dem_ben",0.501108734679158,0.168332368637961,0.184883263827779,0.825458737489825
"Golden Valley County","vap_white","pre_16_rep_tru",0.867485306062042,0.025288664811756,0.817024987267944,0.915152428741127
"Golden Valley County","vap_white","pre_16_dem_cli",0.132514693937958,0.025288664811756,0.0848475712588733,0.182975012732056
"Golden Valley County","vap_black","pre_16_rep_tru",0.497260490848048,0.245324421003967,0.0656321707294278,0.939862511617116
"Golden Valley County","vap_black","pre_16_dem_cli",0.502739509151952,0.245324421003967,0.0601374883828841,0.934367829270572
"Golden Valley County","vap_hisp","pre_16_rep_tru",0.496090016050462,0.235451096682819,0.0540923573513847,0.937681951761101
"Golden Valley County","vap_hisp","pre_16_dem_cli",0.503909983949538,0.235451096682819,0.0623180482388992,0.945907642648615
"Golden Valley County","vap_asian","pre_16_rep_tru",NA,NA,NA,NA
"Golden Valley County","vap_asian","pre_16_dem_cli",NA,NA,NA,NA
"Golden Valley County","vap_aian","pre_16_rep_tru",NA,NA,NA,NA
"Golden Valley County","vap_aian","pre_16_dem_cli",NA,NA,NA,NA
"Golden Valley County","vap_oth_b","pre_16_rep_tru",0.499440149179049,0.227374747690891,0.0824603303881974,0.916011141508335
"Golden Valley County","vap_oth_b","pre_16_dem_cli",0.500559850820951,0.227374747690891,0.083988858491665,0.917539669611803
"Golden Valley County","vap_white","gov_16_rep_gia",0.663126660741217,0.0288614817688636,0.606993992503482,0.718796111201929
"Golden Valley County","vap_white","gov_16_dem_bul",0.336873339258783,0.0288614817688636,0.281203888798071,0.393006007496518
"Golden Valley County","vap_black","gov_16_rep_gia",0.505676839174823,0.243268236138135,0.0695974691480471,0.934874207742494
"Golden Valley County","vap_black","gov_16_dem_bul",0.494323160825177,0.243268236138135,0.0651257922575059,0.930402530851953
"Golden Valley County","vap_hisp","gov_16_rep_gia",0.507859571003972,0.230953842437395,0.0817614607129844,0.935473513771611
"Golden Valley County","vap_hisp","gov_16_dem_bul",0.492140428996027,0.230953842437395,0.0645264862283891,0.918238539287016
"Golden Valley County","vap_asian","gov_16_rep_gia",NA,NA,NA,NA
"Golden Valley County","vap_asian","gov_16_dem_bul",NA,NA,NA,NA
"Golden Valley County","vap_aian","gov_16_rep_gia",NA,NA,NA,NA
"Golden Valley County","vap_aian","gov_16_dem_bul",NA,NA,NA,NA
"Golden Valley County","vap_oth_b","gov_16_rep_gia",0.49603690102372,0.232840044964767,0.0756312238937451,0.926410951417271
"Golden Valley County","vap_oth_b","gov_16_dem_bul",0.50396309897628,0.232840044964767,0.0735890485827293,0.924368776106255
"Golden Valley County","vap_white","atg_16_rep_fox",0.903225978767676,0.0236360632159225,0.857052769289653,0.9487654792474
"Golden Valley County","vap_white","atg_16_dem_jen",0.0967740212323244,0.0236360632159225,0.0512345207526001,0.142947230710348
"Golden Valley County","vap_black","atg_16_rep_fox",0.497714439445923,0.24190695578764,0.0715099671903554,0.933009705064796
"Golden Valley County","vap_black","atg_16_dem_jen",0.502285560554077,0.24190695578764,0.0669902949352036,0.928490032809645
"Golden Valley County","vap_hisp","atg_16_rep_fox",0.503399380194528,0.229519779140183,0.0690831400183764,0.926774675824272
"Golden Valley County","vap_hisp","atg_16_dem_jen",0.496600619805472,0.229519779140183,0.0732253241757275,0.930916859981624
"Golden Valley County","vap_asian","atg_16_rep_fox",NA,NA,NA,NA
"Golden Valley County","vap_asian","atg_16_dem_jen",NA,NA,NA,NA
"Golden Valley County","vap_aian","atg_16_rep_fox",NA,NA,NA,NA
"Golden Valley County","vap_aian","atg_16_dem_jen",NA,NA,NA,NA
"Golden Valley County","vap_oth_b","atg_16_rep_fox",0.49816045316083,0.233455200709443,0.0694710403286071,0.923521804931587
"Golden Valley County","vap_oth_b","atg_16_dem_jen",0.50183954683917,0.233455200709443,0.0764781950684132,0.930528959671393
"Golden Valley County","vap_white","sos_16_rep_sta",0.773995072464248,0.0268859933471972,0.720629721760544,0.825790922433629
"Golden Valley County","vap_white","sos_16_dem_lin",0.226004927535752,0.0268859933471972,0.174209077566371,0.279370278239456
"Golden Valley County","vap_black","sos_16_rep_sta",0.500977836387053,0.242589051282669,0.0634183573077527,0.932845779813684
"Golden Valley County","vap_black","sos_16_dem_lin",0.499022163612947,0.242589051282669,0.0671542201863156,0.936581642692247
"Golden Valley County","vap_hisp","sos_16_rep_sta",0.510275277285828,0.226301587057158,0.0931086941717102,0.928580607530158
"Golden Valley County","vap_hisp","sos_16_dem_lin",0.489724722714172,0.226301587057158,0.071419392469842,0.90689130582829
"Golden Valley County","vap_asian","sos_16_rep_sta",NA,NA,NA,NA
"Golden Valley County","vap_asian","sos_16_dem_lin",NA,NA,NA,NA
"Golden Valley County","vap_aian","sos_16_rep_sta",NA,NA,NA,NA
"Golden Valley County","vap_aian","sos_16_dem_lin",NA,NA,NA,NA
"Golden Valley County","vap_oth_b","sos_16_rep_sta",0.512919640068899,0.227251791141776,0.0912329944485831,0.929219768544037
"Golden Valley County","vap_oth_b","sos_16_dem_lin",0.487080359931101,0.227251791141776,0.0707802314559633,0.908767005551417
"Golden Valley County","vap_white","uss_18_rep_ros",0.716856804369342,0.0286163402431146,0.661381021431023,0.772901206619472
"Golden Valley County","vap_white","uss_18_dem_tes",0.283143195630658,0.0286163402431146,0.227098793380527,0.338618978568977
"Golden Valley County","vap_black","uss_18_rep_ros",0.495760593071278,0.245012075514776,0.0606642757184298,0.930317352943485
"Golden Valley County","vap_black","uss_18_dem_tes",0.504239406928722,0.245012075514776,0.0696826470565149,0.93933572428157
"Golden Valley County","vap_hisp","uss_18_rep_ros",0.496980204331697,0.225194630507899,0.076438090486025,0.914702531110434
"Golden Valley County","vap_hisp","uss_18_dem_tes",0.503019795668303,0.225194630507899,0.0852974688895661,0.923561909513975
"Golden Valley County","vap_asian","uss_18_rep_ros",NA,NA,NA,NA
"Golden Valley County","vap_asian","uss_18_dem_tes",NA,NA,NA,NA
"Golden Valley County","vap_aian","uss_18_rep_ros",NA,NA,NA,NA
"Golden Valley County","vap_aian","uss_18_dem_tes",NA,NA,NA,NA
"Golden Valley County","vap_oth_b","uss_18_rep_ros",0.502025387383412,0.233716387854138,0.0677676099499954,0.929940291648031
"Golden Valley County","vap_oth_b","uss_18_dem_tes",0.497974612616588,0.233716387854138,0.0700597083519687,0.932232390050004
"Golden Valley County","vap_white","pre_20_rep_tru",0.872940132016485,0.0246788759299621,0.824836173334764,0.921192232761099
"Golden Valley County","vap_white","pre_20_dem_bid",0.127059867983515,0.0246788759299621,0.0788077672389014,0.175163826665236
"Golden Valley County","vap_black","pre_20_rep_tru",0.498031071837666,0.243201796138846,0.0695199130761494,0.934170510678067
"Golden Valley County","vap_black","pre_20_dem_bid",0.501968928162334,0.243201796138846,0.0658294893219327,0.930480086923851
"Golden Valley County","vap_hisp","pre_20_rep_tru",0.493540363708262,0.232051761013353,0.064572464012449,0.928561274864806
"Golden Valley County","vap_hisp","pre_20_dem_bid",0.506459636291738,0.232051761013353,0.0714387251351938,0.935427535987551
"Golden Valley County","vap_asian","pre_20_rep_tru",NA,NA,NA,NA
"Golden Valley County","vap_asian","pre_20_dem_bid",NA,NA,NA,NA
"Golden Valley County","vap_aian","pre_20_rep_tru",NA,NA,NA,NA
"Golden Valley County","vap_aian","pre_20_dem_bid",NA,NA,NA,NA
"Golden Valley County","vap_oth_b","pre_20_rep_tru",0.503457680108506,0.235014552352665,0.0634447641929628,0.925315317481311
"Golden Valley County","vap_oth_b","pre_20_dem_bid",0.496542319891494,0.235014552352665,0.0746846825186893,0.936555235807037
"Golden Valley County","vap_white","uss_20_rep_dai",0.831507054167581,0.0251692524058903,0.782152093421871,0.880392309209891
"Golden Valley County","vap_white","uss_20_dem_bul",0.168492945832419,0.0251692524058903,0.119607690790109,0.217847906578129
"Golden Valley County","vap_black","uss_20_rep_dai",0.505514830650415,0.242212976317191,0.0754163359439156,0.935181141581635
"Golden Valley County","vap_black","uss_20_dem_bul",0.494485169349585,0.242212976317191,0.0648188584183655,0.924583664056084
"Golden Valley County","vap_hisp","uss_20_rep_dai",0.505846317237616,0.225891100157761,0.0788922495957316,0.926245830482854
"Golden Valley County","vap_hisp","uss_20_dem_bul",0.494153682762384,0.225891100157761,0.0737541695171464,0.921107750404268
"Golden Valley County","vap_asian","uss_20_rep_dai",NA,NA,NA,NA
"Golden Valley County","vap_asian","uss_20_dem_bul",NA,NA,NA,NA
"Golden Valley County","vap_aian","uss_20_rep_dai",NA,NA,NA,NA
"Golden Valley County","vap_aian","uss_20_dem_bul",NA,NA,NA,NA
"Golden Valley County","vap_oth_b","uss_20_rep_dai",0.500844568969116,0.230716585299273,0.0765590970716497,0.921339510125403
"Golden Valley County","vap_oth_b","uss_20_dem_bul",0.499155431030884,0.230716585299273,0.0786604898745967,0.92344090292835
"Golden Valley County","vap_white","gov_20_rep_gia",0.866213672791014,0.0243961208932461,0.818702433439706,0.91390632875199
"Golden Valley County","vap_white","gov_20_dem_coo",0.133786327208986,0.0243961208932461,0.0860936712480101,0.181297566560294
"Golden Valley County","vap_black","gov_20_rep_gia",0.497930890760209,0.250177122230279,0.0417505803999136,0.935268638461699
"Golden Valley County","vap_black","gov_20_dem_coo",0.502069109239791,0.250177122230279,0.0647313615383009,0.958249419600086
"Golden Valley County","vap_hisp","gov_20_rep_gia",0.500956643508413,0.228795335762834,0.0756253843549657,0.922807290672486
"Golden Valley County","vap_hisp","gov_20_dem_coo",0.499043356491587,0.228795335762834,0.0771927093275141,0.924374615645034
"Golden Valley County","vap_asian","gov_20_rep_gia",NA,NA,NA,NA
"Golden Valley County","vap_asian","gov_20_dem_coo",NA,NA,NA,NA
"Golden Valley County","vap_aian","gov_20_rep_gia",NA,NA,NA,NA
"Golden Valley County","vap_aian","gov_20_dem_coo",NA,NA,NA,NA
"Golden Valley County","vap_oth_b","gov_20_rep_gia",0.508984576099228,0.229924954815066,0.0794282863333652,0.925388147163034
"Golden Valley County","vap_oth_b","gov_20_dem_coo",0.491015423900772,0.229924954815066,0.0746118528369661,0.920571713666635
"Golden Valley County","vap_white","atg_20_rep_knu",0.875511659351687,0.0238334599239977,0.828375080149246,0.922243849615762
"Golden Valley County","vap_white","atg_20_dem_gra",0.124488340648313,0.0238334599239977,0.0777561503842386,0.171624919850754
"Golden Valley County","vap_black","atg_20_rep_knu",0.498042970029007,0.245398451171285,0.0629528398304305,0.934883917787911
"Golden Valley County","vap_black","atg_20_dem_gra",0.501957029970993,0.245398451171285,0.0651160822120893,0.93704716016957
"Golden Valley County","vap_hisp","atg_20_rep_knu",0.493746289989921,0.229553915084511,0.0495334968452988,0.913389278853086
"Golden Valley County","vap_hisp","atg_20_dem_gra",0.506253710010079,0.229553915084511,0.0866107211469139,0.950466503154701
"Golden Valley County","vap_asian","atg_20_rep_knu",NA,NA,NA,NA
"Golden Valley County","vap_asian","atg_20_dem_gra",NA,NA,NA,NA
"Golden Valley County","vap_aian","atg_20_rep_knu",NA,NA,NA,NA
"Golden Valley County","vap_aian","atg_20_dem_gra",NA,NA,NA,NA
"Golden Valley County","vap_oth_b","atg_20_rep_knu",0.512412618748106,0.231337312920618,0.0835643156534527,0.936584184540099
"Golden Valley County","vap_oth_b","atg_20_dem_gra",0.487587381251894,0.231337312920618,0.0634158154599008,0.916435684346547
"Golden Valley County","vap_white","sos_20_rep_jac",0.860909816240957,0.0245957187708947,0.812751429486052,0.908976037590835
"Golden Valley County","vap_white","sos_20_dem_ben",0.139090183759043,0.0245957187708947,0.0910239624091655,0.187248570513948
"Golden Valley County","vap_black","sos_20_rep_jac",0.491637703178465,0.250044738993386,0.0430560802784386,0.932337681396831
"Golden Valley County","vap_black","sos_20_dem_ben",0.508362296821535,0.250044738993386,0.0676623186031691,0.956943919721562
"Golden Valley County","vap_hisp","sos_20_rep_jac",0.51271313376691,0.223935388916119,0.0835492570142249,0.92228961658079
"Golden Valley County","vap_hisp","sos_20_dem_ben",0.48728686623309,0.223935388916119,0.0777103834192093,0.916450742985775
"Golden Valley County","vap_asian","sos_20_rep_jac",NA,NA,NA,NA
"Golden Valley County","vap_asian","sos_20_dem_ben",NA,NA,NA,NA
"Golden Valley County","vap_aian","sos_20_rep_jac",NA,NA,NA,NA
"Golden Valley County","vap_aian","sos_20_dem_ben",NA,NA,NA,NA
"Golden Valley County","vap_oth_b","sos_20_rep_jac",0.498609032247405,0.237413541330327,0.0662025589089382,0.933452021886699
"Golden Valley County","vap_oth_b","sos_20_dem_ben",0.501390967752595,0.237413541330327,0.0665479781133007,0.933797441091061
"Granite County","vap_white","pre_16_rep_tru",0.733929282499254,0.0151522953213245,0.704767961145847,0.763774083806816
"Granite County","vap_white","pre_16_dem_cli",0.266070717500746,0.0151522953213245,0.236225916193184,0.295232038854153
"Granite County","vap_black","pre_16_rep_tru",NA,NA,NA,NA
"Granite County","vap_black","pre_16_dem_cli",NA,NA,NA,NA
"Granite County","vap_hisp","pre_16_rep_tru",0.501906483172461,0.195277137367448,0.134522775812782,0.866506838080348
"Granite County","vap_hisp","pre_16_dem_cli",0.498093516827539,0.195277137367448,0.133493161919651,0.865477224187218
"Granite County","vap_asian","pre_16_rep_tru",0.502350323135975,0.240606889595843,0.0649729942255431,0.931198283972029
"Granite County","vap_asian","pre_16_dem_cli",0.497649676864025,0.240606889595843,0.0688017160279704,0.935027005774457
"Granite County","vap_aian","pre_16_rep_tru",0.510031578553472,0.210433735465623,0.116251059590657,0.893008878182164
"Granite County","vap_aian","pre_16_dem_cli",0.489968421446528,0.210433735465623,0.106991121817836,0.883748940409343
"Granite County","vap_oth_b","pre_16_rep_tru",0.499178976502802,0.203602565800187,0.122076184926708,0.896415764331621
"Granite County","vap_oth_b","pre_16_dem_cli",0.500821023497198,0.203602565800187,0.103584235668379,0.877923815073292
"Granite County","vap_white","gov_16_rep_gia",0.561116277877729,0.016146637131235,0.530218044075522,0.59248768346199
"Granite County","vap_white","gov_16_dem_bul",0.438883722122271,0.016146637131235,0.40751231653801,0.469781955924478
"Granite County","vap_black","gov_16_rep_gia",NA,NA,NA,NA
"Granite County","vap_black","gov_16_dem_bul",NA,NA,NA,NA
"Granite County","vap_hisp","gov_16_rep_gia",0.504832125148492,0.200447559947743,0.125420349901487,0.878086640124438
"Granite County","vap_hisp","gov_16_dem_bul",0.495167874851508,0.200447559947743,0.121913359875562,0.874579650098513
"Granite County","vap_asian","gov_16_rep_gia",0.49984728624152,0.243731279541267,0.0644987058274877,0.946415125161888
"Granite County","vap_asian","gov_16_dem_bul",0.50015271375848,0.243731279541267,0.0535848748381121,0.935501294172512
"Granite County","vap_aian","gov_16_rep_gia",0.497586401022617,0.213352070807846,0.10841937332807,0.888367926409666
"Granite County","vap_aian","gov_16_dem_bul",0.502413598977383,0.213352070807846,0.111632073590334,0.89158062667193
"Granite County","vap_oth_b","gov_16_rep_gia",0.50501607559435,0.202264225093031,0.129539196511892,0.880055957358117
"Granite County","vap_oth_b","gov_16_dem_bul",0.49498392440565,0.202264225093031,0.119944042641883,0.870460803488108
"Granite County","vap_white","atg_16_rep_fox",0.767220435161687,0.0146206795531976,0.738441896786043,0.795457067820147
"Granite County","vap_white","atg_16_dem_jen",0.232779564838313,0.0146206795531976,0.204542932179853,0.261558103213957
"Granite County","vap_black","atg_16_rep_fox",NA,NA,NA,NA
"Granite County","vap_black","atg_16_dem_jen",NA,NA,NA,NA
"Granite County","vap_hisp","atg_16_rep_fox",0.491385227520861,0.199915661657881,0.121036140178957,0.868750960471508
"Granite County","vap_hisp","atg_16_dem_jen",0.508614772479139,0.199915661657881,0.131249039528492,0.878963859821043
"Granite County","vap_asian","atg_16_rep_fox",0.498276191261236,0.241072396089831,0.068640296713741,0.934369503204086
"Granite County","vap_asian","atg_16_dem_jen",0.501723808738764,0.241072396089831,0.0656304967959144,0.931359703286259
"Granite County","vap_aian","atg_16_rep_fox",0.498196417000001,0.212425447561085,0.110786364173488,0.895334628589792
"Granite County","vap_aian","atg_16_dem_jen",0.501803582999999,0.212425447561085,0.104665371410208,0.889213635826512
"Granite County","vap_oth_b","atg_16_rep_fox",0.493904622195893,0.198997881201716,0.118413169306658,0.867623626814031
"Granite County","vap_oth_b","atg_16_dem_jen",0.506095377804107,0.198997881201716,0.132376373185968,0.881586830693342
"Granite County","vap_white","sos_16_rep_sta",0.679135164252095,0.015427686381543,0.648741607338501,0.709324717416372
"Granite County","vap_white","sos_16_dem_lin",0.320864835747905,0.015427686381543,0.290675282583628,0.351258392661499
"Granite County","vap_black","sos_16_rep_sta",NA,NA,NA,NA
"Granite County","vap_black","sos_16_dem_lin",NA,NA,NA,NA
"Granite County","vap_hisp","sos_16_rep_sta",0.501213347384827,0.202182293832041,0.117577616748241,0.874907430335482
"Granite County","vap_hisp","sos_16_dem_lin",0.498786652615173,0.202182293832041,0.125092569664518,0.882422383251759
"Granite County","vap_asian","sos_16_rep_sta",0.492553990790584,0.241353081010435,0.0617576358679501,0.928992736790685
"Granite County","vap_asian","sos_16_dem_lin",0.507446009209416,0.241353081010435,0.0710072632093153,0.93824236413205
"Granite County","vap_aian","sos_16_rep_sta",0.492957294332729,0.214855355820051,0.0927113253020984,0.887042087858726
"Granite County","vap_aian","sos_16_dem_lin",0.507042705667271,0.214855355820051,0.112957912141274,0.907288674697901
"Granite County","vap_oth_b","sos_16_rep_sta",0.496706669512668,0.197319039391444,0.129452035364191,0.873277480679785
"Granite County","vap_oth_b","sos_16_dem_lin",0.503293330487332,0.197319039391444,0.126722519320215,0.870547964635809
"Granite County","vap_white","uss_18_rep_ros",0.610385591361916,0.016011626072915,0.579155436187359,0.641561331904745
"Granite County","vap_white","uss_18_dem_tes",0.389614408638084,0.016011626072915,0.358438668095255,0.420844563812641
"Granite County","vap_black","uss_18_rep_ros",NA,NA,NA,NA
"Granite County","vap_black","uss_18_dem_tes",NA,NA,NA,NA
"Granite County","vap_hisp","uss_18_rep_ros",0.504722466234929,0.208274439983998,0.106951143247323,0.89345382157688
"Granite County","vap_hisp","uss_18_dem_tes",0.495277533765071,0.208274439983998,0.10654617842312,0.893048856752677
"Granite County","vap_asian","uss_18_rep_ros",0.505907457650922,0.241968614992287,0.0729316423984586,0.936156872723914
"Granite County","vap_asian","uss_18_dem_tes",0.494092542349078,0.241968614992287,0.0638431272760861,0.927068357601541
"Granite County","vap_aian","uss_18_rep_ros",0.500029425330754,0.215956347186237,0.108771066324514,0.901440260657337
"Granite County","vap_aian","uss_18_dem_tes",0.499970574669246,0.215956347186237,0.0985597393426626,0.891228933675486
"Granite County","vap_oth_b","uss_18_rep_ros",0.497833131822687,0.197268366144676,0.123501047938139,0.872688911265058
"Granite County","vap_oth_b","uss_18_dem_tes",0.502166868177313,0.197268366144676,0.127311088734942,0.87649895206186
"Granite County","vap_white","pre_20_rep_tru",0.706904355915788,0.0143971627164274,0.678588093804805,0.735046337462312
"Granite County","vap_white","pre_20_dem_bid",0.293095644084212,0.0143971627164274,0.264953662537688,0.321411906195195
"Granite County","vap_black","pre_20_rep_tru",NA,NA,NA,NA
"Granite County","vap_black","pre_20_dem_bid",NA,NA,NA,NA
"Granite County","vap_hisp","pre_20_rep_tru",0.50317150477044,0.206484844333336,0.116049476475626,0.892202702138582
"Granite County","vap_hisp","pre_20_dem_bid",0.49682849522956,0.206484844333336,0.107797297861419,0.883950523524374
"Granite County","vap_asian","pre_20_rep_tru",0.500474347423477,0.243280062404024,0.0624778834939516,0.931056166800607
"Granite County","vap_asian","pre_20_dem_bid",0.499525652576523,0.243280062404024,0.0689438331993933,0.937522116506048
"Granite County","vap_aian","pre_20_rep_tru",0.522001398094284,0.228083421411509,0.114728764189411,0.973029911921126
"Granite County","vap_aian","pre_20_dem_bid",0.477998601905716,0.228083421411509,0.026970088078874,0.885271235810589
"Granite County","vap_oth_b","pre_20_rep_tru",0.498434259277662,0.193685666805747,0.13516212041269,0.863050099602806
"Granite County","vap_oth_b","pre_20_dem_bid",0.501565740722338,0.193685666805747,0.136949900397194,0.86483787958731
"Granite County","vap_white","uss_20_rep_dai",0.662443746886533,0.0149038887809014,0.633317916619324,0.691578194186532
"Granite County","vap_white","uss_20_dem_bul",0.337556253113467,0.0149038887809014,0.308421805813468,0.366682083380676
"Granite County","vap_black","uss_20_rep_dai",NA,NA,NA,NA
"Granite County","vap_black","uss_20_dem_bul",NA,NA,NA,NA
"Granite County","vap_hisp","uss_20_rep_dai",0.495515077371829,0.204278628238193,0.110787574153259,0.887012512691139
"Granite County","vap_hisp","uss_20_dem_bul",0.504484922628171,0.204278628238193,0.112987487308861,0.88921242584674
"Granite County","vap_asian","uss_20_rep_dai",0.501197842644597,0.243524541298276,0.0617272198629298,0.938625635405267
"Granite County","vap_asian","uss_20_dem_bul",0.498802157355403,0.243524541298276,0.0613743645947325,0.93827278013707
"Granite County","vap_aian","uss_20_rep_dai",0.504641032778624,0.214882669371168,0.107847702612075,0.894284807223226
"Granite County","vap_aian","uss_20_dem_bul",0.495358967221376,0.214882669371168,0.105715192776774,0.892152297387925
"Granite County","vap_oth_b","uss_20_rep_dai",0.511138213643734,0.205477373397137,0.131566234402475,0.895002841783245
"Granite County","vap_oth_b","uss_20_dem_bul",0.488861786356266,0.205477373397137,0.104997158216755,0.868433765597525
"Granite County","vap_white","gov_20_rep_gia",0.688941626561586,0.0147783451359787,0.660447760519599,0.717486733250087
"Granite County","vap_white","gov_20_dem_coo",0.311058373438414,0.0147783451359787,0.282513266749913,0.339552239480401
"Granite County","vap_black","gov_20_rep_gia",NA,NA,NA,NA
"Granite County","vap_black","gov_20_dem_coo",NA,NA,NA,NA
"Granite County","vap_hisp","gov_20_rep_gia",0.498355833478383,0.19821022921184,0.116870982854069,0.865393320857213
"Granite County","vap_hisp","gov_20_dem_coo",0.501644166521617,0.19821022921184,0.134606679142787,0.883129017145932
"Granite County","vap_asian","gov_20_rep_gia",0.513426736574461,0.247775560182469,0.0686421534995555,0.947988342338082
"Granite County","vap_asian","gov_20_dem_coo",0.486573263425539,0.247775560182469,0.0520116576619176,0.931357846500444
"Granite County","vap_aian","gov_20_rep_gia",0.505489169830882,0.212801317694272,0.107901467598747,0.893758363060357
"Granite County","vap_aian","gov_20_dem_coo",0.494510830169118,0.212801317694272,0.106241636939642,0.892098532401252
"Granite County","vap_oth_b","gov_20_rep_gia",0.48804214198385,0.199508483128213,0.120824001085289,0.867238736592618
"Granite County","vap_oth_b","gov_20_dem_coo",0.51195785801615,0.199508483128213,0.132761263407382,0.879175998914711
"Granite County","vap_white","atg_20_rep_knu",0.707474577091014,0.0145286100071493,0.679391923879823,0.736004105493092
"Granite County","vap_white","atg_20_dem_gra",0.292525422908986,0.0145286100071493,0.263995894506908,0.320608076120178
"Granite County","vap_black","atg_20_rep_knu",NA,NA,NA,NA
"Granite County","vap_black","atg_20_dem_gra",NA,NA,NA,NA
"Granite County","vap_hisp","atg_20_rep_knu",0.499294268239461,0.199247283523765,0.122670567779076,0.872948337496668
"Granite County","vap_hisp","atg_20_dem_gra",0.500705731760539,0.199247283523765,0.127051662503331,0.877329432220924
"Granite County","vap_asian","atg_20_rep_knu",0.497090325870287,0.241006482844188,0.0647384678511488,0.927338778467778
"Granite County","vap_asian","atg_20_dem_gra",0.502909674129713,0.241006482844188,0.0726612215322218,0.935261532148851
"Granite County","vap_aian","atg_20_rep_knu",0.488944761143023,0.210866899383032,0.103095259305635,0.876503508933887
"Granite County","vap_aian","atg_20_dem_gra",0.511055238856977,0.210866899383032,0.123496491066113,0.896904740694365
"Granite County","vap_oth_b","atg_20_rep_knu",0.495812330468858,0.199954497529447,0.118337654989118,0.867453293146503
"Granite County","vap_oth_b","atg_20_dem_gra",0.504187669531142,0.199954497529447,0.132546706853497,0.881662345010882
"Granite County","vap_white","sos_20_rep_jac",0.710142714221088,0.0143949667184871,0.681609033735779,0.738115274217959
"Granite County","vap_white","sos_20_dem_ben",0.289857285778912,0.0143949667184871,0.261884725782041,0.318390966264221
"Granite County","vap_black","sos_20_rep_jac",NA,NA,NA,NA
"Granite County","vap_black","sos_20_dem_ben",NA,NA,NA,NA
"Granite County","vap_hisp","sos_20_rep_jac",0.505086680248353,0.19972626200941,0.121089885008591,0.869165072712421
"Granite County","vap_hisp","sos_20_dem_ben",0.494913319751647,0.19972626200941,0.130834927287578,0.878910114991409
"Granite County","vap_asian","sos_20_rep_jac",0.497382799311246,0.242049789497122,0.0665924405973313,0.939421286807774
"Granite County","vap_asian","sos_20_dem_ben",0.502617200688754,0.242049789497122,0.0605787131922257,0.933407559402669
"Granite County","vap_aian","sos_20_rep_jac",0.514785185651026,0.217022640275552,0.111563106932627,0.910237037024314
"Granite County","vap_aian","sos_20_dem_ben",0.485214814348974,0.217022640275552,0.0897629629756853,0.888436893067373
"Granite County","vap_oth_b","sos_20_rep_jac",0.502145863645886,0.197307348635122,0.129347822436537,0.873753756476328
"Granite County","vap_oth_b","sos_20_dem_ben",0.497854136354114,0.197307348635122,0.126246243523673,0.870652177563463
"Hill County","vap_white","pre_16_rep_tru",0.707110245343581,0.0164739818961214,0.674313452423351,0.738579939730759
"Hill County","vap_white","pre_16_dem_cli",0.292889754656419,0.0164739818961214,0.261420060269241,0.325686547576649
"Hill County","vap_black","pre_16_rep_tru",0.500956926916934,0.184734854705559,0.166947367657791,0.866637328018713
"Hill County","vap_black","pre_16_dem_cli",0.499043073083066,0.184734854705559,0.133362671981287,0.833052632342209
"Hill County","vap_hisp","pre_16_rep_tru",0.462611358488547,0.171382455989876,0.149150207314072,0.788690481987838
"Hill County","vap_hisp","pre_16_dem_cli",0.537388641511453,0.171382455989876,0.211309518012162,0.850849792685928
"Hill County","vap_asian","pre_16_rep_tru",0.497670062734565,0.178633204933268,0.167324011540804,0.840773971545974
"Hill County","vap_asian","pre_16_dem_cli",0.502329937265435,0.178633204933268,0.159226028454026,0.832675988459196
"Hill County","vap_aian","pre_16_rep_tru",0.149072452875857,0.0480319732019439,0.0708425767134151,0.256056950570271
"Hill County","vap_aian","pre_16_dem_cli",0.850927547124143,0.0480319732019439,0.743943049429729,0.929157423286585
"Hill County","vap_oth_b","pre_16_rep_tru",0.48768757541822,0.172280184650248,0.173933381878816,0.832611140326595
"Hill County","vap_oth_b","pre_16_dem_cli",0.51231242458178,0.172280184650248,0.167388859673405,0.826066618121184
"Hill County","vap_white","gov_16_rep_gia",0.469834989299464,0.0173802897693642,0.433749007504418,0.501460520745496
"Hill County","vap_white","gov_16_dem_bul",0.530165010700536,0.0173802897693642,0.498539479254504,0.566250992495582
"Hill County","vap_black","gov_16_rep_gia",0.510544449229655,0.180073121430629,0.165529694398243,0.847189158429
"Hill County","vap_black","gov_16_dem_bul",0.489455550770345,0.180073121430629,0.152810841571,0.834470305601757
"Hill County","vap_hisp","gov_16_rep_gia",0.487350313601303,0.17139073169599,0.162208022348371,0.810267443514907
"Hill County","vap_hisp","gov_16_dem_bul",0.512649686398697,0.17139073169599,0.189732556485093,0.837791977651628
"Hill County","vap_asian","gov_16_rep_gia",0.499277843745615,0.179759661149194,0.163757436035735,0.839065001546418
"Hill County","vap_asian","gov_16_dem_bul",0.500722156254385,0.179759661149194,0.160934998453582,0.836242563964265
"Hill County","vap_aian","gov_16_rep_gia",0.119521231179279,0.0467059005269318,0.0451610924559678,0.226214779574721
"Hill County","vap_aian","gov_16_dem_bul",0.880478768820721,0.0467059005269318,0.773785220425279,0.954838907544032
"Hill County","vap_oth_b","gov_16_rep_gia",0.481455054650179,0.172861020289063,0.156479162946749,0.814128937929445
"Hill County","vap_oth_b","gov_16_dem_bul",0.518544945349821,0.172861020289063,0.185871062070555,0.843520837053251
"Hill County","vap_white","atg_16_rep_fox",0.748662793392691,0.0165994118370951,0.715503521517563,0.780544371362754
"Hill County","vap_white","atg_16_dem_jen",0.251337206607308,0.0165994118370951,0.219455628637246,0.284496478482437
"Hill County","vap_black","atg_16_rep_fox",0.451446668879718,0.198744644297712,0.0790373466727966,0.83408049662113
"Hill County","vap_black","atg_16_dem_jen",0.548553331120282,0.198744644297712,0.16591950337887,0.920962653327203
"Hill County","vap_hisp","atg_16_rep_fox",0.468653426034969,0.173608913121537,0.156986312308566,0.805648823144068
"Hill County","vap_hisp","atg_16_dem_jen",0.531346573965031,0.173608913121537,0.194351176855931,0.843013687691434
"Hill County","vap_asian","atg_16_rep_fox",0.492573247221822,0.181820433576749,0.147504914605829,0.842449326491169
"Hill County","vap_asian","atg_16_dem_jen",0.507426752778178,0.181820433576749,0.157550673508831,0.852495085394171
"Hill County","vap_aian","atg_16_rep_fox",0.1664307080934,0.0518983115014344,0.079639017136302,0.278591718154277
"Hill County","vap_aian","atg_16_dem_jen",0.8335692919066,0.0518983115014344,0.721408281845723,0.920360982863698
"Hill County","vap_oth_b","atg_16_rep_fox",0.492635515925254,0.170719785468627,0.169902985083973,0.811116128939288
"Hill County","vap_oth_b","atg_16_dem_jen",0.507364484074746,0.170719785468627,0.188883871060712,0.830097014916027
"Hill County","vap_white","sos_16_rep_sta",0.594187573709008,0.0169311078574366,0.561362819588213,0.626924784615515
"Hill County","vap_white","sos_16_dem_lin",0.405812426290992,0.0169311078574366,0.373075215384485,0.438637180411787
"Hill County","vap_black","sos_16_rep_sta",0.485688895660754,0.181799116541572,0.145699286314095,0.828899853896183
"Hill County","vap_black","sos_16_dem_lin",0.514311104339246,0.181799116541572,0.171100146103817,0.854300713685905
"Hill County","vap_hisp","sos_16_rep_sta",0.498093934374237,0.176046315841627,0.168790740333675,0.827450194811507
"Hill County","vap_hisp","sos_16_dem_lin",0.501906065625763,0.176046315841627,0.172549805188493,0.831209259666325
"Hill County","vap_asian","sos_16_rep_sta",0.497912081238214,0.180633049071007,0.161059065081301,0.836779867335229
"Hill County","vap_asian","sos_16_dem_lin",0.502087918761786,0.180633049071007,0.163220132664771,0.838940934918699
"Hill County","vap_aian","sos_16_rep_sta",0.14238222044602,0.0508663653491214,0.0573713662834731,0.254856610559248
"Hill County","vap_aian","sos_16_dem_lin",0.85761777955398,0.0508663653491214,0.745143389440752,0.942628633716527
"Hill County","vap_oth_b","sos_16_rep_sta",0.495323382906875,0.187479448486689,0.128004401824754,0.843117411414206
"Hill County","vap_oth_b","sos_16_dem_lin",0.504676617093125,0.187479448486689,0.156882588585794,0.871995598175246
"Hill County","vap_white","uss_18_rep_ros",0.470666126096379,0.0161808169185799,0.438334516499558,0.50138305278259
"Hill County","vap_white","uss_18_dem_tes",0.529333873903621,0.0161808169185799,0.49861694721741,0.561665483500442
"Hill County","vap_black","uss_18_rep_ros",0.512648262502392,0.185003082268114,0.166986585253387,0.860624213811267
"Hill County","vap_black","uss_18_dem_tes",0.487351737497608,0.185003082268114,0.139375786188733,0.833013414746613
"Hill County","vap_hisp","uss_18_rep_ros",0.42408417119957,0.165044434246414,0.13870237018766,0.760500214820805
"Hill County","vap_hisp","uss_18_dem_tes",0.57591582880043,0.165044434246414,0.239499785179195,0.86129762981234
"Hill County","vap_asian","uss_18_rep_ros",0.469972674696548,0.181203275641494,0.132100411653545,0.810806068370061
"Hill County","vap_asian","uss_18_dem_tes",0.530027325303452,0.181203275641494,0.189193931629939,0.867899588346455
"Hill County","vap_aian","uss_18_rep_ros",0.0981510511507985,0.0433360489797047,0.0299049830458491,0.196929072732257
"Hill County","vap_aian","uss_18_dem_tes",0.901848948849202,0.0433360489797047,0.803070927267743,0.970095016954151
"Hill County","vap_oth_b","uss_18_rep_ros",0.44738360495395,0.182514677063832,0.104862749957016,0.789617491757132
"Hill County","vap_oth_b","uss_18_dem_tes",0.55261639504605,0.182514677063832,0.210382508242867,0.895137250042983
"Hill County","vap_white","pre_20_rep_tru",0.682246808013185,0.0158617163020405,0.650769230523976,0.713042197876241
"Hill County","vap_white","pre_20_dem_bid",0.317753191986815,0.0158617163020405,0.286957802123759,0.349230769476024
"Hill County","vap_black","pre_20_rep_tru",0.489906419364382,0.180342649071031,0.150997601015971,0.834153400154808
"Hill County","vap_black","pre_20_dem_bid",0.510093580635618,0.180342649071031,0.165846599845192,0.849002398984029
"Hill County","vap_hisp","pre_20_rep_tru",0.47909175594113,0.176825635260973,0.140004958726237,0.816256897915076
"Hill County","vap_hisp","pre_20_dem_bid",0.52090824405887,0.176825635260973,0.183743102084924,0.859995041273763
"Hill County","vap_asian","pre_20_rep_tru",0.502935976563285,0.181621975003194,0.158857657477187,0.845486438862141
"Hill County","vap_asian","pre_20_dem_bid",0.497064023436715,0.181621975003194,0.154513561137859,0.841142342522813
"Hill County","vap_aian","pre_20_rep_tru",0.156040953505648,0.0475748900351234,0.0757640722980124,0.261879696189215
"Hill County","vap_aian","pre_20_dem_bid",0.843959046494352,0.0475748900351234,0.738120303810785,0.924235927701988
"Hill County","vap_oth_b","pre_20_rep_tru",0.479538359984535,0.166893393365113,0.16158971997234,0.805800878899286
"Hill County","vap_oth_b","pre_20_dem_bid",0.520461640015465,0.166893393365113,0.194199121100714,0.83841028002766
"Hill County","vap_white","uss_20_rep_dai",0.619612382623476,0.0163799366310061,0.586562697369601,0.650237559448165
"Hill County","vap_white","uss_20_dem_bul",0.380387617376524,0.0163799366310061,0.349762440551835,0.413437302630399
"Hill County","vap_black","uss_20_rep_dai",0.499163048596326,0.174479102912797,0.169694445305041,0.833648795445068
"Hill County","vap_black","uss_20_dem_bul",0.500836951403674,0.174479102912797,0.166351204554932,0.830305554694959
"Hill County","vap_hisp","uss_20_rep_dai",0.499659979666106,0.184304480155103,0.167510236853966,0.881192349352389
"Hill County","vap_hisp","uss_20_dem_bul",0.500340020333894,0.184304480155103,0.118807650647611,0.832489763146034
"Hill County","vap_asian","uss_20_rep_dai",0.494836809913623,0.18537075265848,0.150177473263969,0.847009669510628
"Hill County","vap_asian","uss_20_dem_bul",0.505163190086377,0.18537075265848,0.152990330489372,0.849822526736031
"Hill County","vap_aian","uss_20_rep_dai",0.144533245562174,0.0466986947036091,0.0665042760404747,0.249050910750785
"Hill County","vap_aian","uss_20_dem_bul",0.855466754437826,0.0466986947036091,0.750949089249215,0.933495723959525
"Hill County","vap_oth_b","uss_20_rep_dai",0.489215328548128,0.17543628970106,0.170906336069247,0.842072820488499
"Hill County","vap_oth_b","uss_20_dem_bul",0.510784671451872,0.17543628970106,0.157927179511501,0.829093663930753
"Hill County","vap_white","gov_20_rep_gia",0.638438650417846,0.0156494017625028,0.607498257479378,0.668150044580137
"Hill County","vap_white","gov_20_dem_coo",0.361561349582154,0.0156494017625028,0.331849955419863,0.392501742520622
"Hill County","vap_black","gov_20_rep_gia",0.505969598809604,0.182028389068356,0.155530245235488,0.846114179995911
"Hill County","vap_black","gov_20_dem_coo",0.494030401190396,0.182028389068356,0.153885820004089,0.844469754764512
"Hill County","vap_hisp","gov_20_rep_gia",0.47302118651026,0.175683819229852,0.151938764901227,0.812735251163757
"Hill County","vap_hisp","gov_20_dem_coo",0.52697881348974,0.175683819229852,0.187264748836243,0.848061235098773
"Hill County","vap_asian","gov_20_rep_gia",0.499888314010682,0.185083694128738,0.1499409712245,0.864135028097057
"Hill County","vap_asian","gov_20_dem_coo",0.500111685989318,0.185083694128738,0.135864971902943,0.8500590287755
"Hill County","vap_aian","gov_20_rep_gia",0.156339445538161,0.0473250319013544,0.0752352735140147,0.257862168180976
"Hill County","vap_aian","gov_20_dem_coo",0.843660554461839,0.0473250319013544,0.742137831819024,0.924764726485985
"Hill County","vap_oth_b","gov_20_rep_gia",0.498146369359557,0.165077223481327,0.190845292098455,0.810214868907069
"Hill County","vap_oth_b","gov_20_dem_coo",0.501853630640443,0.165077223481327,0.189785131092931,0.809154707901545
"Hill County","vap_white","atg_20_rep_knu",0.665131319626278,0.0168429461492744,0.632098221671942,0.696561020423853
"Hill County","vap_white","atg_20_dem_gra",0.334868680373722,0.0168429461492744,0.303438979576147,0.367901778328058
"Hill County","vap_black","atg_20_rep_knu",0.493320988083194,0.190700974910192,0.137872077522834,0.851473959382737
"Hill County","vap_black","atg_20_dem_gra",0.506679011916806,0.190700974910192,0.148526040617263,0.862127922477167
"Hill County","vap_hisp","atg_20_rep_knu",0.489834331694139,0.168499933568439,0.186889567155271,0.813597230841556
"Hill County","vap_hisp","atg_20_dem_gra",0.510165668305861,0.168499933568439,0.186402769158444,0.813110432844729
"Hill County","vap_asian","atg_20_rep_knu",0.512002720593873,0.178039063595704,0.15935723681724,0.834736594095198
"Hill County","vap_asian","atg_20_dem_gra",0.487997279406127,0.178039063595704,0.165263405904802,0.84064276318276
"Hill County","vap_aian","atg_20_rep_knu",0.157074470692413,0.0480128295602584,0.0783870797704614,0.263530287068633
"Hill County","vap_aian","atg_20_dem_gra",0.842925529307587,0.0480128295602584,0.736469712931367,0.921612920229539
"Hill County","vap_oth_b","atg_20_rep_knu",0.495692541260923,0.184561044900375,0.168086916566013,0.871129129308971
"Hill County","vap_oth_b","atg_20_dem_gra",0.504307458739077,0.184561044900375,0.128870870691029,0.831913083433987
"Hill County","vap_white","sos_20_rep_jac",0.684438457757536,0.0159603919392644,0.653358089933457,0.714776176286868
"Hill County","vap_white","sos_20_dem_ben",0.315561542242464,0.0159603919392644,0.285223823713132,0.346641910066543
"Hill County","vap_black","sos_20_rep_jac",0.496660100345446,0.188036812132138,0.144277630170205,0.860919172382706
"Hill County","vap_black","sos_20_dem_ben",0.503339899654554,0.188036812132138,0.139080827617294,0.855722369829795
"Hill County","vap_hisp","sos_20_rep_jac",0.481687830102092,0.16821703990111,0.171079655333232,0.804238160066478
"Hill County","vap_hisp","sos_20_dem_ben",0.518312169897908,0.16821703990111,0.195761839933522,0.828920344666768
"Hill County","vap_asian","sos_20_rep_jac",0.494205251264272,0.183101089875765,0.152950836345654,0.834076576775566
"Hill County","vap_asian","sos_20_dem_ben",0.505794748735728,0.183101089875765,0.165923423224434,0.847049163654346
"Hill County","vap_aian","sos_20_rep_jac",0.16271591521341,0.0475837556224826,0.0818953883007017,0.264399291186619
"Hill County","vap_aian","sos_20_dem_ben",0.83728408478659,0.0475837556224826,0.735600708813381,0.918104611699298
"Hill County","vap_oth_b","sos_20_rep_jac",0.479792177610716,0.16896437937988,0.172603594045463,0.804595015133015
"Hill County","vap_oth_b","sos_20_dem_ben",0.520207822389284,0.16896437937988,0.195404984866985,0.827396405954537
"Jefferson County","vap_white","pre_16_rep_tru",0.689990700064512,0.0143160130507671,0.662319353685635,0.718035603542798
"Jefferson County","vap_white","pre_16_dem_cli",0.310009299935488,0.0143160130507671,0.281964396457202,0.337680646314365
"Jefferson County","vap_black","pre_16_rep_tru",0.508017757895882,0.208966882701939,0.111490188658688,0.905023886382218
"Jefferson County","vap_black","pre_16_dem_cli",0.491982242104118,0.208966882701939,0.0949761136177818,0.888509811341312
"Jefferson County","vap_hisp","pre_16_rep_tru",0.491519749010159,0.178154135111222,0.151136285302675,0.818871525312149
"Jefferson County","vap_hisp","pre_16_dem_cli",0.508480250989841,0.178154135111222,0.181128474687851,0.848863714697324
"Jefferson County","vap_asian","pre_16_rep_tru",0.500782568728924,0.206244610770693,0.120536560886044,0.874542108017199
"Jefferson County","vap_asian","pre_16_dem_cli",0.499217431271076,0.206244610770693,0.125457891982801,0.879463439113956
"Jefferson County","vap_aian","pre_16_rep_tru",0.489247441789334,0.188810164907658,0.135779772099585,0.849870656258085
"Jefferson County","vap_aian","pre_16_dem_cli",0.510752558210666,0.188810164907658,0.150129343741915,0.864220227900415
"Jefferson County","vap_oth_b","pre_16_rep_tru",0.497572245658763,0.177161868060075,0.153884584694768,0.830195688853795
"Jefferson County","vap_oth_b","pre_16_dem_cli",0.502427754341237,0.177161868060075,0.169804311146205,0.846115415305232
"Jefferson County","vap_white","gov_16_rep_gia",0.530809283933268,0.0141606903554453,0.503289212257572,0.558492769121636
"Jefferson County","vap_white","gov_16_dem_bul",0.469190716066732,0.0141606903554453,0.441507230878364,0.496710787742428
"Jefferson County","vap_black","gov_16_rep_gia",0.517902503547915,0.213802176556005,0.107278404893977,0.916673821636838
"Jefferson County","vap_black","gov_16_dem_bul",0.482097496452085,0.213802176556005,0.083326178363162,0.892721595106023
"Jefferson County","vap_hisp","gov_16_rep_gia",0.490409791035195,0.179707464340377,0.151407155564524,0.831474487558376
"Jefferson County","vap_hisp","gov_16_dem_bul",0.509590208964805,0.179707464340377,0.168525512441624,0.848592844435476
"Jefferson County","vap_asian","gov_16_rep_gia",0.507318645411443,0.20579321276604,0.12637499884151,0.889958262633681
"Jefferson County","vap_asian","gov_16_dem_bul",0.492681354588557,0.20579321276604,0.110041737366319,0.87362500115849
"Jefferson County","vap_aian","gov_16_rep_gia",0.511544352138101,0.188142233108841,0.146981465043503,0.856366677376059
"Jefferson County","vap_aian","gov_16_dem_bul",0.4884556478619,0.188142233108841,0.143633322623941,0.853018534956497
"Jefferson County","vap_oth_b","gov_16_rep_gia",0.496446651628571,0.175085469862486,0.164037201488589,0.825389385886558
"Jefferson County","vap_oth_b","gov_16_dem_bul",0.503553348371429,0.175085469862486,0.174610614113442,0.835962798511411
"Jefferson County","vap_white","atg_16_rep_fox",0.742751258991401,0.0139230476344369,0.715747002126564,0.769975293922522
"Jefferson County","vap_white","atg_16_dem_jen",0.257248741008599,0.0139230476344369,0.230024706077479,0.284252997873436
"Jefferson County","vap_black","atg_16_rep_fox",0.468668805814055,0.23093531184599,0.0103854188153657,0.892207684756361
"Jefferson County","vap_black","atg_16_dem_jen",0.531331194185945,0.23093531184599,0.107792315243639,0.989614581184634
"Jefferson County","vap_hisp","atg_16_rep_fox",0.50474038956703,0.183316499104389,0.15320185425491,0.842219667659574
"Jefferson County","vap_hisp","atg_16_dem_jen",0.49525961043297,0.183316499104389,0.157780332340425,0.84679814574509
"Jefferson County","vap_asian","atg_16_rep_fox",0.488194851738374,0.209142149716751,0.109514237342668,0.875641792497004
"Jefferson County","vap_asian","atg_16_dem_jen",0.511805148261626,0.209142149716751,0.124358207502996,0.890485762657332
"Jefferson County","vap_aian","atg_16_rep_fox",0.508492525623116,0.19423732101081,0.146848934896133,0.88632815996667
"Jefferson County","vap_aian","atg_16_dem_jen",0.491507474376885,0.19423732101081,0.11367184003333,0.853151065103867
"Jefferson County","vap_oth_b","atg_16_rep_fox",0.478746448531166,0.181758491037319,0.140543324711285,0.825420490526056
"Jefferson County","vap_oth_b","atg_16_dem_jen",0.521253551468834,0.181758491037319,0.174579509473943,0.859456675288715
"Jefferson County","vap_white","sos_16_rep_sta",0.625375257290294,0.0143690332051623,0.596814437267512,0.653278206523412
"Jefferson County","vap_white","sos_16_dem_lin",0.374624742709706,0.0143690332051623,0.346721793476588,0.403185562732488
"Jefferson County","vap_black","sos_16_rep_sta",0.503384636642319,0.2135358405001,0.0966185978781975,0.897010357707033
"Jefferson County","vap_black","sos_16_dem_lin",0.496615363357681,0.2135358405001,0.102989642292967,0.903381402121802
"Jefferson County","vap_hisp","sos_16_rep_sta",0.497722919152694,0.171979954850581,0.171035658276813,0.827117219810481
"Jefferson County","vap_hisp","sos_16_dem_lin",0.502277080847306,0.171979954850581,0.172882780189519,0.828964341723187
"Jefferson County","vap_asian","sos_16_rep_sta",0.497782312243676,0.208831403010325,0.111728610226937,0.8792137995028
"Jefferson County","vap_asian","sos_16_dem_lin",0.502217687756324,0.208831403010325,0.1207862004972,0.888271389773063
"Jefferson County","vap_aian","sos_16_rep_sta",0.517047872212179,0.191239220451659,0.151903193615824,0.86094055926089
"Jefferson County","vap_aian","sos_16_dem_lin",0.482952127787821,0.191239220451659,0.13905944073911,0.848096806384176
"Jefferson County","vap_oth_b","sos_16_rep_sta",0.496843102649649,0.181321662376955,0.164537248143999,0.844280287318492
"Jefferson County","vap_oth_b","sos_16_dem_lin",0.503156897350351,0.181321662376955,0.155719712681508,0.835462751856001
"Jefferson County","vap_white","uss_18_rep_ros",0.55505189043917,0.0140531350824959,0.527600628641794,0.582398926392986
"Jefferson County","vap_white","uss_18_dem_tes",0.44494810956083,0.0140531350824959,0.417601073607014,0.472399371358206
"Jefferson County","vap_black","uss_18_rep_ros",0.507455927121546,0.21490966956177,0.0990519394263582,0.904946955763287
"Jefferson County","vap_black","uss_18_dem_tes",0.492544072878454,0.21490966956177,0.0950530442367128,0.900948060573642
"Jefferson County","vap_hisp","uss_18_rep_ros",0.493702266192663,0.177348401569042,0.149024643073585,0.826097716789625
"Jefferson County","vap_hisp","uss_18_dem_tes",0.506297733807337,0.177348401569042,0.173902283210375,0.850975356926415
"Jefferson County","vap_asian","uss_18_rep_ros",0.504438707806919,0.214357757161374,0.113644859588308,0.896732984622435
"Jefferson County","vap_asian","uss_18_dem_tes",0.495561292193081,0.214357757161374,0.103267015377565,0.886355140411692
"Jefferson County","vap_aian","uss_18_rep_ros",0.508598398642535,0.182294514436933,0.157576125060493,0.847297590690071
"Jefferson County","vap_aian","uss_18_dem_tes",0.491401601357465,0.182294514436933,0.152702409309929,0.842423874939507
"Jefferson County","vap_oth_b","uss_18_rep_ros",0.491107046297273,0.174429943972742,0.157581317359546,0.814037049269779
"Jefferson County","vap_oth_b","uss_18_dem_tes",0.508892953702727,0.174429943972742,0.185962950730221,0.842418682640454
"Jefferson County","vap_white","pre_20_rep_tru",0.690030563246846,0.0139961599075439,0.662904466119945,0.716978354206882
"Jefferson County","vap_white","pre_20_dem_bid",0.309969436753154,0.0139961599075439,0.283021645793118,0.337095533880055
"Jefferson County","vap_black","pre_20_rep_tru",0.500152415824512,0.213594336306815,0.108275361315766,0.897802514722031
"Jefferson County","vap_black","pre_20_dem_bid",0.499847584175488,0.213594336306815,0.102197485277969,0.891724638684233
"Jefferson County","vap_hisp","pre_20_rep_tru",0.495998161763037,0.178538179824487,0.156326347638918,0.829994287347974
"Jefferson County","vap_hisp","pre_20_dem_bid",0.504001838236963,0.178538179824487,0.170005712652026,0.843673652361082
"Jefferson County","vap_asian","pre_20_rep_tru",0.48438991068011,0.206744325388517,0.113020718665447,0.869252697925375
"Jefferson County","vap_asian","pre_20_dem_bid",0.51561008931989,0.206744325388517,0.130747302074625,0.886979281334553
"Jefferson County","vap_aian","pre_20_rep_tru",0.502211212271259,0.187088058045142,0.145767339145226,0.851536691585144
"Jefferson County","vap_aian","pre_20_dem_bid",0.497788787728741,0.187088058045142,0.148463308414856,0.854232660854773
"Jefferson County","vap_oth_b","pre_20_rep_tru",0.504959986766961,0.184550479869981,0.16110470246773,0.8488440675504
"Jefferson County","vap_oth_b","pre_20_dem_bid",0.495040013233039,0.184550479869981,0.151155932449599,0.83889529753227
"Jefferson County","vap_white","uss_20_rep_dai",0.652163401386755,0.0134712579392248,0.626543106132598,0.678827050585613
"Jefferson County","vap_white","uss_20_dem_bul",0.347836598613245,0.0134712579392248,0.321172949414387,0.373456893867402
"Jefferson County","vap_black","uss_20_rep_dai",0.491639905425007,0.211651870434472,0.0999704790235464,0.88326673616521
"Jefferson County","vap_black","uss_20_dem_bul",0.508360094574993,0.211651870434472,0.11673326383479,0.900029520976454
"Jefferson County","vap_hisp","uss_20_rep_dai",0.503382557542348,0.178294655418458,0.161472325366673,0.832318191249109
"Jefferson County","vap_hisp","uss_20_dem_bul",0.496617442457652,0.178294655418458,0.167681808750891,0.838527674633327
"Jefferson County","vap_asian","uss_20_rep_dai",0.509620602968145,0.213738389617467,0.11546856381473,0.898175440929385
"Jefferson County","vap_asian","uss_20_dem_bul",0.490379397031855,0.213738389617467,0.101824559070615,0.88453143618527
"Jefferson County","vap_aian","uss_20_rep_dai",0.504706102130085,0.183905859709512,0.155120515716805,0.849569263522718
"Jefferson County","vap_aian","uss_20_dem_bul",0.495293897869915,0.183905859709512,0.150430736477282,0.844879484283195
"Jefferson County","vap_oth_b","uss_20_rep_dai",0.504376024038956,0.179585632409475,0.16502776894171,0.83428606888929
"Jefferson County","vap_oth_b","uss_20_dem_bul",0.495623975961044,0.179585632409475,0.165713931110709,0.83497223105829
"Jefferson County","vap_white","gov_20_rep_gia",0.660826302605397,0.0141180370617081,0.633335081857907,0.687638845920451
"Jefferson County","vap_white","gov_20_dem_coo",0.339173697394603,0.0141180370617081,0.312361154079549,0.366664918142093
"Jefferson County","vap_black","gov_20_rep_gia",0.492518299976515,0.212365176249724,0.101477827151796,0.890811712054653
"Jefferson County","vap_black","gov_20_dem_coo",0.507481700023486,0.212365176249724,0.109188287945347,0.898522172848204
"Jefferson County","vap_hisp","gov_20_rep_gia",0.507471300717287,0.180893175862494,0.168592460581312,0.846194937176992
"Jefferson County","vap_hisp","gov_20_dem_coo",0.492528699282713,0.180893175862494,0.153805062823008,0.831407539418688
"Jefferson County","vap_asian","gov_20_rep_gia",0.493019547601855,0.210262462725466,0.106795276368258,0.881528104615082
"Jefferson County","vap_asian","gov_20_dem_coo",0.506980452398145,0.210262462725466,0.118471895384918,0.893204723631742
"Jefferson County","vap_aian","gov_20_rep_gia",0.493832650955984,0.187788003495287,0.136434282698599,0.849818756616285
"Jefferson County","vap_aian","gov_20_dem_coo",0.506167349044016,0.187788003495287,0.150181243383715,0.863565717301401
"Jefferson County","vap_oth_b","gov_20_rep_gia",0.487598575153834,0.184494972013546,0.144430994585445,0.846033066592683
"Jefferson County","vap_oth_b","gov_20_dem_coo",0.512401424846166,0.184494972013546,0.153966933407317,0.855569005414555
"Jefferson County","vap_white","atg_20_rep_knu",0.67314817770193,0.0140517889903159,0.645833832345955,0.699603534550926
"Jefferson County","vap_white","atg_20_dem_gra",0.32685182229807,0.0140517889903159,0.300396465449074,0.354166167654045
"Jefferson County","vap_black","atg_20_rep_knu",0.500646095471759,0.212148341168836,0.102421463624152,0.892744000701285
"Jefferson County","vap_black","atg_20_dem_gra",0.499353904528241,0.212148341168836,0.107255999298715,0.897578536375848
"Jefferson County","vap_hisp","atg_20_rep_knu",0.496156120851212,0.174990086053338,0.171994144209241,0.827673222177136
"Jefferson County","vap_hisp","atg_20_dem_gra",0.503843879148787,0.174990086053338,0.172326777822864,0.828005855790759
"Jefferson County","vap_asian","atg_20_rep_knu",0.480845473566101,0.210297735059558,0.10199008456981,0.868648267728538
"Jefferson County","vap_asian","atg_20_dem_gra",0.519154526433899,0.210297735059558,0.131351732271462,0.89800991543019
"Jefferson County","vap_aian","atg_20_rep_knu",0.498149934678853,0.197536504784853,0.136424483300985,0.879173868081182
"Jefferson County","vap_aian","atg_20_dem_gra",0.501850065321148,0.197536504784853,0.120826131918818,0.863575516699015
"Jefferson County","vap_oth_b","atg_20_rep_knu",0.487408062106364,0.18487036767153,0.145849359428051,0.836797132433904
"Jefferson County","vap_oth_b","atg_20_dem_gra",0.512591937893636,0.18487036767153,0.163202867566096,0.854150640571949
"Jefferson County","vap_white","sos_20_rep_jac",0.698897390621866,0.0139163363524762,0.671866345799435,0.725701641031066
"Jefferson County","vap_white","sos_20_dem_ben",0.301102609378134,0.0139163363524762,0.274298358968934,0.328133654200565
"Jefferson County","vap_black","sos_20_rep_jac",0.486034007231634,0.209738178398297,0.0974176713265584,0.884228399469487
"Jefferson County","vap_black","sos_20_dem_ben",0.513965992768366,0.209738178398297,0.115771600530513,0.902582328673442
"Jefferson County","vap_hisp","sos_20_rep_jac",0.501871040071589,0.183312352083178,0.157652500385127,0.851618732241352
"Jefferson County","vap_hisp","sos_20_dem_ben",0.498128959928411,0.183312352083178,0.148381267758648,0.842347499614873
"Jefferson County","vap_asian","sos_20_rep_jac",0.499565262749341,0.219214536263174,0.109787784974834,0.903782590940196
"Jefferson County","vap_asian","sos_20_dem_ben",0.500434737250659,0.219214536263174,0.0962174090598041,0.890212215025166
"Jefferson County","vap_aian","sos_20_rep_jac",0.490647479536166,0.182642272853997,0.137837418418454,0.832475872469549
"Jefferson County","vap_aian","sos_20_dem_ben",0.509352520463834,0.182642272853997,0.167524127530451,0.862162581581546
"Jefferson County","vap_oth_b","sos_20_rep_jac",0.47395897672146,0.185837249032266,0.127549756155555,0.82829795014826
"Jefferson County","vap_oth_b","sos_20_dem_ben",0.52604102327854,0.185837249032266,0.17170204985174,0.872450243844444
"Judith Basin County","vap_white","pre_16_rep_tru",0.789576175344769,0.0205778689187979,0.748459008801799,0.829022393949053
"Judith Basin County","vap_white","pre_16_dem_cli",0.210423824655231,0.0205778689187979,0.170977606050947,0.251540991198201
"Judith Basin County","vap_black","pre_16_rep_tru",0.502289542075274,0.274409946508802,0.0280592264314407,0.973713411227668
"Judith Basin County","vap_black","pre_16_dem_cli",0.497710457924726,0.274409946508802,0.0262865887723325,0.971940773568559
"Judith Basin County","vap_hisp","pre_16_rep_tru",0.493161218485129,0.215236063156493,0.0926603218867477,0.894075015427995
"Judith Basin County","vap_hisp","pre_16_dem_cli",0.506838781514871,0.215236063156493,0.105924984572005,0.907339678113252
"Judith Basin County","vap_asian","pre_16_rep_tru",0.503577468150689,0.237729982982643,0.0669121173059662,0.930623832307461
"Judith Basin County","vap_asian","pre_16_dem_cli",0.496422531849311,0.237729982982643,0.069376167692539,0.933087882694034
"Judith Basin County","vap_aian","pre_16_rep_tru",0.504232675043135,0.275717231374065,0.0210958603543103,0.975325880407898
"Judith Basin County","vap_aian","pre_16_dem_cli",0.495767324956865,0.275717231374065,0.0246741195921025,0.97890413964569
"Judith Basin County","vap_oth_b","pre_16_rep_tru",0.499178283316891,0.201143733957767,0.116840918832478,0.870769355385924
"Judith Basin County","vap_oth_b","pre_16_dem_cli",0.500821716683109,0.201143733957767,0.129230644614076,0.883159081167522
"Judith Basin County","vap_white","gov_16_rep_gia",0.595667045366637,0.0222717559882411,0.551679978436913,0.639228168568425
"Judith Basin County","vap_white","gov_16_dem_bul",0.404332954633363,0.0222717559882411,0.360771831431575,0.448320021563087
"Judith Basin County","vap_black","gov_16_rep_gia",0.500471039766596,0.275473745721872,0.0261675290431023,0.97942932899361
"Judith Basin County","vap_black","gov_16_dem_bul",0.499528960233404,0.275473745721872,0.0205706710063902,0.973832470956898
"Judith Basin County","vap_hisp","gov_16_rep_gia",0.488283836258254,0.225004405100692,0.0584121988296247,0.898989324238045
"Judith Basin County","vap_hisp","gov_16_dem_bul",0.511716163741746,0.225004405100692,0.101010675761955,0.941587801170375
"Judith Basin County","vap_asian","gov_16_rep_gia",0.492821641953286,0.241322883058051,0.0640193431951859,0.932649734947796
"Judith Basin County","vap_asian","gov_16_dem_bul",0.507178358046714,0.241322883058051,0.0673502650522038,0.935980656804814
"Judith Basin County","vap_aian","gov_16_rep_gia",0.503006313358286,0.272531250740718,0.0220824844725451,0.968966165682018
"Judith Basin County","vap_aian","gov_16_dem_bul",0.496993686641714,0.272531250740718,0.0310338343179821,0.977917515527455
"Judith Basin County","vap_oth_b","gov_16_rep_gia",0.499440784221091,0.202317452984157,0.123197422380865,0.878276057931129
"Judith Basin County","vap_oth_b","gov_16_dem_bul",0.500559215778909,0.202317452984157,0.121723942068871,0.876802577619135
"Judith Basin County","vap_white","atg_16_rep_fox",0.859433487162806,0.0187537981617084,0.821686503857493,0.89508750871595
"Judith Basin County","vap_white","atg_16_dem_jen",0.140566512837194,0.0187537981617084,0.10491249128405,0.178313496142507
"Judith Basin County","vap_black","atg_16_rep_fox",0.51310415460571,0.273388531490589,0.0326378117239314,0.981141211832941
"Judith Basin County","vap_black","atg_16_dem_jen",0.48689584539429,0.273388531490589,0.0188587881670586,0.967362188276069
"Judith Basin County","vap_hisp","atg_16_rep_fox",0.484659396131801,0.216064701189051,0.0847820512145566,0.898324216677897
"Judith Basin County","vap_hisp","atg_16_dem_jen",0.515340603868199,0.216064701189051,0.101675783322103,0.915217948785443
"Judith Basin County","vap_asian","atg_16_rep_fox",0.511362058393274,0.241132764709952,0.0790913579876592,0.945167203076506
"Judith Basin County","vap_asian","atg_16_dem_jen",0.488637941606726,0.241132764709952,0.0548327969234947,0.920908642012341
"Judith Basin County","vap_aian","atg_16_rep_fox",0.503814550834168,0.275026683780015,0.0236428017102075,0.973772662516185
"Judith Basin County","vap_aian","atg_16_dem_jen",0.496185449165832,0.275026683780015,0.0262273374838147,0.976357198289792
"Judith Basin County","vap_oth_b","atg_16_rep_fox",0.487069678510045,0.20102851793408,0.127169809582791,0.872930980263424
"Judith Basin County","vap_oth_b","atg_16_dem_jen",0.512930321489955,0.20102851793408,0.127069019736576,0.872830190417209
"Judith Basin County","vap_white","sos_16_rep_sta",0.736644817322232,0.020986568876689,0.695466596865475,0.776901583672145
"Judith Basin County","vap_white","sos_16_dem_lin",0.263355182677768,0.020986568876689,0.223098416327855,0.304533403134525
"Judith Basin County","vap_black","sos_16_rep_sta",0.496658207654743,0.27403613266805,0.0275374460052436,0.976806925154697
"Judith Basin County","vap_black","sos_16_dem_lin",0.503341792345257,0.27403613266805,0.0231930748453033,0.972462553994756
"Judith Basin County","vap_hisp","sos_16_rep_sta",0.487181753055398,0.228203302641204,0.0527991829985471,0.900688029355998
"Judith Basin County","vap_hisp","sos_16_dem_lin",0.512818246944602,0.228203302641204,0.0993119706440018,0.947200817001453
"Judith Basin County","vap_asian","sos_16_rep_sta",0.503131746270276,0.237494512199436,0.0768992893773394,0.928603400967012
"Judith Basin County","vap_asian","sos_16_dem_lin",0.496868253729724,0.237494512199436,0.0713965990329882,0.92310071062266
"Judith Basin County","vap_aian","sos_16_rep_sta",0.499678958227171,0.273051258103203,0.0284100010504695,0.97364845801644
"Judith Basin County","vap_aian","sos_16_dem_lin",0.500321041772829,0.273051258103203,0.0263515419835598,0.97158999894953
"Judith Basin County","vap_oth_b","sos_16_rep_sta",0.500067476567768,0.201921511638301,0.118980108108687,0.872894006018393
"Judith Basin County","vap_oth_b","sos_16_dem_lin",0.499932523432232,0.201921511638301,0.127105993981607,0.881019891891313
"Judith Basin County","vap_white","uss_18_rep_ros",0.677578976537165,0.0214190802553862,0.635254636244702,0.718819578940412
"Judith Basin County","vap_white","uss_18_dem_tes",0.322421023462835,0.0214190802553862,0.281180421059588,0.364745363755298
"Judith Basin County","vap_black","uss_18_rep_ros",0.518336787313787,0.282507351037319,0.0274040663028478,0.997856281234832
"Judith Basin County","vap_black","uss_18_dem_tes",0.481663212686213,0.282507351037319,0.00214371876516781,0.972595933697152
"Judith Basin County","vap_hisp","uss_18_rep_ros",0.500782890622878,0.215118357643367,0.110224423268032,0.89967912690457
"Judith Basin County","vap_hisp","uss_18_dem_tes",0.499217109377122,0.215118357643367,0.10032087309543,0.889775576731968
"Judith Basin County","vap_asian","uss_18_rep_ros",0.497532083012712,0.238728679755609,0.0648563089139741,0.926520679401795
"Judith Basin County","vap_asian","uss_18_dem_tes",0.502467916987289,0.238728679755609,0.073479320598205,0.935143691086026
"Judith Basin County","vap_aian","uss_18_rep_ros",0.50385737325307,0.272889114437086,0.0267007001540559,0.971439021321237
"Judith Basin County","vap_aian","uss_18_dem_tes",0.49614262674693,0.272889114437086,0.0285609786787634,0.973299299845944
"Judith Basin County","vap_oth_b","uss_18_rep_ros",0.493429332186574,0.201578233445502,0.115519795745723,0.868404673933421
"Judith Basin County","vap_oth_b","uss_18_dem_tes",0.506570667813426,0.201578233445502,0.131595326066579,0.884480204254277
"Judith Basin County","vap_white","pre_20_rep_tru",0.808768821482608,0.0186297873338755,0.771836330244504,0.844840926322598
"Judith Basin County","vap_white","pre_20_dem_bid",0.191231178517392,0.0186297873338755,0.155159073677403,0.228163669755496
"Judith Basin County","vap_black","pre_20_rep_tru",0.503568425788861,0.27528816342939,0.0252396381797647,0.972255689974839
"Judith Basin County","vap_black","pre_20_dem_bid",0.496431574211139,0.27528816342939,0.0277443100251607,0.974760361820235
"Judith Basin County","vap_hisp","pre_20_rep_tru",0.511628514850306,0.214948185421115,0.103698998528619,0.897191936153663
"Judith Basin County","vap_hisp","pre_20_dem_bid",0.488371485149694,0.214948185421115,0.102808063846337,0.896301001471381
"Judith Basin County","vap_asian","pre_20_rep_tru",0.499501242322865,0.23984491400654,0.0652677671827735,0.929965294480386
"Judith Basin County","vap_asian","pre_20_dem_bid",0.500498757677135,0.23984491400654,0.0700347055196141,0.934732232817226
"Judith Basin County","vap_aian","pre_20_rep_tru",0.497301559118336,0.274159611889476,0.0284116747910295,0.974413634897772
"Judith Basin County","vap_aian","pre_20_dem_bid",0.502698440881664,0.274159611889476,0.0255863651022283,0.97158832520897
"Judith Basin County","vap_oth_b","pre_20_rep_tru",0.496106917708268,0.20437296234408,0.114900781609754,0.880003580524532
"Judith Basin County","vap_oth_b","pre_20_dem_bid",0.503893082291732,0.20437296234408,0.119996419475468,0.885099218390246
"Judith Basin County","vap_white","uss_20_rep_dai",0.78824773968066,0.0188662552821016,0.751051521234965,0.824542501484701
"Judith Basin County","vap_white","uss_20_dem_bul",0.21175226031934,0.0188662552821016,0.175457498515299,0.248948478765035
"Judith Basin County","vap_black","uss_20_rep_dai",0.504884621506424,0.275700781246561,0.0283506813427867,0.97680213563725
"Judith Basin County","vap_black","uss_20_dem_bul",0.495115378493576,0.275700781246561,0.0231978643627496,0.971649318657213
"Judith Basin County","vap_hisp","uss_20_rep_dai",0.486079446660657,0.216386377860837,0.091577141095883,0.898751020798668
"Judith Basin County","vap_hisp","uss_20_dem_bul",0.513920553339343,0.216386377860837,0.101248979201332,0.908422858904117
"Judith Basin County","vap_asian","uss_20_rep_dai",0.501020642962192,0.238914286739263,0.0717214102939473,0.93048464456229
"Judith Basin County","vap_asian","uss_20_dem_bul",0.498979357037808,0.238914286739263,0.0695153554377098,0.928278589706053
"Judith Basin County","vap_aian","uss_20_rep_dai",0.494140172283194,0.27684446869859,0.0187041545925561,0.974667032473339
"Judith Basin County","vap_aian","uss_20_dem_bul",0.505859827716806,0.27684446869859,0.0253329675266611,0.981295845407444
"Judith Basin County","vap_oth_b","uss_20_rep_dai",0.488768651311533,0.204166197666969,0.11205019577594,0.87739320903494
"Judith Basin County","vap_oth_b","uss_20_dem_bul",0.511231348688468,0.204166197666969,0.12260679096506,0.88794980422406
"Judith Basin County","vap_white","gov_20_rep_gia",0.810381571798862,0.0187737001854608,0.773556285759055,0.846504406148841
"Judith Basin County","vap_white","gov_20_dem_coo",0.189618428201138,0.0187737001854608,0.153495593851159,0.226443714240945
"Judith Basin County","vap_black","gov_20_rep_gia",0.507636971314823,0.273093591119533,0.0288348081899587,0.970260042879712
"Judith Basin County","vap_black","gov_20_dem_coo",0.492363028685177,0.273093591119533,0.0297399571202879,0.971165191810041
"Judith Basin County","vap_hisp","gov_20_rep_gia",0.492855004469436,0.215257758829074,0.107000753483288,0.903685022879824
"Judith Basin County","vap_hisp","gov_20_dem_coo",0.507144995530564,0.215257758829074,0.0963149771201757,0.892999246516712
"Judith Basin County","vap_asian","gov_20_rep_gia",0.507250884253506,0.236787406507188,0.0778865941552844,0.933136906978009
"Judith Basin County","vap_asian","gov_20_dem_coo",0.492749115746494,0.236787406507188,0.066863093021991,0.922113405844716
"Judith Basin County","vap_aian","gov_20_rep_gia",0.49237704444561,0.271844641885217,0.0244123036051743,0.96482252118381
"Judith Basin County","vap_aian","gov_20_dem_coo",0.50762295555439,0.271844641885217,0.0351774788161904,0.975587696394826
"Judith Basin County","vap_oth_b","gov_20_rep_gia",0.488286811739943,0.202249758430151,0.110070029898145,0.870371026524794
"Judith Basin County","vap_oth_b","gov_20_dem_coo",0.511713188260057,0.202249758430151,0.129628973475206,0.889929970101855
"Judith Basin County","vap_white","atg_20_rep_knu",0.826605203949609,0.0187198308329822,0.789525338560644,0.8624745278405
"Judith Basin County","vap_white","atg_20_dem_gra",0.173394796050391,0.0187198308329822,0.1375254721595,0.210474661439356
"Judith Basin County","vap_black","atg_20_rep_knu",0.495324132242763,0.277373227986743,0.0268019309910432,0.974873763087603
"Judith Basin County","vap_black","atg_20_dem_gra",0.504675867757237,0.277373227986743,0.0251262369123971,0.973198069008957
"Judith Basin County","vap_hisp","atg_20_rep_knu",0.489181704614891,0.213377008604166,0.0953861238839944,0.887422937552124
"Judith Basin County","vap_hisp","atg_20_dem_gra",0.510818295385109,0.213377008604166,0.112577062447876,0.904613876116006
"Judith Basin County","vap_asian","atg_20_rep_knu",0.502119824677603,0.241178990933176,0.0495535849289163,0.9317968566148
"Judith Basin County","vap_asian","atg_20_dem_gra",0.497880175322397,0.241178990933176,0.0682031433851995,0.950446415071084
"Judith Basin County","vap_aian","atg_20_rep_knu",0.504271325532167,0.274045591557146,0.0256115857271248,0.973750277594078
"Judith Basin County","vap_aian","atg_20_dem_gra",0.495728674467833,0.274045591557146,0.0262497224059217,0.974388414272875
"Judith Basin County","vap_oth_b","atg_20_rep_knu",0.494059259069083,0.220258458504361,0.0827323031529362,0.94065871609029
"Judith Basin County","vap_oth_b","atg_20_dem_gra",0.505940740930917,0.220258458504361,0.0593412839097096,0.917267696847064
"Judith Basin County","vap_white","sos_20_rep_jac",0.821717726433398,0.0187190181672895,0.784713100398495,0.857762490346544
"Judith Basin County","vap_white","sos_20_dem_ben",0.178282273566602,0.0187190181672895,0.142237509653456,0.215286899601505
"Judith Basin County","vap_black","sos_20_rep_jac",0.499503469057005,0.278829852303491,0.0156035851335091,0.975745383406037
"Judith Basin County","vap_black","sos_20_dem_ben",0.500496530942995,0.278829852303491,0.0242546165939628,0.984396414866491
"Judith Basin County","vap_hisp","sos_20_rep_jac",0.491978576471997,0.216410289506196,0.0920047004204147,0.89870881968653
"Judith Basin County","vap_hisp","sos_20_dem_ben",0.508021423528003,0.216410289506196,0.10129118031347,0.907995299579585
"Judith Basin County","vap_asian","sos_20_rep_jac",0.50982021866023,0.238373621633094,0.080144889325561,0.94148077958001
"Judith Basin County","vap_asian","sos_20_dem_ben",0.49017978133977,0.238373621633094,0.0585192204199902,0.919855110674439
"Judith Basin County","vap_aian","sos_20_rep_jac",0.501265086535064,0.274928673671221,0.0266083671599905,0.974046387177116
"Judith Basin County","vap_aian","sos_20_dem_ben",0.498734913464936,0.274928673671221,0.025953612822884,0.973391632840009
"Judith Basin County","vap_oth_b","sos_20_rep_jac",0.488094875733211,0.201527422036949,0.104227726975957,0.864123787149568
"Judith Basin County","vap_oth_b","sos_20_dem_ben",0.511905124266789,0.201527422036949,0.135876212850432,0.895772273024043
"Lake County","vap_white","pre_16_rep_tru",0.688941076821812,0.0297348012930201,0.627075722310598,0.745035992550355
"Lake County","vap_white","pre_16_dem_cli",0.311058923178188,0.0297348012930201,0.254964007449645,0.372924277689402
"Lake County","vap_black","pre_16_rep_tru",0.53765216356296,0.23826362336454,0.0935290660811814,0.933583348710252
"Lake County","vap_black","pre_16_dem_cli",0.462347836437039,0.23826362336454,0.0664166512897474,0.906470933918819
"Lake County","vap_hisp","pre_16_rep_tru",0.482836016126609,0.164856986079576,0.173856995837841,0.799910036608361
"Lake County","vap_hisp","pre_16_dem_cli",0.517163983873391,0.164856986079576,0.200089963391639,0.826143004162158
"Lake County","vap_asian","pre_16_rep_tru",0.509758840256448,0.201518833582096,0.121429415998746,0.869800291171621
"Lake County","vap_asian","pre_16_dem_cli",0.490241159743552,0.201518833582096,0.130199708828379,0.878570584001254
"Lake County","vap_aian","pre_16_rep_tru",0.378709117442269,0.13544057717739,0.149076389979923,0.658137569306997
"Lake County","vap_aian","pre_16_dem_cli",0.621290882557731,0.13544057717739,0.341862430693003,0.850923610020077
"Lake County","vap_oth_b","pre_16_rep_tru",0.569531038740124,0.174695680937458,0.216791084841911,0.870980705618954
"Lake County","vap_oth_b","pre_16_dem_cli",0.430468961259876,0.174695680937458,0.129019294381046,0.783208915158089
"Lake County","vap_white","gov_16_rep_gia",0.556637524458179,0.0283385879653839,0.498299445211456,0.610794254382947
"Lake County","vap_white","gov_16_dem_bul",0.443362475541821,0.0283385879653839,0.389205745617053,0.501700554788544
"Lake County","vap_black","gov_16_rep_gia",0.50081053729149,0.239452076381358,0.0759373183707527,0.922912083522226
"Lake County","vap_black","gov_16_dem_bul",0.49918946270851,0.239452076381358,0.0770879164777741,0.924062681629247
"Lake County","vap_hisp","gov_16_rep_gia",0.517709829738615,0.166285375689934,0.20399210764713,0.831002851315197
"Lake County","vap_hisp","gov_16_dem_bul",0.482290170261384,0.166285375689934,0.168997148684803,0.79600789235287
"Lake County","vap_asian","gov_16_rep_gia",0.498522047607476,0.20592087876432,0.113874037550721,0.864888551344393
"Lake County","vap_asian","gov_16_dem_bul",0.501477952392524,0.20592087876432,0.135111448655606,0.886125962449279
"Lake County","vap_aian","gov_16_rep_gia",0.30902943442794,0.127591738829,0.10003817677894,0.584540091061933
"Lake County","vap_aian","gov_16_dem_bul",0.69097056557206,0.127591738829,0.415459908938067,0.89996182322106
"Lake County","vap_oth_b","gov_16_rep_gia",0.510094684532895,0.173969701087233,0.173545365175405,0.817349839467776
"Lake County","vap_oth_b","gov_16_dem_bul",0.489905315467105,0.173969701087233,0.182650160532224,0.826454634824595
"Lake County","vap_white","atg_16_rep_fox",0.765309231477566,0.0272128426647635,0.70959497902536,0.816331840549159
"Lake County","vap_white","atg_16_dem_jen",0.234690768522434,0.0272128426647635,0.18366815945084,0.29040502097464
"Lake County","vap_black","atg_16_rep_fox",0.474645886928104,0.272520844259265,0.0239337871577341,0.919560544224927
"Lake County","vap_black","atg_16_dem_jen",0.525354113071896,0.272520844259265,0.0804394557750728,0.976066212842266
"Lake County","vap_hisp","atg_16_rep_fox",0.503677351576606,0.169549439959021,0.187742874232876,0.822834162523192
"Lake County","vap_hisp","atg_16_dem_jen",0.496322648423394,0.169549439959021,0.177165837476808,0.812257125767124
"Lake County","vap_asian","atg_16_rep_fox",0.53878147057425,0.235799994317565,0.0883239226223757,0.959074679275262
"Lake County","vap_asian","atg_16_dem_jen",0.46121852942575,0.235799994317565,0.040925320724738,0.911676077377624
"Lake County","vap_aian","atg_16_rep_fox",0.382678029872609,0.11319470575541,0.173483523546689,0.612019723228039
"Lake County","vap_aian","atg_16_dem_jen",0.617321970127391,0.11319470575541,0.387980276771961,0.826516476453311
"Lake County","vap_oth_b","atg_16_rep_fox",0.558681777419094,0.160694694544071,0.229909506223151,0.845028065964442
"Lake County","vap_oth_b","atg_16_dem_jen",0.441318222580906,0.160694694544071,0.154971934035558,0.770090493776848
"Lake County","vap_white","sos_16_rep_sta",0.661583836411958,0.0301750552282681,0.597843188860437,0.715513597112748
"Lake County","vap_white","sos_16_dem_lin",0.338416163588042,0.0301750552282681,0.284486402887252,0.402156811139563
"Lake County","vap_black","sos_16_rep_sta",0.544149757598486,0.235432618963124,0.104566673311565,0.932610457520124
"Lake County","vap_black","sos_16_dem_lin",0.455850242401514,0.235432618963124,0.0673895424798756,0.895433326688435
"Lake County","vap_hisp","sos_16_rep_sta",0.477264214032531,0.18032952263159,0.141926475501571,0.816402597937991
"Lake County","vap_hisp","sos_16_dem_lin",0.522735785967469,0.18032952263159,0.183597402062009,0.858073524498428
"Lake County","vap_asian","sos_16_rep_sta",0.527530566355083,0.200395695419769,0.147583824493526,0.872792438927985
"Lake County","vap_asian","sos_16_dem_lin",0.472469433644917,0.200395695419769,0.127207561072015,0.852416175506473
"Lake County","vap_aian","sos_16_rep_sta",0.352753812369245,0.132486935307467,0.132535646731272,0.64731947585103
"Lake County","vap_aian","sos_16_dem_lin",0.647246187630755,0.132486935307467,0.352680524148969,0.867464353268728
"Lake County","vap_oth_b","sos_16_rep_sta",0.512775240211327,0.168277564914995,0.159445910149686,0.822868693206406
"Lake County","vap_oth_b","sos_16_dem_lin",0.487224759788673,0.168277564914995,0.177131306793594,0.840554089850314
"Lake County","vap_white","uss_18_rep_ros",0.56753089236418,0.0269946633308941,0.513538288956352,0.61806060304929
"Lake County","vap_white","uss_18_dem_tes",0.43246910763582,0.0269946633308941,0.38193939695071,0.486461711043648
"Lake County","vap_black","uss_18_rep_ros",0.522806972110627,0.23801571877302,0.0862883008490687,0.930985599039707
"Lake County","vap_black","uss_18_dem_tes",0.477193027889373,0.23801571877302,0.0690144009602927,0.913711699150931
"Lake County","vap_hisp","uss_18_rep_ros",0.490006374790373,0.169895167252112,0.172332903206673,0.816249520783619
"Lake County","vap_hisp","uss_18_dem_tes",0.509993625209627,0.169895167252112,0.183750479216381,0.827667096793327
"Lake County","vap_asian","uss_18_rep_ros",0.501782029253537,0.203998624964013,0.127224341133997,0.866475357419629
"Lake County","vap_asian","uss_18_dem_tes",0.498217970746463,0.203998624964013,0.133524642580371,0.872775658866003
"Lake County","vap_aian","uss_18_rep_ros",0.276176588935669,0.109839988244745,0.0881835235588949,0.506164112687552
"Lake County","vap_aian","uss_18_dem_tes",0.723823411064331,0.109839988244745,0.493835887312448,0.911816476441105
"Lake County","vap_oth_b","uss_18_rep_ros",0.530068283996711,0.164676385477922,0.20029654871304,0.824637526874425
"Lake County","vap_oth_b","uss_18_dem_tes",0.469931716003289,0.164676385477922,0.175362473125575,0.79970345128696
"Lake County","vap_white","pre_20_rep_tru",0.648522221013476,0.0319291834654238,0.584062018091249,0.705417840943699
"Lake County","vap_white","pre_20_dem_bid",0.351477778986524,0.0319291834654238,0.2945821590563,0.415937981908751
"Lake County","vap_black","pre_20_rep_tru",0.535088921684576,0.234206158318723,0.104131084861793,0.922079962451869
"Lake County","vap_black","pre_20_dem_bid",0.464911078315424,0.234206158318723,0.0779200375481307,0.895868915138206
"Lake County","vap_hisp","pre_20_rep_tru",0.49298924387638,0.168855676267536,0.177407313908025,0.817088177962888
"Lake County","vap_hisp","pre_20_dem_bid",0.50701075612362,0.168855676267536,0.182911822037112,0.822592686091975
"Lake County","vap_asian","pre_20_rep_tru",0.531337976882222,0.202488869149728,0.143602632507881,0.885656028257035
"Lake County","vap_asian","pre_20_dem_bid",0.468662023117778,0.202488869149728,0.114343971742965,0.856397367492118
"Lake County","vap_aian","pre_20_rep_tru",0.382949647394186,0.148819310281329,0.122472006294227,0.688618181960154
"Lake County","vap_aian","pre_20_dem_bid",0.617050352605814,0.148819310281329,0.311381818039846,0.877527993705773
"Lake County","vap_oth_b","pre_20_rep_tru",0.539451684149654,0.16263812190812,0.220567173758503,0.834486872664403
"Lake County","vap_oth_b","pre_20_dem_bid",0.460548315850346,0.16263812190812,0.165513127335597,0.779432826241497
"Lake County","vap_white","uss_20_rep_dai",0.627215565818068,0.0304472968112723,0.565477445261189,0.683706906421437
"Lake County","vap_white","uss_20_dem_bul",0.372784434181932,0.0304472968112723,0.316293093578562,0.434522554738811
"Lake County","vap_black","uss_20_rep_dai",0.528817634814072,0.242729247263087,0.0815456936626999,0.93404405911433
"Lake County","vap_black","uss_20_dem_bul",0.471182365185928,0.242729247263087,0.0659559408856697,0.9184543063373
"Lake County","vap_hisp","uss_20_rep_dai",0.49474568574733,0.171695812725104,0.179044037983863,0.820967892210232
"Lake County","vap_hisp","uss_20_dem_bul",0.50525431425267,0.171695812725104,0.179032107789768,0.820955962016137
"Lake County","vap_asian","uss_20_rep_dai",0.547458910684506,0.2094345204531,0.146373790416643,0.905182494994165
"Lake County","vap_asian","uss_20_dem_bul",0.452541089315494,0.2094345204531,0.0948175050058355,0.853626209583356
"Lake County","vap_aian","uss_20_rep_dai",0.295801655953077,0.122099392436418,0.0858011940471346,0.55437898856604
"Lake County","vap_aian","uss_20_dem_bul",0.704198344046923,0.122099392436418,0.44562101143396,0.914198805952865
"Lake County","vap_oth_b","uss_20_rep_dai",0.545366092659693,0.160867542233671,0.229734222188649,0.846879961408946
"Lake County","vap_oth_b","uss_20_dem_bul",0.454633907340307,0.160867542233671,0.153120038591053,0.770265777811351
"Lake County","vap_white","gov_20_rep_gia",0.645675453500097,0.0312604248164347,0.580846907567578,0.700104086655054
"Lake County","vap_white","gov_20_dem_coo",0.354324546499903,0.0312604248164347,0.299895913344946,0.419153092432422
"Lake County","vap_black","gov_20_rep_gia",0.551084762053982,0.238646667163032,0.0928263660336759,0.937269086956689
"Lake County","vap_black","gov_20_dem_coo",0.448915237946018,0.238646667163032,0.0627309130433113,0.907173633966324
"Lake County","vap_hisp","gov_20_rep_gia",0.486798622454995,0.180305576444389,0.147409383681222,0.823337031123736
"Lake County","vap_hisp","gov_20_dem_coo",0.513201377545005,0.180305576444389,0.176662968876263,0.852590616318778
"Lake County","vap_asian","gov_20_rep_gia",0.506898025863045,0.201862851871957,0.135507941581945,0.870625335179671
"Lake County","vap_asian","gov_20_dem_coo",0.493101974136955,0.201862851871957,0.129374664820329,0.864492058418055
"Lake County","vap_aian","gov_20_rep_gia",0.356067899302959,0.136325790558384,0.126035419331334,0.644439778133401
"Lake County","vap_aian","gov_20_dem_coo",0.643932100697041,0.136325790558384,0.355560221866598,0.873964580668666
"Lake County","vap_oth_b","gov_20_rep_gia",0.550239270851621,0.176686319802706,0.18903910260287,0.863270350695648
"Lake County","vap_oth_b","gov_20_dem_coo",0.449760729148379,0.176686319802706,0.136729649304352,0.81096089739713
"Lake County","vap_white","atg_20_rep_knu",0.675767123301168,0.0287726363566352,0.618674937436591,0.731556466283649
"Lake County","vap_white","atg_20_dem_gra",0.324232876698832,0.0287726363566352,0.268443533716351,0.381325062563409
"Lake County","vap_black","atg_20_rep_knu",0.552052702719195,0.237940122499332,0.105075548930373,0.944756266927548
"Lake County","vap_black","atg_20_dem_gra",0.447947297280805,0.237940122499332,0.055243733072452,0.894924451069626
"Lake County","vap_hisp","atg_20_rep_knu",0.501914899039847,0.179172024418342,0.157425354226018,0.83766050856396
"Lake County","vap_hisp","atg_20_dem_gra",0.498085100960153,0.179172024418342,0.16233949143604,0.842574645773982
"Lake County","vap_asian","atg_20_rep_knu",0.543065411179362,0.200799078718511,0.146741566194461,0.887319025268459
"Lake County","vap_asian","atg_20_dem_gra",0.456934588820638,0.200799078718511,0.112680974731541,0.853258433805539
"Lake County","vap_aian","atg_20_rep_knu",0.312627360127539,0.123319853726695,0.0895525663019013,0.567921252138168
"Lake County","vap_aian","atg_20_dem_gra",0.687372639872461,0.123319853726695,0.432078747861832,0.910447433698099
"Lake County","vap_oth_b","atg_20_rep_knu",0.551382665224695,0.16754089601393,0.23207220918331,0.851753986531001
"Lake County","vap_oth_b","atg_20_dem_gra",0.448617334775305,0.16754089601393,0.148246013468999,0.76792779081669
"Lake County","vap_white","sos_20_rep_jac",0.679638596414348,0.0294329826892976,0.620133356616356,0.733860299046822
"Lake County","vap_white","sos_20_dem_ben",0.320361403585652,0.0294329826892976,0.266139700953178,0.379866643383644
"Lake County","vap_black","sos_20_rep_jac",0.520016782682254,0.240523214414694,0.0732529144753966,0.920337920476501
"Lake County","vap_black","sos_20_dem_ben",0.479983217317746,0.240523214414694,0.0796620795234989,0.926747085524604
"Lake County","vap_hisp","sos_20_rep_jac",0.499108867737464,0.176673215739979,0.171642777305202,0.832784594214451
"Lake County","vap_hisp","sos_20_dem_ben",0.500891132262536,0.176673215739979,0.167215405785549,0.828357222694798
"Lake County","vap_asian","sos_20_rep_jac",0.533325352848939,0.201511506489417,0.142428810295344,0.873820839797569
"Lake County","vap_asian","sos_20_dem_ben",0.466674647151061,0.201511506489417,0.126179160202431,0.857571189704656
"Lake County","vap_aian","sos_20_rep_jac",0.335713437459675,0.129846911498886,0.122089046665637,0.616039712095542
"Lake County","vap_aian","sos_20_dem_ben",0.664286562540325,0.129846911498886,0.383960287904458,0.877910953334363
"Lake County","vap_oth_b","sos_20_rep_jac",0.560266919266948,0.157998141695514,0.24547870805907,0.855076659026919
"Lake County","vap_oth_b","sos_20_dem_ben",0.439733080733052,0.157998141695514,0.14492334097308,0.75452129194093
"Lewis and Clark County","vap_white","pre_16_rep_tru",0.574305634581262,0.0117001325988037,0.551192005617973,0.596243094080954
"Lewis and Clark County","vap_white","pre_16_dem_cli",0.425694365418738,0.0117001325988037,0.403756905919046,0.448807994382027
"Lewis and Clark County","vap_black","pre_16_rep_tru",0.493130863719811,0.171693884762753,0.165112643609218,0.816646013427397
"Lewis and Clark County","vap_black","pre_16_dem_cli",0.506869136280189,0.171693884762753,0.183353986572603,0.834887356390782
"Lewis and Clark County","vap_hisp","pre_16_rep_tru",0.497332565908007,0.160222091772761,0.184777432364862,0.797475913855111
"Lewis and Clark County","vap_hisp","pre_16_dem_cli",0.502667434091993,0.160222091772761,0.202524086144889,0.815222567635137
"Lewis and Clark County","vap_asian","pre_16_rep_tru",0.484316765684132,0.171120027881016,0.170985914765246,0.803067472467929
"Lewis and Clark County","vap_asian","pre_16_dem_cli",0.515683234315868,0.171120027881016,0.196932527532071,0.829014085234754
"Lewis and Clark County","vap_aian","pre_16_rep_tru",0.525484165809236,0.178568618836188,0.181855145774726,0.86789622048167
"Lewis and Clark County","vap_aian","pre_16_dem_cli",0.474515834190764,0.178568618836188,0.13210377951833,0.818144854225274
"Lewis and Clark County","vap_oth_b","pre_16_rep_tru",0.484426021377625,0.162162626751952,0.194573897818247,0.80888468982992
"Lewis and Clark County","vap_oth_b","pre_16_dem_cli",0.515573978622375,0.162162626751952,0.19111531017008,0.805426102181752
"Lewis and Clark County","vap_white","gov_16_rep_gia",0.394644380818077,0.0116206169031919,0.371363188754385,0.416367412164835
"Lewis and Clark County","vap_white","gov_16_dem_bul",0.605355619181923,0.0116206169031919,0.583632587835165,0.628636811245614
"Lewis and Clark County","vap_black","gov_16_rep_gia",0.501885697328236,0.168547490754406,0.189490593181808,0.815334907150774
"Lewis and Clark County","vap_black","gov_16_dem_bul",0.498114302671764,0.168547490754406,0.184665092849226,0.810509406818192
"Lewis and Clark County","vap_hisp","gov_16_rep_gia",0.482241084800414,0.175904005990311,0.136221643589185,0.819984962994165
"Lewis and Clark County","vap_hisp","gov_16_dem_bul",0.517758915199586,0.175904005990311,0.180015037005835,0.863778356410815
"Lewis and Clark County","vap_asian","gov_16_rep_gia",0.498954893123611,0.16181371716762,0.200325758114062,0.802882892826239
"Lewis and Clark County","vap_asian","gov_16_dem_bul",0.501045106876389,0.16181371716762,0.197117107173761,0.799674241885938
"Lewis and Clark County","vap_aian","gov_16_rep_gia",0.502218993963888,0.170809572332577,0.196148773032346,0.825791772294597
"Lewis and Clark County","vap_aian","gov_16_dem_bul",0.497781006036112,0.170809572332577,0.174208227705403,0.803851226967654
"Lewis and Clark County","vap_oth_b","gov_16_rep_gia",0.494237370321622,0.165221465724204,0.183162428834577,0.813301891025154
"Lewis and Clark County","vap_oth_b","gov_16_dem_bul",0.505762629678378,0.165221465724204,0.186698108974846,0.816837571165423
"Lewis and Clark County","vap_white","atg_16_rep_fox",0.708578970800346,0.0120603620609892,0.684291079644777,0.731206586055022
"Lewis and Clark County","vap_white","atg_16_dem_jen",0.291421029199654,0.0120603620609892,0.268793413944978,0.315708920355223
"Lewis and Clark County","vap_black","atg_16_rep_fox",0.47977819309701,0.178279944328491,0.150304040048658,0.80579345424116
"Lewis and Clark County","vap_black","atg_16_dem_jen",0.52022180690299,0.178279944328491,0.19420654575884,0.849695959951343
"Lewis and Clark County","vap_hisp","atg_16_rep_fox",0.502986781742572,0.166634730595938,0.191400586213498,0.823613706275957
"Lewis and Clark County","vap_hisp","atg_16_dem_jen",0.497013218257428,0.166634730595938,0.176386293724043,0.808599413786502
"Lewis and Clark County","vap_asian","atg_16_rep_fox",0.464741608175227,0.165752608196087,0.163750709709385,0.80314962901357
"Lewis and Clark County","vap_asian","atg_16_dem_jen",0.535258391824773,0.165752608196087,0.19685037098643,0.836249290290615
"Lewis and Clark County","vap_aian","atg_16_rep_fox",0.500557304413136,0.177343724355144,0.171195032704256,0.836348506922608
"Lewis and Clark County","vap_aian","atg_16_dem_jen",0.499442695586864,0.177343724355144,0.163651493077392,0.828804967295744
"Lewis and Clark County","vap_oth_b","atg_16_rep_fox",0.476129353172676,0.174965993129637,0.168867412349736,0.820952439917956
"Lewis and Clark County","vap_oth_b","atg_16_dem_jen",0.523870646827324,0.174965993129637,0.179047560082044,0.831132587650264
"Lewis and Clark County","vap_white","sos_16_rep_sta",0.502792819272778,0.0122252544656124,0.478926589015204,0.525172965256209
"Lewis and Clark County","vap_white","sos_16_dem_lin",0.497207180727222,0.0122252544656124,0.474827034743791,0.521073410984797
"Lewis and Clark County","vap_black","sos_16_rep_sta",0.505435231292293,0.164857118917841,0.19603154682928,0.82500848083056
"Lewis and Clark County","vap_black","sos_16_dem_lin",0.494564768707707,0.164857118917841,0.17499151916944,0.80396845317072
"Lewis and Clark County","vap_hisp","sos_16_rep_sta",0.515578654881667,0.16964526830167,0.201244739890627,0.831722266688451
"Lewis and Clark County","vap_hisp","sos_16_dem_lin",0.484421345118333,0.16964526830167,0.168277733311549,0.798755260109373
"Lewis and Clark County","vap_asian","sos_16_rep_sta",0.499061858556138,0.176657860997002,0.18220635160915,0.827043143640852
"Lewis and Clark County","vap_asian","sos_16_dem_lin",0.500938141443862,0.176657860997002,0.172956856359148,0.81779364839085
"Lewis and Clark County","vap_aian","sos_16_rep_sta",0.505678669681741,0.158725941910881,0.199281014163329,0.802104596463739
"Lewis and Clark County","vap_aian","sos_16_dem_lin",0.494321330318259,0.158725941910881,0.197895403536261,0.800718985836671
"Lewis and Clark County","vap_oth_b","sos_16_rep_sta",0.477255735625751,0.171469660381832,0.17122546494397,0.793709548160434
"Lewis and Clark County","vap_oth_b","sos_16_dem_lin",0.522744264374248,0.171469660381832,0.206290451839566,0.82877453505603
"Lewis and Clark County","vap_white","uss_18_rep_ros",0.429895441766696,0.013620491180294,0.404164311425192,0.455689206481236
"Lewis and Clark County","vap_white","uss_18_dem_tes",0.570104558233304,0.013620491180294,0.544310793518764,0.595835688574808
"Lewis and Clark County","vap_black","uss_18_rep_ros",0.495366006458343,0.156657341909631,0.197281401792105,0.801031437077935
"Lewis and Clark County","vap_black","uss_18_dem_tes",0.504633993541657,0.156657341909631,0.198968562922065,0.802718598207894
"Lewis and Clark County","vap_hisp","uss_18_rep_ros",0.415164498699778,0.222417423413134,0.0628314440552056,0.794205373455205
"Lewis and Clark County","vap_hisp","uss_18_dem_tes",0.584835501300222,0.222417423413134,0.205794626544795,0.937168555944794
"Lewis and Clark County","vap_asian","uss_18_rep_ros",0.463258038313283,0.17937085642701,0.144134359551128,0.810292871624874
"Lewis and Clark County","vap_asian","uss_18_dem_tes",0.536741961686717,0.17937085642701,0.189707128375126,0.855865640448872
"Lewis and Clark County","vap_aian","uss_18_rep_ros",0.48283509499133,0.16646715895478,0.167192430977143,0.799266042774496
"Lewis and Clark County","vap_aian","uss_18_dem_tes",0.51716490500867,0.16646715895478,0.200733957225504,0.832807569022857
"Lewis and Clark County","vap_oth_b","uss_18_rep_ros",0.469666450079223,0.174315743694271,0.151925742713724,0.810477045688365
"Lewis and Clark County","vap_oth_b","uss_18_dem_tes",0.530333549920777,0.174315743694271,0.189522954311635,0.848074257286276
"Lewis and Clark County","vap_white","pre_20_rep_tru",0.549397073684579,0.0110866673782504,0.527995413502422,0.570919932058317
"Lewis and Clark County","vap_white","pre_20_dem_bid",0.450602926315421,0.0110866673782504,0.429080067941683,0.472004586497578
"Lewis and Clark County","vap_black","pre_20_rep_tru",0.484262373160953,0.174839664258271,0.162317681900003,0.814102234278464
"Lewis and Clark County","vap_black","pre_20_dem_bid",0.515737626839047,0.174839664258271,0.185897765721536,0.837682318099997
"Lewis and Clark County","vap_hisp","pre_20_rep_tru",0.472424440722729,0.18915360548901,0.11300947699074,0.811983728756041
"Lewis and Clark County","vap_hisp","pre_20_dem_bid",0.527575559277271,0.18915360548901,0.188016271243959,0.88699052300926
"Lewis and Clark County","vap_asian","pre_20_rep_tru",0.486150473152636,0.164857199308356,0.181627746620166,0.805966593662628
"Lewis and Clark County","vap_asian","pre_20_dem_bid",0.513849526847364,0.164857199308356,0.194033406337372,0.818372253379834
"Lewis and Clark County","vap_aian","pre_20_rep_tru",0.507459620866729,0.169097520985017,0.19119067856153,0.820210296705946
"Lewis and Clark County","vap_aian","pre_20_dem_bid",0.492540379133271,0.169097520985017,0.179789703294054,0.80880932143847
"Lewis and Clark County","vap_oth_b","pre_20_rep_tru",0.475507217189898,0.153786905469636,0.178083084305138,0.762869678739624
"Lewis and Clark County","vap_oth_b","pre_20_dem_bid",0.524492782810102,0.153786905469636,0.237130321260375,0.821916915694862
"Lewis and Clark County","vap_white","uss_20_rep_dai",0.505640718115725,0.0121182123773514,0.482273704331362,0.529047701314752
"Lewis and Clark County","vap_white","uss_20_dem_bul",0.494359281884275,0.0121182123773514,0.470952298685248,0.517726295668638
"Lewis and Clark County","vap_black","uss_20_rep_dai",0.521407756623855,0.186460679102967,0.190220887677894,0.884719343659195
"Lewis and Clark County","vap_black","uss_20_dem_bul",0.478592243376145,0.186460679102967,0.115280656340805,0.809779112322107
"Lewis and Clark County","vap_hisp","uss_20_rep_dai",0.53420085376914,0.172697391064237,0.210048408637289,0.84083565079558
"Lewis and Clark County","vap_hisp","uss_20_dem_bul",0.465799146230859,0.172697391064237,0.15916434920442,0.789951591362711
"Lewis and Clark County","vap_asian","uss_20_rep_dai",0.477519386916218,0.171499989824353,0.166152534407333,0.814817515383251
"Lewis and Clark County","vap_asian","uss_20_dem_bul",0.522480613083782,0.171499989824353,0.185182484616749,0.833847465592667
"Lewis and Clark County","vap_aian","uss_20_rep_dai",0.497271862875398,0.165190429946232,0.18729190703958,0.818004668389699
"Lewis and Clark County","vap_aian","uss_20_dem_bul",0.502728137124602,0.165190429946232,0.181995331610302,0.81270809296042
"Lewis and Clark County","vap_oth_b","uss_20_rep_dai",0.478833684431137,0.162571777743545,0.186355796750428,0.793455289416061
"Lewis and Clark County","vap_oth_b","uss_20_dem_bul",0.521166315568863,0.162571777743545,0.206544710583939,0.813644203249572
"Lewis and Clark County","vap_white","gov_20_rep_gia",0.512971193137078,0.0123589149305301,0.488117973594165,0.53723630903302
"Lewis and Clark County","vap_white","gov_20_dem_coo",0.487028806862922,0.0123589149305301,0.46276369096698,0.511882026405835
"Lewis and Clark County","vap_black","gov_20_rep_gia",0.508224674978653,0.168831804946218,0.189578755594478,0.818781379378019
"Lewis and Clark County","vap_black","gov_20_dem_coo",0.491775325021347,0.168831804946218,0.181218620621981,0.810421244405522
"Lewis and Clark County","vap_hisp","gov_20_rep_gia",0.472552007837058,0.170526607526754,0.160435004406919,0.802101990905191
"Lewis and Clark County","vap_hisp","gov_20_dem_coo",0.527447992162942,0.170526607526754,0.197898009094809,0.839564995593081
"Lewis and Clark County","vap_asian","gov_20_rep_gia",0.491149078528812,0.172792953612996,0.152853721683025,0.811805800705542
"Lewis and Clark County","vap_asian","gov_20_dem_coo",0.508850921471188,0.172792953612996,0.188194199294458,0.847146278316975
"Lewis and Clark County","vap_aian","gov_20_rep_gia",0.507436946985178,0.168098309551956,0.197463530936376,0.835522061280256
"Lewis and Clark County","vap_aian","gov_20_dem_coo",0.492563053014823,0.168098309551956,0.164477938719744,0.802536469063624
"Lewis and Clark County","vap_oth_b","gov_20_rep_gia",0.497623133446036,0.167287916621605,0.190291017225839,0.833038726648101
"Lewis and Clark County","vap_oth_b","gov_20_dem_coo",0.502376866553964,0.167287916621605,0.166961273351899,0.809708982774161
"Lewis and Clark County","vap_white","atg_20_rep_knu",0.533778533417333,0.0115273845804386,0.510364556009606,0.555518521643536
"Lewis and Clark County","vap_white","atg_20_dem_gra",0.466221466582667,0.0115273845804386,0.444481478356464,0.489635443990394
"Lewis and Clark County","vap_black","atg_20_rep_knu",0.487230936534279,0.171898940565819,0.177212969027724,0.829596011754438
"Lewis and Clark County","vap_black","atg_20_dem_gra",0.512769063465721,0.171898940565819,0.170403988245562,0.822787030972275
"Lewis and Clark County","vap_hisp","atg_20_rep_knu",0.502749356312006,0.160363765917422,0.213649911488142,0.802061257519626
"Lewis and Clark County","vap_hisp","atg_20_dem_gra",0.497250643687994,0.160363765917422,0.197938742480374,0.786350088511858
"Lewis and Clark County","vap_asian","atg_20_rep_knu",0.469336863123337,0.175634008013228,0.13492996380594,0.798174106587334
"Lewis and Clark County","vap_asian","atg_20_dem_gra",0.530663136876663,0.175634008013228,0.201825893412665,0.86507003619406
"Lewis and Clark County","vap_aian","atg_20_rep_knu",0.50176740893153,0.177885053339224,0.149310343763694,0.826626782695895
"Lewis and Clark County","vap_aian","atg_20_dem_gra",0.49823259106847,0.177885053339224,0.173373217304105,0.850689656236306
"Lewis and Clark County","vap_oth_b","atg_20_rep_knu",0.487455494528544,0.161589448167829,0.196442227468598,0.802256569402174
"Lewis and Clark County","vap_oth_b","atg_20_dem_gra",0.512544505471456,0.161589448167829,0.197743430597826,0.803557772531401
"Lewis and Clark County","vap_white","sos_20_rep_jac",0.56800422557407,0.0114652089947565,0.544700195653656,0.589584117842679
"Lewis and Clark County","vap_white","sos_20_dem_ben",0.43199577442593,0.0114652089947565,0.410415882157321,0.455299804346344
"Lewis and Clark County","vap_black","sos_20_rep_jac",0.5037457457689,0.167640513924713,0.183536997037923,0.809421401582182
"Lewis and Clark County","vap_black","sos_20_dem_ben",0.4962542542311,0.167640513924713,0.190578598417818,0.816463002962077
"Lewis and Clark County","vap_hisp","sos_20_rep_jac",0.489815328835157,0.161704121683196,0.173669565902742,0.793064029470669
"Lewis and Clark County","vap_hisp","sos_20_dem_ben",0.510184671164843,0.161704121683196,0.206935970529331,0.826330434097258
"Lewis and Clark County","vap_asian","sos_20_rep_jac",0.497670646559752,0.178095318907436,0.14924995613672,0.821674682138866
"Lewis and Clark County","vap_asian","sos_20_dem_ben",0.502329353440248,0.178095318907436,0.178325317861134,0.85075004386328
"Lewis and Clark County","vap_aian","sos_20_rep_jac",0.500659423012377,0.173948354644065,0.164643258275832,0.814453354616482
"Lewis and Clark County","vap_aian","sos_20_dem_ben",0.499340576987623,0.173948354644066,0.185546645383518,0.835356741724168
"Lewis and Clark County","vap_oth_b","sos_20_rep_jac",0.485096980660588,0.164264205985283,0.162401340766056,0.805703262346627
"Lewis and Clark County","vap_oth_b","sos_20_dem_ben",0.514903019339412,0.164264205985283,0.194296737653373,0.837598659233943
"Liberty County","vap_white","pre_16_rep_tru",0.777496216185936,0.0157195318552369,0.746015175313072,0.807783146268465
"Liberty County","vap_white","pre_16_dem_cli",0.222503783814064,0.0157195318552369,0.192216853731535,0.253984824686928
"Liberty County","vap_black","pre_16_rep_tru",0.511981027092711,0.228530684190927,0.0860256235145978,0.931116875777206
"Liberty County","vap_black","pre_16_dem_cli",0.488018972907289,0.228530684190927,0.0688831242227939,0.913974376485402
"Liberty County","vap_hisp","pre_16_rep_tru",0.496876632695685,0.215230020496536,0.0987953059235428,0.895492294999499
"Liberty County","vap_hisp","pre_16_dem_cli",0.503123367304314,0.215230020496536,0.104507705000501,0.901204694076457
"Liberty County","vap_asian","pre_16_rep_tru",0.488899583816425,0.222490496531196,0.0840848302932968,0.897816418192255
"Liberty County","vap_asian","pre_16_dem_cli",0.511100416183575,0.222490496531196,0.102183581807745,0.915915169706703
"Liberty County","vap_aian","pre_16_rep_tru",0.482202525135086,0.217816084036918,0.0772678308204422,0.897674332674034
"Liberty County","vap_aian","pre_16_dem_cli",0.517797474864914,0.217816084036918,0.102325667325966,0.922732169179558
"Liberty County","vap_oth_b","pre_16_rep_tru",0.501482888018868,0.202041411155239,0.116198421463579,0.875684542483534
"Liberty County","vap_oth_b","pre_16_dem_cli",0.498517111981132,0.202041411155239,0.124315457516466,0.883801578536421
"Liberty County","vap_white","gov_16_rep_gia",0.601740941408866,0.0172815536330349,0.568237291058362,0.635495642431529
"Liberty County","vap_white","gov_16_dem_bul",0.398259058591134,0.0172815536330349,0.364504357568471,0.431762708941638
"Liberty County","vap_black","gov_16_rep_gia",0.501462632647076,0.228370136805387,0.0796522057376732,0.923016128607522
"Liberty County","vap_black","gov_16_dem_bul",0.498537367352924,0.228370136805387,0.0769838713924782,0.920347794262327
"Liberty County","vap_hisp","gov_16_rep_gia",0.503532038764226,0.210338049354938,0.115092789407254,0.900258887297256
"Liberty County","vap_hisp","gov_16_dem_bul",0.496467961235774,0.210338049354938,0.0997411127027442,0.884907210592746
"Liberty County","vap_asian","gov_16_rep_gia",0.506821936660443,0.222267184183174,0.101277054446853,0.905353899582829
"Liberty County","vap_asian","gov_16_dem_bul",0.493178063339558,0.222267184183174,0.094646100417171,0.898722945553147
"Liberty County","vap_aian","gov_16_rep_gia",0.497797218695062,0.209577973434286,0.100708984833546,0.885977130286159
"Liberty County","vap_aian","gov_16_dem_bul",0.502202781304938,0.209577973434286,0.114022869713841,0.899291015166454
"Liberty County","vap_oth_b","gov_16_rep_gia",0.50823699748817,0.203703687577924,0.126420356716891,0.888505706394991
"Liberty County","vap_oth_b","gov_16_dem_bul",0.49176300251183,0.203703687577924,0.111494293605009,0.873579643283109
"Liberty County","vap_white","atg_16_rep_fox",0.831046287386503,0.0142643972952268,0.802806203793462,0.858516036465212
"Liberty County","vap_white","atg_16_dem_jen",0.168953712613497,0.0142643972952268,0.141483963534788,0.197193796206538
"Liberty County","vap_black","atg_16_rep_fox",0.504051621849236,0.226374545963684,0.0873914104657555,0.922464641722406
"Liberty County","vap_black","atg_16_dem_jen",0.495948378150764,0.226374545963684,0.077535358277594,0.912608589534244
"Liberty County","vap_hisp","atg_16_rep_fox",0.51005412799014,0.210305736391589,0.116477618716296,0.897149630059493
"Liberty County","vap_hisp","atg_16_dem_jen",0.48994587200986,0.210305736391589,0.102850369940507,0.883522381283704
"Liberty County","vap_asian","atg_16_rep_fox",0.486153632106032,0.228812437906282,0.0710377493127334,0.906410210149629
"Liberty County","vap_asian","atg_16_dem_jen",0.513846367893968,0.228812437906282,0.0935897898503713,0.928962250687267
"Liberty County","vap_aian","atg_16_rep_fox",0.498254641605644,0.207063995062029,0.116439249654572,0.885982971480178
"Liberty County","vap_aian","atg_16_dem_jen",0.501745358394356,0.207063995062029,0.114017028519822,0.883560750345428
"Liberty County","vap_oth_b","atg_16_rep_fox",0.513265366956863,0.199447524949355,0.138423381274349,0.884530864308292
"Liberty County","vap_oth_b","atg_16_dem_jen",0.486734633043137,0.199447524949355,0.115469135691708,0.861576618725651
"Liberty County","vap_white","sos_16_rep_sta",0.699238729011499,0.0163580632918356,0.666333447782578,0.730905064664103
"Liberty County","vap_white","sos_16_dem_lin",0.300761270988501,0.0163580632918356,0.269094935335897,0.333666552217422
"Liberty County","vap_black","sos_16_rep_sta",0.500850836691596,0.229296522867244,0.0721926549582486,0.927441584337557
"Liberty County","vap_black","sos_16_dem_lin",0.499149163308404,0.229296522867244,0.072558415662443,0.927807345041751
"Liberty County","vap_hisp","sos_16_rep_sta",0.507997977606626,0.215813838119909,0.104207626942053,0.906987016966645
"Liberty County","vap_hisp","sos_16_dem_lin",0.492002022393374,0.215813838119909,0.0930129830333546,0.895792373057946
"Liberty County","vap_asian","sos_16_rep_sta",0.500254669055749,0.230154757132559,0.0785243850560032,0.928118349973832
"Liberty County","vap_asian","sos_16_dem_lin",0.499745330944251,0.230154757132559,0.0718816500261684,0.921475614943997
"Liberty County","vap_aian","sos_16_rep_sta",0.491642739056697,0.216506927912776,0.0794351518591396,0.899753803443335
"Liberty County","vap_aian","sos_16_dem_lin",0.508357260943303,0.216506927912776,0.100246196556665,0.92056484814086
"Liberty County","vap_oth_b","sos_16_rep_sta",0.50297313244213,0.201295630551292,0.119696014697962,0.885150505063494
"Liberty County","vap_oth_b","sos_16_dem_lin",0.49702686755787,0.201295630551292,0.114849494936506,0.880303985302038
"Liberty County","vap_white","uss_18_rep_ros",0.616255030772027,0.0170025274548207,0.582927800006108,0.649673028647623
"Liberty County","vap_white","uss_18_dem_tes",0.383744969227973,0.0170025274548207,0.350326971352377,0.417072199993892
"Liberty County","vap_black","uss_18_rep_ros",0.500114348699983,0.226077304873474,0.0833808789173478,0.917199249402442
"Liberty County","vap_black","uss_18_dem_tes",0.499885651300017,0.226077304873474,0.082800750597558,0.916619121082652
"Liberty County","vap_hisp","uss_18_rep_ros",0.515536192114976,0.220152949486955,0.104862256164251,0.941973066833858
"Liberty County","vap_hisp","uss_18_dem_tes",0.484463807885024,0.220152949486955,0.0580269331661421,0.895137743835749
"Liberty County","vap_asian","uss_18_rep_ros",0.508863208539354,0.222069508816084,0.100878101064183,0.912336635215323
"Liberty County","vap_asian","uss_18_dem_tes",0.491136791460646,0.222069508816084,0.0876633647846768,0.899121898935817
"Liberty County","vap_aian","uss_18_rep_ros",0.506769156075408,0.21346314181983,0.0998729294319436,0.902953089951374
"Liberty County","vap_aian","uss_18_dem_tes",0.493230843924592,0.21346314181983,0.0970469100486261,0.900127070568056
"Liberty County","vap_oth_b","uss_18_rep_ros",0.497406172218624,0.19727992280651,0.129670659185497,0.867587701733503
"Liberty County","vap_oth_b","uss_18_dem_tes",0.502593827781376,0.19727992280651,0.132412298266497,0.870329340814503
"Liberty County","vap_white","pre_20_rep_tru",0.770197260760422,0.0144854263492624,0.741151127472297,0.798222444979215
"Liberty County","vap_white","pre_20_dem_bid",0.229802739239578,0.0144854263492624,0.201777555020785,0.258848872527703
"Liberty County","vap_black","pre_20_rep_tru",0.515992847183499,0.229767513288828,0.0844419009406104,0.933736092240803
"Liberty County","vap_black","pre_20_dem_bid",0.484007152816501,0.229767513288828,0.0662639077591971,0.91555809905939
"Liberty County","vap_hisp","pre_20_rep_tru",0.476725244724621,0.228106078826981,0.0327699403392366,0.901177775736199
"Liberty County","vap_hisp","pre_20_dem_bid",0.523274755275379,0.228106078826981,0.0988222242638012,0.967230059660764
"Liberty County","vap_asian","pre_20_rep_tru",0.508952056594311,0.220349372981736,0.10284834030254,0.911656107662435
"Liberty County","vap_asian","pre_20_dem_bid",0.491047943405689,0.220349372981736,0.0883438923375651,0.89715165969746
"Liberty County","vap_aian","pre_20_rep_tru",0.512460176567854,0.210521289026044,0.118879945384165,0.9033022991356
"Liberty County","vap_aian","pre_20_dem_bid",0.487539823432146,0.210521289026044,0.0966977008644004,0.881120054615835
"Liberty County","vap_oth_b","pre_20_rep_tru",0.49810355347848,0.202542803620102,0.113285510748422,0.87384614203517
"Liberty County","vap_oth_b","pre_20_dem_bid",0.50189644652152,0.202542803620102,0.12615385796483,0.886714489251578
"Liberty County","vap_white","uss_20_rep_dai",0.726415158784098,0.0149510161545858,0.696420393800506,0.755316614751828
"Liberty County","vap_white","uss_20_dem_bul",0.273584841215902,0.0149510161545858,0.244683385248172,0.303579606199494
"Liberty County","vap_black","uss_20_rep_dai",0.500861363071808,0.234649221511422,0.0539594194569682,0.932913476378246
"Liberty County","vap_black","uss_20_dem_bul",0.499138636928192,0.234649221511422,0.0670865236217535,0.946040580543032
"Liberty County","vap_hisp","uss_20_rep_dai",0.507775520833845,0.219124536700834,0.0976219235912287,0.919142759763592
"Liberty County","vap_hisp","uss_20_dem_bul",0.492224479166155,0.219124536700834,0.0808572402364079,0.902378076408771
"Liberty County","vap_asian","uss_20_rep_dai",0.506691890625441,0.221139534417616,0.101225145191043,0.909295201796463
"Liberty County","vap_asian","uss_20_dem_bul",0.493308109374559,0.221139534417616,0.0907047982035369,0.898774854808957
"Liberty County","vap_aian","uss_20_rep_dai",0.502048638271838,0.212080791730546,0.108434847559165,0.891682290693218
"Liberty County","vap_aian","uss_20_dem_bul",0.497951361728162,0.212080791730546,0.108317709306782,0.891565152440835
"Liberty County","vap_oth_b","uss_20_rep_dai",0.508180419020443,0.205492331332344,0.116356999947329,0.89024229865826
"Liberty County","vap_oth_b","uss_20_dem_bul",0.491819580979557,0.205492331332344,0.109757701341739,0.883643000052671
"Liberty County","vap_white","gov_20_rep_gia",0.748721942975892,0.0149463382252485,0.719320391805131,0.777782559599128
"Liberty County","vap_white","gov_20_dem_coo",0.251278057024108,0.0149463382252485,0.222217440400872,0.280679608194869
"Liberty County","vap_black","gov_20_rep_gia",0.50979938580621,0.230068465503043,0.0830362265558813,0.929176540229472
"Liberty County","vap_black","gov_20_dem_coo",0.49020061419379,0.230068465503043,0.0708234597705282,0.916963773444118
"Liberty County","vap_hisp","gov_20_rep_gia",0.493944997655471,0.215967443000155,0.0965247510616029,0.896062604902925
"Liberty County","vap_hisp","gov_20_dem_coo",0.506055002344529,0.215967443000155,0.103937395097075,0.903475248938397
"Liberty County","vap_asian","gov_20_rep_gia",0.494755986155686,0.219928446700512,0.089959506898961,0.908906626554371
"Liberty County","vap_asian","gov_20_dem_coo",0.505244013844315,0.219928446700512,0.0910933734456288,0.910040493101039
"Liberty County","vap_aian","gov_20_rep_gia",0.501921222763505,0.213874064218346,0.09801253595232,0.899517453980398
"Liberty County","vap_aian","gov_20_dem_coo",0.498078777236495,0.213874064218346,0.100482546019602,0.90198746404768
"Liberty County","vap_oth_b","gov_20_rep_gia",0.503057293995876,0.19917205472757,0.122366382610261,0.874553317365898
"Liberty County","vap_oth_b","gov_20_dem_coo",0.496942706004124,0.19917205472757,0.125446682634102,0.877633617389739
"Liberty County","vap_white","atg_20_rep_knu",0.736198562851563,0.0149741155513123,0.7064770605784,0.764994862903746
"Liberty County","vap_white","atg_20_dem_gra",0.263801437148437,0.0149741155513123,0.235005137096254,0.2935229394216
"Liberty County","vap_black","atg_20_rep_knu",0.375735124819774,0.264701148317213,0.00410031861125295,0.897251268455444
"Liberty County","vap_black","atg_20_dem_gra",0.624264875180226,0.264701148317213,0.102748731544556,0.995899681388747
"Liberty County","vap_hisp","atg_20_rep_knu",0.507988050889915,0.217143447349336,0.100314743750007,0.906950604716449
"Liberty County","vap_hisp","atg_20_dem_gra",0.492011949110085,0.217143447349336,0.0930493952835507,0.899685256249993
"Liberty County","vap_asian","atg_20_rep_knu",0.50066820288787,0.222063622267528,0.0957045341661613,0.906464516981399
"Liberty County","vap_asian","atg_20_dem_gra",0.49933179711213,0.222063622267528,0.093535483018601,0.904295465833839
"Liberty County","vap_aian","atg_20_rep_knu",0.497061937022119,0.215080053928487,0.101798378802352,0.898893896512128
"Liberty County","vap_aian","atg_20_dem_gra",0.502938062977881,0.215080053928487,0.101106103487873,0.898201621197648
"Liberty County","vap_oth_b","atg_20_rep_knu",0.49064452141058,0.198169335228415,0.125079005255603,0.873286547487772
"Liberty County","vap_oth_b","atg_20_dem_gra",0.50935547858942,0.198169335228415,0.126713452512228,0.874920994744396
"Liberty County","vap_white","sos_20_rep_jac",0.766521727653056,0.0146043558371367,0.73727585529191,0.794198852582478
"Liberty County","vap_white","sos_20_dem_ben",0.233478272346944,0.0146043558371367,0.205801147417522,0.26272414470809
"Liberty County","vap_black","sos_20_rep_jac",0.493224547712913,0.230342595343574,0.0735326925983065,0.926710152999269
"Liberty County","vap_black","sos_20_dem_ben",0.506775452287087,0.230342595343574,0.0732898470007309,0.926467307401694
"Liberty County","vap_hisp","sos_20_rep_jac",0.505249218972448,0.211242053459613,0.105353245106623,0.892163746588177
"Liberty County","vap_hisp","sos_20_dem_ben",0.494750781027552,0.211242053459613,0.107836253411822,0.894646754893377
"Liberty County","vap_asian","sos_20_rep_jac",0.498117500684106,0.224290449839613,0.0855870586004758,0.907474999479089
"Liberty County","vap_asian","sos_20_dem_ben",0.501882499315894,0.224290449839613,0.0925250005209108,0.914412941399524
"Liberty County","vap_aian","sos_20_rep_jac",0.511366271784607,0.212379664448269,0.11254156605884,0.896722227190354
"Liberty County","vap_aian","sos_20_dem_ben",0.488633728215393,0.212379664448269,0.103277772809646,0.88745843394116
"Liberty County","vap_oth_b","sos_20_rep_jac",0.499085137608051,0.201232092211876,0.119441489894556,0.883875237918315
"Liberty County","vap_oth_b","sos_20_dem_ben",0.500914862391949,0.201232092211876,0.116124762081685,0.880558510105444
"Lincoln County","vap_white","pre_16_rep_tru",0.791530853945485,0.0130185183636143,0.766197083332452,0.816669421564323
"Lincoln County","vap_white","pre_16_dem_cli",0.208469146054516,0.0130185183636143,0.183330578435677,0.233802916667549
"Lincoln County","vap_black","pre_16_rep_tru",0.498904091185688,0.195444156144337,0.125243499409836,0.867897502363505
"Lincoln County","vap_black","pre_16_dem_cli",0.501095908814312,0.195444156144337,0.132102497636494,0.874756500590164
"Lincoln County","vap_hisp","pre_16_rep_tru",0.490172386511948,0.184061407951389,0.133902711365534,0.837243423290775
"Lincoln County","vap_hisp","pre_16_dem_cli",0.509827613488052,0.184061407951389,0.162756576709225,0.866097288634466
"Lincoln County","vap_asian","pre_16_rep_tru",0.49862377521373,0.174605243244361,0.170500280270039,0.832757421333608
"Lincoln County","vap_asian","pre_16_dem_cli",0.50137622478627,0.174605243244361,0.167242578666392,0.829499719729961
"Lincoln County","vap_aian","pre_16_rep_tru",0.473134564676677,0.17759625522601,0.153999597300519,0.816310944524896
"Lincoln County","vap_aian","pre_16_dem_cli",0.526865435323323,0.17759625522601,0.183689055475104,0.84600040269948
"Lincoln County","vap_oth_b","pre_16_rep_tru",0.469688111516823,0.175986479552726,0.157018314473818,0.812633546815314
"Lincoln County","vap_oth_b","pre_16_dem_cli",0.530311888483177,0.175986479552726,0.187366453184686,0.842981685526182
"Lincoln County","vap_white","gov_16_rep_gia",0.646835256534459,0.0128953458116218,0.621653399097988,0.671663277066975
"Lincoln County","vap_white","gov_16_dem_bul",0.353164743465541,0.0128953458116218,0.328336722933024,0.378346600902012
"Lincoln County","vap_black","gov_16_rep_gia",0.509237572364373,0.193199967580659,0.140632679699618,0.858790990102486
"Lincoln County","vap_black","gov_16_dem_bul",0.490762427635627,0.193199967580659,0.141209009897513,0.859367320300381
"Lincoln County","vap_hisp","gov_16_rep_gia",0.482939204493191,0.171689849962194,0.155122023739031,0.813178006732833
"Lincoln County","vap_hisp","gov_16_dem_bul",0.517060795506809,0.171689849962194,0.186821993267167,0.844877976260969
"Lincoln County","vap_asian","gov_16_rep_gia",0.48269883396692,0.184070867822936,0.113094860050641,0.813770606880366
"Lincoln County","vap_asian","gov_16_dem_bul",0.51730116603308,0.184070867822936,0.186229393119634,0.886905139949359
"Lincoln County","vap_aian","gov_16_rep_gia",0.502224481012728,0.176425773091047,0.178468435183115,0.842948162291073
"Lincoln County","vap_aian","gov_16_dem_bul",0.497775518987272,0.176425773091047,0.157051837708927,0.821531564816885
"Lincoln County","vap_oth_b","gov_16_rep_gia",0.48893027593419,0.170831425035911,0.174141849480696,0.80923174456099
"Lincoln County","vap_oth_b","gov_16_dem_bul",0.51106972406581,0.170831425035911,0.19076825543901,0.825858150519304
"Lincoln County","vap_white","atg_16_rep_fox",0.788410403164605,0.0119805033281239,0.764823959095095,0.811611298363976
"Lincoln County","vap_white","atg_16_dem_jen",0.211589596835395,0.0119805033281239,0.188388701636024,0.235176040904905
"Lincoln County","vap_black","atg_16_rep_fox",0.505389208222401,0.189314372427406,0.154389129414262,0.866573445884
"Lincoln County","vap_black","atg_16_dem_jen",0.494610791777599,0.189314372427406,0.133426554116,0.845610870585738
"Lincoln County","vap_hisp","atg_16_rep_fox",0.480692794157997,0.178753828430372,0.151266037956067,0.821758932952696
"Lincoln County","vap_hisp","atg_16_dem_jen",0.519307205842003,0.178753828430372,0.178241067047304,0.848733962043933
"Lincoln County","vap_asian","atg_16_rep_fox",0.499298508754573,0.166412648967487,0.185217576228162,0.813651050426586
"Lincoln County","vap_asian","atg_16_dem_jen",0.500701491245427,0.166412648967487,0.186348949573413,0.814782423771838
"Lincoln County","vap_aian","atg_16_rep_fox",0.477179820943811,0.18064496031467,0.11637324708555,0.821223397195061
"Lincoln County","vap_aian","atg_16_dem_jen",0.522820179056189,0.18064496031467,0.178776602804939,0.88362675291445
"Lincoln County","vap_oth_b","atg_16_rep_fox",0.462240042498141,0.170532041475765,0.150940561891559,0.796517906536441
"Lincoln County","vap_oth_b","atg_16_dem_jen",0.537759957501859,0.170532041475765,0.203482093463559,0.849059438108441
"Lincoln County","vap_white","sos_16_rep_sta",0.728246355416413,0.0129828958340135,0.702485541068552,0.752419615581046
"Lincoln County","vap_white","sos_16_dem_lin",0.271753644583587,0.0129828958340135,0.247580384418954,0.297514458931448
"Lincoln County","vap_black","sos_16_rep_sta",0.502742690412283,0.193148940648616,0.131033753731535,0.853903256931269
"Lincoln County","vap_black","sos_16_dem_lin",0.497257309587717,0.193148940648616,0.146096743068731,0.868966246268465
"Lincoln County","vap_hisp","sos_16_rep_sta",0.507003157498332,0.177847245701982,0.152157025112505,0.833906737666771
"Lincoln County","vap_hisp","sos_16_dem_lin",0.492996842501668,0.177847245701982,0.166093262333229,0.847842974887495
"Lincoln County","vap_asian","sos_16_rep_sta",0.50753557081956,0.180461186334299,0.167305170791262,0.844400130841825
"Lincoln County","vap_asian","sos_16_dem_lin",0.49246442918044,0.180461186334299,0.155599869158175,0.832694829208738
"Lincoln County","vap_aian","sos_16_rep_sta",0.493621779800316,0.169814476862122,0.184958919801144,0.813958279392183
"Lincoln County","vap_aian","sos_16_dem_lin",0.506378220199684,0.169814476862122,0.186041720607817,0.815041080198856
"Lincoln County","vap_oth_b","sos_16_rep_sta",0.476896517919591,0.175550206538653,0.167141775001961,0.827614103036117
"Lincoln County","vap_oth_b","sos_16_dem_lin",0.523103482080409,0.175550206538653,0.172385896963883,0.832858224998039
"Lincoln County","vap_white","uss_18_rep_ros",0.701931092675388,0.0130654142073678,0.676821469335506,0.727535767929965
"Lincoln County","vap_white","uss_18_dem_tes",0.298068907324612,0.0130654142073678,0.272464232070035,0.323178530664494
"Lincoln County","vap_black","uss_18_rep_ros",0.50002947393756,0.19073667532507,0.147934038200029,0.856416566048144
"Lincoln County","vap_black","uss_18_dem_tes",0.49997052606244,0.19073667532507,0.143583433951856,0.852065961799971
"Lincoln County","vap_hisp","uss_18_rep_ros",0.483227265865374,0.178691287895169,0.149835704289421,0.817831318249048
"Lincoln County","vap_hisp","uss_18_dem_tes",0.516772734134626,0.178691287895169,0.182168681750952,0.850164295710579
"Lincoln County","vap_asian","uss_18_rep_ros",0.488776532556085,0.175370672460335,0.167398175446407,0.82500144488581
"Lincoln County","vap_asian","uss_18_dem_tes",0.511223467443915,0.175370672460335,0.17499855511419,0.832601824553593
"Lincoln County","vap_aian","uss_18_rep_ros",0.491908588989545,0.167802698147339,0.169722699124608,0.803294378555866
"Lincoln County","vap_aian","uss_18_dem_tes",0.508091411010456,0.167802698147339,0.196705621444134,0.830277300875392
"Lincoln County","vap_oth_b","uss_18_rep_ros",0.470207639980233,0.176119099467752,0.122431108959644,0.806029933784462
"Lincoln County","vap_oth_b","uss_18_dem_tes",0.529792360019767,0.176119099467752,0.193970066215538,0.877568891040356
"Lincoln County","vap_white","pre_20_rep_tru",0.780677268678981,0.0123302449636495,0.756319920748908,0.803898281914917
"Lincoln County","vap_white","pre_20_dem_bid",0.219322731321019,0.0123302449636495,0.196101718085083,0.243680079251092
"Lincoln County","vap_black","pre_20_rep_tru",0.505526173168328,0.18383382368083,0.149874609302028,0.854766983050292
"Lincoln County","vap_black","pre_20_dem_bid",0.494473826831672,0.18383382368083,0.145233016949708,0.850125390697972
"Lincoln County","vap_hisp","pre_20_rep_tru",0.479138332942823,0.169949675290894,0.167834848801435,0.809312186248806
"Lincoln County","vap_hisp","pre_20_dem_bid",0.520861667057177,0.169949675290894,0.190687813751194,0.832165151198565
"Lincoln County","vap_asian","pre_20_rep_tru",0.5073925888175,0.179447758075144,0.161632019865289,0.834677839030892
"Lincoln County","vap_asian","pre_20_dem_bid",0.4926074111825,0.179447758075144,0.165322160969108,0.838367980134711
"Lincoln County","vap_aian","pre_20_rep_tru",0.48957827807393,0.172765463814367,0.156448282356175,0.812936361435814
"Lincoln County","vap_aian","pre_20_dem_bid",0.51042172192607,0.172765463814367,0.187063638564186,0.843551717643825
"Lincoln County","vap_oth_b","pre_20_rep_tru",0.45981372702309,0.174972517907819,0.147732853132374,0.796970061027417
"Lincoln County","vap_oth_b","pre_20_dem_bid",0.54018627297691,0.174972517907819,0.203029938972584,0.852267146867626
"Lincoln County","vap_white","uss_20_rep_dai",0.750401252494362,0.011946547281375,0.726690806066281,0.773006693406894
"Lincoln County","vap_white","uss_20_dem_bul",0.249598747505638,0.011946547281375,0.226993306593106,0.273309193933719
"Lincoln County","vap_black","uss_20_rep_dai",0.502530250983993,0.18886046146663,0.149782638860614,0.864902187365198
"Lincoln County","vap_black","uss_20_dem_bul",0.497469749016007,0.18886046146663,0.135097812634802,0.850217361139386
"Lincoln County","vap_hisp","uss_20_rep_dai",0.487292644099154,0.174101768064655,0.160392907433664,0.819453928209366
"Lincoln County","vap_hisp","uss_20_dem_bul",0.512707355900846,0.174101768064655,0.180546071790634,0.839607092566336
"Lincoln County","vap_asian","uss_20_rep_dai",0.48543574072557,0.175324811187415,0.162879171325165,0.821657488732203
"Lincoln County","vap_asian","uss_20_dem_bul",0.51456425927443,0.175324811187415,0.178342511267797,0.837120828674835
"Lincoln County","vap_aian","uss_20_rep_dai",0.475430528255216,0.181783008739987,0.137677102807466,0.822499723560573
"Lincoln County","vap_aian","uss_20_dem_bul",0.524569471744784,0.181783008739987,0.177500276439427,0.862322897192534
"Lincoln County","vap_oth_b","uss_20_rep_dai",0.476642874488411,0.170861428052598,0.157421098374386,0.803508354290837
"Lincoln County","vap_oth_b","uss_20_dem_bul",0.523357125511589,0.170861428052598,0.196491645709162,0.842578901625614
"Lincoln County","vap_white","gov_20_rep_gia",0.758294583266171,0.0123634051795389,0.7344942122604,0.782156318831581
"Lincoln County","vap_white","gov_20_dem_coo",0.241705416733829,0.0123634051795389,0.217843681168419,0.2655057877396
"Lincoln County","vap_black","gov_20_rep_gia",0.509965974752941,0.196246715405097,0.145311741474557,0.877196452250504
"Lincoln County","vap_black","gov_20_dem_coo",0.490034025247059,0.196246715405097,0.122803547749495,0.854688258525443
"Lincoln County","vap_hisp","gov_20_rep_gia",0.486836087739725,0.180906051656297,0.140792423186313,0.832676570665367
"Lincoln County","vap_hisp","gov_20_dem_coo",0.513163912260275,0.180906051656297,0.167323429334633,0.859207576813687
"Lincoln County","vap_asian","gov_20_rep_gia",0.486949055688819,0.179385475416941,0.155038241118982,0.833566754652674
"Lincoln County","vap_asian","gov_20_dem_coo",0.513050944311181,0.179385475416941,0.166433245347326,0.844961758881018
"Lincoln County","vap_aian","gov_20_rep_gia",0.478577150061233,0.178633142084554,0.136946597230121,0.823115920173802
"Lincoln County","vap_aian","gov_20_dem_coo",0.521422849938767,0.178633142084554,0.176884079826198,0.863053402769879
"Lincoln County","vap_oth_b","gov_20_rep_gia",0.483741265149704,0.171865432662886,0.153243512348405,0.809080923810054
"Lincoln County","vap_oth_b","gov_20_dem_coo",0.516258734850296,0.171865432662886,0.190919076189946,0.846756487651595
"Lincoln County","vap_white","atg_20_rep_knu",0.781951440301528,0.0125924818120387,0.757855997420788,0.805936932286873
"Lincoln County","vap_white","atg_20_dem_gra",0.218048559698472,0.0125924818120387,0.194063067713127,0.242144002579212
"Lincoln County","vap_black","atg_20_rep_knu",0.496708553810839,0.187123470082864,0.144059076666533,0.857903366989456
"Lincoln County","vap_black","atg_20_dem_gra",0.503291446189161,0.187123470082864,0.142096633010544,0.855940923333466
"Lincoln County","vap_hisp","atg_20_rep_knu",0.490966023624979,0.181542005328977,0.146257514234204,0.829682478761639
"Lincoln County","vap_hisp","atg_20_dem_gra",0.509033976375021,0.181542005328977,0.170317521238361,0.853742485765796
"Lincoln County","vap_asian","atg_20_rep_knu",0.496917995516649,0.177389688964066,0.163028432952748,0.839438603320235
"Lincoln County","vap_asian","atg_20_dem_gra",0.503082004483351,0.177389688964066,0.160561396679765,0.836971567047253
"Lincoln County","vap_aian","atg_20_rep_knu",0.488332261600024,0.178333055294684,0.160216096634435,0.832114532715976
"Lincoln County","vap_aian","atg_20_dem_gra",0.511667738399976,0.178333055294684,0.167885467284024,0.839783903365565
"Lincoln County","vap_oth_b","atg_20_rep_knu",0.475665691798804,0.178797846814525,0.132797888639092,0.804519742259692
"Lincoln County","vap_oth_b","atg_20_dem_gra",0.524334308201196,0.178797846814525,0.195480257740307,0.867202111360908
"Lincoln County","vap_white","sos_20_rep_jac",0.783573868597031,0.0125348858506229,0.758800054662577,0.807078916904624
"Lincoln County","vap_white","sos_20_dem_ben",0.216426131402969,0.0125348858506229,0.192921083095377,0.241199945337424
"Lincoln County","vap_black","sos_20_rep_jac",0.489744218256466,0.194646087992272,0.129323733375982,0.857756744009481
"Lincoln County","vap_black","sos_20_dem_ben",0.510255781743534,0.194646087992272,0.142243255990519,0.870676266624018
"Lincoln County","vap_hisp","sos_20_rep_jac",0.475705319046925,0.175190548337695,0.14977917831985,0.813659775053956
"Lincoln County","vap_hisp","sos_20_dem_ben",0.524294680953075,0.175190548337695,0.186340224946044,0.85022082168015
"Lincoln County","vap_asian","sos_20_rep_jac",0.490692322599789,0.170084378898294,0.169583585393248,0.813077980752782
"Lincoln County","vap_asian","sos_20_dem_ben",0.509307677400211,0.170084378898294,0.186922019247218,0.830416414606751
"Lincoln County","vap_aian","sos_20_rep_jac",0.523583312744262,0.200106024831866,0.168227593498499,0.929256295546837
"Lincoln County","vap_aian","sos_20_dem_ben",0.476416687255738,0.200106024831866,0.0707437044531633,0.831772406501501
"Lincoln County","vap_oth_b","sos_20_rep_jac",0.455022740471917,0.179269492440895,0.134504030113348,0.805764571691527
"Lincoln County","vap_oth_b","sos_20_dem_ben",0.544977259528083,0.179269492440895,0.194235428308473,0.865495969886652
"Madison County","vap_white","pre_16_rep_tru",0.75945638368681,0.0133059967864039,0.733052853233184,0.785046040442698
"Madison County","vap_white","pre_16_dem_cli",0.24054361631319,0.0133059967864039,0.214953959557302,0.266947146766816
"Madison County","vap_black","pre_16_rep_tru",0.500398013627272,0.212985748789325,0.110270748397911,0.898034506583205
"Madison County","vap_black","pre_16_dem_cli",0.499601986372728,0.212985748789325,0.101965493416795,0.889729251602089
"Madison County","vap_hisp","pre_16_rep_tru",0.478188601478674,0.186388590412493,0.131617476680998,0.840831811446804
"Madison County","vap_hisp","pre_16_dem_cli",0.521811398521326,0.186388590412493,0.159168188553196,0.868382523319002
"Madison County","vap_asian","pre_16_rep_tru",0.508617538880114,0.202199084219254,0.122985159268541,0.886758491901272
"Madison County","vap_asian","pre_16_dem_cli",0.491382461119886,0.202199084219254,0.113241508098728,0.877014840731458
"Madison County","vap_aian","pre_16_rep_tru",0.506697305395905,0.19607487128988,0.138198800123997,0.875311000929068
"Madison County","vap_aian","pre_16_dem_cli",0.493302694604096,0.19607487128988,0.124688999070932,0.861801199876003
"Madison County","vap_oth_b","pre_16_rep_tru",0.487418411347109,0.185324797240624,0.129978822047157,0.842510278233724
"Madison County","vap_oth_b","pre_16_dem_cli",0.51258158865289,0.185324797240624,0.157489721766276,0.870021177952843
"Madison County","vap_white","gov_16_rep_gia",0.574427279205575,0.0140786823689189,0.546783990828373,0.601684388624988
"Madison County","vap_white","gov_16_dem_bul",0.425572720794425,0.0140786823689189,0.398315611375012,0.453216009171627
"Madison County","vap_black","gov_16_rep_gia",0.505660312584766,0.220381685383033,0.0943296701649266,0.906670578486425
"Madison County","vap_black","gov_16_dem_bul",0.494339687415233,0.220381685383033,0.0933294215135748,0.905670329835074
"Madison County","vap_hisp","gov_16_rep_gia",0.513404095504107,0.188286410584947,0.156359513104938,0.87585453960579
"Madison County","vap_hisp","gov_16_dem_bul",0.486595904495893,0.188286410584947,0.124145460394209,0.843640486895062
"Madison County","vap_asian","gov_16_rep_gia",0.489280332828173,0.20324550445065,0.115969923345747,0.880295123989709
"Madison County","vap_asian","gov_16_dem_bul",0.510719667171827,0.20324550445065,0.119704876010291,0.884030076654253
"Madison County","vap_aian","gov_16_rep_gia",0.49615487520171,0.197724514027862,0.130934815696567,0.862759997276795
"Madison County","vap_aian","gov_16_dem_bul",0.50384512479829,0.197724514027862,0.137240002723205,0.869065184303433
"Madison County","vap_oth_b","gov_16_rep_gia",0.494216535968131,0.184939150444949,0.151965263886534,0.84781473514965
"Madison County","vap_oth_b","gov_16_dem_bul",0.505783464031869,0.184939150444949,0.15218526485035,0.848034736113465
"Madison County","vap_white","atg_16_rep_fox",0.780752528986022,0.0127028508978551,0.755822366143519,0.8057456070731
"Madison County","vap_white","atg_16_dem_jen",0.219247471013978,0.0127028508978551,0.1942543929269,0.244177633856481
"Madison County","vap_black","atg_16_rep_fox",0.504376087410457,0.22118975414546,0.1048802255355,0.921859455213672
"Madison County","vap_black","atg_16_dem_jen",0.495623912589543,0.22118975414546,0.0781405447863276,0.8951197744645
"Madison County","vap_hisp","atg_16_rep_fox",0.482172967241598,0.184127742147248,0.150792080864839,0.841141894987082
"Madison County","vap_hisp","atg_16_dem_jen",0.517827032758401,0.184127742147248,0.158858105012918,0.849207919135161
"Madison County","vap_asian","atg_16_rep_fox",0.508383150119506,0.20469839191242,0.128978693244311,0.903001081505415
"Madison County","vap_asian","atg_16_dem_jen",0.491616849880494,0.20469839191242,0.0969989184945853,0.871021306755689
"Madison County","vap_aian","atg_16_rep_fox",0.496194214454991,0.193279863126657,0.130091734833961,0.865932385893534
"Madison County","vap_aian","atg_16_dem_jen",0.503805785545009,0.193279863126657,0.134067614106466,0.869908265166039
"Madison County","vap_oth_b","atg_16_rep_fox",0.491424728724135,0.181808286815325,0.149091933453129,0.839321379921069
"Madison County","vap_oth_b","atg_16_dem_jen",0.508575271275865,0.181808286815325,0.160678620078931,0.850908066546871
"Madison County","vap_white","sos_16_rep_sta",0.724238772438978,0.0135633620116213,0.69766941129035,0.750441896657287
"Madison County","vap_white","sos_16_dem_lin",0.275761227561022,0.0135633620116213,0.249558103342713,0.30233058870965
"Madison County","vap_black","sos_16_rep_sta",0.495981236814958,0.21377515311659,0.104900822736293,0.89467417936413
"Madison County","vap_black","sos_16_dem_lin",0.504018763185042,0.21377515311659,0.10532582063587,0.895099177263707
"Madison County","vap_hisp","sos_16_rep_sta",0.487523457150137,0.184958250081023,0.146656405501694,0.855264299194225
"Madison County","vap_hisp","sos_16_dem_lin",0.512476542849863,0.184958250081023,0.144735700805775,0.853343594498306
"Madison County","vap_asian","sos_16_rep_sta",0.502731147834038,0.201421296378462,0.122797037887307,0.87396533113685
"Madison County","vap_asian","sos_16_dem_lin",0.497268852165962,0.201421296378462,0.12603466886315,0.877202962112693
"Madison County","vap_aian","sos_16_rep_sta",0.499527907321858,0.201364987245539,0.130715724965258,0.868390523472095
"Madison County","vap_aian","sos_16_dem_lin",0.500472092678142,0.201364987245539,0.131609476527905,0.869284275034742
"Madison County","vap_oth_b","sos_16_rep_sta",0.51076630441126,0.182935895259748,0.159561431532942,0.854833433046167
"Madison County","vap_oth_b","sos_16_dem_lin",0.48923369558874,0.182935895259748,0.145166566953833,0.840438568467058
"Madison County","vap_white","uss_18_rep_ros",0.613444830149619,0.0140050836954896,0.586531422922969,0.641364797437746
"Madison County","vap_white","uss_18_dem_tes",0.386555169850381,0.0140050836954896,0.358635202562254,0.413468577077031
"Madison County","vap_black","uss_18_rep_ros",0.504464288835973,0.217454978362048,0.0997577824938886,0.906311401958963
"Madison County","vap_black","uss_18_dem_tes",0.495535711164027,0.217454978362048,0.093688598041037,0.900242217506111
"Madison County","vap_hisp","uss_18_rep_ros",0.504593852442834,0.185129874781814,0.152462073677848,0.84457897702405
"Madison County","vap_hisp","uss_18_dem_tes",0.495406147557166,0.185129874781814,0.15542102297595,0.847537926322152
"Madison County","vap_asian","uss_18_rep_ros",0.499642797795585,0.198038603889256,0.122465038255668,0.875704858837592
"Madison County","vap_asian","uss_18_dem_tes",0.500357202204415,0.198038603889256,0.124295141162408,0.877534961744332
"Madison County","vap_aian","uss_18_rep_ros",0.5032530023729,0.192110955337983,0.136434216800339,0.860497547616276
"Madison County","vap_aian","uss_18_dem_tes",0.4967469976271,0.192110955337983,0.139502452383724,0.863565783199661
"Madison County","vap_oth_b","uss_18_rep_ros",0.496698127015535,0.186818252814032,0.15416101053602,0.851619845549452
"Madison County","vap_oth_b","uss_18_dem_tes",0.503301872984465,0.186818252814032,0.148380154450548,0.84583898946398
"Madison County","vap_white","pre_20_rep_tru",0.73171860982831,0.0124741627720621,0.707138904519781,0.755724502019039
"Madison County","vap_white","pre_20_dem_bid",0.26828139017169,0.0124741627720621,0.244275497980961,0.292861095480218
"Madison County","vap_black","pre_20_rep_tru",0.504529600699735,0.211892207524929,0.111591549098775,0.901096668720299
"Madison County","vap_black","pre_20_dem_bid",0.495470399300265,0.211892207524929,0.0989033312797007,0.888408450901226
"Madison County","vap_hisp","pre_20_rep_tru",0.470894874598482,0.184244789086043,0.109322207670779,0.81847412140651
"Madison County","vap_hisp","pre_20_dem_bid",0.529105125401518,0.184244789086043,0.18152587859349,0.890677792329221
"Madison County","vap_asian","pre_20_rep_tru",0.489112275850165,0.20530898215274,0.0925308774793459,0.872610942959299
"Madison County","vap_asian","pre_20_dem_bid",0.510887724149835,0.20530898215274,0.127389057040701,0.907469122520654
"Madison County","vap_aian","pre_20_rep_tru",0.507439680915295,0.192215030090421,0.147951168438682,0.871125436722578
"Madison County","vap_aian","pre_20_dem_bid",0.492560319084705,0.192215030090421,0.128874563277422,0.852048831561318
"Madison County","vap_oth_b","pre_20_rep_tru",0.490764629265517,0.178585290241651,0.157158486477488,0.83028307380116
"Madison County","vap_oth_b","pre_20_dem_bid",0.509235370734483,0.178585290241651,0.16971692619884,0.842841513522512
"Madison County","vap_white","uss_20_rep_dai",0.694623445146809,0.0127732012073354,0.669834377095713,0.719381816897031
"Madison County","vap_white","uss_20_dem_bul",0.305376554853191,0.0127732012073354,0.280618183102968,0.330165622904287
"Madison County","vap_black","uss_20_rep_dai",0.495422844772083,0.216665791434944,0.104556749891735,0.89978893852437
"Madison County","vap_black","uss_20_dem_bul",0.504577155227917,0.216665791434944,0.10021106147563,0.895443250108265
"Madison County","vap_hisp","uss_20_rep_dai",0.487475774918471,0.179000467655888,0.149287986894457,0.832102696679508
"Madison County","vap_hisp","uss_20_dem_bul",0.512524225081529,0.179000467655888,0.167897303320492,0.850712013105543
"Madison County","vap_asian","uss_20_rep_dai",0.49102512628829,0.199301578516093,0.119580414947204,0.870571379451544
"Madison County","vap_asian","uss_20_dem_bul",0.50897487371171,0.199301578516093,0.129428620548456,0.880419585052795
"Madison County","vap_aian","uss_20_rep_dai",0.497074927003645,0.199713399523314,0.112047247730879,0.866280511012234
"Madison County","vap_aian","uss_20_dem_bul",0.502925072996355,0.199713399523314,0.133719488987766,0.887952752269121
"Madison County","vap_oth_b","uss_20_rep_dai",0.477077908117567,0.180098026330852,0.136332044015746,0.819374122930741
"Madison County","vap_oth_b","uss_20_dem_bul",0.522922091882433,0.180098026330852,0.180625877069259,0.863667955984254
"Madison County","vap_white","gov_20_rep_gia",0.694964864691537,0.013207208401803,0.669965334554612,0.721134823713558
"Madison County","vap_white","gov_20_dem_coo",0.305035135308463,0.013207208401803,0.278865176286442,0.330034665445388
"Madison County","vap_black","gov_20_rep_gia",0.491610245902019,0.211882571847097,0.105497773805563,0.892286060830779
"Madison County","vap_black","gov_20_dem_coo",0.508389754097981,0.211882571847097,0.107713939169221,0.894502226194437
"Madison County","vap_hisp","gov_20_rep_gia",0.49874027750006,0.183155797939008,0.156039561327182,0.851342718114733
"Madison County","vap_hisp","gov_20_dem_coo",0.50125972249994,0.183155797939008,0.148657281885267,0.843960438672818
"Madison County","vap_asian","gov_20_rep_gia",0.495884817078753,0.199031056865265,0.113870055101604,0.868555029132424
"Madison County","vap_asian","gov_20_dem_coo",0.504115182921247,0.199031056865265,0.131444970867576,0.886129944898396
"Madison County","vap_aian","gov_20_rep_gia",0.49313094471005,0.194265337210579,0.134530761508121,0.859055135422405
"Madison County","vap_aian","gov_20_dem_coo",0.50686905528995,0.194265337210579,0.140944864577595,0.865469238491879
"Madison County","vap_oth_b","gov_20_rep_gia",0.488364069159787,0.18147143688219,0.144538810563567,0.831624140383123
"Madison County","vap_oth_b","gov_20_dem_coo",0.511635930840213,0.18147143688219,0.168375859616876,0.855461189436433
"Madison County","vap_white","atg_20_rep_knu",0.717149660250325,0.0129096215916429,0.691442437662721,0.742382284756858
"Madison County","vap_white","atg_20_dem_gra",0.282850339749675,0.0129096215916429,0.257617715243142,0.308557562337279
"Madison County","vap_black","atg_20_rep_knu",0.480765034139608,0.210421913355419,0.106630716115342,0.874315553039491
"Madison County","vap_black","atg_20_dem_gra",0.519234965860392,0.210421913355419,0.125684446960509,0.893369283884658
"Madison County","vap_hisp","atg_20_rep_knu",0.493656564136477,0.183711659609989,0.149603461687119,0.831895841168313
"Madison County","vap_hisp","atg_20_dem_gra",0.506343435863523,0.183711659609989,0.168104158831687,0.850396538312881
"Madison County","vap_asian","atg_20_rep_knu",0.484734150600441,0.199236248566011,0.116482415753518,0.869282577202648
"Madison County","vap_asian","atg_20_dem_gra",0.515265849399559,0.199236248566011,0.130717422797352,0.883517584246482
"Madison County","vap_aian","atg_20_rep_knu",0.480133417617369,0.193976018908122,0.11793790490476,0.846489029507655
"Madison County","vap_aian","atg_20_dem_gra",0.519866582382631,0.193976018908122,0.153510970492345,0.88206209509524
"Madison County","vap_oth_b","atg_20_rep_knu",0.488971970017583,0.18367390896957,0.130036251292372,0.837932291197892
"Madison County","vap_oth_b","atg_20_dem_gra",0.511028029982417,0.18367390896957,0.162067708802108,0.869963748707628
"Madison County","vap_white","sos_20_rep_jac",0.735243950770554,0.0132373512879518,0.708864433347916,0.761070655314973
"Madison County","vap_white","sos_20_dem_ben",0.264756049229446,0.0132373512879518,0.238929344685027,0.291135566652084
"Madison County","vap_black","sos_20_rep_jac",0.501129334366999,0.216245992522884,0.101148171179741,0.895920438088199
"Madison County","vap_black","sos_20_dem_ben",0.498870665633001,0.216245992522884,0.104079561911801,0.898851828820259
"Madison County","vap_hisp","sos_20_rep_jac",0.50470185640393,0.185875478531454,0.160679796823405,0.86103076942602
"Madison County","vap_hisp","sos_20_dem_ben",0.49529814359607,0.185875478531454,0.13896923057398,0.839320203176594
"Madison County","vap_asian","sos_20_rep_jac",0.502112871402182,0.203529945258316,0.12664213648174,0.884863525260864
"Madison County","vap_asian","sos_20_dem_ben",0.497887128597818,0.203529945258316,0.115136474739136,0.87335786351826
"Madison County","vap_aian","sos_20_rep_jac",0.494412982258017,0.193999179735846,0.126790915785654,0.862568461437118
"Madison County","vap_aian","sos_20_dem_ben",0.505587017741983,0.193999179735846,0.137431538562882,0.873209084214346
"Madison County","vap_oth_b","sos_20_rep_jac",0.484356844599912,0.188846283550319,0.145953804186697,0.846479504668101
"Madison County","vap_oth_b","sos_20_dem_ben",0.515643155400088,0.188846283550319,0.153520495331899,0.854046195813303
"McCone County","vap_white","pre_16_rep_tru",0.855771200967606,0.0146410506902207,0.826865718667856,0.884012170871348
"McCone County","vap_white","pre_16_dem_cli",0.144228799032394,0.0146410506902207,0.115987829128652,0.173134281332145
"McCone County","vap_black","pre_16_rep_tru",0.507235662424675,0.275672295655935,0.0255107916240266,0.979838737050235
"McCone County","vap_black","pre_16_dem_cli",0.492764337575325,0.275672295655935,0.0201612629497645,0.974489208375973
"McCone County","vap_hisp","pre_16_rep_tru",0.495844153631893,0.215524972795449,0.0978760803341143,0.904611484916606
"McCone County","vap_hisp","pre_16_dem_cli",0.504155846368107,0.215524972795449,0.0953885150833939,0.902123919665886
"McCone County","vap_asian","pre_16_rep_tru",0.488328315397211,0.217927906322195,0.094660665570705,0.896551998137978
"McCone County","vap_asian","pre_16_dem_cli",0.511671684602789,0.217927906322195,0.103448001862022,0.905339334429295
"McCone County","vap_aian","pre_16_rep_tru",0.493975192370121,0.235374289023609,0.0660226861519115,0.918733860482779
"McCone County","vap_aian","pre_16_dem_cli",0.506024807629879,0.235374289023609,0.0812661395172214,0.933977313848088
"McCone County","vap_oth_b","pre_16_rep_tru",0.501769679404904,0.208645746298117,0.111615799666472,0.891883571126805
"McCone County","vap_oth_b","pre_16_dem_cli",0.498230320595096,0.208645746298117,0.108116428873195,0.888384200333528
"McCone County","vap_white","gov_16_rep_gia",0.76390233556978,0.0157920325274184,0.732456826596466,0.794180408126758
"McCone County","vap_white","gov_16_dem_bul",0.23609766443022,0.0157920325274184,0.205819591873242,0.267543173403534
"McCone County","vap_black","gov_16_rep_gia",0.504369351190731,0.27509356946982,0.0289773128415269,0.971176566997238
"McCone County","vap_black","gov_16_dem_bul",0.495630648809269,0.27509356946982,0.0288234330027615,0.971022687158473
"McCone County","vap_hisp","gov_16_rep_gia",0.503389146725369,0.216091918087777,0.096438095080529,0.900963966185637
"McCone County","vap_hisp","gov_16_dem_bul",0.496610853274631,0.216091918087777,0.0990360338143627,0.903561904919471
"McCone County","vap_asian","gov_16_rep_gia",0.496127572821209,0.219693221291039,0.0891350051560447,0.906546230746592
"McCone County","vap_asian","gov_16_dem_bul",0.503872427178792,0.219693221291039,0.093453769253408,0.910864994843955
"McCone County","vap_aian","gov_16_rep_gia",0.490310129558824,0.236251024301889,0.0731191085497894,0.924802449566682
"McCone County","vap_aian","gov_16_dem_bul",0.509689870441176,0.236251024301889,0.0751975504333186,0.92688089145021
"McCone County","vap_oth_b","gov_16_rep_gia",0.493139821879079,0.210920895353038,0.0965452632582945,0.891743296058444
"McCone County","vap_oth_b","gov_16_dem_bul",0.506860178120921,0.210920895353038,0.108256703941556,0.903454736741705
"McCone County","vap_white","atg_16_rep_fox",0.863850896935364,0.0142469691140132,0.835235669366664,0.891102463688875
"McCone County","vap_white","atg_16_dem_jen",0.136149103064636,0.0142469691140132,0.108897536311125,0.164764330633336
"McCone County","vap_black","atg_16_rep_fox",0.504626833549191,0.272751814173323,0.0273700291875686,0.974711915609261
"McCone County","vap_black","atg_16_dem_jen",0.495373166450809,0.272751814173323,0.0252880843907389,0.972629970812431
"McCone County","vap_hisp","atg_16_rep_fox",0.496048291212307,0.216172059361526,0.103105779192989,0.897743287924805
"McCone County","vap_hisp","atg_16_dem_jen",0.503951708787693,0.216172059361526,0.102256712075195,0.896894220807011
"McCone County","vap_asian","atg_16_rep_fox",0.496874913293535,0.220948169357946,0.0934032389791528,0.903970690139512
"McCone County","vap_asian","atg_16_dem_jen",0.503125086706465,0.220948169357946,0.096029309860488,0.906596761020847
"McCone County","vap_aian","atg_16_rep_fox",0.502572342324183,0.234584475383425,0.0774483865562169,0.926927082169376
"McCone County","vap_aian","atg_16_dem_jen",0.497427657675817,0.234584475383425,0.0730729178306236,0.922551613443783
"McCone County","vap_oth_b","atg_16_rep_fox",0.485941137841844,0.208785289094301,0.0980404724767127,0.875686144658169
"McCone County","vap_oth_b","atg_16_dem_jen",0.514058862158156,0.208785289094301,0.124313855341831,0.901959527523287
"McCone County","vap_white","sos_16_rep_sta",0.74661760539541,0.0165719942459854,0.713847182879683,0.778859377953257
"McCone County","vap_white","sos_16_dem_lin",0.25338239460459,0.0165719942459854,0.221140622046744,0.286152817120318
"McCone County","vap_black","sos_16_rep_sta",0.500714569286604,0.272763987315928,0.028086688773911,0.970160521183144
"McCone County","vap_black","sos_16_dem_lin",0.499285430713396,0.272763987315928,0.0298394788168564,0.971913311226089
"McCone County","vap_hisp","sos_16_rep_sta",0.506319190848362,0.218870317418568,0.102222498442047,0.916217863301537
"McCone County","vap_hisp","sos_16_dem_lin",0.493680809151638,0.218870317418568,0.0837821366984631,0.897777501557953
"McCone County","vap_asian","sos_16_rep_sta",0.49423571437254,0.215922786041958,0.0949623595629289,0.895203705103658
"McCone County","vap_asian","sos_16_dem_lin",0.50576428562746,0.215922786041958,0.104796294896342,0.905037640437071
"McCone County","vap_aian","sos_16_rep_sta",0.491316601852511,0.238542362604015,0.0621543781313768,0.917491171295122
"McCone County","vap_aian","sos_16_dem_lin",0.508683398147489,0.238542362604015,0.0825088287048781,0.937845621868623
"McCone County","vap_oth_b","sos_16_rep_sta",0.486948631510674,0.21003268041185,0.0984052646903392,0.88831019746036
"McCone County","vap_oth_b","sos_16_dem_lin",0.513051368489327,0.21003268041185,0.11168980253964,0.901594735309661
"McCone County","vap_white","uss_18_rep_ros",0.778121697750723,0.0160862987903532,0.746229330133859,0.809114234118942
"McCone County","vap_white","uss_18_dem_tes",0.221878302249277,0.0160862987903532,0.190885765881058,0.253770669866141
"McCone County","vap_black","uss_18_rep_ros",0.495913206181824,0.272365663316497,0.0271710213374578,0.968408583051027
"McCone County","vap_black","uss_18_dem_tes",0.504086793818176,0.272365663316497,0.0315914169489728,0.972828978662542
"McCone County","vap_hisp","uss_18_rep_ros",0.503395061326202,0.21688614355416,0.102372989785128,0.907272023495878
"McCone County","vap_hisp","uss_18_dem_tes",0.496604938673798,0.21688614355416,0.0927279765041221,0.897627010214871
"McCone County","vap_asian","uss_18_rep_ros",0.497279984316908,0.223416579190195,0.0914362362974144,0.923779821421308
"McCone County","vap_asian","uss_18_dem_tes",0.502720015683092,0.223416579190195,0.0762201785786914,0.908563763702586
"McCone County","vap_aian","uss_18_rep_ros",0.491304674513956,0.238618624572381,0.0637628349730181,0.926975282383481
"McCone County","vap_aian","uss_18_dem_tes",0.508695325486044,0.238618624572381,0.0730247176165184,0.936237165026982
"McCone County","vap_oth_b","uss_18_rep_ros",0.501648789468242,0.205757081568005,0.111448831459807,0.888940628046687
"McCone County","vap_oth_b","uss_18_dem_tes",0.498351210531758,0.205757081568005,0.111059371953313,0.888551168540193
"McCone County","vap_white","pre_20_rep_tru",0.871463352306419,0.013894166520993,0.843443903397092,0.897751080701995
"McCone County","vap_white","pre_20_dem_bid",0.128536647693581,0.013894166520993,0.102248919298005,0.156556096602909
"McCone County","vap_black","pre_20_rep_tru",0.492569159716778,0.275669364387057,0.0247197762815546,0.973307271285268
"McCone County","vap_black","pre_20_dem_bid",0.507430840283222,0.275669364387057,0.0266927287147316,0.975280223718445
"McCone County","vap_hisp","pre_20_rep_tru",0.495479112135417,0.214394363939848,0.0993810596721611,0.890930559641351
"McCone County","vap_hisp","pre_20_dem_bid",0.504520887864583,0.214394363939848,0.109069440358649,0.900618940327839
"McCone County","vap_asian","pre_20_rep_tru",0.497433870759182,0.218387332654305,0.0957888756796169,0.900433870959392
"McCone County","vap_asian","pre_20_dem_bid",0.502566129240818,0.218387332654305,0.0995661290406075,0.904211124320383
"McCone County","vap_aian","pre_20_rep_tru",0.498060544592565,0.242139739361855,0.0563291197243919,0.941156383217718
"McCone County","vap_aian","pre_20_dem_bid",0.501939455407435,0.242139739361855,0.0588436167822818,0.943670880275608
"McCone County","vap_oth_b","pre_20_rep_tru",0.500227139222597,0.210595380740353,0.099035461925421,0.891886451691898
"McCone County","vap_oth_b","pre_20_dem_bid",0.499772860777403,0.210595380740353,0.108113548308102,0.900964538074579
"McCone County","vap_white","uss_20_rep_dai",0.852492097294182,0.0141345452379864,0.824329355073025,0.879694281168574
"McCone County","vap_white","uss_20_dem_bul",0.147507902705818,0.0141345452379864,0.120305718831427,0.175670644926975
"McCone County","vap_black","uss_20_rep_dai",0.499005276067136,0.280493736384446,0.0209877642161064,0.975982056275398
"McCone County","vap_black","uss_20_dem_bul",0.500994723932864,0.280493736384446,0.0240179437246022,0.979012235783894
"McCone County","vap_hisp","uss_20_rep_dai",0.485974247909021,0.215643745917554,0.0934313317434202,0.895873720106005
"McCone County","vap_hisp","uss_20_dem_bul",0.514025752090979,0.215643745917554,0.104126279893995,0.90656866825658
"McCone County","vap_asian","uss_20_rep_dai",0.509605313916226,0.217717533086642,0.103218531938206,0.906382590871474
"McCone County","vap_asian","uss_20_dem_bul",0.490394686083774,0.217717533086642,0.093617409128526,0.896781468061794
"McCone County","vap_aian","uss_20_rep_dai",0.499142515655949,0.239170111061517,0.06006216009703,0.92330181226079
"McCone County","vap_aian","uss_20_dem_bul",0.500857484344051,0.239170111061517,0.0766981877392097,0.93993783990297
"McCone County","vap_oth_b","uss_20_rep_dai",0.49142529869696,0.212563893264007,0.0951336482222084,0.891149921792529
"McCone County","vap_oth_b","uss_20_dem_bul",0.50857470130304,0.212563893264007,0.108850078207471,0.904866351777792
"McCone County","vap_white","gov_20_rep_gia",0.85702694124116,0.0139524065642066,0.829763687486319,0.884388555048596
"McCone County","vap_white","gov_20_dem_coo",0.14297305875884,0.0139524065642066,0.115611444951404,0.170236312513681
"McCone County","vap_black","gov_20_rep_gia",0.49198765148913,0.275560976034733,0.024147736963721,0.97932087082879
"McCone County","vap_black","gov_20_dem_coo",0.50801234851087,0.275560976034733,0.0206791291712102,0.975852263036279
"McCone County","vap_hisp","gov_20_rep_gia",0.511426575211898,0.226069939337151,0.103001316534041,0.947391979685787
"McCone County","vap_hisp","gov_20_dem_coo",0.488573424788102,0.226069939337151,0.0526080203142131,0.896998683465959
"McCone County","vap_asian","gov_20_rep_gia",0.504399880766832,0.21806652624951,0.101623926275986,0.904557306357154
"McCone County","vap_asian","gov_20_dem_coo",0.495600119233168,0.21806652624951,0.0954426936428464,0.898376073724014
"McCone County","vap_aian","gov_20_rep_gia",0.501371753243343,0.238756041706511,0.0720813031139086,0.933703452203929
"McCone County","vap_aian","gov_20_dem_coo",0.498628246756657,0.238756041706511,0.0662965477960707,0.927918696886091
"McCone County","vap_oth_b","gov_20_rep_gia",0.494519761218688,0.211895801670605,0.0983523581462539,0.897234203175754
"McCone County","vap_oth_b","gov_20_dem_coo",0.505480238781312,0.211895801670605,0.102765796824247,0.901647641853746
"McCone County","vap_white","atg_20_rep_knu",0.86605902479661,0.0138211284009807,0.838239654057657,0.893300163583125
"McCone County","vap_white","atg_20_dem_gra",0.13394097520339,0.0138211284009807,0.106699836416875,0.161760345942343
"McCone County","vap_black","atg_20_rep_knu",0.493927423424879,0.276286713064938,0.0247620517404772,0.974693900045747
"McCone County","vap_black","atg_20_dem_gra",0.506072576575121,0.276286713064938,0.0253060999542528,0.975237948259523
"McCone County","vap_hisp","atg_20_rep_knu",0.508819611143926,0.220912599250451,0.0951633064450526,0.912165432828241
"McCone County","vap_hisp","atg_20_dem_gra",0.491180388856074,0.220912599250451,0.0878345671717588,0.904836693554947
"McCone County","vap_asian","atg_20_rep_knu",0.505128041217287,0.222414514928733,0.0934059203184518,0.914284640696102
"McCone County","vap_asian","atg_20_dem_gra",0.494871958782713,0.222414514928733,0.0857153593038984,0.906594079681548
"McCone County","vap_aian","atg_20_rep_knu",0.49892132051348,0.23957629337969,0.0655235582963801,0.936029380842382
"McCone County","vap_aian","atg_20_dem_gra",0.50107867948652,0.23957629337969,0.0639706191576182,0.93447644170362
"McCone County","vap_oth_b","atg_20_rep_knu",0.49504073188916,0.210432002902486,0.108940339971008,0.894968464079837
"McCone County","vap_oth_b","atg_20_dem_gra",0.50495926811084,0.210432002902486,0.105031535920163,0.891059660028992
"McCone County","vap_white","sos_20_rep_jac",0.866006558525836,0.0141205493785979,0.837890306501976,0.893273871948955
"McCone County","vap_white","sos_20_dem_ben",0.133993441474164,0.0141205493785979,0.106726128051045,0.162109693498024
"McCone County","vap_black","sos_20_rep_jac",0.503196350774765,0.274676422965642,0.0285647947473065,0.96861858835228
"McCone County","vap_black","sos_20_dem_ben",0.496803649225235,0.274676422965642,0.03138141164772,0.971435205252694
"McCone County","vap_hisp","sos_20_rep_jac",0.500763823100626,0.217365676538388,0.0982674989082337,0.899656362387938
"McCone County","vap_hisp","sos_20_dem_ben",0.499236176899374,0.217365676538388,0.100343637612062,0.901732501091766
"McCone County","vap_asian","sos_20_rep_jac",0.49993005768806,0.218394247248975,0.100450547824505,0.903745764620721
"McCone County","vap_asian","sos_20_dem_ben",0.500069942311939,0.218394247248975,0.096254235379279,0.899549452175494
"McCone County","vap_aian","sos_20_rep_jac",0.49722942941159,0.236758086248873,0.064072808393242,0.929657826610205
"McCone County","vap_aian","sos_20_dem_ben",0.50277057058841,0.236758086248873,0.0703421733897943,0.935927191606758
"McCone County","vap_oth_b","sos_20_rep_jac",0.488280571063483,0.218283973552571,0.0656657233594062,0.895945240200591
"McCone County","vap_oth_b","sos_20_dem_ben",0.511719428936517,0.218283973552571,0.104054759799409,0.934334276640594
"Mineral County","vap_white","pre_16_rep_tru",0.74633903233523,0.0179688235462603,0.711052322843082,0.781489751850467
"Mineral County","vap_white","pre_16_dem_cli",0.25366096766477,0.0179688235462603,0.218510248149533,0.288947677156918
"Mineral County","vap_black","pre_16_rep_tru",0.496068116112867,0.211216262627069,0.107945709949554,0.902064473555486
"Mineral County","vap_black","pre_16_dem_cli",0.503931883887133,0.211216262627069,0.0979355264445141,0.892054290050446
"Mineral County","vap_hisp","pre_16_rep_tru",0.502773122753692,0.197363335968917,0.138373735738165,0.884065305007067
"Mineral County","vap_hisp","pre_16_dem_cli",0.497226877246307,0.197363335968917,0.115934694992933,0.861626264261835
"Mineral County","vap_asian","pre_16_rep_tru",0.492424117812009,0.207338142733328,0.111661903719833,0.882039398504112
"Mineral County","vap_asian","pre_16_dem_cli",0.507575882187991,0.207338142733328,0.117960601495888,0.888338096280167
"Mineral County","vap_aian","pre_16_rep_tru",0.486706323703748,0.200216813352454,0.107284067833111,0.867154392189461
"Mineral County","vap_aian","pre_16_dem_cli",0.513293676296252,0.200216813352454,0.132845607810539,0.892715932166889
"Mineral County","vap_oth_b","pre_16_rep_tru",0.487646280302266,0.187122081509402,0.135318018590707,0.831428607204268
"Mineral County","vap_oth_b","pre_16_dem_cli",0.512353719697734,0.187122081509402,0.168571392795732,0.864681981409292
"Mineral County","vap_white","gov_16_rep_gia",0.554441899827874,0.0187984729035268,0.517456749048694,0.591488529288032
"Mineral County","vap_white","gov_16_dem_bul",0.445558100172126,0.0187984729035268,0.408511470711968,0.482543250951306
"Mineral County","vap_black","gov_16_rep_gia",0.499263049972607,0.212218306589942,0.101378093711742,0.901238531109207
"Mineral County","vap_black","gov_16_dem_bul",0.500736950027393,0.212218306589942,0.098761468890793,0.898621906288258
"Mineral County","vap_hisp","gov_16_rep_gia",0.489926722047915,0.19600154867977,0.130298290260364,0.863355645272709
"Mineral County","vap_hisp","gov_16_dem_bul",0.510073277952085,0.19600154867977,0.136644354727291,0.869701709739636
"Mineral County","vap_asian","gov_16_rep_gia",0.494649404064457,0.205693170688043,0.105821209544395,0.875221374188283
"Mineral County","vap_asian","gov_16_dem_bul",0.505350595935543,0.205693170688043,0.124778625811717,0.894178790455605
"Mineral County","vap_aian","gov_16_rep_gia",0.489538539945229,0.203871261524131,0.096886323966166,0.870833398780202
"Mineral County","vap_aian","gov_16_dem_bul",0.510461460054771,0.203871261524131,0.129166601219797,0.903113676033834
"Mineral County","vap_oth_b","gov_16_rep_gia",0.494602848394701,0.181633037729696,0.150149459703821,0.839828802635441
"Mineral County","vap_oth_b","gov_16_dem_bul",0.505397151605299,0.181633037729696,0.160171197364558,0.849850540296179
"Mineral County","vap_white","atg_16_rep_fox",0.798406416732857,0.0175593133940013,0.764646381021789,0.832249230667041
"Mineral County","vap_white","atg_16_dem_jen",0.201593583267143,0.0175593133940013,0.167750769332959,0.235353618978211
"Mineral County","vap_black","atg_16_rep_fox",0.494399458252648,0.209640584806596,0.1001062575905,0.892961268795855
"Mineral County","vap_black","atg_16_dem_jen",0.505600541747352,0.209640584806596,0.107038731204145,0.8998937424095
"Mineral County","vap_hisp","atg_16_rep_fox",0.490367442167146,0.189456144857138,0.138091951968769,0.851787281861316
"Mineral County","vap_hisp","atg_16_dem_jen",0.509632557832854,0.189456144857138,0.148212718138684,0.86190804803123
"Mineral County","vap_asian","atg_16_rep_fox",0.502900051018604,0.207053359223779,0.11162392093561,0.883526011847267
"Mineral County","vap_asian","atg_16_dem_jen",0.497099948981396,0.207053359223779,0.116473988152733,0.888376079064389
"Mineral County","vap_aian","atg_16_rep_fox",0.490052817300651,0.194522303915917,0.127656450776359,0.855796036187265
"Mineral County","vap_aian","atg_16_dem_jen",0.509947182699349,0.194522303915917,0.144203963812735,0.872343549223641
"Mineral County","vap_oth_b","atg_16_rep_fox",0.476835679182877,0.18912269817167,0.124059494682682,0.847816463426567
"Mineral County","vap_oth_b","atg_16_dem_jen",0.523164320817123,0.18912269817167,0.152183536573433,0.875940505317318
"Mineral County","vap_white","sos_16_rep_sta",0.707001073326718,0.0182522856097964,0.671282873674345,0.743210663296746
"Mineral County","vap_white","sos_16_dem_lin",0.292998926673282,0.0182522856097964,0.256789336703254,0.328717126325655
"Mineral County","vap_black","sos_16_rep_sta",0.494428804732724,0.216404860129014,0.0965361166929254,0.901995532870666
"Mineral County","vap_black","sos_16_dem_lin",0.505571195267276,0.216404860129014,0.0980044671293336,0.903463883307075
"Mineral County","vap_hisp","sos_16_rep_sta",0.510591160770991,0.195446136343465,0.136493590294487,0.873643454865364
"Mineral County","vap_hisp","sos_16_dem_lin",0.489408839229009,0.195446136343465,0.126356545134636,0.863506409705513
"Mineral County","vap_asian","sos_16_rep_sta",0.505634703765833,0.207079612894132,0.114447801118912,0.886509621269906
"Mineral County","vap_asian","sos_16_dem_lin",0.494365296234167,0.207079612894132,0.113490378730094,0.885552198881088
"Mineral County","vap_aian","sos_16_rep_sta",0.490278564730517,0.197208534821477,0.115259819477937,0.865612689680975
"Mineral County","vap_aian","sos_16_dem_lin",0.509721435269483,0.197208534821477,0.134387310319025,0.884740180522062
"Mineral County","vap_oth_b","sos_16_rep_sta",0.48505815217867,0.189537522893606,0.134182788619331,0.846390011502423
"Mineral County","vap_oth_b","sos_16_dem_lin",0.51494184782133,0.189537522893606,0.153609988497577,0.865817211380669
"Mineral County","vap_white","uss_18_rep_ros",0.610590921902132,0.0185614024135332,0.573784079528486,0.64651359694991
"Mineral County","vap_white","uss_18_dem_tes",0.389409078097868,0.0185614024135332,0.35348640305009,0.426215920471514
"Mineral County","vap_black","uss_18_rep_ros",0.484669516373797,0.215778267879984,0.0882818788100208,0.88795771327034
"Mineral County","vap_black","uss_18_dem_tes",0.515330483626203,0.215778267879984,0.11204228672966,0.911718121189979
"Mineral County","vap_hisp","uss_18_rep_ros",0.493406588097751,0.191300666846052,0.136060149050342,0.85307918353419
"Mineral County","vap_hisp","uss_18_dem_tes",0.506593411902248,0.191300666846052,0.14692081646581,0.863939850949658
"Mineral County","vap_asian","uss_18_rep_ros",0.497979768262533,0.203459975905911,0.12186654046065,0.877984495697494
"Mineral County","vap_asian","uss_18_dem_tes",0.502020231737467,0.203459975905911,0.122015504302506,0.87813345953935
"Mineral County","vap_aian","uss_18_rep_ros",0.511708830708968,0.20286519225659,0.126448648467809,0.89686489931069
"Mineral County","vap_aian","uss_18_dem_tes",0.488291169291032,0.20286519225659,0.10313510068931,0.873551351532191
"Mineral County","vap_oth_b","uss_18_rep_ros",0.494065392437722,0.186790517711144,0.142616560182129,0.845150297435207
"Mineral County","vap_oth_b","uss_18_dem_tes",0.505934607562278,0.186790517711144,0.154849702564793,0.857383439817871
"Mineral County","vap_white","pre_20_rep_tru",0.756925210151275,0.0167706106878363,0.724058293851661,0.789258675459238
"Mineral County","vap_white","pre_20_dem_bid",0.243074789848725,0.0167706106878363,0.210741324540762,0.275941706148339
"Mineral County","vap_black","pre_20_rep_tru",0.5056194847036,0.211042838308937,0.115289680613546,0.902672149004858
"Mineral County","vap_black","pre_20_dem_bid",0.4943805152964,0.211042838308937,0.0973278509951421,0.884710319386454
"Mineral County","vap_hisp","pre_20_rep_tru",0.489050175482308,0.192492264562274,0.126704467418504,0.849798526853834
"Mineral County","vap_hisp","pre_20_dem_bid",0.510949824517692,0.192492264562274,0.150201473146166,0.873295532581496
"Mineral County","vap_asian","pre_20_rep_tru",0.499945294275142,0.200411992538536,0.130007218890669,0.8727040815108
"Mineral County","vap_asian","pre_20_dem_bid",0.500054705724858,0.200411992538536,0.1272959184892,0.86999278110933
"Mineral County","vap_aian","pre_20_rep_tru",0.491686823044998,0.193711787555304,0.133729053612948,0.855559084011175
"Mineral County","vap_aian","pre_20_dem_bid",0.508313176955002,0.193711787555304,0.144440915988825,0.866270946387052
"Mineral County","vap_oth_b","pre_20_rep_tru",0.500606441026507,0.190506170085258,0.139724377326471,0.854615172037036
"Mineral County","vap_oth_b","pre_20_dem_bid",0.499393558973493,0.190506170085258,0.145384827962964,0.860275622673529
"Mineral County","vap_white","uss_20_rep_dai",0.70330159342755,0.0175451333042682,0.668678566769515,0.737260233056925
"Mineral County","vap_white","uss_20_dem_bul",0.29669840657245,0.0175451333042682,0.262739766943075,0.331321433230485
"Mineral County","vap_black","uss_20_rep_dai",0.507111428237634,0.21243062725343,0.109179068625917,0.899215887100133
"Mineral County","vap_black","uss_20_dem_bul",0.492888571762367,0.21243062725343,0.100784112899867,0.890820931374083
"Mineral County","vap_hisp","uss_20_rep_dai",0.493620848530882,0.193741375217135,0.120780945166309,0.852952451475088
"Mineral County","vap_hisp","uss_20_dem_bul",0.506379151469118,0.193741375217135,0.147047548524912,0.879219054833691
"Mineral County","vap_asian","uss_20_rep_dai",0.491354975961408,0.205832819259604,0.110266061226839,0.886192370365369
"Mineral County","vap_asian","uss_20_dem_bul",0.508645024038592,0.205832819259604,0.113807629634631,0.889733938773161
"Mineral County","vap_aian","uss_20_rep_dai",0.496398353939657,0.195435464362206,0.135807458279564,0.864270907033433
"Mineral County","vap_aian","uss_20_dem_bul",0.503601646060343,0.195435464362206,0.135729092966566,0.864192541720436
"Mineral County","vap_oth_b","uss_20_rep_dai",0.487668229706787,0.189914067714373,0.132270998983936,0.8479391048448
"Mineral County","vap_oth_b","uss_20_dem_bul",0.512331770293213,0.189914067714373,0.1520608951552,0.867729001016064
"Mineral County","vap_white","gov_20_rep_gia",0.738739327405456,0.017092233915284,0.704792680421883,0.77180086204156
"Mineral County","vap_white","gov_20_dem_coo",0.261260672594544,0.017092233915284,0.22819913795844,0.295207319578117
"Mineral County","vap_black","gov_20_rep_gia",0.486323952223137,0.212529301201485,0.0984459981700447,0.892096240357018
"Mineral County","vap_black","gov_20_dem_coo",0.513676047776863,0.212529301201485,0.107903759642982,0.901554001829955
"Mineral County","vap_hisp","gov_20_rep_gia",0.496404312949294,0.199726164697208,0.117890574157095,0.868314251616019
"Mineral County","vap_hisp","gov_20_dem_coo",0.503595687050706,0.199726164697208,0.131685748383981,0.882109425842906
"Mineral County","vap_asian","gov_20_rep_gia",0.510458326658295,0.20921122453144,0.12304846612073,0.897251725416545
"Mineral County","vap_asian","gov_20_dem_coo",0.489541673341705,0.20921122453144,0.102748274583455,0.876951533879269
"Mineral County","vap_aian","gov_20_rep_gia",0.488639274436344,0.196409497566046,0.128534620755326,0.862688346426919
"Mineral County","vap_aian","gov_20_dem_coo",0.511360725563656,0.196409497566046,0.137311653573081,0.871465379244674
"Mineral County","vap_oth_b","gov_20_rep_gia",0.488996372674092,0.187682323247805,0.144903761105341,0.851518386962644
"Mineral County","vap_oth_b","gov_20_dem_coo",0.511003627325908,0.187682323247805,0.148481613037356,0.855096238894658
"Mineral County","vap_white","atg_20_rep_knu",0.746739438897116,0.0167496871633278,0.713638469962396,0.778716044524388
"Mineral County","vap_white","atg_20_dem_gra",0.253260561102884,0.0167496871633278,0.221283955475612,0.286361530037605
"Mineral County","vap_black","atg_20_rep_knu",0.50508776333051,0.215619810052884,0.106487644836885,0.910088355963188
"Mineral County","vap_black","atg_20_dem_gra",0.49491223666949,0.215619810052884,0.089911644036812,0.893512355163115
"Mineral County","vap_hisp","atg_20_rep_knu",0.494466228142457,0.192950565423216,0.133938486505743,0.855954663242394
"Mineral County","vap_hisp","atg_20_dem_gra",0.505533771857543,0.192950565423216,0.144045336757606,0.866061513494257
"Mineral County","vap_asian","atg_20_rep_knu",0.497870733369161,0.197415759572858,0.125712084396496,0.865019426739707
"Mineral County","vap_asian","atg_20_dem_gra",0.502129266630839,0.197415759572858,0.134980573260293,0.874287915603504
"Mineral County","vap_aian","atg_20_rep_knu",0.491094009954982,0.198229787412816,0.126143112387229,0.866918800568892
"Mineral County","vap_aian","atg_20_dem_gra",0.508905990045018,0.198229787412816,0.133081199431108,0.873856887612771
"Mineral County","vap_oth_b","atg_20_rep_knu",0.487303246019217,0.188222833375778,0.135058721941839,0.839964380501235
"Mineral County","vap_oth_b","atg_20_dem_gra",0.512696753980783,0.188222833375778,0.160035619498765,0.864941278058161
"Mineral County","vap_white","sos_20_rep_jac",0.74998406035277,0.0169991956635407,0.716676359058093,0.782998625338784
"Mineral County","vap_white","sos_20_dem_ben",0.25001593964723,0.0169991956635407,0.217001374661217,0.283323640941907
"Mineral County","vap_black","sos_20_rep_jac",0.507050743134056,0.213475339489991,0.105650439134508,0.901809450201237
"Mineral County","vap_black","sos_20_dem_ben",0.492949256865944,0.213475339489991,0.0981905497987635,0.894349560865492
"Mineral County","vap_hisp","sos_20_rep_jac",0.492072769027269,0.193834882506815,0.135777813214932,0.861713803232191
"Mineral County","vap_hisp","sos_20_dem_ben",0.507927230972731,0.193834882506815,0.138286196767809,0.864222186785068
"Mineral County","vap_asian","sos_20_rep_jac",0.487043487658108,0.208605098342586,0.10400120062763,0.873341978355909
"Mineral County","vap_asian","sos_20_dem_ben",0.512956512341892,0.208605098342586,0.12665802164409,0.89599879937237
"Mineral County","vap_aian","sos_20_rep_jac",0.490346836339785,0.195271278585235,0.125863666701284,0.861543800712533
"Mineral County","vap_aian","sos_20_dem_ben",0.509653163660215,0.195271278585235,0.138456199287467,0.874136333298716
"Mineral County","vap_oth_b","sos_20_rep_jac",0.486649818401093,0.187886588058785,0.143353021923517,0.852905498043055
"Mineral County","vap_oth_b","sos_20_dem_ben",0.513350181598907,0.187886588058785,0.147094501956945,0.856646978076482
"Missoula County","vap_white","pre_16_rep_tru",0.456340186116128,0.0118553503441514,0.432552007300441,0.478767858878196
"Missoula County","vap_white","pre_16_dem_cli",0.543659813883872,0.0118553503441514,0.521232141121804,0.567447992699559
"Missoula County","vap_black","pre_16_rep_tru",0.486251806671838,0.174856880752992,0.162984817326834,0.814995708529944
"Missoula County","vap_black","pre_16_dem_cli",0.513748193328162,0.174856880752992,0.185004291470056,0.837015182673166
"Missoula County","vap_hisp","pre_16_rep_tru",0.347527815432675,0.0874011754260983,0.195951346720026,0.524259455139067
"Missoula County","vap_hisp","pre_16_dem_cli",0.652472184567325,0.0874011754260983,0.475740544860933,0.804048653279974
"Missoula County","vap_asian","pre_16_rep_tru",0.463956077461813,0.171137191023624,0.151320979500947,0.784484083131044
"Missoula County","vap_asian","pre_16_dem_cli",0.536043922538187,0.171137191023624,0.215515916868956,0.848679020499053
"Missoula County","vap_aian","pre_16_rep_tru",0.481741441355609,0.178305688184142,0.162993895510075,0.818776726566823
"Missoula County","vap_aian","pre_16_dem_cli",0.518258558644391,0.178305688184142,0.181223273433177,0.837006104489925
"Missoula County","vap_oth_b","pre_16_rep_tru",0.45770519970242,0.16100982368648,0.16571305743813,0.774699632282726
"Missoula County","vap_oth_b","pre_16_dem_cli",0.54229480029758,0.16100982368648,0.225300367717274,0.83428694256187
"Missoula County","vap_white","gov_16_rep_gia",0.344141789219246,0.0128258673370132,0.319679414377142,0.368900881806862
"Missoula County","vap_white","gov_16_dem_bul",0.655858210780754,0.0128258673370132,0.631099118193138,0.680320585622858
"Missoula County","vap_black","gov_16_rep_gia",0.491456217050472,0.160404474829668,0.194954233007753,0.800677514980349
"Missoula County","vap_black","gov_16_dem_bul",0.508543782949528,0.160404474829668,0.19932248501965,0.805045766992247
"Missoula County","vap_hisp","gov_16_rep_gia",0.310228158948237,0.0853562304251155,0.173137383075408,0.494091026736217
"Missoula County","vap_hisp","gov_16_dem_bul",0.689771841051763,0.0853562304251155,0.505908973263783,0.826862616924592
"Missoula County","vap_asian","gov_16_rep_gia",0.482765032815121,0.166450419166149,0.168410344946852,0.804980733972891
"Missoula County","vap_asian","gov_16_dem_bul",0.517234967184879,0.166450419166149,0.195019266027109,0.831589655053148
"Missoula County","vap_aian","gov_16_rep_gia",0.483717812197602,0.169318498826884,0.18275488727453,0.82400949009847
"Missoula County","vap_aian","gov_16_dem_bul",0.516282187802398,0.169318498826884,0.17599050990153,0.81724511272547
"Missoula County","vap_oth_b","gov_16_rep_gia",0.466044370317914,0.171670180847368,0.142664096650598,0.790601995578962
"Missoula County","vap_oth_b","gov_16_dem_bul",0.533955629682086,0.171670180847368,0.209398004421038,0.857335903349402
"Missoula County","vap_white","atg_16_rep_fox",0.571159576439755,0.0124826280297038,0.547080489954894,0.595324556311314
"Missoula County","vap_white","atg_16_dem_jen",0.428840423560245,0.0124826280297038,0.404675443688686,0.452919510045106
"Missoula County","vap_black","atg_16_rep_fox",0.45174765344088,0.175567247333437,0.132052197059459,0.783037013270445
"Missoula County","vap_black","atg_16_dem_jen",0.54825234655912,0.175567247333437,0.216962986729555,0.867947802940541
"Missoula County","vap_hisp","atg_16_rep_fox",0.376659287409718,0.0944602297671866,0.212076064412109,0.567617625756502
"Missoula County","vap_hisp","atg_16_dem_jen",0.623340712590282,0.0944602297671866,0.432382374243498,0.78792393558789
"Missoula County","vap_asian","atg_16_rep_fox",0.493904776676283,0.160018584388326,0.18774333048055,0.78883873878635
"Missoula County","vap_asian","atg_16_dem_jen",0.506095223323717,0.160018584388326,0.21116126121365,0.81225666951945
"Missoula County","vap_aian","atg_16_rep_fox",0.48660116511266,0.16906675693606,0.173677217054202,0.810304605852743
"Missoula County","vap_aian","atg_16_dem_jen",0.51339883488734,0.16906675693606,0.189695394147257,0.826322782945797
"Missoula County","vap_oth_b","atg_16_rep_fox",0.464859712248729,0.163965761696461,0.160124477057601,0.781513441576015
"Missoula County","vap_oth_b","atg_16_dem_jen",0.535140287751271,0.163965761696461,0.218486558423985,0.839875522942399
"Missoula County","vap_white","sos_16_rep_sta",0.45044051673377,0.0112237379018895,0.429200397942458,0.47353723820615
"Missoula County","vap_white","sos_16_dem_lin",0.54955948326623,0.0112237379018895,0.52646276179385,0.570799602057542
"Missoula County","vap_black","sos_16_rep_sta",0.475785429647238,0.172190196601358,0.165894789529596,0.806534995792146
"Missoula County","vap_black","sos_16_dem_lin",0.524214570352762,0.172190196601358,0.193465004207854,0.834105210470404
"Missoula County","vap_hisp","sos_16_rep_sta",0.32704216256097,0.082470650486028,0.175155839806624,0.49222479846862
"Missoula County","vap_hisp","sos_16_dem_lin",0.672957837439031,0.082470650486028,0.50777520153138,0.824844160193375
"Missoula County","vap_asian","sos_16_rep_sta",0.501552719218126,0.158719605498305,0.206537977547493,0.803122669118326
"Missoula County","vap_asian","sos_16_dem_lin",0.498447280781874,0.158719605498305,0.196877330881674,0.793462022452508
"Missoula County","vap_aian","sos_16_rep_sta",0.459657746094932,0.170841123765769,0.153368613639047,0.82021965052598
"Missoula County","vap_aian","sos_16_dem_lin",0.540342253905068,0.170841123765769,0.17978034947402,0.846631386360953
"Missoula County","vap_oth_b","sos_16_rep_sta",0.491254727080765,0.163527709976849,0.169286846314999,0.785463031216394
"Missoula County","vap_oth_b","sos_16_dem_lin",0.508745272919235,0.163527709976849,0.214536968783606,0.830713153685001
"Missoula County","vap_white","uss_18_rep_ros",0.338207899272115,0.0128340323607024,0.312901089547768,0.360482837029667
"Missoula County","vap_white","uss_18_dem_tes",0.661792100727885,0.0128340323607024,0.639517162970333,0.687098910452232
"Missoula County","vap_black","uss_18_rep_ros",0.475919905455023,0.177065307323109,0.146062582878173,0.833737109257758
"Missoula County","vap_black","uss_18_dem_tes",0.524080094544977,0.177065307323109,0.166262890742242,0.853937417121827
"Missoula County","vap_hisp","uss_18_rep_ros",0.263722425434597,0.0853949576028419,0.125144342845101,0.46295439539821
"Missoula County","vap_hisp","uss_18_dem_tes",0.736277574565403,0.0853949576028419,0.53704560460179,0.874855657154899
"Missoula County","vap_asian","uss_18_rep_ros",0.514507199408068,0.166618614282961,0.187105662185441,0.807084924747491
"Missoula County","vap_asian","uss_18_dem_tes",0.485492800591932,0.166618614282961,0.192915075252509,0.812894337814559
"Missoula County","vap_aian","uss_18_rep_ros",0.470805049902269,0.1746942825294,0.104499802810324,0.787513000915916
"Missoula County","vap_aian","uss_18_dem_tes",0.529194950097731,0.1746942825294,0.212486999084084,0.895500197189676
"Missoula County","vap_oth_b","uss_18_rep_ros",0.444674506700141,0.169638162370459,0.158543114505135,0.805136624994048
"Missoula County","vap_oth_b","uss_18_dem_tes",0.555325493299859,0.169638162370459,0.194863375005952,0.841456885494865
"Missoula County","vap_white","pre_20_rep_tru",0.408647600956002,0.0116982147897647,0.385952527444906,0.431061525518027
"Missoula County","vap_white","pre_20_dem_bid",0.591352399043998,0.0116982147897647,0.568938474481973,0.614047472555094
"Missoula County","vap_black","pre_20_rep_tru",0.495498036970568,0.170067139202386,0.18489228103442,0.82060411337174
"Missoula County","vap_black","pre_20_dem_bid",0.504501963029432,0.170067139202386,0.179395886628259,0.81510771896558
"Missoula County","vap_hisp","pre_20_rep_tru",0.326643603187161,0.0818649145899392,0.180808405283108,0.494218345447079
"Missoula County","vap_hisp","pre_20_dem_bid",0.673356396812839,0.0818649145899392,0.50578165455292,0.819191594716893
"Missoula County","vap_asian","pre_20_rep_tru",0.495086414496983,0.182297761580343,0.172220787396229,0.850876865854261
"Missoula County","vap_asian","pre_20_dem_bid",0.504913585503017,0.182297761580343,0.149123134145739,0.827779212603771
"Missoula County","vap_aian","pre_20_rep_tru",0.501275161270901,0.157295875167757,0.210666157805653,0.800338453702811
"Missoula County","vap_aian","pre_20_dem_bid",0.498724838729099,0.157295875167757,0.199661546297188,0.789333842194347
"Missoula County","vap_oth_b","pre_20_rep_tru",0.500836602836899,0.161898388881144,0.205003860740252,0.816246644939177
"Missoula County","vap_oth_b","pre_20_dem_bid",0.499163397163101,0.161898388881144,0.183753355060822,0.794996139259749
"Missoula County","vap_white","uss_20_rep_dai",0.383211945375229,0.0121956559526074,0.35840410736814,0.406141266974477
"Missoula County","vap_white","uss_20_dem_bul",0.616788054624771,0.0121956559526074,0.593858733025523,0.64159589263186
"Missoula County","vap_black","uss_20_rep_dai",0.474084110055677,0.156918443292106,0.195546576646302,0.796036962274875
"Missoula County","vap_black","uss_20_dem_bul",0.525915889944323,0.156918443292106,0.203963037725125,0.804453423353698
"Missoula County","vap_hisp","uss_20_rep_dai",0.322026359790424,0.0846768524182507,0.173609600425108,0.502303851282212
"Missoula County","vap_hisp","uss_20_dem_bul",0.677973640209576,0.0846768524182506,0.497696148717788,0.826390399574892
"Missoula County","vap_asian","uss_20_rep_dai",0.49024629934869,0.173031420203995,0.182549534002672,0.818880429456169
"Missoula County","vap_asian","uss_20_dem_bul",0.50975370065131,0.173031420203995,0.181119570543831,0.817450465997328
"Missoula County","vap_aian","uss_20_rep_dai",0.516164172964141,0.160846319561123,0.203078705955563,0.806522549790124
"Missoula County","vap_aian","uss_20_dem_bul",0.483835827035859,0.160846319561123,0.193477450209876,0.796921294044437
"Missoula County","vap_oth_b","uss_20_rep_dai",0.4960590099093,0.163446793496218,0.196797162678499,0.807815839159375
"Missoula County","vap_oth_b","uss_20_dem_bul",0.5039409900907,0.163446793496218,0.192184160840625,0.803202837321501
"Missoula County","vap_white","gov_20_rep_gia",0.3992923427875,0.0105214043964632,0.378271576969556,0.420197362804103
"Missoula County","vap_white","gov_20_dem_coo",0.6007076572125,0.0105214043964632,0.579802637195897,0.621728423030444
"Missoula County","vap_black","gov_20_rep_gia",0.482102648682954,0.178171542619221,0.164084561558955,0.826793886846214
"Missoula County","vap_black","gov_20_dem_coo",0.517897351317046,0.178171542619221,0.173206113153786,0.835915438441045
"Missoula County","vap_hisp","gov_20_rep_gia",0.320291596065909,0.0842158655510763,0.169494105136479,0.500398573715851
"Missoula County","vap_hisp","gov_20_dem_coo",0.679708403934091,0.0842158655510763,0.499601426284149,0.830505894863521
"Missoula County","vap_asian","gov_20_rep_gia",0.521207945038788,0.169575320353773,0.206800084791053,0.850494324611762
"Missoula County","vap_asian","gov_20_dem_coo",0.478792054961212,0.169575320353773,0.149505675388238,0.793199915208947
"Missoula County","vap_aian","gov_20_rep_gia",0.496973555585456,0.170877338344462,0.172943691598639,0.812078990537008
"Missoula County","vap_aian","gov_20_dem_coo",0.503026444414543,0.170877338344462,0.187921009462992,0.827056308401361
"Missoula County","vap_oth_b","gov_20_rep_gia",0.48723927457207,0.163506559919875,0.1731465892351,0.805730872149148
"Missoula County","vap_oth_b","gov_20_dem_coo",0.51276072542793,0.163506559919875,0.194269127850852,0.8268534107649
"Missoula County","vap_white","atg_20_rep_knu",0.424255109225624,0.0113484678598144,0.40272025125381,0.446205649727562
"Missoula County","vap_white","atg_20_dem_gra",0.575744890774376,0.0113484678598144,0.553794350272438,0.59727974874619
"Missoula County","vap_black","atg_20_rep_knu",0.468328201293999,0.152041816957858,0.179082904776073,0.773126166835557
"Missoula County","vap_black","atg_20_dem_gra",0.531671798706001,0.152041816957858,0.226873833164442,0.820917095223927
"Missoula County","vap_hisp","atg_20_rep_knu",0.339846834686865,0.0885739075623566,0.190994657695572,0.528568120300746
"Missoula County","vap_hisp","atg_20_dem_gra",0.660153165313135,0.0885739075623566,0.471431879699254,0.809005342304428
"Missoula County","vap_asian","atg_20_rep_knu",0.493413593375309,0.157861794666816,0.201208302452631,0.786042013284568
"Missoula County","vap_asian","atg_20_dem_gra",0.506586406624691,0.157861794666816,0.213957986715432,0.798791697547369
"Missoula County","vap_aian","atg_20_rep_knu",0.4672092751938,0.172580168072939,0.126226192093494,0.7950471952648
"Missoula County","vap_aian","atg_20_dem_gra",0.5327907248062,0.172580168072939,0.2049528047352,0.873773807906506
"Missoula County","vap_oth_b","atg_20_rep_knu",0.51167843036702,0.167366052470922,0.198019347889838,0.838712009643273
"Missoula County","vap_oth_b","atg_20_dem_gra",0.48832156963298,0.167366052470922,0.161287990356727,0.801980652110162
"Missoula County","vap_white","sos_20_rep_jac",0.436841886761386,0.0115961579614371,0.412595700636441,0.458549070072237
"Missoula County","vap_white","sos_20_dem_ben",0.563158113238614,0.0115961579614371,0.541450929927763,0.587404299363559
"Missoula County","vap_black","sos_20_rep_jac",0.483412509513886,0.173688413827683,0.129426896452919,0.805006382476458
"Missoula County","vap_black","sos_20_dem_ben",0.516587490486114,0.173688413827683,0.194993617523541,0.870573103547081
"Missoula County","vap_hisp","sos_20_rep_jac",0.325826752817448,0.0911001094488769,0.163108986901912,0.515484656479145
"Missoula County","vap_hisp","sos_20_dem_ben",0.674173247182552,0.0911001094488769,0.484515343520855,0.836891013098088
"Missoula County","vap_asian","sos_20_rep_jac",0.47397259211517,0.176208918673572,0.159601969168039,0.820386175238744
"Missoula County","vap_asian","sos_20_dem_ben",0.52602740788483,0.176208918673572,0.179613824761256,0.840398030831961
"Missoula County","vap_aian","sos_20_rep_jac",0.459700466971381,0.175855073772919,0.143443897675274,0.799567642863218
"Missoula County","vap_aian","sos_20_dem_ben",0.540299533028619,0.175855073772919,0.200432357136782,0.856556102324726
"Missoula County","vap_oth_b","sos_20_rep_jac",0.470450216047249,0.14856481582412,0.191879885496359,0.762069597389779
"Missoula County","vap_oth_b","sos_20_dem_ben",0.529549783952751,0.14856481582412,0.237930402610221,0.808120114503641
"Musselshell County","vap_white","pre_16_rep_tru",0.901951209600477,0.0142368825431502,0.872405693324104,0.927561862170264
"Musselshell County","vap_white","pre_16_dem_cli",0.0980487903995232,0.0142368825431502,0.0724381378297362,0.127594306675896
"Musselshell County","vap_black","pre_16_rep_tru",0.508802787096262,0.226938671825829,0.0836217949536849,0.926151223585026
"Musselshell County","vap_black","pre_16_dem_cli",0.491197212903738,0.226938671825829,0.0738487764149738,0.916378205046315
"Musselshell County","vap_hisp","pre_16_rep_tru",0.492676883237058,0.192483947146126,0.138073728934674,0.86182259246305
"Musselshell County","vap_hisp","pre_16_dem_cli",0.507323116762942,0.192483947146126,0.138177407536949,0.861926271065326
"Musselshell County","vap_asian","pre_16_rep_tru",0.497433347363901,0.194932512828298,0.134447502874663,0.8712778536646
"Musselshell County","vap_asian","pre_16_dem_cli",0.502566652636099,0.194932512828298,0.1287221463354,0.865552497125337
"Musselshell County","vap_aian","pre_16_rep_tru",0.481698704881929,0.190363148218861,0.123947568756296,0.840079669709622
"Musselshell County","vap_aian","pre_16_dem_cli",0.518301295118071,0.190363148218861,0.159920330290378,0.876052431243704
"Musselshell County","vap_oth_b","pre_16_rep_tru",0.520655984394028,0.18530362193884,0.165251744307352,0.866764426025333
"Musselshell County","vap_oth_b","pre_16_dem_cli",0.479344015605972,0.18530362193884,0.133235573974667,0.834748255692647
"Musselshell County","vap_white","gov_16_rep_gia",0.708837453726675,0.0177531091223453,0.674182310572912,0.743393233751522
"Musselshell County","vap_white","gov_16_dem_bul",0.291162546273325,0.0177531091223453,0.256606766248478,0.325817689427087
"Musselshell County","vap_black","gov_16_rep_gia",0.49525673369902,0.231374502607757,0.0710867104179151,0.925802042117716
"Musselshell County","vap_black","gov_16_dem_bul",0.50474326630098,0.231374502607757,0.0741979578822837,0.928913289582085
"Musselshell County","vap_hisp","gov_16_rep_gia",0.499804451346858,0.194782260855773,0.136627144705282,0.881504041950855
"Musselshell County","vap_hisp","gov_16_dem_bul",0.500195548653142,0.194782260855773,0.118495958049145,0.863372855294718
"Musselshell County","vap_asian","gov_16_rep_gia",0.518334342357217,0.195265487014767,0.144935491016974,0.880407619161943
"Musselshell County","vap_asian","gov_16_dem_bul",0.481665657642783,0.195265487014767,0.119592380838056,0.855064508983026
"Musselshell County","vap_aian","gov_16_rep_gia",0.50081115784294,0.194068581329616,0.129702832368304,0.867500561994725
"Musselshell County","vap_aian","gov_16_dem_bul",0.49918884215706,0.194068581329616,0.132499438005275,0.870297167631696
"Musselshell County","vap_oth_b","gov_16_rep_gia",0.498349110623832,0.191894273794149,0.139217093050229,0.859551627013747
"Musselshell County","vap_oth_b","gov_16_dem_bul",0.501650889376168,0.191894273794149,0.140448372986253,0.860782906949771
"Musselshell County","vap_white","atg_16_rep_fox",0.924488607839415,0.0128536881183866,0.897756447898919,0.948047969126161
"Musselshell County","vap_white","atg_16_dem_jen",0.0755113921605851,0.0128536881183866,0.051952030873839,0.102243552101082
"Musselshell County","vap_black","atg_16_rep_fox",0.4994683574031,0.227034709934978,0.0798704036058797,0.922333208507643
"Musselshell County","vap_black","atg_16_dem_jen",0.5005316425969,0.227034709934978,0.0776667914923567,0.92012959639412
"Musselshell County","vap_hisp","atg_16_rep_fox",0.482264830949597,0.187045202002774,0.13190123860609,0.839344720523572
"Musselshell County","vap_hisp","atg_16_dem_jen",0.517735169050403,0.187045202002774,0.160655279476428,0.86809876139391
"Musselshell County","vap_asian","atg_16_rep_fox",0.495436808530709,0.191292382448186,0.139881313154468,0.854508963713931
"Musselshell County","vap_asian","atg_16_dem_jen",0.504563191469291,0.191292382448186,0.145491036286068,0.860118686845532
"Musselshell County","vap_aian","atg_16_rep_fox",0.491516204370392,0.19159912007493,0.135096879846911,0.85238146427588
"Musselshell County","vap_aian","atg_16_dem_jen",0.508483795629608,0.19159912007493,0.14761853572412,0.864903120153089
"Musselshell County","vap_oth_b","atg_16_rep_fox",0.506710683246923,0.184849275130888,0.16382807251591,0.869948104741043
"Musselshell County","vap_oth_b","atg_16_dem_jen",0.493289316753077,0.184849275130888,0.130051895258957,0.83617192748409
"Musselshell County","vap_white","sos_16_rep_sta",0.821553193798171,0.0167179834032543,0.788502330667041,0.853803265043457
"Musselshell County","vap_white","sos_16_dem_lin",0.178446806201829,0.0167179834032543,0.146196734956542,0.211497669332959
"Musselshell County","vap_black","sos_16_rep_sta",0.507363160323628,0.226347943241628,0.0808438439269262,0.909969050075767
"Musselshell County","vap_black","sos_16_dem_lin",0.492636839676372,0.226347943241628,0.0900309499242334,0.919156156073074
"Musselshell County","vap_hisp","sos_16_rep_sta",0.496342602463092,0.190516517724109,0.146728283022385,0.859489437883394
"Musselshell County","vap_hisp","sos_16_dem_lin",0.503657397536908,0.190516517724109,0.140510562116606,0.853271716977615
"Musselshell County","vap_asian","sos_16_rep_sta",0.48869535215104,0.19819701027016,0.115350448667942,0.864423206878226
"Musselshell County","vap_asian","sos_16_dem_lin",0.51130464784896,0.19819701027016,0.135576793121774,0.884649551332058
"Musselshell County","vap_aian","sos_16_rep_sta",0.498226326205633,0.19750248074786,0.124377865245957,0.863013157657054
"Musselshell County","vap_aian","sos_16_dem_lin",0.501773673794367,0.19750248074786,0.136986842342946,0.875622134754043
"Musselshell County","vap_oth_b","sos_16_rep_sta",0.491097225748157,0.191463723689462,0.140856016151495,0.857151624258212
"Musselshell County","vap_oth_b","sos_16_dem_lin",0.508902774251843,0.191463723689462,0.142848375741788,0.859143983848505
"Musselshell County","vap_white","uss_18_rep_ros",0.785237347781162,0.0166581203749282,0.752307575742494,0.81758683613799
"Musselshell County","vap_white","uss_18_dem_tes",0.214762652218838,0.0166581203749282,0.18241316386201,0.247692424257506
"Musselshell County","vap_black","uss_18_rep_ros",0.491581935024055,0.228828542624107,0.0779536968864048,0.917911491762332
"Musselshell County","vap_black","uss_18_dem_tes",0.508418064975946,0.228828542624107,0.0820885082376676,0.922046303113595
"Musselshell County","vap_hisp","uss_18_rep_ros",0.494907001256073,0.189138071589708,0.141431653572976,0.853367045670662
"Musselshell County","vap_hisp","uss_18_dem_tes",0.505092998743927,0.189138071589708,0.146632954329338,0.858568346427024
"Musselshell County","vap_asian","uss_18_rep_ros",0.499472637865343,0.198049610785772,0.121650228958844,0.878208933583703
"Musselshell County","vap_asian","uss_18_dem_tes",0.500527362134657,0.198049610785772,0.121791066416297,0.878349771041156
"Musselshell County","vap_aian","uss_18_rep_ros",0.500084686713849,0.196449671926766,0.12767322495732,0.869716956416927
"Musselshell County","vap_aian","uss_18_dem_tes",0.499915313286151,0.196449671926766,0.130283043583073,0.87232677504268
"Musselshell County","vap_oth_b","uss_18_rep_ros",0.503018049202698,0.193783099893528,0.141387466881335,0.863574445806087
"Musselshell County","vap_oth_b","uss_18_dem_tes",0.496981950797302,0.193783099893528,0.136425554193913,0.858612533118664
"Musselshell County","vap_white","pre_20_rep_tru",0.894343809409104,0.0145998427425714,0.865554483710735,0.922176865656658
"Musselshell County","vap_white","pre_20_dem_bid",0.105656190590896,0.0145998427425714,0.0778231343433421,0.134445516289265
"Musselshell County","vap_black","pre_20_rep_tru",0.502593025152569,0.230894632755713,0.0766467368172581,0.932643003934885
"Musselshell County","vap_black","pre_20_dem_bid",0.497406974847431,0.230894632755713,0.0673569960651149,0.923353263182742
"Musselshell County","vap_hisp","pre_20_rep_tru",0.489268815398923,0.194884088721507,0.12820735228762,0.858324092033663
"Musselshell County","vap_hisp","pre_20_dem_bid",0.510731184601077,0.194884088721507,0.141675907966336,0.87179264771238
"Musselshell County","vap_asian","pre_20_rep_tru",0.5031871018544,0.195998081402688,0.12232843844683,0.862966884498152
"Musselshell County","vap_asian","pre_20_dem_bid",0.4968128981456,0.195998081402688,0.137033115501848,0.87767156155317
"Musselshell County","vap_aian","pre_20_rep_tru",0.484689652263734,0.191309570964497,0.129496601498444,0.845923891208725
"Musselshell County","vap_aian","pre_20_dem_bid",0.515310347736266,0.191309570964497,0.154076108791275,0.870503398501556
"Musselshell County","vap_oth_b","pre_20_rep_tru",0.482332667133697,0.189749108932431,0.134284644757791,0.847740325380327
"Musselshell County","vap_oth_b","pre_20_dem_bid",0.517667332866303,0.189749108932431,0.152259674619673,0.865715355242209
"Musselshell County","vap_white","uss_20_rep_dai",0.847082351623389,0.0154009822470081,0.815977461383433,0.875993260279866
"Musselshell County","vap_white","uss_20_dem_bul",0.152917648376611,0.0154009822470081,0.124006739720134,0.184022538616567
"Musselshell County","vap_black","uss_20_rep_dai",0.498432874489473,0.227107144141529,0.0772246744100627,0.916833397195278
"Musselshell County","vap_black","uss_20_dem_bul",0.501567125510527,0.227107144141529,0.083166602804722,0.922775325589937
"Musselshell County","vap_hisp","uss_20_rep_dai",0.490579579103884,0.188891473224001,0.138433198358225,0.846026657698795
"Musselshell County","vap_hisp","uss_20_dem_bul",0.509420420896116,0.188891473224001,0.153973342301205,0.861566801641775
"Musselshell County","vap_asian","uss_20_rep_dai",0.494206025651608,0.194971638467293,0.12651619981838,0.85883942316969
"Musselshell County","vap_asian","uss_20_dem_bul",0.505793974348392,0.194971638467293,0.14116057683031,0.87348380018162
"Musselshell County","vap_aian","uss_20_rep_dai",0.48041542728162,0.191678442917536,0.112181090125972,0.846448291541901
"Musselshell County","vap_aian","uss_20_dem_bul",0.51958457271838,0.191678442917536,0.153551708458099,0.887818909874028
"Musselshell County","vap_oth_b","uss_20_rep_dai",0.488898752442657,0.193525088073466,0.119080620011097,0.84885662996784
"Musselshell County","vap_oth_b","uss_20_dem_bul",0.511101247557343,0.193525088073466,0.15114337003216,0.880919379988903
"Musselshell County","vap_white","gov_20_rep_gia",0.877978554317873,0.0150594790777792,0.848109891390464,0.906284862217788
"Musselshell County","vap_white","gov_20_dem_coo",0.122021445682128,0.0150594790777792,0.0937151377822119,0.151890108609536
"Musselshell County","vap_black","gov_20_rep_gia",0.49510204616781,0.230490725895731,0.0691534086431114,0.929691326367561
"Musselshell County","vap_black","gov_20_dem_coo",0.50489795383219,0.230490725895731,0.0703086736324394,0.930846591356889
"Musselshell County","vap_hisp","gov_20_rep_gia",0.48970551617807,0.190501027699333,0.136023049240775,0.84552847878115
"Musselshell County","vap_hisp","gov_20_dem_coo",0.51029448382193,0.190501027699333,0.15447152121885,0.863976950759225
"Musselshell County","vap_asian","gov_20_rep_gia",0.502448267317258,0.190620130808842,0.146979030741482,0.868823229423828
"Musselshell County","vap_asian","gov_20_dem_coo",0.497551732682742,0.190620130808842,0.131176770576172,0.853020969258518
"Musselshell County","vap_aian","gov_20_rep_gia",0.492223274050728,0.196961836274289,0.115339205251271,0.861680296823962
"Musselshell County","vap_aian","gov_20_dem_coo",0.507776725949272,0.196961836274289,0.138319703176038,0.884660794748729
"Musselshell County","vap_oth_b","gov_20_rep_gia",0.489899823617288,0.194416737337273,0.119071046429186,0.858975400760008
"Musselshell County","vap_oth_b","gov_20_dem_coo",0.510100176382713,0.194416737337273,0.141024599239992,0.880928953570814
"Musselshell County","vap_white","atg_20_rep_knu",0.893380166577559,0.0146320354649439,0.863520493953228,0.920340361167322
"Musselshell County","vap_white","atg_20_dem_gra",0.106619833422441,0.0146320354649439,0.0796596388326783,0.136479506046771
"Musselshell County","vap_black","atg_20_rep_knu",0.492127432940042,0.229450353913689,0.0792706859021672,0.924417283640174
"Musselshell County","vap_black","atg_20_dem_gra",0.507872567059958,0.229450353913689,0.075582716359826,0.920729314097833
"Musselshell County","vap_hisp","atg_20_rep_knu",0.474857187221599,0.187520451880293,0.130685065902422,0.841129993342817
"Musselshell County","vap_hisp","atg_20_dem_gra",0.525142812778401,0.187520451880293,0.158870006657183,0.869314934097578
"Musselshell County","vap_asian","atg_20_rep_knu",0.487866753798921,0.197060264506412,0.129541296166447,0.86914713601371
"Musselshell County","vap_asian","atg_20_dem_gra",0.512133246201079,0.197060264506412,0.13085286398629,0.870458703833553
"Musselshell County","vap_aian","atg_20_rep_knu",0.481900882022292,0.193598138129831,0.125127827300098,0.850932819119467
"Musselshell County","vap_aian","atg_20_dem_gra",0.518099117977708,0.193598138129831,0.149067180880533,0.874872172699902
"Musselshell County","vap_oth_b","atg_20_rep_knu",0.498172162868475,0.191203355840741,0.141679388236457,0.865345754945573
"Musselshell County","vap_oth_b","atg_20_dem_gra",0.501827837131525,0.191203355840741,0.134654245054427,0.858320611763543
"Musselshell County","vap_white","sos_20_rep_jac",0.891650281010454,0.0139280091972346,0.863430685815997,0.917993318140261
"Musselshell County","vap_white","sos_20_dem_ben",0.108349718989546,0.0139280091972346,0.0820066818597387,0.136569314184003
"Musselshell County","vap_black","sos_20_rep_jac",0.495735633592471,0.228852856836062,0.0823129360397211,0.921103091676193
"Musselshell County","vap_black","sos_20_dem_ben",0.504264366407529,0.228852856836062,0.0788969083238071,0.917687063960279
"Musselshell County","vap_hisp","sos_20_rep_jac",0.480804992938121,0.180284825305014,0.141570008395729,0.826727171854824
"Musselshell County","vap_hisp","sos_20_dem_ben",0.519195007061879,0.180284825305014,0.173272828145175,0.85842999160427
"Musselshell County","vap_asian","sos_20_rep_jac",0.490643221072985,0.196480781183052,0.133431316616411,0.872126776390912
"Musselshell County","vap_asian","sos_20_dem_ben",0.509356778927015,0.196480781183052,0.127873223609087,0.866568683383589
"Musselshell County","vap_aian","sos_20_rep_jac",0.485121796739402,0.189062004332796,0.131179181234006,0.838043763853995
"Musselshell County","vap_aian","sos_20_dem_ben",0.514878203260598,0.189062004332796,0.161956236146004,0.868820818765994
"Musselshell County","vap_oth_b","sos_20_rep_jac",0.485706009854855,0.189203939506532,0.139146622675659,0.84985110563589
"Musselshell County","vap_oth_b","sos_20_dem_ben",0.514293990145145,0.189203939506532,0.15014889436411,0.860853377324341
"Park County","vap_white","pre_16_rep_tru",0.575862568945991,0.0111757586760296,0.554659929631092,0.597957914247048
"Park County","vap_white","pre_16_dem_cli",0.424137431054009,0.0111757586760296,0.402042085752952,0.445340070368908
"Park County","vap_black","pre_16_rep_tru",0.510973873178173,0.184077336831757,0.162196974572299,0.848082412059904
"Park County","vap_black","pre_16_dem_cli",0.489026126821827,0.184077336831757,0.151917587940096,0.837803025427701
"Park County","vap_hisp","pre_16_rep_tru",0.488949655533424,0.184873388833384,0.148034427453672,0.838107004556778
"Park County","vap_hisp","pre_16_dem_cli",0.511050344466576,0.184873388833384,0.161892995443222,0.851965572546328
"Park County","vap_asian","pre_16_rep_tru",0.501557587319446,0.174757965489121,0.166310685300291,0.833352246873119
"Park County","vap_asian","pre_16_dem_cli",0.498442412680554,0.174757965489121,0.166647753126881,0.833689314699709
"Park County","vap_aian","pre_16_rep_tru",0.49402670035529,0.17889092859306,0.148733571571785,0.827617568482081
"Park County","vap_aian","pre_16_dem_cli",0.50597329964471,0.17889092859306,0.172382431517919,0.851266428428215
"Park County","vap_oth_b","pre_16_rep_tru",0.4991957118441,0.182094490086257,0.152975367826803,0.835139970527546
"Park County","vap_oth_b","pre_16_dem_cli",0.5008042881559,0.182094490086257,0.164860029472454,0.847024632173197
"Park County","vap_white","gov_16_rep_gia",0.434940757768676,0.011097971938943,0.412810832296544,0.456298768618336
"Park County","vap_white","gov_16_dem_bul",0.565059242231324,0.011097971938943,0.543701231381664,0.587189167703456
"Park County","vap_black","gov_16_rep_gia",0.533869178490487,0.179647090557822,0.186048981302453,0.859501282593235
"Park County","vap_black","gov_16_dem_bul",0.466130821509513,0.179647090557822,0.140498717406765,0.813951018697547
"Park County","vap_hisp","gov_16_rep_gia",0.486115426286094,0.177377415487233,0.162006947068506,0.827940309089249
"Park County","vap_hisp","gov_16_dem_bul",0.513884573713906,0.177377415487233,0.17205969091075,0.837993052931494
"Park County","vap_asian","gov_16_rep_gia",0.496453342956037,0.175032297704608,0.163016327406734,0.826287315645993
"Park County","vap_asian","gov_16_dem_bul",0.503546657043964,0.175032297704608,0.173712684354007,0.836983672593266
"Park County","vap_aian","gov_16_rep_gia",0.499514826322706,0.178796820878696,0.156893828696684,0.832367098640298
"Park County","vap_aian","gov_16_dem_bul",0.500485173677294,0.178796820878696,0.167632901359702,0.843106171303316
"Park County","vap_oth_b","gov_16_rep_gia",0.501705648067898,0.17725645491157,0.17183606227869,0.83971584807651
"Park County","vap_oth_b","gov_16_dem_bul",0.498294351932102,0.17725645491157,0.16028415192349,0.82816393772131
"Park County","vap_white","atg_16_rep_fox",0.603950271203538,0.0113776181785024,0.581391455045968,0.625564498523217
"Park County","vap_white","atg_16_dem_jen",0.396049728796462,0.0113776181785024,0.374435501476783,0.418608544954032
"Park County","vap_black","atg_16_rep_fox",0.48332592302937,0.19405379677116,0.112231499397484,0.838233880169301
"Park County","vap_black","atg_16_dem_jen",0.51667407697063,0.19405379677116,0.161766119830699,0.887768500602516
"Park County","vap_hisp","atg_16_rep_fox",0.490832380383207,0.194670224687381,0.140730229028174,0.88944386926957
"Park County","vap_hisp","atg_16_dem_jen",0.509167619616792,0.194670224687381,0.11055613073043,0.859269770971826
"Park County","vap_asian","atg_16_rep_fox",0.48300703306683,0.177635685308957,0.157146757572155,0.821226743929932
"Park County","vap_asian","atg_16_dem_jen",0.51699296693317,0.177635685308957,0.178773256070068,0.842853242427845
"Park County","vap_aian","atg_16_rep_fox",0.509209931987309,0.175439486653921,0.172831781462604,0.835938139304022
"Park County","vap_aian","atg_16_dem_jen",0.490790068012691,0.175439486653921,0.164061860695978,0.827168218537396
"Park County","vap_oth_b","atg_16_rep_fox",0.495904356779218,0.175496399564874,0.16078388028406,0.82559375434537
"Park County","vap_oth_b","atg_16_dem_jen",0.504095643220782,0.175496399564874,0.17440624565463,0.83921611971594
"Park County","vap_white","sos_16_rep_sta",0.550602217085269,0.0113004257809084,0.528645155020083,0.572986518150456
"Park County","vap_white","sos_16_dem_lin",0.449397782914731,0.0113004257809084,0.427013481849544,0.471354844979917
"Park County","vap_black","sos_16_rep_sta",0.493028114975914,0.180760566221587,0.146955068226915,0.8311384095832
"Park County","vap_black","sos_16_dem_lin",0.506971885024086,0.180760566221587,0.1688615904168,0.853044931773085
"Park County","vap_hisp","sos_16_rep_sta",0.505177716237393,0.17849814820375,0.167272058888981,0.833703270453051
"Park County","vap_hisp","sos_16_dem_lin",0.494822283762607,0.17849814820375,0.166296729546949,0.832727941111019
"Park County","vap_asian","sos_16_rep_sta",0.503466805412584,0.186593185862054,0.159680320661861,0.850425178473888
"Park County","vap_asian","sos_16_dem_lin",0.496533194587416,0.186593185862054,0.149574821526112,0.840319679338139
"Park County","vap_aian","sos_16_rep_sta",0.462012165921565,0.1884790436311,0.102924429345562,0.817713831342689
"Park County","vap_aian","sos_16_dem_lin",0.537987834078435,0.1884790436311,0.182286168657311,0.897075570654438
"Park County","vap_oth_b","sos_16_rep_sta",0.47872949438425,0.182098092071478,0.132838607831086,0.81797726109309
"Park County","vap_oth_b","sos_16_dem_lin",0.52127050561575,0.182098092071478,0.18202273890691,0.867161392168914
"Park County","vap_white","uss_18_rep_ros",0.4429350070259,0.0108039186095474,0.421698336023209,0.463875730967596
"Park County","vap_white","uss_18_dem_tes",0.5570649929741,0.0108039186095474,0.536124269032404,0.578301663976791
"Park County","vap_black","uss_18_rep_ros",0.494062103044239,0.190381904663419,0.13760052628681,0.855068512945525
"Park County","vap_black","uss_18_dem_tes",0.505937896955761,0.190381904663419,0.144931487054475,0.86239947371319
"Park County","vap_hisp","uss_18_rep_ros",0.490382199904217,0.177080011809769,0.162559579052242,0.828451906610959
"Park County","vap_hisp","uss_18_dem_tes",0.509617800095783,0.177080011809769,0.171548093389041,0.837440420947758
"Park County","vap_asian","uss_18_rep_ros",0.499702687735808,0.180585418115768,0.162319552852841,0.841556970178808
"Park County","vap_asian","uss_18_dem_tes",0.500297312264192,0.180585418115768,0.158443029821192,0.837680447147159
"Park County","vap_aian","uss_18_rep_ros",0.488440709201861,0.176595029926076,0.162922079680986,0.823822273194522
"Park County","vap_aian","uss_18_dem_tes",0.511559290798139,0.176595029926076,0.176177726805478,0.837077920319014
"Park County","vap_oth_b","uss_18_rep_ros",0.51766404139398,0.173595912309951,0.186488090607187,0.83234518703012
"Park County","vap_oth_b","uss_18_dem_tes",0.48233595860602,0.173595912309951,0.16765481296988,0.813511909392813
"Park County","vap_white","pre_20_rep_tru",0.527254085098665,0.0111265796422575,0.505792976274004,0.548528049067883
"Park County","vap_white","pre_20_dem_bid",0.472745914901335,0.0111265796422575,0.451471950932117,0.494207023725996
"Park County","vap_black","pre_20_rep_tru",0.506485419773603,0.180151527374441,0.161298571003038,0.845398172352744
"Park County","vap_black","pre_20_dem_bid",0.493514580226397,0.180151527374441,0.154601827647256,0.838701428996962
"Park County","vap_hisp","pre_20_rep_tru",0.508788230106694,0.175645775512198,0.171144817501751,0.840993976360492
"Park County","vap_hisp","pre_20_dem_bid",0.491211769893306,0.175645775512198,0.159006023639508,0.828855182498249
"Park County","vap_asian","pre_20_rep_tru",0.488247642718184,0.183809760761651,0.143700792494048,0.833939037191694
"Park County","vap_asian","pre_20_dem_bid",0.511752357281816,0.183809760761651,0.166060962808306,0.856299207505952
"Park County","vap_aian","pre_20_rep_tru",0.494665935970964,0.175342814682968,0.17347418515041,0.82984081392534
"Park County","vap_aian","pre_20_dem_bid",0.505334064029036,0.175342814682968,0.17015918607466,0.82652581484959
"Park County","vap_oth_b","pre_20_rep_tru",0.492673764747867,0.186794481397195,0.139730701400682,0.842645126905924
"Park County","vap_oth_b","pre_20_dem_bid",0.507326235252133,0.186794481397195,0.157354873094076,0.860269298599318
"Park County","vap_white","uss_20_rep_dai",0.494231365170515,0.0107041598495512,0.473591455058227,0.514722413574392
"Park County","vap_white","uss_20_dem_bul",0.505768634829485,0.0107041598495512,0.485277586425608,0.526408544941773
"Park County","vap_black","uss_20_rep_dai",0.478014994321253,0.193828796815989,0.112666528833229,0.848765194850743
"Park County","vap_black","uss_20_dem_bul",0.521985005678747,0.193828796815989,0.151234805149257,0.887333471166771
"Park County","vap_hisp","uss_20_rep_dai",0.494695468123678,0.172901612079474,0.169117484780683,0.824768079031672
"Park County","vap_hisp","uss_20_dem_bul",0.505304531876322,0.172901612079474,0.175231920968328,0.830882515219317
"Park County","vap_asian","uss_20_rep_dai",0.498670757533104,0.181072413628086,0.146718716144923,0.837663714468168
"Park County","vap_asian","uss_20_dem_bul",0.501329242466896,0.181072413628086,0.162336285531832,0.853281283855077
"Park County","vap_aian","uss_20_rep_dai",0.49053001801962,0.184953838064427,0.146781384266518,0.83911261204943
"Park County","vap_aian","uss_20_dem_bul",0.50946998198038,0.184953838064427,0.16088738795057,0.853218615733482
"Park County","vap_oth_b","uss_20_rep_dai",0.506340126551202,0.18278766616741,0.15615504278587,0.840046175916177
"Park County","vap_oth_b","uss_20_dem_bul",0.493659873448798,0.18278766616741,0.159953824083823,0.84384495721413
"Park County","vap_white","gov_20_rep_gia",0.512169665430873,0.010657350662373,0.491700753641717,0.532698046880088
"Park County","vap_white","gov_20_dem_coo",0.487830334569127,0.010657350662373,0.467301953119912,0.508299246358283
"Park County","vap_black","gov_20_rep_gia",0.50035658748273,0.178985044762632,0.162732633827628,0.836190328199985
"Park County","vap_black","gov_20_dem_coo",0.49964341251727,0.178985044762632,0.163809671800015,0.837267366172372
"Park County","vap_hisp","gov_20_rep_gia",0.500400035241148,0.183293607158806,0.152850816208904,0.839834607674576
"Park County","vap_hisp","gov_20_dem_coo",0.499599964758852,0.183293607158806,0.160165392325424,0.847149183791096
"Park County","vap_asian","gov_20_rep_gia",0.512144172877852,0.183767534386327,0.172477601064971,0.858997251373036
"Park County","vap_asian","gov_20_dem_coo",0.487855827122148,0.183767534386327,0.141002748626964,0.827522398935029
"Park County","vap_aian","gov_20_rep_gia",0.498143236704782,0.180355500882287,0.148417002838407,0.836606618700444
"Park County","vap_aian","gov_20_dem_coo",0.501856763295218,0.180355500882287,0.163393381299556,0.851582997161594
"Park County","vap_oth_b","gov_20_rep_gia",0.505422417688636,0.175222018150528,0.167185587532116,0.827886282899934
"Park County","vap_oth_b","gov_20_dem_coo",0.494577582311364,0.175222018150528,0.172113717100066,0.832814412467884
"Park County","vap_white","atg_20_rep_knu",0.530635253313198,0.0107124848571071,0.509775064398257,0.551143716076694
"Park County","vap_white","atg_20_dem_gra",0.469364746686802,0.0107124848571071,0.448856283923306,0.490224935601744
"Park County","vap_black","atg_20_rep_knu",0.506689441520788,0.182083993102772,0.176283974709386,0.847145381712346
"Park County","vap_black","atg_20_dem_gra",0.493310558479212,0.182083993102772,0.152854618287654,0.823716025290614
"Park County","vap_hisp","atg_20_rep_knu",0.481222175212308,0.181950736395508,0.145724223757603,0.830165018453692
"Park County","vap_hisp","atg_20_dem_gra",0.518777824787692,0.181950736395508,0.169834981546308,0.854275776242397
"Park County","vap_asian","atg_20_rep_knu",0.506327626657353,0.180201361036597,0.166502705294948,0.855099486769128
"Park County","vap_asian","atg_20_dem_gra",0.493672373342647,0.180201361036597,0.144900513230872,0.833497294705052
"Park County","vap_aian","atg_20_rep_knu",0.494048988948044,0.180969205079831,0.158839373459035,0.843147033612654
"Park County","vap_aian","atg_20_dem_gra",0.505951011051956,0.180969205079831,0.156852966387346,0.841160626540965
"Park County","vap_oth_b","atg_20_rep_knu",0.500147722561095,0.175839894616427,0.165174508872435,0.838110958678561
"Park County","vap_oth_b","atg_20_dem_gra",0.499852277438905,0.175839894616427,0.161889041321439,0.834825491127565
"Park County","vap_white","sos_20_rep_jac",0.538486862892176,0.010831525492108,0.517262447692039,0.559122885412547
"Park County","vap_white","sos_20_dem_ben",0.461513137107824,0.010831525492108,0.440877114587453,0.482737552307961
"Park County","vap_black","sos_20_rep_jac",0.498978996555728,0.186644370920993,0.147313916924564,0.839984548490539
"Park County","vap_black","sos_20_dem_ben",0.501021003444272,0.186644370920993,0.160015451509461,0.852686083075436
"Park County","vap_hisp","sos_20_rep_jac",0.506331679869883,0.176737879978974,0.164962697319751,0.839368589115138
"Park County","vap_hisp","sos_20_dem_ben",0.493668320130117,0.176737879978974,0.160631410884862,0.835037302680249
"Park County","vap_asian","sos_20_rep_jac",0.509054792385174,0.176054725434121,0.173941721991884,0.843515035911533
"Park County","vap_asian","sos_20_dem_ben",0.490945207614826,0.176054725434121,0.156484964088467,0.826058278008115
"Park County","vap_aian","sos_20_rep_jac",0.482788408087678,0.187689877978095,0.105109686659731,0.83778179536293
"Park County","vap_aian","sos_20_dem_ben",0.517211591912322,0.187689877978095,0.16221820463707,0.894890313340269
"Park County","vap_oth_b","sos_20_rep_jac",0.504282811520698,0.181106159074251,0.166528573266574,0.850614405475985
"Park County","vap_oth_b","sos_20_dem_ben",0.495717188479302,0.181106159074251,0.149385594524015,0.833471426733425
"Phillips County","vap_white","pre_16_rep_tru",0.914152429837128,0.0250493737790056,0.862656145424667,0.957220543390868
"Phillips County","vap_white","pre_16_dem_cli",0.0858475701628718,0.0250493737790056,0.0427794566091318,0.137343854575333
"Phillips County","vap_black","pre_16_rep_tru",0.50937000382354,0.275189875133209,0.0294947142513355,0.972900530393758
"Phillips County","vap_black","pre_16_dem_cli",0.49062999617646,0.275189875133209,0.0270994696062423,0.970505285748665
"Phillips County","vap_hisp","pre_16_rep_tru",0.497876989267874,0.232963222641255,0.0784389680228342,0.932397246049521
"Phillips County","vap_hisp","pre_16_dem_cli",0.502123010732126,0.232963222641255,0.0676027539504793,0.921561031977166
"Phillips County","vap_asian","pre_16_rep_tru",0.496921949296126,0.229287305006838,0.0711694972079366,0.916385317533495
"Phillips County","vap_asian","pre_16_dem_cli",0.503078050703874,0.229287305006838,0.0836146824665049,0.928830502792064
"Phillips County","vap_aian","pre_16_rep_tru",0.51168154241738,0.226348002181659,0.100019145544433,0.940754635260434
"Phillips County","vap_aian","pre_16_dem_cli",0.48831845758262,0.226348002181659,0.0592453647395655,0.899980854455567
"Phillips County","vap_oth_b","pre_16_rep_tru",0.50760457203224,0.22364489174835,0.08489977196853,0.923967364799209
"Phillips County","vap_oth_b","pre_16_dem_cli",0.49239542796776,0.22364489174835,0.0760326352007913,0.91510022803147
"Phillips County","vap_white","gov_16_rep_gia",0.84267647557442,0.0269828088872031,0.79119211711238,0.894005459192634
"Phillips County","vap_white","gov_16_dem_bul",0.15732352442558,0.0269828088872031,0.105994540807366,0.20880788288762
"Phillips County","vap_black","gov_16_rep_gia",0.503072768384606,0.271444634760117,0.0285293312686933,0.972066206513042
"Phillips County","vap_black","gov_16_dem_bul",0.496927231615394,0.271444634760117,0.0279337934869575,0.971470668731307
"Phillips County","vap_hisp","gov_16_rep_gia",0.507023221266334,0.235821065635464,0.0765384934526443,0.931808742062995
"Phillips County","vap_hisp","gov_16_dem_bul",0.492976778733666,0.235821065635464,0.0681912579370046,0.923461506547356
"Phillips County","vap_asian","gov_16_rep_gia",0.49526059380287,0.229708960949415,0.0708017296668605,0.923421021459291
"Phillips County","vap_asian","gov_16_dem_bul",0.50473940619713,0.229708960949415,0.0765789785407094,0.929198270333139
"Phillips County","vap_aian","gov_16_rep_gia",0.496198610918901,0.23292982956618,0.0676215043892684,0.921016372459532
"Phillips County","vap_aian","gov_16_dem_bul",0.503801389081099,0.23292982956618,0.0789836275404684,0.932378495610732
"Phillips County","vap_oth_b","gov_16_rep_gia",0.502571556720418,0.224678857399177,0.0768127368825164,0.923472708124641
"Phillips County","vap_oth_b","gov_16_dem_bul",0.497428443279582,0.224678857399177,0.0765272918753586,0.923187263117484
"Phillips County","vap_white","atg_16_rep_fox",0.93597584577335,0.0223051430018115,0.889738721439796,0.975497471004631
"Phillips County","vap_white","atg_16_dem_jen",0.0640241542266502,0.0223051430018115,0.0245025289953693,0.110261278560204
"Phillips County","vap_black","atg_16_rep_fox",0.504979288770163,0.274802462300778,0.0245786510759826,0.974654515732728
"Phillips County","vap_black","atg_16_dem_jen",0.495020711229837,0.274802462300778,0.025345484267272,0.975421348924017
"Phillips County","vap_hisp","atg_16_rep_fox",0.505963822404522,0.235308869743467,0.0748422973711213,0.928323638750762
"Phillips County","vap_hisp","atg_16_dem_jen",0.494036177595478,0.235308869743467,0.0716763612492384,0.925157702628879
"Phillips County","vap_asian","atg_16_rep_fox",0.525048821518077,0.244463227949235,0.072444925614851,0.985846617937548
"Phillips County","vap_asian","atg_16_dem_jen",0.474951178481923,0.244463227949235,0.0141533820624517,0.927555074385149
"Phillips County","vap_aian","atg_16_rep_fox",0.53663135785701,0.207952823059199,0.134654461844697,0.926880984460863
"Phillips County","vap_aian","atg_16_dem_jen",0.46336864214299,0.207952823059199,0.0731190155391367,0.865345538155303
"Phillips County","vap_oth_b","atg_16_rep_fox",0.511382267395767,0.22972748372843,0.0721300440223371,0.931319255929032
"Phillips County","vap_oth_b","atg_16_dem_jen",0.488617732604233,0.22972748372843,0.0686807440709685,0.927869955977663
"Phillips County","vap_white","sos_16_rep_sta",0.843624120725694,0.028042375800195,0.790489269468319,0.8991257990093
"Phillips County","vap_white","sos_16_dem_lin",0.156375879274306,0.028042375800195,0.1008742009907,0.209510730531681
"Phillips County","vap_black","sos_16_rep_sta",0.50708317014067,0.274292985385404,0.0290033793992029,0.975440851998114
"Phillips County","vap_black","sos_16_dem_lin",0.49291682985933,0.274292985385404,0.0245591480018863,0.970996620600797
"Phillips County","vap_hisp","sos_16_rep_sta",0.498485008532549,0.236753529439823,0.0691410154204159,0.932018805199639
"Phillips County","vap_hisp","sos_16_dem_lin",0.501514991467451,0.236753529439823,0.067981194800361,0.930858984579584
"Phillips County","vap_asian","sos_16_rep_sta",0.494177860863168,0.228476193607265,0.0729020927644678,0.92016919132579
"Phillips County","vap_asian","sos_16_dem_lin",0.505822139136832,0.228476193607265,0.0798308086742104,0.927097907235532
"Phillips County","vap_aian","sos_16_rep_sta",0.501694557072213,0.234362194824093,0.0655538941788548,0.92992803554702
"Phillips County","vap_aian","sos_16_dem_lin",0.498305442927787,0.234362194824093,0.0700719644529798,0.934446105821145
"Phillips County","vap_oth_b","sos_16_rep_sta",0.501214307993647,0.228676012818592,0.0834321029042259,0.922670538014034
"Phillips County","vap_oth_b","sos_16_dem_lin",0.498785692006353,0.228676012818592,0.0773294619859659,0.916567897095774
"Phillips County","vap_white","uss_18_rep_ros",0.759148535824323,0.0287998215753007,0.703545636057131,0.815925359100149
"Phillips County","vap_white","uss_18_dem_tes",0.240851464175676,0.0287998215753007,0.184074640899851,0.296454363942869
"Phillips County","vap_black","uss_18_rep_ros",0.494675451219338,0.271322120508627,0.0259710852900738,0.968251863712042
"Phillips County","vap_black","uss_18_dem_tes",0.505324548780662,0.271322120508627,0.0317481362879583,0.974028914709926
"Phillips County","vap_hisp","uss_18_rep_ros",0.509567808688621,0.231915079887561,0.0784416739878995,0.926941273282651
"Phillips County","vap_hisp","uss_18_dem_tes",0.490432191311379,0.231915079887561,0.073058726717349,0.921558326012101
"Phillips County","vap_asian","uss_18_rep_ros",0.501289958852124,0.226802231354551,0.0813655371503275,0.923508859051925
"Phillips County","vap_asian","uss_18_dem_tes",0.498710041147876,0.226802231354551,0.0764911409480749,0.918634462849672
"Phillips County","vap_aian","uss_18_rep_ros",0.516895133695361,0.229563228458894,0.0837453432659359,0.936588325195573
"Phillips County","vap_aian","uss_18_dem_tes",0.483104866304639,0.229563228458894,0.0634116748044267,0.916254656734064
"Phillips County","vap_oth_b","uss_18_rep_ros",0.517729392626502,0.228126054376287,0.0850144300278263,0.932378422448762
"Phillips County","vap_oth_b","uss_18_dem_tes",0.482270607373498,0.228126054376287,0.0676215775512377,0.914985569972174
"Phillips County","vap_white","pre_20_rep_tru",0.886015203331656,0.0273223921336211,0.833834082325774,0.937578748786339
"Phillips County","vap_white","pre_20_dem_bid",0.113984796668344,0.0273223921336211,0.062421251213661,0.166165917674226
"Phillips County","vap_black","pre_20_rep_tru",0.502441491054853,0.27176005829402,0.0273591900600779,0.972068362955668
"Phillips County","vap_black","pre_20_dem_bid",0.497558508945147,0.27176005829402,0.0279316370443317,0.972640809939922
"Phillips County","vap_hisp","pre_20_rep_tru",0.500762562865626,0.236542634664265,0.0685680936626747,0.933262500870966
"Phillips County","vap_hisp","pre_20_dem_bid",0.499237437134374,0.236542634664265,0.0667374991290336,0.931431906337325
"Phillips County","vap_asian","pre_20_rep_tru",0.494967754620431,0.226430261366894,0.0764756599537391,0.92520656790294
"Phillips County","vap_asian","pre_20_dem_bid",0.505032245379569,0.226430261366894,0.0747934320970597,0.923524340046261
"Phillips County","vap_aian","pre_20_rep_tru",0.495234003504695,0.228850840516381,0.071302640996899,0.912257491578653
"Phillips County","vap_aian","pre_20_dem_bid",0.504765996495305,0.228850840516381,0.0877425084213467,0.928697359003101
"Phillips County","vap_oth_b","pre_20_rep_tru",0.498262055765385,0.228241496289508,0.0662962596969409,0.911554626986912
"Phillips County","vap_oth_b","pre_20_dem_bid",0.501737944234615,0.228241496289508,0.088445373013088,0.933703740303059
"Phillips County","vap_white","uss_20_rep_dai",0.858935801486156,0.0275529965644874,0.806744576992664,0.913237641032369
"Phillips County","vap_white","uss_20_dem_bul",0.141064198513844,0.0275529965644874,0.0867623589676306,0.193255423007336
"Phillips County","vap_black","uss_20_rep_dai",0.502188743512424,0.274547676001559,0.0211902730055946,0.96632187406209
"Phillips County","vap_black","uss_20_dem_bul",0.497811256487576,0.274547676001559,0.0336781259379102,0.978809726994405
"Phillips County","vap_hisp","uss_20_rep_dai",0.50420667534072,0.236762002171397,0.0746488921469119,0.931994164175626
"Phillips County","vap_hisp","uss_20_dem_bul",0.49579332465928,0.236762002171397,0.068005835824374,0.925351107853088
"Phillips County","vap_asian","uss_20_rep_dai",0.502188771734721,0.223317180517183,0.0772945639015893,0.911321646801187
"Phillips County","vap_asian","uss_20_dem_bul",0.497811228265279,0.223317180517183,0.0886783531988126,0.922705436098411
"Phillips County","vap_aian","uss_20_rep_dai",0.510479446012572,0.231479509265585,0.0787469412809272,0.925704814478207
"Phillips County","vap_aian","uss_20_dem_bul",0.489520553987428,0.231479509265585,0.0742951855217928,0.921253058719073
"Phillips County","vap_oth_b","uss_20_rep_dai",0.501321305401908,0.229304436158605,0.0651203816279669,0.923555225942166
"Phillips County","vap_oth_b","uss_20_dem_bul",0.498678694598092,0.229304436158605,0.076444774057834,0.934879618372033
"Phillips County","vap_white","gov_20_rep_gia",0.890100337286364,0.0270282038209472,0.836285273983514,0.939223922619426
"Phillips County","vap_white","gov_20_dem_coo",0.109899662713636,0.0270282038209472,0.0607760773805735,0.163714726016486
"Phillips County","vap_black","gov_20_rep_gia",0.499124733422368,0.273685439856526,0.0250814844746395,0.97313115918943
"Phillips County","vap_black","gov_20_dem_coo",0.500875266577632,0.273685439856526,0.0268688408105693,0.97491851552536
"Phillips County","vap_hisp","gov_20_rep_gia",0.508307742278707,0.236171192485885,0.0746498109254083,0.932882930116971
"Phillips County","vap_hisp","gov_20_dem_coo",0.491692257721293,0.236171192485885,0.0671170698830292,0.925350189074592
"Phillips County","vap_asian","gov_20_rep_gia",0.509662936789759,0.231894780888333,0.0808231019903574,0.938767893456174
"Phillips County","vap_asian","gov_20_dem_coo",0.490337063210241,0.231894780888333,0.0612321065438256,0.919176898009642
"Phillips County","vap_aian","gov_20_rep_gia",0.493719968632089,0.236777233246283,0.0726995632731493,0.932817858449888
"Phillips County","vap_aian","gov_20_dem_coo",0.506280031367911,0.236777233246283,0.0671821415501116,0.927300436726851
"Phillips County","vap_oth_b","gov_20_rep_gia",0.492201127281666,0.226618307200484,0.0671321816491626,0.916594997261667
"Phillips County","vap_oth_b","gov_20_dem_coo",0.507798872718334,0.226618307200484,0.083405002738333,0.932867818350837
"Phillips County","vap_white","atg_20_rep_knu",0.882521477725594,0.0270346346975915,0.829876410992579,0.933724292441471
"Phillips County","vap_white","atg_20_dem_gra",0.117478522274406,0.0270346346975915,0.0662757075585285,0.170123589007421
"Phillips County","vap_black","atg_20_rep_knu",0.506551527244482,0.276721541449014,0.0190033441032229,0.975136557017364
"Phillips County","vap_black","atg_20_dem_gra",0.493448472755518,0.276721541449014,0.0248634429826357,0.980996655896777
"Phillips County","vap_hisp","atg_20_rep_knu",0.499265198356564,0.232024094670325,0.0755580449062144,0.920621482314605
"Phillips County","vap_hisp","atg_20_dem_gra",0.500734801643436,0.232024094670325,0.0793785176853954,0.924441955093785
"Phillips County","vap_asian","atg_20_rep_knu",0.495923456854295,0.234861505402007,0.060061256679138,0.927469102900856
"Phillips County","vap_asian","atg_20_dem_gra",0.504076543145705,0.234861505402007,0.0725308970991444,0.939938743320862
"Phillips County","vap_aian","atg_20_rep_knu",0.484384617386065,0.231703853773726,0.0638736028088052,0.920445555247117
"Phillips County","vap_aian","atg_20_dem_gra",0.515615382613935,0.231703853773726,0.0795544447528828,0.936126397191194
"Phillips County","vap_oth_b","atg_20_rep_knu",0.484504813886062,0.227884548696673,0.0746134211890555,0.92321872974847
"Phillips County","vap_oth_b","atg_20_dem_gra",0.515495186113938,0.227884548696673,0.07678127025153,0.925386578810944
"Phillips County","vap_white","sos_20_rep_jac",0.893717347761751,0.0271546837659281,0.840000392224639,0.945760069071515
"Phillips County","vap_white","sos_20_dem_ben",0.106282652238249,0.0271546837659281,0.0542399309284853,0.159999607775361
"Phillips County","vap_black","sos_20_rep_jac",0.511754263394147,0.273991356619235,0.0298005961082886,0.97996997004973
"Phillips County","vap_black","sos_20_dem_ben",0.488245736605853,0.273991356619235,0.02003002995027,0.970199403891711
"Phillips County","vap_hisp","sos_20_rep_jac",0.499292043347025,0.234871041829304,0.0673041196575218,0.926953951286952
"Phillips County","vap_hisp","sos_20_dem_ben",0.500707956652975,0.234871041829304,0.0730460487130486,0.932695880342478
"Phillips County","vap_asian","sos_20_rep_jac",0.508992561552846,0.230344408366299,0.0814004007946076,0.9444829662266
"Phillips County","vap_asian","sos_20_dem_ben",0.491007438447154,0.230344408366299,0.0555170337733999,0.918599599205392
"Phillips County","vap_aian","sos_20_rep_jac",0.507164506932398,0.234528038646965,0.0742180804772748,0.93115228081694
"Phillips County","vap_aian","sos_20_dem_ben",0.492835493067602,0.234528038646965,0.0688477191830595,0.925781919522725
"Phillips County","vap_oth_b","sos_20_rep_jac",0.499881896438522,0.224357327213874,0.0845892982833874,0.916786495567943
"Phillips County","vap_oth_b","sos_20_dem_ben",0.500118103561478,0.224357327213874,0.0832135044320568,0.915410701716613
"Pondera County","vap_white","pre_16_rep_tru",0.833041535405383,0.0150298464298477,0.802663533303389,0.86149353754062
"Pondera County","vap_white","pre_16_dem_cli",0.166958464594617,0.0150298464298477,0.13850646245938,0.197336466696611
"Pondera County","vap_black","pre_16_rep_tru",0.50309365945556,0.227828928098001,0.0791542465943812,0.926297848687241
"Pondera County","vap_black","pre_16_dem_cli",0.49690634054444,0.227828928098001,0.073702151312759,0.920845753405619
"Pondera County","vap_hisp","pre_16_rep_tru",0.460742216787254,0.187010647584728,0.123551327578737,0.837788292857515
"Pondera County","vap_hisp","pre_16_dem_cli",0.539257783212746,0.187010647584728,0.162211707142485,0.876448672421262
"Pondera County","vap_asian","pre_16_rep_tru",0.500632392422791,0.194619622483305,0.136095951474188,0.865334657971493
"Pondera County","vap_asian","pre_16_dem_cli",0.499367607577209,0.194619622483305,0.134665342028507,0.863904048525811
"Pondera County","vap_aian","pre_16_rep_tru",0.0835278724389246,0.0457128241729883,0.0143344247536064,0.188790442169229
"Pondera County","vap_aian","pre_16_dem_cli",0.916472127561075,0.0457128241729883,0.811209557830771,0.985665575246394
"Pondera County","vap_oth_b","pre_16_rep_tru",0.483230965721014,0.183436358078435,0.139055774320969,0.827125084441627
"Pondera County","vap_oth_b","pre_16_dem_cli",0.516769034278986,0.183436358078435,0.172874915558373,0.860944225679031
"Pondera County","vap_white","gov_16_rep_gia",0.609125855321385,0.0165233098560171,0.576002156112332,0.641283701738398
"Pondera County","vap_white","gov_16_dem_bul",0.390874144678615,0.0165233098560171,0.358716298261602,0.423997843887668
"Pondera County","vap_black","gov_16_rep_gia",0.494645673305963,0.22801498499875,0.0771478184607634,0.923997484452832
"Pondera County","vap_black","gov_16_dem_bul",0.505354326694037,0.22801498499875,0.0760025155471683,0.922852181539236
"Pondera County","vap_hisp","gov_16_rep_gia",0.45202449862542,0.184615033073173,0.119242907635472,0.825261684319809
"Pondera County","vap_hisp","gov_16_dem_bul",0.54797550137458,0.184615033073173,0.174738315680191,0.880757092364528
"Pondera County","vap_asian","gov_16_rep_gia",0.474831907936988,0.196034870333263,0.115864793795371,0.845900734369355
"Pondera County","vap_asian","gov_16_dem_bul",0.525168092063012,0.196034870333263,0.154099265630645,0.884135206204628
"Pondera County","vap_aian","gov_16_rep_gia",0.076253198977809,0.0415370877661924,0.0148736579561133,0.171613767187096
"Pondera County","vap_aian","gov_16_dem_bul",0.923746801022191,0.0415370877661924,0.828386232812904,0.985126342043887
"Pondera County","vap_oth_b","gov_16_rep_gia",0.473237134278964,0.187806775456883,0.131074261168745,0.840721260997871
"Pondera County","vap_oth_b","gov_16_dem_bul",0.526762865721036,0.187806775456883,0.159278739002129,0.868925738831255
"Pondera County","vap_white","atg_16_rep_fox",0.862893480072425,0.014112316291457,0.833789751161082,0.889095314176677
"Pondera County","vap_white","atg_16_dem_jen",0.137106519927575,0.014112316291457,0.110904685823323,0.166210248838918
"Pondera County","vap_black","atg_16_rep_fox",0.495800132886929,0.226905325105342,0.0777052052518727,0.919753112193317
"Pondera County","vap_black","atg_16_dem_jen",0.504199867113071,0.226905325105342,0.0802468878066827,0.922294794748127
"Pondera County","vap_hisp","atg_16_rep_fox",0.49449515349297,0.187641640275436,0.133470448377218,0.844292503117302
"Pondera County","vap_hisp","atg_16_dem_jen",0.50550484650703,0.187641640275436,0.155707496882698,0.866529551622782
"Pondera County","vap_asian","atg_16_rep_fox",0.501007915016977,0.189854257182332,0.151410586722979,0.865461262004418
"Pondera County","vap_asian","atg_16_dem_jen",0.498992084983022,0.189854257182332,0.134538737995582,0.848589413277021
"Pondera County","vap_aian","atg_16_rep_fox",0.108395910285703,0.0486878620526348,0.0235005669587661,0.210736018184878
"Pondera County","vap_aian","atg_16_dem_jen",0.891604089714297,0.0486878620526348,0.789263981815122,0.976499433041234
"Pondera County","vap_oth_b","atg_16_rep_fox",0.484174673815894,0.185956162449145,0.137704792727263,0.851728287236338
"Pondera County","vap_oth_b","atg_16_dem_jen",0.515825326184106,0.185956162449145,0.148271712763662,0.862295207272736
"Pondera County","vap_white","sos_16_rep_sta",0.738011337958517,0.0155950545701061,0.707214581730934,0.767630591691257
"Pondera County","vap_white","sos_16_dem_lin",0.261988662041483,0.0155950545701061,0.232369408308743,0.292785418269066
"Pondera County","vap_black","sos_16_rep_sta",0.508373027314321,0.22579215228245,0.0850555109604441,0.927047309127028
"Pondera County","vap_black","sos_16_dem_lin",0.491626972685679,0.22579215228245,0.0729526908729721,0.914944489039556
"Pondera County","vap_hisp","sos_16_rep_sta",0.471481512059072,0.184909910386246,0.134699517379137,0.836434861646619
"Pondera County","vap_hisp","sos_16_dem_lin",0.528518487940928,0.184909910386246,0.163565138353381,0.865300482620863
"Pondera County","vap_asian","sos_16_rep_sta",0.508515182571724,0.20522602795864,0.128000011336051,0.91189928490502
"Pondera County","vap_asian","sos_16_dem_lin",0.491484817428276,0.20522602795864,0.0881007150949796,0.871999988663949
"Pondera County","vap_aian","sos_16_rep_sta",0.0830923821360992,0.0429057334729479,0.0174061969407696,0.180188202037792
"Pondera County","vap_aian","sos_16_dem_lin",0.916907617863901,0.0429057334729479,0.819811797962208,0.98259380305923
"Pondera County","vap_oth_b","sos_16_rep_sta",0.457519902254732,0.182382202345192,0.119257391768788,0.811488260507466
"Pondera County","vap_oth_b","sos_16_dem_lin",0.542480097745268,0.182382202345192,0.188511739492534,0.880742608231212
"Pondera County","vap_white","uss_18_rep_ros",0.654247133256723,0.0162084485940375,0.621763056621609,0.68567555675898
"Pondera County","vap_white","uss_18_dem_tes",0.345752866743277,0.0162084485940375,0.31432444324102,0.378236943378391
"Pondera County","vap_black","uss_18_rep_ros",0.503246498643327,0.223518676478754,0.0829403662148595,0.919738420864002
"Pondera County","vap_black","uss_18_dem_tes",0.496753501356673,0.223518676478754,0.0802615791359972,0.91705963378514
"Pondera County","vap_hisp","uss_18_rep_ros",0.446109354729989,0.184229578187446,0.124492617972428,0.822907893195659
"Pondera County","vap_hisp","uss_18_dem_tes",0.553890645270011,0.184229578187446,0.177092106804341,0.875507382027572
"Pondera County","vap_asian","uss_18_rep_ros",0.483074029752422,0.19587196077618,0.120385071025435,0.856395319879894
"Pondera County","vap_asian","uss_18_dem_tes",0.516925970247578,0.19587196077618,0.143604680120105,0.879614928974565
"Pondera County","vap_aian","uss_18_rep_ros",0.071848959438391,0.03994484274097,0.0126226944340621,0.161821081349239
"Pondera County","vap_aian","uss_18_dem_tes",0.928151040561609,0.03994484274097,0.838178918650761,0.987377305565938
"Pondera County","vap_oth_b","uss_18_rep_ros",0.454420061749332,0.180677512063899,0.128690452302213,0.812038130305404
"Pondera County","vap_oth_b","uss_18_dem_tes",0.545579938250668,0.180677512063899,0.187961869694596,0.871309547697787
"Pondera County","vap_white","pre_20_rep_tru",0.79326000509974,0.0147691213652421,0.763595807377197,0.821415820176566
"Pondera County","vap_white","pre_20_dem_bid",0.20673999490026,0.0147691213652421,0.178584179823434,0.236404192622803
"Pondera County","vap_black","pre_20_rep_tru",0.484913279599874,0.229562647879799,0.0638620639525553,0.916296494533328
"Pondera County","vap_black","pre_20_dem_bid",0.515086720400125,0.229562647879799,0.0837035054666718,0.936137936047445
"Pondera County","vap_hisp","pre_20_rep_tru",0.469853666876822,0.183870857926887,0.134630295657235,0.824058224056197
"Pondera County","vap_hisp","pre_20_dem_bid",0.530146333123178,0.183870857926887,0.175941775943803,0.865369704342764
"Pondera County","vap_asian","pre_20_rep_tru",0.497362510285928,0.191588535017396,0.138158475020355,0.846915669893986
"Pondera County","vap_asian","pre_20_dem_bid",0.502637489714072,0.191588535017396,0.153084330106014,0.861841524979645
"Pondera County","vap_aian","pre_20_rep_tru",0.07790508042103,0.0425057632594385,0.0148336917096289,0.175065443180607
"Pondera County","vap_aian","pre_20_dem_bid",0.92209491957897,0.0425057632594385,0.824934556819393,0.985166308290371
"Pondera County","vap_oth_b","pre_20_rep_tru",0.477302840865444,0.185000549800866,0.14328791549862,0.836583697830027
"Pondera County","vap_oth_b","pre_20_dem_bid",0.522697159134556,0.185000549800866,0.163416302169973,0.85671208450138
"Pondera County","vap_white","uss_20_rep_dai",0.746512539781537,0.0151578831393119,0.716347383154262,0.775455938166898
"Pondera County","vap_white","uss_20_dem_bul",0.253487460218463,0.0151578831393119,0.224544061833102,0.283652616845737
"Pondera County","vap_black","uss_20_rep_dai",0.494805070993337,0.225619815084268,0.0771819853572476,0.921589691212399
"Pondera County","vap_black","uss_20_dem_bul",0.505194929006663,0.225619815084268,0.0784103087876005,0.922818014642752
"Pondera County","vap_hisp","uss_20_rep_dai",0.453166736326194,0.181327054564861,0.124481686095175,0.809769193461092
"Pondera County","vap_hisp","uss_20_dem_bul",0.546833263673806,0.181327054564861,0.190230806538908,0.875518313904825
"Pondera County","vap_asian","uss_20_rep_dai",0.484000695932268,0.194448245973884,0.127336001788604,0.8481057812736
"Pondera County","vap_asian","uss_20_dem_bul",0.515999304067732,0.194448245973884,0.1518942187264,0.872663998211396
"Pondera County","vap_aian","uss_20_rep_dai",0.0785248335364652,0.0433082545082317,0.0139422689745043,0.179589239049113
"Pondera County","vap_aian","uss_20_dem_bul",0.921475166463535,0.0433082545082317,0.820410760950887,0.986057731025496
"Pondera County","vap_oth_b","uss_20_rep_dai",0.473993978503062,0.183272053265953,0.127456350925643,0.830178494766047
"Pondera County","vap_oth_b","uss_20_dem_bul",0.526006021496938,0.183272053265953,0.169821505233953,0.872543649074357
"Pondera County","vap_white","gov_20_rep_gia",0.783206482543553,0.014862136114842,0.753496117548968,0.811626333153787
"Pondera County","vap_white","gov_20_dem_coo",0.216793517456447,0.014862136114842,0.188373666846213,0.246503882451032
"Pondera County","vap_black","gov_20_rep_gia",0.508585977880638,0.224885611273213,0.0877998857215745,0.926018202335197
"Pondera County","vap_black","gov_20_dem_coo",0.491414022119362,0.224885611273213,0.0739817976648027,0.912200114278425
"Pondera County","vap_hisp","gov_20_rep_gia",0.482637854131024,0.184502639001031,0.14001555393136,0.839643622436271
"Pondera County","vap_hisp","gov_20_dem_coo",0.517362145868976,0.184502639001031,0.160356377563729,0.85998444606864
"Pondera County","vap_asian","gov_20_rep_gia",0.499944030664665,0.192516184727254,0.145817464738972,0.876766473140478
"Pondera County","vap_asian","gov_20_dem_coo",0.500055969335334,0.192516184727254,0.123233526859521,0.854182535261028
"Pondera County","vap_aian","gov_20_rep_gia",0.0843165513124236,0.0435194922928828,0.0169616663933714,0.180285490779051
"Pondera County","vap_aian","gov_20_dem_coo",0.915683448687576,0.0435194922928828,0.819714509220949,0.983038333606629
"Pondera County","vap_oth_b","gov_20_rep_gia",0.470250434724885,0.186173038736655,0.133092262532056,0.826308090850026
"Pondera County","vap_oth_b","gov_20_dem_coo",0.529749565275115,0.186173038736655,0.173691909149973,0.866907737467944
"Pondera County","vap_white","atg_20_rep_knu",0.787636764595972,0.014664944716876,0.758223136652951,0.815544268919185
"Pondera County","vap_white","atg_20_dem_gra",0.212363235404028,0.014664944716876,0.184455731080815,0.241776863347049
"Pondera County","vap_black","atg_20_rep_knu",0.512878121650793,0.226096009946253,0.0890539450414937,0.928827168226462
"Pondera County","vap_black","atg_20_dem_gra",0.487121878349207,0.226096009946253,0.0711728317735382,0.910946054958506
"Pondera County","vap_hisp","atg_20_rep_knu",0.492381603980569,0.186310227615659,0.144423579581064,0.842524917184568
"Pondera County","vap_hisp","atg_20_dem_gra",0.507618396019431,0.186310227615659,0.157475082815432,0.855576420418935
"Pondera County","vap_asian","atg_20_rep_knu",0.491076080463486,0.195634874384094,0.12717867527414,0.866037175749869
"Pondera County","vap_asian","atg_20_dem_gra",0.508923919536514,0.195634874384094,0.13396282425013,0.872821324725859
"Pondera County","vap_aian","atg_20_rep_knu",0.0841410058336213,0.0444853844262427,0.0138937810301158,0.18458574114419
"Pondera County","vap_aian","atg_20_dem_gra",0.915858994166379,0.0444853844262427,0.81541425885581,0.986106218969884
"Pondera County","vap_oth_b","atg_20_rep_knu",0.48177832957272,0.185237870656026,0.138100112189245,0.843087466337973
"Pondera County","vap_oth_b","atg_20_dem_gra",0.51822167042728,0.185237870656026,0.156912533662027,0.861899887810755
"Pondera County","vap_white","sos_20_rep_jac",0.810201699296459,0.0148663965592413,0.780416967175937,0.838714756855404
"Pondera County","vap_white","sos_20_dem_ben",0.189798300703541,0.0148663965592413,0.161285243144596,0.219583032824063
"Pondera County","vap_black","sos_20_rep_jac",0.48716509490732,0.222290680442235,0.0800379934756214,0.908468316844204
"Pondera County","vap_black","sos_20_dem_ben",0.51283490509268,0.222290680442235,0.0915316831557962,0.919962006524378
"Pondera County","vap_hisp","sos_20_rep_jac",0.48029947686289,0.190017372436421,0.1327448188742,0.847520922950261
"Pondera County","vap_hisp","sos_20_dem_ben",0.51970052313711,0.190017372436421,0.152479077049739,0.8672551811258
"Pondera County","vap_asian","sos_20_rep_jac",0.500137488435276,0.198411956429194,0.143342626755762,0.887195589960843
"Pondera County","vap_asian","sos_20_dem_ben",0.499862511564724,0.198411956429194,0.112804410039156,0.856657373244238
"Pondera County","vap_aian","sos_20_rep_jac",0.0867200970298295,0.0452284512041578,0.0162593536369802,0.187686682672228
"Pondera County","vap_aian","sos_20_dem_ben",0.91327990297017,0.0452284512041578,0.812313317327773,0.98374064636302
"Pondera County","vap_oth_b","sos_20_rep_jac",0.47549395913292,0.188506347719564,0.127637429566095,0.834151457678587
"Pondera County","vap_oth_b","sos_20_dem_ben",0.52450604086708,0.188506347719564,0.165848542321413,0.872362570433905
"Powder River County","vap_white","pre_16_rep_tru",0.879476823460937,0.0205881010379605,0.837648736270255,0.917457970317606
"Powder River County","vap_white","pre_16_dem_cli",0.120523176539063,0.0205881010379605,0.0825420296823945,0.162351263729745
"Powder River County","vap_black","pre_16_rep_tru",0.490106969323237,0.272205511118876,0.0249043964230698,0.967761628129088
"Powder River County","vap_black","pre_16_dem_cli",0.509893030676763,0.272205511118876,0.0322383718709125,0.97509560357693
"Powder River County","vap_hisp","pre_16_rep_tru",0.489453594787071,0.18902091638695,0.139148690316883,0.85844292031484
"Powder River County","vap_hisp","pre_16_dem_cli",0.510546405212929,0.18902091638695,0.14155707968516,0.860851309683117
"Powder River County","vap_asian","pre_16_rep_tru",NA,NA,NA,NA
"Powder River County","vap_asian","pre_16_dem_cli",NA,NA,NA,NA
"Powder River County","vap_aian","pre_16_rep_tru",0.480109412050654,0.215556015926185,0.0975997559686849,0.894252821545434
"Powder River County","vap_aian","pre_16_dem_cli",0.519890587949346,0.215556015926185,0.105747178454565,0.902400244031315
"Powder River County","vap_oth_b","pre_16_rep_tru",0.478637376447685,0.195035085395578,0.119531847056704,0.861441781787014
"Powder River County","vap_oth_b","pre_16_dem_cli",0.521362623552315,0.195035085395578,0.138558218212986,0.880468152943296
"Powder River County","vap_white","gov_16_rep_gia",0.770061865013832,0.0234486874755895,0.723061928988858,0.814616820253663
"Powder River County","vap_white","gov_16_dem_bul",0.229938134986169,0.0234486874755895,0.185383179746338,0.276938071011142
"Powder River County","vap_black","gov_16_rep_gia",0.504267134561218,0.274434608187392,0.0279191371772413,0.976931762020742
"Powder River County","vap_black","gov_16_dem_bul",0.495732865438782,0.274434608187392,0.0230682379792575,0.972080862822759
"Powder River County","vap_hisp","gov_16_rep_gia",0.498854325778323,0.186611027270225,0.147552089805519,0.846276087421365
"Powder River County","vap_hisp","gov_16_dem_bul",0.501145674221677,0.186611027270225,0.153723912578635,0.852447910194481
"Powder River County","vap_asian","gov_16_rep_gia",NA,NA,NA,NA
"Powder River County","vap_asian","gov_16_dem_bul",NA,NA,NA,NA
"Powder River County","vap_aian","gov_16_rep_gia",0.485572641348948,0.213031743675822,0.101770368190834,0.878531552961525
"Powder River County","vap_aian","gov_16_dem_bul",0.514427358651052,0.213031743675822,0.121468447038475,0.898229631809165
"Powder River County","vap_oth_b","gov_16_rep_gia",0.503789945983775,0.192965275718279,0.148162693155503,0.867992737961771
"Powder River County","vap_oth_b","gov_16_dem_bul",0.496210054016225,0.192965275718279,0.132007262038229,0.851837306844497
"Powder River County","vap_white","atg_16_rep_fox",0.92677570079929,0.0175789162496267,0.890309692790145,0.958800484154992
"Powder River County","vap_white","atg_16_dem_jen",0.0732242992007105,0.0175789162496267,0.0411995158450086,0.109690307209855
"Powder River County","vap_black","atg_16_rep_fox",0.506494685962471,0.273784418711314,0.0272502868313953,0.978159711627714
"Powder River County","vap_black","atg_16_dem_jen",0.493505314037529,0.273784418711314,0.0218402883722862,0.972749713168605
"Powder River County","vap_hisp","atg_16_rep_fox",0.477038148870347,0.188112859281456,0.133980914879333,0.835342075923418
"Powder River County","vap_hisp","atg_16_dem_jen",0.522961851129653,0.188112859281456,0.164657924076582,0.866019085120667
"Powder River County","vap_asian","atg_16_rep_fox",NA,NA,NA,NA
"Powder River County","vap_asian","atg_16_dem_jen",NA,NA,NA,NA
"Powder River County","vap_aian","atg_16_rep_fox",0.484734747846726,0.2181016482601,0.092087723216695,0.892112934793812
"Powder River County","vap_aian","atg_16_dem_jen",0.515265252153274,0.2181016482601,0.107887065206188,0.907912276783305
"Powder River County","vap_oth_b","atg_16_rep_fox",0.461393711502842,0.189412116221104,0.118566959869369,0.826487815690687
"Powder River County","vap_oth_b","atg_16_dem_jen",0.538606288497158,0.189412116221104,0.173512184309312,0.881433040130631
"Powder River County","vap_white","sos_16_rep_sta",0.873903288157727,0.0192633854783553,0.83344338440299,0.909786752159101
"Powder River County","vap_white","sos_16_dem_lin",0.126096711842273,0.0192633854783553,0.0902132478408995,0.16655661559701
"Powder River County","vap_black","sos_16_rep_sta",0.514530718888754,0.272694401612116,0.0305817479755529,0.978940322505116
"Powder River County","vap_black","sos_16_dem_lin",0.485469281111246,0.272694401612116,0.0210596774948838,0.969418252024447
"Powder River County","vap_hisp","sos_16_rep_sta",0.492779935930189,0.191938164873363,0.138039977546585,0.854873525203134
"Powder River County","vap_hisp","sos_16_dem_lin",0.507220064069811,0.191938164873363,0.145126474796865,0.861960022453415
"Powder River County","vap_asian","sos_16_rep_sta",NA,NA,NA,NA
"Powder River County","vap_asian","sos_16_dem_lin",NA,NA,NA,NA
"Powder River County","vap_aian","sos_16_rep_sta",0.470590287129926,0.213897798033074,0.0964547207534719,0.871274733824032
"Powder River County","vap_aian","sos_16_dem_lin",0.529409712870074,0.213897798033074,0.128725266175968,0.903545279246528
"Powder River County","vap_oth_b","sos_16_rep_sta",0.497630792863617,0.193553950238997,0.136044480021559,0.857749184779847
"Powder River County","vap_oth_b","sos_16_dem_lin",0.502369207136382,0.193553950238997,0.142250815220152,0.863955519978441
"Powder River County","vap_white","uss_18_rep_ros",0.79113208386982,0.0231224625017929,0.744874322029347,0.834055773987338
"Powder River County","vap_white","uss_18_dem_tes",0.20886791613018,0.0231224625017929,0.165944226012662,0.255125677970653
"Powder River County","vap_black","uss_18_rep_ros",0.507448361225532,0.273482135845421,0.033280424777954,0.978653857803482
"Powder River County","vap_black","uss_18_dem_tes",0.492551638774468,0.273482135845421,0.0213461421965179,0.966719575222046
"Powder River County","vap_hisp","uss_18_rep_ros",0.501332997128329,0.185906444200366,0.147099042961399,0.854473759590677
"Powder River County","vap_hisp","uss_18_dem_tes",0.498667002871671,0.185906444200366,0.145526240409322,0.852900957038601
"Powder River County","vap_asian","uss_18_rep_ros",NA,NA,NA,NA
"Powder River County","vap_asian","uss_18_dem_tes",NA,NA,NA,NA
"Powder River County","vap_aian","uss_18_rep_ros",0.481579773959005,0.214682385038644,0.0970701845340416,0.87933276777618
"Powder River County","vap_aian","uss_18_dem_tes",0.518420226040995,0.214682385038644,0.12066723222382,0.902929815465958
"Powder River County","vap_oth_b","uss_18_rep_ros",0.512926748610734,0.198415415676426,0.143064905650727,0.892086023548383
"Powder River County","vap_oth_b","uss_18_dem_tes",0.487073251389266,0.198415415676426,0.107913976451617,0.856935094349273
"Powder River County","vap_white","pre_20_rep_tru",0.87135931081873,0.0201124535783959,0.830012428478937,0.908831081094225
"Powder River County","vap_white","pre_20_dem_bid",0.128640689181271,0.0201124535783959,0.0911689189057751,0.169987571521063
"Powder River County","vap_black","pre_20_rep_tru",0.512223841165926,0.275342848105136,0.0257355757507003,0.980697204622047
"Powder River County","vap_black","pre_20_dem_bid",0.487776158834074,0.275342848105136,0.0193027953779526,0.9742644242493
"Powder River County","vap_hisp","pre_20_rep_tru",0.497269892854866,0.183681076336457,0.15344794714621,0.843176044749498
"Powder River County","vap_hisp","pre_20_dem_bid",0.502730107145134,0.183681076336457,0.156823955250502,0.84655205285379
"Powder River County","vap_asian","pre_20_rep_tru",NA,NA,NA,NA
"Powder River County","vap_asian","pre_20_dem_bid",NA,NA,NA,NA
"Powder River County","vap_aian","pre_20_rep_tru",0.492159555640674,0.214989871873749,0.0958781369796356,0.890283655901909
"Powder River County","vap_aian","pre_20_dem_bid",0.507840444359326,0.214989871873749,0.10971634409809,0.904121863020364
"Powder River County","vap_oth_b","pre_20_rep_tru",0.477034865033624,0.200343679246887,0.111488370289785,0.8518757305806
"Powder River County","vap_oth_b","pre_20_dem_bid",0.522965134966376,0.200343679246887,0.1481242694194,0.888511629710214
"Powder River County","vap_white","uss_20_rep_dai",0.84260015740531,0.021905167460447,0.798317215182264,0.885018443053207
"Powder River County","vap_white","uss_20_dem_bul",0.15739984259469,0.021905167460447,0.114981556946794,0.201682784817736
"Powder River County","vap_black","uss_20_rep_dai",0.496475224352397,0.278370941353286,0.0128683927635346,0.974797443861987
"Powder River County","vap_black","uss_20_dem_bul",0.503524775647603,0.278370941353286,0.0252025561380128,0.987131607236465
"Powder River County","vap_hisp","uss_20_rep_dai",0.499204438401225,0.195428875443758,0.150277716616087,0.890646234016767
"Powder River County","vap_hisp","uss_20_dem_bul",0.500795561598775,0.195428875443758,0.109353765983233,0.849722283383913
"Powder River County","vap_asian","uss_20_rep_dai",NA,NA,NA,NA
"Powder River County","vap_asian","uss_20_dem_bul",NA,NA,NA,NA
"Powder River County","vap_aian","uss_20_rep_dai",0.493168059543752,0.21852123807827,0.0981650366640369,0.897801853379941
"Powder River County","vap_aian","uss_20_dem_bul",0.506831940456248,0.21852123807827,0.102198146620059,0.901834963335963
"Powder River County","vap_oth_b","uss_20_rep_dai",0.490557634871978,0.197209109742521,0.121299837193365,0.854834469169796
"Powder River County","vap_oth_b","uss_20_dem_bul",0.509442365128021,0.197209109742521,0.145165530830204,0.878700162806635
"Powder River County","vap_white","gov_20_rep_gia",0.860257298572999,0.0203980446901562,0.819197979517809,0.898940017731793
"Powder River County","vap_white","gov_20_dem_coo",0.139742701427001,0.0203980446901562,0.101059982268207,0.180802020482191
"Powder River County","vap_black","gov_20_rep_gia",0.492007545838038,0.27368723957633,0.0287625004712373,0.969686441703908
"Powder River County","vap_black","gov_20_dem_coo",0.507992454161962,0.27368723957633,0.0303135582960917,0.971237499528763
"Powder River County","vap_hisp","gov_20_rep_gia",0.491930085074122,0.186586255369184,0.142898561065272,0.851610601942812
"Powder River County","vap_hisp","gov_20_dem_coo",0.508069914925878,0.186586255369184,0.148389398057188,0.857101438934728
"Powder River County","vap_asian","gov_20_rep_gia",NA,NA,NA,NA
"Powder River County","vap_asian","gov_20_dem_coo",NA,NA,NA,NA
"Powder River County","vap_aian","gov_20_rep_gia",0.483474146101192,0.208304929239132,0.115871481536714,0.884599707963402
"Powder River County","vap_aian","gov_20_dem_coo",0.516525853898808,0.208304929239132,0.115400292036598,0.884128518463285
"Powder River County","vap_oth_b","gov_20_rep_gia",0.464392978999302,0.206446113758385,0.0801123040076661,0.871374677702089
"Powder River County","vap_oth_b","gov_20_dem_coo",0.535607021000698,0.206446113758385,0.128625322297911,0.919887695992334
"Powder River County","vap_white","atg_20_rep_knu",0.894212778097363,0.0194534889203295,0.854218610142775,0.930378378480428
"Powder River County","vap_white","atg_20_dem_gra",0.105787221902638,0.0194534889203295,0.0696216215195723,0.145781389857225
"Powder River County","vap_black","atg_20_rep_knu",0.517303584954275,0.271323602090676,0.0352913147377597,0.978063139410104
"Powder River County","vap_black","atg_20_dem_gra",0.482696415045725,0.271323602090676,0.021936860589896,0.96470868526224
"Powder River County","vap_hisp","atg_20_rep_knu",0.482713691086942,0.184598061295204,0.140113958119093,0.831438414529714
"Powder River County","vap_hisp","atg_20_dem_gra",0.517286308913058,0.184598061295204,0.168561585470286,0.859886041880906
"Powder River County","vap_asian","atg_20_rep_knu",NA,NA,NA,NA
"Powder River County","vap_asian","atg_20_dem_gra",NA,NA,NA,NA
"Powder River County","vap_aian","atg_20_rep_knu",0.486286495817001,0.21714415507519,0.0966814158544794,0.89175341390782
"Powder River County","vap_aian","atg_20_dem_gra",0.513713504182998,0.21714415507519,0.10824658609218,0.903318584145521
"Powder River County","vap_oth_b","atg_20_rep_knu",0.477805561064012,0.195986054854107,0.114172229303051,0.854045992893403
"Powder River County","vap_oth_b","atg_20_dem_gra",0.522194438935988,0.195986054854107,0.145954007106596,0.885827770696949
"Powder River County","vap_white","sos_20_rep_jac",0.889968735805295,0.0196089704422004,0.850026457276551,0.926239624628352
"Powder River County","vap_white","sos_20_dem_ben",0.110031264194705,0.0196089704422004,0.0737603753716477,0.149973542723449
"Powder River County","vap_black","sos_20_rep_jac",0.503968358400848,0.274941561114194,0.0245537449085131,0.97478478058453
"Powder River County","vap_black","sos_20_dem_ben",0.496031641599152,0.274941561114194,0.0252152194154697,0.975446255091487
"Powder River County","vap_hisp","sos_20_rep_jac",0.483340044943951,0.184188175489545,0.140566096778952,0.836369274110137
"Powder River County","vap_hisp","sos_20_dem_ben",0.516659955056049,0.184188175489545,0.163630725889863,0.859433903221048
"Powder River County","vap_asian","sos_20_rep_jac",NA,NA,NA,NA
"Powder River County","vap_asian","sos_20_dem_ben",NA,NA,NA,NA
"Powder River County","vap_aian","sos_20_rep_jac",0.471379097208151,0.217877524395019,0.0896173415737162,0.889762771447249
"Powder River County","vap_aian","sos_20_dem_ben",0.528620902791849,0.217877524395019,0.110237228552751,0.910382658426284
"Powder River County","vap_oth_b","sos_20_rep_jac",0.463095814735305,0.19297769409709,0.116812700935302,0.843759644126616
"Powder River County","vap_oth_b","sos_20_dem_ben",0.536904185264695,0.19297769409709,0.156240355873384,0.883187299064698
"Powell County","vap_white","pre_16_rep_tru",0.833364629805028,0.0141174212025986,0.804797532189047,0.859568311529495
"Powell County","vap_white","pre_16_dem_cli",0.166635370194972,0.0141174212025986,0.140431688470505,0.195202467810953
"Powell County","vap_black","pre_16_rep_tru",0.478987788164194,0.207807200815677,0.0953303584219376,0.871858065344072
"Powell County","vap_black","pre_16_dem_cli",0.521012211835806,0.207807200815677,0.128141934655928,0.904669641578062
"Powell County","vap_hisp","pre_16_rep_tru",0.503993987515663,0.177615246391451,0.184992464737394,0.844588840248312
"Powell County","vap_hisp","pre_16_dem_cli",0.496006012484337,0.177615246391451,0.155411159751688,0.815007535262606
"Powell County","vap_asian","pre_16_rep_tru",0.476977770382787,0.200438057074178,0.114351195919369,0.862062193010534
"Powell County","vap_asian","pre_16_dem_cli",0.523022229617213,0.200438057074178,0.137937806989466,0.885648804080631
"Powell County","vap_aian","pre_16_rep_tru",0.479690523067996,0.200433094750588,0.125161957637754,0.859402000177179
"Powell County","vap_aian","pre_16_dem_cli",0.520309476932004,0.200433094750588,0.140597999822821,0.874838042362246
"Powell County","vap_oth_b","pre_16_rep_tru",0.498072401224911,0.191127800470463,0.158475498782248,0.905025113985524
"Powell County","vap_oth_b","pre_16_dem_cli",0.501927598775089,0.191127800470463,0.0949748860144756,0.841524501217751
"Powell County","vap_white","gov_16_rep_gia",0.638006385802939,0.0145912014825916,0.609306645171837,0.666167848985095
"Powell County","vap_white","gov_16_dem_bul",0.361993614197061,0.0145912014825916,0.333832151014905,0.390693354828164
"Powell County","vap_black","gov_16_rep_gia",0.495687377170282,0.206546308931851,0.110444642527047,0.878393126937063
"Powell County","vap_black","gov_16_dem_bul",0.504312622829718,0.206546308931851,0.121606873062937,0.889555357472953
"Powell County","vap_hisp","gov_16_rep_gia",0.480521690941741,0.191987841745102,0.0894239741226345,0.826147527357261
"Powell County","vap_hisp","gov_16_dem_bul",0.519478309058259,0.191987841745102,0.173852472642739,0.910576025877365
"Powell County","vap_asian","gov_16_rep_gia",0.489819517173147,0.200070230796552,0.126650300643638,0.869739829003563
"Powell County","vap_asian","gov_16_dem_bul",0.510180482826853,0.200070230796552,0.130260170996437,0.873349699356362
"Powell County","vap_aian","gov_16_rep_gia",0.493413078148865,0.198148723158913,0.134784912779404,0.872007059125202
"Powell County","vap_aian","gov_16_dem_bul",0.506586921851135,0.198148723158913,0.127992940874798,0.865215087220596
"Powell County","vap_oth_b","gov_16_rep_gia",0.504609588038983,0.17471619561474,0.162984390758403,0.823955825390455
"Powell County","vap_oth_b","gov_16_dem_bul",0.495390411961017,0.17471619561474,0.176044174609545,0.837015609241597
"Powell County","vap_white","atg_16_rep_fox",0.759967336248327,0.0135105545346815,0.733320427763473,0.78565562990739
"Powell County","vap_white","atg_16_dem_jen",0.240032663751673,0.0135105545346815,0.21434437009261,0.266679572236527
"Powell County","vap_black","atg_16_rep_fox",0.49858054617937,0.215205134011503,0.0947428916331901,0.895242894396603
"Powell County","vap_black","atg_16_dem_jen",0.50141945382063,0.215205134011503,0.104757105603397,0.90525710836681
"Powell County","vap_hisp","atg_16_rep_fox",0.509094967612481,0.179797968244023,0.166241305270856,0.843260382896837
"Powell County","vap_hisp","atg_16_dem_jen",0.490905032387519,0.179797968244023,0.156739617103163,0.833758694729144
"Powell County","vap_asian","atg_16_rep_fox",0.493363825446178,0.196815853949935,0.121929796016303,0.860333193294039
"Powell County","vap_asian","atg_16_dem_jen",0.506636174553822,0.196815853949935,0.139666806705961,0.878070203983697
"Powell County","vap_aian","atg_16_rep_fox",0.476128083447703,0.205736484835422,0.112071540100375,0.868836980893727
"Powell County","vap_aian","atg_16_dem_jen",0.523871916552297,0.205736484835422,0.131163019106273,0.887928459899625
"Powell County","vap_oth_b","atg_16_rep_fox",0.46500085079647,0.184751254962299,0.122518350586558,0.816917536504919
"Powell County","vap_oth_b","atg_16_dem_jen",0.53499914920353,0.184751254962299,0.183082463495081,0.877481649413442
"Powell County","vap_white","sos_16_rep_sta",0.760125093225636,0.0140107057206009,0.732417697244949,0.787168104166376
"Powell County","vap_white","sos_16_dem_lin",0.239874906774364,0.0140107057206009,0.212831895833624,0.267582302755051
"Powell County","vap_black","sos_16_rep_sta",0.487525964191237,0.208324893836811,0.101798859310737,0.876696227314746
"Powell County","vap_black","sos_16_dem_lin",0.512474035808763,0.208324893836811,0.123303772685254,0.898201140689263
"Powell County","vap_hisp","sos_16_rep_sta",0.478313809719042,0.180724444400215,0.147378445223493,0.831100198364835
"Powell County","vap_hisp","sos_16_dem_lin",0.521686190280958,0.180724444400215,0.168899801635165,0.852621554776507
"Powell County","vap_asian","sos_16_rep_sta",0.496308279402624,0.198647280209273,0.129276275610697,0.858639089038948
"Powell County","vap_asian","sos_16_dem_lin",0.503691720597376,0.198647280209273,0.141360910961052,0.870723724389303
"Powell County","vap_aian","sos_16_rep_sta",0.480821781614695,0.202176734775934,0.122770541958568,0.854539220740197
"Powell County","vap_aian","sos_16_dem_lin",0.519178218385305,0.202176734775934,0.145460779259803,0.877229458041432
"Powell County","vap_oth_b","sos_16_rep_sta",0.481845962567966,0.176242923166582,0.149303490357492,0.81635356415498
"Powell County","vap_oth_b","sos_16_dem_lin",0.518154037432034,0.176242923166582,0.183646435845021,0.850696509642508
"Powell County","vap_white","uss_18_rep_ros",0.668106277374511,0.0146260769185001,0.638635900103614,0.696411047539589
"Powell County","vap_white","uss_18_dem_tes",0.331893722625489,0.0146260769185001,0.303588952460411,0.361364099896386
"Powell County","vap_black","uss_18_rep_ros",0.496509182671029,0.211588507112954,0.101118324235588,0.886975396684134
"Powell County","vap_black","uss_18_dem_tes",0.503490817328972,0.211588507112954,0.113024603315866,0.898881675764412
"Powell County","vap_hisp","uss_18_rep_ros",0.485767621530399,0.169695640113856,0.165821947037174,0.81840279506006
"Powell County","vap_hisp","uss_18_dem_tes",0.514232378469601,0.169695640113856,0.18159720493994,0.834178052962826
"Powell County","vap_asian","uss_18_rep_ros",0.494474511208958,0.197949557851425,0.122108368593286,0.856689093768753
"Powell County","vap_asian","uss_18_dem_tes",0.505525488791042,0.197949557851425,0.143310906231247,0.877891631406713
"Powell County","vap_aian","uss_18_rep_ros",0.474826511003723,0.199978326586109,0.112071537155195,0.849899227162712
"Powell County","vap_aian","uss_18_dem_tes",0.525173488996277,0.199978326586109,0.150100772837288,0.887928462844805
"Powell County","vap_oth_b","uss_18_rep_ros",0.501141314788226,0.177761971610764,0.157265088238384,0.834868795206073
"Powell County","vap_oth_b","uss_18_dem_tes",0.498858685211774,0.177761971610764,0.165131204793927,0.842734911761616
"Powell County","vap_white","pre_20_rep_tru",0.800647362662618,0.0131330843898119,0.774761175224897,0.826170095489093
"Powell County","vap_white","pre_20_dem_bid",0.199352637337382,0.0131330843898119,0.173829904510907,0.225238824775103
"Powell County","vap_black","pre_20_rep_tru",0.490946725192059,0.210491628247066,0.099799009349649,0.875252606524218
"Powell County","vap_black","pre_20_dem_bid",0.509053274807941,0.210491628247066,0.124747393475782,0.900200990650351
"Powell County","vap_hisp","pre_20_rep_tru",0.489473792416374,0.176931068462158,0.155419688242928,0.82904305219498
"Powell County","vap_hisp","pre_20_dem_bid",0.510526207583626,0.176931068462158,0.170956947805019,0.844580311757072
"Powell County","vap_asian","pre_20_rep_tru",0.497781602438838,0.203379388838938,0.128364556205448,0.872008241380906
"Powell County","vap_asian","pre_20_dem_bid",0.502218397561162,0.203379388838938,0.127991758619094,0.871635443794552
"Powell County","vap_aian","pre_20_rep_tru",0.480869087358919,0.195975965962399,0.132830433580618,0.853355665781959
"Powell County","vap_aian","pre_20_dem_bid",0.519130912641081,0.195975965962399,0.146644334218041,0.867169566419382
"Powell County","vap_oth_b","pre_20_rep_tru",0.479599059068602,0.175845974922092,0.148251774062076,0.808039540708164
"Powell County","vap_oth_b","pre_20_dem_bid",0.520400940931398,0.175845974922092,0.191960459291836,0.851748225937924
"Powell County","vap_white","uss_20_rep_dai",0.748439649661666,0.0138368100732284,0.721212702208425,0.775635912446861
"Powell County","vap_white","uss_20_dem_bul",0.251560350338334,0.0138368100732284,0.224364087553139,0.278787297791575
"Powell County","vap_black","uss_20_rep_dai",0.488849982053149,0.214983125440628,0.0819073688618906,0.888863586356853
"Powell County","vap_black","uss_20_dem_bul",0.511150017946851,0.214983125440628,0.111136413643147,0.91809263113811
"Powell County","vap_hisp","uss_20_rep_dai",0.462418436423354,0.188078247405533,0.0928407854834485,0.80462364570785
"Powell County","vap_hisp","uss_20_dem_bul",0.537581563576646,0.188078247405533,0.19537635429215,0.907159214516551
"Powell County","vap_asian","uss_20_rep_dai",0.504274185065911,0.203551435385867,0.125552253806758,0.877067514715987
"Powell County","vap_asian","uss_20_dem_bul",0.495725814934089,0.203551435385867,0.122932485284013,0.874447746193241
"Powell County","vap_aian","uss_20_rep_dai",0.487226113385443,0.204391328738519,0.12386488009799,0.858976470570049
"Powell County","vap_aian","uss_20_dem_bul",0.512773886614557,0.204391328738519,0.141023529429951,0.87613511990201
"Powell County","vap_oth_b","uss_20_rep_dai",0.486011229776565,0.175422583157404,0.161935449473718,0.828272221284395
"Powell County","vap_oth_b","uss_20_dem_bul",0.513988770223435,0.175422583157404,0.171727778715605,0.838064550526282
"Powell County","vap_white","gov_20_rep_gia",0.762185060434285,0.0136863358866063,0.734715443624455,0.7891928319203
"Powell County","vap_white","gov_20_dem_coo",0.237814939565715,0.0136863358866063,0.210807168079699,0.265284556375545
"Powell County","vap_black","gov_20_rep_gia",0.511530885622469,0.204787212334762,0.126977871929084,0.892882422850178
"Powell County","vap_black","gov_20_dem_coo",0.488469114377531,0.204787212334762,0.107117577149822,0.873022128070916
"Powell County","vap_hisp","gov_20_rep_gia",0.500689562139992,0.188624188522131,0.169661279715616,0.897034172654849
"Powell County","vap_hisp","gov_20_dem_coo",0.499310437860008,0.188624188522131,0.102965827345151,0.830338720284384
"Powell County","vap_asian","gov_20_rep_gia",0.502838469131919,0.203029255359116,0.127804247689155,0.88168481258952
"Powell County","vap_asian","gov_20_dem_coo",0.497161530868081,0.203029255359116,0.11831518741048,0.872195752310845
"Powell County","vap_aian","gov_20_rep_gia",0.499351744470889,0.207332995863121,0.104464800279223,0.871484514978286
"Powell County","vap_aian","gov_20_dem_coo",0.500648255529111,0.207332995863121,0.128515485021714,0.895535199720777
"Powell County","vap_oth_b","gov_20_rep_gia",0.497706183813383,0.179273492819072,0.157621584995763,0.83523410672207
"Powell County","vap_oth_b","gov_20_dem_coo",0.502293816186617,0.179273492819072,0.16476589327793,0.842378415004237
"Powell County","vap_white","atg_20_rep_knu",0.795697119279887,0.013454614880792,0.76915348911633,0.821908099536635
"Powell County","vap_white","atg_20_dem_gra",0.204302880720113,0.013454614880792,0.178091900463365,0.23084651088367
"Powell County","vap_black","atg_20_rep_knu",0.49479741152019,0.204213268076475,0.11720834564308,0.874985239994582
"Powell County","vap_black","atg_20_dem_gra",0.50520258847981,0.204213268076475,0.125014760005418,0.88279165435692
"Powell County","vap_hisp","atg_20_rep_knu",0.48702610124062,0.177404632818714,0.16914999104566,0.831096758249549
"Powell County","vap_hisp","atg_20_dem_gra",0.512973898759379,0.177404632818714,0.168903241750451,0.83085000895434
"Powell County","vap_asian","atg_20_rep_knu",0.489967714908631,0.201324834829878,0.125275989799506,0.86779062623537
"Powell County","vap_asian","atg_20_dem_gra",0.510032285091369,0.201324834829878,0.13220937376463,0.874724010200494
"Powell County","vap_aian","atg_20_rep_knu",0.496692814250341,0.196837255476641,0.124143017611825,0.858529324408222
"Powell County","vap_aian","atg_20_dem_gra",0.503307185749659,0.196837255476641,0.141470675591778,0.875856982388175
"Powell County","vap_oth_b","atg_20_rep_knu",0.471262398009941,0.181988708508423,0.146254790646933,0.827072059173451
"Powell County","vap_oth_b","atg_20_dem_gra",0.528737601990059,0.181988708508423,0.172927940826549,0.853745209353067
"Powell County","vap_white","sos_20_rep_jac",0.800082332349085,0.0132697178474483,0.774018154963969,0.825412406722011
"Powell County","vap_white","sos_20_dem_ben",0.199917667650915,0.0132697178474483,0.174587593277989,0.225981845036031
"Powell County","vap_black","sos_20_rep_jac",0.487623810247503,0.210907288459166,0.0989485812203671,0.882943243380831
"Powell County","vap_black","sos_20_dem_ben",0.512376189752497,0.210907288459166,0.117056756619169,0.901051418779633
"Powell County","vap_hisp","sos_20_rep_jac",0.484608989354481,0.176371324443876,0.159204748167969,0.822241538532446
"Powell County","vap_hisp","sos_20_dem_ben",0.515391010645519,0.176371324443876,0.177758461467554,0.84079525183203
"Powell County","vap_asian","sos_20_rep_jac",0.503498929469275,0.202343042803403,0.133466490222369,0.879127535918265
"Powell County","vap_asian","sos_20_dem_ben",0.496501070530724,0.202343042803403,0.120872464081735,0.866533509777631
"Powell County","vap_aian","sos_20_rep_jac",0.484386557035539,0.201890121221318,0.127106623056668,0.871448212039518
"Powell County","vap_aian","sos_20_dem_ben",0.515613442964461,0.201890121221318,0.128551787960482,0.872893376943332
"Powell County","vap_oth_b","sos_20_rep_jac",0.473581905785549,0.176488818079175,0.14981411037437,0.815144550733916
"Powell County","vap_oth_b","sos_20_dem_ben",0.526418094214451,0.176488818079175,0.184855449266084,0.85018588962563
"Prairie County","vap_white","pre_16_rep_tru",0.868956230911937,0.0177574890136113,0.833608457495228,0.902808332292439
"Prairie County","vap_white","pre_16_dem_cli",0.131043769088063,0.0177574890136113,0.0971916677075605,0.166391542504772
"Prairie County","vap_black","pre_16_rep_tru",0.498752335618869,0.22615756660159,0.0810773489020009,0.919177181670956
"Prairie County","vap_black","pre_16_dem_cli",0.501247664381131,0.22615756660159,0.0808228183290438,0.918922651097999
"Prairie County","vap_hisp","pre_16_rep_tru",0.497485764712251,0.203218717202535,0.121379769412131,0.882637692796027
"Prairie County","vap_hisp","pre_16_dem_cli",0.502514235287749,0.203218717202535,0.117362307203973,0.878620230587869
"Prairie County","vap_asian","pre_16_rep_tru",0.485603707547683,0.227021892699667,0.0710476732088486,0.907689235705934
"Prairie County","vap_asian","pre_16_dem_cli",0.514396292452317,0.227021892699667,0.0923107642940658,0.928952326791151
"Prairie County","vap_aian","pre_16_rep_tru",0.501468963004837,0.20687136599327,0.116343461881544,0.889071858892293
"Prairie County","vap_aian","pre_16_dem_cli",0.498531036995164,0.20687136599327,0.110928141107707,0.883656538118456
"Prairie County","vap_oth_b","pre_16_rep_tru",0.481231299228345,0.203413279344792,0.0993423907825788,0.86765986864579
"Prairie County","vap_oth_b","pre_16_dem_cli",0.518768700771655,0.203413279344792,0.13234013135421,0.900657609217421
"Prairie County","vap_white","gov_16_rep_gia",0.757707183791441,0.020118658247219,0.717964630084022,0.795991885805279
"Prairie County","vap_white","gov_16_dem_bul",0.242292816208559,0.020118658247219,0.204008114194721,0.282035369915978
"Prairie County","vap_black","gov_16_rep_gia",0.502119657231097,0.226993205696947,0.0859887571413267,0.926666733514996
"Prairie County","vap_black","gov_16_dem_bul",0.497880342768903,0.226993205696947,0.073333266485004,0.914011242858673
"Prairie County","vap_hisp","gov_16_rep_gia",0.485694558993731,0.19788041438778,0.115078052655521,0.861170229443965
"Prairie County","vap_hisp","gov_16_dem_bul",0.514305441006269,0.19788041438778,0.138829770556035,0.884921947344479
"Prairie County","vap_asian","gov_16_rep_gia",0.530752380593201,0.251157842699073,0.0801007472160708,0.996252611424785
"Prairie County","vap_asian","gov_16_dem_bul",0.469247619406799,0.251157842699073,0.0037473885752154,0.919899252783929
"Prairie County","vap_aian","gov_16_rep_gia",0.51120906030435,0.21673589049245,0.113078205390836,0.925219739279225
"Prairie County","vap_aian","gov_16_dem_bul",0.48879093969565,0.21673589049245,0.0747802607207751,0.886921794609163
"Prairie County","vap_oth_b","gov_16_rep_gia",0.477632216112581,0.209030510225398,0.0878125901419707,0.874685797984483
"Prairie County","vap_oth_b","gov_16_dem_bul",0.522367783887419,0.209030510225398,0.125314202015518,0.912187409858029
"Prairie County","vap_white","atg_16_rep_fox",0.894577645634613,0.0169300928362737,0.860536371020299,0.927446249736035
"Prairie County","vap_white","atg_16_dem_jen",0.105422354365387,0.0169300928362737,0.0725537502639653,0.139463628979701
"Prairie County","vap_black","atg_16_rep_fox",0.493778258695641,0.226886466786768,0.0760785210422272,0.923004596811067
"Prairie County","vap_black","atg_16_dem_jen",0.506221741304359,0.226886466786768,0.0769954031889331,0.923921478957773
"Prairie County","vap_hisp","atg_16_rep_fox",0.485026057132418,0.198636838182433,0.115751774229974,0.857807614810901
"Prairie County","vap_hisp","atg_16_dem_jen",0.514973942867582,0.198636838182433,0.142192385189099,0.884248225770026
"Prairie County","vap_asian","atg_16_rep_fox",0.506058540716595,0.22415652605753,0.0812985064529889,0.919872481593869
"Prairie County","vap_asian","atg_16_dem_jen",0.493941459283405,0.22415652605753,0.0801275184061312,0.918701493547011
"Prairie County","vap_aian","atg_16_rep_fox",0.50839122623244,0.209640310980639,0.122377841478537,0.893524792338759
"Prairie County","vap_aian","atg_16_dem_jen",0.49160877376756,0.209640310980639,0.106475207661241,0.877622158521463
"Prairie County","vap_oth_b","atg_16_rep_fox",0.490231571542518,0.2097887111777,0.0968020489608701,0.884569147960424
"Prairie County","vap_oth_b","atg_16_dem_jen",0.509768428457482,0.2097887111777,0.115430852039576,0.90319795103913
"Prairie County","vap_white","sos_16_rep_sta",0.758068925871914,0.020220811439516,0.717085096028663,0.797141718044518
"Prairie County","vap_white","sos_16_dem_lin",0.241931074128086,0.020220811439516,0.202858281955482,0.282914903971337
"Prairie County","vap_black","sos_16_rep_sta",0.503591709067624,0.228021780898806,0.0724043940704485,0.925426961218726
"Prairie County","vap_black","sos_16_dem_lin",0.496408290932376,0.228021780898806,0.0745730387812741,0.927595605929551
"Prairie County","vap_hisp","sos_16_rep_sta",0.489350348831021,0.199180492627073,0.122606196444781,0.867800100246387
"Prairie County","vap_hisp","sos_16_dem_lin",0.510649651168979,0.199180492627073,0.132199899753613,0.877393803555219
"Prairie County","vap_asian","sos_16_rep_sta",0.5039842614856,0.226179025945988,0.0871660863280686,0.924279888460212
"Prairie County","vap_asian","sos_16_dem_lin",0.4960157385144,0.226179025945988,0.0757201115397875,0.912833913671931
"Prairie County","vap_aian","sos_16_rep_sta",0.490363424170273,0.211024529315831,0.0977387926285545,0.885936953282307
"Prairie County","vap_aian","sos_16_dem_lin",0.509636575829727,0.211024529315831,0.114063046717693,0.902261207371445
"Prairie County","vap_oth_b","sos_16_rep_sta",0.499069559967635,0.204960692575111,0.120490419226999,0.894762583305508
"Prairie County","vap_oth_b","sos_16_dem_lin",0.500930440032365,0.204960692575111,0.105237416694492,0.879509580773001
"Prairie County","vap_white","uss_18_rep_ros",0.723303995136267,0.0212166480280769,0.681351646554477,0.764437750263658
"Prairie County","vap_white","uss_18_dem_tes",0.276696004863733,0.0212166480280769,0.235562249736342,0.318648353445523
"Prairie County","vap_black","uss_18_rep_ros",0.502304452155941,0.227635551139917,0.080602199616466,0.927813095101917
"Prairie County","vap_black","uss_18_dem_tes",0.497695547844059,0.227635551139917,0.0721869048980829,0.919397800383534
"Prairie County","vap_hisp","uss_18_rep_ros",0.492466255467996,0.200866800508541,0.107154523156221,0.876018874377368
"Prairie County","vap_hisp","uss_18_dem_tes",0.507533744532004,0.200866800508541,0.123981125622632,0.892845476843779
"Prairie County","vap_asian","uss_18_rep_ros",0.507268966814331,0.229009219712442,0.0838992396424848,0.938233827790586
"Prairie County","vap_asian","uss_18_dem_tes",0.492731033185669,0.229009219712442,0.0617661722094134,0.916100760357515
"Prairie County","vap_aian","uss_18_rep_ros",0.504946388159186,0.212883936792417,0.109061237846634,0.899447351342448
"Prairie County","vap_aian","uss_18_dem_tes",0.495053611840814,0.212883936792417,0.100552648657552,0.890938762153366
"Prairie County","vap_oth_b","uss_18_rep_ros",0.497025659393764,0.206064922200529,0.110577948663494,0.891576639226603
"Prairie County","vap_oth_b","uss_18_dem_tes",0.502974340606236,0.206064922200529,0.108423360773397,0.889422051336505
"Prairie County","vap_white","pre_20_rep_tru",0.848634759113571,0.0174988685836101,0.813949179701606,0.882135045921891
"Prairie County","vap_white","pre_20_dem_bid",0.151365240886429,0.0174988685836101,0.117864954078109,0.186050820298394
"Prairie County","vap_black","pre_20_rep_tru",0.516287003829257,0.222746534103117,0.0915752370157521,0.925047020468537
"Prairie County","vap_black","pre_20_dem_bid",0.483712996170743,0.222746534103117,0.0749529795314632,0.908424762984248
"Prairie County","vap_hisp","pre_20_rep_tru",0.502422186892436,0.203244321237841,0.127516389511336,0.878892234353906
"Prairie County","vap_hisp","pre_20_dem_bid",0.497577813107564,0.203244321237841,0.121107765646094,0.872483610488663
"Prairie County","vap_asian","pre_20_rep_tru",0.506144897442407,0.226774960046313,0.0848954175045875,0.92503144876643
"Prairie County","vap_asian","pre_20_dem_bid",0.493855102557593,0.226774960046313,0.0749685512335698,0.915104582495412
"Prairie County","vap_aian","pre_20_rep_tru",0.498295623495092,0.210964244733269,0.115229810500337,0.894519443039898
"Prairie County","vap_aian","pre_20_dem_bid",0.501704376504909,0.210964244733269,0.105480556960102,0.884770189499662
"Prairie County","vap_oth_b","pre_20_rep_tru",0.476857396338848,0.203493769109817,0.0966964033606749,0.870667434754617
"Prairie County","vap_oth_b","pre_20_dem_bid",0.523142603661152,0.203493769109817,0.129332565245382,0.903303596639325
"Prairie County","vap_white","uss_20_rep_dai",0.803279148867527,0.0183033152281914,0.766993693180668,0.838312846134925
"Prairie County","vap_white","uss_20_dem_bul",0.196720851132473,0.0183033152281914,0.161687153865075,0.233006306819332
"Prairie County","vap_black","uss_20_rep_dai",0.49153415314145,0.225656383216896,0.0729600914257801,0.923277461349848
"Prairie County","vap_black","uss_20_dem_bul",0.50846584685855,0.225656383216896,0.076722538650152,0.92703990857422
"Prairie County","vap_hisp","uss_20_rep_dai",0.507103596394183,0.204250045734481,0.121887530589764,0.893168481164021
"Prairie County","vap_hisp","uss_20_dem_bul",0.492896403605817,0.204250045734481,0.106831518835978,0.878112469410236
"Prairie County","vap_asian","uss_20_rep_dai",0.505593638174006,0.229644931385248,0.0775283808601107,0.927869198722769
"Prairie County","vap_asian","uss_20_dem_bul",0.494406361825994,0.229644931385248,0.072130801277231,0.922471619139889
"Prairie County","vap_aian","uss_20_rep_dai",0.499721349253291,0.212063450846299,0.110064879698484,0.885798376890586
"Prairie County","vap_aian","uss_20_dem_bul",0.500278650746709,0.212063450846299,0.114201623109414,0.889935120301516
"Prairie County","vap_oth_b","uss_20_rep_dai",0.51101106990476,0.208995189189281,0.119447953362278,0.909965831254303
"Prairie County","vap_oth_b","uss_20_dem_bul",0.488988930095239,0.208995189189281,0.0900341687456968,0.880552046637722
"Prairie County","vap_white","gov_20_rep_gia",0.787918992305812,0.0194820070117261,0.749055659971,0.826050429173069
"Prairie County","vap_white","gov_20_dem_coo",0.212081007694188,0.0194820070117261,0.173949570826931,0.250944340029
"Prairie County","vap_black","gov_20_rep_gia",0.50146866311397,0.223835875833671,0.0811079670878938,0.923745844283717
"Prairie County","vap_black","gov_20_dem_coo",0.49853133688603,0.223835875833671,0.0762541557162829,0.918892032912106
"Prairie County","vap_hisp","gov_20_rep_gia",0.502521737311927,0.202336210378972,0.118996072364348,0.88979439668826
"Prairie County","vap_hisp","gov_20_dem_coo",0.497478262688074,0.202336210378972,0.11020560331174,0.881003927635652
"Prairie County","vap_asian","gov_20_rep_gia",0.503359993182504,0.225975906963219,0.0808264739341525,0.917317999112197
"Prairie County","vap_asian","gov_20_dem_coo",0.496640006817496,0.225975906963219,0.0826820008878033,0.919173526065847
"Prairie County","vap_aian","gov_20_rep_gia",0.5017877382234,0.21473140338026,0.111989601228824,0.900798235507828
"Prairie County","vap_aian","gov_20_dem_coo",0.4982122617766,0.21473140338026,0.0992017644921716,0.888010398771176
"Prairie County","vap_oth_b","gov_20_rep_gia",0.496049564344191,0.208115209913251,0.09852706039062,0.878046111339242
"Prairie County","vap_oth_b","gov_20_dem_coo",0.503950435655809,0.208115209913251,0.121953888660758,0.90147293960938
"Prairie County","vap_white","atg_20_rep_knu",0.833763555149809,0.0179001852399701,0.797590819008239,0.867993980576152
"Prairie County","vap_white","atg_20_dem_gra",0.166236444850191,0.0179001852399701,0.132006019423848,0.202409180991761
"Prairie County","vap_black","atg_20_rep_knu",0.505027504840518,0.226336170108822,0.0777926535259302,0.926433498029933
"Prairie County","vap_black","atg_20_dem_gra",0.494972495159482,0.226336170108822,0.0735665019700666,0.92220734647407
"Prairie County","vap_hisp","atg_20_rep_knu",0.497135992404263,0.196028464878565,0.133881931026556,0.872373953727341
"Prairie County","vap_hisp","atg_20_dem_gra",0.502864007595737,0.196028464878565,0.127626046272659,0.866118068973444
"Prairie County","vap_asian","atg_20_rep_knu",0.496323131223855,0.226761808292532,0.0750305898929562,0.917329400542156
"Prairie County","vap_asian","atg_20_dem_gra",0.503676868776145,0.226761808292532,0.0826705994578437,0.924969410107044
"Prairie County","vap_aian","atg_20_rep_knu",0.504566005779518,0.211875232663903,0.110588847951764,0.89639403999111
"Prairie County","vap_aian","atg_20_dem_gra",0.495433994220482,0.211875232663903,0.10360596000889,0.889411152048236
"Prairie County","vap_oth_b","atg_20_rep_knu",0.513236479124281,0.215531837695187,0.122938497204823,0.945138432693191
"Prairie County","vap_oth_b","atg_20_dem_gra",0.486763520875719,0.215531837695187,0.0548615673068087,0.877061502795177
"Prairie County","vap_white","sos_20_rep_jac",0.825616794442339,0.0179282112163194,0.789842182774655,0.860397166804759
"Prairie County","vap_white","sos_20_dem_ben",0.174383205557661,0.0179282112163194,0.139602833195241,0.210157817225345
"Prairie County","vap_black","sos_20_rep_jac",0.50616170352191,0.228598442745803,0.0801629414762312,0.929152406433555
"Prairie County","vap_black","sos_20_dem_ben",0.49383829647809,0.228598442745803,0.0708475935664446,0.919837058523769
"Prairie County","vap_hisp","sos_20_rep_jac",0.489770104062447,0.204477822323882,0.0941539175567213,0.8752731563497
"Prairie County","vap_hisp","sos_20_dem_ben",0.510229895937553,0.204477822323882,0.1247268436503,0.905846082443279
"Prairie County","vap_asian","sos_20_rep_jac",0.49761726043246,0.224350773453354,0.0777753819791937,0.91028915771524
"Prairie County","vap_asian","sos_20_dem_ben",0.50238273956754,0.224350773453354,0.0897108422847593,0.922224618020806
"Prairie County","vap_aian","sos_20_rep_jac",0.506117613914296,0.208880623261914,0.113606989508143,0.892102248668285
"Prairie County","vap_aian","sos_20_dem_ben",0.493882386085705,0.208880623261914,0.107897751331715,0.886393010491856
"Prairie County","vap_oth_b","sos_20_rep_jac",0.483244810486079,0.201267428733514,0.111927592764454,0.87050553582738
"Prairie County","vap_oth_b","sos_20_dem_ben",0.516755189513921,0.201267428733514,0.12949446417262,0.888072407235546
"Ravalli County","vap_white","pre_16_rep_tru",0.737182526084971,0.0105294255377847,0.716824852518573,0.756702778204581
"Ravalli County","vap_white","pre_16_dem_cli",0.262817473915029,0.0105294255377847,0.243297221795419,0.283175147481427
"Ravalli County","vap_black","pre_16_rep_tru",0.49002788386771,0.172199002599208,0.173655433810825,0.813410271064703
"Ravalli County","vap_black","pre_16_dem_cli",0.50997211613229,0.172199002599208,0.186589728935297,0.826344566189175
"Ravalli County","vap_hisp","pre_16_rep_tru",0.5743841055386,0.161019705911909,0.242830931206674,0.853823430458059
"Ravalli County","vap_hisp","pre_16_dem_cli",0.4256158944614,0.161019705911909,0.146176569541941,0.757169068793326
"Ravalli County","vap_asian","pre_16_rep_tru",0.490636938888853,0.172965816927469,0.173879688833513,0.804967064019153
"Ravalli County","vap_asian","pre_16_dem_cli",0.509363061111147,0.172965816927469,0.195032935980847,0.826120311166487
"Ravalli County","vap_aian","pre_16_rep_tru",0.490443452355798,0.175977789896121,0.163687854666226,0.825435023877777
"Ravalli County","vap_aian","pre_16_dem_cli",0.509556547644202,0.175977789896121,0.174564976122223,0.836312145333774
"Ravalli County","vap_oth_b","pre_16_rep_tru",0.48981838243056,0.175010015236333,0.156223069131643,0.826144805922548
"Ravalli County","vap_oth_b","pre_16_dem_cli",0.510181617569441,0.175010015236333,0.173855194077452,0.843776930868357
"Ravalli County","vap_white","gov_16_rep_gia",0.597862489482528,0.0108677846707407,0.575264270468524,0.61764682398148
"Ravalli County","vap_white","gov_16_dem_bul",0.402137510517472,0.0108677846707407,0.38235317601852,0.424735729531476
"Ravalli County","vap_black","gov_16_rep_gia",0.5213615165391,0.179568083425676,0.191012742073534,0.871666213959043
"Ravalli County","vap_black","gov_16_dem_bul",0.4786384834609,0.179568083425676,0.128333786040957,0.808987257926466
"Ravalli County","vap_hisp","gov_16_rep_gia",0.526030922806823,0.177955915821987,0.171164882315079,0.842674337293091
"Ravalli County","vap_hisp","gov_16_dem_bul",0.473969077193177,0.177955915821987,0.157325662706909,0.828835117684921
"Ravalli County","vap_asian","gov_16_rep_gia",0.489008641656526,0.173913227398998,0.165288459184024,0.820929460696289
"Ravalli County","vap_asian","gov_16_dem_bul",0.510991358343474,0.173913227398998,0.179070539303711,0.834711540815976
"Ravalli County","vap_aian","gov_16_rep_gia",0.485403528063394,0.166035902655837,0.172837294445713,0.804458126818592
"Ravalli County","vap_aian","gov_16_dem_bul",0.514596471936606,0.166035902655837,0.195541873181407,0.827162705554287
"Ravalli County","vap_oth_b","gov_16_rep_gia",0.483482864980447,0.165437870982155,0.189720761220623,0.815935709630353
"Ravalli County","vap_oth_b","gov_16_dem_bul",0.516517135019553,0.165437870982155,0.184064290369647,0.810279238779377
"Ravalli County","vap_white","atg_16_rep_fox",0.788170408674835,0.010450392999782,0.767718629195719,0.808055378262256
"Ravalli County","vap_white","atg_16_dem_jen",0.211829591325165,0.010450392999782,0.191944621737744,0.232281370804281
"Ravalli County","vap_black","atg_16_rep_fox",0.473539750294192,0.172337269054761,0.160318666324046,0.79966126105765
"Ravalli County","vap_black","atg_16_dem_jen",0.526460249705808,0.172337269054761,0.20033873894235,0.839681333675954
"Ravalli County","vap_hisp","atg_16_rep_fox",0.575866360280965,0.161833766140273,0.25120277287473,0.856440346566622
"Ravalli County","vap_hisp","atg_16_dem_jen",0.424133639719035,0.161833766140273,0.143559653433378,0.74879722712527
"Ravalli County","vap_asian","atg_16_rep_fox",0.486512271282972,0.174696416267602,0.14735001368215,0.804862683809114
"Ravalli County","vap_asian","atg_16_dem_jen",0.513487728717028,0.174696416267602,0.195137316190886,0.85264998631785
"Ravalli County","vap_aian","atg_16_rep_fox",0.490034535250128,0.170903694831584,0.166130037756522,0.81809494708254
"Ravalli County","vap_aian","atg_16_dem_jen",0.509965464749872,0.170903694831584,0.18190505291746,0.833869962243478
"Ravalli County","vap_oth_b","atg_16_rep_fox",0.472658378439254,0.178873858170901,0.135094756259461,0.817576456444154
"Ravalli County","vap_oth_b","atg_16_dem_jen",0.527341621560746,0.178873858170901,0.182423543555846,0.864905243740539
"Ravalli County","vap_white","sos_16_rep_sta",0.713120526557862,0.0106234272049503,0.692081006802649,0.733692517665308
"Ravalli County","vap_white","sos_16_dem_lin",0.286879473442138,0.0106234272049503,0.266307482334692,0.307918993197351
"Ravalli County","vap_black","sos_16_rep_sta",0.498939037940696,0.178256320609469,0.142596194996375,0.830049572070459
"Ravalli County","vap_black","sos_16_dem_lin",0.501060962059304,0.178256320609469,0.169950427929541,0.857403805003625
"Ravalli County","vap_hisp","sos_16_rep_sta",0.525127070158862,0.168473755292602,0.20200882485638,0.838576749786276
"Ravalli County","vap_hisp","sos_16_dem_lin",0.474872929841137,0.168473755292602,0.161423250213723,0.79799117514362
"Ravalli County","vap_asian","sos_16_rep_sta",0.492112122939584,0.181980571577953,0.140919980877884,0.837772040276571
"Ravalli County","vap_asian","sos_16_dem_lin",0.507887877060416,0.181980571577953,0.162227959723429,0.859080019122116
"Ravalli County","vap_aian","sos_16_rep_sta",0.502785693197225,0.173126600361178,0.178650053949519,0.826240348093204
"Ravalli County","vap_aian","sos_16_dem_lin",0.497214306802775,0.173126600361178,0.173759651906796,0.821349946050481
"Ravalli County","vap_oth_b","sos_16_rep_sta",0.479191581575865,0.175951642442222,0.15467294988583,0.813594184293205
"Ravalli County","vap_oth_b","sos_16_dem_lin",0.520808418424135,0.175951642442222,0.186405815706795,0.84532705011417
"Ravalli County","vap_white","uss_18_rep_ros",0.625856557074351,0.0105256165970712,0.604895672687234,0.64586158132713
"Ravalli County","vap_white","uss_18_dem_tes",0.374143442925649,0.0105256165970712,0.35413841867287,0.395104327312766
"Ravalli County","vap_black","uss_18_rep_ros",0.486788636588778,0.170940838882517,0.170768102474482,0.807201809295052
"Ravalli County","vap_black","uss_18_dem_tes",0.513211363411222,0.170940838882517,0.192798190704948,0.829231897525519
"Ravalli County","vap_hisp","uss_18_rep_ros",0.533883757376793,0.162391547555285,0.213549195793568,0.832054208282552
"Ravalli County","vap_hisp","uss_18_dem_tes",0.466116242623206,0.162391547555285,0.167945791717448,0.786450804206432
"Ravalli County","vap_asian","uss_18_rep_ros",0.495771698558108,0.166182097652396,0.187622827583885,0.809911240929749
"Ravalli County","vap_asian","uss_18_dem_tes",0.504228301441892,0.166182097652396,0.190088759070251,0.812377172416114
"Ravalli County","vap_aian","uss_18_rep_ros",0.499472636032853,0.181265877992411,0.158734725836458,0.827472725401946
"Ravalli County","vap_aian","uss_18_dem_tes",0.500527363967147,0.181265877992411,0.172527274598054,0.841265274163542
"Ravalli County","vap_oth_b","uss_18_rep_ros",0.489877316527009,0.172775912848707,0.163096035679861,0.815326572569887
"Ravalli County","vap_oth_b","uss_18_dem_tes",0.510122683472991,0.172775912848707,0.184673427430113,0.836903964320139
"Ravalli County","vap_white","pre_20_rep_tru",0.718897629475964,0.00989994138736002,0.699684182516423,0.737956045269166
"Ravalli County","vap_white","pre_20_dem_bid",0.281102370524036,0.00989994138736002,0.262043954730834,0.300315817483577
"Ravalli County","vap_black","pre_20_rep_tru",0.4834724192886,0.193011066217117,0.0993680415239389,0.84270916725105
"Ravalli County","vap_black","pre_20_dem_bid",0.5165275807114,0.193011066217117,0.15729083274895,0.900631958476061
"Ravalli County","vap_hisp","pre_20_rep_tru",0.551093452125888,0.164955996165412,0.225210608377453,0.849996799594341
"Ravalli County","vap_hisp","pre_20_dem_bid",0.448906547874112,0.164955996165412,0.150003200405659,0.774789391622547
"Ravalli County","vap_asian","pre_20_rep_tru",0.483502978764115,0.172904789381808,0.162861766291678,0.813739879879013
"Ravalli County","vap_asian","pre_20_dem_bid",0.516497021235885,0.172904789381808,0.186260120120987,0.837138233708322
"Ravalli County","vap_aian","pre_20_rep_tru",0.492855862223565,0.173982071948765,0.179659160890896,0.821605569772349
"Ravalli County","vap_aian","pre_20_dem_bid",0.507144137776435,0.173982071948765,0.178394430227651,0.820340839109104
"Ravalli County","vap_oth_b","pre_20_rep_tru",0.466910805448472,0.172644191967612,0.151176933240779,0.808930063072263
"Ravalli County","vap_oth_b","pre_20_dem_bid",0.533089194551528,0.172644191967612,0.191069936927737,0.848823066759221
"Ravalli County","vap_white","uss_20_rep_dai",0.686565720470964,0.00992088760443101,0.666309828908044,0.70471481140306
"Ravalli County","vap_white","uss_20_dem_bul",0.313434279529036,0.00992088760443101,0.295285188596941,0.333690171091956
"Ravalli County","vap_black","uss_20_rep_dai",0.479242838160886,0.185086067705379,0.133206349871201,0.81522691036021
"Ravalli County","vap_black","uss_20_dem_bul",0.520757161839114,0.185086067705379,0.18477308963979,0.866793650128799
"Ravalli County","vap_hisp","uss_20_rep_dai",0.509665149828902,0.155091269380595,0.213224881865193,0.79868537966507
"Ravalli County","vap_hisp","uss_20_dem_bul",0.490334850171098,0.155091269380595,0.20131462033493,0.786775118134806
"Ravalli County","vap_asian","uss_20_rep_dai",0.490526467593588,0.170260771379161,0.17876616840018,0.809696377145403
"Ravalli County","vap_asian","uss_20_dem_bul",0.509473532406412,0.170260771379161,0.190303622854597,0.82123383159982
"Ravalli County","vap_aian","uss_20_rep_dai",0.488022558647342,0.174198686109719,0.164956065903952,0.813930773491083
"Ravalli County","vap_aian","uss_20_dem_bul",0.511977441352658,0.174198686109719,0.186069226508917,0.835043934096047
"Ravalli County","vap_oth_b","uss_20_rep_dai",0.488155624553439,0.162283141660515,0.196027268259609,0.812038353847971
"Ravalli County","vap_oth_b","uss_20_dem_bul",0.511844375446561,0.162283141660515,0.187961646152029,0.803972731740391
"Ravalli County","vap_white","gov_20_rep_gia",0.707619100846745,0.00977751461299418,0.688209755465951,0.725628590167903
"Ravalli County","vap_white","gov_20_dem_coo",0.292380899153255,0.00977751461299418,0.274371409832097,0.311790244534049
"Ravalli County","vap_black","gov_20_rep_gia",0.487998865689468,0.177532176333648,0.15052116843571,0.82542789574663
"Ravalli County","vap_black","gov_20_dem_coo",0.512001134310532,0.177532176333648,0.17457210425337,0.84947883156429
"Ravalli County","vap_hisp","gov_20_rep_gia",0.568901613101082,0.171371145119154,0.245421273580111,0.890670704852413
"Ravalli County","vap_hisp","gov_20_dem_coo",0.431098386898917,0.171371145119154,0.109329295147587,0.754578726419889
"Ravalli County","vap_asian","gov_20_rep_gia",0.508943819680611,0.182440438603351,0.175205771429667,0.863427467997549
"Ravalli County","vap_asian","gov_20_dem_coo",0.491056180319389,0.182440438603351,0.136572532002451,0.824794228570333
"Ravalli County","vap_aian","gov_20_rep_gia",0.491356966232677,0.167883170230575,0.175168350337695,0.798186957222192
"Ravalli County","vap_aian","gov_20_dem_coo",0.508643033767323,0.167883170230575,0.201813042777808,0.824831649662305
"Ravalli County","vap_oth_b","gov_20_rep_gia",0.496988830916911,0.164322336351261,0.205399422735837,0.817949902811186
"Ravalli County","vap_oth_b","gov_20_dem_coo",0.503011169083089,0.164322336351261,0.182050097188814,0.794600577264163
"Ravalli County","vap_white","atg_20_rep_knu",0.720930527948554,0.0106067742383897,0.700779336482478,0.74057512125376
"Ravalli County","vap_white","atg_20_dem_gra",0.279069472051446,0.0106067742383897,0.25942487874624,0.299220663517522
"Ravalli County","vap_black","atg_20_rep_knu",0.497318022796077,0.179916314086623,0.145907267036096,0.842590931386274
"Ravalli County","vap_black","atg_20_dem_gra",0.502681977203923,0.179916314086623,0.157409068613726,0.854092732963904
"Ravalli County","vap_hisp","atg_20_rep_knu",0.571517940555204,0.155524384350971,0.260113220267225,0.845895264471149
"Ravalli County","vap_hisp","atg_20_dem_gra",0.428482059444796,0.155524384350971,0.154104735528851,0.739886779732775
"Ravalli County","vap_asian","atg_20_rep_knu",0.51145028979373,0.166871858135509,0.200872419960128,0.826516658719013
"Ravalli County","vap_asian","atg_20_dem_gra",0.48854971020627,0.166871858135509,0.173483341280987,0.799127580039872
"Ravalli County","vap_aian","atg_20_rep_knu",0.489508727017475,0.171638895952315,0.178627703580161,0.820035139026322
"Ravalli County","vap_aian","atg_20_dem_gra",0.510491272982525,0.171638895952315,0.179964860973678,0.821372296419839
"Ravalli County","vap_oth_b","atg_20_rep_knu",0.509687483878918,0.175798552128956,0.188117724860808,0.85208015780249
"Ravalli County","vap_oth_b","atg_20_dem_gra",0.490312516121082,0.175798552128956,0.14791984219751,0.811882275139193
"Ravalli County","vap_white","sos_20_rep_jac",0.731698690900617,0.0102079413659647,0.712717912672053,0.751071923532564
"Ravalli County","vap_white","sos_20_dem_ben",0.268301309099383,0.0102079413659647,0.248928076467436,0.287282087327947
"Ravalli County","vap_black","sos_20_rep_jac",0.513325318331448,0.176048551992078,0.174020169552231,0.840868691519051
"Ravalli County","vap_black","sos_20_dem_ben",0.486674681668552,0.176048551992078,0.159131308480949,0.825979830447769
"Ravalli County","vap_hisp","sos_20_rep_jac",0.530700725764774,0.162118473009491,0.221703056322452,0.825674541478524
"Ravalli County","vap_hisp","sos_20_dem_ben",0.469299274235226,0.162118473009491,0.174325458521476,0.778296943677548
"Ravalli County","vap_asian","sos_20_rep_jac",0.468824030136721,0.173330173569779,0.140153937483504,0.788110821544419
"Ravalli County","vap_asian","sos_20_dem_ben",0.531175969863279,0.173330173569779,0.211889178455581,0.859846062516496
"Ravalli County","vap_aian","sos_20_rep_jac",0.479637168627829,0.172236232018567,0.156676445259773,0.81022921683425
"Ravalli County","vap_aian","sos_20_dem_ben",0.520362831372171,0.172236232018567,0.18977078316575,0.843323554740227
"Ravalli County","vap_oth_b","sos_20_rep_jac",0.476238265685836,0.166588997266271,0.170571726923577,0.792829671183133
"Ravalli County","vap_oth_b","sos_20_dem_ben",0.523761734314164,0.166588997266271,0.207170328816867,0.829428273076423
"Richland County","vap_white","pre_16_rep_tru",0.90001333536563,0.0150179566969501,0.868693013010922,0.927461682081613
"Richland County","vap_white","pre_16_dem_cli",0.0999866646343695,0.0150179566969501,0.072538317918387,0.131306986989078
"Richland County","vap_black","pre_16_rep_tru",0.48951436053905,0.184351920320753,0.14805152163866,0.846706445612528
"Richland County","vap_black","pre_16_dem_cli",0.51048563946095,0.184351920320753,0.153293554387472,0.85194847836134
"Richland County","vap_hisp","pre_16_rep_tru",0.42148960157587,0.181818832548744,0.10025205776155,0.779591509854294
"Richland County","vap_hisp","pre_16_dem_cli",0.57851039842413,0.181818832548744,0.220408490145706,0.899747942238449
"Richland County","vap_asian","pre_16_rep_tru",0.477989949546084,0.190128227887351,0.111763331655012,0.840709986569556
"Richland County","vap_asian","pre_16_dem_cli",0.522010050453916,0.190128227887351,0.159290013430444,0.888236668344987
"Richland County","vap_aian","pre_16_rep_tru",0.483468410133417,0.180846010879396,0.147452811901408,0.832079096584544
"Richland County","vap_aian","pre_16_dem_cli",0.516531589866583,0.180846010879396,0.167920903415456,0.852547188098591
"Richland County","vap_oth_b","pre_16_rep_tru",0.40229467067608,0.176679296304134,0.111583470454328,0.779014558619996
"Richland County","vap_oth_b","pre_16_dem_cli",0.59770532932392,0.176679296304134,0.220985441380004,0.888416529545672
"Richland County","vap_white","gov_16_rep_gia",0.790962134522944,0.0153955268946246,0.761531789774795,0.821038209349693
"Richland County","vap_white","gov_16_dem_bul",0.209037865477056,0.0153955268946246,0.178961790650307,0.238468210225205
"Richland County","vap_black","gov_16_rep_gia",0.505697039518598,0.187594636390082,0.154551639715164,0.856627629796645
"Richland County","vap_black","gov_16_dem_bul",0.494302960481402,0.187594636390082,0.143372370203355,0.845448360284836
"Richland County","vap_hisp","gov_16_rep_gia",0.468016352712129,0.186086992604499,0.134979000126349,0.835794614604343
"Richland County","vap_hisp","gov_16_dem_bul",0.531983647287871,0.186086992604499,0.164205385395657,0.865020999873651
"Richland County","vap_asian","gov_16_rep_gia",0.49925578350981,0.181829773186355,0.156182705044032,0.843023460738208
"Richland County","vap_asian","gov_16_dem_bul",0.50074421649019,0.181829773186355,0.156976539261792,0.843817294955968
"Richland County","vap_aian","gov_16_rep_gia",0.504643849689008,0.191174697728812,0.132452184409015,0.854852232506755
"Richland County","vap_aian","gov_16_dem_bul",0.495356150310992,0.191174697728812,0.145147767493245,0.867547815590985
"Richland County","vap_oth_b","gov_16_rep_gia",0.487725734807526,0.185038457339326,0.168259962676523,0.858660518553387
"Richland County","vap_oth_b","gov_16_dem_bul",0.512274265192475,0.185038457339326,0.141339481446613,0.831740037323477
"Richland County","vap_white","atg_16_rep_fox",0.895386061853377,0.0150292970134717,0.866395719697786,0.924066495770274
"Richland County","vap_white","atg_16_dem_jen",0.104613938146623,0.0150292970134717,0.075933504229726,0.133604280302214
"Richland County","vap_black","atg_16_rep_fox",0.498908608504769,0.182129181882272,0.154560018949458,0.844849780670165
"Richland County","vap_black","atg_16_dem_jen",0.501091391495231,0.182129181882272,0.155150219329835,0.845439981050542
"Richland County","vap_hisp","atg_16_rep_fox",0.431904945695009,0.174039780363414,0.125461021713752,0.793038519047476
"Richland County","vap_hisp","atg_16_dem_jen",0.568095054304991,0.174039780363414,0.206961480952524,0.874538978286248
"Richland County","vap_asian","atg_16_rep_fox",0.500028846897106,0.181536753823214,0.159797980467724,0.839083877328719
"Richland County","vap_asian","atg_16_dem_jen",0.499971153102894,0.181536753823214,0.160916122671281,0.840202019532275
"Richland County","vap_aian","atg_16_rep_fox",0.456130723550376,0.182727105752742,0.126027082216398,0.808413199668247
"Richland County","vap_aian","atg_16_dem_jen",0.543869276449624,0.182727105752742,0.191586800331752,0.873972917783602
"Richland County","vap_oth_b","atg_16_rep_fox",0.399876916886551,0.180104865242401,0.0933249174827843,0.771555745029229
"Richland County","vap_oth_b","atg_16_dem_jen",0.600123083113449,0.180104865242401,0.228444254970771,0.906675082517216
"Richland County","vap_white","sos_16_rep_sta",0.807176306883435,0.0153705976801219,0.776907309198562,0.836675069554142
"Richland County","vap_white","sos_16_dem_lin",0.192823693116565,0.0153705976801219,0.163324930445858,0.223092690801438
"Richland County","vap_black","sos_16_rep_sta",0.484590826233261,0.181352448264378,0.144173837000142,0.828212832562361
"Richland County","vap_black","sos_16_dem_lin",0.515409173766739,0.181352448264378,0.171787167437639,0.855826162999857
"Richland County","vap_hisp","sos_16_rep_sta",0.470639890217964,0.181062664126735,0.145576083135218,0.826123396934283
"Richland County","vap_hisp","sos_16_dem_lin",0.529360109782036,0.181062664126735,0.173876603065717,0.854423916864782
"Richland County","vap_asian","sos_16_rep_sta",0.513433647042435,0.177219661586093,0.176961697599419,0.842982398895315
"Richland County","vap_asian","sos_16_dem_lin",0.486566352957565,0.177219661586093,0.157017601104685,0.823038302400581
"Richland County","vap_aian","sos_16_rep_sta",0.497565149965448,0.182050305428839,0.156983868983864,0.846397289734926
"Richland County","vap_aian","sos_16_dem_lin",0.502434850034552,0.182050305428839,0.153602710265074,0.843016131016136
"Richland County","vap_oth_b","sos_16_rep_sta",0.458130925995365,0.176090754927271,0.142721622351535,0.800921711318485
"Richland County","vap_oth_b","sos_16_dem_lin",0.541869074004635,0.176090754927271,0.199078288681515,0.857278377648465
"Richland County","vap_white","uss_18_rep_ros",0.739156783733156,0.0158804573278754,0.708138819539996,0.77028713168269
"Richland County","vap_white","uss_18_dem_tes",0.260843216266844,0.0158804573278754,0.22971286831731,0.291861180460004
"Richland County","vap_black","uss_18_rep_ros",0.505987501131454,0.181598333765174,0.162974247834642,0.847402046748799
"Richland County","vap_black","uss_18_dem_tes",0.494012498868546,0.181598333765174,0.152597953251201,0.837025752165358
"Richland County","vap_hisp","uss_18_rep_ros",0.468749744688434,0.187159265599089,0.114270127092631,0.82378660476912
"Richland County","vap_hisp","uss_18_dem_tes",0.531250255311566,0.187159265599089,0.176213395230879,0.885729872907368
"Richland County","vap_asian","uss_18_rep_ros",0.503335089086715,0.187879059608485,0.14712058588326,0.863997936703828
"Richland County","vap_asian","uss_18_dem_tes",0.496664910913285,0.187879059608485,0.136002063296172,0.85287941411674
"Richland County","vap_aian","uss_18_rep_ros",0.510533192053803,0.189497534591026,0.1487285789418,0.871416975813516
"Richland County","vap_aian","uss_18_dem_tes",0.489466807946197,0.189497534591026,0.128583024186484,0.8512714210582
"Richland County","vap_oth_b","uss_18_rep_ros",0.478418690250831,0.176997774847267,0.159962022449348,0.821556424772953
"Richland County","vap_oth_b","uss_18_dem_tes",0.521581309749169,0.176997774847267,0.178443575227047,0.840037977550652
"Richland County","vap_white","pre_20_rep_tru",0.892375548333224,0.0153245981656494,0.862829629251343,0.921773494707991
"Richland County","vap_white","pre_20_dem_bid",0.107624451666776,0.0153245981656494,0.0782265052920087,0.137170370748657
"Richland County","vap_black","pre_20_rep_tru",0.49341610130822,0.188830337716023,0.142850148852883,0.850903116480234
"Richland County","vap_black","pre_20_dem_bid",0.50658389869178,0.188830337716023,0.149096883519766,0.857149851147117
"Richland County","vap_hisp","pre_20_rep_tru",0.442544671813367,0.176771376070167,0.136784857145257,0.792228840816389
"Richland County","vap_hisp","pre_20_dem_bid",0.557455328186633,0.176771376070167,0.207771159183611,0.863215142854742
"Richland County","vap_asian","pre_20_rep_tru",0.474027575760505,0.176846502758891,0.152651775288887,0.820054860451979
"Richland County","vap_asian","pre_20_dem_bid",0.525972424239495,0.176846502758891,0.179945139548021,0.847348224711113
"Richland County","vap_aian","pre_20_rep_tru",0.476572784921799,0.179229440446557,0.14190481629978,0.819445068815449
"Richland County","vap_aian","pre_20_dem_bid",0.523427215078201,0.179229440446557,0.18055493118455,0.85809518370022
"Richland County","vap_oth_b","pre_20_rep_tru",0.39240216257623,0.188751584732919,0.0690942399618073,0.75990068943028
"Richland County","vap_oth_b","pre_20_dem_bid",0.60759783742377,0.188751584732919,0.24009931056972,0.930905760038193
"Richland County","vap_white","uss_20_rep_dai",0.84633000759744,0.0144822816110727,0.817591228201897,0.873779429029632
"Richland County","vap_white","uss_20_dem_bul",0.15366999240256,0.0144822816110727,0.126220570970368,0.182408771798103
"Richland County","vap_black","uss_20_rep_dai",0.503679211589435,0.184257269938591,0.146225788504372,0.851415074066756
"Richland County","vap_black","uss_20_dem_bul",0.496320788410565,0.184257269938591,0.148584925933244,0.853774211495629
"Richland County","vap_hisp","uss_20_rep_dai",0.446734610480005,0.169524174040919,0.142427285021268,0.781395488993832
"Richland County","vap_hisp","uss_20_dem_bul",0.553265389519995,0.169524174040919,0.218604511006168,0.857572714978732
"Richland County","vap_asian","uss_20_rep_dai",0.484502572729928,0.184707884157994,0.142616850536699,0.831871923248001
"Richland County","vap_asian","uss_20_dem_bul",0.515497427270072,0.184707884157994,0.168128076751999,0.857383149463301
"Richland County","vap_aian","uss_20_rep_dai",0.472381386280564,0.175517580316075,0.147091802700752,0.813087960416173
"Richland County","vap_aian","uss_20_dem_bul",0.527618613719436,0.175517580316075,0.186912039583826,0.852908197299248
"Richland County","vap_oth_b","uss_20_rep_dai",0.458431912108434,0.182967727282797,0.132617777655777,0.821114266325666
"Richland County","vap_oth_b","uss_20_dem_bul",0.541568087891566,0.182967727282797,0.178885733674334,0.867382222344223
"Richland County","vap_white","gov_20_rep_gia",0.852340879453967,0.0149370591471589,0.822849529302251,0.880856408534105
"Richland County","vap_white","gov_20_dem_coo",0.147659120546033,0.0149370591471589,0.119143591465896,0.177150470697749
"Richland County","vap_black","gov_20_rep_gia",0.487732681418298,0.186947021522453,0.128024361613146,0.834327080175528
"Richland County","vap_black","gov_20_dem_coo",0.512267318581702,0.186947021522453,0.165672919824472,0.871975638386854
"Richland County","vap_hisp","gov_20_rep_gia",0.455009963417691,0.181611688124223,0.12786913500649,0.812185933601292
"Richland County","vap_hisp","gov_20_dem_coo",0.54499003658231,0.181611688124223,0.187814066398708,0.87213086499351
"Richland County","vap_asian","gov_20_rep_gia",0.491338380450896,0.18405616103739,0.148085145835636,0.835775404737513
"Richland County","vap_asian","gov_20_dem_coo",0.508661619549104,0.18405616103739,0.164224595262487,0.851914854164364
"Richland County","vap_aian","gov_20_rep_gia",0.486899620626123,0.176633786847412,0.167912031814351,0.8337326931821
"Richland County","vap_aian","gov_20_dem_coo",0.513100379373877,0.176633786847412,0.166267306817899,0.832087968185649
"Richland County","vap_oth_b","gov_20_rep_gia",0.453514115326478,0.183338560479597,0.12367603948407,0.811790435435418
"Richland County","vap_oth_b","gov_20_dem_coo",0.546485884673522,0.183338560479597,0.188209564564582,0.87632396051593
"Richland County","vap_white","atg_20_rep_knu",0.876230976570691,0.0139943602195726,0.848959866133487,0.902709886005196
"Richland County","vap_white","atg_20_dem_gra",0.123769023429309,0.0139943602195726,0.0972901139948037,0.151040133866513
"Richland County","vap_black","atg_20_rep_knu",0.489527658969837,0.187733513556414,0.14692381069529,0.843162427769133
"Richland County","vap_black","atg_20_dem_gra",0.510472341030163,0.187733513556414,0.156837572230867,0.85307618930471
"Richland County","vap_hisp","atg_20_rep_knu",0.433407596409802,0.177266539395172,0.112848546254937,0.780884724822484
"Richland County","vap_hisp","atg_20_dem_gra",0.566592403590198,0.177266539395172,0.219115275177516,0.887151453745063
"Richland County","vap_asian","atg_20_rep_knu",0.490832387987844,0.177505526269553,0.153986099196445,0.826338076542587
"Richland County","vap_asian","atg_20_dem_gra",0.509167612012156,0.177505526269553,0.173661923457413,0.846013900803555
"Richland County","vap_aian","atg_20_rep_knu",0.486974099185193,0.177934804975286,0.145740428522295,0.826979095586996
"Richland County","vap_aian","atg_20_dem_gra",0.513025900814807,0.177934804975286,0.173020904413004,0.854259571477705
"Richland County","vap_oth_b","atg_20_rep_knu",0.437478223647449,0.173443598980044,0.138464377394806,0.788614061392876
"Richland County","vap_oth_b","atg_20_dem_gra",0.562521776352551,0.173443598980044,0.211385938607124,0.861535622605194
"Richland County","vap_white","sos_20_rep_jac",0.876707971634449,0.0146323918322928,0.847640659167327,0.903898950900632
"Richland County","vap_white","sos_20_dem_ben",0.123292028365551,0.0146323918322928,0.0961010490993675,0.152359340832673
"Richland County","vap_black","sos_20_rep_jac",0.483022003908359,0.185615306516695,0.140835419026356,0.838244378108589
"Richland County","vap_black","sos_20_dem_ben",0.516977996091641,0.185615306516695,0.16175562189141,0.859164580973644
"Richland County","vap_hisp","sos_20_rep_jac",0.459959166502559,0.18755258744981,0.13820934425237,0.853653343363408
"Richland County","vap_hisp","sos_20_dem_ben",0.540040833497441,0.18755258744981,0.146346656636592,0.86179065574763
"Richland County","vap_asian","sos_20_rep_jac",0.512353944678022,0.183566039088344,0.170632963453864,0.866139813278314
"Richland County","vap_asian","sos_20_dem_ben",0.487646055321978,0.183566039088344,0.133860186721686,0.829367036546136
"Richland County","vap_aian","sos_20_rep_jac",0.470588470956285,0.18277664813659,0.143712200294038,0.824703870630032
"Richland County","vap_aian","sos_20_dem_ben",0.529411529043715,0.18277664813659,0.175296129369968,0.856287799705962
"Richland County","vap_oth_b","sos_20_rep_jac",0.438232849139324,0.177772264338601,0.130128257924712,0.798725420741098
"Richland County","vap_oth_b","sos_20_dem_ben",0.561767150860676,0.177772264338601,0.201274579258902,0.869871742075287
"Roosevelt County","vap_white","pre_16_rep_tru",0.895842454931106,0.0300458879394032,0.827814687138932,0.944660896978121
"Roosevelt County","vap_white","pre_16_dem_cli",0.104157545068894,0.0300458879394032,0.0553391030218788,0.172185312861068
"Roosevelt County","vap_black","pre_16_rep_tru",0.502353862761263,0.201660069886349,0.117929623334536,0.878364010584657
"Roosevelt County","vap_black","pre_16_dem_cli",0.497646137238737,0.201660069886349,0.121635989415343,0.882070376665464
"Roosevelt County","vap_hisp","pre_16_rep_tru",0.54483059875366,0.177828455111754,0.174907424705453,0.858337029452665
"Roosevelt County","vap_hisp","pre_16_dem_cli",0.45516940124634,0.177828455111754,0.141662970547335,0.825092575294547
"Roosevelt County","vap_asian","pre_16_rep_tru",0.495933192413801,0.186652795592686,0.143025897461201,0.850242649482917
"Roosevelt County","vap_asian","pre_16_dem_cli",0.504066807586199,0.186652795592686,0.149757350517083,0.856974102538799
"Roosevelt County","vap_aian","pre_16_rep_tru",0.192200497168517,0.036056554259962,0.129764341805999,0.269359595625541
"Roosevelt County","vap_aian","pre_16_dem_cli",0.807799502831483,0.036056554259962,0.730640404374459,0.870235658194001
"Roosevelt County","vap_oth_b","pre_16_rep_tru",0.521971675236276,0.176847234909596,0.171132785711688,0.847327295686114
"Roosevelt County","vap_oth_b","pre_16_dem_cli",0.478028324763724,0.176847234909596,0.152672704313886,0.828867214288312
"Roosevelt County","vap_white","gov_16_rep_gia",0.772402691786709,0.0357351684529954,0.698238947910649,0.836676344805459
"Roosevelt County","vap_white","gov_16_dem_bul",0.227597308213291,0.0357351684529954,0.163323655194541,0.301761052089351
"Roosevelt County","vap_black","gov_16_rep_gia",0.491182966370357,0.199660968197031,0.115289615894565,0.868769005091876
"Roosevelt County","vap_black","gov_16_dem_bul",0.508817033629643,0.199660968197031,0.131230994908124,0.884710384105435
"Roosevelt County","vap_hisp","gov_16_rep_gia",0.556336536911424,0.171830620597435,0.213534507520368,0.862739085704066
"Roosevelt County","vap_hisp","gov_16_dem_bul",0.443663463088576,0.171830620597435,0.137260914295934,0.786465492479632
"Roosevelt County","vap_asian","gov_16_rep_gia",0.513733115179186,0.187066000765865,0.160448744790998,0.860360928370487
"Roosevelt County","vap_asian","gov_16_dem_bul",0.486266884820814,0.187066000765865,0.139639071629513,0.839551255209002
"Roosevelt County","vap_aian","gov_16_rep_gia",0.104508273014687,0.0345819677721635,0.0477419310231081,0.181928659596001
"Roosevelt County","vap_aian","gov_16_dem_bul",0.895491726985313,0.0345819677721635,0.818071340403999,0.952258068976892
"Roosevelt County","vap_oth_b","gov_16_rep_gia",0.515929745447825,0.193801819661845,0.157362136535528,0.893763411538119
"Roosevelt County","vap_oth_b","gov_16_dem_bul",0.484070254552175,0.193801819661845,0.106236588461881,0.842637863464472
"Roosevelt County","vap_white","atg_16_rep_fox",0.879068411034073,0.0320089662683731,0.808558166578217,0.933768842378258
"Roosevelt County","vap_white","atg_16_dem_jen",0.120931588965927,0.0320089662683731,0.0662311576217416,0.191441833421783
"Roosevelt County","vap_black","atg_16_rep_fox",0.50088068629115,0.198496116149745,0.128381726713701,0.8764857473684
"Roosevelt County","vap_black","atg_16_dem_jen",0.49911931370885,0.198496116149745,0.1235142526316,0.871618273286299
"Roosevelt County","vap_hisp","atg_16_rep_fox",0.570653200268268,0.166344524569161,0.234412172268183,0.871810091926336
"Roosevelt County","vap_hisp","atg_16_dem_jen",0.429346799731732,0.166344524569161,0.128189908073664,0.765587827731817
"Roosevelt County","vap_asian","atg_16_rep_fox",0.519906581297631,0.183289446473641,0.164114353131454,0.853321490502932
"Roosevelt County","vap_asian","atg_16_dem_jen",0.480093418702369,0.183289446473641,0.146678509497068,0.835885646868546
"Roosevelt County","vap_aian","atg_16_rep_fox",0.218681660125161,0.0369689743974363,0.152741127677551,0.294539645239057
"Roosevelt County","vap_aian","atg_16_dem_jen",0.781318339874839,0.0369689743974363,0.705460354760943,0.847258872322449
"Roosevelt County","vap_oth_b","atg_16_rep_fox",0.558637555884027,0.170600523840728,0.216500589562243,0.856821354973212
"Roosevelt County","vap_oth_b","atg_16_dem_jen",0.441362444115973,0.170600523840728,0.143178645026788,0.783499410437757
"Roosevelt County","vap_white","sos_16_rep_sta",0.783786820542817,0.0358943115353428,0.708576821271185,0.849052202549056
"Roosevelt County","vap_white","sos_16_dem_lin",0.216213179457183,0.0358943115353428,0.150947797450944,0.291423178728815
"Roosevelt County","vap_black","sos_16_rep_sta",0.49393346151368,0.20223249534446,0.114970522449922,0.876665987361507
"Roosevelt County","vap_black","sos_16_dem_lin",0.50606653848632,0.20223249534446,0.123334012638493,0.885029477550077
"Roosevelt County","vap_hisp","sos_16_rep_sta",0.517719500021556,0.177456428073342,0.171644373886054,0.836891145176759
"Roosevelt County","vap_hisp","sos_16_dem_lin",0.482280499978444,0.177456428073342,0.163108854823241,0.828355626113946
"Roosevelt County","vap_asian","sos_16_rep_sta",0.499695621060044,0.18309427167738,0.150200111898072,0.846902544231284
"Roosevelt County","vap_asian","sos_16_dem_lin",0.500304378939956,0.18309427167738,0.153097455768716,0.849799888101928
"Roosevelt County","vap_aian","sos_16_rep_sta",0.124538681188322,0.0342721799363006,0.0671196029248243,0.200935830835436
"Roosevelt County","vap_aian","sos_16_dem_lin",0.875461318811678,0.0342721799363006,0.799064169164564,0.932880397075176
"Roosevelt County","vap_oth_b","sos_16_rep_sta",0.516604544899472,0.174876742862305,0.183059468095391,0.852622895596664
"Roosevelt County","vap_oth_b","sos_16_dem_lin",0.483395455100528,0.174876742862305,0.147377104403336,0.816940531904609
"Roosevelt County","vap_white","uss_18_rep_ros",0.732250598304683,0.0329890099777739,0.665576493683301,0.794322031461269
"Roosevelt County","vap_white","uss_18_dem_tes",0.267749401695317,0.0329890099777739,0.205677968538731,0.334423506316699
"Roosevelt County","vap_black","uss_18_rep_ros",0.509202836757552,0.198581200154538,0.135839272957825,0.880635765989317
"Roosevelt County","vap_black","uss_18_dem_tes",0.490797163242448,0.198581200154538,0.119364234010683,0.864160727042175
"Roosevelt County","vap_hisp","uss_18_rep_ros",0.537442010428466,0.172353169601244,0.197540696671454,0.852865491971442
"Roosevelt County","vap_hisp","uss_18_dem_tes",0.462557989571534,0.172353169601244,0.147134508028557,0.802459303328546
"Roosevelt County","vap_asian","uss_18_rep_ros",0.506047027787381,0.193852362277398,0.134737072497281,0.863471186692294
"Roosevelt County","vap_asian","uss_18_dem_tes",0.493952972212619,0.193852362277398,0.136528813307706,0.865262927502719
"Roosevelt County","vap_aian","uss_18_rep_ros",0.0863280472567911,0.0310512204261371,0.033306145931836,0.155820601862214
"Roosevelt County","vap_aian","uss_18_dem_tes",0.913671952743209,0.0310512204261371,0.844179398137785,0.966693854068164
"Roosevelt County","vap_oth_b","uss_18_rep_ros",0.537855496740302,0.179402049365799,0.181907719316081,0.862414169843533
"Roosevelt County","vap_oth_b","uss_18_dem_tes",0.462144503259698,0.179402049365799,0.137585830156467,0.818092280683918
"Roosevelt County","vap_white","pre_20_rep_tru",0.853973466039922,0.0342576597748537,0.782635133299135,0.913342942706954
"Roosevelt County","vap_white","pre_20_dem_bid",0.146026533960078,0.0342576597748537,0.0866570572930455,0.217364866700865
"Roosevelt County","vap_black","pre_20_rep_tru",0.521649693871268,0.199309737791272,0.152230801777251,0.902083159609097
"Roosevelt County","vap_black","pre_20_dem_bid",0.478350306128732,0.199309737791272,0.0979168403909026,0.847769198222749
"Roosevelt County","vap_hisp","pre_20_rep_tru",0.549095408554471,0.168477816158686,0.213033285359189,0.855683267566468
"Roosevelt County","vap_hisp","pre_20_dem_bid",0.450904591445529,0.168477816158686,0.144316732433531,0.786966714640811
"Roosevelt County","vap_asian","pre_20_rep_tru",0.523199290120794,0.188168099651638,0.161946151801478,0.86881690981396
"Roosevelt County","vap_asian","pre_20_dem_bid",0.476800709879206,0.188168099651638,0.13118309018604,0.838053848198522
"Roosevelt County","vap_aian","pre_20_rep_tru",0.182808826352181,0.038216160312538,0.117964778439605,0.262141209117696
"Roosevelt County","vap_aian","pre_20_dem_bid",0.817191173647819,0.038216160312538,0.737858790882304,0.882035221560395
"Roosevelt County","vap_oth_b","pre_20_rep_tru",0.530321739059181,0.178139316186848,0.185641626787043,0.859188305565493
"Roosevelt County","vap_oth_b","pre_20_dem_bid",0.469678260940819,0.178139316186848,0.140811694434507,0.814358373212957
"Roosevelt County","vap_white","uss_20_rep_dai",0.800324550897617,0.033068573178346,0.73234436991475,0.861061366672852
"Roosevelt County","vap_white","uss_20_dem_bul",0.199675449102383,0.033068573178346,0.138938633327148,0.26765563008525
"Roosevelt County","vap_black","uss_20_rep_dai",0.500897129274692,0.196228740937076,0.136398097356789,0.876357387612707
"Roosevelt County","vap_black","uss_20_dem_bul",0.499102870725308,0.196228740937076,0.123642612387293,0.863601902643211
"Roosevelt County","vap_hisp","uss_20_rep_dai",0.541781234778921,0.178688122321989,0.185968233811903,0.858670049610803
"Roosevelt County","vap_hisp","uss_20_dem_bul",0.458218765221079,0.178688122321989,0.141329950389197,0.814031766188097
"Roosevelt County","vap_asian","uss_20_rep_dai",0.502090270594606,0.192178561593837,0.136997159999878,0.864962795242687
"Roosevelt County","vap_asian","uss_20_dem_bul",0.497909729405394,0.192178561593837,0.135037204757313,0.863002840000122
"Roosevelt County","vap_aian","uss_20_rep_dai",0.146436781433637,0.0343388563693926,0.0868734238227881,0.222153947469079
"Roosevelt County","vap_aian","uss_20_dem_bul",0.853563218566363,0.0343388563693926,0.777846052530921,0.913126576177212
"Roosevelt County","vap_oth_b","uss_20_rep_dai",0.521967132872698,0.1760020520397,0.179163546640996,0.847857033868759
"Roosevelt County","vap_oth_b","uss_20_dem_bul",0.478032867127302,0.1760020520397,0.152142966131241,0.820836453359004
"Roosevelt County","vap_white","gov_20_rep_gia",0.827091972801495,0.0347817526960241,0.750395998197839,0.888668906538538
"Roosevelt County","vap_white","gov_20_dem_coo",0.172908027198505,0.0347817526960241,0.111331093461462,0.249604001802161
"Roosevelt County","vap_black","gov_20_rep_gia",0.522256429423402,0.199216948022195,0.147897199226329,0.907994653701606
"Roosevelt County","vap_black","gov_20_dem_coo",0.477743570576598,0.199216948022195,0.0920053462983937,0.852102800773671
"Roosevelt County","vap_hisp","gov_20_rep_gia",0.554683322735996,0.174916573058603,0.191498723389338,0.862982987033304
"Roosevelt County","vap_hisp","gov_20_dem_coo",0.445316677264004,0.174916573058603,0.137017012966695,0.808501276610662
"Roosevelt County","vap_asian","gov_20_rep_gia",0.511263450745144,0.187011111587087,0.157486379609303,0.852996735170374
"Roosevelt County","vap_asian","gov_20_dem_coo",0.488736549254856,0.187011111587087,0.147003264829626,0.842513620390697
"Roosevelt County","vap_aian","gov_20_rep_gia",0.161667869257183,0.0377796749106412,0.0982045491587893,0.250029156351349
"Roosevelt County","vap_aian","gov_20_dem_coo",0.838332130742817,0.0377796749106412,0.74997084364865,0.901795450841211
"Roosevelt County","vap_oth_b","gov_20_rep_gia",0.526273266511096,0.176771890466676,0.184720992475113,0.854534450476972
"Roosevelt County","vap_oth_b","gov_20_dem_coo",0.473726733488904,0.176771890466676,0.145465549523028,0.815279007524886
"Roosevelt County","vap_white","atg_20_rep_knu",0.846750903756123,0.0340792022313915,0.774711127588964,0.906551238704413
"Roosevelt County","vap_white","atg_20_dem_gra",0.153249096243877,0.0340792022313915,0.0934487612955874,0.225288872411036
"Roosevelt County","vap_black","atg_20_rep_knu",0.50665881349372,0.205197609357827,0.0956946524562224,0.881654457823706
"Roosevelt County","vap_black","atg_20_dem_gra",0.49334118650628,0.205197609357827,0.118345542176294,0.904305347543778
"Roosevelt County","vap_hisp","atg_20_rep_knu",0.565219143870931,0.177565272693378,0.209327210720052,0.874620504803775
"Roosevelt County","vap_hisp","atg_20_dem_gra",0.434780856129069,0.177565272693378,0.125379495196225,0.790672789279948
"Roosevelt County","vap_asian","atg_20_rep_knu",0.512884132858355,0.179707473940143,0.162644429983243,0.849519945601995
"Roosevelt County","vap_asian","atg_20_dem_gra",0.487115867141645,0.179707473940143,0.150480054398005,0.837355570016758
"Roosevelt County","vap_aian","atg_20_rep_knu",0.184501670756064,0.0365634995938628,0.121069129774957,0.262338820904688
"Roosevelt County","vap_aian","atg_20_dem_gra",0.815498329243937,0.0365634995938628,0.737661179095312,0.878930870225043
"Roosevelt County","vap_oth_b","atg_20_rep_knu",0.533214306049171,0.170861797029665,0.20475763465288,0.855637517155281
"Roosevelt County","vap_oth_b","atg_20_dem_gra",0.466785693950829,0.170861797029665,0.144362482844719,0.79524236534712
"Roosevelt County","vap_white","sos_20_rep_jac",0.855733497905278,0.0336842720006191,0.7818601155396,0.913531010211164
"Roosevelt County","vap_white","sos_20_dem_ben",0.144266502094722,0.0336842720006191,0.0864689897888362,0.2181398844604
"Roosevelt County","vap_black","sos_20_rep_jac",0.493959169440752,0.200294267213832,0.130037985989424,0.885516337422929
"Roosevelt County","vap_black","sos_20_dem_ben",0.506040830559248,0.200294267213832,0.114483662577071,0.869962014010576
"Roosevelt County","vap_hisp","sos_20_rep_jac",0.53408366373153,0.175673235556663,0.189092120651744,0.858617321429577
"Roosevelt County","vap_hisp","sos_20_dem_ben",0.46591633626847,0.175673235556663,0.141382678570423,0.810907879348256
"Roosevelt County","vap_asian","sos_20_rep_jac",0.493528236115883,0.19576574211937,0.111831835720005,0.849639695311036
"Roosevelt County","vap_asian","sos_20_dem_ben",0.506471763884117,0.19576574211937,0.150360304688964,0.888168164279995
"Roosevelt County","vap_aian","sos_20_rep_jac",0.185599095309704,0.0369814975393047,0.122882436418136,0.267752349428172
"Roosevelt County","vap_aian","sos_20_dem_ben",0.814400904690296,0.0369814975393047,0.732247650571828,0.877117563581864
"Roosevelt County","vap_oth_b","sos_20_rep_jac",0.526807376151112,0.173399022787523,0.198772908434411,0.849545378729484
"Roosevelt County","vap_oth_b","sos_20_dem_ben",0.473192623848888,0.173399022787523,0.150454621270516,0.801227091565589
"Rosebud County","vap_white","pre_16_rep_tru",0.88452324128596,0.0153595372368595,0.852608900885822,0.912902955083712
"Rosebud County","vap_white","pre_16_dem_cli",0.11547675871404,0.0153595372368595,0.0870970449162883,0.147391099114178
"Rosebud County","vap_black","pre_16_rep_tru",0.494808175485504,0.20430451340909,0.110785087399081,0.877502979159446
"Rosebud County","vap_black","pre_16_dem_cli",0.505191824514496,0.20430451340909,0.122497020840554,0.889214912600919
"Rosebud County","vap_hisp","pre_16_rep_tru",0.508354107273574,0.179934258830617,0.175244510642979,0.85727469046097
"Rosebud County","vap_hisp","pre_16_dem_cli",0.491645892726425,0.179934258830617,0.14272530953903,0.824755489357021
"Rosebud County","vap_asian","pre_16_rep_tru",0.51841687261341,0.187952329975551,0.162979460882642,0.865830907919595
"Rosebud County","vap_asian","pre_16_dem_cli",0.48158312738659,0.187952329975551,0.134169092080404,0.837020539117358
"Rosebud County","vap_aian","pre_16_rep_tru",0.17023013265949,0.0521988514158062,0.0856629336366164,0.287021779134948
"Rosebud County","vap_aian","pre_16_dem_cli",0.82976986734051,0.0521988514158062,0.712978220865051,0.914337066363384
"Rosebud County","vap_oth_b","pre_16_rep_tru",0.54695470291006,0.171596982814263,0.218464806532412,0.860976143957215
"Rosebud County","vap_oth_b","pre_16_dem_cli",0.45304529708994,0.171596982814263,0.139023856042784,0.781535193467588
"Rosebud County","vap_white","gov_16_rep_gia",0.738600447077373,0.0181292360288463,0.702222968243889,0.773211992634922
"Rosebud County","vap_white","gov_16_dem_bul",0.261399552922627,0.0181292360288463,0.226788007365078,0.297777031756111
"Rosebud County","vap_black","gov_16_rep_gia",0.48700145859312,0.209407846712966,0.0999480773515751,0.880985248623466
"Rosebud County","vap_black","gov_16_dem_bul",0.51299854140688,0.209407846712966,0.119014751376534,0.900051922648425
"Rosebud County","vap_hisp","gov_16_rep_gia",0.513982517864227,0.176123586839096,0.172741490610761,0.834531489487826
"Rosebud County","vap_hisp","gov_16_dem_bul",0.486017482135773,0.176123586839096,0.165468510512174,0.827258509389239
"Rosebud County","vap_asian","gov_16_rep_gia",0.504951620420499,0.198420728639514,0.119491756639784,0.874662630395674
"Rosebud County","vap_asian","gov_16_dem_bul",0.495048379579501,0.198420728639514,0.125337369604326,0.880508243360216
"Rosebud County","vap_aian","gov_16_rep_gia",0.140703055028725,0.0502924977264373,0.0585307463690371,0.249066731667686
"Rosebud County","vap_aian","gov_16_dem_bul",0.859296944971275,0.0502924977264373,0.750933268332314,0.941469253630963
"Rosebud County","vap_oth_b","gov_16_rep_gia",0.493639568292114,0.175951105799384,0.169618632277879,0.827313423116987
"Rosebud County","vap_oth_b","gov_16_dem_bul",0.506360431707886,0.175951105799384,0.172686576883013,0.830381367722121
"Rosebud County","vap_white","atg_16_rep_fox",0.896660224155712,0.0150874124583692,0.864806138611623,0.924084731999726
"Rosebud County","vap_white","atg_16_dem_jen",0.103339775844288,0.0150874124583692,0.0759152680002738,0.135193861388377
"Rosebud County","vap_black","atg_16_rep_fox",0.501837996604223,0.204015916663224,0.125188177198217,0.893823268278004
"Rosebud County","vap_black","atg_16_dem_jen",0.498162003395777,0.204015916663224,0.106176731721996,0.874811822801783
"Rosebud County","vap_hisp","atg_16_rep_fox",0.492480969108692,0.172190809409545,0.175551568090753,0.821696354857654
"Rosebud County","vap_hisp","atg_16_dem_jen",0.507519030891308,0.172190809409545,0.178303645142346,0.824448431909247
"Rosebud County","vap_asian","atg_16_rep_fox",0.502267746738066,0.189933214054866,0.149725066068661,0.859709358173889
"Rosebud County","vap_asian","atg_16_dem_jen",0.497732253261934,0.189933214054866,0.140290641826111,0.850274933931339
"Rosebud County","vap_aian","atg_16_rep_fox",0.319365012585343,0.049197855545308,0.234775059913849,0.428779210875877
"Rosebud County","vap_aian","atg_16_dem_jen",0.680634987414657,0.049197855545308,0.571220789124123,0.765224940086151
"Rosebud County","vap_oth_b","atg_16_rep_fox",0.507570529508001,0.176083495868312,0.183417850599021,0.836035997783508
"Rosebud County","vap_oth_b","atg_16_dem_jen",0.492429470491999,0.176083495868312,0.163964002216492,0.816582149400978
"Rosebud County","vap_white","sos_16_rep_sta",0.755790450093158,0.0178744693996441,0.720214877823074,0.79050714727324
"Rosebud County","vap_white","sos_16_dem_lin",0.244209549906842,0.0178744693996441,0.209492852726759,0.279785122176926
"Rosebud County","vap_black","sos_16_rep_sta",0.588015299347634,0.244770865426205,0.136434153409292,0.978912440353794
"Rosebud County","vap_black","sos_16_dem_lin",0.411984700652366,0.244770865426205,0.0210875596462061,0.863565846590708
"Rosebud County","vap_hisp","sos_16_rep_sta",0.494363343833375,0.179971704041056,0.158764451891892,0.836249162803623
"Rosebud County","vap_hisp","sos_16_dem_lin",0.505636656166625,0.179971704041056,0.163750837196377,0.841235548108108
"Rosebud County","vap_asian","sos_16_rep_sta",0.491395808104784,0.194998076511657,0.131332891224183,0.862755175931141
"Rosebud County","vap_asian","sos_16_dem_lin",0.508604191895216,0.194998076511657,0.137244824068858,0.868667108775816
"Rosebud County","vap_aian","sos_16_rep_sta",0.150058751748894,0.0516116100842832,0.0653295695376312,0.262724383286698
"Rosebud County","vap_aian","sos_16_dem_lin",0.849941248251106,0.0516116100842832,0.737275616713302,0.934670430462369
"Rosebud County","vap_oth_b","sos_16_rep_sta",0.509318194081447,0.181966315799566,0.143672224837237,0.831625773732505
"Rosebud County","vap_oth_b","sos_16_dem_lin",0.490681805918553,0.181966315799566,0.168374226267495,0.856327775162763
"Rosebud County","vap_white","uss_18_rep_ros",0.71645648522625,0.0179176105528282,0.680891637222474,0.750845750382913
"Rosebud County","vap_white","uss_18_dem_tes",0.28354351477375,0.0179176105528282,0.249154249617087,0.319108362777526
"Rosebud County","vap_black","uss_18_rep_ros",0.515772130869067,0.223360949695919,0.102179974755911,0.935347173842777
"Rosebud County","vap_black","uss_18_dem_tes",0.484227869130933,0.223360949695919,0.0646528261572223,0.897820025244089
"Rosebud County","vap_hisp","uss_18_rep_ros",0.484764594931839,0.174780648315541,0.153600567141189,0.824975457665798
"Rosebud County","vap_hisp","uss_18_dem_tes",0.515235405068161,0.174780648315541,0.175024542334202,0.846399432858811
"Rosebud County","vap_asian","uss_18_rep_ros",0.509937691037525,0.206103199721694,0.121781929598124,0.90207997159179
"Rosebud County","vap_asian","uss_18_dem_tes",0.490062308962475,0.206103199721694,0.0979200284082095,0.878218070401876
"Rosebud County","vap_aian","uss_18_rep_ros",0.103845997203073,0.0470549021903504,0.0326675628444987,0.211761545066307
"Rosebud County","vap_aian","uss_18_dem_tes",0.896154002796927,0.0470549021903504,0.788238454933692,0.967332437155501
"Rosebud County","vap_oth_b","uss_18_rep_ros",0.504176459965318,0.178778409784585,0.155058663107026,0.828746796881458
"Rosebud County","vap_oth_b","uss_18_dem_tes",0.495823540034682,0.178778409784585,0.171253203118542,0.844941336892974
"Rosebud County","vap_white","pre_20_rep_tru",0.859336147339983,0.0160673076697813,0.826260191742582,0.888935971419125
"Rosebud County","vap_white","pre_20_dem_bid",0.140663852660017,0.0160673076697813,0.111064028580875,0.173739808257418
"Rosebud County","vap_black","pre_20_rep_tru",0.493136323341583,0.202738708689308,0.120821521877531,0.877702373738487
"Rosebud County","vap_black","pre_20_dem_bid",0.506863676658417,0.202738708689308,0.122297626261513,0.879178478122469
"Rosebud County","vap_hisp","pre_20_rep_tru",0.49489614968276,0.184349207199315,0.157951394022254,0.852875195301105
"Rosebud County","vap_hisp","pre_20_dem_bid",0.50510385031724,0.184349207199315,0.147124804698895,0.842048605977746
"Rosebud County","vap_asian","pre_20_rep_tru",0.489046214874919,0.193196583380982,0.126169411059379,0.853430630240119
"Rosebud County","vap_asian","pre_20_dem_bid",0.510953785125081,0.193196583380982,0.146569369759881,0.873830588940621
"Rosebud County","vap_aian","pre_20_rep_tru",0.166293916074907,0.0525907282233673,0.0817761746889601,0.281283171024222
"Rosebud County","vap_aian","pre_20_dem_bid",0.833706083925093,0.0525907282233673,0.718716828975778,0.91822382531104
"Rosebud County","vap_oth_b","pre_20_rep_tru",0.505149596626335,0.173744447385987,0.178002878903703,0.829248840633233
"Rosebud County","vap_oth_b","pre_20_dem_bid",0.494850403373665,0.173744447385987,0.170751159366767,0.821997121096297
"Rosebud County","vap_white","uss_20_rep_dai",0.82038651027016,0.0168701281798306,0.7867760391217,0.852305356942695
"Rosebud County","vap_white","uss_20_dem_bul",0.17961348972984,0.0168701281798306,0.147694643057305,0.2132239608783
"Rosebud County","vap_black","uss_20_rep_dai",0.492264598887364,0.207243193268247,0.0974420936047324,0.883104744678564
"Rosebud County","vap_black","uss_20_dem_bul",0.507735401112636,0.207243193268247,0.116895255321436,0.902557906395268
"Rosebud County","vap_hisp","uss_20_rep_dai",0.497364582062407,0.181451596910582,0.162798076437539,0.841564749985627
"Rosebud County","vap_hisp","uss_20_dem_bul",0.502635417937593,0.181451596910582,0.158435250014373,0.837201923562461
"Rosebud County","vap_asian","uss_20_rep_dai",0.51295556602678,0.193921281762524,0.143343696641479,0.882218182645286
"Rosebud County","vap_asian","uss_20_dem_bul",0.48704443397322,0.193921281762524,0.117781817354713,0.856656303358521
"Rosebud County","vap_aian","uss_20_rep_dai",0.164215217115879,0.0537929210114915,0.0790812300834023,0.285271913241164
"Rosebud County","vap_aian","uss_20_dem_bul",0.835784782884121,0.0537929210114915,0.714728086758836,0.920918769916598
"Rosebud County","vap_oth_b","uss_20_rep_dai",0.506739479213494,0.176188215132888,0.174976358092137,0.833202617229247
"Rosebud County","vap_oth_b","uss_20_dem_bul",0.493260520786506,0.176188215132888,0.166797382770752,0.825023641907863
"Rosebud County","vap_white","gov_20_rep_gia",0.8422752523078,0.0157282183610353,0.810351200728137,0.871478153917954
"Rosebud County","vap_white","gov_20_dem_coo",0.1577247476922,0.0157282183610353,0.128521846082046,0.189648799271863
"Rosebud County","vap_black","gov_20_rep_gia",0.507815440954744,0.202394541616732,0.121904079785626,0.88936535178761
"Rosebud County","vap_black","gov_20_dem_coo",0.492184559045256,0.202394541616732,0.11063464821239,0.878095920214374
"Rosebud County","vap_hisp","gov_20_rep_gia",0.481105470277838,0.19063191057924,0.125732687839482,0.864101050277387
"Rosebud County","vap_hisp","gov_20_dem_coo",0.518894529722162,0.19063191057924,0.135898949722613,0.874267312160518
"Rosebud County","vap_asian","gov_20_rep_gia",0.493093269369524,0.193462002681416,0.132789416485359,0.86616130609743
"Rosebud County","vap_asian","gov_20_dem_coo",0.506906730630476,0.193462002681416,0.13383869390257,0.867210583514641
"Rosebud County","vap_aian","gov_20_rep_gia",0.156885490239612,0.0509165480414353,0.0756434270041136,0.271363890890011
"Rosebud County","vap_aian","gov_20_dem_coo",0.843114509760388,0.0509165480414353,0.728636109109988,0.924356572995886
"Rosebud County","vap_oth_b","gov_20_rep_gia",0.488708793064137,0.174764640480654,0.168148106019285,0.835812160205994
"Rosebud County","vap_oth_b","gov_20_dem_coo",0.511291206935863,0.174764640480654,0.164187839794006,0.831851893980715
"Rosebud County","vap_white","atg_20_rep_knu",0.852158071577304,0.0151725991439652,0.821532135868594,0.880324213869613
"Rosebud County","vap_white","atg_20_dem_gra",0.147841928422696,0.0151725991439652,0.119675786130387,0.178467864131406
"Rosebud County","vap_black","atg_20_rep_knu",0.491649250712622,0.204315930261919,0.111790078524212,0.870994287110817
"Rosebud County","vap_black","atg_20_dem_gra",0.508350749287378,0.204315930261919,0.129005712889182,0.888209921475788
"Rosebud County","vap_hisp","atg_20_rep_knu",0.490132437849545,0.186001708322621,0.16263850462408,0.861705833328325
"Rosebud County","vap_hisp","atg_20_dem_gra",0.509867562150455,0.186001708322621,0.138294166671675,0.83736149537592
"Rosebud County","vap_asian","atg_20_rep_knu",0.480170497067499,0.198222562627201,0.117286309680256,0.85961417506248
"Rosebud County","vap_asian","atg_20_dem_gra",0.519829502932501,0.198222562627201,0.14038582493752,0.882713690319744
"Rosebud County","vap_aian","atg_20_rep_knu",0.173941308323744,0.050812351245714,0.0903710705497421,0.285879825813895
"Rosebud County","vap_aian","atg_20_dem_gra",0.826058691676256,0.050812351245714,0.714120174186105,0.909628929450258
"Rosebud County","vap_oth_b","atg_20_rep_knu",0.511967484966794,0.167115995241694,0.187369729590565,0.822281321977376
"Rosebud County","vap_oth_b","atg_20_dem_gra",0.488032515033206,0.167115995241694,0.177718678022624,0.812630270409434
"Rosebud County","vap_white","sos_20_rep_jac",0.850066246315606,0.0159607217385047,0.81762584990623,0.879578694401196
"Rosebud County","vap_white","sos_20_dem_ben",0.149933753684394,0.0159607217385047,0.120421305598804,0.18237415009377
"Rosebud County","vap_black","sos_20_rep_jac",0.488340547038237,0.199332113724077,0.115439786358371,0.866663961629539
"Rosebud County","vap_black","sos_20_dem_ben",0.511659452961763,0.199332113724077,0.133336038370461,0.884560213641629
"Rosebud County","vap_hisp","sos_20_rep_jac",0.500136460599481,0.194915459353207,0.143308628222779,0.904123806144236
"Rosebud County","vap_hisp","sos_20_dem_ben",0.499863539400519,0.194915459353207,0.0958761938557636,0.856691371777221
"Rosebud County","vap_asian","sos_20_rep_jac",0.488446690099583,0.197309675322997,0.126270659213615,0.863212722659048
"Rosebud County","vap_asian","sos_20_dem_ben",0.511553309900417,0.197309675322997,0.136787277340952,0.873729340786385
"Rosebud County","vap_aian","sos_20_rep_jac",0.173555827573329,0.0541491117300691,0.0864077850273852,0.295614562065284
"Rosebud County","vap_aian","sos_20_dem_ben",0.826444172426671,0.0541491117300691,0.704385437934716,0.913592214972615
"Rosebud County","vap_oth_b","sos_20_rep_jac",0.506822690572086,0.180508559187234,0.169546717699918,0.856652866459464
"Rosebud County","vap_oth_b","sos_20_dem_ben",0.493177309427913,0.180508559187234,0.143347133540536,0.830453282300082
"Sanders County","vap_white","pre_16_rep_tru",0.806447049642192,0.0194591280767115,0.767058679790158,0.842771417288591
"Sanders County","vap_white","pre_16_dem_cli",0.193552950357808,0.0194591280767115,0.157228582711409,0.232941320209842
"Sanders County","vap_black","pre_16_rep_tru",0.500581648206272,0.204051188896695,0.122154419684143,0.877773125173684
"Sanders County","vap_black","pre_16_dem_cli",0.499418351793728,0.204051188896695,0.122226874826316,0.877845580315857
"Sanders County","vap_hisp","pre_16_rep_tru",0.495886684423981,0.18384939588406,0.154140586009942,0.848735467863316
"Sanders County","vap_hisp","pre_16_dem_cli",0.504113315576019,0.18384939588406,0.151264532136684,0.845859413990058
"Sanders County","vap_asian","pre_16_rep_tru",0.492764760156354,0.183144341737912,0.141536036953814,0.833192875784885
"Sanders County","vap_asian","pre_16_dem_cli",0.507235239843645,0.183144341737912,0.166807124215115,0.858463963046186
"Sanders County","vap_aian","pre_16_rep_tru",0.391659325707159,0.198321168997523,0.0707024731665762,0.823594126610875
"Sanders County","vap_aian","pre_16_dem_cli",0.608340674292841,0.198321168997523,0.176405873389125,0.929297526833424
"Sanders County","vap_oth_b","pre_16_rep_tru",0.468358094693509,0.17896307145613,0.137018972657652,0.822620407997343
"Sanders County","vap_oth_b","pre_16_dem_cli",0.531641905306491,0.17896307145613,0.177379592002658,0.862981027342348
"Sanders County","vap_white","gov_16_rep_gia",0.613926471959736,0.0189635161563489,0.576758063992508,0.650270495965772
"Sanders County","vap_white","gov_16_dem_bul",0.386073528040264,0.0189635161563489,0.349729504034228,0.423241936007492
"Sanders County","vap_black","gov_16_rep_gia",0.498639173660746,0.196873346644929,0.127701882749941,0.862283545011563
"Sanders County","vap_black","gov_16_dem_bul",0.501360826339254,0.196873346644929,0.137716454988437,0.872298117250059
"Sanders County","vap_hisp","gov_16_rep_gia",0.496341459543561,0.186328677584648,0.146654002327352,0.861814092545694
"Sanders County","vap_hisp","gov_16_dem_bul",0.503658540456439,0.186328677584648,0.138185907454306,0.853345997672648
"Sanders County","vap_asian","gov_16_rep_gia",0.511263768969258,0.187773805388283,0.158404974091759,0.869588460812933
"Sanders County","vap_asian","gov_16_dem_bul",0.488736231030742,0.187773805388283,0.130411539187066,0.84159502590824
"Sanders County","vap_aian","gov_16_rep_gia",0.3888886907309,0.20305352148472,0.0536727578328409,0.813888553795755
"Sanders County","vap_aian","gov_16_dem_bul",0.6111113092691,0.20305352148472,0.186111446204245,0.946327242167159
"Sanders County","vap_oth_b","gov_16_rep_gia",0.463417202381543,0.184414027040863,0.118052659652463,0.816515560033424
"Sanders County","vap_oth_b","gov_16_dem_bul",0.536582797618457,0.184414027040863,0.183484439966576,0.881947340347537
"Sanders County","vap_white","atg_16_rep_fox",0.820830438140047,0.0194172665219536,0.782039940437917,0.857454475542173
"Sanders County","vap_white","atg_16_dem_jen",0.179169561859953,0.0194172665219536,0.142545524457827,0.217960059562082
"Sanders County","vap_black","atg_16_rep_fox",0.474262444002805,0.19727262964562,0.11688429317917,0.85047545733216
"Sanders County","vap_black","atg_16_dem_jen",0.525737555997195,0.19727262964562,0.14952454266784,0.88311570682083
"Sanders County","vap_hisp","atg_16_rep_fox",0.489479198281158,0.180138955916971,0.157799585960901,0.84630318006111
"Sanders County","vap_hisp","atg_16_dem_jen",0.510520801718842,0.180138955916971,0.15369681993889,0.842200414039099
"Sanders County","vap_asian","atg_16_rep_fox",0.490072102816603,0.189026814163467,0.125557378981075,0.850008471363538
"Sanders County","vap_asian","atg_16_dem_jen",0.509927897183397,0.189026814163467,0.149991528636462,0.874442621018925
"Sanders County","vap_aian","atg_16_rep_fox",0.392940676124323,0.20396577549635,0.0634244724767621,0.820446217970273
"Sanders County","vap_aian","atg_16_dem_jen",0.607059323875678,0.20396577549635,0.179553782029727,0.936575527523238
"Sanders County","vap_oth_b","atg_16_rep_fox",0.478869052093643,0.185230885765147,0.148918827226634,0.849688947722165
"Sanders County","vap_oth_b","atg_16_dem_jen",0.521130947906357,0.185230885765147,0.150311052277835,0.851081172773366
"Sanders County","vap_white","sos_16_rep_sta",0.748051176208894,0.0186376479450109,0.711929672189128,0.784195484449566
"Sanders County","vap_white","sos_16_dem_lin",0.251948823791106,0.0186376479450109,0.215804515550434,0.288070327810873
"Sanders County","vap_black","sos_16_rep_sta",0.492279975808918,0.195519362199211,0.130542827658727,0.859905680966547
"Sanders County","vap_black","sos_16_dem_lin",0.507720024191082,0.195519362199211,0.140094319033453,0.869457172341273
"Sanders County","vap_hisp","sos_16_rep_sta",0.475805772528108,0.17510797120724,0.150670292603788,0.815656040503319
"Sanders County","vap_hisp","sos_16_dem_lin",0.524194227471892,0.17510797120724,0.184343959496681,0.849329707396212
"Sanders County","vap_asian","sos_16_rep_sta",0.465180142888941,0.21299149002902,0.0624545443501486,0.860822465644917
"Sanders County","vap_asian","sos_16_dem_lin",0.534819857111058,0.21299149002902,0.139177534355083,0.937545455649851
"Sanders County","vap_aian","sos_16_rep_sta",0.375178193841675,0.188110252980365,0.0729313708456299,0.781555345170664
"Sanders County","vap_aian","sos_16_dem_lin",0.624821806158325,0.188110252980365,0.218444654829337,0.92706862915437
"Sanders County","vap_oth_b","sos_16_rep_sta",0.484697573857945,0.173840830567668,0.160246788698116,0.818324898870702
"Sanders County","vap_oth_b","sos_16_dem_lin",0.515302426142055,0.173840830567668,0.181675101129298,0.839753211301885
"Sanders County","vap_white","uss_18_rep_ros",0.663116942635877,0.0183230866108447,0.626997928866177,0.698642525650289
"Sanders County","vap_white","uss_18_dem_tes",0.336883057364123,0.0183230866108447,0.301357474349711,0.373002071133822
"Sanders County","vap_black","uss_18_rep_ros",0.509401503162061,0.192284574949555,0.141920173726901,0.87119942900005
"Sanders County","vap_black","uss_18_dem_tes",0.490598496837939,0.192284574949555,0.12880057099995,0.858079826273099
"Sanders County","vap_hisp","uss_18_rep_ros",0.493021483770184,0.180766316693022,0.157641354896704,0.842880025729635
"Sanders County","vap_hisp","uss_18_dem_tes",0.506978516229815,0.180766316693022,0.157119974270364,0.842358645103296
"Sanders County","vap_asian","uss_18_rep_ros",0.499865070016272,0.188841920205948,0.144389470185623,0.854156053153786
"Sanders County","vap_asian","uss_18_dem_tes",0.500134929983728,0.188841920205948,0.145843946846214,0.855610529814376
"Sanders County","vap_aian","uss_18_rep_ros",0.377977561242718,0.189333291815498,0.0703714728969582,0.789059002770815
"Sanders County","vap_aian","uss_18_dem_tes",0.622022438757283,0.189333291815498,0.210940997229186,0.929628527103042
"Sanders County","vap_oth_b","uss_18_rep_ros",0.478227656097279,0.182849218895414,0.135857054457105,0.822492126669195
"Sanders County","vap_oth_b","uss_18_dem_tes",0.521772343902721,0.182849218895414,0.177507873330804,0.864142945542895
"Sanders County","vap_white","pre_20_rep_tru",0.780557588231153,0.0192597482007942,0.742415590809019,0.815766907914699
"Sanders County","vap_white","pre_20_dem_bid",0.219442411768847,0.0192597482007942,0.184233092085301,0.257584409190981
"Sanders County","vap_black","pre_20_rep_tru",0.498489431178341,0.200196170875133,0.129826093800865,0.886942580393511
"Sanders County","vap_black","pre_20_dem_bid",0.501510568821658,0.200196170875133,0.113057419606488,0.870173906199135
"Sanders County","vap_hisp","pre_20_rep_tru",0.474840568011372,0.182483595283996,0.143315921957479,0.831390293127451
"Sanders County","vap_hisp","pre_20_dem_bid",0.525159431988628,0.182483595283996,0.168609706872549,0.85668407804252
"Sanders County","vap_asian","pre_20_rep_tru",0.490501880652668,0.180416624968679,0.156202336937746,0.829609574629903
"Sanders County","vap_asian","pre_20_dem_bid",0.509498119347332,0.180416624968679,0.170390425370096,0.843797663062254
"Sanders County","vap_aian","pre_20_rep_tru",0.376864843543388,0.196587441275451,0.0689362766882574,0.799588313286877
"Sanders County","vap_aian","pre_20_dem_bid",0.623135156456612,0.196587441275451,0.200411686713123,0.931063723311743
"Sanders County","vap_oth_b","pre_20_rep_tru",0.462918561938553,0.188462366500399,0.117702585309133,0.830791228722422
"Sanders County","vap_oth_b","pre_20_dem_bid",0.537081438061447,0.188462366500399,0.169208771277578,0.882297414690866
"Sanders County","vap_white","uss_20_rep_dai",0.730709042454288,0.0186937062598123,0.692905588791974,0.766089086056426
"Sanders County","vap_white","uss_20_dem_bul",0.269290957545712,0.0186937062598123,0.233910913943574,0.307094411208026
"Sanders County","vap_black","uss_20_rep_dai",0.507874737035172,0.197004438687783,0.129138406701367,0.878964679111683
"Sanders County","vap_black","uss_20_dem_bul",0.492125262964828,0.197004438687783,0.121035320888317,0.870861593298633
"Sanders County","vap_hisp","uss_20_rep_dai",0.485067934255506,0.184386972319744,0.143935444296043,0.843678339965744
"Sanders County","vap_hisp","uss_20_dem_bul",0.514932065744494,0.184386972319744,0.156321660034256,0.856064555703957
"Sanders County","vap_asian","uss_20_rep_dai",0.497842327614009,0.183630768613874,0.148714271181551,0.837406212900728
"Sanders County","vap_asian","uss_20_dem_bul",0.502157672385991,0.183630768613874,0.162593787099272,0.851285728818449
"Sanders County","vap_aian","uss_20_rep_dai",0.36779271397204,0.19063424818875,0.0621137888225493,0.779503800913634
"Sanders County","vap_aian","uss_20_dem_bul",0.63220728602796,0.19063424818875,0.220496199086366,0.937886211177451
"Sanders County","vap_oth_b","uss_20_rep_dai",0.467665325480823,0.182220511358155,0.144341394909636,0.825467982803706
"Sanders County","vap_oth_b","uss_20_dem_bul",0.532334674519177,0.182220511358155,0.174532017196294,0.855658605090364
"Sanders County","vap_white","gov_20_rep_gia",0.756901913406019,0.0179905380931362,0.721291532231471,0.790864306849822
"Sanders County","vap_white","gov_20_dem_coo",0.243098086593981,0.0179905380931362,0.209135693150178,0.278708467768529
"Sanders County","vap_black","gov_20_rep_gia",0.5053384771088,0.198907551877338,0.128592798157222,0.872391533933541
"Sanders County","vap_black","gov_20_dem_coo",0.4946615228912,0.198907551877338,0.127608466066459,0.871407201842778
"Sanders County","vap_hisp","gov_20_rep_gia",0.494694449276351,0.18107898286903,0.17005886156377,0.847568904188319
"Sanders County","vap_hisp","gov_20_dem_coo",0.505305550723649,0.18107898286903,0.152431095811681,0.82994113843623
"Sanders County","vap_asian","gov_20_rep_gia",0.501971849362197,0.19706970908025,0.14230379695488,0.893431735939934
"Sanders County","vap_asian","gov_20_dem_coo",0.498028150637803,0.19706970908025,0.106568264060066,0.85769620304512
"Sanders County","vap_aian","gov_20_rep_gia",0.351273646606545,0.195565149553051,0.0455856301225134,0.777621128374167
"Sanders County","vap_aian","gov_20_dem_coo",0.648726353393456,0.195565149553051,0.222378871625833,0.954414369877487
"Sanders County","vap_oth_b","gov_20_rep_gia",0.48356639640342,0.169054107168172,0.158640931437621,0.810025545979136
"Sanders County","vap_oth_b","gov_20_dem_coo",0.51643360359658,0.169054107168172,0.189974454020864,0.841359068562379
"Sanders County","vap_white","atg_20_rep_knu",0.778000974788874,0.018961066947663,0.739053705582926,0.812777375502349
"Sanders County","vap_white","atg_20_dem_gra",0.221999025211126,0.018961066947663,0.187222624497651,0.260946294417074
"Sanders County","vap_black","atg_20_rep_knu",0.486825167350024,0.20107813096302,0.105012045528119,0.857996153266701
"Sanders County","vap_black","atg_20_dem_gra",0.513174832649976,0.20107813096302,0.142003846733299,0.89498795447188
"Sanders County","vap_hisp","atg_20_rep_knu",0.49918248740065,0.181992738302696,0.160679931792554,0.848965826399277
"Sanders County","vap_hisp","atg_20_dem_gra",0.50081751259935,0.181992738302696,0.151034173600723,0.839320068207446
"Sanders County","vap_asian","atg_20_rep_knu",0.488798508698274,0.184692895165951,0.141645855655907,0.844225123284511
"Sanders County","vap_asian","atg_20_dem_gra",0.511201491301726,0.184692895165951,0.155774876715488,0.858354144344093
"Sanders County","vap_aian","atg_20_rep_knu",0.377502762413869,0.19499820435041,0.0641211961159652,0.790991263556961
"Sanders County","vap_aian","atg_20_dem_gra",0.622497237586131,0.19499820435041,0.209008736443038,0.935878803884035
"Sanders County","vap_oth_b","atg_20_rep_knu",0.460726591677813,0.178055573426871,0.14858321117335,0.811346043218659
"Sanders County","vap_oth_b","atg_20_dem_gra",0.539273408322187,0.178055573426871,0.188653956781341,0.85141678882665
"Sanders County","vap_white","sos_20_rep_jac",0.785606830115918,0.0180787582213509,0.74946959397823,0.819836298304173
"Sanders County","vap_white","sos_20_dem_ben",0.214393169884082,0.0180787582213509,0.180163701695827,0.25053040602177
"Sanders County","vap_black","sos_20_rep_jac",0.505405928527351,0.191720112664058,0.145207433355818,0.861854608551663
"Sanders County","vap_black","sos_20_dem_ben",0.494594071472649,0.191720112664058,0.138145391448336,0.854792566644182
"Sanders County","vap_hisp","sos_20_rep_jac",0.490859342289044,0.179307424072645,0.166851509451034,0.835419369052912
"Sanders County","vap_hisp","sos_20_dem_ben",0.509140657710956,0.179307424072645,0.164580630947087,0.833148490548966
"Sanders County","vap_asian","sos_20_rep_jac",0.488512979125976,0.189088767271088,0.141290235115416,0.852280506196767
"Sanders County","vap_asian","sos_20_dem_ben",0.511487020874024,0.189088767271088,0.147719493803233,0.858709764884585
"Sanders County","vap_aian","sos_20_rep_jac",0.361580785461205,0.195559311012314,0.0518702861128738,0.802087958435769
"Sanders County","vap_aian","sos_20_dem_ben",0.638419214538795,0.195559311012314,0.197912041564231,0.948129713887126
"Sanders County","vap_oth_b","sos_20_rep_jac",0.472456581261899,0.181447898025646,0.147964388952415,0.828116029258988
"Sanders County","vap_oth_b","sos_20_dem_ben",0.527543418738101,0.181447898025646,0.171883970741012,0.852035611047584
"Sheridan County","vap_white","pre_16_rep_tru",0.74944184759882,0.0152520762866793,0.719222506171817,0.77835513069806
"Sheridan County","vap_white","pre_16_dem_cli",0.25055815240118,0.0152520762866793,0.22164486930194,0.280777493828183
"Sheridan County","vap_black","pre_16_rep_tru",0.495528310831037,0.195353136960805,0.133349997851364,0.861937009148769
"Sheridan County","vap_black","pre_16_dem_cli",0.504471689168963,0.195353136960805,0.138062990851231,0.866650002148636
"Sheridan County","vap_hisp","pre_16_rep_tru",0.487366845822746,0.188248793080735,0.139628348225551,0.841286433020513
"Sheridan County","vap_hisp","pre_16_dem_cli",0.512633154177254,0.188248793080735,0.158713566979487,0.860371651774448
"Sheridan County","vap_asian","pre_16_rep_tru",0.509041757888274,0.231094040156792,0.0871351105551479,0.930762746058048
"Sheridan County","vap_asian","pre_16_dem_cli",0.490958242111726,0.231094040156792,0.0692372539419515,0.912864889444852
"Sheridan County","vap_aian","pre_16_rep_tru",0.505226154231849,0.19807191485973,0.133769214596591,0.880655665380373
"Sheridan County","vap_aian","pre_16_dem_cli",0.494773845768151,0.19807191485973,0.119344334619627,0.866230785403409
"Sheridan County","vap_oth_b","pre_16_rep_tru",0.494151920175541,0.192328929363961,0.134100676868054,0.853370607171501
"Sheridan County","vap_oth_b","pre_16_dem_cli",0.505848079824459,0.192328929363961,0.146629392828498,0.865899323131946
"Sheridan County","vap_white","gov_16_rep_gia",0.586627443954217,0.0164876071776985,0.554290934016042,0.619377448144208
"Sheridan County","vap_white","gov_16_dem_bul",0.413372556045783,0.0164876071776985,0.380622551855792,0.445709065983958
"Sheridan County","vap_black","gov_16_rep_gia",0.494679095166003,0.197928890589868,0.125766198275601,0.876099681079552
"Sheridan County","vap_black","gov_16_dem_bul",0.505320904833997,0.197928890589868,0.123900318920448,0.874233801724399
"Sheridan County","vap_hisp","gov_16_rep_gia",0.49712254225598,0.187356034546467,0.142161819382555,0.85798883955125
"Sheridan County","vap_hisp","gov_16_dem_bul",0.50287745774402,0.187356034546467,0.142011160448749,0.857838180617444
"Sheridan County","vap_asian","gov_16_rep_gia",0.501904666583494,0.234134813910451,0.0714012880473117,0.927963893621847
"Sheridan County","vap_asian","gov_16_dem_bul",0.498095333416506,0.234134813910451,0.072036106378153,0.928598711952688
"Sheridan County","vap_aian","gov_16_rep_gia",0.499195714130878,0.198982442794994,0.127874884214147,0.867079679692889
"Sheridan County","vap_aian","gov_16_dem_bul",0.500804285869122,0.198982442794994,0.132920320307111,0.872125115785853
"Sheridan County","vap_oth_b","gov_16_rep_gia",0.508273065015832,0.193936639973119,0.14163417599638,0.875746505960868
"Sheridan County","vap_oth_b","gov_16_dem_bul",0.491726934984168,0.193936639973119,0.124253494039132,0.85836582400362
"Sheridan County","vap_white","atg_16_rep_fox",0.78972756077106,0.0145936196731898,0.760779841260245,0.818095772644224
"Sheridan County","vap_white","atg_16_dem_jen",0.21027243922894,0.0145936196731898,0.181904227355776,0.239220158739755
"Sheridan County","vap_black","atg_16_rep_fox",0.498337397790215,0.199106287638289,0.120722989732743,0.871105363531146
"Sheridan County","vap_black","atg_16_dem_jen",0.501662602209785,0.199106287638289,0.128894636468853,0.879277010267257
"Sheridan County","vap_hisp","atg_16_rep_fox",0.491693471124932,0.19713874966875,0.109874001056523,0.860314699399076
"Sheridan County","vap_hisp","atg_16_dem_jen",0.508306528875068,0.19713874966875,0.139685300600924,0.890125998943477
"Sheridan County","vap_asian","atg_16_rep_fox",0.505859207524707,0.241519685902914,0.0702589450987342,0.956012682622004
"Sheridan County","vap_asian","atg_16_dem_jen",0.494140792475293,0.241519685902914,0.0439873173779965,0.929741054901266
"Sheridan County","vap_aian","atg_16_rep_fox",0.49252497778577,0.204142718908266,0.117049891596293,0.879330959113295
"Sheridan County","vap_aian","atg_16_dem_jen",0.50747502221423,0.204142718908266,0.120669040886705,0.882950108403707
"Sheridan County","vap_oth_b","atg_16_rep_fox",0.49314798385303,0.1882706054349,0.144239253772553,0.852214908078515
"Sheridan County","vap_oth_b","atg_16_dem_jen",0.50685201614697,0.1882706054349,0.147785091921485,0.855760746227447
"Sheridan County","vap_white","sos_16_rep_sta",0.651378953654575,0.0157501675864658,0.620622407089387,0.68206036154008
"Sheridan County","vap_white","sos_16_dem_lin",0.348621046345425,0.0157501675864658,0.31793963845992,0.379377592910613
"Sheridan County","vap_black","sos_16_rep_sta",0.505780226304495,0.194828056869318,0.142956662261783,0.882381367352863
"Sheridan County","vap_black","sos_16_dem_lin",0.494219773695505,0.194828056869318,0.117618632647136,0.857043337738217
"Sheridan County","vap_hisp","sos_16_rep_sta",0.493461199479678,0.185888732944185,0.141622438514737,0.850714630011331
"Sheridan County","vap_hisp","sos_16_dem_lin",0.506538800520322,0.185888732944185,0.149285369988669,0.858377561485263
"Sheridan County","vap_asian","sos_16_rep_sta",0.511591265036869,0.234860368958244,0.0816846859940772,0.940102559150217
"Sheridan County","vap_asian","sos_16_dem_lin",0.488408734963131,0.234860368958244,0.0598974408497833,0.918315314005923
"Sheridan County","vap_aian","sos_16_rep_sta",0.501971135235088,0.202660521298637,0.129424153753311,0.886413284117407
"Sheridan County","vap_aian","sos_16_dem_lin",0.498028864764912,0.202660521298637,0.113586715882593,0.870575846246689
"Sheridan County","vap_oth_b","sos_16_rep_sta",0.499863643502959,0.187188234406818,0.15337994698298,0.858571406190989
"Sheridan County","vap_oth_b","sos_16_dem_lin",0.500136356497041,0.187188234406818,0.141428593809011,0.84662005301702
"Sheridan County","vap_white","uss_18_rep_ros",0.605521002529103,0.0163587923010209,0.573483810130536,0.637302741836939
"Sheridan County","vap_white","uss_18_dem_tes",0.394478997470897,0.0163587923010209,0.362697258163061,0.426516189869464
"Sheridan County","vap_black","uss_18_rep_ros",0.495063250060529,0.195794874394617,0.123512817349563,0.86277938892829
"Sheridan County","vap_black","uss_18_dem_tes",0.504936749939471,0.195794874394617,0.13722061107171,0.876487182650437
"Sheridan County","vap_hisp","uss_18_rep_ros",0.50139394010465,0.196532936443778,0.12656434742426,0.863955939578978
"Sheridan County","vap_hisp","uss_18_dem_tes",0.49860605989535,0.196532936443778,0.136044060421022,0.87343565257574
"Sheridan County","vap_asian","uss_18_rep_ros",0.502491140642362,0.235162224603813,0.0700518982455736,0.928876958643862
"Sheridan County","vap_asian","uss_18_dem_tes",0.497508859357638,0.235162224603813,0.0711230413561373,0.929948101754426
"Sheridan County","vap_aian","uss_18_rep_ros",0.488493688171843,0.198976964172162,0.113448482514002,0.863624924106639
"Sheridan County","vap_aian","uss_18_dem_tes",0.511506311828157,0.198976964172162,0.136375075893361,0.886551517485998
"Sheridan County","vap_oth_b","uss_18_rep_ros",0.491015245651062,0.191023063471617,0.13258742273408,0.860257705959016
"Sheridan County","vap_oth_b","uss_18_dem_tes",0.508984754348938,0.191023063471617,0.139742294040984,0.86741257726592
"Sheridan County","vap_white","pre_20_rep_tru",0.737085607383708,0.0145433496138731,0.708149185785154,0.764954201978149
"Sheridan County","vap_white","pre_20_dem_bid",0.262914392616292,0.0145433496138731,0.235045798021851,0.291850814214846
"Sheridan County","vap_black","pre_20_rep_tru",0.499780241036063,0.193823893886607,0.135123488183161,0.864631413341895
"Sheridan County","vap_black","pre_20_dem_bid",0.500219758963937,0.193823893886607,0.135368586658104,0.864876511816839
"Sheridan County","vap_hisp","pre_20_rep_tru",0.497027308109631,0.190014723633848,0.134890194795591,0.848114544137399
"Sheridan County","vap_hisp","pre_20_dem_bid",0.502972691890369,0.190014723633848,0.151885455862601,0.865109805204409
"Sheridan County","vap_asian","pre_20_rep_tru",0.491648451934952,0.235093829288689,0.0725671584183362,0.928694202416238
"Sheridan County","vap_asian","pre_20_dem_bid",0.508351548065048,0.235093829288689,0.0713057975837617,0.927432841581664
"Sheridan County","vap_aian","pre_20_rep_tru",0.501179155169031,0.194822543273691,0.141532469165986,0.869245885594344
"Sheridan County","vap_aian","pre_20_dem_bid",0.498820844830969,0.194822543273691,0.130754114405656,0.858467530834014
"Sheridan County","vap_oth_b","pre_20_rep_tru",0.50457992258559,0.187738388271709,0.151823239809052,0.857895287344203
"Sheridan County","vap_oth_b","pre_20_dem_bid",0.49542007741441,0.187738388271709,0.142104712655797,0.848176760190948
"Sheridan County","vap_white","uss_20_rep_dai",0.694664943491107,0.0148006297028063,0.665972845981617,0.723618749256282
"Sheridan County","vap_white","uss_20_dem_bul",0.305335056508893,0.0148006297028063,0.276381250743718,0.334027154018383
"Sheridan County","vap_black","uss_20_rep_dai",0.483782309352359,0.203958748524418,0.0912491127826718,0.858711790616512
"Sheridan County","vap_black","uss_20_dem_bul",0.516217690647641,0.203958748524418,0.141288209383488,0.908750887217328
"Sheridan County","vap_hisp","uss_20_rep_dai",0.492773385840995,0.185363873058699,0.148176912922564,0.841382718416142
"Sheridan County","vap_hisp","uss_20_dem_bul",0.507226614159005,0.185363873058699,0.158617281583858,0.851823087077436
"Sheridan County","vap_asian","uss_20_rep_dai",0.503267024228831,0.23554083610084,0.0622268208184128,0.933607689500382
"Sheridan County","vap_asian","uss_20_dem_bul",0.496732975771169,0.23554083610084,0.0663923104996182,0.937773179181587
"Sheridan County","vap_aian","uss_20_rep_dai",0.489657705321523,0.199023673236919,0.11210550955757,0.867859049547267
"Sheridan County","vap_aian","uss_20_dem_bul",0.510342294678477,0.199023673236919,0.132140950452733,0.887894490442429
"Sheridan County","vap_oth_b","uss_20_rep_dai",0.487381468499665,0.188203379150023,0.143359500439026,0.849108369507249
"Sheridan County","vap_oth_b","uss_20_dem_bul",0.512618531500335,0.188203379150023,0.15089163049275,0.856640499560974
"Sheridan County","vap_white","gov_20_rep_gia",0.701252050307682,0.0149555906200701,0.672045993633703,0.730826728342288
"Sheridan County","vap_white","gov_20_dem_coo",0.298747949692318,0.0149555906200701,0.269173271657712,0.327954006366297
"Sheridan County","vap_black","gov_20_rep_gia",0.503240262711815,0.208848185096547,0.115699885306434,0.914496293602226
"Sheridan County","vap_black","gov_20_dem_coo",0.496759737288185,0.208848185096547,0.0855037063977738,0.884300114693566
"Sheridan County","vap_hisp","gov_20_rep_gia",0.495678208649971,0.195623780654134,0.125495324611388,0.871121019064597
"Sheridan County","vap_hisp","gov_20_dem_coo",0.504321791350029,0.195623780654134,0.128878980935403,0.874504675388612
"Sheridan County","vap_asian","gov_20_rep_gia",0.494986077522918,0.231102703727,0.0769626595727347,0.925446049983624
"Sheridan County","vap_asian","gov_20_dem_coo",0.505013922477082,0.231102703727,0.0745539500163758,0.923037340427265
"Sheridan County","vap_aian","gov_20_rep_gia",0.502590377908886,0.195862861867478,0.139370142223925,0.868738454234769
"Sheridan County","vap_aian","gov_20_dem_coo",0.497409622091114,0.195862861867478,0.131261545765231,0.860629857776075
"Sheridan County","vap_oth_b","gov_20_rep_gia",0.494480570366516,0.187780704782702,0.140032430106647,0.852806364753091
"Sheridan County","vap_oth_b","gov_20_dem_coo",0.505519429633484,0.187780704782702,0.147193635246908,0.859967569893353
"Sheridan County","vap_white","atg_20_rep_knu",0.764084408439554,0.0141469717414364,0.736547401961039,0.791956071303967
"Sheridan County","vap_white","atg_20_dem_gra",0.235915591560446,0.0141469717414364,0.208043928696033,0.263452598038961
"Sheridan County","vap_black","atg_20_rep_knu",0.508702020586836,0.194186243459612,0.146845165603891,0.870337628370171
"Sheridan County","vap_black","atg_20_dem_gra",0.491297979413164,0.194186243459612,0.129662371629829,0.853154834396109
"Sheridan County","vap_hisp","atg_20_rep_knu",0.481298908082506,0.186560630473834,0.126711434705458,0.83259086380413
"Sheridan County","vap_hisp","atg_20_dem_gra",0.518701091917494,0.186560630473834,0.16740913619587,0.873288565294542
"Sheridan County","vap_asian","atg_20_rep_knu",0.517009205036383,0.234888291087615,0.0761205120759174,0.944767338291009
"Sheridan County","vap_asian","atg_20_dem_gra",0.482990794963617,0.234888291087615,0.0552326617089914,0.923879487924083
"Sheridan County","vap_aian","atg_20_rep_knu",0.491202798530833,0.192331985633785,0.129084401166791,0.853645934999817
"Sheridan County","vap_aian","atg_20_dem_gra",0.508797201469167,0.192331985633785,0.146354065000183,0.870915598833209
"Sheridan County","vap_oth_b","atg_20_rep_knu",0.507444879924095,0.187156479964496,0.149856829209532,0.86340715726874
"Sheridan County","vap_oth_b","atg_20_dem_gra",0.492555120075905,0.187156479964496,0.13659284273126,0.850143170790468
"Sheridan County","vap_white","sos_20_rep_jac",0.750390285337704,0.0148510086676566,0.720869001265915,0.779155689537575
"Sheridan County","vap_white","sos_20_dem_ben",0.249609714662296,0.0148510086676566,0.220844310462425,0.279130998734085
"Sheridan County","vap_black","sos_20_rep_jac",0.50152619498232,0.195175974670219,0.136667645252325,0.87719152112729
"Sheridan County","vap_black","sos_20_dem_ben",0.49847380501768,0.195175974670219,0.12280847887271,0.863332354747675
"Sheridan County","vap_hisp","sos_20_rep_jac",0.49241317631572,0.189580068830742,0.129992229289017,0.854388664399692
"Sheridan County","vap_hisp","sos_20_dem_ben",0.50758682368428,0.189580068830742,0.145611335600308,0.870007770710983
"Sheridan County","vap_asian","sos_20_rep_jac",0.488502893880389,0.238998580201294,0.0386889495762671,0.914941396148422
"Sheridan County","vap_asian","sos_20_dem_ben",0.511497106119611,0.238998580201294,0.0850586038515776,0.961311050423733
"Sheridan County","vap_aian","sos_20_rep_jac",0.49154605721201,0.196246817243705,0.124091197149217,0.86089668107446
"Sheridan County","vap_aian","sos_20_dem_ben",0.50845394278799,0.196246817243705,0.139103318925539,0.875908802850782
"Sheridan County","vap_oth_b","sos_20_rep_jac",0.493852514273829,0.190402751746472,0.134666634943588,0.849946935955111
"Sheridan County","vap_oth_b","sos_20_dem_ben",0.506147485726171,0.190402751746472,0.150053064044889,0.865333365056411
"Silver Bow County","vap_white","pre_16_rep_tru",0.456624868211651,0.0111288503247847,0.434534669609564,0.477821291372406
"Silver Bow County","vap_white","pre_16_dem_cli",0.543375131788349,0.0111288503247847,0.522178708627594,0.565465330390436
"Silver Bow County","vap_black","pre_16_rep_tru",0.49224203446951,0.180259055488002,0.156223211953747,0.829440711613925
"Silver Bow County","vap_black","pre_16_dem_cli",0.50775796553049,0.180259055488002,0.170559288386075,0.843776788046253
"Silver Bow County","vap_hisp","pre_16_rep_tru",0.489264462024728,0.170429015101141,0.172044028873283,0.802752539146101
"Silver Bow County","vap_hisp","pre_16_dem_cli",0.510735537975272,0.170429015101141,0.197247460853899,0.827955971126717
"Silver Bow County","vap_asian","pre_16_rep_tru",0.476157042449936,0.168230400311175,0.165296861218617,0.79233464399685
"Silver Bow County","vap_asian","pre_16_dem_cli",0.523842957550064,0.168230400311175,0.207665356003149,0.834703138781383
"Silver Bow County","vap_aian","pre_16_rep_tru",0.494838369923629,0.184685886335251,0.133241453713719,0.82718602230541
"Silver Bow County","vap_aian","pre_16_dem_cli",0.505161630076371,0.184685886335251,0.17281397769459,0.866758546286281
"Silver Bow County","vap_oth_b","pre_16_rep_tru",0.49667336302601,0.161189008328622,0.208342998901507,0.800387035259229
"Silver Bow County","vap_oth_b","pre_16_dem_cli",0.50332663697399,0.161189008328622,0.199612964740771,0.791657001098493
"Silver Bow County","vap_white","gov_16_rep_gia",0.275201715684417,0.0111733970621915,0.253907309704705,0.297263047532652
"Silver Bow County","vap_white","gov_16_dem_bul",0.724798284315583,0.0111733970621915,0.702736952467348,0.746092690295295
"Silver Bow County","vap_black","gov_16_rep_gia",0.474376565106708,0.185634999677278,0.119558698112371,0.81650074077502
"Silver Bow County","vap_black","gov_16_dem_bul",0.525623434893292,0.185634999677278,0.18349925922498,0.880441301887629
"Silver Bow County","vap_hisp","gov_16_rep_gia",0.527093618710426,0.172813415452299,0.192582034556645,0.839017797458157
"Silver Bow County","vap_hisp","gov_16_dem_bul",0.472906381289574,0.172813415452299,0.160982202541843,0.807417965443355
"Silver Bow County","vap_asian","gov_16_rep_gia",0.507178653507905,0.172825159162961,0.188952388166228,0.845565141653806
"Silver Bow County","vap_asian","gov_16_dem_bul",0.492821346492095,0.172825159162961,0.154434858346194,0.811047611833772
"Silver Bow County","vap_aian","gov_16_rep_gia",0.468827994965398,0.181113124171476,0.112535370598787,0.795026189298416
"Silver Bow County","vap_aian","gov_16_dem_bul",0.531172005034602,0.181113124171476,0.204973810701584,0.887464629401213
"Silver Bow County","vap_oth_b","gov_16_rep_gia",0.529587426397107,0.157193719794186,0.22346407942769,0.818347266913404
"Silver Bow County","vap_oth_b","gov_16_dem_bul",0.470412573602893,0.157193719794186,0.181652733086595,0.77653592057231
"Silver Bow County","vap_white","atg_16_rep_fox",0.523646477248823,0.0116488194659448,0.500267213698447,0.545505106563447
"Silver Bow County","vap_white","atg_16_dem_jen",0.476353522751177,0.0116488194659448,0.454494893436553,0.499732786301554
"Silver Bow County","vap_black","atg_16_rep_fox",0.48554907201296,0.179845406653763,0.160016712154242,0.840425386772153
"Silver Bow County","vap_black","atg_16_dem_jen",0.51445092798704,0.179845406653763,0.159574613227847,0.839983287845758
"Silver Bow County","vap_hisp","atg_16_rep_fox",0.424482218214292,0.183367291841249,0.0951601828757697,0.768291952311377
"Silver Bow County","vap_hisp","atg_16_dem_jen",0.575517781785708,0.183367291841249,0.231708047688623,0.90483981712423
"Silver Bow County","vap_asian","atg_16_rep_fox",0.491802702516922,0.174715487335189,0.152833449355491,0.819155665173666
"Silver Bow County","vap_asian","atg_16_dem_jen",0.508197297483078,0.174715487335189,0.180844334826334,0.847166550644509
"Silver Bow County","vap_aian","atg_16_rep_fox",0.497394682507715,0.181386878764185,0.153893960018241,0.830302292736858
"Silver Bow County","vap_aian","atg_16_dem_jen",0.502605317492285,0.181386878764185,0.169697707263143,0.846106039981759
"Silver Bow County","vap_oth_b","atg_16_rep_fox",0.483801255125136,0.166657316734613,0.187528975028286,0.816887452738062
"Silver Bow County","vap_oth_b","atg_16_dem_jen",0.516198744874864,0.166657316734613,0.183112547261938,0.812471024971714
"Silver Bow County","vap_white","sos_16_rep_sta",0.39031662299762,0.0111163749889895,0.368209827936203,0.412085080289717
"Silver Bow County","vap_white","sos_16_dem_lin",0.60968337700238,0.0111163749889895,0.587914919710283,0.631790172063797
"Silver Bow County","vap_black","sos_16_rep_sta",0.48332562536852,0.173646624014016,0.159003276739083,0.825644175133041
"Silver Bow County","vap_black","sos_16_dem_lin",0.51667437463148,0.173646624014016,0.174355824866958,0.840996723260917
"Silver Bow County","vap_hisp","sos_16_rep_sta",0.473107522509708,0.16540153340366,0.174157718048425,0.789960862481177
"Silver Bow County","vap_hisp","sos_16_dem_lin",0.526892477490292,0.16540153340366,0.210039137518823,0.825842281951575
"Silver Bow County","vap_asian","sos_16_rep_sta",0.501471561810887,0.172522910290443,0.177654961586745,0.824073988417377
"Silver Bow County","vap_asian","sos_16_dem_lin",0.498528438189113,0.172522910290443,0.175926011582623,0.822345038413255
"Silver Bow County","vap_aian","sos_16_rep_sta",0.507622714891942,0.166456746117155,0.193230060464185,0.82405113264325
"Silver Bow County","vap_aian","sos_16_dem_lin",0.492377285108058,0.166456746117155,0.17594886735675,0.806769939535815
"Silver Bow County","vap_oth_b","sos_16_rep_sta",0.501562259015205,0.175690911223099,0.175446328034569,0.830029816469266
"Silver Bow County","vap_oth_b","sos_16_dem_lin",0.498437740984795,0.175690911223099,0.169970183530734,0.824553671965431
"Silver Bow County","vap_white","uss_18_rep_ros",0.270775609418211,0.0110491177867107,0.249059816490332,0.291708453482549
"Silver Bow County","vap_white","uss_18_dem_tes",0.729224390581789,0.0110491177867107,0.708291546517451,0.750940183509668
"Silver Bow County","vap_black","uss_18_rep_ros",0.488733083180758,0.180618643313656,0.156059796749755,0.828553339208203
"Silver Bow County","vap_black","uss_18_dem_tes",0.511266916819242,0.180618643313656,0.171446660791797,0.843940203250245
"Silver Bow County","vap_hisp","uss_18_rep_ros",0.503068467829914,0.163054549562851,0.192998611521088,0.816467365615958
"Silver Bow County","vap_hisp","uss_18_dem_tes",0.496931532170086,0.163054549562851,0.183532634384042,0.807001388478912
"Silver Bow County","vap_asian","uss_18_rep_ros",0.527296504442595,0.186983986328837,0.177354712923631,0.885956722489902
"Silver Bow County","vap_asian","uss_18_dem_tes",0.472703495557405,0.186983986328837,0.114043277510098,0.822645287076369
"Silver Bow County","vap_aian","uss_18_rep_ros",0.501608903797916,0.176136519992032,0.16799732951399,0.834697382192591
"Silver Bow County","vap_aian","uss_18_dem_tes",0.498391096202084,0.176136519992032,0.165302617807409,0.832002670486011
"Silver Bow County","vap_oth_b","uss_18_rep_ros",0.54322576594365,0.159803032811603,0.230800755733745,0.830205176156727
"Silver Bow County","vap_oth_b","uss_18_dem_tes",0.45677423405635,0.159803032811603,0.169794823843273,0.769199244266255
"Silver Bow County","vap_white","pre_20_rep_tru",0.459284006725986,0.0106575095337747,0.437747838817762,0.479738909117797
"Silver Bow County","vap_white","pre_20_dem_bid",0.540715993274014,0.0106575095337747,0.520261090882203,0.562252161182238
"Silver Bow County","vap_black","pre_20_rep_tru",0.49251518516931,0.179686938968981,0.144721612697254,0.822250955586942
"Silver Bow County","vap_black","pre_20_dem_bid",0.50748481483069,0.179686938968981,0.177749044413058,0.855278387302746
"Silver Bow County","vap_hisp","pre_20_rep_tru",0.464492718783803,0.16429577680679,0.162522491566697,0.787079735709305
"Silver Bow County","vap_hisp","pre_20_dem_bid",0.535507281216197,0.16429577680679,0.212920264290695,0.837477508433303
"Silver Bow County","vap_asian","pre_20_rep_tru",0.525478681673036,0.178174666636341,0.172635545570063,0.846703189994404
"Silver Bow County","vap_asian","pre_20_dem_bid",0.474521318326964,0.178174666636341,0.153296810005596,0.827364454429937
"Silver Bow County","vap_aian","pre_20_rep_tru",0.499752485722438,0.169672861031607,0.184777602487286,0.826464245680072
"Silver Bow County","vap_aian","pre_20_dem_bid",0.500247514277562,0.169672861031607,0.173535754319927,0.815222397512715
"Silver Bow County","vap_oth_b","pre_20_rep_tru",0.504540363772336,0.172713397302131,0.185737345427677,0.831502399603603
"Silver Bow County","vap_oth_b","pre_20_dem_bid",0.495459636227664,0.172713397302131,0.168497600396397,0.814262654572323
"Silver Bow County","vap_white","uss_20_rep_dai",0.370237050699575,0.0112699213338643,0.348075699291937,0.39254297124822
"Silver Bow County","vap_white","uss_20_dem_bul",0.629762949300425,0.0112699213338643,0.60745702875178,0.651924300708063
"Silver Bow County","vap_black","uss_20_rep_dai",0.499497951409877,0.187791002153321,0.155999415246169,0.856018957103429
"Silver Bow County","vap_black","uss_20_dem_bul",0.500502048590123,0.187791002153321,0.143981042896571,0.844000584753831
"Silver Bow County","vap_hisp","uss_20_rep_dai",0.494209011975515,0.169644194955738,0.17328552512621,0.830322230333334
"Silver Bow County","vap_hisp","uss_20_dem_bul",0.505790988024485,0.169644194955738,0.169677769666666,0.82671447487379
"Silver Bow County","vap_asian","uss_20_rep_dai",0.497446445214503,0.168069661757716,0.183845970040756,0.806859672063459
"Silver Bow County","vap_asian","uss_20_dem_bul",0.502553554785497,0.168069661757716,0.193140327936542,0.816154029959244
"Silver Bow County","vap_aian","uss_20_rep_dai",0.480717826063069,0.16919483734855,0.161986433168155,0.787190237201662
"Silver Bow County","vap_aian","uss_20_dem_bul",0.519282173936931,0.16919483734855,0.212809762798337,0.838013566831846
"Silver Bow County","vap_oth_b","uss_20_rep_dai",0.52204130157747,0.16680400981854,0.192419708168754,0.817872818103165
"Silver Bow County","vap_oth_b","uss_20_dem_bul",0.47795869842253,0.16680400981854,0.182127181896834,0.807580291831246
"Silver Bow County","vap_white","gov_20_rep_gia",0.376844808237487,0.0117628153770033,0.3531857703267,0.398944812764668
"Silver Bow County","vap_white","gov_20_dem_coo",0.623155191762513,0.0117628153770033,0.601055187235332,0.6468142296733
"Silver Bow County","vap_black","gov_20_rep_gia",0.497457185321522,0.179282747448876,0.162143735052442,0.829776995825324
"Silver Bow County","vap_black","gov_20_dem_coo",0.502542814678478,0.179282747448876,0.170223004174676,0.837856264947558
"Silver Bow County","vap_hisp","gov_20_rep_gia",0.493790533549661,0.172332292733294,0.187658239695951,0.835900170489476
"Silver Bow County","vap_hisp","gov_20_dem_coo",0.506209466450339,0.172332292733294,0.164099829510524,0.812341760304049
"Silver Bow County","vap_asian","gov_20_rep_gia",0.508020289236536,0.173416707413055,0.175350452809882,0.830055713223448
"Silver Bow County","vap_asian","gov_20_dem_coo",0.491979710763464,0.173416707413055,0.169944286776553,0.824649547190118
"Silver Bow County","vap_aian","gov_20_rep_gia",0.485367456248564,0.168414251126609,0.16477082439694,0.800211008548537
"Silver Bow County","vap_aian","gov_20_dem_coo",0.514632543751437,0.168414251126609,0.199788991451463,0.83522917560306
"Silver Bow County","vap_oth_b","gov_20_rep_gia",0.519939292972082,0.17586369407876,0.190850700755192,0.844777059357155
"Silver Bow County","vap_oth_b","gov_20_dem_coo",0.480060707027918,0.17586369407876,0.155222940642845,0.809149299244808
"Silver Bow County","vap_white","atg_20_rep_knu",0.430595840265255,0.0108991839289132,0.409288095685916,0.452346027193166
"Silver Bow County","vap_white","atg_20_dem_gra",0.569404159734745,0.0108991839289132,0.547653972806834,0.590711904314084
"Silver Bow County","vap_black","atg_20_rep_knu",0.470298246311183,0.186189805300138,0.135702899562616,0.827000835382074
"Silver Bow County","vap_black","atg_20_dem_gra",0.529701753688816,0.186189805300138,0.172999164617926,0.864297100437384
"Silver Bow County","vap_hisp","atg_20_rep_knu",0.508112361977539,0.171183857267737,0.186390778378201,0.831145702560767
"Silver Bow County","vap_hisp","atg_20_dem_gra",0.491887638022461,0.171183857267737,0.168854297439233,0.813609221621799
"Silver Bow County","vap_asian","atg_20_rep_knu",0.493146767702932,0.167611467062145,0.193074591304627,0.818761542867006
"Silver Bow County","vap_asian","atg_20_dem_gra",0.506853232297068,0.167611467062145,0.181238457132994,0.806925408695373
"Silver Bow County","vap_aian","atg_20_rep_knu",0.486280216920329,0.174665034364294,0.157773379442854,0.805970238297735
"Silver Bow County","vap_aian","atg_20_dem_gra",0.513719783079671,0.174665034364294,0.194029761702265,0.842226620557146
"Silver Bow County","vap_oth_b","atg_20_rep_knu",0.485007233203835,0.167604558807597,0.158019293512851,0.796822285217704
"Silver Bow County","vap_oth_b","atg_20_dem_gra",0.514992766796165,0.167604558807597,0.203177714782296,0.841980706487149
"Silver Bow County","vap_white","sos_20_rep_jac",0.451056011290253,0.0115647436688212,0.428669744947694,0.47391629302076
"Silver Bow County","vap_white","sos_20_dem_ben",0.548943988709747,0.0115647436688212,0.52608370697924,0.571330255052306
"Silver Bow County","vap_black","sos_20_rep_jac",0.496743219571207,0.180242882714126,0.163822667873363,0.832084992533709
"Silver Bow County","vap_black","sos_20_dem_ben",0.503256780428793,0.180242882714126,0.167915007466291,0.836177332126637
"Silver Bow County","vap_hisp","sos_20_rep_jac",0.493776115130802,0.157289586895223,0.198194408492612,0.804615740427076
"Silver Bow County","vap_hisp","sos_20_dem_ben",0.506223884869198,0.157289586895223,0.195384259572924,0.801805591507388
"Silver Bow County","vap_asian","sos_20_rep_jac",0.505504032572944,0.176593759911414,0.187598665192191,0.844971930189191
"Silver Bow County","vap_asian","sos_20_dem_ben",0.494495967427056,0.176593759911414,0.155028069810809,0.812401334807809
"Silver Bow County","vap_aian","sos_20_rep_jac",0.482294152421025,0.186470730222966,0.132446623359841,0.823210751447781
"Silver Bow County","vap_aian","sos_20_dem_ben",0.517705847578975,0.186470730222966,0.176789248552219,0.867553376640159
"Silver Bow County","vap_oth_b","sos_20_rep_jac",0.427171941997073,0.20220620731269,0.0762528498808971,0.790583010763698
"Silver Bow County","vap_oth_b","sos_20_dem_ben",0.572828058002927,0.20220620731269,0.209416989236303,0.923747150119103
"Stillwater County","vap_white","pre_16_rep_tru",0.8224464853144,0.0133431877761895,0.796134223399505,0.84776400682232
"Stillwater County","vap_white","pre_16_dem_cli",0.177553514685601,0.0133431877761895,0.15223599317768,0.203865776600495
"Stillwater County","vap_black","pre_16_rep_tru",0.501508728018686,0.247557094456937,0.0579420160443575,0.935099229038079
"Stillwater County","vap_black","pre_16_dem_cli",0.498491271981314,0.247557094456937,0.0649007709619206,0.942057983955642
"Stillwater County","vap_hisp","pre_16_rep_tru",0.485545575933329,0.186141225956487,0.143781836154414,0.839457379936868
"Stillwater County","vap_hisp","pre_16_dem_cli",0.514454424066671,0.186141225956487,0.160542620063132,0.856218163845586
"Stillwater County","vap_asian","pre_16_rep_tru",0.481887503128279,0.192224690282127,0.125376796865223,0.851607820418948
"Stillwater County","vap_asian","pre_16_dem_cli",0.518112496871721,0.192224690282127,0.148392179581052,0.874623203134777
"Stillwater County","vap_aian","pre_16_rep_tru",0.505982061366694,0.199856997740699,0.12888331678724,0.874206678734311
"Stillwater County","vap_aian","pre_16_dem_cli",0.494017938633306,0.199856997740699,0.125793321265689,0.87111668321276
"Stillwater County","vap_oth_b","pre_16_rep_tru",0.496191493782156,0.184355169497162,0.149743471306446,0.851970339415727
"Stillwater County","vap_oth_b","pre_16_dem_cli",0.503808506217844,0.184355169497162,0.148029660584273,0.850256528693554
"Stillwater County","vap_white","gov_16_rep_gia",0.662110026625287,0.0146271736142492,0.632994485029568,0.690690857732831
"Stillwater County","vap_white","gov_16_dem_bul",0.337889973374713,0.0146271736142492,0.309309142267169,0.367005514970432
"Stillwater County","vap_black","gov_16_rep_gia",0.512450813419814,0.247293134079472,0.0648989851730077,0.941334206768972
"Stillwater County","vap_black","gov_16_dem_bul",0.487549186580186,0.247293134079472,0.0586657932310276,0.935101014826992
"Stillwater County","vap_hisp","gov_16_rep_gia",0.50609867340281,0.183495417779787,0.149261392072734,0.849543193053021
"Stillwater County","vap_hisp","gov_16_dem_bul",0.49390132659719,0.183495417779787,0.150456806946979,0.850738607927266
"Stillwater County","vap_asian","gov_16_rep_gia",0.492316823181433,0.187770768264097,0.146482178243066,0.847868269384512
"Stillwater County","vap_asian","gov_16_dem_bul",0.507683176818567,0.187770768264097,0.152131730615488,0.853517821756934
"Stillwater County","vap_aian","gov_16_rep_gia",0.501816204260663,0.202693301269017,0.12714738019735,0.877861050276595
"Stillwater County","vap_aian","gov_16_dem_bul",0.498183795739337,0.202693301269017,0.122138949723405,0.87285261980265
"Stillwater County","vap_oth_b","gov_16_rep_gia",0.502221714372188,0.17791410896384,0.155871777388797,0.843034682853541
"Stillwater County","vap_oth_b","gov_16_dem_bul",0.497778285627812,0.17791410896384,0.156965317146459,0.844128222611203
"Stillwater County","vap_white","atg_16_rep_fox",0.868138149943177,0.01226736739125,0.843592133372894,0.89178719402081
"Stillwater County","vap_white","atg_16_dem_jen",0.131861850056824,0.01226736739125,0.10821280597919,0.156407866627106
"Stillwater County","vap_black","atg_16_rep_fox",0.433890504974985,0.272999727569219,0.00156484624182977,0.920673509146004
"Stillwater County","vap_black","atg_16_dem_jen",0.566109495025015,0.272999727569219,0.0793264908539957,0.99843515375817
"Stillwater County","vap_hisp","atg_16_rep_fox",0.481973549703715,0.181131057094572,0.146444394249639,0.827126395956399
"Stillwater County","vap_hisp","atg_16_dem_jen",0.518026450296285,0.181131057094572,0.172873604043601,0.853555605750361
"Stillwater County","vap_asian","atg_16_rep_fox",0.498139026983604,0.190411042935675,0.138822401354924,0.852245283736466
"Stillwater County","vap_asian","atg_16_dem_jen",0.501860973016396,0.190411042935675,0.147754716263534,0.861177598645076
"Stillwater County","vap_aian","atg_16_rep_fox",0.52275019863216,0.200832444650245,0.137401649780652,0.880992216918242
"Stillwater County","vap_aian","atg_16_dem_jen",0.47724980136784,0.200832444650245,0.119007783081758,0.862598350219348
"Stillwater County","vap_oth_b","atg_16_rep_fox",0.515413128711673,0.181702371093652,0.170635665470854,0.843218312118063
"Stillwater County","vap_oth_b","atg_16_dem_jen",0.484586871288327,0.181702371093652,0.156781687881937,0.829364334529146
"Stillwater County","vap_white","sos_16_rep_sta",0.760499557684296,0.014600903812304,0.731128133456244,0.788576539242412
"Stillwater County","vap_white","sos_16_dem_lin",0.239500442315704,0.014600903812304,0.211423460757588,0.268871866543756
"Stillwater County","vap_black","sos_16_rep_sta",0.501919282162951,0.239384996935845,0.0764630557134777,0.933783717766455
"Stillwater County","vap_black","sos_16_dem_lin",0.498080717837049,0.239384996935845,0.066216282233545,0.923536944286522
"Stillwater County","vap_hisp","sos_16_rep_sta",0.504685843200072,0.185615262383544,0.148011796050967,0.849054926898861
"Stillwater County","vap_hisp","sos_16_dem_lin",0.495314156799928,0.185615262383544,0.150945073101139,0.851988203949034
"Stillwater County","vap_asian","sos_16_rep_sta",0.509622242983832,0.186303864399122,0.152361144401391,0.857231470202602
"Stillwater County","vap_asian","sos_16_dem_lin",0.490377757016168,0.186303864399122,0.142768529797398,0.847638855598609
"Stillwater County","vap_aian","sos_16_rep_sta",0.493822434215931,0.200127857525411,0.128106715378783,0.871582976484836
"Stillwater County","vap_aian","sos_16_dem_lin",0.506177565784069,0.200127857525411,0.128417023515164,0.871893284621217
"Stillwater County","vap_oth_b","sos_16_rep_sta",0.493404721375395,0.180132284535619,0.153292162722761,0.838817710081303
"Stillwater County","vap_oth_b","sos_16_dem_lin",0.506595278624605,0.180132284535619,0.161182289918697,0.846707837277238
"Stillwater County","vap_white","uss_18_rep_ros",0.708062774960827,0.0147920393909864,0.678513559433284,0.73643594606103
"Stillwater County","vap_white","uss_18_dem_tes",0.291937225039173,0.0147920393909864,0.26356405393897,0.321486440566716
"Stillwater County","vap_black","uss_18_rep_ros",0.499056019018748,0.240691911282809,0.0715673219902078,0.928264944338059
"Stillwater County","vap_black","uss_18_dem_tes",0.500943980981252,0.240691911282809,0.0717350556619405,0.928432678009792
"Stillwater County","vap_hisp","uss_18_rep_ros",0.506353284420665,0.180094018078226,0.163277266107277,0.83935359904975
"Stillwater County","vap_hisp","uss_18_dem_tes",0.493646715579335,0.180094018078226,0.16064640095025,0.836722733892723
"Stillwater County","vap_asian","uss_18_rep_ros",0.492363814699258,0.192577152807618,0.129075354208199,0.862535138034119
"Stillwater County","vap_asian","uss_18_dem_tes",0.507636185300742,0.192577152807618,0.137464861965881,0.870924645791801
"Stillwater County","vap_aian","uss_18_rep_ros",0.351709890716048,0.241971868028788,0.0200100431774999,0.847061333094067
"Stillwater County","vap_aian","uss_18_dem_tes",0.648290109283952,0.241971868028788,0.152938666905932,0.9799899568225
"Stillwater County","vap_oth_b","uss_18_rep_ros",0.482581687559291,0.187712009161946,0.134831709464896,0.841497447074376
"Stillwater County","vap_oth_b","uss_18_dem_tes",0.517418312440709,0.187712009161946,0.158502552925624,0.865168290535104
"Stillwater County","vap_white","pre_20_rep_tru",0.805578026123017,0.0135537500109746,0.778547353596842,0.831411871562582
"Stillwater County","vap_white","pre_20_dem_bid",0.194421973876983,0.0135537500109746,0.168588128437418,0.221452646403158
"Stillwater County","vap_black","pre_20_rep_tru",0.499402380922772,0.242129618286043,0.0697087953819535,0.929632258054107
"Stillwater County","vap_black","pre_20_dem_bid",0.500597619077228,0.242129618286043,0.0703677419458929,0.930291204618046
"Stillwater County","vap_hisp","pre_20_rep_tru",0.476663313268278,0.183677667298226,0.129039186271678,0.828455077201529
"Stillwater County","vap_hisp","pre_20_dem_bid",0.523336686731722,0.183677667298226,0.171544922798471,0.870960813728321
"Stillwater County","vap_asian","pre_20_rep_tru",0.501955181638376,0.193342454029774,0.131087898573962,0.865467270072387
"Stillwater County","vap_asian","pre_20_dem_bid",0.498044818361624,0.193342454029774,0.134532729927613,0.868912101426038
"Stillwater County","vap_aian","pre_20_rep_tru",0.518706970355696,0.194592400589945,0.146962974557647,0.874744424904697
"Stillwater County","vap_aian","pre_20_dem_bid",0.481293029644304,0.194592400589945,0.125255575095303,0.853037025442353
"Stillwater County","vap_oth_b","pre_20_rep_tru",0.48167052079605,0.181961893192013,0.144396669651997,0.828208886122151
"Stillwater County","vap_oth_b","pre_20_dem_bid",0.51832947920395,0.181961893192013,0.171791113877849,0.855603330348003
"Stillwater County","vap_white","uss_20_rep_dai",0.773245175745408,0.0137666107712106,0.745805196051051,0.799540575827555
"Stillwater County","vap_white","uss_20_dem_bul",0.226754824254593,0.0137666107712106,0.200459424172445,0.254194803948949
"Stillwater County","vap_black","uss_20_rep_dai",0.520812319718533,0.242130290831668,0.0797462881649576,0.943070090804654
"Stillwater County","vap_black","uss_20_dem_bul",0.479187680281467,0.242130290831668,0.0569299091953454,0.920253711835042
"Stillwater County","vap_hisp","uss_20_rep_dai",0.493949713314257,0.184367200023753,0.151786758010694,0.847011287047788
"Stillwater County","vap_hisp","uss_20_dem_bul",0.506050286685743,0.184367200023753,0.152988712952212,0.848213241989306
"Stillwater County","vap_asian","uss_20_rep_dai",0.503807512465658,0.194072299745847,0.135797877714848,0.868147076002161
"Stillwater County","vap_asian","uss_20_dem_bul",0.496192487534342,0.194072299745847,0.131852923997839,0.864202122285152
"Stillwater County","vap_aian","uss_20_rep_dai",0.50468416026533,0.196952261485863,0.136667069366033,0.872996713450642
"Stillwater County","vap_aian","uss_20_dem_bul",0.49531583973467,0.196952261485863,0.127003286549358,0.863332930633967
"Stillwater County","vap_oth_b","uss_20_rep_dai",0.50493305669669,0.186335827761419,0.145819706561768,0.86259732106574
"Stillwater County","vap_oth_b","uss_20_dem_bul",0.49506694330331,0.186335827761419,0.13740267893426,0.854180293438232
"Stillwater County","vap_white","gov_20_rep_gia",0.788159125900775,0.0135350110106684,0.761347869429225,0.814664141797847
"Stillwater County","vap_white","gov_20_dem_coo",0.211840874099225,0.0135350110106684,0.185335858202153,0.238652130570775
"Stillwater County","vap_black","gov_20_rep_gia",0.492187402293265,0.239356770007793,0.066835267249495,0.92182537412776
"Stillwater County","vap_black","gov_20_dem_coo",0.507812597706735,0.239356770007793,0.0781746258722392,0.933164732750505
"Stillwater County","vap_hisp","gov_20_rep_gia",0.488196378520168,0.181017355468074,0.138071888686358,0.823682856700482
"Stillwater County","vap_hisp","gov_20_dem_coo",0.511803621479832,0.181017355468074,0.176317143299518,0.861928111313642
"Stillwater County","vap_asian","gov_20_rep_gia",0.486544884234955,0.191119965766573,0.129870914553063,0.85035580957408
"Stillwater County","vap_asian","gov_20_dem_coo",0.513455115765045,0.191119965766573,0.14964419042592,0.870129085446937
"Stillwater County","vap_aian","gov_20_rep_gia",0.519678077299662,0.204914941687082,0.119085093453551,0.883251748211953
"Stillwater County","vap_aian","gov_20_dem_coo",0.480321922700338,0.204914941687082,0.116748251788047,0.880914906546449
"Stillwater County","vap_oth_b","gov_20_rep_gia",0.50025581748669,0.186893924239283,0.154689221623436,0.859591443582637
"Stillwater County","vap_oth_b","gov_20_dem_coo",0.49974418251331,0.186893924239283,0.140408556417363,0.845310778376564
"Stillwater County","vap_white","atg_20_rep_knu",0.803999310725019,0.0132518062399372,0.777646358299587,0.829218626137732
"Stillwater County","vap_white","atg_20_dem_gra",0.196000689274981,0.0132518062399372,0.170781373862268,0.222353641700413
"Stillwater County","vap_black","atg_20_rep_knu",0.501085597290187,0.245969158143951,0.0635847488722384,0.937453632378782
"Stillwater County","vap_black","atg_20_dem_gra",0.498914402709813,0.245969158143951,0.062546367621218,0.936415251127762
"Stillwater County","vap_hisp","atg_20_rep_knu",0.490026226670267,0.188897982365342,0.133698867391469,0.848827017923403
"Stillwater County","vap_hisp","atg_20_dem_gra",0.509973773329733,0.188897982365342,0.151172982076597,0.866301132608531
"Stillwater County","vap_asian","atg_20_rep_knu",0.507678756751735,0.193173664893285,0.141897984890865,0.878477233905462
"Stillwater County","vap_asian","atg_20_dem_gra",0.492321243248265,0.193173664893285,0.121522766094538,0.858102015109135
"Stillwater County","vap_aian","atg_20_rep_knu",0.506045301322687,0.201913021866616,0.134295985283024,0.88074773788571
"Stillwater County","vap_aian","atg_20_dem_gra",0.493954698677313,0.201913021866616,0.11925226211429,0.865704014716975
"Stillwater County","vap_oth_b","atg_20_rep_knu",0.49554436313511,0.183043742507722,0.150508799605189,0.838857219861858
"Stillwater County","vap_oth_b","atg_20_dem_gra",0.50445563686489,0.183043742507722,0.161142780138142,0.84949120039481
"Stillwater County","vap_white","sos_20_rep_jac",0.813544685643827,0.0131391464880872,0.78766136115965,0.838963282471395
"Stillwater County","vap_white","sos_20_dem_ben",0.186455314356173,0.0131391464880872,0.161036717528605,0.21233863884035
"Stillwater County","vap_black","sos_20_rep_jac",0.508312023466105,0.244797322111196,0.0703051216509185,0.939673182808747
"Stillwater County","vap_black","sos_20_dem_ben",0.491687976533895,0.244797322111196,0.0603268171912532,0.929694878349082
"Stillwater County","vap_hisp","sos_20_rep_jac",0.490930289027903,0.183932613183081,0.156847952416501,0.846106788493229
"Stillwater County","vap_hisp","sos_20_dem_ben",0.509069710972097,0.183932613183081,0.153893211506771,0.843152047583499
"Stillwater County","vap_asian","sos_20_rep_jac",0.48866654063061,0.192111091575341,0.135078736417573,0.854252330231493
"Stillwater County","vap_asian","sos_20_dem_ben",0.51133345936939,0.192111091575341,0.145747669768507,0.864921263582427
"Stillwater County","vap_aian","sos_20_rep_jac",0.506810399742022,0.196355789073951,0.135458296291469,0.877948378760205
"Stillwater County","vap_aian","sos_20_dem_ben",0.493189600257978,0.196355789073951,0.122051621239795,0.86454170370853
"Stillwater County","vap_oth_b","sos_20_rep_jac",0.486818754788537,0.187856679778018,0.127928773720648,0.834859243087023
"Stillwater County","vap_oth_b","sos_20_dem_ben",0.513181245211463,0.187856679778018,0.165140756912977,0.872071226279352
"Sweet Grass County","vap_white","pre_16_rep_tru",0.828457128963778,0.0156786591033805,0.797102177806442,0.857603438092726
"Sweet Grass County","vap_white","pre_16_dem_cli",0.171542871036222,0.0156786591033805,0.142396561907274,0.202897822193558
"Sweet Grass County","vap_black","pre_16_rep_tru",0.49064355688429,0.225098709378147,0.0732085052746101,0.908101901464014
"Sweet Grass County","vap_black","pre_16_dem_cli",0.50935644311571,0.225098709378147,0.0918980985359859,0.92679149472539
"Sweet Grass County","vap_hisp","pre_16_rep_tru",0.499151678730771,0.196628055283196,0.131719820017022,0.875348874124437
"Sweet Grass County","vap_hisp","pre_16_dem_cli",0.500848321269229,0.196628055283196,0.124651125875563,0.868280179982979
"Sweet Grass County","vap_asian","pre_16_rep_tru",0.498086290035345,0.216351385914666,0.10302183650141,0.907189785864556
"Sweet Grass County","vap_asian","pre_16_dem_cli",0.501913709964655,0.216351385914666,0.0928102141354438,0.89697816349859
"Sweet Grass County","vap_aian","pre_16_rep_tru",0.490396945256919,0.205882837802714,0.112369983225354,0.889657393786419
"Sweet Grass County","vap_aian","pre_16_dem_cli",0.509603054743081,0.205882837802714,0.110342606213581,0.887630016774646
"Sweet Grass County","vap_oth_b","pre_16_rep_tru",0.519117811370834,0.212657832469009,0.134113289776812,0.960673178168524
"Sweet Grass County","vap_oth_b","pre_16_dem_cli",0.480882188629165,0.212657832469009,0.0393268218314762,0.865886710223188
"Sweet Grass County","vap_white","gov_16_rep_gia",0.679330194588377,0.016348763002118,0.647070787553752,0.711260690566113
"Sweet Grass County","vap_white","gov_16_dem_bul",0.320669805411623,0.016348763002118,0.288739309433887,0.352929212446248
"Sweet Grass County","vap_black","gov_16_rep_gia",0.500117717668453,0.227266698758347,0.0805688798530593,0.923172228889659
"Sweet Grass County","vap_black","gov_16_dem_bul",0.499882282331547,0.227266698758347,0.0768277711103407,0.919431120146941
"Sweet Grass County","vap_hisp","gov_16_rep_gia",0.521242759496201,0.210900718894232,0.131935881641986,0.913271573855878
"Sweet Grass County","vap_hisp","gov_16_dem_bul",0.478757240503799,0.210900718894232,0.0867284261441219,0.868064118358014
"Sweet Grass County","vap_asian","gov_16_rep_gia",0.497395292905449,0.210364144714097,0.102835041342508,0.88999417393977
"Sweet Grass County","vap_asian","gov_16_dem_bul",0.502604707094551,0.210364144714097,0.11000582606023,0.897164958657492
"Sweet Grass County","vap_aian","gov_16_rep_gia",0.499363156871872,0.21041584139881,0.0921509529546115,0.894586242425226
"Sweet Grass County","vap_aian","gov_16_dem_bul",0.500636843128128,0.21041584139881,0.105413757574774,0.907849047045388
"Sweet Grass County","vap_oth_b","gov_16_rep_gia",0.507635856934146,0.190619545159319,0.149214535908979,0.869501615168072
"Sweet Grass County","vap_oth_b","gov_16_dem_bul",0.492364143065854,0.190619545159319,0.130498384831928,0.850785464091021
"Sweet Grass County","vap_white","atg_16_rep_fox",0.870594252928937,0.0144694113146816,0.842238791835768,0.897650197723976
"Sweet Grass County","vap_white","atg_16_dem_jen",0.129405747071063,0.0144694113146816,0.102349802276024,0.157761208164232
"Sweet Grass County","vap_black","atg_16_rep_fox",0.494820052137975,0.226192242149958,0.0741290908098432,0.924172226386451
"Sweet Grass County","vap_black","atg_16_dem_jen",0.505179947862025,0.226192242149958,0.0758277736135485,0.925870909190157
"Sweet Grass County","vap_hisp","atg_16_rep_fox",0.500527299457834,0.197963753354275,0.130657523736624,0.875421804554954
"Sweet Grass County","vap_hisp","atg_16_dem_jen",0.499472700542166,0.197963753354275,0.124578195445046,0.869342476263376
"Sweet Grass County","vap_asian","atg_16_rep_fox",0.502131944029254,0.213769198418937,0.103933526004863,0.903795066289726
"Sweet Grass County","vap_asian","atg_16_dem_jen",0.497868055970746,0.213769198418937,0.0962049337102739,0.896066473995137
"Sweet Grass County","vap_aian","atg_16_rep_fox",0.492544812252773,0.206254721092872,0.101135714798156,0.877370303879096
"Sweet Grass County","vap_aian","atg_16_dem_jen",0.507455187747227,0.206254721092872,0.122629696120904,0.898864285201844
"Sweet Grass County","vap_oth_b","atg_16_rep_fox",0.487303470795681,0.196438987853985,0.122834905880009,0.86031293823186
"Sweet Grass County","vap_oth_b","atg_16_dem_jen",0.512696529204319,0.196438987853985,0.13968706176814,0.877165094119991
"Sweet Grass County","vap_white","sos_16_rep_sta",0.790710340907809,0.0153110135183792,0.761345546276932,0.820302690756131
"Sweet Grass County","vap_white","sos_16_dem_lin",0.209289659092191,0.0153110135183792,0.179697309243868,0.238654453723068
"Sweet Grass County","vap_black","sos_16_rep_sta",0.494649083941618,0.229594863770775,0.0750870479362473,0.926566444293126
"Sweet Grass County","vap_black","sos_16_dem_lin",0.505350916058382,0.229594863770775,0.0734335557068744,0.924912952063753
"Sweet Grass County","vap_hisp","sos_16_rep_sta",0.495021762009767,0.198020190710252,0.114297851196147,0.864246417187431
"Sweet Grass County","vap_hisp","sos_16_dem_lin",0.504978237990233,0.198020190710252,0.135753582812569,0.885702148803853
"Sweet Grass County","vap_asian","sos_16_rep_sta",0.493768674085477,0.212330966507284,0.0947995709454,0.888654593052524
"Sweet Grass County","vap_asian","sos_16_dem_lin",0.506231325914523,0.212330966507284,0.111345406947476,0.9052004290546
"Sweet Grass County","vap_aian","sos_16_rep_sta",0.498595987380531,0.204423314657638,0.110800452855247,0.881638065931894
"Sweet Grass County","vap_aian","sos_16_dem_lin",0.501404012619469,0.204423314657638,0.118361934068105,0.889199547144752
"Sweet Grass County","vap_oth_b","sos_16_rep_sta",0.502844463645188,0.189810646633901,0.148231856386681,0.863913020847773
"Sweet Grass County","vap_oth_b","sos_16_dem_lin",0.497155536354812,0.189810646633901,0.136086979152227,0.851768143613318
"Sweet Grass County","vap_white","uss_18_rep_ros",0.696524449316718,0.015759213002711,0.666067619874291,0.726905273728215
"Sweet Grass County","vap_white","uss_18_dem_tes",0.303475550683282,0.015759213002711,0.273094726271785,0.333932380125709
"Sweet Grass County","vap_black","uss_18_rep_ros",0.507614498363064,0.230500240520801,0.0729789886596092,0.926171142802058
"Sweet Grass County","vap_black","uss_18_dem_tes",0.492385501636936,0.230500240520801,0.0738288571979415,0.927021011340391
"Sweet Grass County","vap_hisp","uss_18_rep_ros",0.495798606634014,0.191219500104911,0.138491246539394,0.85540543429247
"Sweet Grass County","vap_hisp","uss_18_dem_tes",0.504201393365986,0.191219500104911,0.14459456570753,0.861508753460606
"Sweet Grass County","vap_asian","uss_18_rep_ros",0.505794150511261,0.21133953100556,0.111092624742391,0.896801080506449
"Sweet Grass County","vap_asian","uss_18_dem_tes",0.494205849488739,0.21133953100556,0.103198919493551,0.888907375257609
"Sweet Grass County","vap_aian","uss_18_rep_ros",0.499214227801045,0.208454846007432,0.110530378154965,0.891179110550968
"Sweet Grass County","vap_aian","uss_18_dem_tes",0.500785772198955,0.208454846007432,0.108820889449032,0.889469621845035
"Sweet Grass County","vap_oth_b","uss_18_rep_ros",0.509877021194339,0.191612411059983,0.142074002710395,0.862068081896993
"Sweet Grass County","vap_oth_b","uss_18_dem_tes",0.490122978805661,0.191612411059983,0.137931918103007,0.857925997289605
"Sweet Grass County","vap_white","pre_20_rep_tru",0.800852833370474,0.0143561014711024,0.772838103137596,0.828343879136725
"Sweet Grass County","vap_white","pre_20_dem_bid",0.199147166629526,0.0143561014711024,0.171656120863275,0.227161896862404
"Sweet Grass County","vap_black","pre_20_rep_tru",0.497769991265786,0.227241204273409,0.0804454993571559,0.916158565182088
"Sweet Grass County","vap_black","pre_20_dem_bid",0.502230008734214,0.227241204273409,0.0838414348179119,0.919554500642844
"Sweet Grass County","vap_hisp","pre_20_rep_tru",0.503724365546717,0.197060360004235,0.121022778099947,0.87006176098423
"Sweet Grass County","vap_hisp","pre_20_dem_bid",0.496275634453283,0.197060360004235,0.12993823901577,0.878977221900053
"Sweet Grass County","vap_asian","pre_20_rep_tru",0.5027847658269,0.214022963644793,0.107157103655591,0.896286710496821
"Sweet Grass County","vap_asian","pre_20_dem_bid",0.4972152341731,0.214022963644793,0.103713289503179,0.892842896344409
"Sweet Grass County","vap_aian","pre_20_rep_tru",0.505157030720076,0.205710381818062,0.119770169167603,0.887474627274723
"Sweet Grass County","vap_aian","pre_20_dem_bid",0.494842969279924,0.205710381818062,0.112525372725277,0.880229830832397
"Sweet Grass County","vap_oth_b","pre_20_rep_tru",0.492074808220355,0.190710395532169,0.138047267711677,0.859963798487203
"Sweet Grass County","vap_oth_b","pre_20_dem_bid",0.507925191779645,0.190710395532169,0.140036201512797,0.861952732288323
"Sweet Grass County","vap_white","uss_20_rep_dai",0.771876001820578,0.015004198852964,0.743266928386309,0.80140574583227
"Sweet Grass County","vap_white","uss_20_dem_bul",0.228123998179422,0.015004198852964,0.19859425416773,0.256733071613691
"Sweet Grass County","vap_black","uss_20_rep_dai",0.488484325992433,0.227067470892288,0.0671815124469433,0.915497829455036
"Sweet Grass County","vap_black","uss_20_dem_bul",0.511515674007567,0.227067470892288,0.0845021705449639,0.932818487553056
"Sweet Grass County","vap_hisp","uss_20_rep_dai",0.505311426744827,0.193626106739667,0.137597929874148,0.871131007645575
"Sweet Grass County","vap_hisp","uss_20_dem_bul",0.494688573255173,0.193626106739667,0.128868992354424,0.862402070125852
"Sweet Grass County","vap_asian","uss_20_rep_dai",0.493624374887976,0.210958303855631,0.101509513392431,0.893833840343871
"Sweet Grass County","vap_asian","uss_20_dem_bul",0.506375625112024,0.210958303855631,0.106166159656129,0.898490486607569
"Sweet Grass County","vap_aian","uss_20_rep_dai",0.495008500118132,0.213607115380724,0.083647129362113,0.889843749363815
"Sweet Grass County","vap_aian","uss_20_dem_bul",0.504991499881868,0.213607115380724,0.110156250636185,0.916352870637887
"Sweet Grass County","vap_oth_b","uss_20_rep_dai",0.51546333478091,0.195669075111131,0.144040397938577,0.880980765164823
"Sweet Grass County","vap_oth_b","uss_20_dem_bul",0.48453666521909,0.195669075111131,0.119019234835177,0.855959602061423
"Sweet Grass County","vap_white","gov_20_rep_gia",0.795376805634794,0.0146053902593082,0.766752034742243,0.822704518183011
"Sweet Grass County","vap_white","gov_20_dem_coo",0.204623194365207,0.0146053902593082,0.177295481816989,0.233247965257757
"Sweet Grass County","vap_black","gov_20_rep_gia",0.494138971029475,0.226649275429252,0.0767227984985017,0.914579119292629
"Sweet Grass County","vap_black","gov_20_dem_coo",0.505861028970525,0.226649275429252,0.0854208807073706,0.923277201501498
"Sweet Grass County","vap_hisp","gov_20_rep_gia",0.505372142268373,0.197035811922374,0.126858141478142,0.869140104211333
"Sweet Grass County","vap_hisp","gov_20_dem_coo",0.494627857731627,0.197035811922374,0.130859895788666,0.873141858521858
"Sweet Grass County","vap_asian","gov_20_rep_gia",0.489860503562413,0.209883268183984,0.101716117748049,0.888774191518587
"Sweet Grass County","vap_asian","gov_20_dem_coo",0.510139496437587,0.209883268183984,0.111225808481413,0.89828388225195
"Sweet Grass County","vap_aian","gov_20_rep_gia",0.494457240644028,0.209051195021677,0.0968158895710807,0.885236442615326
"Sweet Grass County","vap_aian","gov_20_dem_coo",0.505542759355972,0.209051195021677,0.114763557384674,0.903184110428919
"Sweet Grass County","vap_oth_b","gov_20_rep_gia",0.492361808864073,0.19123924165041,0.133749608120716,0.855408892969809
"Sweet Grass County","vap_oth_b","gov_20_dem_coo",0.507638191135927,0.19123924165041,0.144591107030191,0.866250391879284
"Sweet Grass County","vap_white","atg_20_rep_knu",0.805394109024751,0.0144540537803558,0.776801214225739,0.832547353367946
"Sweet Grass County","vap_white","atg_20_dem_gra",0.194605890975249,0.0144540537803558,0.167452646632054,0.223198785774261
"Sweet Grass County","vap_black","atg_20_rep_knu",0.497666654011504,0.233565883534033,0.0709883014447737,0.929982706628073
"Sweet Grass County","vap_black","atg_20_dem_gra",0.502333345988496,0.233565883534033,0.0700172933719273,0.929011698555226
"Sweet Grass County","vap_hisp","atg_20_rep_knu",0.501269501645328,0.197869576864847,0.141998409234897,0.874586889532513
"Sweet Grass County","vap_hisp","atg_20_dem_gra",0.498730498354672,0.197869576864847,0.125413110467487,0.858001590765103
"Sweet Grass County","vap_asian","atg_20_rep_knu",0.517296523086069,0.213089468188081,0.1115478596907,0.914798278954977
"Sweet Grass County","vap_asian","atg_20_dem_gra",0.482703476913931,0.213089468188081,0.0852017210450228,0.8884521403093
"Sweet Grass County","vap_aian","atg_20_rep_knu",0.511019277486012,0.207830217921999,0.11450865164409,0.893022529931507
"Sweet Grass County","vap_aian","atg_20_dem_gra",0.488980722513988,0.207830217921999,0.106977470068493,0.88549134835591
"Sweet Grass County","vap_oth_b","atg_20_rep_knu",0.508068159776446,0.198156290420213,0.142147419946279,0.890255889077307
"Sweet Grass County","vap_oth_b","atg_20_dem_gra",0.491931840223554,0.198156290420213,0.109744110922692,0.857852580053721
"Sweet Grass County","vap_white","sos_20_rep_jac",0.816348156890055,0.0144529042935849,0.787969412109847,0.844160881900253
"Sweet Grass County","vap_white","sos_20_dem_ben",0.183651843109945,0.0144529042935849,0.155839118099747,0.212030587890153
"Sweet Grass County","vap_black","sos_20_rep_jac",0.396655031150581,0.262860748334677,0.0015318417916068,0.8942486737931
"Sweet Grass County","vap_black","sos_20_dem_ben",0.603344968849419,0.262860748334677,0.1057513262069,0.998468158208393
"Sweet Grass County","vap_hisp","sos_20_rep_jac",0.490019335230067,0.194775891378391,0.12797384231526,0.859817852824545
"Sweet Grass County","vap_hisp","sos_20_dem_ben",0.509980664769933,0.194775891378391,0.140182147175455,0.87202615768474
"Sweet Grass County","vap_asian","sos_20_rep_jac",0.477442852387801,0.220270439390317,0.054764537355122,0.883636170777312
"Sweet Grass County","vap_asian","sos_20_dem_ben",0.522557147612199,0.220270439390317,0.116363829222688,0.945235462644878
"Sweet Grass County","vap_aian","sos_20_rep_jac",0.496853645754704,0.204909912286739,0.102395657566647,0.880933608424666
"Sweet Grass County","vap_aian","sos_20_dem_ben",0.503146354245296,0.204909912286739,0.119066391575334,0.897604342433353
"Sweet Grass County","vap_oth_b","sos_20_rep_jac",0.50406183981064,0.191921437642543,0.136524512508347,0.863847307019849
"Sweet Grass County","vap_oth_b","sos_20_dem_ben",0.49593816018936,0.191921437642543,0.136152692980151,0.863475487491653
"Teton County","vap_white","pre_16_rep_tru",0.756673602575647,0.0158156123489542,0.72528812560104,0.787235375516918
"Teton County","vap_white","pre_16_dem_cli",0.243326397424353,0.0158156123489542,0.212764624483082,0.27471187439896
"Teton County","vap_black","pre_16_rep_tru",0.495452283806379,0.204103269075208,0.115767825356515,0.881215852781167
"Teton County","vap_black","pre_16_dem_cli",0.504547716193621,0.204103269075208,0.118784147218833,0.884232174643485
"Teton County","vap_hisp","pre_16_rep_tru",0.509815250257952,0.205561636685953,0.136208815806575,0.910638882079198
"Teton County","vap_hisp","pre_16_dem_cli",0.490184749742048,0.205561636685953,0.0893611179208016,0.863791184193425
"Teton County","vap_asian","pre_16_rep_tru",0.495870637186599,0.207667222954328,0.101643432151292,0.882840808691487
"Teton County","vap_asian","pre_16_dem_cli",0.504129362813401,0.207667222954328,0.117159191308513,0.898356567848708
"Teton County","vap_aian","pre_16_rep_tru",0.496890198683916,0.196669952586385,0.12790549054139,0.859655714276481
"Teton County","vap_aian","pre_16_dem_cli",0.503109801316084,0.196669952586385,0.140344285723519,0.87209450945861
"Teton County","vap_oth_b","pre_16_rep_tru",0.493418692544498,0.192989868050048,0.140515875229684,0.865175570395442
"Teton County","vap_oth_b","pre_16_dem_cli",0.506581307455501,0.192989868050048,0.134824429604558,0.859484124770316
"Teton County","vap_white","gov_16_rep_gia",0.554857419060563,0.0168122388234445,0.521426157618111,0.587097564202492
"Teton County","vap_white","gov_16_dem_bul",0.445142580939437,0.0168122388234445,0.412902435797508,0.478573842381889
"Teton County","vap_black","gov_16_rep_gia",0.508425327851707,0.200264895442304,0.126770558609467,0.880283129603179
"Teton County","vap_black","gov_16_dem_bul",0.491574672148293,0.200264895442304,0.119716870396821,0.873229441390533
"Teton County","vap_hisp","gov_16_rep_gia",0.497291164009956,0.198155413991634,0.121839763851942,0.866640875675648
"Teton County","vap_hisp","gov_16_dem_bul",0.502708835990043,0.198155413991634,0.133359124324352,0.878160236148058
"Teton County","vap_asian","gov_16_rep_gia",0.49532859816284,0.208267342097792,0.110721494827338,0.89083401245852
"Teton County","vap_asian","gov_16_dem_bul",0.50467140183716,0.208267342097792,0.10916598754148,0.889278505172661
"Teton County","vap_aian","gov_16_rep_gia",0.493952458716861,0.199268962090777,0.121235562217861,0.875373327117741
"Teton County","vap_aian","gov_16_dem_bul",0.506047541283138,0.199268962090777,0.124626672882259,0.878764437782139
"Teton County","vap_oth_b","gov_16_rep_gia",0.490541594413472,0.189426788007119,0.133342220136012,0.84723916846625
"Teton County","vap_oth_b","gov_16_dem_bul",0.509458405586528,0.189426788007119,0.15276083153375,0.866657779863988
"Teton County","vap_white","atg_16_rep_fox",0.827679844055984,0.0151799376887837,0.797631662284214,0.856739195865189
"Teton County","vap_white","atg_16_dem_jen",0.172320155944016,0.0151799376887837,0.143260804134811,0.202368337715786
"Teton County","vap_black","atg_16_rep_fox",0.494777060171078,0.20225632292492,0.110629525755055,0.870497595702293
"Teton County","vap_black","atg_16_dem_jen",0.505222939828922,0.20225632292492,0.129502404297707,0.889370474244945
"Teton County","vap_hisp","atg_16_rep_fox",0.51158659412851,0.206096120252433,0.122797278722623,0.9019773361425
"Teton County","vap_hisp","atg_16_dem_jen",0.48841340587149,0.206096120252433,0.0980226638575001,0.877202721277376
"Teton County","vap_asian","atg_16_rep_fox",0.490174070392319,0.213683177716877,0.0849535505309994,0.882081897339585
"Teton County","vap_asian","atg_16_dem_jen",0.50982592960768,0.213683177716877,0.117918102660415,0.915046449469001
"Teton County","vap_aian","atg_16_rep_fox",0.493286357558449,0.198216623146012,0.125683697606335,0.872097086613958
"Teton County","vap_aian","atg_16_dem_jen",0.506713642441551,0.198216623146012,0.127902913386042,0.874316302393665
"Teton County","vap_oth_b","atg_16_rep_fox",0.483637689165794,0.195400693819258,0.129261594489972,0.855364908719429
"Teton County","vap_oth_b","atg_16_dem_jen",0.516362310834206,0.195400693819258,0.144635091280571,0.870738405510028
"Teton County","vap_white","sos_16_rep_sta",0.678297351441403,0.0164463245188363,0.646171097403288,0.710722545978954
"Teton County","vap_white","sos_16_dem_lin",0.321702648558597,0.0164463245188363,0.289277454021046,0.353828902596712
"Teton County","vap_black","sos_16_rep_sta",0.490760553944482,0.206019254236838,0.102789874257595,0.875360533016416
"Teton County","vap_black","sos_16_dem_lin",0.509239446055518,0.206019254236838,0.124639466983583,0.897210125742405
"Teton County","vap_hisp","sos_16_rep_sta",0.503955102848304,0.205136727065208,0.121910252775338,0.899041433933318
"Teton County","vap_hisp","sos_16_dem_lin",0.496044897151695,0.205136727065208,0.100958566066682,0.878089747224661
"Teton County","vap_asian","sos_16_rep_sta",0.503750327929221,0.209534919084015,0.117872055689842,0.895030658847015
"Teton County","vap_asian","sos_16_dem_lin",0.496249672070779,0.209534919084015,0.104969341152985,0.882127944310158
"Teton County","vap_aian","sos_16_rep_sta",0.507074923593561,0.199052559032768,0.128795040278364,0.881905660998814
"Teton County","vap_aian","sos_16_dem_lin",0.492925076406439,0.199052559032768,0.118094339001186,0.871204959721636
"Teton County","vap_oth_b","sos_16_rep_sta",0.488162933812444,0.19955679703689,0.115695265195831,0.865271917686286
"Teton County","vap_oth_b","sos_16_dem_lin",0.511837066187556,0.19955679703689,0.134728082313714,0.884304734804168
"Teton County","vap_white","uss_18_rep_ros",0.592035872242911,0.0171016068678157,0.558930089346473,0.625450857514723
"Teton County","vap_white","uss_18_dem_tes",0.407964127757089,0.0171016068678157,0.374549142485277,0.441069910653527
"Teton County","vap_black","uss_18_rep_ros",0.493316081418772,0.202776215211413,0.117486430557248,0.886502313958879
"Teton County","vap_black","uss_18_dem_tes",0.506683918581228,0.202776215211413,0.113497686041121,0.882513569442752
"Teton County","vap_hisp","uss_18_rep_ros",0.499538805668697,0.201473544316471,0.118194543934803,0.867186139213822
"Teton County","vap_hisp","uss_18_dem_tes",0.500461194331303,0.201473544316471,0.132813860786177,0.881805456065197
"Teton County","vap_asian","uss_18_rep_ros",0.515989895700628,0.215204580641219,0.100006250722125,0.917713420811932
"Teton County","vap_asian","uss_18_dem_tes",0.484010104299372,0.215204580641219,0.0822865791880682,0.899993749277875
"Teton County","vap_aian","uss_18_rep_ros",0.488167119165248,0.199257853721249,0.115868341858715,0.860557619263667
"Teton County","vap_aian","uss_18_dem_tes",0.511832880834752,0.199257853721249,0.139442380736332,0.884131658141285
"Teton County","vap_oth_b","uss_18_rep_ros",0.506032563503318,0.195152386595356,0.134816125104175,0.876661271600269
"Teton County","vap_oth_b","uss_18_dem_tes",0.493967436496682,0.195152386595356,0.123338728399731,0.865183874895825
"Teton County","vap_white","pre_20_rep_tru",0.748355836744904,0.0154003457842895,0.718943584868399,0.778732600099659
"Teton County","vap_white","pre_20_dem_bid",0.251644163255096,0.0154003457842895,0.221267399900341,0.281056415131601
"Teton County","vap_black","pre_20_rep_tru",0.495757108624761,0.199825939497841,0.127861472540662,0.876487756693489
"Teton County","vap_black","pre_20_dem_bid",0.504242891375239,0.199825939497841,0.123512243306511,0.872138527459338
"Teton County","vap_hisp","pre_20_rep_tru",0.495436389075802,0.196263496265111,0.129245745421538,0.866875261736172
"Teton County","vap_hisp","pre_20_dem_bid",0.504563610924198,0.196263496265111,0.133124738263828,0.870754254578461
"Teton County","vap_asian","pre_20_rep_tru",0.507183296995208,0.206238752852379,0.119432548127272,0.900326584184607
"Teton County","vap_asian","pre_20_dem_bid",0.492816703004792,0.206238752852379,0.0996734158153927,0.880567451872728
"Teton County","vap_aian","pre_20_rep_tru",0.500770696279928,0.196407714196833,0.130617627243933,0.86811765331188
"Teton County","vap_aian","pre_20_dem_bid",0.499229303720072,0.196407714196833,0.13188234668812,0.869382372756067
"Teton County","vap_oth_b","pre_20_rep_tru",0.501340703085226,0.195546517899113,0.135122490670841,0.886059052155824
"Teton County","vap_oth_b","pre_20_dem_bid",0.498659296914774,0.195546517899113,0.113940947844175,0.864877509329159
"Teton County","vap_white","uss_20_rep_dai",0.716086250105089,0.015354814339786,0.685744376174129,0.745695604739826
"Teton County","vap_white","uss_20_dem_bul",0.283913749894911,0.015354814339786,0.254304395260174,0.314255623825871
"Teton County","vap_black","uss_20_rep_dai",0.492946655041187,0.201450811591992,0.120670310780115,0.877312420649671
"Teton County","vap_black","uss_20_dem_bul",0.507053344958813,0.201450811591992,0.122687579350329,0.879329689219885
"Teton County","vap_hisp","uss_20_rep_dai",0.504998615635248,0.19841442993864,0.130443399746141,0.873871032390137
"Teton County","vap_hisp","uss_20_dem_bul",0.495001384364752,0.19841442993864,0.126128967609863,0.869556600253859
"Teton County","vap_asian","uss_20_rep_dai",0.493710704158511,0.209663646690748,0.104408775398649,0.88707771689955
"Teton County","vap_asian","uss_20_dem_bul",0.506289295841489,0.209663646690748,0.11292228310045,0.895591224601351
"Teton County","vap_aian","uss_20_rep_dai",0.494142601811879,0.198866914052508,0.11646426868013,0.867886225926209
"Teton County","vap_aian","uss_20_dem_bul",0.505857398188121,0.198866914052508,0.132113774073791,0.883535731319869
"Teton County","vap_oth_b","uss_20_rep_dai",0.507768372523135,0.194532941416388,0.139091833498566,0.86849456914649
"Teton County","vap_oth_b","uss_20_dem_bul",0.492231627476865,0.194532941416388,0.13150543085351,0.860908166501434
"Teton County","vap_white","gov_20_rep_gia",0.729884461149217,0.0155202555748345,0.699190771536594,0.759619927385675
"Teton County","vap_white","gov_20_dem_coo",0.270115538850783,0.0155202555748345,0.240380072614325,0.300809228463406
"Teton County","vap_black","gov_20_rep_gia",0.508657468795102,0.203435817980878,0.127848119586096,0.89035185929188
"Teton County","vap_black","gov_20_dem_coo",0.491342531204898,0.203435817980878,0.109648140708119,0.872151880413903
"Teton County","vap_hisp","gov_20_rep_gia",0.493392323913105,0.203758737969767,0.098938843285705,0.867472704761243
"Teton County","vap_hisp","gov_20_dem_coo",0.506607676086895,0.203758737969767,0.132527295238757,0.901061156714295
"Teton County","vap_asian","gov_20_rep_gia",0.496180120338881,0.208312860954011,0.102029562933513,0.881079751380373
"Teton County","vap_asian","gov_20_dem_coo",0.503819879661119,0.208312860954011,0.118920248619626,0.897970437066487
"Teton County","vap_aian","gov_20_rep_gia",0.485618243755516,0.194453218444613,0.122977254327987,0.854841418948954
"Teton County","vap_aian","gov_20_dem_coo",0.514381756244484,0.194453218444613,0.145158581051046,0.877022745672013
"Teton County","vap_oth_b","gov_20_rep_gia",0.491140563873924,0.191625457423504,0.131317308885878,0.856765349739027
"Teton County","vap_oth_b","gov_20_dem_coo",0.508859436126076,0.191625457423504,0.143234650260973,0.868682691114122
"Teton County","vap_white","atg_20_rep_knu",0.742054070970802,0.0152908767285742,0.712825993469198,0.771844024634611
"Teton County","vap_white","atg_20_dem_gra",0.257945929029198,0.0152908767285742,0.228155975365389,0.287174006530802
"Teton County","vap_black","atg_20_rep_knu",0.496210668302643,0.20884330029143,0.0963505062387915,0.886803421233628
"Teton County","vap_black","atg_20_dem_gra",0.503789331697357,0.20884330029143,0.113196578766372,0.903649493761208
"Teton County","vap_hisp","atg_20_rep_knu",0.511135444452862,0.200446648204017,0.138051425117829,0.884720646540609
"Teton County","vap_hisp","atg_20_dem_gra",0.488864555547138,0.200446648204017,0.115279353459391,0.861948574882171
"Teton County","vap_asian","atg_20_rep_knu",0.506612885824093,0.216377108322809,0.105880388094872,0.927533486103187
"Teton County","vap_asian","atg_20_dem_gra",0.493387114175907,0.216377108322809,0.0724665138968128,0.894119611905128
"Teton County","vap_aian","atg_20_rep_knu",0.499096032945463,0.195600364392688,0.124017297487045,0.866508043356054
"Teton County","vap_aian","atg_20_dem_gra",0.500903967054537,0.195600364392688,0.133491956643946,0.875982702512955
"Teton County","vap_oth_b","atg_20_rep_knu",0.499800619289123,0.194791980159979,0.133582601964106,0.871046418413663
"Teton County","vap_oth_b","atg_20_dem_gra",0.500199380710878,0.194791980159979,0.128953581586337,0.866417398035894
"Teton County","vap_white","sos_20_rep_jac",0.755832785479586,0.0154008767917123,0.725453748702711,0.785939763504238
"Teton County","vap_white","sos_20_dem_ben",0.244167214520414,0.0154008767917123,0.214060236495762,0.274546251297289
"Teton County","vap_black","sos_20_rep_jac",0.49478343203795,0.202798259651801,0.112407924883232,0.873871261111917
"Teton County","vap_black","sos_20_dem_ben",0.50521656796205,0.202798259651801,0.126128738888083,0.887592075116767
"Teton County","vap_hisp","sos_20_rep_jac",0.495787609425379,0.19977394089498,0.128670010706488,0.873341369166434
"Teton County","vap_hisp","sos_20_dem_ben",0.504212390574621,0.19977394089498,0.126658630833566,0.871329989293512
"Teton County","vap_asian","sos_20_rep_jac",0.500663456561391,0.212089050017525,0.1061998363849,0.909120299421307
"Teton County","vap_asian","sos_20_dem_ben",0.499336543438609,0.212089050017525,0.0908797005786931,0.893800163615099
"Teton County","vap_aian","sos_20_rep_jac",0.495363627576818,0.201650545170535,0.116066781096911,0.86392622193295
"Teton County","vap_aian","sos_20_dem_ben",0.504636372423182,0.201650545170535,0.13607377806705,0.883933218903089
"Teton County","vap_oth_b","sos_20_rep_jac",0.5124611554274,0.192945138103054,0.145528156436127,0.87162470212531
"Teton County","vap_oth_b","sos_20_dem_ben",0.4875388445726,0.192945138103054,0.12837529787469,0.854471843563873
"Toole County","vap_white","pre_16_rep_tru",0.835884687027793,0.0181103735007101,0.799879649796013,0.870352000524208
"Toole County","vap_white","pre_16_dem_cli",0.164115312972207,0.0181103735007101,0.129647999475792,0.200120350203986
"Toole County","vap_black","pre_16_rep_tru",0.500405057177763,0.254178150456964,0.0505530791768911,0.945334551777158
"Toole County","vap_black","pre_16_dem_cli",0.499594942822237,0.254178150456964,0.0546654482228424,0.949446920823109
"Toole County","vap_hisp","pre_16_rep_tru",0.494969549678707,0.199882504969194,0.130268861273843,0.876641665290996
"Toole County","vap_hisp","pre_16_dem_cli",0.505030450321293,0.199882504969194,0.123358334709004,0.869731138726157
"Toole County","vap_asian","pre_16_rep_tru",0.500743922429792,0.225883479064488,0.077630654289441,0.91331431857746
"Toole County","vap_asian","pre_16_dem_cli",0.499256077570208,0.225883479064488,0.0866856814225402,0.922369345710559
"Toole County","vap_aian","pre_16_rep_tru",0.492920585319962,0.227674701162685,0.0793402347506152,0.902823771053605
"Toole County","vap_aian","pre_16_dem_cli",0.507079414680038,0.227674701162685,0.0971762289463954,0.920659765249385
"Toole County","vap_oth_b","pre_16_rep_tru",0.497863501126019,0.204317003783742,0.113610040857234,0.882985488984338
"Toole County","vap_oth_b","pre_16_dem_cli",0.502136498873981,0.204317003783742,0.117014511015662,0.886389959142766
"Toole County","vap_white","gov_16_rep_gia",0.645164843641101,0.0198619561916802,0.604986192620577,0.682883689506524
"Toole County","vap_white","gov_16_dem_bul",0.354835156358899,0.0198619561916802,0.317116310493476,0.395013807379423
"Toole County","vap_black","gov_16_rep_gia",0.492084399833153,0.25900333133569,0.0472192867422336,0.94981068580859
"Toole County","vap_black","gov_16_dem_bul",0.507915600166847,0.25900333133569,0.0501893141914102,0.952780713257766
"Toole County","vap_hisp","gov_16_rep_gia",0.499690377779512,0.196062526458638,0.129423787505877,0.863468253320212
"Toole County","vap_hisp","gov_16_dem_bul",0.500309622220488,0.196062526458638,0.136531746679788,0.870576212494123
"Toole County","vap_asian","gov_16_rep_gia",0.492524413256974,0.231713000204543,0.0638403062083976,0.920458576921194
"Toole County","vap_asian","gov_16_dem_bul",0.507475586743026,0.231713000204543,0.0795414230788063,0.936159693791602
"Toole County","vap_aian","gov_16_rep_gia",0.489394535515256,0.223591687914941,0.0900117391100484,0.904559086630482
"Toole County","vap_aian","gov_16_dem_bul",0.510605464484745,0.223591687914941,0.0954409133695185,0.909988260889951
"Toole County","vap_oth_b","gov_16_rep_gia",0.496659147427823,0.210590587775379,0.108368768416344,0.89083622153193
"Toole County","vap_oth_b","gov_16_dem_bul",0.503340852572177,0.210590587775379,0.10916377846807,0.891631231583656
"Toole County","vap_white","atg_16_rep_fox",0.877224484220059,0.0175973571897322,0.842561987582995,0.911026040720298
"Toole County","vap_white","atg_16_dem_jen",0.122775515779941,0.0175973571897322,0.0889739592797021,0.157438012417004
"Toole County","vap_black","atg_16_rep_fox",0.505311841536788,0.258161856834088,0.0545155490766644,0.950036226306812
"Toole County","vap_black","atg_16_dem_jen",0.494688158463212,0.258161856834088,0.0499637736931881,0.945484450923336
"Toole County","vap_hisp","atg_16_rep_fox",0.49205373512943,0.214881186550805,0.0910164787447427,0.912448815738832
"Toole County","vap_hisp","atg_16_dem_jen",0.507946264870569,0.214881186550805,0.0875511842611681,0.908983521255257
"Toole County","vap_asian","atg_16_rep_fox",0.498011978613819,0.227094856248374,0.0803068528590812,0.915386313523993
"Toole County","vap_asian","atg_16_dem_jen",0.501988021386181,0.227094856248374,0.084613686476007,0.919693147140919
"Toole County","vap_aian","atg_16_rep_fox",0.491374404776517,0.223936842078565,0.0934102460813796,0.909061443102449
"Toole County","vap_aian","atg_16_dem_jen",0.508625595223483,0.223936842078565,0.0909385568975514,0.90658975391862
"Toole County","vap_oth_b","atg_16_rep_fox",0.494630394538528,0.204666888729082,0.117991939643202,0.884068617291091
"Toole County","vap_oth_b","atg_16_dem_jen",0.505369605461472,0.204666888729082,0.115931382708908,0.882008060356798
"Toole County","vap_white","sos_16_rep_sta",0.744617847080838,0.0190155583617514,0.706986893609998,0.782201587426378
"Toole County","vap_white","sos_16_dem_lin",0.255382152919162,0.0190155583617514,0.217798412573621,0.293013106390002
"Toole County","vap_black","sos_16_rep_sta",0.502560541046591,0.25437467472097,0.0603197095981122,0.944448498364434
"Toole County","vap_black","sos_16_dem_lin",0.497439458953409,0.25437467472097,0.0555515016355657,0.939680290401888
"Toole County","vap_hisp","sos_16_rep_sta",0.497685927597617,0.200830597738264,0.119520555600073,0.875811878433247
"Toole County","vap_hisp","sos_16_dem_lin",0.502314072402383,0.200830597738264,0.124188121566753,0.880479444399927
"Toole County","vap_asian","sos_16_rep_sta",0.506324916721258,0.231245978459065,0.0684463873374536,0.924170094103669
"Toole County","vap_asian","sos_16_dem_lin",0.493675083278742,0.231245978459065,0.0758299058963309,0.931553612662546
"Toole County","vap_aian","sos_16_rep_sta",0.482853376711562,0.224871965092821,0.0844023933478942,0.901451794497367
"Toole County","vap_aian","sos_16_dem_lin",0.517146623288438,0.224871965092821,0.0985482055026329,0.915597606652106
"Toole County","vap_oth_b","sos_16_rep_sta",0.494619066012034,0.201065307755706,0.122652692036787,0.869869281232713
"Toole County","vap_oth_b","sos_16_dem_lin",0.505380933987966,0.201065307755706,0.130130718767287,0.877347307963213
"Toole County","vap_white","uss_18_rep_ros",0.701066782996936,0.0197024229113395,0.66202802851386,0.739015591066302
"Toole County","vap_white","uss_18_dem_tes",0.298933217003063,0.0197024229113395,0.260984408933697,0.33797197148614
"Toole County","vap_black","uss_18_rep_ros",0.494637833697367,0.251512958054117,0.056244664185368,0.940115355149362
"Toole County","vap_black","uss_18_dem_tes",0.505362166302633,0.251512958054117,0.0598846448506383,0.943755335814632
"Toole County","vap_hisp","uss_18_rep_ros",0.493236231576146,0.200306966220424,0.129159984657506,0.879480185202792
"Toole County","vap_hisp","uss_18_dem_tes",0.506763768423854,0.200306966220424,0.120519814797208,0.870840015342494
"Toole County","vap_asian","uss_18_rep_ros",0.507233141539538,0.235781150788502,0.0718212608219044,0.94178718236778
"Toole County","vap_asian","uss_18_dem_tes",0.492766858460462,0.235781150788502,0.0582128176322197,0.928178739178095
"Toole County","vap_aian","uss_18_rep_ros",0.501214027670747,0.222765663491117,0.094825651772912,0.907611143636359
"Toole County","vap_aian","uss_18_dem_tes",0.498785972329253,0.222765663491117,0.0923888563636407,0.905174348227088
"Toole County","vap_oth_b","uss_18_rep_ros",0.492871038007868,0.2009486563841,0.116264734497436,0.876534020178345
"Toole County","vap_oth_b","uss_18_dem_tes",0.507128961992132,0.2009486563841,0.123465979821654,0.883735265502564
"Toole County","vap_white","pre_20_rep_tru",0.82554127942865,0.0173148345979643,0.7909035774875,0.85879010677389
"Toole County","vap_white","pre_20_dem_bid",0.17445872057135,0.0173148345979643,0.14120989322611,0.2090964225125
"Toole County","vap_black","pre_20_rep_tru",0.499409149062651,0.258376087917241,0.0447590908609257,0.946940416075385
"Toole County","vap_black","pre_20_dem_bid",0.500590850937349,0.258376087917241,0.0530595839246152,0.955240909139074
"Toole County","vap_hisp","pre_20_rep_tru",0.498068151349773,0.200018355197594,0.127272133454365,0.875852236144757
"Toole County","vap_hisp","pre_20_dem_bid",0.501931848650227,0.200018355197594,0.124147763855243,0.872727866545635
"Toole County","vap_asian","pre_20_rep_tru",0.494959935828464,0.231355541298499,0.0686142959125554,0.92676827875544
"Toole County","vap_asian","pre_20_dem_bid",0.505040064171536,0.231355541298499,0.0732317212445605,0.931385704087444
"Toole County","vap_aian","pre_20_rep_tru",0.494696203984003,0.22401452603326,0.0948827723679362,0.910361289980351
"Toole County","vap_aian","pre_20_dem_bid",0.505303796015997,0.22401452603326,0.089638710019649,0.905117227632064
"Toole County","vap_oth_b","pre_20_rep_tru",0.492572025656103,0.200253948259933,0.117177018844044,0.872674802403446
"Toole County","vap_oth_b","pre_20_dem_bid",0.507427974343897,0.200253948259933,0.127325197596554,0.882822981155956
"Toole County","vap_white","uss_20_rep_dai",0.767576063418055,0.0181091726616163,0.732019493347634,0.802597411918416
"Toole County","vap_white","uss_20_dem_bul",0.232423936581945,0.0181091726616163,0.197402588081584,0.267980506652366
"Toole County","vap_black","uss_20_rep_dai",0.481613139039354,0.267595712959219,0.0269410371712619,0.949144373229929
"Toole County","vap_black","uss_20_dem_bul",0.518386860960646,0.267595712959219,0.050855626770071,0.973058962828738
"Toole County","vap_hisp","uss_20_rep_dai",0.498672536343829,0.194689291201788,0.133792514646328,0.866664268401515
"Toole County","vap_hisp","uss_20_dem_bul",0.501327463656171,0.194689291201788,0.133335731598485,0.866207485353672
"Toole County","vap_asian","uss_20_rep_dai",0.501783260153318,0.233132423269114,0.0640185119063733,0.933716061359476
"Toole County","vap_asian","uss_20_dem_bul",0.498216739846682,0.233132423269114,0.066283938640524,0.935981488093627
"Toole County","vap_aian","uss_20_rep_dai",0.482081832157676,0.220365966691019,0.0879291214626517,0.893714500997134
"Toole County","vap_aian","uss_20_dem_bul",0.517918167842324,0.220365966691019,0.106285499002866,0.912070878537348
"Toole County","vap_oth_b","uss_20_rep_dai",0.497123742928942,0.199046433003584,0.117167303435736,0.870791622124176
"Toole County","vap_oth_b","uss_20_dem_bul",0.502876257071058,0.199046433003584,0.129208377875824,0.882832696564265
"Toole County","vap_white","gov_20_rep_gia",0.813883282967843,0.0178502424569722,0.778164547341982,0.847861197897727
"Toole County","vap_white","gov_20_dem_coo",0.186116717032157,0.0178502424569722,0.152138802102273,0.221835452658018
"Toole County","vap_black","gov_20_rep_gia",0.500193265529111,0.251628894015081,0.0621172750145779,0.946912059171319
"Toole County","vap_black","gov_20_dem_coo",0.499806734470889,0.251628894015081,0.0530879408286811,0.937882724985422
"Toole County","vap_hisp","gov_20_rep_gia",0.498605969539285,0.194393659978652,0.126768310534188,0.863257275702148
"Toole County","vap_hisp","gov_20_dem_coo",0.501394030460715,0.194393659978652,0.136742724297852,0.873231689465812
"Toole County","vap_asian","gov_20_rep_gia",0.501206592472227,0.225339561918719,0.0817997552428081,0.921305416629172
"Toole County","vap_asian","gov_20_dem_coo",0.498793407527773,0.225339561918719,0.0786945833708274,0.918200244757192
"Toole County","vap_aian","gov_20_rep_gia",0.48836753916046,0.224347875017078,0.0866953884054908,0.902851947368069
"Toole County","vap_aian","gov_20_dem_coo",0.51163246083954,0.224347875017078,0.0971480526319312,0.913304611594509
"Toole County","vap_oth_b","gov_20_rep_gia",0.505088232365224,0.201906997902268,0.126397110725477,0.880370872263534
"Toole County","vap_oth_b","gov_20_dem_coo",0.494911767634776,0.201906997902268,0.119629127736466,0.873602889274523
"Toole County","vap_white","atg_20_rep_knu",0.808053536924736,0.0178227616899717,0.773280350272872,0.842435674334642
"Toole County","vap_white","atg_20_dem_gra",0.191946463075264,0.0178227616899717,0.157564325665358,0.226719649727128
"Toole County","vap_black","atg_20_rep_knu",0.495582228867669,0.251587124122455,0.0618801781472391,0.946045829385982
"Toole County","vap_black","atg_20_dem_gra",0.504417771132331,0.251587124122455,0.0539541706140177,0.938119821852761
"Toole County","vap_hisp","atg_20_rep_knu",0.497241522757879,0.206266085132933,0.113982447813032,0.899547396336628
"Toole County","vap_hisp","atg_20_dem_gra",0.502758477242121,0.206266085132933,0.100452603663372,0.886017552186968
"Toole County","vap_asian","atg_20_rep_knu",0.501165445988902,0.228407800243736,0.0758482933379741,0.917984665465369
"Toole County","vap_asian","atg_20_dem_gra",0.498834554011098,0.228407800243736,0.0820153345346307,0.924151706662026
"Toole County","vap_aian","atg_20_rep_knu",0.490112617795493,0.222426697501971,0.0948351496755261,0.907055147263276
"Toole County","vap_aian","atg_20_dem_gra",0.509887382204507,0.222426697501971,0.0929448527367239,0.905164850324474
"Toole County","vap_oth_b","atg_20_rep_knu",0.497883921803806,0.202279366952487,0.116581544359307,0.874182301253441
"Toole County","vap_oth_b","atg_20_dem_gra",0.502116078196194,0.202279366952487,0.125817698746559,0.883418455640693
"Toole County","vap_white","sos_20_rep_jac",0.823674276426562,0.0178270184647109,0.788643286509413,0.858135264220062
"Toole County","vap_white","sos_20_dem_ben",0.176325723573438,0.0178270184647109,0.141864735779938,0.211356713490587
"Toole County","vap_black","sos_20_rep_jac",0.502600296333592,0.25691434910235,0.0537984642448196,0.950439498764632
"Toole County","vap_black","sos_20_dem_ben",0.497399703666408,0.25691434910235,0.0495605012353675,0.94620153575518
"Toole County","vap_hisp","sos_20_rep_jac",0.490009525211142,0.200635266591678,0.12294782706202,0.868518593279503
"Toole County","vap_hisp","sos_20_dem_ben",0.509990474788858,0.200635266591678,0.131481406720497,0.87705217293798
"Toole County","vap_asian","sos_20_rep_jac",0.499229293770765,0.231872386438175,0.0815026886510033,0.950461613159728
"Toole County","vap_asian","sos_20_dem_ben",0.500770706229235,0.231872386438175,0.0495383868402722,0.918497311348997
"Toole County","vap_aian","sos_20_rep_jac",0.4798569154614,0.229001533386982,0.0611516067597352,0.89606616022008
"Toole County","vap_aian","sos_20_dem_ben",0.5201430845386,0.229001533386982,0.10393383977992,0.938848393240265
"Toole County","vap_oth_b","sos_20_rep_jac",0.483187944557545,0.204139586273607,0.103190691844941,0.87557342889777
"Toole County","vap_oth_b","sos_20_dem_ben",0.516812055442454,0.204139586273607,0.12442657110223,0.896809308155059
"Valley County","vap_white","pre_16_rep_tru",0.783801058186253,0.0314421060422634,0.72310270826777,0.840229718576199
"Valley County","vap_white","pre_16_dem_cli",0.216198941813747,0.0314421060422634,0.159770281423801,0.27689729173223
"Valley County","vap_black","pre_16_rep_tru",0.504915576943781,0.210195585379549,0.105248588753218,0.893565071236108
"Valley County","vap_black","pre_16_dem_cli",0.495084423056219,0.210195585379549,0.106434928763891,0.894751411246782
"Valley County","vap_hisp","pre_16_rep_tru",0.500853125471371,0.210042650057521,0.107935120675889,0.90461485801258
"Valley County","vap_hisp","pre_16_dem_cli",0.499146874528629,0.210042650057521,0.09538514198742,0.892064879324111
"Valley County","vap_asian","pre_16_rep_tru",0.506602778465792,0.22808957038515,0.0836256770213697,0.930451329080627
"Valley County","vap_asian","pre_16_dem_cli",0.493397221534208,0.22808957038515,0.0695486709193725,0.91637432297863
"Valley County","vap_aian","pre_16_rep_tru",0.46951629974547,0.243606125440199,0.0598610753712873,0.929436670289204
"Valley County","vap_aian","pre_16_dem_cli",0.53048370025453,0.243606125440199,0.0705633297107956,0.940138924628713
"Valley County","vap_oth_b","pre_16_rep_tru",0.487168318198791,0.20854370282329,0.106693750057005,0.887559636048074
"Valley County","vap_oth_b","pre_16_dem_cli",0.512831681801209,0.20854370282329,0.112440363951926,0.893306249942995
"Valley County","vap_white","gov_16_rep_gia",0.621637331450783,0.0315038055801463,0.562112400291289,0.679153593892655
"Valley County","vap_white","gov_16_dem_bul",0.378362668549217,0.0315038055801463,0.320846406107345,0.437887599708711
"Valley County","vap_black","gov_16_rep_gia",0.495174581720048,0.209721130142863,0.0985430515964145,0.886804769544478
"Valley County","vap_black","gov_16_dem_bul",0.504825418279952,0.209721130142863,0.113195230455522,0.901456948403586
"Valley County","vap_hisp","gov_16_rep_gia",0.488044873953017,0.21418652780571,0.0841034802335213,0.885190901600972
"Valley County","vap_hisp","gov_16_dem_bul",0.511955126046983,0.21418652780571,0.114809098399028,0.915896519766479
"Valley County","vap_asian","gov_16_rep_gia",0.493593311727393,0.22521199177628,0.0776687068962499,0.91117182077164
"Valley County","vap_asian","gov_16_dem_bul",0.506406688272607,0.22521199177628,0.0888281792283594,0.92233129310375
"Valley County","vap_aian","gov_16_rep_gia",0.495239389149884,0.240163751169313,0.0692452575790416,0.920077742086812
"Valley County","vap_aian","gov_16_dem_bul",0.504760610850116,0.240163751169313,0.0799222579131879,0.930754742420958
"Valley County","vap_oth_b","gov_16_rep_gia",0.489756392452291,0.214376666506734,0.0893658943435739,0.884208327791382
"Valley County","vap_oth_b","gov_16_dem_bul",0.510243607547709,0.214376666506734,0.115791672208618,0.910634105656426
"Valley County","vap_white","atg_16_rep_fox",0.80671294578639,0.0318505123903967,0.744632885600982,0.862585654025328
"Valley County","vap_white","atg_16_dem_jen",0.193287054213609,0.0318505123903967,0.137414345974672,0.255367114399019
"Valley County","vap_black","atg_16_rep_fox",0.490014705859279,0.212041481879553,0.0933158648298811,0.886993801662519
"Valley County","vap_black","atg_16_dem_jen",0.509985294140721,0.212041481879553,0.113006198337482,0.906684135170119
"Valley County","vap_hisp","atg_16_rep_fox",0.496917973675694,0.211195614669002,0.109524333818321,0.901911853735705
"Valley County","vap_hisp","atg_16_dem_jen",0.503082026324306,0.211195614669002,0.0980881462642953,0.890475666181679
"Valley County","vap_asian","atg_16_rep_fox",0.502257800405011,0.225680894606907,0.0799272422273404,0.919084913355371
"Valley County","vap_asian","atg_16_dem_jen",0.497742199594988,0.225680894606907,0.0809150866446287,0.92007275777266
"Valley County","vap_aian","atg_16_rep_fox",0.470192808687764,0.241728550477364,0.059198473701148,0.91616613257052
"Valley County","vap_aian","atg_16_dem_jen",0.529807191312237,0.241728550477364,0.0838338674294801,0.940801526298852
"Valley County","vap_oth_b","atg_16_rep_fox",0.482857833663337,0.211621375045321,0.0944077740140257,0.892465652632207
"Valley County","vap_oth_b","atg_16_dem_jen",0.517142166336663,0.211621375045321,0.107534347367793,0.905592225985974
"Valley County","vap_white","sos_16_rep_sta",0.648287023853757,0.0315807132255836,0.589881255997739,0.705921446678786
"Valley County","vap_white","sos_16_dem_lin",0.351712976146243,0.0315807132255836,0.294078553321214,0.410118744002261
"Valley County","vap_black","sos_16_rep_sta",0.501837567665931,0.212056081790557,0.107182307685001,0.900146165529864
"Valley County","vap_black","sos_16_dem_lin",0.498162432334069,0.212056081790557,0.0998538344701356,0.892817692314999
"Valley County","vap_hisp","sos_16_rep_sta",0.498630524135994,0.213463646333066,0.10057135237917,0.902064354278475
"Valley County","vap_hisp","sos_16_dem_lin",0.501369475864006,0.213463646333066,0.0979356457215246,0.89942864762083
"Valley County","vap_asian","sos_16_rep_sta",0.505456402871265,0.228168266139619,0.0768803896841696,0.924699424935284
"Valley County","vap_asian","sos_16_dem_lin",0.494543597128734,0.228168266139619,0.0753005750647156,0.92311961031583
"Valley County","vap_aian","sos_16_rep_sta",0.496396029767632,0.245509442323632,0.0671455377262944,0.935818758556984
"Valley County","vap_aian","sos_16_dem_lin",0.503603970232368,0.245509442323632,0.064181241443016,0.932854462273706
"Valley County","vap_oth_b","sos_16_rep_sta",0.506366371758751,0.208983439999001,0.10809703322837,0.900426569041505
"Valley County","vap_oth_b","sos_16_dem_lin",0.493633628241249,0.208983439999001,0.0995734309584947,0.89190296677163
"Valley County","vap_white","uss_18_rep_ros",0.586283681200571,0.0327751514990412,0.525130202777916,0.645946908403924
"Valley County","vap_white","uss_18_dem_tes",0.413716318799429,0.0327751514990412,0.354053091596076,0.474869797222084
"Valley County","vap_black","uss_18_rep_ros",0.494963401823016,0.215616071688013,0.0979003559267425,0.904859848314407
"Valley County","vap_black","uss_18_dem_tes",0.505036598176984,0.215616071688013,0.0951401516855934,0.902099644073258
"Valley County","vap_hisp","uss_18_rep_ros",0.499676863645124,0.207955855452627,0.110032179477601,0.899469427002083
"Valley County","vap_hisp","uss_18_dem_tes",0.500323136354876,0.207955855452627,0.100530572997917,0.889967820522399
"Valley County","vap_asian","uss_18_rep_ros",0.493118250559763,0.232962176868309,0.057872383917362,0.928656990716209
"Valley County","vap_asian","uss_18_dem_tes",0.506881749440237,0.232962176868309,0.0713430092837911,0.942127616082638
"Valley County","vap_aian","uss_18_rep_ros",0.475816679686269,0.244581092255698,0.0632444964649439,0.92424592920693
"Valley County","vap_aian","uss_18_dem_tes",0.524183320313731,0.244581092255698,0.0757540707930696,0.936755503535056
"Valley County","vap_oth_b","uss_18_rep_ros",0.49764917038042,0.212925588509348,0.0950240487323129,0.893375244749298
"Valley County","vap_oth_b","uss_18_dem_tes",0.50235082961958,0.212925588509348,0.106624755250702,0.904975951267687
"Valley County","vap_white","pre_20_rep_tru",0.783711260767524,0.0329509981293762,0.723653159561172,0.843811596177555
"Valley County","vap_white","pre_20_dem_bid",0.216288739232476,0.0329509981293762,0.156188403822446,0.276346840438828
"Valley County","vap_black","pre_20_rep_tru",0.505117549136141,0.215978686905839,0.0966723023370653,0.906414866129702
"Valley County","vap_black","pre_20_dem_bid",0.494882450863859,0.215978686905839,0.0935851338702978,0.903327697662934
"Valley County","vap_hisp","pre_20_rep_tru",0.495263513625063,0.212504281084632,0.0959548679217484,0.88956537124727
"Valley County","vap_hisp","pre_20_dem_bid",0.504736486374937,0.212504281084632,0.11043462875273,0.904045132078251
"Valley County","vap_asian","pre_20_rep_tru",0.49571869199522,0.231232780914316,0.0709198231485043,0.923228728503663
"Valley County","vap_asian","pre_20_dem_bid",0.50428130800478,0.231232780914316,0.0767712714963371,0.929080176851496
"Valley County","vap_aian","pre_20_rep_tru",0.485765858312675,0.256603725583217,0.0407596381679594,0.933215448250739
"Valley County","vap_aian","pre_20_dem_bid",0.514234141687325,0.256603725583217,0.0667845517492606,0.959240361832041
"Valley County","vap_oth_b","pre_20_rep_tru",0.500295727758836,0.208519384790098,0.107116006749782,0.89330158546424
"Valley County","vap_oth_b","pre_20_dem_bid",0.499704272241164,0.208519384790098,0.10669841453576,0.892883993250217
"Valley County","vap_white","uss_20_rep_dai",0.713733039956025,0.0318025251995982,0.652575774696839,0.770345770814575
"Valley County","vap_white","uss_20_dem_bul",0.286266960043975,0.0318025251995982,0.229654229185425,0.347424225303161
"Valley County","vap_black","uss_20_rep_dai",0.514595016247603,0.213450514186398,0.110824161102064,0.906256236925819
"Valley County","vap_black","uss_20_dem_bul",0.485404983752397,0.213450514186398,0.0937437630741806,0.889175838897936
"Valley County","vap_hisp","uss_20_rep_dai",0.508750358372979,0.21198418925682,0.11042414444472,0.901331966090318
"Valley County","vap_hisp","uss_20_dem_bul",0.491249641627021,0.21198418925682,0.0986680339096821,0.88957585555528
"Valley County","vap_asian","uss_20_rep_dai",0.49899398606351,0.231875958446434,0.0697381163740203,0.932158813397748
"Valley County","vap_asian","uss_20_dem_bul",0.50100601393649,0.231875958446434,0.0678411866022522,0.93026188362598
"Valley County","vap_aian","uss_20_rep_dai",0.483252243624669,0.241589152486496,0.0677232314346874,0.92550828771079
"Valley County","vap_aian","uss_20_dem_bul",0.516747756375331,0.241589152486496,0.0744917122892095,0.932276768565312
"Valley County","vap_oth_b","uss_20_rep_dai",0.502543810872258,0.208201206168212,0.109335774521706,0.892314807056286
"Valley County","vap_oth_b","uss_20_dem_bul",0.497456189127742,0.208201206168212,0.107685192943714,0.890664225478294
"Valley County","vap_white","gov_20_rep_gia",0.733923619110628,0.0314221162401526,0.676382345782957,0.792437663575862
"Valley County","vap_white","gov_20_dem_coo",0.266076380889372,0.0314221162401526,0.207562336424138,0.323617654217043
"Valley County","vap_black","gov_20_rep_gia",0.509160764325125,0.212902739515715,0.104777707235919,0.902769985291532
"Valley County","vap_black","gov_20_dem_coo",0.490839235674875,0.212902739515715,0.0972300147084679,0.895222292764081
"Valley County","vap_hisp","gov_20_rep_gia",0.508575523642997,0.211439242844419,0.114523312889721,0.900047849200097
"Valley County","vap_hisp","gov_20_dem_coo",0.491424476357003,0.211439242844419,0.0999521507999034,0.885476687110278
"Valley County","vap_asian","gov_20_rep_gia",0.501573058083688,0.233313207589761,0.0720354361017846,0.932097355164432
"Valley County","vap_asian","gov_20_dem_coo",0.498426941916312,0.233313207589761,0.0679026448355682,0.927964563898216
"Valley County","vap_aian","gov_20_rep_gia",0.493514269001249,0.237217395477242,0.0679761202333255,0.92300074206958
"Valley County","vap_aian","gov_20_dem_coo",0.506485730998751,0.237217395477242,0.0769992579304201,0.932023879766675
"Valley County","vap_oth_b","gov_20_rep_gia",0.51397945103878,0.217473264389183,0.114374428655742,0.918731732221263
"Valley County","vap_oth_b","gov_20_dem_coo",0.48602054896122,0.217473264389183,0.081268267778737,0.885625571344258
"Valley County","vap_white","atg_20_rep_knu",0.765388133985577,0.0321997816770897,0.702169311058373,0.821621890261823
"Valley County","vap_white","atg_20_dem_gra",0.234611866014423,0.0321997816770897,0.178378109738177,0.297830688941627
"Valley County","vap_black","atg_20_rep_knu",0.506322331258115,0.213764194725999,0.102927538365407,0.904938223697061
"Valley County","vap_black","atg_20_dem_gra",0.493677668741885,0.213764194725999,0.0950617763029389,0.897072461634593
"Valley County","vap_hisp","atg_20_rep_knu",0.497923216158134,0.213024685251001,0.105033709446645,0.900961600978755
"Valley County","vap_hisp","atg_20_dem_gra",0.502076783841866,0.213024685251001,0.099038399021245,0.894966290553355
"Valley County","vap_asian","atg_20_rep_knu",0.491092809237412,0.226949856740205,0.0760140023423153,0.915021416951982
"Valley County","vap_asian","atg_20_dem_gra",0.508907190762588,0.226949856740205,0.084978583048018,0.923985997657685
"Valley County","vap_aian","atg_20_rep_knu",0.459813661238267,0.246734317641581,0.0645529515566642,0.927261535680934
"Valley County","vap_aian","atg_20_dem_gra",0.540186338761733,0.246734317641581,0.0727384643190658,0.935447048443336
"Valley County","vap_oth_b","atg_20_rep_knu",0.49659759116403,0.207052363554069,0.111805203520522,0.894848303172884
"Valley County","vap_oth_b","atg_20_dem_gra",0.50340240883597,0.207052363554069,0.105151696827116,0.888194796479478
"Valley County","vap_white","sos_20_rep_jac",0.771945982254937,0.0306098983280945,0.715183655463179,0.828367450738144
"Valley County","vap_white","sos_20_dem_ben",0.228054017745063,0.0306098983280945,0.171632549261856,0.284816344536821
"Valley County","vap_black","sos_20_rep_jac",0.495630144482477,0.212958034660142,0.0970098673519864,0.8972267012409
"Valley County","vap_black","sos_20_dem_ben",0.504369855517523,0.212958034660142,0.1027732987591,0.902990132648014
"Valley County","vap_hisp","sos_20_rep_jac",0.488925659368281,0.211377633908506,0.0987931863436176,0.889485256424334
"Valley County","vap_hisp","sos_20_dem_ben",0.511074340631719,0.211377633908506,0.110514743575666,0.901206813656382
"Valley County","vap_asian","sos_20_rep_jac",0.498912560906908,0.230881274711458,0.0723932098380559,0.922903935473146
"Valley County","vap_asian","sos_20_dem_ben",0.501087439093092,0.230881274711458,0.0770960645268537,0.927606790161944
"Valley County","vap_aian","sos_20_rep_jac",0.482032262551037,0.231392397106944,0.0707155607343243,0.908239004902123
"Valley County","vap_aian","sos_20_dem_ben",0.517967737448963,0.231392397106944,0.0917609950978772,0.929284439265676
"Valley County","vap_oth_b","sos_20_rep_jac",0.499076984846767,0.208964802057033,0.0992341769478461,0.892506026758498
"Valley County","vap_oth_b","sos_20_dem_ben",0.500923015153233,0.208964802057033,0.107493973241501,0.900765823052154
"Wheatland County","vap_white","pre_16_rep_tru",0.84395589230536,0.020350187238676,0.802946986147812,0.882254976587289
"Wheatland County","vap_white","pre_16_dem_cli",0.15604410769464,0.020350187238676,0.117745023412711,0.197053013852188
"Wheatland County","vap_black","pre_16_rep_tru",0.495471003071231,0.272765801871773,0.0307361560356503,0.971799607784467
"Wheatland County","vap_black","pre_16_dem_cli",0.504528996928769,0.272765801871773,0.0282003922155328,0.96926384396435
"Wheatland County","vap_hisp","pre_16_rep_tru",0.487598006483815,0.196679390994803,0.124881092621736,0.858634195504697
"Wheatland County","vap_hisp","pre_16_dem_cli",0.512401993516185,0.196679390994803,0.141365804495303,0.875118907378263
"Wheatland County","vap_asian","pre_16_rep_tru",0.498661360292729,0.237105879474426,0.0714317110098514,0.929777920246611
"Wheatland County","vap_asian","pre_16_dem_cli",0.501338639707271,0.237105879474426,0.0702220797533889,0.928568288990149
"Wheatland County","vap_aian","pre_16_rep_tru",0.498894486766747,0.231794217584449,0.0824819679135623,0.940940883809812
"Wheatland County","vap_aian","pre_16_dem_cli",0.501105513233253,0.231794217584449,0.0590591161901877,0.917518032086438
"Wheatland County","vap_oth_b","pre_16_rep_tru",0.486109857954354,0.193733064216422,0.133766316421257,0.856683046463325
"Wheatland County","vap_oth_b","pre_16_dem_cli",0.513890142045645,0.193733064216422,0.143316953536675,0.866233683578743
"Wheatland County","vap_white","gov_16_rep_gia",0.61949186558609,0.0239709682524204,0.572632441025082,0.666009677794259
"Wheatland County","vap_white","gov_16_dem_bul",0.38050813441391,0.0239709682524204,0.333990322205742,0.427367558974918
"Wheatland County","vap_black","gov_16_rep_gia",0.500563927400859,0.272485039136581,0.0297430876586242,0.970571081192546
"Wheatland County","vap_black","gov_16_dem_bul",0.499436072599141,0.272485039136581,0.0294289188074536,0.970256912341376
"Wheatland County","vap_hisp","gov_16_rep_gia",0.496797692480949,0.193344869480004,0.137368066740599,0.866155602797123
"Wheatland County","vap_hisp","gov_16_dem_bul",0.503202307519051,0.193344869480004,0.133844397202877,0.862631933259401
"Wheatland County","vap_asian","gov_16_rep_gia",0.496894540525008,0.242744102651872,0.0526579719801039,0.926986118637949
"Wheatland County","vap_asian","gov_16_dem_bul",0.503105459474992,0.242744102651872,0.0730138813620513,0.947342028019896
"Wheatland County","vap_aian","gov_16_rep_gia",0.492260237056884,0.217599431509939,0.0942255957116785,0.896048200251419
"Wheatland County","vap_aian","gov_16_dem_bul",0.507739762943116,0.217599431509939,0.103951799748581,0.905774404288322
"Wheatland County","vap_oth_b","gov_16_rep_gia",0.499826485919219,0.192706674589186,0.136727995078463,0.861250835460968
"Wheatland County","vap_oth_b","gov_16_dem_bul",0.500173514080781,0.192706674589186,0.138749164539032,0.863272004921536
"Wheatland County","vap_white","atg_16_rep_fox",0.840986044463674,0.0209135801389179,0.798843677636602,0.880860598373846
"Wheatland County","vap_white","atg_16_dem_jen",0.159013955536326,0.0209135801389179,0.119139401626154,0.201156322363398
"Wheatland County","vap_black","atg_16_rep_fox",0.499448778163246,0.275661530713151,0.0286793382403408,0.98003919522043
"Wheatland County","vap_black","atg_16_dem_jen",0.500551221836754,0.275661530713151,0.0199608047795701,0.971320661759659
"Wheatland County","vap_hisp","atg_16_rep_fox",0.497381686251989,0.190851790355067,0.134454729953702,0.85543655689058
"Wheatland County","vap_hisp","atg_16_dem_jen",0.502618313748011,0.190851790355067,0.14456344310942,0.865545270046298
"Wheatland County","vap_asian","atg_16_rep_fox",0.496815936683743,0.236689259354788,0.0716932531609354,0.933147054869688
"Wheatland County","vap_asian","atg_16_dem_jen",0.503184063316257,0.236689259354788,0.066852945130312,0.928306746839065
"Wheatland County","vap_aian","atg_16_rep_fox",0.498663833973328,0.225855254608845,0.0823295290347542,0.910917792684151
"Wheatland County","vap_aian","atg_16_dem_jen",0.501336166026672,0.225855254608845,0.0890822073158487,0.917670470965246
"Wheatland County","vap_oth_b","atg_16_rep_fox",0.482792315830448,0.193803639220681,0.117933633350187,0.85773300485446
"Wheatland County","vap_oth_b","atg_16_dem_jen",0.517207684169552,0.193803639220681,0.14226699514554,0.882066366649813
"Wheatland County","vap_white","sos_16_rep_sta",0.743339991945673,0.0223783552089783,0.699045564413559,0.786972009819195
"Wheatland County","vap_white","sos_16_dem_lin",0.256660008054327,0.0223783552089783,0.213027990180805,0.300954435586441
"Wheatland County","vap_black","sos_16_rep_sta",0.516654231349458,0.28196520852715,0.0303460526074438,0.988962546621661
"Wheatland County","vap_black","sos_16_dem_lin",0.483345768650542,0.28196520852715,0.0110374533783385,0.969653947392556
"Wheatland County","vap_hisp","sos_16_rep_sta",0.488146559969098,0.200483126865947,0.093410185480826,0.859386339197554
"Wheatland County","vap_hisp","sos_16_dem_lin",0.511853440030902,0.200483126865947,0.140613660802446,0.906589814519174
"Wheatland County","vap_asian","sos_16_rep_sta",0.499454295118464,0.240105124209887,0.060972630455437,0.931775450313184
"Wheatland County","vap_asian","sos_16_dem_lin",0.500545704881536,0.240105124209887,0.0682245496868154,0.939027369544563
"Wheatland County","vap_aian","sos_16_rep_sta",0.493841379894518,0.223964974401325,0.0834952830148068,0.904650377248194
"Wheatland County","vap_aian","sos_16_dem_lin",0.506158620105482,0.223964974401325,0.095349622751806,0.916504716985193
"Wheatland County","vap_oth_b","sos_16_rep_sta",0.493202944965405,0.19388688428103,0.121478845026851,0.857670390071369
"Wheatland County","vap_oth_b","sos_16_dem_lin",0.506797055034595,0.19388688428103,0.142329609928631,0.878521154973149
"Wheatland County","vap_white","uss_18_rep_ros",0.692710568429804,0.0235950223273564,0.645424303514233,0.738192512163756
"Wheatland County","vap_white","uss_18_dem_tes",0.307289431570196,0.0235950223273564,0.261807487836244,0.354575696485768
"Wheatland County","vap_black","uss_18_rep_ros",0.506820218508807,0.275612072808712,0.0234674935485148,0.97374330524805
"Wheatland County","vap_black","uss_18_dem_tes",0.493179781491193,0.275612072808712,0.02625669475195,0.976532506451485
"Wheatland County","vap_hisp","uss_18_rep_ros",0.503014005708262,0.193709681813749,0.142088018679624,0.860587334796673
"Wheatland County","vap_hisp","uss_18_dem_tes",0.496985994291738,0.193709681813749,0.139412665203327,0.857911981320376
"Wheatland County","vap_asian","uss_18_rep_ros",0.50014892261249,0.241282679000683,0.0705380521218469,0.943233806523692
"Wheatland County","vap_asian","uss_18_dem_tes",0.49985107738751,0.241282679000683,0.0567661934763072,0.929461947878153
"Wheatland County","vap_aian","uss_18_rep_ros",0.502597318975103,0.220845566842765,0.0958056924281904,0.909945246012919
"Wheatland County","vap_aian","uss_18_dem_tes",0.497402681024897,0.220845566842765,0.0900547539870809,0.90419430757181
"Wheatland County","vap_oth_b","uss_18_rep_ros",0.496900363595108,0.191063101964738,0.136915543688982,0.858425933074104
"Wheatland County","vap_oth_b","uss_18_dem_tes",0.503099636404892,0.191063101964738,0.141574066925895,0.863084456311018
"Wheatland County","vap_white","pre_20_rep_tru",0.827835588318712,0.0202544138702413,0.787400610449928,0.867046327746777
"Wheatland County","vap_white","pre_20_dem_bid",0.172164411681288,0.0202544138702413,0.132953672253223,0.212599389550072
"Wheatland County","vap_black","pre_20_rep_tru",0.501611331822082,0.271478465652362,0.0282162076013573,0.971965560035821
"Wheatland County","vap_black","pre_20_dem_bid",0.498388668177918,0.271478465652362,0.0280344399641792,0.971783792398642
"Wheatland County","vap_hisp","pre_20_rep_tru",0.503692688574486,0.191970515676112,0.145513475618864,0.86174319939307
"Wheatland County","vap_hisp","pre_20_dem_bid",0.496307311425514,0.191970515676112,0.138256800606929,0.854486524381136
"Wheatland County","vap_asian","pre_20_rep_tru",0.501348599945557,0.236676843807759,0.067033575188539,0.922792034815614
"Wheatland County","vap_asian","pre_20_dem_bid",0.498651400054443,0.236676843807759,0.0772079651843857,0.932966424811461
"Wheatland County","vap_aian","pre_20_rep_tru",0.518932271979749,0.230928631902466,0.0901608767874863,0.951573190465517
"Wheatland County","vap_aian","pre_20_dem_bid",0.481067728020251,0.230928631902466,0.0484268095344826,0.909839123212514
"Wheatland County","vap_oth_b","pre_20_rep_tru",0.482534926523783,0.195241310656787,0.123014251888195,0.860416378437846
"Wheatland County","vap_oth_b","pre_20_dem_bid",0.517465073476217,0.195241310656787,0.139583621562154,0.876985748111805
"Wheatland County","vap_white","uss_20_rep_dai",0.791146687855483,0.0204825204504564,0.751186649290694,0.831364900030993
"Wheatland County","vap_white","uss_20_dem_bul",0.208853312144517,0.0204825204504564,0.168635099969007,0.248813350709306
"Wheatland County","vap_black","uss_20_rep_dai",0.503696838564288,0.274216577433692,0.0297205374917598,0.971563396793493
"Wheatland County","vap_black","uss_20_dem_bul",0.496303161435712,0.274216577433692,0.0284366032065072,0.97027946250824
"Wheatland County","vap_hisp","uss_20_rep_dai",0.492397400604277,0.193053813417066,0.122865211609171,0.84955213853232
"Wheatland County","vap_hisp","uss_20_dem_bul",0.507602599395724,0.193053813417066,0.15044786146768,0.877134788390828
"Wheatland County","vap_asian","uss_20_rep_dai",0.492813573689947,0.243197495538029,0.0478413202664203,0.924471464752968
"Wheatland County","vap_asian","uss_20_dem_bul",0.507186426310053,0.243197495538029,0.0755285352470314,0.95215867973358
"Wheatland County","vap_aian","uss_20_rep_dai",0.507257129027243,0.217102864604782,0.103834375599251,0.903622406691447
"Wheatland County","vap_aian","uss_20_dem_bul",0.492742870972757,0.217102864604782,0.0963775933085534,0.896165624400748
"Wheatland County","vap_oth_b","uss_20_rep_dai",0.495278865298816,0.192839416693871,0.129064426836262,0.854355989153317
"Wheatland County","vap_oth_b","uss_20_dem_bul",0.504721134701184,0.192839416693871,0.145644010846683,0.870935573163738
"Wheatland County","vap_white","gov_20_rep_gia",0.803019749331129,0.020940539784643,0.761738306236344,0.843041358277107
"Wheatland County","vap_white","gov_20_dem_coo",0.196980250668871,0.020940539784643,0.156958641722893,0.238261693763656
"Wheatland County","vap_black","gov_20_rep_gia",0.516872461175444,0.274264635580849,0.0311255086755088,0.981302917203132
"Wheatland County","vap_black","gov_20_dem_coo",0.483127538824556,0.274264635580849,0.0186970827968683,0.968874491324491
"Wheatland County","vap_hisp","gov_20_rep_gia",0.517555791416225,0.199023817747348,0.142260980807043,0.889850076940458
"Wheatland County","vap_hisp","gov_20_dem_coo",0.482444208583775,0.199023817747348,0.110149923059542,0.857739019192957
"Wheatland County","vap_asian","gov_20_rep_gia",0.518801044366452,0.253440295334799,0.0652279706515529,0.983841434953323
"Wheatland County","vap_asian","gov_20_dem_coo",0.481198955633548,0.253440295334799,0.0161585650466767,0.934772029348447
"Wheatland County","vap_aian","gov_20_rep_gia",0.50266319820215,0.217809963131614,0.105005945710169,0.90845348354305
"Wheatland County","vap_aian","gov_20_dem_coo",0.49733680179785,0.217809963131614,0.0915465164569499,0.89499405428983
"Wheatland County","vap_oth_b","gov_20_rep_gia",0.469098650920675,0.199613635598372,0.0859363766389673,0.845914729646396
"Wheatland County","vap_oth_b","gov_20_dem_coo",0.530901349079325,0.199613635598372,0.154085270353604,0.914063623361033
"Wheatland County","vap_white","atg_20_rep_knu",0.821355900941229,0.0202897439391858,0.781260806264866,0.860168714355888
"Wheatland County","vap_white","atg_20_dem_gra",0.178644099058771,0.0202897439391858,0.139831285644112,0.218739193735134
"Wheatland County","vap_black","atg_20_rep_knu",0.508638516760708,0.273220038371921,0.034319683462319,0.973731830570562
"Wheatland County","vap_black","atg_20_dem_gra",0.491361483239292,0.273220038371921,0.0262681694294379,0.965680316537681
"Wheatland County","vap_hisp","atg_20_rep_knu",0.5077827967349,0.193811663625106,0.142819536863778,0.867601293672287
"Wheatland County","vap_hisp","atg_20_dem_gra",0.4922172032651,0.193811663625106,0.132398706327713,0.857180463136222
"Wheatland County","vap_asian","atg_20_rep_knu",0.504752586132584,0.235362062608568,0.0796952163550667,0.928097705298827
"Wheatland County","vap_asian","atg_20_dem_gra",0.495247413867416,0.235362062608568,0.0719022947011733,0.920304783644933
"Wheatland County","vap_aian","atg_20_rep_knu",0.507721258235023,0.220679911366258,0.102118555270038,0.915567167501198
"Wheatland County","vap_aian","atg_20_dem_gra",0.492278741764977,0.220679911366258,0.0844328324988015,0.897881444729962
"Wheatland County","vap_oth_b","atg_20_rep_knu",0.489574065405902,0.199206352838239,0.123347146241637,0.873234240775105
"Wheatland County","vap_oth_b","atg_20_dem_gra",0.510425934594098,0.199206352838239,0.126765759224895,0.876652853758363
"Wheatland County","vap_white","sos_20_rep_jac",0.807022905226291,0.0205526968153412,0.766591111574344,0.846691419228081
"Wheatland County","vap_white","sos_20_dem_ben",0.19297709477371,0.0205526968153412,0.153308580771919,0.233408888425656
"Wheatland County","vap_black","sos_20_rep_jac",0.506939270773586,0.273283194742672,0.0322055595445302,0.974197203888786
"Wheatland County","vap_black","sos_20_dem_ben",0.493060729226414,0.273283194742672,0.0258027961112144,0.96779444045547
"Wheatland County","vap_hisp","sos_20_rep_jac",0.497806309393777,0.193334044196329,0.138270955664125,0.863755189966921
"Wheatland County","vap_hisp","sos_20_dem_ben",0.502193690606223,0.193334044196329,0.136244810033079,0.861729044335874
"Wheatland County","vap_asian","sos_20_rep_jac",0.502012884606817,0.238509013749269,0.0665791521094816,0.933871916278788
"Wheatland County","vap_asian","sos_20_dem_ben",0.497987115393183,0.238509013749269,0.0661280837212116,0.933420847890518
"Wheatland County","vap_aian","sos_20_rep_jac",0.500041555790904,0.219222451950259,0.0931519424847966,0.902607956295585
"Wheatland County","vap_aian","sos_20_dem_ben",0.499958444209096,0.219222451950259,0.0973920437044147,0.906848057515203
"Wheatland County","vap_oth_b","sos_20_rep_jac",0.49721092392551,0.19724646787294,0.120216831127011,0.87049894908065
"Wheatland County","vap_oth_b","sos_20_dem_ben",0.50278907607449,0.19724646787294,0.12950105091935,0.879783168872988
"Yellowstone County","vap_white","pre_16_rep_tru",0.722464948834005,0.0120820516248586,0.696852307826648,0.744173961115452
"Yellowstone County","vap_white","pre_16_dem_cli",0.277535051165995,0.0120820516248586,0.255826038884548,0.303147692173352
"Yellowstone County","vap_black","pre_16_rep_tru",0.481068421975199,0.174960160650545,0.159789964990607,0.819994774315268
"Yellowstone County","vap_black","pre_16_dem_cli",0.518931578024801,0.174960160650545,0.180005225684732,0.840210035009393
"Yellowstone County","vap_hisp","pre_16_rep_tru",0.392420646689556,0.148886049427501,0.143141403307714,0.710504853104856
"Yellowstone County","vap_hisp","pre_16_dem_cli",0.607579353310444,0.148886049427501,0.289495146895144,0.856858596692286
"Yellowstone County","vap_asian","pre_16_rep_tru",0.487055046157685,0.161556202976165,0.185857496702493,0.793855815694593
"Yellowstone County","vap_asian","pre_16_dem_cli",0.512944953842315,0.161556202976165,0.206144184305407,0.814142503297507
"Yellowstone County","vap_aian","pre_16_rep_tru",0.467473478016443,0.135838621839516,0.224045175966725,0.751314064715061
"Yellowstone County","vap_aian","pre_16_dem_cli",0.532526521983557,0.135838621839516,0.248685935284939,0.775954824033275
"Yellowstone County","vap_oth_b","pre_16_rep_tru",0.448661050796026,0.165944651991318,0.163945295695942,0.798316932265036
"Yellowstone County","vap_oth_b","pre_16_dem_cli",0.551338949203974,0.165944651991318,0.201683067734964,0.836054704304057
"Yellowstone County","vap_white","gov_16_rep_gia",0.551253143277345,0.0125297783512406,0.527436684264416,0.575424066551254
"Yellowstone County","vap_white","gov_16_dem_bul",0.448746856722655,0.0125297783512406,0.424575933448746,0.472563315735584
"Yellowstone County","vap_black","gov_16_rep_gia",0.461747114150413,0.170413636484638,0.152525056736504,0.78740673556263
"Yellowstone County","vap_black","gov_16_dem_bul",0.538252885849587,0.170413636484638,0.21259326443737,0.847474943263496
"Yellowstone County","vap_hisp","gov_16_rep_gia",0.378984781002228,0.157774724945195,0.103545771937011,0.701648992709953
"Yellowstone County","vap_hisp","gov_16_dem_bul",0.621015218997772,0.157774724945195,0.298351007290047,0.896454228062989
"Yellowstone County","vap_asian","gov_16_rep_gia",0.509655774216551,0.165218405475441,0.19897830021208,0.825191065959542
"Yellowstone County","vap_asian","gov_16_dem_bul",0.490344225783449,0.165218405475441,0.174808934040458,0.80102169978792
"Yellowstone County","vap_aian","gov_16_rep_gia",0.4252512713671,0.156695900653734,0.153167372585675,0.744553168861404
"Yellowstone County","vap_aian","gov_16_dem_bul",0.5747487286329,0.156695900653734,0.255446831138595,0.846832627414325
"Yellowstone County","vap_oth_b","gov_16_rep_gia",0.432240539407198,0.152932134478398,0.142089799121778,0.73470520749654
"Yellowstone County","vap_oth_b","gov_16_dem_bul",0.567759460592802,0.152932134478398,0.26529479250346,0.857910200878222
"Yellowstone County","vap_white","atg_16_rep_fox",0.809471119141369,0.0141623129228419,0.780296120703128,0.832185553103233
"Yellowstone County","vap_white","atg_16_dem_jen",0.190528880858631,0.0141623129228419,0.167814446896768,0.219703879296872
"Yellowstone County","vap_black","atg_16_rep_fox",0.435481529633728,0.160524230094718,0.163953606570917,0.758586409820614
"Yellowstone County","vap_black","atg_16_dem_jen",0.564518470366272,0.160524230094718,0.241413590179386,0.836046393429083
"Yellowstone County","vap_hisp","atg_16_rep_fox",0.315666516693752,0.12474279414307,0.111561253783442,0.586820921520224
"Yellowstone County","vap_hisp","atg_16_dem_jen",0.684333483306248,0.12474279414307,0.413179078479776,0.888438746216558
"Yellowstone County","vap_asian","atg_16_rep_fox",0.49414864810101,0.196702133153164,0.164768305951212,0.885889970579025
"Yellowstone County","vap_asian","atg_16_dem_jen",0.50585135189899,0.196702133153164,0.114110029420975,0.835231694048788
"Yellowstone County","vap_aian","atg_16_rep_fox",0.488088800560007,0.136916605624994,0.266865596189525,0.806094040103294
"Yellowstone County","vap_aian","atg_16_dem_jen",0.511911199439993,0.136916605624994,0.193905959896706,0.733134403810475
"Yellowstone County","vap_oth_b","atg_16_rep_fox",0.37909662835128,0.19824860250396,0.071033384539662,0.780374795346927
"Yellowstone County","vap_oth_b","atg_16_dem_jen",0.62090337164872,0.19824860250396,0.219625204653073,0.928966615460338
"Yellowstone County","vap_white","sos_16_rep_sta",0.657555114254237,0.0128114894277856,0.632631643091586,0.680624891889694
"Yellowstone County","vap_white","sos_16_dem_lin",0.342444885745763,0.0128114894277856,0.319375108110306,0.367368356908414
"Yellowstone County","vap_black","sos_16_rep_sta",0.471907239575099,0.174276204687281,0.163551303512087,0.824740532161671
"Yellowstone County","vap_black","sos_16_dem_lin",0.528092760424901,0.174276204687281,0.175259467838329,0.836448696487913
"Yellowstone County","vap_hisp","sos_16_rep_sta",0.37145133249599,0.159797668735907,0.114852052377128,0.71764891002159
"Yellowstone County","vap_hisp","sos_16_dem_lin",0.62854866750401,0.159797668735907,0.28235108997841,0.885147947622872
"Yellowstone County","vap_asian","sos_16_rep_sta",0.500812922883647,0.167677837637146,0.194882926107544,0.828980350222647
"Yellowstone County","vap_asian","sos_16_dem_lin",0.499187077116353,0.167677837637146,0.171019649777353,0.805117073892456
"Yellowstone County","vap_aian","sos_16_rep_sta",0.467133797042403,0.138902816908155,0.225337612120898,0.754919801313594
"Yellowstone County","vap_aian","sos_16_dem_lin",0.532866202957597,0.138902816908155,0.245080198686406,0.774662387879102
"Yellowstone County","vap_oth_b","sos_16_rep_sta",0.462533830389527,0.163655517723421,0.176114476389187,0.782805638871078
"Yellowstone County","vap_oth_b","sos_16_dem_lin",0.537466169610473,0.163655517723421,0.217194361128922,0.823885523610813
"Yellowstone County","vap_white","uss_18_rep_ros",0.570855646343525,0.0127471627844646,0.544800707541327,0.594024706743253
"Yellowstone County","vap_white","uss_18_dem_tes",0.429144353656475,0.0127471627844646,0.405975293256747,0.455199292458673
"Yellowstone County","vap_black","uss_18_rep_ros",0.496985634167154,0.163901507957345,0.18971127431669,0.806178259099076
"Yellowstone County","vap_black","uss_18_dem_tes",0.503014365832846,0.163901507957345,0.193821740900924,0.81028872568331
"Yellowstone County","vap_hisp","uss_18_rep_ros",0.383925126759113,0.155932617080789,0.131436758829591,0.715124269574487
"Yellowstone County","vap_hisp","uss_18_dem_tes",0.616074873240887,0.155932617080789,0.284875730425513,0.868563241170409
"Yellowstone County","vap_asian","uss_18_rep_ros",0.482330807138079,0.1583362971109,0.19549039483472,0.789996679848603
"Yellowstone County","vap_asian","uss_18_dem_tes",0.517669192861921,0.1583362971109,0.210003320151397,0.80450960516528
"Yellowstone County","vap_aian","uss_18_rep_ros",0.43106235540477,0.139084336710132,0.173752949769045,0.708404068560385
"Yellowstone County","vap_aian","uss_18_dem_tes",0.56893764459523,0.139084336710132,0.291595931439615,0.826247050230955
"Yellowstone County","vap_oth_b","uss_18_rep_ros",0.451838523745399,0.169810384310572,0.162977167558121,0.786757433207445
"Yellowstone County","vap_oth_b","uss_18_dem_tes",0.548161476254601,0.169810384310572,0.213242566792555,0.837022832441879
"Yellowstone County","vap_white","pre_20_rep_tru",0.693976993384197,0.0141240462908599,0.662125758366321,0.71917207691492
"Yellowstone County","vap_white","pre_20_dem_bid",0.306023006615803,0.0141240462908599,0.28082792308508,0.337874241633679
"Yellowstone County","vap_black","pre_20_rep_tru",0.475524735048258,0.167308162733431,0.165958066125467,0.803120415332338
"Yellowstone County","vap_black","pre_20_dem_bid",0.524475264951742,0.167308162733431,0.196879584667662,0.834041933874533
"Yellowstone County","vap_hisp","pre_20_rep_tru",0.368191908883497,0.172076778394566,0.10962838930241,0.755594775270945
"Yellowstone County","vap_hisp","pre_20_dem_bid",0.631808091116502,0.172076778394566,0.244405224729055,0.89037161069759
"Yellowstone County","vap_asian","pre_20_rep_tru",0.464202110209455,0.185912541227192,0.136570749481054,0.841228305068083
"Yellowstone County","vap_asian","pre_20_dem_bid",0.535797889790545,0.185912541227192,0.158771694931917,0.863429250518946
"Yellowstone County","vap_aian","pre_20_rep_tru",0.509226413567702,0.134801826439218,0.267671622132889,0.796629955916962
"Yellowstone County","vap_aian","pre_20_dem_bid",0.490773586432298,0.134801826439218,0.203370044083038,0.732328377867111
"Yellowstone County","vap_oth_b","pre_20_rep_tru",0.468874107249203,0.175591541400044,0.135631806934638,0.820187531904253
"Yellowstone County","vap_oth_b","pre_20_dem_bid",0.531125892750797,0.175591541400044,0.179812468095747,0.864368193065362
"Yellowstone County","vap_white","uss_20_rep_dai",0.648540218425928,0.0125380066520889,0.622811056251975,0.673273538194887
"Yellowstone County","vap_white","uss_20_dem_bul",0.351459781574072,0.0125380066520889,0.326726461805114,0.377188943748025
"Yellowstone County","vap_black","uss_20_rep_dai",0.479237173774421,0.158858205422321,0.188568765188612,0.799773680630547
"Yellowstone County","vap_black","uss_20_dem_bul",0.520762826225579,0.158858205422321,0.200226319369452,0.811431234811388
"Yellowstone County","vap_hisp","uss_20_rep_dai",0.404984647245885,0.154297339882694,0.13480325130088,0.733603022912255
"Yellowstone County","vap_hisp","uss_20_dem_bul",0.595015352754115,0.154297339882694,0.266396977087745,0.86519674869912
"Yellowstone County","vap_asian","uss_20_rep_dai",0.477417942013365,0.16072307218323,0.190817347534902,0.802530575416578
"Yellowstone County","vap_asian","uss_20_dem_bul",0.522582057986635,0.16072307218323,0.197469424583422,0.809182652465098
"Yellowstone County","vap_aian","uss_20_rep_dai",0.480608483937554,0.152980786862929,0.22487488580549,0.805963203435151
"Yellowstone County","vap_aian","uss_20_dem_bul",0.519391516062446,0.152980786862929,0.194036796564848,0.77512511419451
"Yellowstone County","vap_oth_b","uss_20_rep_dai",0.463003879441277,0.169168295590422,0.135489353530132,0.769409904872696
"Yellowstone County","vap_oth_b","uss_20_dem_bul",0.536996120558723,0.169168295590422,0.230590095127304,0.864510646469868
"Yellowstone County","vap_white","gov_20_rep_gia",0.673260216702522,0.011895151030385,0.647843645478613,0.695309697231012
"Yellowstone County","vap_white","gov_20_dem_coo",0.326739783297478,0.011895151030385,0.304690302768988,0.352156354521387
"Yellowstone County","vap_black","gov_20_rep_gia",0.47190813183827,0.173796847210117,0.144244923461197,0.815291138552277
"Yellowstone County","vap_black","gov_20_dem_coo",0.52809186816173,0.173796847210117,0.184708861447723,0.855755076538803
"Yellowstone County","vap_hisp","gov_20_rep_gia",0.412070171953183,0.151967958341501,0.148852662769435,0.713469290625189
"Yellowstone County","vap_hisp","gov_20_dem_coo",0.587929828046817,0.151967958341501,0.286530709374811,0.851147337230565
"Yellowstone County","vap_asian","gov_20_rep_gia",0.477920050648704,0.161360752010272,0.179309548401402,0.787925667786541
"Yellowstone County","vap_asian","gov_20_dem_coo",0.522079949351296,0.161360752010272,0.212074332213459,0.820690451598598
"Yellowstone County","vap_aian","gov_20_rep_gia",0.473898096991624,0.135523231720878,0.228825677916702,0.752815352813107
"Yellowstone County","vap_aian","gov_20_dem_coo",0.526101903008376,0.135523231720878,0.247184647186893,0.771174322083298
"Yellowstone County","vap_oth_b","gov_20_rep_gia",0.4665495784015,0.152802894084826,0.185476223790187,0.767858299838114
"Yellowstone County","vap_oth_b","gov_20_dem_coo",0.5334504215985,0.152802894084826,0.232141700161886,0.814523776209813
"Yellowstone County","vap_white","atg_20_rep_knu",0.698357153500764,0.0125610685895461,0.673166867643683,0.721142471656615
"Yellowstone County","vap_white","atg_20_dem_gra",0.301642846499236,0.0125610685895461,0.278857528343385,0.326833132356317
"Yellowstone County","vap_black","atg_20_rep_knu",0.478578855657103,0.162348148454163,0.176802025260054,0.782897541168356
"Yellowstone County","vap_black","atg_20_dem_gra",0.521421144342897,0.162348148454163,0.217102458831644,0.823197974739946
"Yellowstone County","vap_hisp","atg_20_rep_knu",0.389340170369007,0.171781883128687,0.115621859705343,0.781977839187174
"Yellowstone County","vap_hisp","atg_20_dem_gra",0.610659829630993,0.171781883128687,0.218022160812826,0.884378140294657
"Yellowstone County","vap_asian","atg_20_rep_knu",0.455028616264212,0.169958323854646,0.154640806133267,0.779150489221474
"Yellowstone County","vap_asian","atg_20_dem_gra",0.544971383735788,0.169958323854646,0.220849510778526,0.845359193866733
"Yellowstone County","vap_aian","atg_20_rep_knu",0.495483969203195,0.14723436396384,0.237413297873568,0.808324412192927
"Yellowstone County","vap_aian","atg_20_dem_gra",0.504516030796805,0.14723436396384,0.191675587807072,0.762586702126432
"Yellowstone County","vap_oth_b","atg_20_rep_knu",0.443928505251896,0.167492616199803,0.142025457018973,0.763448628262948
"Yellowstone County","vap_oth_b","atg_20_dem_gra",0.556071494748104,0.167492616199803,0.236551371737052,0.857974542981027
"Yellowstone County","vap_white","sos_20_rep_jac",0.704954777498941,0.0126389251906588,0.678599787096006,0.727355523743573
"Yellowstone County","vap_white","sos_20_dem_ben",0.295045222501059,0.0126389251906588,0.272644476256427,0.321400212903994
"Yellowstone County","vap_black","sos_20_rep_jac",0.477919485982289,0.159273986746283,0.170665395808559,0.772953685519902
"Yellowstone County","vap_black","sos_20_dem_ben",0.522080514017711,0.159273986746283,0.227046314480098,0.829334604191441
"Yellowstone County","vap_hisp","sos_20_rep_jac",0.392088104090616,0.151675853441361,0.142660157171272,0.713490467458841
"Yellowstone County","vap_hisp","sos_20_dem_ben",0.607911895909384,0.151675853441361,0.286509532541159,0.857339842828728
"Yellowstone County","vap_asian","sos_20_rep_jac",0.488901401891203,0.168735364129464,0.17290894022122,0.800703467608421
"Yellowstone County","vap_asian","sos_20_dem_ben",0.511098598108797,0.168735364129464,0.199296532391579,0.82709105977878
"Yellowstone County","vap_aian","sos_20_rep_jac",0.488374811009253,0.140988684620268,0.22956512008542,0.780599272061407
"Yellowstone County","vap_aian","sos_20_dem_ben",0.511625188990747,0.140988684620268,0.219400727938593,0.77043487991458
"Yellowstone County","vap_oth_b","sos_20_rep_jac",0.444901500122686,0.157363367042531,0.158186577628272,0.753790891338842
"Yellowstone County","vap_oth_b","sos_20_dem_ben",0.555098499877314,0.157363367042531,0.246209108661158,0.841813422371728
"Beaverhead County","vap_white","pre_24_dem_har",0.279529636397847,0.0842382430595621,0.129125698469651,0.454544106420264
"Beaverhead County","vap_white","pre_24_rep_tru",0.720470363602153,0.0842382430595621,0.545455893579736,0.870874301530349
"Beaverhead County","vap_hisp","pre_24_dem_har",0.435878805049897,0.19900538867944,0.0836317775622644,0.82547692171917
"Beaverhead County","vap_hisp","pre_24_rep_tru",0.564121194950103,0.19900538867944,0.17452307828083,0.916368222437736
"Beaverhead County","vap_black","pre_24_dem_har",0.497118588508935,0.234134102766677,0.0917097376186777,0.950197185991224
"Beaverhead County","vap_black","pre_24_rep_tru",0.502881411491065,0.234134102766677,0.049802814008776,0.908290262381322
"Beaverhead County","vap_asian","pre_24_dem_har",0.504473021091632,0.276605692172385,0.0355646427695194,0.974333902921056
"Beaverhead County","vap_asian","pre_24_rep_tru",0.495526978908368,0.276605692172385,0.025666097078944,0.964435357230481
"Beaverhead County","vap_oth_b","pre_24_dem_har",0.550583442409776,0.20520454982591,0.148024309477045,0.911667946966838
"Beaverhead County","vap_oth_b","pre_24_rep_tru",0.449416557590224,0.20520454982591,0.088332053033162,0.851975690522955
"Big Horn County","vap_white","pre_24_dem_har",0.401054964216435,0.104437351668791,0.205502319575951,0.610921903291582
"Big Horn County","vap_white","pre_24_rep_tru",0.598945035783565,0.104437351668791,0.389078096708418,0.794497680424049
"Big Horn County","vap_hisp","pre_24_dem_har",0.462585317823457,0.250230236994854,0.0528361107016086,0.920225119957618
"Big Horn County","vap_hisp","pre_24_rep_tru",0.537414682176543,0.250230236994854,0.079774880042382,0.947163889298391
"Big Horn County","vap_black","pre_24_dem_har",0.556324178591005,0.199167756855872,0.200607809956126,0.940280481313266
"Big Horn County","vap_black","pre_24_rep_tru",0.443675821408995,0.199167756855872,0.059719518686734,0.799392190043874
"Big Horn County","vap_asian","pre_24_dem_har",0.534303418095874,0.251794206054305,0.0786731962810921,0.969062102669104
"Big Horn County","vap_asian","pre_24_rep_tru",0.465696581904126,0.251794206054305,0.030937897330896,0.921326803718908
"Big Horn County","vap_oth_b","pre_24_dem_har",0.539205135753005,0.201712156292345,0.157794941166371,0.890731395346814
"Big Horn County","vap_oth_b","pre_24_rep_tru",0.460794864246995,0.201712156292345,0.109268604653186,0.842205058833629
"Blaine County","vap_white","pre_24_dem_har",0.461924357602327,0.118179403930698,0.240383039261065,0.69426957913179
"Blaine County","vap_white","pre_24_rep_tru",0.538075642397673,0.118179403930698,0.30573042086821,0.759616960738935
"Blaine County","vap_hisp","pre_24_dem_har",0.549427879857933,0.253159724787949,0.0782463648609476,0.962163882140159
"Blaine County","vap_hisp","pre_24_rep_tru",0.450572120142067,0.253159724787949,0.037836117859841,0.921753635139052
"Blaine County","vap_black","pre_24_dem_har",0.411097875596172,0.190565297382629,0.0990610071031934,0.799825376846373
"Blaine County","vap_black","pre_24_rep_tru",0.588902124403828,0.190565297382629,0.200174623153627,0.900938992896807
"Blaine County","vap_asian","pre_24_dem_har",0.441520598269804,0.19813548286137,0.0919435220863729,0.819917846353387
"Blaine County","vap_asian","pre_24_rep_tru",0.558479401730196,0.19813548286137,0.180082153646613,0.908056477913627
"Blaine County","vap_oth_b","pre_24_dem_har",0.44423219950857,0.196945515047809,0.107093981579811,0.837386088730616
"Blaine County","vap_oth_b","pre_24_rep_tru",0.55576780049143,0.196945515047809,0.162613911269384,0.892906018420189
"Broadwater County","vap_white","pre_24_dem_har",0.185176009574374,0.0630304326398965,0.075392373872818,0.32146328286893
"Broadwater County","vap_white","pre_24_rep_tru",0.814823990425626,0.0630304326398965,0.67853671713107,0.924607626127182
"Broadwater County","vap_hisp","pre_24_dem_har",0.32894956127521,0.220564160054844,0.0179247383438677,0.797746604591227
"Broadwater County","vap_hisp","pre_24_rep_tru",0.67105043872479,0.220564160054844,0.202253395408773,0.982075261656132
"Broadwater County","vap_black","pre_24_dem_har",0.539585562814777,0.210618097165663,0.138003486066921,0.929076104805676
"Broadwater County","vap_black","pre_24_rep_tru",0.460414437185223,0.210618097165663,0.070923895194324,0.861996513933079
"Broadwater County","vap_asian","pre_24_dem_har",0.715457906984152,0.193155502465045,0.278990991451896,0.986445026099578
"Broadwater County","vap_asian","pre_24_rep_tru",0.284542093015848,0.193155502465045,0.013554973900422,0.721009008548104
"Broadwater County","vap_oth_b","pre_24_dem_har",0.448688802989425,0.224951249367678,0.059793279288934,0.87228759164671
"Broadwater County","vap_oth_b","pre_24_rep_tru",0.551311197010575,0.224951249367678,0.12771240835329,0.940206720711066
"Carbon County","vap_white","pre_24_dem_har",0.321586090661529,0.0965080648918353,0.14876582975005,0.520689633619614
"Carbon County","vap_white","pre_24_rep_tru",0.678413909338471,0.0965080648918353,0.479310366380386,0.85123417024995
"Carbon County","vap_hisp","pre_24_dem_har",0.405290827186112,0.201978574267804,0.0672377422102637,0.814615036336072
"Carbon County","vap_hisp","pre_24_rep_tru",0.594709172813888,0.201978574267804,0.185384963663928,0.932762257789736
"Carbon County","vap_black","pre_24_dem_har",0.577250425524772,0.258721258877455,0.0949892601575112,0.978642301081985
"Carbon County","vap_black","pre_24_rep_tru",0.422749574475228,0.258721258877455,0.021357698918015,0.905010739842489
"Carbon County","vap_asian","pre_24_dem_har",0.543698574968273,0.1945026321137,0.15884928584092,0.891233634185655
"Carbon County","vap_asian","pre_24_rep_tru",0.456301425031727,0.1945026321137,0.108766365814345,0.84115071415908
"Carbon County","vap_oth_b","pre_24_dem_har",0.514092907504344,0.213916249125901,0.110423173076803,0.893094954480534
"Carbon County","vap_oth_b","pre_24_rep_tru",0.485907092495656,0.213916249125901,0.106905045519466,0.889576826923197
"Carter County","vap_white","pre_24_dem_har",0.101494053047955,0.0731578377665903,0.00659595959692708,0.284170217235087
"Carter County","vap_white","pre_24_rep_tru",0.898505946952045,0.0731578377665903,0.715829782764913,0.993404040403073
"Carter County","vap_hisp","pre_24_dem_har",0.392299566210923,0.189894448815894,0.0797708459125886,0.760723727147056
"Carter County","vap_hisp","pre_24_rep_tru",0.607700433789077,0.189894448815894,0.239276272852944,0.920229154087411
"Carter County","vap_black","pre_24_dem_har",NA,NA,NA,NA
"Carter County","vap_black","pre_24_rep_tru",NA,NA,NA,NA
"Carter County","vap_asian","pre_24_dem_har",0.343472232333777,0.266548260998933,0.0201127531323134,0.9572829619907
"Carter County","vap_asian","pre_24_rep_tru",0.656527767666223,0.266548260998933,0.0427170380093,0.979887246867687
"Carter County","vap_oth_b","pre_24_dem_har",0.467528656645722,0.214984846041188,0.0994122782638185,0.898486198968098
"Carter County","vap_oth_b","pre_24_rep_tru",0.532471343354278,0.214984846041188,0.101513801031902,0.900587721736182
"Cascade County","vap_white","pre_24_dem_har",0.389718350408507,0.0720964764753436,0.251895352221676,0.53376276987953
"Cascade County","vap_white","pre_24_rep_tru",0.610281649591493,0.0720964764753436,0.46623723012047,0.748104647778324
"Cascade County","vap_hisp","pre_24_dem_har",0.531459721521132,0.203345384084008,0.146232225885804,0.895398546375332
"Cascade County","vap_hisp","pre_24_rep_tru",0.468540278478868,0.203345384084008,0.104601453624668,0.853767774114196
"Cascade County","vap_black","pre_24_dem_har",0.51597128083329,0.229019395381062,0.0948725855266003,0.928784950147759
"Cascade County","vap_black","pre_24_rep_tru",0.48402871916671,0.229019395381062,0.071215049852241,0.9051274144734
"Cascade County","vap_asian","pre_24_dem_har",0.510873419734173,0.233929597869993,0.0831006362572574,0.92249581494088
"Cascade County","vap_asian","pre_24_rep_tru",0.489126580265827,0.233929597869993,0.07750418505912,0.916899363742743
"Cascade County","vap_oth_b","pre_24_dem_har",0.496737250182637,0.232935026120052,0.077622583692566,0.912728273086743
"Cascade County","vap_oth_b","pre_24_rep_tru",0.503262749817363,0.232935026120052,0.087271726913257,0.922377416307434
"Chouteau County","vap_white","pre_24_dem_har",0.324296605781179,0.111117185351264,0.129947994061742,0.559152782940855
"Chouteau County","vap_white","pre_24_rep_tru",0.675703394218821,0.111117185351264,0.440847217059145,0.870052005938258
"Chouteau County","vap_hisp","pre_24_dem_har",0.726194748482173,0.187616327919856,0.340321808129362,0.99018202847491
"Chouteau County","vap_hisp","pre_24_rep_tru",0.273805251517827,0.187616327919856,0.00981797152509001,0.659678191870638
"Chouteau County","vap_black","pre_24_dem_har",0.427416207003421,0.201444360478869,0.0835873363748456,0.838908825003967
"Chouteau County","vap_black","pre_24_rep_tru",0.572583792996579,0.201444360478869,0.161091174996033,0.916412663625154
"Chouteau County","vap_asian","pre_24_dem_har",0.413096093622862,0.263836397477292,0.0159062239079818,0.913779363996594
"Chouteau County","vap_asian","pre_24_rep_tru",0.586903906377138,0.263836397477292,0.086220636003406,0.984093776092018
"Chouteau County","vap_oth_b","pre_24_dem_har",0.57358781903358,0.199371452842142,0.142722958129541,0.868181007723879
"Chouteau County","vap_oth_b","pre_24_rep_tru",0.42641218096642,0.199371452842142,0.131818992276121,0.857277041870459
"Custer County","vap_white","pre_24_dem_har",0.246877252404525,0.0688717984122687,0.123601859243463,0.391516574929801
"Custer County","vap_white","pre_24_rep_tru",0.753122747595475,0.0688717984122687,0.608483425070199,0.876398140756537
"Custer County","vap_hisp","pre_24_dem_har",0.464515661474598,0.209302379609141,0.0960569264717889,0.876445374546852
"Custer County","vap_hisp","pre_24_rep_tru",0.535484338525402,0.209302379609141,0.123554625453148,0.903943073528211
"Custer County","vap_black","pre_24_dem_har",0.418000746239054,0.250863979957301,0.0432378533420924,0.946602600061039
"Custer County","vap_black","pre_24_rep_tru",0.581999253760946,0.250863979957301,0.053397399938961,0.956762146657908
"Custer County","vap_asian","pre_24_dem_har",0.487924301708651,0.195590947082979,0.129902385335308,0.857955529857053
"Custer County","vap_asian","pre_24_rep_tru",0.512075698291349,0.195590947082979,0.142044470142947,0.870097614664692
"Custer County","vap_oth_b","pre_24_dem_har",0.379919271874988,0.206585295455598,0.0483871362163535,0.796767962212968
"Custer County","vap_oth_b","pre_24_rep_tru",0.620080728125012,0.206585295455598,0.203232037787032,0.951612863783647
"Daniels County","vap_white","pre_24_dem_har",0.18397751030516,0.0922414615587368,0.0400036177591375,0.392374978898997
"Daniels County","vap_white","pre_24_rep_tru",0.81602248969484,0.0922414615587368,0.607625021101003,0.959996382240862
"Daniels County","vap_hisp","pre_24_dem_har",0.438365840904232,0.253567492761535,0.0315543739314811,0.907793113802636
"Daniels County","vap_hisp","pre_24_rep_tru",0.561634159095768,0.253567492761535,0.092206886197364,0.968445626068519
"Daniels County","vap_black","pre_24_dem_har",NA,NA,NA,NA
"Daniels County","vap_black","pre_24_rep_tru",NA,NA,NA,NA
"Daniels County","vap_asian","pre_24_dem_har",0.398431112868205,0.20416924158628,0.0677807148785895,0.810035400471204
"Daniels County","vap_asian","pre_24_rep_tru",0.601568887131795,0.20416924158628,0.189964599528796,0.93221928512141
"Daniels County","vap_oth_b","pre_24_dem_har",0.427776818206315,0.223388756604797,0.0702289952394876,0.876942544489862
"Daniels County","vap_oth_b","pre_24_rep_tru",0.572223181793685,0.223388756604797,0.123057455510138,0.929771004760512
"Dawson County","vap_white","pre_24_dem_har",0.200169143020733,0.0758335786861122,0.0720634207712528,0.365248398431466
"Dawson County","vap_white","pre_24_rep_tru",0.799830856979267,0.0758335786861122,0.634751601568534,0.927936579228747
"Dawson County","vap_hisp","pre_24_dem_har",0.591209063212163,0.211000145498568,0.180996189995449,0.945858344891215
"Dawson County","vap_hisp","pre_24_rep_tru",0.408790936787837,0.211000145498568,0.054141655108785,0.819003810004551
"Dawson County","vap_black","pre_24_dem_har",NA,NA,NA,NA
"Dawson County","vap_black","pre_24_rep_tru",NA,NA,NA,NA
"Dawson County","vap_asian","pre_24_dem_har",0.301521967572725,0.246759654773768,0.006791529623748,0.846192249017674
"Dawson County","vap_asian","pre_24_rep_tru",0.698478032427275,0.246759654773768,0.153807750982326,0.993208470376252
"Dawson County","vap_oth_b","pre_24_dem_har",0.316652931518825,0.172521752614197,0.0388829484367481,0.664706509928779
"Dawson County","vap_oth_b","pre_24_rep_tru",0.683347068481175,0.172521752614197,0.335293490071221,0.961117051563252
"Deer Lodge County","vap_white","pre_24_dem_har",0.495346257831727,0.092329998665093,0.314739151520622,0.674191177921352
"Deer Lodge County","vap_white","pre_24_rep_tru",0.504653742168273,0.092329998665093,0.325808822078648,0.685260848479378
"Deer Lodge County","vap_hisp","pre_24_dem_har",0.59386350744205,0.213524654815372,0.173521847873088,0.946834935990948
"Deer Lodge County","vap_hisp","pre_24_rep_tru",0.40613649255795,0.213524654815372,0.053165064009052,0.826478152126912
"Deer Lodge County","vap_black","pre_24_dem_har",NA,NA,NA,NA
"Deer Lodge County","vap_black","pre_24_rep_tru",NA,NA,NA,NA
"Deer Lodge County","vap_asian","pre_24_dem_har",0.419160489033107,0.258195276517294,0.0238458832712277,0.926687972230308
"Deer Lodge County","vap_asian","pre_24_rep_tru",0.580839510966893,0.258195276517294,0.073312027769692,0.976154116728772
"Deer Lodge County","vap_oth_b","pre_24_dem_har",0.565349007420824,0.23010658264909,0.118026901272648,0.946783709024181
"Deer Lodge County","vap_oth_b","pre_24_rep_tru",0.434650992579176,0.23010658264909,0.053216290975819,0.881973098727352
"Fallon County","vap_white","pre_24_dem_har",0.109533696505977,0.0696869956522323,0.0131874499038536,0.277472950861267
"Fallon County","vap_white","pre_24_rep_tru",0.890466303494023,0.0696869956522323,0.722527049138733,0.986812550096146
"Fallon County","vap_hisp","pre_24_dem_har",0.524202098792108,0.237212087296176,0.0837051397318188,0.942513552642596
"Fallon County","vap_hisp","pre_24_rep_tru",0.475797901207892,0.237212087296176,0.057486447357404,0.916294860268181
"Fallon County","vap_black","pre_24_dem_har",NA,NA,NA,NA
"Fallon County","vap_black","pre_24_rep_tru",NA,NA,NA,NA
"Fallon County","vap_asian","pre_24_dem_har",0.608095546251653,0.197664913751374,0.214523677303531,0.93690021359756
"Fallon County","vap_asian","pre_24_rep_tru",0.391904453748347,0.197664913751374,0.06309978640244,0.785476322696469
"Fallon County","vap_oth_b","pre_24_dem_har",0.396814180755659,0.188110741599102,0.074367543007779,0.790225427223828
"Fallon County","vap_oth_b","pre_24_rep_tru",0.603185819244341,0.188110741599102,0.209774572776172,0.925632456992221
"Fergus County","vap_white","pre_24_dem_har",0.24050490987008,0.0854409081493061,0.0923747257589112,0.423606892790706
"Fergus County","vap_white","pre_24_rep_tru",0.75949509012992,0.0854409081493061,0.576393107209294,0.907625274241089
"Fergus County","vap_hisp","pre_24_dem_har",0.425379311746023,0.210803741746148,0.0663734763874268,0.835958992776629
"Fergus County","vap_hisp","pre_24_rep_tru",0.574620688253977,0.210803741746148,0.164041007223371,0.933626523612573
"Fergus County","vap_black","pre_24_dem_har",NA,NA,NA,NA
"Fergus County","vap_black","pre_24_rep_tru",NA,NA,NA,NA
"Fergus County","vap_asian","pre_24_dem_har",0.514829751127456,0.253539787179137,0.0501151522466341,0.946390148401422
"Fergus County","vap_asian","pre_24_rep_tru",0.485170248872544,0.253539787179137,0.053609851598578,0.949884847753366
"Fergus County","vap_oth_b","pre_24_dem_har",0.44138419901709,0.239658711305698,0.0430188157926504,0.902238436187966
"Fergus County","vap_oth_b","pre_24_rep_tru",0.55861580098291,0.239658711305698,0.097761563812034,0.95698118420735
"Flathead County","vap_white","pre_24_dem_har",0.317082989129791,0.0659365936456883,0.193506499619187,0.450829846395675
"Flathead County","vap_white","pre_24_rep_tru",0.682917010870209,0.0659365936456883,0.549170153604325,0.806493500380813
"Flathead County","vap_hisp","pre_24_dem_har",0.484505235052077,0.225875937085469,0.0841228898532307,0.901925724359929
"Flathead County","vap_hisp","pre_24_rep_tru",0.515494764947923,0.225875937085469,0.098074275640071,0.915877110146769
"Flathead County","vap_black","pre_24_dem_har",0.487885162768184,0.222863145994121,0.0756878840184702,0.896398716821819
"Flathead County","vap_black","pre_24_rep_tru",0.512114837231816,0.222863145994121,0.103601283178181,0.92431211598153
"Flathead County","vap_asian","pre_24_dem_har",0.483032380615727,0.219919721459714,0.0892054275592386,0.887667157330855
"Flathead County","vap_asian","pre_24_rep_tru",0.516967619384273,0.219919721459714,0.112332842669145,0.910794572440761
"Flathead County","vap_oth_b","pre_24_dem_har",0.478358725624768,0.242784826962649,0.059613473753912,0.918216384835291
"Flathead County","vap_oth_b","pre_24_rep_tru",0.521641274375232,0.242784826962649,0.081783615164709,0.940386526246088
"Gallatin County","vap_white","pre_24_dem_har",0.526855521962817,0.0826849095878018,0.364421999221126,0.686369654649274
"Gallatin County","vap_white","pre_24_rep_tru",0.473144478037183,0.0826849095878018,0.313630345350726,0.635578000778874
"Gallatin County","vap_hisp","pre_24_dem_har",0.530217996048117,0.231573526116132,0.0996019054261276,0.931785482107304
"Gallatin County","vap_hisp","pre_24_rep_tru",0.469782003951883,0.231573526116132,0.068214517892696,0.900398094573872
"Gallatin County","vap_black","pre_24_dem_har",0.571211369651909,0.217676157920299,0.147543760562781,0.940492943613574
"Gallatin County","vap_black","pre_24_rep_tru",0.428788630348091,0.217676157920299,0.059507056386426,0.852456239437219
"Gallatin County","vap_asian","pre_24_dem_har",0.48027026343756,0.21364537980747,0.0970767733935913,0.875956992207631
"Gallatin County","vap_asian","pre_24_rep_tru",0.51972973656244,0.21364537980747,0.124043007792369,0.902923226606409
"Gallatin County","vap_oth_b","pre_24_dem_har",0.511066695249706,0.240748785562848,0.0780289057757567,0.933057447870997
"Gallatin County","vap_oth_b","pre_24_rep_tru",0.488933304750294,0.240748785562848,0.066942552129003,0.921971094224243
"Garfield County","vap_white","pre_24_dem_har",0.0568810170275181,0.0560346809619242,0.00134283762466709,0.209624720365602
"Garfield County","vap_white","pre_24_rep_tru",0.943118982972482,0.0560346809619242,0.790375279634398,0.998657162375333
"Garfield County","vap_hisp","pre_24_dem_har",0.595249934761433,0.22267501942306,0.168925293557107,0.933571075052343
"Garfield County","vap_hisp","pre_24_rep_tru",0.404750065238567,0.22267501942306,0.066428924947657,0.831074706442893
"Garfield County","vap_black","pre_24_dem_har",NA,NA,NA,NA
"Garfield County","vap_black","pre_24_rep_tru",NA,NA,NA,NA
"Garfield County","vap_asian","pre_24_dem_har",0.324230506298126,0.191605201007177,0.0247156501750611,0.743318244385373
"Garfield County","vap_asian","pre_24_rep_tru",0.675769493701874,0.191605201007177,0.256681755614627,0.975284349824939
"Garfield County","vap_oth_b","pre_24_dem_har",0.43469249454597,0.259348190106896,0.0287201734146205,0.865579622033743
"Garfield County","vap_oth_b","pre_24_rep_tru",0.56530750545403,0.259348190106896,0.134420377966257,0.97127982658538
"Glacier County","vap_white","pre_24_dem_har",0.457101197317106,0.124219024819116,0.222676917619841,0.700711495151594
"Glacier County","vap_white","pre_24_rep_tru",0.542898802682894,0.124219024819116,0.299288504848406,0.777323082380159
"Glacier County","vap_hisp","pre_24_dem_har",0.672968092130388,0.170087839974103,0.309882395807378,0.946990634471125
"Glacier County","vap_hisp","pre_24_rep_tru",0.327031907869612,0.170087839974103,0.053009365528875,0.690117604192622
"Glacier County","vap_black","pre_24_dem_har",0.468360750531679,0.275656730004053,0.0592684726583027,0.961824899355727
"Glacier County","vap_black","pre_24_rep_tru",0.531639249468321,0.275656730004053,0.038175100644273,0.940731527341697
"Glacier County","vap_asian","pre_24_dem_har",0.478032376074539,0.204726087089635,0.10386239602081,0.862987966469296
"Glacier County","vap_asian","pre_24_rep_tru",0.521967623925461,0.204726087089635,0.137012033530704,0.89613760397919
"Glacier County","vap_oth_b","pre_24_dem_har",0.703404819597874,0.202931941588424,0.239763622263904,0.979856355162576
"Glacier County","vap_oth_b","pre_24_rep_tru",0.296595180402126,0.202931941588424,0.020143644837424,0.760236377736096
"Golden Valley County","vap_white","pre_24_dem_har",0.133328292114958,0.0862686040662933,0.0164308401813183,0.341009505490014
"Golden Valley County","vap_white","pre_24_rep_tru",0.866671707885042,0.0862686040662933,0.658990494509986,0.983569159818682
"Golden Valley County","vap_hisp","pre_24_dem_har",0.121670290701609,0.143795294525744,0.000283608837685859,0.494622510644441
"Golden Valley County","vap_hisp","pre_24_rep_tru",0.878329709298391,0.143795294525744,0.505377489355559,0.999716391162314
"Golden Valley County","vap_black","pre_24_dem_har",NA,NA,NA,NA
"Golden Valley County","vap_black","pre_24_rep_tru",NA,NA,NA,NA
"Golden Valley County","vap_asian","pre_24_dem_har",0.5889004176456,0.238973205919612,0.165789387731998,0.957394998583483
"Golden Valley County","vap_asian","pre_24_rep_tru",0.4110995823544,0.238973205919612,0.042605001416517,0.834210612268002
"Golden Valley County","vap_oth_b","pre_24_dem_har",0.542757220688802,0.260758735809133,0.0773077849338565,0.969579574160798
"Golden Valley County","vap_oth_b","pre_24_rep_tru",0.457242779311198,0.260758735809133,0.030420425839202,0.922692215066144
"Granite County","vap_white","pre_24_dem_har",0.277130421597226,0.0874911153937176,0.120562800701117,0.459530949830692
"Granite County","vap_white","pre_24_rep_tru",0.722869578402774,0.0874911153937176,0.540469050169308,0.879437199298883
"Granite County","vap_hisp","pre_24_dem_har",0.463409533222518,0.228612416745971,0.0619921388378397,0.889954814358705
"Granite County","vap_hisp","pre_24_rep_tru",0.536590466777482,0.228612416745971,0.110045185641295,0.93800786116216
"Granite County","vap_black","pre_24_dem_har",NA,NA,NA,NA
"Granite County","vap_black","pre_24_rep_tru",NA,NA,NA,NA
"Granite County","vap_asian","pre_24_dem_har",0.429686330278,0.199265809325174,0.0777498502291249,0.821349439685822
"Granite County","vap_asian","pre_24_rep_tru",0.570313669722,0.199265809325174,0.178650560314178,0.922250149770875
"Granite County","vap_oth_b","pre_24_dem_har",0.551292079826392,0.2366382121943,0.106134426201566,0.94224089904418
"Granite County","vap_oth_b","pre_24_rep_tru",0.448707920173608,0.2366382121943,0.05775910095582,0.893865573798434
"Hill County","vap_white","pre_24_dem_har",0.370914112269546,0.0937258402764019,0.197812648403126,0.561732945396176
"Hill County","vap_white","pre_24_rep_tru",0.629085887730454,0.0937258402764019,0.438267054603824,0.802187351596874
"Hill County","vap_hisp","pre_24_dem_har",0.507364740897976,0.210528289299969,0.117265410071298,0.88809161584595
"Hill County","vap_hisp","pre_24_rep_tru",0.492635259102024,0.210528289299969,0.11190838415405,0.882734589928702
"Hill County","vap_black","pre_24_dem_har",0.426683385682931,0.278341447866462,0.014867483112175,0.966832966212959
"Hill County","vap_black","pre_24_rep_tru",0.573316614317069,0.278341447866462,0.033167033787041,0.985132516887825
"Hill County","vap_asian","pre_24_dem_har",0.524999291065141,0.219744579885586,0.111340908228167,0.917413436045578
"Hill County","vap_asian","pre_24_rep_tru",0.475000708934859,0.219744579885586,0.082586563954422,0.888659091771833
"Hill County","vap_oth_b","pre_24_dem_har",0.498070206435511,0.19492277863978,0.141174270667458,0.865931138220066
"Hill County","vap_oth_b","pre_24_rep_tru",0.501929793564489,0.19492277863978,0.134068861779934,0.858825729332542
"Jefferson County","vap_white","pre_24_dem_har",0.29952490420909,0.0638629074431514,0.18187572625191,0.43075648158849
"Jefferson County","vap_white","pre_24_rep_tru",0.70047509579091,0.0638629074431514,0.56924351841151,0.81812427374809
"Jefferson County","vap_hisp","pre_24_dem_har",0.458223998317685,0.202007457996946,0.09527335525066,0.839600666007868
"Jefferson County","vap_hisp","pre_24_rep_tru",0.541776001682315,0.202007457996946,0.160399333992132,0.90472664474934
"Jefferson County","vap_black","pre_24_dem_har",0.53182978653803,0.262386587036122,0.107004148564357,0.958926736343806
"Jefferson County","vap_black","pre_24_rep_tru",0.46817021346197,0.262386587036122,0.041073263656194,0.892995851435643
"Jefferson County","vap_asian","pre_24_dem_har",0.455665319688899,0.252052212165522,0.0282648461962253,0.911797683350255
"Jefferson County","vap_asian","pre_24_rep_tru",0.544334680311101,0.252052212165522,0.088202316649745,0.971735153803775
"Jefferson County","vap_oth_b","pre_24_dem_har",0.527361693410401,0.205159496784374,0.141849687191005,0.895569389723351
"Jefferson County","vap_oth_b","pre_24_rep_tru",0.472638306589599,0.205159496784374,0.104430610276649,0.858150312808995
"Judith Basin County","vap_white","pre_24_dem_har",0.200961361545409,0.0875313646006573,0.0587273087593412,0.395967389729493
"Judith Basin County","vap_white","pre_24_rep_tru",0.799038638454591,0.0875313646006573,0.604032610270507,0.941272691240659
"Judith Basin County","vap_hisp","pre_24_dem_har",0.376231411345722,0.188279889191645,0.0579637095377217,0.776858329219997
"Judith Basin County","vap_hisp","pre_24_rep_tru",0.623768588654278,0.188279889191645,0.223141670780003,0.942036290462278
"Judith Basin County","vap_black","pre_24_dem_har",NA,NA,NA,NA
"Judith Basin County","vap_black","pre_24_rep_tru",NA,NA,NA,NA
"Judith Basin County","vap_asian","pre_24_dem_har",0.469658481007186,0.201972856873431,0.116417155575942,0.838647132525374
"Judith Basin County","vap_asian","pre_24_rep_tru",0.530341518992814,0.201972856873431,0.161352867474626,0.883582844424058
"Judith Basin County","vap_oth_b","pre_24_dem_har",0.331301463922465,0.182014290704021,0.0468161341527783,0.73308429862045
"Judith Basin County","vap_oth_b","pre_24_rep_tru",0.668698536077535,0.182014290704021,0.26691570137955,0.953183865847222
"Lake County","vap_white","pre_24_dem_har",0.39385429906272,0.0794529733029892,0.2428410438074,0.552356765628285
"Lake County","vap_white","pre_24_rep_tru",0.60614570093728,0.0794529733029892,0.447643234371715,0.7571589561926
"Lake County","vap_hisp","pre_24_dem_har",0.535255981696608,0.232321703083103,0.102734311184453,0.936244151090786
"Lake County","vap_hisp","pre_24_rep_tru",0.464744018303392,0.232321703083103,0.063755848909214,0.897265688815547
"Lake County","vap_black","pre_24_dem_har",0.434741269269575,0.247662148078196,0.0523951052061714,0.913355087771725
"Lake County","vap_black","pre_24_rep_tru",0.565258730730425,0.247662148078196,0.086644912228275,0.947604894793829
"Lake County","vap_asian","pre_24_dem_har",0.406173537555388,0.197333874153399,0.0676015168356594,0.794522700236111
"Lake County","vap_asian","pre_24_rep_tru",0.593826462444612,0.197333874153399,0.205477299763889,0.932398483164341
"Lake County","vap_oth_b","pre_24_dem_har",0.425938485370356,0.200404493522313,0.0834321367075191,0.822310520454961
"Lake County","vap_oth_b","pre_24_rep_tru",0.574061514629644,0.200404493522313,0.177689479545039,0.916567863292481
"Lewis and Clark County","vap_white","pre_24_dem_har",0.472160594154459,0.0817072249975763,0.312990884968922,0.630847963086748
"Lewis and Clark County","vap_white","pre_24_rep_tru",0.527839405845541,0.0817072249975763,0.369152036913252,0.687009115031078
"Lewis and Clark County","vap_hisp","pre_24_dem_har",0.451360955774146,0.23090020181305,0.0575545644908821,0.882719711797732
"Lewis and Clark County","vap_hisp","pre_24_rep_tru",0.548639044225854,0.23090020181305,0.117280288202268,0.942445435509118
"Lewis and Clark County","vap_black","pre_24_dem_har",0.551620452929008,0.211219148408443,0.131532788207347,0.910071409288609
"Lewis and Clark County","vap_black","pre_24_rep_tru",0.448379547070992,0.211219148408443,0.089928590711391,0.868467211792653
"Lewis and Clark County","vap_asian","pre_24_dem_har",0.553071798520216,0.203587803721595,0.159732319744288,0.909774882846839
"Lewis and Clark County","vap_asian","pre_24_rep_tru",0.446928201479784,0.203587803721595,0.090225117153161,0.840267680255712
"Lewis and Clark County","vap_oth_b","pre_24_dem_har",0.535389439744263,0.21927608193434,0.127237716362645,0.922474214899733
"Lewis and Clark County","vap_oth_b","pre_24_rep_tru",0.464610560255737,0.21927608193434,0.077525785100267,0.872762283637355
"Liberty County","vap_white","pre_24_dem_har",0.221038248451512,0.100907340396695,0.0573196764933599,0.445831741267693
"Liberty County","vap_white","pre_24_rep_tru",0.778961751548488,0.100907340396695,0.554168258732307,0.94268032350664
"Liberty County","vap_hisp","pre_24_dem_har",0.554701102297216,0.202588156930832,0.166037034248751,0.923536631589687
"Liberty County","vap_hisp","pre_24_rep_tru",0.445298897702784,0.202588156930832,0.076463368410313,0.833962965751249
"Liberty County","vap_black","pre_24_dem_har",NA,NA,NA,NA
"Liberty County","vap_black","pre_24_rep_tru",NA,NA,NA,NA
"Liberty County","vap_asian","pre_24_dem_har",0.380951726567081,0.184492814167309,0.0629420442958781,0.751392311299949
"Liberty County","vap_asian","pre_24_rep_tru",0.619048273432919,0.184492814167309,0.248607688700051,0.937057955704122
"Liberty County","vap_oth_b","pre_24_dem_har",0.350784701106283,0.213709279675045,0.015962945989174,0.751579823388036
"Liberty County","vap_oth_b","pre_24_rep_tru",0.649215298893717,0.213709279675045,0.248420176611964,0.984037054010826
"Lincoln County","vap_white","pre_24_dem_har",0.211289312461754,0.0756983769520833,0.0808472081731116,0.373848302264304
"Lincoln County","vap_white","pre_24_rep_tru",0.788710687538246,0.0756983769520833,0.626151697735696,0.919152791826888
"Lincoln County","vap_hisp","pre_24_dem_har",0.462601606214651,0.230915936351394,0.0674308906956347,0.891991393454843
"Lincoln County","vap_hisp","pre_24_rep_tru",0.537398393785349,0.230915936351394,0.108008606545157,0.932569109304365
"Lincoln County","vap_black","pre_24_dem_har",0.4453244926501,0.247194309452302,0.0465462723944355,0.928898781131465
"Lincoln County","vap_black","pre_24_rep_tru",0.5546755073499,0.247194309452302,0.071101218868535,0.953453727605564
"Lincoln County","vap_asian","pre_24_dem_har",0.457636040391472,0.237639411130326,0.0480992747215528,0.902961316495021
"Lincoln County","vap_asian","pre_24_rep_tru",0.542363959608528,0.237639411130326,0.097038683504979,0.951900725278447
"Lincoln County","vap_oth_b","pre_24_dem_har",0.38852305703979,0.201400041590407,0.0547642708031292,0.792069999305932
"Lincoln County","vap_oth_b","pre_24_rep_tru",0.61147694296021,0.201400041590407,0.207930000694068,0.945235729196871
"McCone County","vap_white","pre_24_dem_har",0.13480231939903,0.0740077247245985,0.0256407520335085,0.307821946125702
"McCone County","vap_white","pre_24_rep_tru",0.86519768060097,0.0740077247245985,0.692178053874298,0.974359247966492
"McCone County","vap_hisp","pre_24_dem_har",0.381047014187159,0.183858461250646,0.0800862044553565,0.754626761965269
"McCone County","vap_hisp","pre_24_rep_tru",0.618952985812841,0.183858461250646,0.245373238034731,0.919913795544643
"McCone County","vap_black","pre_24_dem_har",NA,NA,NA,NA
"McCone County","vap_black","pre_24_rep_tru",NA,NA,NA,NA
"McCone County","vap_asian","pre_24_dem_har",0.524807661491117,0.259719828446464,0.0249509480416401,0.926484173203149
"McCone County","vap_asian","pre_24_rep_tru",0.475192338508883,0.259719828446464,0.073515826796851,0.97504905195836
"McCone County","vap_oth_b","pre_24_dem_har",NA,NA,NA,NA
"McCone County","vap_oth_b","pre_24_rep_tru",NA,NA,NA,NA
"Madison County","vap_white","pre_24_dem_har",0.250017445821636,0.079920876272002,0.109967438441197,0.420151375452651
"Madison County","vap_white","pre_24_rep_tru",0.749982554178364,0.079920876272002,0.579848624547349,0.890032561558803
"Madison County","vap_hisp","pre_24_dem_har",0.398398007334321,0.233423321558034,0.0325605169103326,0.861931862235798
"Madison County","vap_hisp","pre_24_rep_tru",0.601601992665679,0.233423321558034,0.138068137764202,0.967439483089667
"Madison County","vap_black","pre_24_dem_har",0.460938942594333,0.256926808877512,0.0412179435392514,0.925797799646006
"Madison County","vap_black","pre_24_rep_tru",0.539061057405667,0.256926808877512,0.074202200353994,0.958782056460749
"Madison County","vap_asian","pre_24_dem_har",0.5234852776847,0.161821660048382,0.216732637776861,0.825064340483888
"Madison County","vap_asian","pre_24_rep_tru",0.4765147223153,0.161821660048382,0.174935659516112,0.783267362223139
"Madison County","vap_oth_b","pre_24_dem_har",0.386687560662725,0.194810000510286,0.0592742261746708,0.777793140134555
"Madison County","vap_oth_b","pre_24_rep_tru",0.613312439337275,0.194810000510286,0.222206859865445,0.940725773825329
"Meagher County","vap_white","pre_24_dem_har",0.235447614845084,0.0917454344013992,0.0810107924402228,0.438894208680898
"Meagher County","vap_white","pre_24_rep_tru",0.764552385154916,0.0917454344013992,0.561105791319102,0.918989207559777
"Meagher County","vap_hisp","pre_24_dem_har",0.419028927277041,0.192812892245913,0.0686088800360211,0.796472805093661
"Meagher County","vap_hisp","pre_24_rep_tru",0.580971072722959,0.192812892245913,0.203527194906339,0.931391119963979
"Meagher County","vap_black","pre_24_dem_har",NA,NA,NA,NA
"Meagher County","vap_black","pre_24_rep_tru",NA,NA,NA,NA
"Meagher County","vap_asian","pre_24_dem_har",0.60594668652656,0.216811713483771,0.170148814380565,0.967657734298382
"Meagher County","vap_asian","pre_24_rep_tru",0.39405331347344,0.216811713483771,0.032342265701618,0.829851185619435
"Meagher County","vap_oth_b","pre_24_dem_har",0.205161336116306,0.145254143791748,0.00771408703896788,0.522745756849186
"Meagher County","vap_oth_b","pre_24_rep_tru",0.794838663883694,0.145254143791748,0.477254243150814,0.992285912961032
"Mineral County","vap_white","pre_24_dem_har",0.24134185141875,0.0752886261307611,0.107521957874266,0.399313289024772
"Mineral County","vap_white","pre_24_rep_tru",0.75865814858125,0.0752886261307611,0.600686710975228,0.892478042125734
"Mineral County","vap_hisp","pre_24_dem_har",0.584109287981259,0.222594885161489,0.164575958492173,0.957363545477132
"Mineral County","vap_hisp","pre_24_rep_tru",0.415890712018741,0.222594885161489,0.042636454522868,0.835424041507827
"Mineral County","vap_black","pre_24_dem_har",NA,NA,NA,NA
"Mineral County","vap_black","pre_24_rep_tru",NA,NA,NA,NA
"Mineral County","vap_asian","pre_24_dem_har",0.468960673522173,0.227141535260149,0.0616549095243568,0.88993174770181
"Mineral County","vap_asian","pre_24_rep_tru",0.531039326477827,0.227141535260149,0.11006825229819,0.938345090475643
"Mineral County","vap_oth_b","pre_24_dem_har",0.501546396692743,0.2274999543524,0.0898697231075496,0.898715136528756
"Mineral County","vap_oth_b","pre_24_rep_tru",0.498453603307257,0.2274999543524,0.101284863471244,0.91013027689245
"Missoula County","vap_white","pre_24_dem_har",0.61816058307131,0.0782436003810624,0.460043251961457,0.764584021117515
"Missoula County","vap_white","pre_24_rep_tru",0.38183941692869,0.0782436003810624,0.235415978882485,0.539956748038543
"Missoula County","vap_hisp","pre_24_dem_har",0.523272844191087,0.248503035378214,0.0761678385986576,0.94834585510363
"Missoula County","vap_hisp","pre_24_rep_tru",0.476727155808913,0.248503035378214,0.05165414489637,0.923832161401342
"Missoula County","vap_black","pre_24_dem_har",0.508375203965761,0.248453732755621,0.0625185476067771,0.9332187757931
"Missoula County","vap_black","pre_24_rep_tru",0.491624796034239,0.248453732755621,0.0667812242069,0.937481452393223
"Missoula County","vap_asian","pre_24_dem_har",0.476851494376279,0.197472673944182,0.119033446964015,0.848807486509766
"Missoula County","vap_asian","pre_24_rep_tru",0.523148505623721,0.197472673944182,0.151192513490234,0.880966553035985
"Missoula County","vap_oth_b","pre_24_dem_har",0.518775387768347,0.231383943698094,0.0937064225669918,0.930975750679355
"Missoula County","vap_oth_b","pre_24_rep_tru",0.481224612231653,0.231383943698094,0.069024249320645,0.906293577433008
"Musselshell County","vap_white","pre_24_dem_har",0.130032007624324,0.0614709096541613,0.0323599941789893,0.267697652326805
"Musselshell County","vap_white","pre_24_rep_tru",0.869967992375676,0.0614709096541613,0.732302347673195,0.967640005821011
"Musselshell County","vap_hisp","pre_24_dem_har",0.287993764440786,0.186927824240814,0.0178869958226597,0.717628675508045
"Musselshell County","vap_hisp","pre_24_rep_tru",0.712006235559214,0.186927824240814,0.282371324491955,0.98211300417734
"Musselshell County","vap_black","pre_24_dem_har",0.34979308305407,0.178146076633627,0.0320714539655825,0.683173744648622
"Musselshell County","vap_black","pre_24_rep_tru",0.65020691694593,0.178146076633627,0.316826255351378,0.967928546034417
"Musselshell County","vap_asian","pre_24_dem_har",0.299157197553083,0.222860103828366,0.00543859403062292,0.778159342287507
"Musselshell County","vap_asian","pre_24_rep_tru",0.700842802446917,0.222860103828366,0.221840657712493,0.994561405969377
"Musselshell County","vap_oth_b","pre_24_dem_har",0.468443141760581,0.220065203288447,0.06353277256782,0.871242170365094
"Musselshell County","vap_oth_b","pre_24_rep_tru",0.531556858239419,0.220065203288447,0.128757829634906,0.93646722743218
"Park County","vap_white","pre_24_dem_har",0.451913317837843,0.0807556792095998,0.295179218476049,0.61045700653423
"Park County","vap_white","pre_24_rep_tru",0.548086682162157,0.0807556792095998,0.38954299346577,0.704820781523951
"Park County","vap_hisp","pre_24_dem_har",0.57363383231919,0.182778184890901,0.207049142815776,0.893613173541054
"Park County","vap_hisp","pre_24_rep_tru",0.42636616768081,0.182778184890901,0.106386826458946,0.792950857184224
"Park County","vap_black","pre_24_dem_har",0.531113165795879,0.229215358912748,0.123269660902554,0.904858358790794
"Park County","vap_black","pre_24_rep_tru",0.468886834204121,0.229215358912748,0.095141641209206,0.876730339097446
"Park County","vap_asian","pre_24_dem_har",0.444409847591701,0.243371768442417,0.0363508072924189,0.889869810802068
"Park County","vap_asian","pre_24_rep_tru",0.555590152408299,0.243371768442417,0.110130189197932,0.963649192707581
"Park County","vap_oth_b","pre_24_dem_har",0.450287385205642,0.201350217542617,0.0952618128414529,0.838067541814971
"Park County","vap_oth_b","pre_24_rep_tru",0.549712614794358,0.201350217542617,0.161932458185029,0.904738187158547
"Petroleum County","vap_white","pre_24_dem_har",0.139928781503117,0.0896762250317309,0.014780321254295,0.352661259868589
"Petroleum County","vap_white","pre_24_rep_tru",0.860071218496883,0.0896762250317309,0.647338740131411,0.985219678745705
"Petroleum County","vap_hisp","pre_24_dem_har",0.580285070843891,0.230964664709177,0.156940754261141,0.965402114469176
"Petroleum County","vap_hisp","pre_24_rep_tru",0.419714929156109,0.230964664709177,0.034597885530824,0.843059245738859
"Petroleum County","vap_black","pre_24_dem_har",NA,NA,NA,NA
"Petroleum County","vap_black","pre_24_rep_tru",NA,NA,NA,NA
"Petroleum County","vap_asian","pre_24_dem_har",NA,NA,NA,NA
"Petroleum County","vap_asian","pre_24_rep_tru",NA,NA,NA,NA
"Petroleum County","vap_oth_b","pre_24_dem_har",0.371755239033436,0.167611533748273,0.0381306542466665,0.681491600503678
"Petroleum County","vap_oth_b","pre_24_rep_tru",0.628244760966564,0.167611533748273,0.318508399496322,0.961869345753333
"Phillips County","vap_white","pre_24_dem_har",0.178500617256998,0.0868054924314418,0.0419693951077486,0.372855225058459
"Phillips County","vap_white","pre_24_rep_tru",0.821499382743002,0.0868054924314418,0.627144774941541,0.958030604892251
"Phillips County","vap_hisp","pre_24_dem_har",0.637833763173811,0.174832969219979,0.286204004680559,0.936062536998804
"Phillips County","vap_hisp","pre_24_rep_tru",0.362166236826189,0.174832969219979,0.063937463001196,0.713795995319441
"Phillips County","vap_black","pre_24_dem_har",NA,NA,NA,NA
"Phillips County","vap_black","pre_24_rep_tru",NA,NA,NA,NA
"Phillips County","vap_asian","pre_24_dem_har",0.446220861177698,0.202402100279764,0.0859651638838109,0.850891382982102
"Phillips County","vap_asian","pre_24_rep_tru",0.553779138822302,0.202402100279764,0.149108617017898,0.914034836116189
"Phillips County","vap_oth_b","pre_24_dem_har",0.403400187429194,0.209594615389139,0.0536816824586884,0.816780239936774
"Phillips County","vap_oth_b","pre_24_rep_tru",0.596599812570806,0.209594615389139,0.183219760063226,0.946318317541312
"Pondera County","vap_white","pre_24_dem_har",0.261593536856601,0.085796660927152,0.112098758840881,0.444665517395534
"Pondera County","vap_white","pre_24_rep_tru",0.738406463143399,0.085796660927152,0.555334482604466,0.887901241159119
"Pondera County","vap_hisp","pre_24_dem_har",0.408767568686525,0.195437625906484,0.0663623196543544,0.79429217987267
"Pondera County","vap_hisp","pre_24_rep_tru",0.591232431313475,0.195437625906484,0.20570782012733,0.933637680345646
"Pondera County","vap_black","pre_24_dem_har",NA,NA,NA,NA
"Pondera County","vap_black","pre_24_rep_tru",NA,NA,NA,NA
"Pondera County","vap_asian","pre_24_dem_har",0.453296278235289,0.202525627650789,0.0841328886404046,0.825342828923299
"Pondera County","vap_asian","pre_24_rep_tru",0.546703721764711,0.202525627650789,0.174657171076701,0.915867111359595
"Pondera County","vap_oth_b","pre_24_dem_har",0.686780977137879,0.159860372741182,0.354363921202527,0.949581389213089
"Pondera County","vap_oth_b","pre_24_rep_tru",0.313219022862121,0.159860372741182,0.050418610786911,0.645636078797473
"Powder River County","vap_white","pre_24_dem_har",0.136650356596883,0.0834507574262462,0.0165169565742141,0.331593218487191
"Powder River County","vap_white","pre_24_rep_tru",0.863349643403117,0.0834507574262462,0.668406781512809,0.983483043425786
"Powder River County","vap_hisp","pre_24_dem_har",0.415984728879092,0.217479978357806,0.0513939761382382,0.84406193174643
"Powder River County","vap_hisp","pre_24_rep_tru",0.584015271120908,0.217479978357806,0.15593806825357,0.948606023861762
"Powder River County","vap_black","pre_24_dem_har",0.279664467973595,0.158504131399521,0.0422139007624259,0.597510475714343
"Powder River County","vap_black","pre_24_rep_tru",0.720335532026405,0.158504131399521,0.402489524285657,0.957786099237574
"Powder River County","vap_asian","pre_24_dem_har",0.277008189853091,0.179049266743362,0.00909420889012233,0.654158204880163
"Powder River County","vap_asian","pre_24_rep_tru",0.722991810146909,0.179049266743362,0.345841795119837,0.990905791109878
"Powder River County","vap_oth_b","pre_24_dem_har",0.395322597795376,0.193128401595797,0.0723608470673542,0.764980596787321
"Powder River County","vap_oth_b","pre_24_rep_tru",0.604677402204624,0.193128401595797,0.235019403212679,0.927639152932646
"Powell County","vap_white","pre_24_dem_har",0.223895802650897,0.0789966063215051,0.0881282582658575,0.393719146433884
"Powell County","vap_white","pre_24_rep_tru",0.776104197349103,0.0789966063215051,0.606280853566116,0.911871741734143
"Powell County","vap_hisp","pre_24_dem_har",0.43935407552945,0.245434707997878,0.0265393074769963,0.885761412010216
"Powell County","vap_hisp","pre_24_rep_tru",0.56064592447055,0.245434707997878,0.114238587989784,0.973460692523004
"Powell County","vap_black","pre_24_dem_har",0.571392628143266,0.307125200472925,0.0168723689228554,0.967982978680546
"Powell County","vap_black","pre_24_rep_tru",0.428607371856734,0.307125200472925,0.0320170213194541,0.983127631077145
"Powell County","vap_asian","pre_24_dem_har",0.377149429024823,0.213276239807274,0.043928546666102,0.817802112277531
"Powell County","vap_asian","pre_24_rep_tru",0.622850570975177,0.213276239807274,0.182197887722469,0.956071453333898
"Powell County","vap_oth_b","pre_24_dem_har",0.445507084731686,0.233103837479349,0.0449459580905486,0.877046211061074
"Powell County","vap_oth_b","pre_24_rep_tru",0.554492915268314,0.233103837479349,0.122953788938926,0.955054041909451
"Prairie County","vap_white","pre_24_dem_har",0.184973320303242,0.115655450598491,0.0207683009792449,0.451909952036841
"Prairie County","vap_white","pre_24_rep_tru",0.815026679696758,0.115655450598491,0.548090047963159,0.979231699020755
"Prairie County","vap_hisp","pre_24_dem_har",0.446065544942267,0.199879492697333,0.0737904208443737,0.810179852832781
"Prairie County","vap_hisp","pre_24_rep_tru",0.553934455057733,0.199879492697333,0.189820147167219,0.926209579155626
"Prairie County","vap_black","pre_24_dem_har",NA,NA,NA,NA
"Prairie County","vap_black","pre_24_rep_tru",NA,NA,NA,NA
"Prairie County","vap_asian","pre_24_dem_har",0.435820743555223,0.221999668557251,0.0709516643123978,0.831539219215148
"Prairie County","vap_asian","pre_24_rep_tru",0.564179256444777,0.221999668557251,0.168460780784852,0.929048335687602
"Prairie County","vap_oth_b","pre_24_dem_har",0.502821252142971,0.21037112664824,0.0957143646942326,0.871645206064599
"Prairie County","vap_oth_b","pre_24_rep_tru",0.497178747857029,0.21037112664824,0.128354793935401,0.904285635305767
"Ravalli County","vap_white","pre_24_dem_har",0.277920004589339,0.0571276548069728,0.171644208343821,0.395150969967998
"Ravalli County","vap_white","pre_24_rep_tru",0.722079995410661,0.0571276548069728,0.604849030032002,0.828355791656179
"Ravalli County","vap_hisp","pre_24_dem_har",0.524118578930822,0.210842990012728,0.130966333194587,0.898510996202928
"Ravalli County","vap_hisp","pre_24_rep_tru",0.475881421069178,0.210842990012728,0.101489003797072,0.869033666805413
"Ravalli County","vap_black","pre_24_dem_har",0.510297348966258,0.241048131638757,0.0736091094829964,0.928848910582595
"Ravalli County","vap_black","pre_24_rep_tru",0.489702651033742,0.241048131638757,0.071151089417405,0.926390890517004
"Ravalli County","vap_asian","pre_24_dem_har",0.530558094958561,0.261078532436931,0.0595986811344234,0.96350013892881
"Ravalli County","vap_asian","pre_24_rep_tru",0.469441905041439,0.261078532436931,0.03649986107119,0.940401318865577
"Ravalli County","vap_oth_b","pre_24_dem_har",0.424015345671081,0.222624338715795,0.0521384761358413,0.851622578312521
"Ravalli County","vap_oth_b","pre_24_rep_tru",0.575984654328919,0.222624338715795,0.148377421687479,0.947861523864159
"Richland County","vap_white","pre_24_dem_har",0.138259697836712,0.0654265686998893,0.0351049490799704,0.286251237655584
"Richland County","vap_white","pre_24_rep_tru",0.861740302163288,0.0654265686998893,0.713748762344416,0.96489505092003
"Richland County","vap_hisp","pre_24_dem_har",0.482285193758166,0.203274660282618,0.112769162414634,0.859525857039913
"Richland County","vap_hisp","pre_24_rep_tru",0.517714806241834,0.203274660282618,0.140474142960087,0.887230837585366
"Richland County","vap_black","pre_24_dem_har",0.383737503127345,0.22559332592033,0.0349122310271244,0.873136836007414
"Richland County","vap_black","pre_24_rep_tru",0.616262496872655,0.22559332592033,0.126863163992586,0.965087768972876
"Richland County","vap_asian","pre_24_dem_har",0.497466894536081,0.240105238448019,0.0725117630572833,0.907663751836058
"Richland County","vap_asian","pre_24_rep_tru",0.502533105463919,0.240105238448019,0.092336248163942,0.927488236942717
"Richland County","vap_oth_b","pre_24_dem_har",0.463580197766248,0.25116687805099,0.0445230592228183,0.912702495567862
"Richland County","vap_oth_b","pre_24_rep_tru",0.536419802233752,0.25116687805099,0.087297504432138,0.955476940777182
"Roosevelt County","vap_white","pre_24_dem_har",0.421070616730387,0.109375739384901,0.214871232659883,0.638437287697179
"Roosevelt County","vap_white","pre_24_rep_tru",0.578929383269613,0.109375739384901,0.361562712302821,0.785128767340117
"Roosevelt County","vap_hisp","pre_24_dem_har",0.42043342656969,0.224049794307828,0.0428872162513818,0.844870579372477
"Roosevelt County","vap_hisp","pre_24_rep_tru",0.57956657343031,0.224049794307828,0.155129420627523,0.957112783748618
"Roosevelt County","vap_black","pre_24_dem_har",0.402828629094211,0.247569264971602,0.0369432196452591,0.882958537539388
"Roosevelt County","vap_black","pre_24_rep_tru",0.597171370905789,0.247569264971602,0.117041462460612,0.963056780354741
"Roosevelt County","vap_asian","pre_24_dem_har",0.471672060797847,0.198702565158393,0.116266867049716,0.859789022857565
"Roosevelt County","vap_asian","pre_24_rep_tru",0.528327939202153,0.198702565158393,0.140210977142435,0.883733132950284
"Roosevelt County","vap_oth_b","pre_24_dem_har",0.62995837218645,0.200857732539762,0.216567075519126,0.952592685430565
"Roosevelt County","vap_oth_b","pre_24_rep_tru",0.37004162781355,0.200857732539762,0.047407314569435,0.783432924480874
"Rosebud County","vap_white","pre_24_dem_har",0.23517347999054,0.081435484846616,0.0943665754122194,0.409112134970397
"Rosebud County","vap_white","pre_24_rep_tru",0.76482652000946,0.081435484846616,0.590887865029603,0.905633424587781
"Rosebud County","vap_hisp","pre_24_dem_har",0.498130505528609,0.197740913709502,0.128514511280263,0.860492584190967
"Rosebud County","vap_hisp","pre_24_rep_tru",0.501869494471391,0.197740913709502,0.139507415809033,0.871485488719737
"Rosebud County","vap_black","pre_24_dem_har",NA,NA,NA,NA
"Rosebud County","vap_black","pre_24_rep_tru",NA,NA,NA,NA
"Rosebud County","vap_asian","pre_24_dem_har",0.507302889372889,0.178321720188862,0.165288763879582,0.845533699749829
"Rosebud County","vap_asian","pre_24_rep_tru",0.492697110627111,0.178321720188862,0.154466300250171,0.834711236120418
"Rosebud County","vap_oth_b","pre_24_dem_har",0.582226566063405,0.197629988643191,0.18734287721209,0.918695142785117
"Rosebud County","vap_oth_b","pre_24_rep_tru",0.417773433936595,0.197629988643191,0.081304857214883,0.81265712278791
"Sanders County","vap_white","pre_24_dem_har",0.199815174108307,0.0633837591620268,0.0889296384526855,0.335710059338681
"Sanders County","vap_white","pre_24_rep_tru",0.800184825891693,0.0633837591620268,0.664289940661319,0.911070361547314
"Sanders County","vap_hisp","pre_24_dem_har",0.444122120483994,0.213824514602455,0.0701746317314206,0.853529040765699
"Sanders County","vap_hisp","pre_24_rep_tru",0.555877879516006,0.213824514602455,0.146470959234301,0.929825368268579
"Sanders County","vap_black","pre_24_dem_har",0.454049684086211,0.222915112202139,0.0753525181909402,0.855590613635974
"Sanders County","vap_black","pre_24_rep_tru",0.545950315913789,0.222915112202139,0.144409386364026,0.92464748180906
"Sanders County","vap_asian","pre_24_dem_har",0.539752484452479,0.187098186842847,0.180268669804303,0.881469326977706
"Sanders County","vap_asian","pre_24_rep_tru",0.460247515547521,0.187098186842847,0.118530673022294,0.819731330195697
"Sanders County","vap_oth_b","pre_24_dem_har",0.515794874052858,0.207227224305165,0.128381123863155,0.892727029514162
"Sanders County","vap_oth_b","pre_24_rep_tru",0.484205125947142,0.207227224305165,0.107272970485838,0.871618876136845
"Sheridan County","vap_white","pre_24_dem_har",0.288854504815411,0.112804838598154,0.093436030442432,0.525493208323896
"Sheridan County","vap_white","pre_24_rep_tru",0.711145495184589,0.112804838598154,0.474506791676104,0.906563969557568
"Sheridan County","vap_hisp","pre_24_dem_har",0.38097555630439,0.195718138071591,0.0554791539797386,0.768787670341568
"Sheridan County","vap_hisp","pre_24_rep_tru",0.61902444369561,0.195718138071591,0.231212329658432,0.944520846020261
"Sheridan County","vap_black","pre_24_dem_har",0.63590861048329,0.200311110306408,0.182174204005567,0.975500623160453
"Sheridan County","vap_black","pre_24_rep_tru",0.36409138951671,0.200311110306408,0.024499376839547,0.817825795994433
"Sheridan County","vap_asian","pre_24_dem_har",0.40701251431435,0.22174442942702,0.0406666917232202,0.840144071563489
"Sheridan County","vap_asian","pre_24_rep_tru",0.59298748568565,0.22174442942702,0.159855928436511,0.95933330827678
"Sheridan County","vap_oth_b","pre_24_dem_har",0.487442568510611,0.215244348824825,0.0874946681213239,0.904417224344593
"Sheridan County","vap_oth_b","pre_24_rep_tru",0.512557431489389,0.215244348824825,0.095582775655407,0.912505331878676
"Silver Bow County","vap_white","pre_24_dem_har",0.541938824164736,0.0676206132771426,0.407759670189432,0.672002142508612
"Silver Bow County","vap_white","pre_24_rep_tru",0.458061175835264,0.0676206132771426,0.327997857491388,0.592240329810568
"Silver Bow County","vap_hisp","pre_24_dem_har",0.455791966206792,0.206113440282833,0.0913232734322075,0.846475290344764
"Silver Bow County","vap_hisp","pre_24_rep_tru",0.544208033793208,0.206113440282833,0.153524709655236,0.908676726567793
"Silver Bow County","vap_black","pre_24_dem_har",0.492000745093333,0.22368892895484,0.0996980082617793,0.91456934345551
"Silver Bow County","vap_black","pre_24_rep_tru",0.507999254906667,0.22368892895484,0.08543065654449,0.900301991738221
"Silver Bow County","vap_asian","pre_24_dem_har",0.492225291491165,0.254778366857155,0.0544666586026712,0.939838708160015
"Silver Bow County","vap_asian","pre_24_rep_tru",0.507774708508835,0.254778366857155,0.060161291839985,0.945533341397329
"Silver Bow County","vap_oth_b","pre_24_dem_har",0.431843267538951,0.196193431613994,0.0900630720637735,0.811180467594375
"Silver Bow County","vap_oth_b","pre_24_rep_tru",0.568156732461049,0.196193431613994,0.188819532405625,0.909936927936226
"Stillwater County","vap_white","pre_24_dem_har",0.168921870938144,0.0641442167129724,0.060696209804505,0.309124470825276
"Stillwater County","vap_white","pre_24_rep_tru",0.831078129061856,0.0641442167129724,0.690875529174724,0.939303790195495
"Stillwater County","vap_hisp","pre_24_dem_har",0.367953689454031,0.194108945949385,0.0516146446755878,0.76178330512588
"Stillwater County","vap_hisp","pre_24_rep_tru",0.632046310545969,0.194108945949385,0.23821669487412,0.948385355324412
"Stillwater County","vap_black","pre_24_dem_har",NA,NA,NA,NA
"Stillwater County","vap_black","pre_24_rep_tru",NA,NA,NA,NA
"Stillwater County","vap_asian","pre_24_dem_har",0.478136392531563,0.255905076372224,0.0410555788261625,0.937775101401144
"Stillwater County","vap_asian","pre_24_rep_tru",0.521863607468437,0.255905076372224,0.062224898598856,0.958944421173837
"Stillwater County","vap_oth_b","pre_24_dem_har",0.363928126062327,0.244251165734127,0.0147413245637096,0.855958965895099
"Stillwater County","vap_oth_b","pre_24_rep_tru",0.636071873937673,0.244251165734127,0.144041034104901,0.98525867543629
"Sweet Grass County","vap_white","pre_24_dem_har",0.225747840821605,0.0772119186472666,0.0918367358615453,0.392038586240453
"Sweet Grass County","vap_white","pre_24_rep_tru",0.774252159178395,0.0772119186472666,0.607961413759547,0.908163264138455
"Sweet Grass County","vap_hisp","pre_24_dem_har",0.507671278029794,0.237324636489659,0.0794503972361607,0.924992364869347
"Sweet Grass County","vap_hisp","pre_24_rep_tru",0.492328721970206,0.237324636489659,0.075007635130653,0.920549602763839
"Sweet Grass County","vap_black","pre_24_dem_har",NA,NA,NA,NA
"Sweet Grass County","vap_black","pre_24_rep_tru",NA,NA,NA,NA
"Sweet Grass County","vap_asian","pre_24_dem_har",0.356610910715014,0.194908162160453,0.0358489472188003,0.763751152012794
"Sweet Grass County","vap_asian","pre_24_rep_tru",0.643389089284986,0.194908162160453,0.236248847987206,0.9641510527812
"Sweet Grass County","vap_oth_b","pre_24_dem_har",0.320828195741066,0.197204660633302,0.0300752517138121,0.739684319089118
"Sweet Grass County","vap_oth_b","pre_24_rep_tru",0.679171804258934,0.197204660633302,0.260315680910882,0.969924748286188
"Teton County","vap_white","pre_24_dem_har",0.267978575871801,0.0772119658234962,0.130680380095702,0.430207554099075
"Teton County","vap_white","pre_24_rep_tru",0.732021424128199,0.0772119658234962,0.569792445900925,0.869319619904298
"Teton County","vap_hisp","pre_24_dem_har",0.57468610159983,0.211472097447468,0.146794901284113,0.931243182948142
"Teton County","vap_hisp","pre_24_rep_tru",0.42531389840017,0.211472097447468,0.068756817051858,0.853205098715887
"Teton County","vap_black","pre_24_dem_har",NA,NA,NA,NA
"Teton County","vap_black","pre_24_rep_tru",NA,NA,NA,NA
"Teton County","vap_asian","pre_24_dem_har",0.432028456310725,0.22339445648137,0.0611779707369691,0.851943684876503
"Teton County","vap_asian","pre_24_rep_tru",0.567971543689275,0.22339445648137,0.148056315123497,0.938822029263031
"Teton County","vap_oth_b","pre_24_dem_har",0.533041335555,0.210328089544902,0.14577223042105,0.915022767631473
"Teton County","vap_oth_b","pre_24_rep_tru",0.466958664445,0.210328089544902,0.084977232368527,0.85422776957895
"Toole County","vap_white","pre_24_dem_har",0.213835861412449,0.095648698439757,0.0579353038803991,0.423131183214395
"Toole County","vap_white","pre_24_rep_tru",0.786164138587551,0.095648698439757,0.576868816785605,0.942064696119601
"Toole County","vap_hisp","pre_24_dem_har",0.35343064996877,0.212325954234881,0.027713642082946,0.793035536930931
"Toole County","vap_hisp","pre_24_rep_tru",0.64656935003123,0.212325954234881,0.206964463069069,0.972286357917054
"Toole County","vap_black","pre_24_dem_har",NA,NA,NA,NA
"Toole County","vap_black","pre_24_rep_tru",NA,NA,NA,NA
"Toole County","vap_asian","pre_24_dem_har",0.460488914527814,0.231168359553274,0.0454818129329189,0.88873800678488
"Toole County","vap_asian","pre_24_rep_tru",0.539511085472186,0.231168359553274,0.11126199321512,0.954518187067081
"Toole County","vap_oth_b","pre_24_dem_har",0.43298306157233,0.219060299038263,0.0594288228052823,0.850784307304935
"Toole County","vap_oth_b","pre_24_rep_tru",0.56701693842767,0.219060299038263,0.149215692695065,0.940571177194718
"Treasure County","vap_white","pre_24_dem_har",0.132792483080138,0.086257373928138,0.0128930531481985,0.339025458433082
"Treasure County","vap_white","pre_24_rep_tru",0.867207516919862,0.086257373928138,0.660974541566918,0.987106946851801
"Treasure County","vap_hisp","pre_24_dem_har",0.617572244138251,0.249666175368103,0.1284411381748,0.979504269479649
"Treasure County","vap_hisp","pre_24_rep_tru",0.382427755861749,0.249666175368103,0.020495730520351,0.8715588618252
"Treasure County","vap_black","pre_24_dem_har",NA,NA,NA,NA
"Treasure County","vap_black","pre_24_rep_tru",NA,NA,NA,NA
"Treasure County","vap_asian","pre_24_dem_har",0.619107390272779,0.224657931849103,0.19333107941068,0.967199862116657
"Treasure County","vap_asian","pre_24_rep_tru",0.380892609727221,0.224657931849103,0.032800137883343,0.80666892058932
"Treasure County","vap_oth_b","pre_24_dem_har",0.196128469638403,0.136188153988722,0.00822807533531773,0.489595257352343
"Treasure County","vap_oth_b","pre_24_rep_tru",0.803871530361597,0.136188153988722,0.510404742647657,0.991771924664682
"Valley County","vap_white","pre_24_dem_har",0.217000714433744,0.0730540040283651,0.0902909227862637,0.374631411225072
"Valley County","vap_white","pre_24_rep_tru",0.782999285566256,0.0730540040283651,0.625368588774928,0.909709077213736
"Valley County","vap_hisp","pre_24_dem_har",0.413742117807869,0.206815714349307,0.053369510236879,0.816595792529441
"Valley County","vap_hisp","pre_24_rep_tru",0.586257882192131,0.206815714349307,0.183404207470559,0.946630489763121
"Valley County","vap_black","pre_24_dem_har",NA,NA,NA,NA
"Valley County","vap_black","pre_24_rep_tru",NA,NA,NA,NA
"Valley County","vap_asian","pre_24_dem_har",0.496528916846903,0.207473472421225,0.119318686403497,0.879691101836932
"Valley County","vap_asian","pre_24_rep_tru",0.503471083153097,0.207473472421225,0.120308898163068,0.880681313596503
"Valley County","vap_oth_b","pre_24_dem_har",0.57971812374036,0.189128327897853,0.207831316879218,0.907524611616823
"Valley County","vap_oth_b","pre_24_rep_tru",0.42028187625964,0.189128327897853,0.092475388383177,0.792168683120782
"Wheatland County","vap_white","pre_24_dem_har",0.211988979252905,0.0964334166826611,0.0574256219070624,0.428844846050313
"Wheatland County","vap_white","pre_24_rep_tru",0.788011020747095,0.0964334166826611,0.571155153949687,0.942574378092938
"Wheatland County","vap_hisp","pre_24_dem_har",0.277374219043238,0.170283252125448,0.0209948859621538,0.611029869793821
"Wheatland County","vap_hisp","pre_24_rep_tru",0.722625780956762,0.170283252125448,0.388970130206179,0.979005114037846
"Wheatland County","vap_black","pre_24_dem_har",NA,NA,NA,NA
"Wheatland County","vap_black","pre_24_rep_tru",NA,NA,NA,NA
"Wheatland County","vap_asian","pre_24_dem_har",0.381718733920711,0.222499143732847,0.0192169186886565,0.804586739096388
"Wheatland County","vap_asian","pre_24_rep_tru",0.618281266079289,0.222499143732847,0.195413260903612,0.980783081311344
"Wheatland County","vap_oth_b","pre_24_dem_har",0.580267912460204,0.210103234862127,0.191091688872451,0.921413011037861
"Wheatland County","vap_oth_b","pre_24_rep_tru",0.419732087539796,0.210103234862127,0.078586988962139,0.808908311127549
"Wibaux County","vap_white","pre_24_dem_har",0.133105177811489,0.0861006381039912,0.0138302869241298,0.338281447631601
"Wibaux County","vap_white","pre_24_rep_tru",0.866894822188511,0.0861006381039912,0.661718552368399,0.98616971307587
"Wibaux County","vap_hisp","pre_24_dem_har",0.610846131727207,0.19825623441914,0.216916414534589,0.939869832841226
"Wibaux County","vap_hisp","pre_24_rep_tru",0.389153868272793,0.19825623441914,0.060130167158774,0.783083585465411
"Wibaux County","vap_black","pre_24_dem_har",NA,NA,NA,NA
"Wibaux County","vap_black","pre_24_rep_tru",NA,NA,NA,NA
"Wibaux County","vap_asian","pre_24_dem_har",0.186718723612474,0.14783291841996,0.00506853134705254,0.510876201991788
"Wibaux County","vap_asian","pre_24_rep_tru",0.813281276387526,0.14783291841996,0.489123798008212,0.994931468652947
"Wibaux County","vap_oth_b","pre_24_dem_har",0.485777056350252,0.194494237073548,0.122754682128691,0.879735624811023
"Wibaux County","vap_oth_b","pre_24_rep_tru",0.514222943649748,0.194494237073548,0.120264375188977,0.877245317871309
"Yellowstone County","vap_white","pre_24_dem_har",0.343610835243981,0.0594317445000569,0.230750058835431,0.463081225286366
"Yellowstone County","vap_white","pre_24_rep_tru",0.656389164756019,0.0594317445000569,0.536918774713634,0.769249941164569
"Yellowstone County","vap_hisp","pre_24_dem_har",0.524725516162369,0.175848300286026,0.187123030410758,0.846933737002471
"Yellowstone County","vap_hisp","pre_24_rep_tru",0.475274483837631,0.175848300286026,0.153066262997529,0.812876969589242
"Yellowstone County","vap_black","pre_24_dem_har",0.533159918036354,0.195906655582875,0.158615391510488,0.883927642750712
"Yellowstone County","vap_black","pre_24_rep_tru",0.466840081963646,0.195906655582875,0.116072357249288,0.841384608489512
"Yellowstone County","vap_asian","pre_24_dem_har",0.430171143734857,0.231453391822455,0.0483664385554869,0.875547987880737
"Yellowstone County","vap_asian","pre_24_rep_tru",0.569828856265143,0.231453391822455,0.124452012119263,0.951633561444513
"Yellowstone County","vap_oth_b","pre_24_dem_har",0.47167593419342,0.214777048983277,0.0895088149258128,0.87281534156021
"Yellowstone County","vap_oth_b","pre_24_rep_tru",0.52832406580658,0.214777048983277,0.12718465843979,0.910491185074187
