"county","race","cand","mean","sd","ci_95_lower","ci_95_upper"
"Abbeville County","vap_white","pre_16_dem_cli",0.17630439506589,0.0348552726140539,0.124436344086927,0.26120114978334
"Abbeville County","vap_white","pre_16_rep_tru",0.82369560493411,0.0348552726140539,0.73879885021666,0.875563655913073
"Abbeville County","vap_black","pre_16_dem_cli",0.792134965795501,0.105301947033721,0.524882892609634,0.939251100018028
"Abbeville County","vap_black","pre_16_rep_tru",0.207865034204499,0.105301947033721,0.0607488999819716,0.475117107390366
"Abbeville County","vap_hisp","pre_16_dem_cli",0.533948496211614,0.176501091350566,0.187119702539426,0.855959408673903
"Abbeville County","vap_hisp","pre_16_rep_tru",0.466051503788387,0.176501091350566,0.144040591326097,0.812880297460574
"Abbeville County","vap_asian","pre_16_dem_cli",0.487241787234666,0.177056790162289,0.148517486348707,0.827446721553558
"Abbeville County","vap_asian","pre_16_rep_tru",0.512758212765334,0.177056790162289,0.172553278446442,0.851482513651293
"Abbeville County","vap_aian","pre_16_dem_cli",0.503882360639701,0.18304070111317,0.153388355409879,0.852747918045683
"Abbeville County","vap_aian","pre_16_rep_tru",0.496117639360299,0.18304070111317,0.147252081954317,0.84661164459012
"Abbeville County","vap_oth_b","pre_16_dem_cli",0.532475800318567,0.171943947131333,0.183173518433813,0.846111711368498
"Abbeville County","vap_oth_b","pre_16_rep_tru",0.467524199681433,0.171943947131333,0.153888288631502,0.816826481566187
"Abbeville County","vap_white","uss_16_dem_dix",0.177866435890131,0.0373489153674694,0.123654538354497,0.269197701189197
"Abbeville County","vap_white","uss_16_rep_sco",0.822133564109869,0.0373489153674694,0.730802298810803,0.876345461645503
"Abbeville County","vap_black","uss_16_dem_dix",0.765193207395026,0.111890545677859,0.486495843649577,0.921411528082007
"Abbeville County","vap_black","uss_16_rep_sco",0.234806792604973,0.111890545677859,0.0785884719179928,0.513504156350423
"Abbeville County","vap_hisp","uss_16_dem_dix",0.521197812055068,0.177858630100951,0.180864627667313,0.847336491021784
"Abbeville County","vap_hisp","uss_16_rep_sco",0.478802187944932,0.177858630100951,0.152663508978215,0.819135372332687
"Abbeville County","vap_asian","uss_16_dem_dix",0.514109766627829,0.174887259148609,0.185864843391469,0.841325864509537
"Abbeville County","vap_asian","uss_16_rep_sco",0.485890233372171,0.174887259148609,0.158674135490463,0.814135156608531
"Abbeville County","vap_aian","uss_16_dem_dix",0.503425453332529,0.17718723777603,0.162866214263703,0.832191042560147
"Abbeville County","vap_aian","uss_16_rep_sco",0.496574546667471,0.17718723777603,0.167808957439852,0.837133785736297
"Abbeville County","vap_oth_b","uss_16_dem_dix",0.530348885434491,0.16723971788705,0.205048836111439,0.838883798301267
"Abbeville County","vap_oth_b","uss_16_rep_sco",0.469651114565509,0.16723971788705,0.161116201698733,0.794951163888561
"Abbeville County","vap_white","gov_18_dem_smi",0.185142661574515,0.0294611422673287,0.136534338338534,0.251630352319244
"Abbeville County","vap_white","gov_18_rep_mcm",0.814857338425485,0.0294611422673287,0.748369647680756,0.863465661661465
"Abbeville County","vap_black","gov_18_dem_smi",0.796779555110234,0.0869690677297978,0.602525202639735,0.93220068678065
"Abbeville County","vap_black","gov_18_rep_mcm",0.203220444889766,0.0869690677297978,0.0677993132193501,0.397474797360265
"Abbeville County","vap_hisp","gov_18_dem_smi",0.511777602805586,0.174565113128145,0.183863899966438,0.835289415296438
"Abbeville County","vap_hisp","gov_18_rep_mcm",0.488222397194414,0.174565113128145,0.164710584703562,0.816136100033562
"Abbeville County","vap_asian","gov_18_dem_smi",0.488965943198104,0.186112180204975,0.127917145749397,0.823691921776447
"Abbeville County","vap_asian","gov_18_rep_mcm",0.511034056801896,0.186112180204975,0.176308078223553,0.872082854250603
"Abbeville County","vap_aian","gov_18_dem_smi",0.502692294863947,0.184557591997601,0.151948191705325,0.84477902249844
"Abbeville County","vap_aian","gov_18_rep_mcm",0.497307705136053,0.184557591997601,0.155220977501559,0.848051808294674
"Abbeville County","vap_oth_b","gov_18_dem_smi",0.525098810959984,0.182952938243114,0.152848634154056,0.849239074292558
"Abbeville County","vap_oth_b","gov_18_rep_mcm",0.474901189040016,0.182952938243114,0.150760925707442,0.847151365845944
"Abbeville County","vap_white","atg_18_dem_ana",0.153003836492938,0.0328471017167271,0.100505790470357,0.229675510110561
"Abbeville County","vap_white","atg_18_rep_wil",0.846996163507062,0.0328471017167271,0.770324489889439,0.899494209529643
"Abbeville County","vap_black","atg_18_dem_ana",0.799996728872162,0.0995846648914807,0.56556143614675,0.943954038521104
"Abbeville County","vap_black","atg_18_rep_wil",0.200003271127838,0.0995846648914807,0.0560459614788964,0.43443856385325
"Abbeville County","vap_hisp","atg_18_dem_ana",0.517301179182496,0.170478813020256,0.18172911413516,0.823131992031028
"Abbeville County","vap_hisp","atg_18_rep_wil",0.482698820817505,0.170478813020256,0.176868007968972,0.81827088586484
"Abbeville County","vap_asian","atg_18_dem_ana",0.502418519845761,0.172763127114211,0.18089473310611,0.838453548576218
"Abbeville County","vap_asian","atg_18_rep_wil",0.497581480154239,0.172763127114211,0.161546451423782,0.81910526689389
"Abbeville County","vap_aian","atg_18_dem_ana",0.500021893211009,0.183831050043556,0.138922514766545,0.840481681388298
"Abbeville County","vap_aian","atg_18_rep_wil",0.499978106788991,0.183831050043556,0.159518318611701,0.861077485233455
"Abbeville County","vap_oth_b","atg_18_dem_ana",0.529581235550808,0.176664598842759,0.181813083139891,0.853018169902425
"Abbeville County","vap_oth_b","atg_18_rep_wil",0.470418764449192,0.176664598842759,0.146981830097575,0.81818691686011
"Abbeville County","vap_white","sos_18_dem_whi",0.147877709102645,0.0281931371477297,0.104127640984093,0.212758583209697
"Abbeville County","vap_white","sos_18_rep_ham",0.852122290897355,0.0281931371477297,0.787241416790303,0.895872359015907
"Abbeville County","vap_black","sos_18_dem_whi",0.816548472222259,0.0841155632787213,0.621785587392978,0.942336047283793
"Abbeville County","vap_black","sos_18_rep_ham",0.183451527777741,0.0841155632787213,0.0576639527162072,0.378214412607022
"Abbeville County","vap_hisp","sos_18_dem_whi",0.517682865859941,0.169497750953448,0.185073968230919,0.827001815284154
"Abbeville County","vap_hisp","sos_18_rep_ham",0.482317134140059,0.169497750953448,0.172998184715846,0.814926031769081
"Abbeville County","vap_asian","sos_18_dem_whi",0.501663686674367,0.171682121460594,0.181343614025618,0.829220725164427
"Abbeville County","vap_asian","sos_18_rep_ham",0.498336313325633,0.171682121460594,0.170779274835573,0.818656385974382
"Abbeville County","vap_aian","sos_18_dem_whi",0.503624412796089,0.180440971204605,0.162811848727336,0.861801168528973
"Abbeville County","vap_aian","sos_18_rep_ham",0.496375587203911,0.180440971204605,0.138198831471027,0.837188151272663
"Abbeville County","vap_oth_b","sos_18_dem_whi",0.5509656689367,0.16966861756191,0.207066020675618,0.849404371653709
"Abbeville County","vap_oth_b","sos_18_rep_ham",0.4490343310633,0.16966861756191,0.150595628346291,0.792933979324382
"Abbeville County","vap_white","pre_20_rep_tru",0.894610489778708,0.0251913724711885,0.830981114312935,0.93134857940286
"Abbeville County","vap_white","pre_20_dem_bid",0.105389510221292,0.0251913724711885,0.06865142059714,0.169018885687065
"Abbeville County","vap_black","pre_20_rep_tru",0.111411024643316,0.0717893152290917,0.019600712978712,0.296323297402507
"Abbeville County","vap_black","pre_20_dem_bid",0.888588975356684,0.0717893152290917,0.703676702597493,0.980399287021288
"Abbeville County","vap_hisp","pre_20_rep_tru",0.460763392567365,0.174790638804406,0.148276633069681,0.80409935370788
"Abbeville County","vap_hisp","pre_20_dem_bid",0.539236607432635,0.174790638804406,0.19590064629212,0.851723366930319
"Abbeville County","vap_asian","pre_20_rep_tru",0.495360165645671,0.173742808351931,0.160671377429864,0.818559057748527
"Abbeville County","vap_asian","pre_20_dem_bid",0.504639834354329,0.173742808351931,0.181440942251473,0.839328622570136
"Abbeville County","vap_aian","pre_20_rep_tru",0.479827109270296,0.180373576697694,0.148893606773735,0.827021652371792
"Abbeville County","vap_aian","pre_20_dem_bid",0.520172890729704,0.180373576697694,0.172978347628207,0.851106393226265
"Abbeville County","vap_oth_b","pre_20_rep_tru",0.419001488732118,0.178584956131949,0.0764322309238646,0.785563041401362
"Abbeville County","vap_oth_b","pre_20_dem_bid",0.580998511267882,0.178584956131949,0.214436958598637,0.923567769076135
"Abbeville County","vap_white","uss_20_rep_gra",0.868786600143557,0.0275828448602175,0.804974680306418,0.910703400032286
"Abbeville County","vap_white","uss_20_dem_har",0.131213399856443,0.0275828448602175,0.0892965999677138,0.195025319693582
"Abbeville County","vap_black","uss_20_rep_gra",0.138249400632578,0.0795612401754801,0.0290487545663977,0.328922213930811
"Abbeville County","vap_black","uss_20_dem_har",0.861750599367422,0.0795612401754801,0.671077786069189,0.970951245433602
"Abbeville County","vap_hisp","uss_20_rep_gra",0.467125166018824,0.177626419407451,0.148536916104221,0.813683455773551
"Abbeville County","vap_hisp","uss_20_dem_har",0.532874833981176,0.177626419407451,0.186316544226449,0.851463083895778
"Abbeville County","vap_asian","uss_20_rep_gra",0.509152675561917,0.178423108994854,0.175264163367319,0.853123428688316
"Abbeville County","vap_asian","uss_20_dem_har",0.490847324438083,0.178423108994854,0.146876571311684,0.824735836632681
"Abbeville County","vap_aian","uss_20_rep_gra",0.497652903930379,0.186738700937233,0.147369798606311,0.844631398242345
"Abbeville County","vap_aian","uss_20_dem_har",0.502347096069621,0.186738700937233,0.155368601757655,0.852630201393689
"Abbeville County","vap_oth_b","uss_20_rep_gra",0.450045998029052,0.169508566851878,0.143025427879706,0.783807688236657
"Abbeville County","vap_oth_b","uss_20_dem_har",0.549954001970948,0.169508566851878,0.216192311763342,0.856974572120294
"Aiken County","vap_white","pre_16_dem_cli",0.132346725611065,0.0115661588452803,0.1117569435987,0.155695304817721
"Aiken County","vap_white","pre_16_rep_tru",0.867653274388935,0.0115661588452803,0.844304695182279,0.8882430564013
"Aiken County","vap_black","pre_16_dem_cli",0.948434788821191,0.0154682204228211,0.912599211298472,0.973540513794559
"Aiken County","vap_black","pre_16_rep_tru",0.0515652111788089,0.0154682204228211,0.026459486205441,0.0874007887015276
"Aiken County","vap_hisp","pre_16_dem_cli",0.642385903089976,0.107440796610626,0.418927035744879,0.825036747166257
"Aiken County","vap_hisp","pre_16_rep_tru",0.357614096910024,0.107440796610626,0.174963252833743,0.581072964255121
"Aiken County","vap_asian","pre_16_dem_cli",0.590472094750478,0.152970943014619,0.275831574396678,0.84692704202826
"Aiken County","vap_asian","pre_16_rep_tru",0.409527905249522,0.152970943014619,0.15307295797174,0.724168425603322
"Aiken County","vap_aian","pre_16_dem_cli",0.480909441861847,0.167107780952232,0.177333017420114,0.803027795728557
"Aiken County","vap_aian","pre_16_rep_tru",0.519090558138153,0.167107780952232,0.196972204271442,0.822666982579886
"Aiken County","vap_oth_b","pre_16_dem_cli",0.689796934654544,0.12409292983358,0.420425277230646,0.880591213578428
"Aiken County","vap_oth_b","pre_16_rep_tru",0.310203065345456,0.12409292983358,0.119408786421572,0.579574722769354
"Aiken County","vap_white","uss_16_dem_dix",0.0896229139192281,0.00960489168496274,0.071698600970041,0.10977146455022
"Aiken County","vap_white","uss_16_rep_sco",0.910377086080772,0.00960489168496274,0.89022853544978,0.928301399029959
"Aiken County","vap_black","uss_16_dem_dix",0.953326824306806,0.0145453945798135,0.920640057770345,0.97645783756136
"Aiken County","vap_black","uss_16_rep_sco",0.0466731756931935,0.0145453945798135,0.02354216243864,0.079359942229655
"Aiken County","vap_hisp","uss_16_dem_dix",0.705221086508481,0.0892122442021241,0.51092815630025,0.855388006103968
"Aiken County","vap_hisp","uss_16_rep_sco",0.294778913491519,0.0892122442021241,0.144611993896032,0.48907184369975
"Aiken County","vap_asian","uss_16_dem_dix",0.586518971101348,0.166704377356038,0.223617966336741,0.848886289938323
"Aiken County","vap_asian","uss_16_rep_sco",0.413481028898652,0.166704377356038,0.151113710061677,0.776382033663259
"Aiken County","vap_aian","uss_16_dem_dix",0.519728950941293,0.159635635908228,0.213611638609758,0.817351322378922
"Aiken County","vap_aian","uss_16_rep_sco",0.480271049058707,0.159635635908228,0.182648677621077,0.786388361390241
"Aiken County","vap_oth_b","uss_16_dem_dix",0.771151903872533,0.0962575672065886,0.550630738535561,0.915125215393289
"Aiken County","vap_oth_b","uss_16_rep_sco",0.228848096127467,0.0962575672065886,0.0848747846067112,0.449369261464439
"Aiken County","vap_white","gov_18_dem_smi",0.18419893967666,0.0125364289988513,0.160744987994255,0.209038333140716
"Aiken County","vap_white","gov_18_rep_mcm",0.81580106032334,0.0125364289988513,0.790961666859284,0.839255012005745
"Aiken County","vap_black","gov_18_dem_smi",0.949352032404975,0.0190560975002136,0.902561554996348,0.976319723322997
"Aiken County","vap_black","gov_18_rep_mcm",0.0506479675950245,0.0190560975002136,0.0236802766770027,0.097438445003652
"Aiken County","vap_hisp","gov_18_dem_smi",0.578765059447559,0.125980967241042,0.313775707133992,0.828021376365661
"Aiken County","vap_hisp","gov_18_rep_mcm",0.421234940552441,0.125980967241042,0.171978623634338,0.686224292866008
"Aiken County","vap_asian","gov_18_dem_smi",0.562264817130826,0.152897431040648,0.258539280198435,0.836979459041312
"Aiken County","vap_asian","gov_18_rep_mcm",0.437735182869175,0.152897431040648,0.163020540958688,0.741460719801565
"Aiken County","vap_aian","gov_18_dem_smi",0.597005046099638,0.204903961599838,0.206085717854718,0.930900879786884
"Aiken County","vap_aian","gov_18_rep_mcm",0.402994953900362,0.204903961599838,0.0690991202131164,0.793914282145281
"Aiken County","vap_oth_b","gov_18_dem_smi",0.646304712272289,0.139663497529993,0.348434800041398,0.877721799209982
"Aiken County","vap_oth_b","gov_18_rep_mcm",0.353695287727711,0.139663497529993,0.122278200790018,0.651565199958602
"Aiken County","vap_white","atg_18_dem_ana",0.149446169647081,0.0122892758644411,0.127322462697174,0.175937366979659
"Aiken County","vap_white","atg_18_rep_wil",0.850553830352919,0.0122892758644411,0.824062633020341,0.872677537302826
"Aiken County","vap_black","atg_18_dem_ana",0.939556635862556,0.0184537619234774,0.897013561671109,0.968976418195216
"Aiken County","vap_black","atg_18_rep_wil",0.0604433641374442,0.0184537619234773,0.0310235818047838,0.102986438328891
"Aiken County","vap_hisp","atg_18_dem_ana",0.622472671900436,0.108350078137637,0.394209195228668,0.814401839440811
"Aiken County","vap_hisp","atg_18_rep_wil",0.377527328099564,0.108350078137637,0.185598160559189,0.605790804771332
"Aiken County","vap_asian","atg_18_dem_ana",0.592864442992916,0.162193392048041,0.249362582898845,0.853175225193846
"Aiken County","vap_asian","atg_18_rep_wil",0.407135557007085,0.162193392048041,0.146824774806154,0.750637417101155
"Aiken County","vap_aian","atg_18_dem_ana",0.50961434370847,0.159033885005748,0.197338152954603,0.800084193040077
"Aiken County","vap_aian","atg_18_rep_wil",0.49038565629153,0.159033885005748,0.199915806959922,0.802661847045397
"Aiken County","vap_oth_b","atg_18_dem_ana",0.661936395728693,0.127586830483225,0.393073149148619,0.875677167087661
"Aiken County","vap_oth_b","atg_18_rep_wil",0.338063604271307,0.127586830483225,0.124322832912339,0.606926850851381
"Aiken County","vap_white","sos_18_dem_whi",0.154533694833464,0.0116249566728722,0.132324432299379,0.178898366991696
"Aiken County","vap_white","sos_18_rep_ham",0.845466305166536,0.0116249566728722,0.821101633008304,0.867675567700621
"Aiken County","vap_black","sos_18_dem_whi",0.933207966248713,0.0199214549123002,0.887313578087234,0.965743359530149
"Aiken County","vap_black","sos_18_rep_ham",0.0667920337512871,0.0199214549123002,0.0342566404698506,0.112686421912766
"Aiken County","vap_hisp","sos_18_dem_whi",0.613227447589503,0.111281670542318,0.389732044266804,0.818946180230578
"Aiken County","vap_hisp","sos_18_rep_ham",0.386772552410497,0.111281670542318,0.181053819769422,0.610267955733196
"Aiken County","vap_asian","sos_18_dem_whi",0.61695114004316,0.147375267176121,0.287287660970547,0.865081939701896
"Aiken County","vap_asian","sos_18_rep_ham",0.383048859956839,0.147375267176121,0.134918060298104,0.712712339029453
"Aiken County","vap_aian","sos_18_dem_whi",0.455193760588457,0.202413024435768,0.0907175536213845,0.809520876616783
"Aiken County","vap_aian","sos_18_rep_ham",0.544806239411543,0.202413024435768,0.190479123383217,0.909282446378615
"Aiken County","vap_oth_b","sos_18_dem_whi",0.69487100907366,0.109308956345392,0.458458563339933,0.872345222008882
"Aiken County","vap_oth_b","sos_18_rep_ham",0.30512899092634,0.109308956345392,0.127654777991118,0.541541436660067
"Aiken County","vap_white","pre_20_rep_tru",0.812799402163645,0.0126243291837536,0.785857280225274,0.836306454752215
"Aiken County","vap_white","pre_20_dem_bid",0.187200597836355,0.0126243291837536,0.163693545247785,0.214142719774726
"Aiken County","vap_black","pre_20_rep_tru",0.0682805722000667,0.0194228651105576,0.0355233637769518,0.110013287179035
"Aiken County","vap_black","pre_20_dem_bid",0.931719427799933,0.0194228651105576,0.889986712820965,0.964476636223048
"Aiken County","vap_hisp","pre_20_rep_tru",0.439041531027156,0.127276876953934,0.204036517935395,0.697658545562643
"Aiken County","vap_hisp","pre_20_dem_bid",0.560958468972844,0.127276876953934,0.302341454437357,0.795963482064605
"Aiken County","vap_asian","pre_20_rep_tru",0.406559095063089,0.151572649319307,0.163253369051663,0.759270526495738
"Aiken County","vap_asian","pre_20_dem_bid",0.593440904936911,0.151572649319307,0.240729473504262,0.836746630948337
"Aiken County","vap_aian","pre_20_rep_tru",0.551992717999722,0.164088700468465,0.234282642102302,0.846846348508803
"Aiken County","vap_aian","pre_20_dem_bid",0.448007282000278,0.164088700468465,0.153153651491197,0.765717357897698
"Aiken County","vap_oth_b","pre_20_rep_tru",0.364610217507612,0.135042418916597,0.143245918506842,0.654588337276902
"Aiken County","vap_oth_b","pre_20_dem_bid",0.635389782492389,0.135042418916597,0.345411662723097,0.856754081493157
"Aiken County","vap_white","uss_20_rep_gra",0.81233779088408,0.0129053221888116,0.785916628222571,0.835698571273491
"Aiken County","vap_white","uss_20_dem_har",0.18766220911592,0.0129053221888116,0.164301428726509,0.214083371777429
"Aiken County","vap_black","uss_20_rep_gra",0.0626909294401938,0.0200068907671185,0.0302370662511168,0.10842604242485
"Aiken County","vap_black","uss_20_dem_har",0.937309070559806,0.0200068907671185,0.89157395757515,0.969762933748883
"Aiken County","vap_hisp","uss_20_rep_gra",0.366566103057679,0.154902766379825,0.09644476155709,0.662586626240015
"Aiken County","vap_hisp","uss_20_dem_har",0.633433896942321,0.154902766379825,0.337413373759985,0.90355523844291
"Aiken County","vap_asian","uss_20_rep_gra",0.373955557312637,0.138173685431576,0.150622569731737,0.670673117553582
"Aiken County","vap_asian","uss_20_dem_har",0.626044442687363,0.138173685431576,0.329326882446418,0.849377430268263
"Aiken County","vap_aian","uss_20_rep_gra",0.500637862872464,0.173513501809077,0.165342748918708,0.821246051819412
"Aiken County","vap_aian","uss_20_dem_har",0.499362137127535,0.173513501809077,0.178753948180588,0.834657251081292
"Aiken County","vap_oth_b","uss_20_rep_gra",0.332762808595929,0.163165310741764,0.0929785599701547,0.672654891706787
"Aiken County","vap_oth_b","uss_20_dem_har",0.667237191404071,0.163165310741764,0.327345108293213,0.907021440029845
"Allendale County","vap_white","pre_16_dem_cli",0.372022043572736,0.0835302473089953,0.242481314657751,0.561884123929255
"Allendale County","vap_white","pre_16_rep_tru",0.627977956427264,0.0835302473089953,0.438115876070745,0.757518685342249
"Allendale County","vap_black","pre_16_dem_cli",0.922544615807438,0.0440136087227092,0.821691077858333,0.987960867936889
"Allendale County","vap_black","pre_16_rep_tru",0.0774553841925619,0.0440136087227092,0.0120391320631107,0.178308922141667
"Allendale County","vap_hisp","pre_16_dem_cli",0.541370516371685,0.182319223643768,0.188636744135444,0.870144094706284
"Allendale County","vap_hisp","pre_16_rep_tru",0.458629483628315,0.182319223643768,0.129855905293716,0.811363255864555
"Allendale County","vap_asian","pre_16_dem_cli",0.505978659068229,0.220719298572665,0.10262664818674,0.907083598342173
"Allendale County","vap_asian","pre_16_rep_tru",0.494021340931771,0.220719298572665,0.0929164016578266,0.89737335181326
"Allendale County","vap_aian","pre_16_dem_cli",0.490750844632492,0.187360214618426,0.135675989781812,0.848289164797276
"Allendale County","vap_aian","pre_16_rep_tru",0.509249155367508,0.187360214618426,0.151710835202724,0.864324010218188
"Allendale County","vap_oth_b","pre_16_dem_cli",0.522053511527102,0.192362748170543,0.154919904671791,0.887677261157361
"Allendale County","vap_oth_b","pre_16_rep_tru",0.477946488472898,0.192362748170543,0.112322738842638,0.845080095328209
"Allendale County","vap_white","uss_16_dem_dix",0.335695204157267,0.084556938501483,0.204220827731018,0.531578894253914
"Allendale County","vap_white","uss_16_rep_sco",0.664304795842733,0.084556938501483,0.468421105746085,0.795779172268983
"Allendale County","vap_black","uss_16_dem_dix",0.924992594470478,0.0440945604570053,0.821020211335857,0.988905269318391
"Allendale County","vap_black","uss_16_rep_sco",0.0750074055295215,0.0440945604570053,0.0110947306816094,0.178979788664143
"Allendale County","vap_hisp","uss_16_dem_dix",0.523744974040615,0.19181028206561,0.156958373683921,0.87897122046378
"Allendale County","vap_hisp","uss_16_rep_sco",0.476255025959385,0.19181028206561,0.12102877953622,0.843041626316079
"Allendale County","vap_asian","uss_16_dem_dix",0.490154528111693,0.224108193049419,0.0916890866153227,0.899530238687042
"Allendale County","vap_asian","uss_16_rep_sco",0.509845471888307,0.224108193049419,0.100469761312958,0.908310913384677
"Allendale County","vap_aian","uss_16_dem_dix",0.500423271832814,0.195858468978431,0.137700305555274,0.88280867365934
"Allendale County","vap_aian","uss_16_rep_sco",0.499576728167186,0.195858468978431,0.11719132634066,0.862299694444726
"Allendale County","vap_oth_b","uss_16_dem_dix",0.509899482549853,0.184539213611753,0.155095311541908,0.847211686555556
"Allendale County","vap_oth_b","uss_16_rep_sco",0.490100517450147,0.184539213611753,0.152788313444444,0.844904688458092
"Allendale County","vap_white","gov_18_dem_smi",0.430428392038011,0.084093405050314,0.297815854867035,0.620070983902624
"Allendale County","vap_white","gov_18_rep_mcm",0.569571607961989,0.084093405050314,0.379929016097376,0.702184145132965
"Allendale County","vap_black","gov_18_dem_smi",0.924754865847904,0.04338503444896,0.824643391879646,0.98836802743207
"Allendale County","vap_black","gov_18_rep_mcm",0.075245134152096,0.04338503444896,0.0116319725679304,0.175356608120354
"Allendale County","vap_hisp","gov_18_dem_smi",0.532535678121628,0.180792119980573,0.177318860665441,0.865800908350044
"Allendale County","vap_hisp","gov_18_rep_mcm",0.467464321878372,0.180792119980573,0.134199091649956,0.822681139334559
"Allendale County","vap_asian","gov_18_dem_smi",0.485118667170559,0.221412823767163,0.0944518501347916,0.898054378021557
"Allendale County","vap_asian","gov_18_rep_mcm",0.514881332829441,0.221412823767163,0.101945621978443,0.905548149865208
"Allendale County","vap_aian","gov_18_dem_smi",0.495956109385464,0.19970456620357,0.10519272279295,0.863520250587486
"Allendale County","vap_aian","gov_18_rep_mcm",0.504043890614536,0.19970456620357,0.136479749412514,0.89480727720705
"Allendale County","vap_oth_b","gov_18_dem_smi",0.512243872834575,0.1878041610307,0.158203595525308,0.8548611516823
"Allendale County","vap_oth_b","gov_18_rep_mcm",0.487756127165425,0.1878041610307,0.1451388483177,0.841796404474692
"Allendale County","vap_white","atg_18_dem_ana",0.394580398736852,0.0936554442062111,0.243997199320872,0.590524293467646
"Allendale County","vap_white","atg_18_rep_wil",0.605419601263148,0.0936554442062111,0.409475706532354,0.756002800679128
"Allendale County","vap_black","atg_18_dem_ana",0.912742357371222,0.0485791129986812,0.807621729940602,0.985799016971872
"Allendale County","vap_black","atg_18_rep_wil",0.0872576426287778,0.0485791129986812,0.0142009830281279,0.192378270059398
"Allendale County","vap_hisp","atg_18_dem_ana",0.535533134659804,0.18206910854125,0.184688223674824,0.873330397597351
"Allendale County","vap_hisp","atg_18_rep_wil",0.464466865340196,0.18206910854125,0.126669602402649,0.815311776325176
"Allendale County","vap_asian","atg_18_dem_ana",0.51746671261681,0.225185797876668,0.10007851260298,0.911548717294306
"Allendale County","vap_asian","atg_18_rep_wil",0.48253328738319,0.225185797876668,0.0884512827056936,0.89992148739702
"Allendale County","vap_aian","atg_18_dem_ana",0.490425241866002,0.189579909019284,0.128061584211045,0.843455662294007
"Allendale County","vap_aian","atg_18_rep_wil",0.509574758133998,0.189579909019284,0.156544337705993,0.871938415788955
"Allendale County","vap_oth_b","atg_18_dem_ana",0.526684344770427,0.188293682646996,0.165125346863622,0.873370215565423
"Allendale County","vap_oth_b","atg_18_rep_wil",0.473315655229573,0.188293682646996,0.126629784434577,0.834874653136378
"Allendale County","vap_white","sos_18_dem_whi",0.335660751650673,0.0811851021562502,0.212305181093097,0.518754608604159
"Allendale County","vap_white","sos_18_rep_ham",0.664339248349327,0.0811851021562502,0.481245391395841,0.787694818906903
"Allendale County","vap_black","sos_18_dem_whi",0.93495156210323,0.0419344785561139,0.838105163875567,0.992212565140135
"Allendale County","vap_black","sos_18_rep_ham",0.0650484378967699,0.0419344785561139,0.00778743485986555,0.161894836124433
"Allendale County","vap_hisp","sos_18_dem_whi",0.535246195470098,0.182302220816496,0.183465300787883,0.869602629940792
"Allendale County","vap_hisp","sos_18_rep_ham",0.464753804529902,0.182302220816496,0.130397370059208,0.816534699212117
"Allendale County","vap_asian","sos_18_dem_whi",0.500729503246756,0.224890838861602,0.0903278117413666,0.907937172664463
"Allendale County","vap_asian","sos_18_rep_ham",0.499270496753244,0.224890838861602,0.0920628273355368,0.909672188258633
"Allendale County","vap_aian","sos_18_dem_whi",0.501919863839855,0.193661021440762,0.140753702966412,0.866093119379702
"Allendale County","vap_aian","sos_18_rep_ham",0.498080136160145,0.193661021440762,0.133906880620298,0.859246297033588
"Allendale County","vap_oth_b","sos_18_dem_whi",0.51494195561787,0.1869059862708,0.15757573326513,0.863720683887979
"Allendale County","vap_oth_b","sos_18_rep_ham",0.485058044382129,0.1869059862708,0.136279316112021,0.84242426673487
"Allendale County","vap_white","pre_20_rep_tru",0.678066166819954,0.095825210305863,0.463095840054143,0.822414179463555
"Allendale County","vap_white","pre_20_dem_bid",0.321933833180046,0.095825210305863,0.177585820536445,0.536904159945857
"Allendale County","vap_black","pre_20_rep_tru",0.096826558609478,0.0511263762498783,0.0204893524635543,0.212289662204512
"Allendale County","vap_black","pre_20_dem_bid",0.903173441390522,0.0511263762498783,0.787710337795488,0.979510647536446
"Allendale County","vap_hisp","pre_20_rep_tru",0.451055088641559,0.183794541223473,0.123847042277708,0.813196064797941
"Allendale County","vap_hisp","pre_20_dem_bid",0.548944911358441,0.183794541223473,0.186803935202059,0.876152957722293
"Allendale County","vap_asian","pre_20_rep_tru",0.499567960141989,0.222877227793675,0.095741348109652,0.909198067929602
"Allendale County","vap_asian","pre_20_dem_bid",0.500432039858011,0.222877227793675,0.0908019320703979,0.904258651890348
"Allendale County","vap_aian","pre_20_rep_tru",0.495904241683521,0.187446320953845,0.147058000399837,0.85149910257253
"Allendale County","vap_aian","pre_20_dem_bid",0.504095758316479,0.187446320953845,0.14850089742747,0.852941999600163
"Allendale County","vap_oth_b","pre_20_rep_tru",0.479255838152785,0.183291905922676,0.139181633363078,0.831249168164973
"Allendale County","vap_oth_b","pre_20_dem_bid",0.520744161847215,0.183291905922676,0.168750831835027,0.860818366636922
"Allendale County","vap_white","uss_20_rep_gra",0.67588357018283,0.0876196267505056,0.47908789719107,0.815375779988562
"Allendale County","vap_white","uss_20_dem_har",0.32411642981717,0.0876196267505056,0.184624220011438,0.52091210280893
"Allendale County","vap_black","uss_20_rep_gra",0.0893846267349146,0.0460393116401123,0.0190768278747112,0.197330464328335
"Allendale County","vap_black","uss_20_dem_har",0.910615373265085,0.0460393116401123,0.802669535671665,0.980923172125289
"Allendale County","vap_hisp","uss_20_rep_gra",0.453562019371054,0.175342358197181,0.134113026486437,0.808861062949601
"Allendale County","vap_hisp","uss_20_dem_har",0.546437980628946,0.175342358197181,0.191138937050398,0.865886973513563
"Allendale County","vap_asian","uss_20_rep_gra",0.506905526166709,0.224492883639363,0.098758506385443,0.913101096503358
"Allendale County","vap_asian","uss_20_dem_har",0.493094473833291,0.224492883639363,0.0868989034966423,0.901241493614557
"Allendale County","vap_aian","uss_20_rep_gra",0.500025640534306,0.183511271360291,0.14958408606597,0.851500523543919
"Allendale County","vap_aian","uss_20_dem_har",0.499974359465694,0.183511271360291,0.148499476456081,0.850415913934031
"Allendale County","vap_oth_b","uss_20_rep_gra",0.485707109750402,0.180826336460796,0.144855896573419,0.82993106127929
"Allendale County","vap_oth_b","uss_20_dem_har",0.514292890249598,0.180826336460796,0.17006893872071,0.855144103426581
"Anderson County","vap_white","pre_16_dem_cli",0.131623081551847,0.00786616333844451,0.117300742405103,0.148655847910262
"Anderson County","vap_white","pre_16_rep_tru",0.868376918448153,0.00786616333844451,0.851344152089738,0.882699257594897
"Anderson County","vap_black","pre_16_dem_cli",0.934148021125782,0.0193177446518084,0.889450985659065,0.965038897594677
"Anderson County","vap_black","pre_16_rep_tru",0.0658519788742182,0.0193177446518084,0.0349611024053228,0.110549014340935
"Anderson County","vap_hisp","pre_16_dem_cli",0.764697571796321,0.0919083238996534,0.547621915579502,0.902949511074756
"Anderson County","vap_hisp","pre_16_rep_tru",0.235302428203679,0.0919083238996534,0.0970504889252438,0.452378084420498
"Anderson County","vap_asian","pre_16_dem_cli",0.517242762597926,0.147787595830926,0.209522064825846,0.779336533004841
"Anderson County","vap_asian","pre_16_rep_tru",0.482757237402073,0.147787595830926,0.220663466995159,0.790477935174153
"Anderson County","vap_aian","pre_16_dem_cli",0.513430242665762,0.160031026674672,0.198816744871751,0.806825941307862
"Anderson County","vap_aian","pre_16_rep_tru",0.486569757334238,0.160031026674672,0.193174058692138,0.801183255128249
"Anderson County","vap_oth_b","pre_16_dem_cli",0.721681982913929,0.122384049999982,0.436111293396375,0.89585117043705
"Anderson County","vap_oth_b","pre_16_rep_tru",0.278318017086071,0.122384049999982,0.104148829562949,0.563888706603625
"Anderson County","vap_white","uss_16_dem_dix",0.102323476290405,0.00815516923723303,0.0891779694238756,0.121459841821617
"Anderson County","vap_white","uss_16_rep_sco",0.897676523709595,0.00815516923723303,0.878540158178383,0.910822030576124
"Anderson County","vap_black","uss_16_dem_dix",0.936968459729872,0.0193936871965673,0.893939821522898,0.968448485423911
"Anderson County","vap_black","uss_16_rep_sco",0.063031540270128,0.0193936871965673,0.0315515145760892,0.106060178477102
"Anderson County","vap_hisp","uss_16_dem_dix",0.680379512442019,0.107388251263266,0.435910496523912,0.854370794842521
"Anderson County","vap_hisp","uss_16_rep_sco",0.319620487557981,0.107388251263266,0.145629205157479,0.564089503476087
"Anderson County","vap_asian","uss_16_dem_dix",0.488402444679138,0.14009119319973,0.211904176479898,0.756899719059124
"Anderson County","vap_asian","uss_16_rep_sco",0.511597555320862,0.14009119319973,0.243100280940875,0.788095823520102
"Anderson County","vap_aian","uss_16_dem_dix",0.516220914815208,0.172523917164049,0.197141322079114,0.819828282022988
"Anderson County","vap_aian","uss_16_rep_sco",0.483779085184792,0.172523917164049,0.180171717977012,0.802858677920886
"Anderson County","vap_oth_b","uss_16_dem_dix",0.746772887401164,0.111130901490108,0.489103372629251,0.90926999254321
"Anderson County","vap_oth_b","uss_16_rep_sco",0.253227112598836,0.111130901490108,0.0907300074567901,0.510896627370749
"Anderson County","vap_white","gov_18_dem_smi",0.173800411090153,0.00883515033043258,0.158449646406704,0.191427748857261
"Anderson County","vap_white","gov_18_rep_mcm",0.826199588909847,0.00883515033043258,0.808572251142739,0.841550353593296
"Anderson County","vap_black","gov_18_dem_smi",0.92293887429323,0.0253217959267653,0.865570821510871,0.963068389449794
"Anderson County","vap_black","gov_18_rep_mcm",0.07706112570677,0.0253217959267653,0.0369316105502056,0.134429178489129
"Anderson County","vap_hisp","gov_18_dem_smi",0.793471144226013,0.104501853704998,0.534939919490859,0.929788729718296
"Anderson County","vap_hisp","gov_18_rep_mcm",0.206528855773987,0.104501853704998,0.0702112702817039,0.465060080509141
"Anderson County","vap_asian","gov_18_dem_smi",0.552725360102025,0.163468191235172,0.21905289498909,0.841427783518318
"Anderson County","vap_asian","gov_18_rep_mcm",0.447274639897975,0.163468191235172,0.158572216481682,0.78094710501091
"Anderson County","vap_aian","gov_18_dem_smi",0.509978300804246,0.163279752582861,0.19745938826169,0.805451029643104
"Anderson County","vap_aian","gov_18_rep_mcm",0.490021699195754,0.163279752582861,0.194548970356896,0.80254061173831
"Anderson County","vap_oth_b","gov_18_dem_smi",0.711350679727705,0.124351612724775,0.416400053484713,0.896825154309926
"Anderson County","vap_oth_b","gov_18_rep_mcm",0.288649320272295,0.124351612724775,0.103174845690074,0.583599946515287
"Anderson County","vap_white","atg_18_dem_ana",0.141389107914901,0.0088400434931768,0.125998240858851,0.160882658570374
"Anderson County","vap_white","atg_18_rep_wil",0.858610892085099,0.0088400434931768,0.839117341429626,0.874001759141149
"Anderson County","vap_black","atg_18_dem_ana",0.928669014696832,0.0223217906361754,0.877718037728131,0.963819188091027
"Anderson County","vap_black","atg_18_rep_wil",0.0713309853031682,0.0223217906361754,0.0361808119089727,0.122281962271868
"Anderson County","vap_hisp","atg_18_dem_ana",0.720799849065267,0.0983037061684619,0.498361150806801,0.874521014391718
"Anderson County","vap_hisp","atg_18_rep_wil",0.279200150934733,0.0983037061684619,0.125478985608282,0.501638849193198
"Anderson County","vap_asian","atg_18_dem_ana",0.560837289325432,0.148529694840402,0.258287608411624,0.826155729427388
"Anderson County","vap_asian","atg_18_rep_wil",0.439162710674568,0.148529694840402,0.173844270572612,0.741712391588376
"Anderson County","vap_aian","atg_18_dem_ana",0.533405776417916,0.161872817605057,0.208549107357316,0.813182560564257
"Anderson County","vap_aian","atg_18_rep_wil",0.466594223582084,0.161872817605057,0.186817439435743,0.791450892642683
"Anderson County","vap_oth_b","atg_18_dem_ana",0.712858176561394,0.121981271556572,0.421901315737963,0.89893293027724
"Anderson County","vap_oth_b","atg_18_rep_wil",0.287141823438606,0.121981271556572,0.10106706972276,0.578098684262036
"Anderson County","vap_white","sos_18_dem_whi",0.137951290528582,0.00857710878728295,0.122264053148829,0.156358476834013
"Anderson County","vap_white","sos_18_rep_ham",0.862048709471418,0.00857710878728295,0.843641523165987,0.877735946851171
"Anderson County","vap_black","sos_18_dem_whi",0.93649276554493,0.0215162283836282,0.887564556471073,0.970653863763256
"Anderson County","vap_black","sos_18_rep_ham",0.06350723445507,0.0215162283836282,0.0293461362367439,0.112435443528927
"Anderson County","vap_hisp","sos_18_dem_whi",0.675479319283706,0.108743796095717,0.433254565290016,0.854501531885624
"Anderson County","vap_hisp","sos_18_rep_ham",0.324520680716294,0.108743796095717,0.145498468114376,0.566745434709984
"Anderson County","vap_asian","sos_18_dem_whi",0.590109856794975,0.160545116354425,0.264347786725052,0.864650493754706
"Anderson County","vap_asian","sos_18_rep_ham",0.409890143205025,0.160545116354425,0.135349506245294,0.735652213274948
"Anderson County","vap_aian","sos_18_dem_whi",0.530214594285489,0.161239358487853,0.213579366586983,0.814913816723998
"Anderson County","vap_aian","sos_18_rep_ham",0.469785405714511,0.161239358487853,0.185086183276002,0.786420633413017
"Anderson County","vap_oth_b","sos_18_dem_whi",0.763938205874093,0.11921155714589,0.498351202147362,0.945560599809493
"Anderson County","vap_oth_b","sos_18_rep_ham",0.236061794125907,0.11921155714589,0.0544394001905069,0.501648797852638
"Anderson County","vap_white","pre_20_rep_tru",0.867939116628414,0.00767662035796607,0.851966468241175,0.881840184170061
"Anderson County","vap_white","pre_20_dem_bid",0.132060883371586,0.00767662035796607,0.118159815829939,0.148033531758825
"Anderson County","vap_black","pre_20_rep_tru",0.053269875933442,0.0177088970244221,0.02512777312564,0.0946745188691983
"Anderson County","vap_black","pre_20_dem_bid",0.946730124066558,0.0177088970244221,0.905325481130802,0.97487222687436
"Anderson County","vap_hisp","pre_20_rep_tru",0.213595320650099,0.0950953441952992,0.0749648325287915,0.436706469268498
"Anderson County","vap_hisp","pre_20_dem_bid",0.786404679349901,0.0950953441952992,0.563293530731502,0.925035167471208
"Anderson County","vap_asian","pre_20_rep_tru",0.392534776777064,0.14742995256876,0.1529977150017,0.725415924192162
"Anderson County","vap_asian","pre_20_dem_bid",0.607465223222936,0.14742995256876,0.274584075807838,0.8470022849983
"Anderson County","vap_aian","pre_20_rep_tru",0.486767620265923,0.150974389182723,0.188094235884016,0.764928889929138
"Anderson County","vap_aian","pre_20_dem_bid",0.513232379734077,0.150974389182723,0.235071110070862,0.811905764115984
"Anderson County","vap_oth_b","pre_20_rep_tru",0.264806723855581,0.112507428986088,0.0854092367772858,0.521384259967119
"Anderson County","vap_oth_b","pre_20_dem_bid",0.735193276144419,0.112507428986088,0.478615740032881,0.914590763222714
"Anderson County","vap_white","uss_20_rep_gra",0.857793951305298,0.00739385480585997,0.84022410622271,0.869806917269266
"Anderson County","vap_white","uss_20_dem_har",0.142206048694702,0.00739385480585997,0.130193082730734,0.15977589377729
"Anderson County","vap_black","uss_20_rep_gra",0.048151344869524,0.0156695795314048,0.0241465549707273,0.0853845844359468
"Anderson County","vap_black","uss_20_dem_har",0.951848655130476,0.0156695795314048,0.914615415564053,0.975853445029273
"Anderson County","vap_hisp","uss_20_rep_gra",0.1493750777606,0.0848264530593651,0.0481468809552325,0.367012808031937
"Anderson County","vap_hisp","uss_20_dem_har",0.8506249222394,0.0848264530593651,0.632987191968062,0.951853119044767
"Anderson County","vap_asian","uss_20_rep_gra",0.406797264150728,0.153708244783375,0.147134032372471,0.721782362817843
"Anderson County","vap_asian","uss_20_dem_har",0.593202735849272,0.153708244783375,0.278217637182157,0.852865967627529
"Anderson County","vap_aian","uss_20_rep_gra",0.506289078973665,0.159301254652487,0.193365623637481,0.801500764662669
"Anderson County","vap_aian","uss_20_dem_har",0.493710921026335,0.159301254652487,0.198499235337331,0.806634376362519
"Anderson County","vap_oth_b","uss_20_rep_gra",0.263729403374005,0.113281895971959,0.101527737759963,0.544997842239289
"Anderson County","vap_oth_b","uss_20_dem_har",0.736270596625995,0.113281895971959,0.455002157760711,0.898472262240037
"Bamberg County","vap_white","pre_16_dem_cli",0.20573576709323,0.0441814910458015,0.140600336464399,0.313225428789823
"Bamberg County","vap_white","pre_16_rep_tru",0.79426423290677,0.0441814910458015,0.686774571210176,0.859399663535601
"Bamberg County","vap_black","pre_16_dem_cli",0.898918509878011,0.059418875283703,0.745477681615635,0.977878842497863
"Bamberg County","vap_black","pre_16_rep_tru",0.101081490121989,0.059418875283703,0.022121157502137,0.254522318384365
"Bamberg County","vap_hisp","pre_16_dem_cli",0.465444413577666,0.17883171418314,0.138289431899142,0.81229925708877
"Bamberg County","vap_hisp","pre_16_rep_tru",0.534555586422334,0.17883171418314,0.18770074291123,0.861710568100858
"Bamberg County","vap_asian","pre_16_dem_cli",0.492302264640292,0.188466743569375,0.144300452005709,0.858656110750152
"Bamberg County","vap_asian","pre_16_rep_tru",0.507697735359708,0.188466743569375,0.141343889249848,0.855699547994291
"Bamberg County","vap_aian","pre_16_dem_cli",0.50056127071825,0.204581273367471,0.11926115810441,0.882735897108171
"Bamberg County","vap_aian","pre_16_rep_tru",0.49943872928175,0.204581273367471,0.117264102891829,0.88073884189559
"Bamberg County","vap_oth_b","pre_16_dem_cli",0.500851112741169,0.177847383872537,0.167166807722302,0.833725306112875
"Bamberg County","vap_oth_b","pre_16_rep_tru",0.499148887258831,0.177847383872537,0.166274693887125,0.832833192277698
"Bamberg County","vap_white","uss_16_dem_dix",0.22986760813042,0.0404819118382826,0.164620860721882,0.323681002610363
"Bamberg County","vap_white","uss_16_rep_sco",0.77013239186958,0.0404819118382826,0.676318997389637,0.835379139278118
"Bamberg County","vap_black","uss_16_dem_dix",0.890005228278092,0.0544706135737644,0.761081879756949,0.971472033459782
"Bamberg County","vap_black","uss_16_rep_sco",0.109994771721908,0.0544706135737644,0.0285279665402178,0.238918120243051
"Bamberg County","vap_hisp","uss_16_dem_dix",0.494191731073134,0.171774309640947,0.169291569960594,0.824060458839012
"Bamberg County","vap_hisp","uss_16_rep_sco",0.505808268926866,0.171774309640947,0.175939541160988,0.830708430039406
"Bamberg County","vap_asian","uss_16_dem_dix",0.499957279227364,0.194104438929051,0.141207787558406,0.873619488377931
"Bamberg County","vap_asian","uss_16_rep_sco",0.500042720772636,0.194104438929051,0.126380511622069,0.858792212441594
"Bamberg County","vap_aian","uss_16_dem_dix",0.498169250450046,0.204195281594557,0.113722821082692,0.870598891872323
"Bamberg County","vap_aian","uss_16_rep_sco",0.501830749549954,0.204195281594557,0.129401108127677,0.886277178917308
"Bamberg County","vap_oth_b","uss_16_dem_dix",0.504627661462848,0.177905815711048,0.171930104564461,0.841257643346739
"Bamberg County","vap_oth_b","uss_16_rep_sco",0.495372338537152,0.177905815711048,0.158742356653261,0.828069895435539
"Bamberg County","vap_white","gov_18_dem_smi",0.25026773510451,0.0393303647599924,0.187766688934699,0.343058077818552
"Bamberg County","vap_white","gov_18_rep_mcm",0.74973226489549,0.0393303647599924,0.656941922181448,0.812233311065301
"Bamberg County","vap_black","gov_18_dem_smi",0.887561326393947,0.0542706098149982,0.755469884372165,0.965479506771302
"Bamberg County","vap_black","gov_18_rep_mcm",0.112438673606053,0.0542706098149982,0.034520493228698,0.244530115627835
"Bamberg County","vap_hisp","gov_18_dem_smi",0.491113925299147,0.178739487090638,0.167096040442009,0.842611202158154
"Bamberg County","vap_hisp","gov_18_rep_mcm",0.508886074700853,0.178739487090638,0.157388797841846,0.832903959557991
"Bamberg County","vap_asian","gov_18_dem_smi",0.506542635054273,0.192051911152918,0.15313727344712,0.878713878410273
"Bamberg County","vap_asian","gov_18_rep_mcm",0.493457364945727,0.192051911152918,0.121286121589727,0.84686272655288
"Bamberg County","vap_aian","gov_18_dem_smi",0.504169680366874,0.205185794362703,0.119842632100304,0.894524986462288
"Bamberg County","vap_aian","gov_18_rep_mcm",0.495830319633125,0.205185794362703,0.105475013537712,0.880157367899695
"Bamberg County","vap_oth_b","gov_18_dem_smi",0.509448272400384,0.174748221149041,0.182812054211242,0.841870964206553
"Bamberg County","vap_oth_b","gov_18_rep_mcm",0.490551727599616,0.174748221149041,0.158129035793447,0.817187945788758
"Bamberg County","vap_white","atg_18_dem_ana",0.23472163079326,0.0449151942269541,0.163092192313052,0.337104516820017
"Bamberg County","vap_white","atg_18_rep_wil",0.76527836920674,0.0449151942269541,0.662895483179983,0.836907807686948
"Bamberg County","vap_black","atg_18_dem_ana",0.866969748687844,0.0623461815886572,0.720377869924463,0.961243119046824
"Bamberg County","vap_black","atg_18_rep_wil",0.133030251312156,0.0623461815886572,0.0387568809531761,0.279622130075537
"Bamberg County","vap_hisp","atg_18_dem_ana",0.461199739858462,0.177796053936023,0.13632773429166,0.804009168931926
"Bamberg County","vap_hisp","atg_18_rep_wil",0.538800260141538,0.177796053936023,0.195990831068074,0.86367226570834
"Bamberg County","vap_asian","atg_18_dem_ana",0.493348354855804,0.192236653275915,0.142096405976849,0.860513158922159
"Bamberg County","vap_asian","atg_18_rep_wil",0.506651645144196,0.192236653275915,0.139486841077841,0.857903594023151
"Bamberg County","vap_aian","atg_18_dem_ana",0.472881420307073,0.20429687527682,0.100533679440329,0.864830400618214
"Bamberg County","vap_aian","atg_18_rep_wil",0.527118579692927,0.20429687527682,0.135169599381786,0.89946632055967
"Bamberg County","vap_oth_b","atg_18_dem_ana",0.496811635703331,0.171721403048191,0.174439343063338,0.820650992988832
"Bamberg County","vap_oth_b","atg_18_rep_wil",0.503188364296669,0.171721403048191,0.179349007011168,0.825560656936662
"Bamberg County","vap_white","sos_18_dem_whi",0.224026109991023,0.043251675753015,0.154670978262633,0.320380469883292
"Bamberg County","vap_white","sos_18_rep_ham",0.775973890008977,0.043251675753015,0.679619530116708,0.845329021737367
"Bamberg County","vap_black","sos_18_dem_whi",0.875872262091312,0.0612664332776988,0.738980199042936,0.972278852969863
"Bamberg County","vap_black","sos_18_rep_ham",0.124127737908688,0.0612664332776988,0.027721147030137,0.261019800957064
"Bamberg County","vap_hisp","sos_18_dem_whi",0.478328446271604,0.17794508937025,0.15774304379256,0.832190404803795
"Bamberg County","vap_hisp","sos_18_rep_ham",0.521671553728396,0.17794508937025,0.167809595196205,0.84225695620744
"Bamberg County","vap_asian","sos_18_dem_whi",0.495100280312276,0.190184941830225,0.139398664395896,0.849126394086681
"Bamberg County","vap_asian","sos_18_rep_ham",0.504899719687724,0.190184941830225,0.150873605913319,0.860601335604103
"Bamberg County","vap_aian","sos_18_dem_whi",0.489040397856586,0.203067860815493,0.103111368309242,0.864558182573148
"Bamberg County","vap_aian","sos_18_rep_ham",0.510959602143414,0.203067860815493,0.135441817426851,0.896888631690757
"Bamberg County","vap_oth_b","sos_18_dem_whi",0.512609936893557,0.183873347763787,0.16812893162998,0.859855029949209
"Bamberg County","vap_oth_b","sos_18_rep_ham",0.487390063106443,0.183873347763787,0.140144970050791,0.83187106837002
"Bamberg County","vap_white","pre_20_rep_tru",0.806228659272012,0.0436143440673152,0.696796940188608,0.871287932119669
"Bamberg County","vap_white","pre_20_dem_bid",0.193771340727988,0.0436143440673152,0.128712067880331,0.303203059811392
"Bamberg County","vap_black","pre_20_rep_tru",0.117767973465116,0.0593883630696117,0.0340448531613447,0.265916061649187
"Bamberg County","vap_black","pre_20_dem_bid",0.882232026534884,0.0593883630696117,0.734083938350813,0.965955146838655
"Bamberg County","vap_hisp","pre_20_rep_tru",0.494112329576371,0.174538820983223,0.165664054036826,0.824218590639236
"Bamberg County","vap_hisp","pre_20_dem_bid",0.505887670423629,0.174538820983223,0.175781409360764,0.834335945963174
"Bamberg County","vap_asian","pre_20_rep_tru",0.514424141860386,0.196811978174815,0.140777242505275,0.87666018222323
"Bamberg County","vap_asian","pre_20_dem_bid",0.485575858139614,0.196811978174815,0.12333981777677,0.859222757494725
"Bamberg County","vap_aian","pre_20_rep_tru",0.495378725153718,0.195653285574927,0.129450065196769,0.862922272577082
"Bamberg County","vap_aian","pre_20_dem_bid",0.504621274846282,0.195653285574927,0.137077727422918,0.870549934803231
"Bamberg County","vap_oth_b","pre_20_rep_tru",0.478777902576548,0.174645142068641,0.164757220609598,0.816158610993069
"Bamberg County","vap_oth_b","pre_20_dem_bid",0.521222097423452,0.174645142068641,0.183841389006931,0.835242779390402
"Bamberg County","vap_white","uss_20_rep_gra",0.796475123977363,0.0387141721460892,0.706662763720783,0.859562442110783
"Bamberg County","vap_white","uss_20_dem_har",0.203524876022637,0.0387141721460892,0.140437557889217,0.293337236279217
"Bamberg County","vap_black","uss_20_rep_gra",0.111690526742885,0.0525397331218105,0.032055826389041,0.238467520794645
"Bamberg County","vap_black","uss_20_dem_har",0.888309473257115,0.0525397331218105,0.761532479205355,0.967944173610959
"Bamberg County","vap_hisp","uss_20_rep_gra",0.503442686059158,0.18311073371418,0.140605491178776,0.85167219234265
"Bamberg County","vap_hisp","uss_20_dem_har",0.496557313940842,0.18311073371418,0.14832780765735,0.859394508821224
"Bamberg County","vap_asian","uss_20_rep_gra",0.516124279837441,0.195134203031542,0.153950033198854,0.884463297409588
"Bamberg County","vap_asian","uss_20_dem_har",0.483875720162559,0.195134203031542,0.115536702590411,0.846049966801146
"Bamberg County","vap_aian","uss_20_rep_gra",0.508757265219506,0.204739367526718,0.125228818419208,0.898837805229416
"Bamberg County","vap_aian","uss_20_dem_har",0.491242734780494,0.204739367526718,0.101162194770584,0.874771181580792
"Bamberg County","vap_oth_b","uss_20_rep_gra",0.468647216220374,0.172255763094404,0.153299346236398,0.802332211948805
"Bamberg County","vap_oth_b","uss_20_dem_har",0.531352783779626,0.172255763094404,0.197667788051194,0.846700653763602
"Barnwell County","vap_white","pre_16_dem_cli",0.129764210133926,0.030288159693013,0.0804309998194715,0.198921801320252
"Barnwell County","vap_white","pre_16_rep_tru",0.870235789866074,0.030288159693013,0.801078198679748,0.919569000180528
"Barnwell County","vap_black","pre_16_dem_cli",0.933127159346135,0.0356839375407228,0.842567713771674,0.982247364456158
"Barnwell County","vap_black","pre_16_rep_tru",0.0668728406538653,0.0356839375407228,0.0177526355438421,0.157432286228326
"Barnwell County","vap_hisp","pre_16_dem_cli",0.520979846144718,0.174383940801127,0.195776790926607,0.85969372536595
"Barnwell County","vap_hisp","pre_16_rep_tru",0.479020153855282,0.174383940801127,0.14030627463405,0.804223209073393
"Barnwell County","vap_asian","pre_16_dem_cli",0.498330826040266,0.190712725811971,0.147559777858964,0.886247307376703
"Barnwell County","vap_asian","pre_16_rep_tru",0.501669173959734,0.190712725811971,0.113752692623297,0.852440222141036
"Barnwell County","vap_aian","pre_16_dem_cli",0.504629103599282,0.185281775212037,0.161954148754995,0.863027536400013
"Barnwell County","vap_aian","pre_16_rep_tru",0.495370896400718,0.185281775212037,0.136972463599987,0.838045851245005
"Barnwell County","vap_oth_b","pre_16_dem_cli",0.531330344893517,0.1667483449076,0.213071971715912,0.842759549356391
"Barnwell County","vap_oth_b","pre_16_rep_tru",0.468669655106483,0.1667483449076,0.157240450643609,0.786928028284088
"Barnwell County","vap_white","uss_16_dem_dix",0.136433327323011,0.0350532932518337,0.0807811397536474,0.216331819560508
"Barnwell County","vap_white","uss_16_rep_sco",0.863566672676989,0.0350532932518337,0.783668180439492,0.919218860246352
"Barnwell County","vap_black","uss_16_dem_dix",0.913149965697753,0.0442432771408175,0.805851504918763,0.975890931300199
"Barnwell County","vap_black","uss_16_rep_sco",0.0868500343022472,0.0442432771408175,0.024109068699801,0.194148495081237
"Barnwell County","vap_hisp","uss_16_dem_dix",0.507056087150399,0.175315471787658,0.175632997287105,0.838199104305666
"Barnwell County","vap_hisp","uss_16_rep_sco",0.492943912849601,0.175315471787658,0.161800895694334,0.824367002712894
"Barnwell County","vap_asian","uss_16_dem_dix",0.486071720070718,0.198080397814549,0.102762262002275,0.855906491793443
"Barnwell County","vap_asian","uss_16_rep_sco",0.513928279929282,0.198080397814549,0.144093508206557,0.897237737997725
"Barnwell County","vap_aian","uss_16_dem_dix",0.507962262671979,0.179431693032847,0.162763358826173,0.849845904815411
"Barnwell County","vap_aian","uss_16_rep_sco",0.492037737328021,0.179431693032847,0.150154095184589,0.837236641173827
"Barnwell County","vap_oth_b","uss_16_dem_dix",0.496467261403502,0.171692178057591,0.174725932337909,0.817390799194028
"Barnwell County","vap_oth_b","uss_16_rep_sco",0.503532738596498,0.171692178057591,0.182609200805972,0.825274067662091
"Barnwell County","vap_white","gov_18_dem_smi",0.168454716273472,0.0424674552363717,0.101609384974484,0.276524425943688
"Barnwell County","vap_white","gov_18_rep_mcm",0.831545283726528,0.0424674552363717,0.723475574056312,0.898390615025516
"Barnwell County","vap_black","gov_18_dem_smi",0.905268027913268,0.0520357956438438,0.766676847573898,0.974815203832294
"Barnwell County","vap_black","gov_18_rep_mcm",0.0947319720867324,0.0520357956438438,0.0251847961677061,0.233323152426102
"Barnwell County","vap_hisp","gov_18_dem_smi",0.54963066033486,0.186462999126666,0.179901361001387,0.887742094094632
"Barnwell County","vap_hisp","gov_18_rep_mcm",0.45036933966514,0.186462999126666,0.112257905905368,0.820098638998612
"Barnwell County","vap_asian","gov_18_dem_smi",0.490246403614998,0.180123319603896,0.156653073084045,0.842251828288301
"Barnwell County","vap_asian","gov_18_rep_mcm",0.509753596385002,0.180123319603896,0.157748171711699,0.843346926915955
"Barnwell County","vap_aian","gov_18_dem_smi",0.513709918639405,0.176413898737778,0.179533709338718,0.848597235631983
"Barnwell County","vap_aian","gov_18_rep_mcm",0.486290081360595,0.176413898737778,0.151402764368017,0.820466290661282
"Barnwell County","vap_oth_b","gov_18_dem_smi",0.535575940180117,0.178726067985473,0.183355320609384,0.862647201348471
"Barnwell County","vap_oth_b","gov_18_rep_mcm",0.464424059819883,0.178726067985473,0.137352798651529,0.816644679390617
"Barnwell County","vap_white","atg_18_dem_ana",0.123872912746949,0.0348733814500217,0.0676613521828343,0.201589735321069
"Barnwell County","vap_white","atg_18_rep_wil",0.876127087253051,0.0348733814500217,0.798410264678931,0.932338647817166
"Barnwell County","vap_black","atg_18_dem_ana",0.905993450331955,0.0432762120695125,0.801542200262747,0.967428942409043
"Barnwell County","vap_black","atg_18_rep_wil",0.0940065496680448,0.0432762120695125,0.0325710575909568,0.198457799737252
"Barnwell County","vap_hisp","atg_18_dem_ana",0.539161269670635,0.179021420304069,0.197460074957543,0.872214088477983
"Barnwell County","vap_hisp","atg_18_rep_wil",0.460838730329365,0.179021420304069,0.127785911522016,0.802539925042457
"Barnwell County","vap_asian","atg_18_dem_ana",0.486838612649952,0.184073175772072,0.144517426316659,0.838398584921429
"Barnwell County","vap_asian","atg_18_rep_wil",0.513161387350048,0.184073175772072,0.161601415078571,0.855482573683341
"Barnwell County","vap_aian","atg_18_dem_ana",0.504213899108293,0.168536107902524,0.189693784186454,0.829842654850205
"Barnwell County","vap_aian","atg_18_rep_wil",0.495786100891707,0.168536107902524,0.170157345149795,0.810306215813546
"Barnwell County","vap_oth_b","atg_18_dem_ana",0.520662996892967,0.166433773096417,0.213241179820709,0.836318653902429
"Barnwell County","vap_oth_b","atg_18_rep_wil",0.479337003107033,0.166433773096417,0.16368134609757,0.786758820179291
"Barnwell County","vap_white","sos_18_dem_whi",0.138442613333323,0.0374318738382659,0.0774417294681318,0.223882823007104
"Barnwell County","vap_white","sos_18_rep_ham",0.861557386666677,0.0374318738382659,0.776117176992896,0.922558270531868
"Barnwell County","vap_black","sos_18_dem_whi",0.894512804886823,0.0474932568397584,0.785030048851606,0.963232183438838
"Barnwell County","vap_black","sos_18_rep_ham",0.105487195113176,0.0474932568397584,0.0367678165611622,0.214969951148394
"Barnwell County","vap_hisp","sos_18_dem_whi",0.538015713379068,0.173196394494015,0.190982483305389,0.863886634644561
"Barnwell County","vap_hisp","sos_18_rep_ham",0.461984286620932,0.173196394494015,0.136113365355439,0.809017516694611
"Barnwell County","vap_asian","sos_18_dem_whi",0.499940251587977,0.178797726134122,0.16947587648068,0.83999689893639
"Barnwell County","vap_asian","sos_18_rep_ham",0.500059748412023,0.178797726134122,0.16000310106361,0.83052412351932
"Barnwell County","vap_aian","sos_18_dem_whi",0.505853154061291,0.187297147239069,0.141905115774251,0.854679536439367
"Barnwell County","vap_aian","sos_18_rep_ham",0.494146845938709,0.187297147239069,0.145320463560633,0.858094884225749
"Barnwell County","vap_oth_b","sos_18_dem_whi",0.527792969503877,0.17373747330685,0.197998821847365,0.854263095074459
"Barnwell County","vap_oth_b","sos_18_rep_ham",0.472207030496123,0.17373747330685,0.145736904925541,0.802001178152635
"Barnwell County","vap_white","pre_20_rep_tru",0.894449439702191,0.0271239294323435,0.831565204226334,0.940279504165684
"Barnwell County","vap_white","pre_20_dem_bid",0.105550560297809,0.0271239294323435,0.0597204958343156,0.168434795773666
"Barnwell County","vap_black","pre_20_rep_tru",0.0598427885874449,0.0305361872627085,0.0166939934480059,0.133218305242529
"Barnwell County","vap_black","pre_20_dem_bid",0.940157211412555,0.0305361872627085,0.866781694757471,0.983306006551994
"Barnwell County","vap_hisp","pre_20_rep_tru",0.443247644667692,0.174146475949874,0.128170392919778,0.774840796696962
"Barnwell County","vap_hisp","pre_20_dem_bid",0.556752355332308,0.174146475949874,0.225159203303037,0.871829607080222
"Barnwell County","vap_asian","pre_20_rep_tru",0.526760141261292,0.174599340874495,0.194201818913223,0.856520683619563
"Barnwell County","vap_asian","pre_20_dem_bid",0.473239858738708,0.174599340874495,0.143479316380437,0.805798181086776
"Barnwell County","vap_aian","pre_20_rep_tru",0.478185377285581,0.177338817661163,0.155907511373107,0.821196365446399
"Barnwell County","vap_aian","pre_20_dem_bid",0.521814622714419,0.177338817661163,0.178803634553601,0.844092488626893
"Barnwell County","vap_oth_b","pre_20_rep_tru",0.473693857674922,0.1742774203017,0.156129429934444,0.814604752554106
"Barnwell County","vap_oth_b","pre_20_dem_bid",0.526306142325078,0.1742774203017,0.185395247445894,0.843870570065556
"Barnwell County","vap_white","uss_20_rep_gra",0.877238739828572,0.035628862856425,0.783719412735161,0.931468342941959
"Barnwell County","vap_white","uss_20_dem_har",0.122761260171428,0.035628862856425,0.0685316570580408,0.216280587264839
"Barnwell County","vap_black","uss_20_rep_gra",0.064272274091821,0.0413333685522314,0.0123190279706763,0.179223051538151
"Barnwell County","vap_black","uss_20_dem_har",0.935727725908179,0.0413333685522314,0.820776948461849,0.987680972029324
"Barnwell County","vap_hisp","uss_20_rep_gra",0.436418190881564,0.177070249653589,0.140128222047947,0.809350012655045
"Barnwell County","vap_hisp","uss_20_dem_har",0.563581809118436,0.177070249653589,0.190649987344954,0.859871777952053
"Barnwell County","vap_asian","uss_20_rep_gra",0.498639972354851,0.182235358800474,0.159625777328917,0.848971362228755
"Barnwell County","vap_asian","uss_20_dem_har",0.501360027645149,0.182235358800474,0.151028637771245,0.840374222671083
"Barnwell County","vap_aian","uss_20_rep_gra",0.496815773358051,0.179855942590146,0.176763018006523,0.85436776822505
"Barnwell County","vap_aian","uss_20_dem_har",0.503184226641949,0.179855942590146,0.145632231774949,0.823236981993477
"Barnwell County","vap_oth_b","uss_20_rep_gra",0.431861614401143,0.170060335925073,0.123611972174482,0.764324374842617
"Barnwell County","vap_oth_b","uss_20_dem_har",0.568138385598857,0.170060335925073,0.235675625157383,0.876388027825518
"Beaufort County","vap_white","pre_16_dem_cli",0.31776214723348,0.0104884929236438,0.297540393197613,0.337965217881075
"Beaufort County","vap_white","pre_16_rep_tru",0.68223785276652,0.0104884929236438,0.662034782118925,0.702459606802387
"Beaufort County","vap_black","pre_16_dem_cli",0.921766946798629,0.0243476887256568,0.866944336965885,0.95972236416293
"Beaufort County","vap_black","pre_16_rep_tru",0.0782330532013713,0.0243476887256568,0.04027763583707,0.133055663034115
"Beaufort County","vap_hisp","pre_16_dem_cli",0.645131471166833,0.07759377775489,0.488744550871361,0.796905512429757
"Beaufort County","vap_hisp","pre_16_rep_tru",0.354868528833167,0.07759377775489,0.203094487570243,0.511255449128639
"Beaufort County","vap_asian","pre_16_dem_cli",0.440631879745073,0.186102161446947,0.0969258631844566,0.78434626389278
"Beaufort County","vap_asian","pre_16_rep_tru",0.559368120254927,0.186102161446947,0.21565373610722,0.903074136815544
"Beaufort County","vap_aian","pre_16_dem_cli",0.502597966977775,0.162698045696554,0.208466605811857,0.831551560478202
"Beaufort County","vap_aian","pre_16_rep_tru",0.497402033022225,0.162698045696554,0.168448439521798,0.791533394188143
"Beaufort County","vap_oth_b","pre_16_dem_cli",0.487442554632256,0.161945708806771,0.191216879011363,0.786735431888135
"Beaufort County","vap_oth_b","pre_16_rep_tru",0.512557445367744,0.161945708806771,0.213264568111865,0.808783120988637
"Beaufort County","vap_white","uss_16_dem_dix",0.222127932435646,0.00961570638664655,0.203972732213402,0.241852323645948
"Beaufort County","vap_white","uss_16_rep_sco",0.777872067564354,0.00961570638664655,0.758147676354052,0.796027267786598
"Beaufort County","vap_black","uss_16_dem_dix",0.904084788898601,0.0276050331365028,0.839979899219428,0.949073689465442
"Beaufort County","vap_black","uss_16_rep_sco",0.095915211101399,0.0276050331365028,0.0509263105345584,0.160020100780572
"Beaufort County","vap_hisp","uss_16_dem_dix",0.67284947334633,0.0705153210792466,0.530545135059764,0.79699520152053
"Beaufort County","vap_hisp","uss_16_rep_sco",0.327150526653669,0.0705153210792466,0.20300479847947,0.469454864940236
"Beaufort County","vap_asian","uss_16_dem_dix",0.478187494923145,0.17230163700871,0.152523886647997,0.808504296613644
"Beaufort County","vap_asian","uss_16_rep_sco",0.521812505076855,0.17230163700871,0.191495703386356,0.847476113352003
"Beaufort County","vap_aian","uss_16_dem_dix",0.525460136887376,0.160592971611004,0.220269410101913,0.829330519578675
"Beaufort County","vap_aian","uss_16_rep_sco",0.474539863112624,0.160592971611004,0.170669480421325,0.779730589898087
"Beaufort County","vap_oth_b","uss_16_dem_dix",0.531922096231067,0.143342170474522,0.255041614890611,0.796277902114148
"Beaufort County","vap_oth_b","uss_16_rep_sco",0.468077903768933,0.143342170474522,0.203722097885852,0.744958385109389
"Beaufort County","vap_white","gov_18_dem_smi",0.350976310945211,0.0103623785803235,0.332185625834143,0.372035526488445
"Beaufort County","vap_white","gov_18_rep_mcm",0.649023689054789,0.0103623785803235,0.627964473511555,0.667814374165857
"Beaufort County","vap_black","gov_18_dem_smi",0.922965146161476,0.0255987635060798,0.867126992279726,0.963716404791658
"Beaufort County","vap_black","gov_18_rep_mcm",0.0770348538385236,0.0255987635060798,0.0362835952083417,0.132873007720274
"Beaufort County","vap_hisp","gov_18_dem_smi",0.700375697705653,0.0726802266961208,0.552568528082426,0.838192453750005
"Beaufort County","vap_hisp","gov_18_rep_mcm",0.299624302294347,0.0726802266961208,0.161807546249995,0.447431471917574
"Beaufort County","vap_asian","gov_18_dem_smi",0.425599271838298,0.172090310742078,0.10824422839046,0.764208875189925
"Beaufort County","vap_asian","gov_18_rep_mcm",0.574400728161702,0.172090310742078,0.235791124810075,0.89175577160954
"Beaufort County","vap_aian","gov_18_dem_smi",0.51104205454579,0.171859807019895,0.190986141421153,0.819451754733855
"Beaufort County","vap_aian","gov_18_rep_mcm",0.48895794545421,0.171859807019895,0.180548245266145,0.809013858578847
"Beaufort County","vap_oth_b","gov_18_dem_smi",0.494770927743971,0.147667174353769,0.214894209179741,0.78191065491426
"Beaufort County","vap_oth_b","gov_18_rep_mcm",0.505229072256029,0.147667174353769,0.21808934508574,0.785105790820258
"Beaufort County","vap_white","atg_18_dem_ana",0.317768231755001,0.0107985823744272,0.297027147011602,0.338406891852664
"Beaufort County","vap_white","atg_18_rep_wil",0.682231768244999,0.0107985823744272,0.661593108147336,0.702972852988398
"Beaufort County","vap_black","atg_18_dem_ana",0.907417630921777,0.0262436918095839,0.850290917877543,0.95143114881667
"Beaufort County","vap_black","atg_18_rep_wil",0.0925823690782226,0.0262436918095839,0.0485688511833301,0.149709082122457
"Beaufort County","vap_hisp","atg_18_dem_ana",0.680734920057743,0.0774778824532566,0.527698035952353,0.832774562816827
"Beaufort County","vap_hisp","atg_18_rep_wil",0.319265079942257,0.0774778824532566,0.167225437183173,0.472301964047648
"Beaufort County","vap_asian","atg_18_dem_ana",0.458830393522269,0.168823580963617,0.162678490117328,0.804851642652291
"Beaufort County","vap_asian","atg_18_rep_wil",0.541169606477731,0.168823580963617,0.195148357347709,0.837321509882672
"Beaufort County","vap_aian","atg_18_dem_ana",0.51746359671528,0.152454202919785,0.231006731904795,0.808996197391299
"Beaufort County","vap_aian","atg_18_rep_wil",0.48253640328472,0.152454202919785,0.191003802608701,0.768993268095205
"Beaufort County","vap_oth_b","atg_18_dem_ana",0.522964236932098,0.162338432091575,0.201448928901366,0.818933421546442
"Beaufort County","vap_oth_b","atg_18_rep_wil",0.477035763067901,0.162338432091575,0.181066578453558,0.798551071098634
"Beaufort County","vap_white","sos_18_dem_whi",0.316038502121221,0.0104953966011843,0.295960027276065,0.336605838936994
"Beaufort County","vap_white","sos_18_rep_ham",0.683961497878779,0.0104953966011843,0.663394161063006,0.704039972723935
"Beaufort County","vap_black","sos_18_dem_whi",0.906445232899145,0.0286496912020937,0.84316456484717,0.953466591361467
"Beaufort County","vap_black","sos_18_rep_ham",0.0935547671008549,0.0286496912020937,0.0465334086385328,0.15683543515283
"Beaufort County","vap_hisp","sos_18_dem_whi",0.67785357362844,0.0783395776333105,0.511006263474213,0.817463474463174
"Beaufort County","vap_hisp","sos_18_rep_ham",0.32214642637156,0.0783395776333105,0.182536525536825,0.488993736525787
"Beaufort County","vap_asian","sos_18_dem_whi",0.468714405235681,0.153338281999214,0.190274038966173,0.767983672902378
"Beaufort County","vap_asian","sos_18_rep_ham",0.531285594764319,0.153338281999214,0.232016327097622,0.809725961033827
"Beaufort County","vap_aian","sos_18_dem_whi",0.537712051388813,0.184881170401715,0.179283373730282,0.874123397664612
"Beaufort County","vap_aian","sos_18_rep_ham",0.462287948611187,0.184881170401715,0.125876602335387,0.820716626269718
"Beaufort County","vap_oth_b","sos_18_dem_whi",0.535241536729492,0.16872163786653,0.19467607389833,0.819864067260977
"Beaufort County","vap_oth_b","sos_18_rep_ham",0.464758463270508,0.16872163786653,0.180135932739023,0.80532392610167
"Beaufort County","vap_white","pre_20_rep_tru",0.638926183284462,0.0101174151081197,0.619050712936168,0.65815687167824
"Beaufort County","vap_white","pre_20_dem_bid",0.361073816715538,0.0101174151081197,0.34184312832176,0.380949287063833
"Beaufort County","vap_black","pre_20_rep_tru",0.0993191577431884,0.0301089638421622,0.049035752500441,0.163927278604163
"Beaufort County","vap_black","pre_20_dem_bid",0.900680842256811,0.0301089638421622,0.836072721395836,0.950964247499559
"Beaufort County","vap_hisp","pre_20_rep_tru",0.377510710520901,0.0806043355575552,0.224094068195846,0.534493232673981
"Beaufort County","vap_hisp","pre_20_dem_bid",0.622489289479099,0.0806043355575552,0.465506767326019,0.775905931804153
"Beaufort County","vap_asian","pre_20_rep_tru",0.525261515189894,0.155647973815965,0.207456255484114,0.806207194425799
"Beaufort County","vap_asian","pre_20_dem_bid",0.474738484810106,0.155647973815965,0.193792805574201,0.792543744515886
"Beaufort County","vap_aian","pre_20_rep_tru",0.519749079144573,0.165629225912015,0.209007941723131,0.834941505196599
"Beaufort County","vap_aian","pre_20_dem_bid",0.480250920855427,0.165629225912015,0.165058494803401,0.790992058276869
"Beaufort County","vap_oth_b","pre_20_rep_tru",0.534530392847656,0.154870143576062,0.233253697124,0.81784427018641
"Beaufort County","vap_oth_b","pre_20_dem_bid",0.465469607152344,0.154870143576062,0.18215572981359,0.766746302876
"Beaufort County","vap_white","uss_20_rep_gra",0.652267125716865,0.00997011003044896,0.633630215092047,0.673378277123649
"Beaufort County","vap_white","uss_20_dem_har",0.347732874283135,0.00997011003044896,0.326621722876351,0.366369784907953
"Beaufort County","vap_black","uss_20_rep_gra",0.0847145514233502,0.0251624383115728,0.0444053903156397,0.141860545036578
"Beaufort County","vap_black","uss_20_dem_har",0.91528544857665,0.0251624383115728,0.858139454963422,0.95559460968436
"Beaufort County","vap_hisp","uss_20_rep_gra",0.304594840878188,0.0777590974870638,0.149172583240995,0.453293688411393
"Beaufort County","vap_hisp","uss_20_dem_har",0.695405159121812,0.0777590974870638,0.546706311588607,0.850827416759005
"Beaufort County","vap_asian","uss_20_rep_gra",0.500276460924521,0.155941273748512,0.187713900628016,0.79043430879895
"Beaufort County","vap_asian","uss_20_dem_har",0.499723539075479,0.155941273748512,0.20956569120105,0.812286099371984
"Beaufort County","vap_aian","uss_20_rep_gra",0.51266801716041,0.162904798226573,0.193541147392029,0.811542062668398
"Beaufort County","vap_aian","uss_20_dem_har",0.48733198283959,0.162904798226573,0.188457937331602,0.806458852607971
"Beaufort County","vap_oth_b","uss_20_rep_gra",0.496638421358117,0.151170316384312,0.228158900836829,0.779462689139996
"Beaufort County","vap_oth_b","uss_20_dem_har",0.503361578641883,0.151170316384312,0.220537310860004,0.771841099163171
"Berkeley County","vap_white","pre_16_dem_cli",0.181490616716576,0.0155354930989577,0.15129150414679,0.214476562076718
"Berkeley County","vap_white","pre_16_rep_tru",0.818509383283424,0.0155354930989577,0.785523437923282,0.84870849585321
"Berkeley County","vap_black","pre_16_dem_cli",0.929197607258281,0.0201793049700138,0.884810156331649,0.963328727766556
"Berkeley County","vap_black","pre_16_rep_tru",0.070802392741719,0.0201793049700138,0.036671272233444,0.115189843668351
"Berkeley County","vap_hisp","pre_16_dem_cli",0.698684815493832,0.0998513313528635,0.49426140148076,0.876520750000007
"Berkeley County","vap_hisp","pre_16_rep_tru",0.301315184506168,0.0998513313528635,0.123479249999993,0.50573859851924
"Berkeley County","vap_asian","pre_16_dem_cli",0.585037361129693,0.147859529288885,0.27219810846603,0.825876008392871
"Berkeley County","vap_asian","pre_16_rep_tru",0.414962638870307,0.147859529288885,0.17412399160713,0.72780189153397
"Berkeley County","vap_aian","pre_16_dem_cli",0.531483748167285,0.1884645333224,0.189222936511387,0.868273059756004
"Berkeley County","vap_aian","pre_16_rep_tru",0.468516251832715,0.1884645333224,0.131726940243996,0.810777063488613
"Berkeley County","vap_oth_b","pre_16_dem_cli",0.53641330972713,0.146015344140062,0.244082473469278,0.78127059170219
"Berkeley County","vap_oth_b","pre_16_rep_tru",0.46358669027287,0.146015344140062,0.21872940829781,0.755917526530723
"Berkeley County","vap_white","uss_16_dem_dix",0.116503837497706,0.0133329547555819,0.0914099866947389,0.144074107942895
"Berkeley County","vap_white","uss_16_rep_sco",0.883496162502294,0.0133329547555819,0.855925892057105,0.908590013305261
"Berkeley County","vap_black","uss_16_dem_dix",0.883923388325123,0.0230426817645916,0.836522357328274,0.925077295682263
"Berkeley County","vap_black","uss_16_rep_sco",0.116076611674877,0.0230426817645916,0.0749227043177368,0.163477642671726
"Berkeley County","vap_hisp","uss_16_dem_dix",0.52620709879685,0.101090029509117,0.326490580389843,0.712818937907006
"Berkeley County","vap_hisp","uss_16_rep_sco",0.47379290120315,0.101090029509117,0.287181062092994,0.673509419610157
"Berkeley County","vap_asian","uss_16_dem_dix",0.514523772811022,0.146648076708436,0.182119223099562,0.78022877399119
"Berkeley County","vap_asian","uss_16_rep_sco",0.485476227188978,0.146648076708436,0.21977122600881,0.817880776900438
"Berkeley County","vap_aian","uss_16_dem_dix",0.487499910641032,0.160134943204712,0.193301724506174,0.797160862867974
"Berkeley County","vap_aian","uss_16_rep_sco",0.512500089358968,0.160134943204712,0.202839137132026,0.806698275493826
"Berkeley County","vap_oth_b","uss_16_dem_dix",0.490542282082633,0.156598940923413,0.182629806277729,0.786826297455258
"Berkeley County","vap_oth_b","uss_16_rep_sco",0.509457717917367,0.156598940923413,0.213173702544742,0.817370193722271
"Berkeley County","vap_white","gov_18_dem_smi",0.24815574538278,0.015923539742271,0.219633735135795,0.281536584418416
"Berkeley County","vap_white","gov_18_rep_mcm",0.75184425461722,0.015923539742271,0.718463415581583,0.780366264864205
"Berkeley County","vap_black","gov_18_dem_smi",0.930587591394475,0.0207295813108305,0.88326663600911,0.963554484743513
"Berkeley County","vap_black","gov_18_rep_mcm",0.0694124086055255,0.0207295813108305,0.0364455152564872,0.11673336399089
"Berkeley County","vap_hisp","gov_18_dem_smi",0.739482217907599,0.097164801228279,0.538232529881368,0.906227867039335
"Berkeley County","vap_hisp","gov_18_rep_mcm",0.260517782092401,0.097164801228279,0.0937721329606646,0.461767470118632
"Berkeley County","vap_asian","gov_18_dem_smi",0.612553600402952,0.146318365340765,0.291433179637047,0.852341897487606
"Berkeley County","vap_asian","gov_18_rep_mcm",0.387446399597048,0.146318365340765,0.147658102512394,0.708566820362953
"Berkeley County","vap_aian","gov_18_dem_smi",0.469420594052017,0.157478634956157,0.186716085838716,0.779661327267966
"Berkeley County","vap_aian","gov_18_rep_mcm",0.530579405947983,0.157478634956157,0.220338672732034,0.813283914161284
"Berkeley County","vap_oth_b","gov_18_dem_smi",0.649944927767657,0.13597835392739,0.340850185840228,0.86186893000443
"Berkeley County","vap_oth_b","gov_18_rep_mcm",0.350055072232343,0.13597835392739,0.138131069995571,0.659149814159772
"Berkeley County","vap_white","atg_18_dem_ana",0.217912640924744,0.0167995510524908,0.18875641843136,0.250897247209453
"Berkeley County","vap_white","atg_18_rep_wil",0.782087359075256,0.0167995510524908,0.749102752790547,0.81124358156864
"Berkeley County","vap_black","atg_18_dem_ana",0.932347304520836,0.02153106838525,0.883270879081732,0.96541491669269
"Berkeley County","vap_black","atg_18_rep_wil",0.067652695479164,0.02153106838525,0.0345850833073101,0.116729120918269
"Berkeley County","vap_hisp","atg_18_dem_ana",0.741974796005797,0.0911538581459117,0.531630717508021,0.892506779224287
"Berkeley County","vap_hisp","atg_18_rep_wil",0.258025203994203,0.0911538581459117,0.107493220775713,0.468369282491979
"Berkeley County","vap_asian","atg_18_dem_ana",0.652710685319427,0.135563298941197,0.34020197905147,0.855521623011262
"Berkeley County","vap_asian","atg_18_rep_wil",0.347289314680573,0.135563298941197,0.144478376988738,0.65979802094853
"Berkeley County","vap_aian","atg_18_dem_ana",0.506211464584322,0.164382222610239,0.165653942262213,0.805507044588132
"Berkeley County","vap_aian","atg_18_rep_wil",0.493788535415678,0.164382222610239,0.194492955411868,0.834346057737787
"Berkeley County","vap_oth_b","atg_18_dem_ana",0.6410002559031,0.131688490748472,0.345002660139228,0.856415979197937
"Berkeley County","vap_oth_b","atg_18_rep_wil",0.3589997440969,0.131688490748472,0.143584020802063,0.654997339860772
"Berkeley County","vap_white","sos_18_dem_whi",0.207767495787992,0.016381262112807,0.179502775532386,0.242764701880137
"Berkeley County","vap_white","sos_18_rep_ham",0.792232504212009,0.016381262112807,0.757235298119863,0.820497224467614
"Berkeley County","vap_black","sos_18_dem_whi",0.927718612437174,0.0228223172207353,0.875662844433452,0.963154170726101
"Berkeley County","vap_black","sos_18_rep_ham",0.0722813875628262,0.0228223172207353,0.0368458292738986,0.124337155566548
"Berkeley County","vap_hisp","sos_18_dem_whi",0.723112575797151,0.0940005843993492,0.525961647004407,0.872334087379765
"Berkeley County","vap_hisp","sos_18_rep_ham",0.276887424202849,0.0940005843993492,0.127665912620235,0.474038352995592
"Berkeley County","vap_asian","sos_18_dem_whi",0.681143971139809,0.126712221117339,0.396604257558541,0.880824782580753
"Berkeley County","vap_asian","sos_18_rep_ham",0.318856028860191,0.126712221117339,0.119175217419247,0.603395742441459
"Berkeley County","vap_aian","sos_18_dem_whi",0.505424552702909,0.155323249249968,0.205153472501421,0.808611493066237
"Berkeley County","vap_aian","sos_18_rep_ham",0.494575447297091,0.155323249249968,0.191388506933763,0.794846527498579
"Berkeley County","vap_oth_b","sos_18_dem_whi",0.611745778277633,0.135484702898185,0.302879130534524,0.839528270264324
"Berkeley County","vap_oth_b","sos_18_rep_ham",0.388254221722367,0.135484702898185,0.160471729735676,0.697120869465476
"Berkeley County","vap_white","pre_20_rep_tru",0.800427326279908,0.0151732937584298,0.770154708767998,0.82924298720883
"Berkeley County","vap_white","pre_20_dem_bid",0.199572673720092,0.0151732937584298,0.17075701279117,0.229845291232002
"Berkeley County","vap_black","pre_20_rep_tru",0.0730504067715795,0.0186064802867884,0.043960561223304,0.115146825447062
"Berkeley County","vap_black","pre_20_dem_bid",0.92694959322842,0.0186064802867884,0.884853174552938,0.956039438776696
"Berkeley County","vap_hisp","pre_20_rep_tru",0.243690866920651,0.0759199888116296,0.107516758244834,0.407071789194117
"Berkeley County","vap_hisp","pre_20_dem_bid",0.756309133079349,0.0759199888116296,0.592928210805883,0.892483241755166
"Berkeley County","vap_asian","pre_20_rep_tru",0.318478888892698,0.133360021476736,0.104995436511995,0.61057154555823
"Berkeley County","vap_asian","pre_20_dem_bid",0.681521111107302,0.133360021476736,0.38942845444177,0.895004563488005
"Berkeley County","vap_aian","pre_20_rep_tru",0.575388471777864,0.229689480368573,0.162305698690759,0.926033507192003
"Berkeley County","vap_aian","pre_20_dem_bid",0.424611528222135,0.229689480368573,0.0739664928079967,0.837694301309241
"Berkeley County","vap_oth_b","pre_20_rep_tru",0.363087782637783,0.147930211080244,0.139516593383328,0.69415801931465
"Berkeley County","vap_oth_b","pre_20_dem_bid",0.636912217362217,0.147930211080244,0.30584198068535,0.860483406616672
"Berkeley County","vap_white","uss_20_rep_gra",0.788467548279746,0.0154451682238889,0.756088413990835,0.815558965369395
"Berkeley County","vap_white","uss_20_dem_har",0.211532451720254,0.0154451682238889,0.184441034630605,0.243911586009165
"Berkeley County","vap_black","uss_20_rep_gra",0.0640868118785335,0.0155532716525587,0.037893784153974,0.0980271929428046
"Berkeley County","vap_black","uss_20_dem_har",0.935913188121466,0.0155532716525587,0.901972807057195,0.962106215846026
"Berkeley County","vap_hisp","uss_20_rep_gra",0.214043156856402,0.0896273908725639,0.0792738656680391,0.438115603094629
"Berkeley County","vap_hisp","uss_20_dem_har",0.785956843143598,0.0896273908725639,0.561884396905371,0.920726134331961
"Berkeley County","vap_asian","uss_20_rep_gra",0.3459911664606,0.138454234962607,0.116607745616446,0.651555951396312
"Berkeley County","vap_asian","uss_20_dem_har",0.6540088335394,0.138454234962607,0.348444048603688,0.883392254383554
"Berkeley County","vap_aian","uss_20_rep_gra",0.469772245123035,0.188989192679872,0.0821922680121135,0.803370029572754
"Berkeley County","vap_aian","uss_20_dem_har",0.530227754876965,0.188989192679872,0.196629970427246,0.917807731987886
"Berkeley County","vap_oth_b","uss_20_rep_gra",0.364320919640841,0.129294979186443,0.161265408569933,0.636211806143846
"Berkeley County","vap_oth_b","uss_20_dem_har",0.635679080359159,0.129294979186443,0.363788193856154,0.838734591430067
"Calhoun County","vap_white","pre_16_dem_cli",0.236108418001653,0.0545906322215007,0.152637790022556,0.36584061206516
"Calhoun County","vap_white","pre_16_rep_tru",0.763891581998347,0.0545906322215007,0.63415938793484,0.847362209977443
"Calhoun County","vap_black","pre_16_dem_cli",0.848573828521178,0.0817901328807163,0.650850650036517,0.966049839833508
"Calhoun County","vap_black","pre_16_rep_tru",0.151426171478822,0.0817901328807163,0.0339501601664919,0.349149349963483
"Calhoun County","vap_hisp","pre_16_dem_cli",0.51580292215458,0.186578182954477,0.155448156805678,0.856628087564759
"Calhoun County","vap_hisp","pre_16_rep_tru",0.48419707784542,0.186578182954477,0.14337191243524,0.844551843194322
"Calhoun County","vap_asian","pre_16_dem_cli",0.50574728308895,0.185646403509351,0.155501425008743,0.855310490296388
"Calhoun County","vap_asian","pre_16_rep_tru",0.49425271691105,0.185646403509351,0.144689509703612,0.844498574991257
"Calhoun County","vap_aian","pre_16_dem_cli",0.500402613841233,0.188306154669288,0.151695283525674,0.854911699617674
"Calhoun County","vap_aian","pre_16_rep_tru",0.499597386158767,0.188306154669288,0.145088300382326,0.848304716474326
"Calhoun County","vap_oth_b","pre_16_dem_cli",0.489442221316688,0.183829405092208,0.12817172505605,0.83698609140468
"Calhoun County","vap_oth_b","pre_16_rep_tru",0.510557778683313,0.183829405092208,0.163013908595319,0.87182827494395
"Calhoun County","vap_white","uss_16_dem_dix",0.212438103109994,0.0640780344282999,0.123145062853689,0.363998433484698
"Calhoun County","vap_white","uss_16_rep_sco",0.787561896890006,0.0640780344282999,0.636001566515302,0.876854937146311
"Calhoun County","vap_black","uss_16_dem_dix",0.833648917289785,0.0964928118416672,0.600210081743111,0.962054982362331
"Calhoun County","vap_black","uss_16_rep_sco",0.166351082710215,0.0964928118416672,0.0379450176376691,0.399789918256889
"Calhoun County","vap_hisp","uss_16_dem_dix",0.508895326957634,0.178206082043647,0.170875742659715,0.845682901508346
"Calhoun County","vap_hisp","uss_16_rep_sco",0.491104673042366,0.178206082043647,0.154317098491654,0.829124257340285
"Calhoun County","vap_asian","uss_16_dem_dix",0.502955108505304,0.193741141842329,0.135370929832022,0.85732696503634
"Calhoun County","vap_asian","uss_16_rep_sco",0.497044891494696,0.193741141842329,0.14267303496366,0.864629070167978
"Calhoun County","vap_aian","uss_16_dem_dix",0.493730204942574,0.18601339175622,0.150804055006327,0.854700693323612
"Calhoun County","vap_aian","uss_16_rep_sco",0.506269795057426,0.18601339175622,0.145299306676388,0.849195944993673
"Calhoun County","vap_oth_b","uss_16_dem_dix",0.504581966548006,0.187745993718424,0.13295450563898,0.850271855265778
"Calhoun County","vap_oth_b","uss_16_rep_sco",0.495418033451993,0.187745993718424,0.149728144734222,0.86704549436102
"Calhoun County","vap_white","gov_18_dem_smi",0.266498238220339,0.0687532113896895,0.168382947847076,0.43453166535439
"Calhoun County","vap_white","gov_18_rep_mcm",0.733501761779661,0.0687532113896895,0.56546833464561,0.831617052152924
"Calhoun County","vap_black","gov_18_dem_smi",0.833434202461865,0.103316633289377,0.577340643454733,0.971704584323556
"Calhoun County","vap_black","gov_18_rep_mcm",0.166565797538135,0.103316633289377,0.028295415676444,0.422659356545267
"Calhoun County","vap_hisp","gov_18_dem_smi",0.510306336311537,0.184679136312019,0.149170001491216,0.842192219410898
"Calhoun County","vap_hisp","gov_18_rep_mcm",0.489693663688463,0.184679136312019,0.157807780589102,0.850829998508784
"Calhoun County","vap_asian","gov_18_dem_smi",0.488127524904904,0.188234636524352,0.139265741532575,0.852762846599919
"Calhoun County","vap_asian","gov_18_rep_mcm",0.511872475095096,0.188234636524352,0.147237153400081,0.860734258467425
"Calhoun County","vap_aian","gov_18_dem_smi",0.477556985793779,0.19577098167958,0.0966201349566756,0.830344668415749
"Calhoun County","vap_aian","gov_18_rep_mcm",0.522443014206221,0.19577098167958,0.169655331584251,0.903379865043324
"Calhoun County","vap_oth_b","gov_18_dem_smi",0.501368959798607,0.17521711284663,0.16779206804309,0.824573133700563
"Calhoun County","vap_oth_b","gov_18_rep_mcm",0.498631040201393,0.17521711284663,0.175426866299437,0.83220793195691
"Calhoun County","vap_white","atg_18_dem_ana",0.257011380480663,0.0732949161272819,0.151485972794067,0.434322651490784
"Calhoun County","vap_white","atg_18_rep_wil",0.742988619519337,0.0732949161272819,0.565677348509216,0.848514027205933
"Calhoun County","vap_black","atg_18_dem_ana",0.824232620437039,0.109606736085503,0.550613079071384,0.972785882745628
"Calhoun County","vap_black","atg_18_rep_wil",0.175767379562961,0.109606736085503,0.0272141172543724,0.449386920928615
"Calhoun County","vap_hisp","atg_18_dem_ana",0.497815043938848,0.190262367310105,0.124645767710192,0.849677389006785
"Calhoun County","vap_hisp","atg_18_rep_wil",0.502184956061152,0.190262367310105,0.150322610993215,0.875354232289808
"Calhoun County","vap_asian","atg_18_dem_ana",0.497043923360908,0.190400837849393,0.149246293470035,0.861141021315679
"Calhoun County","vap_asian","atg_18_rep_wil",0.502956076639092,0.190400837849393,0.138858978684321,0.850753706529965
"Calhoun County","vap_aian","atg_18_dem_ana",0.496742470236178,0.183679437438395,0.152061251796394,0.84178481042402
"Calhoun County","vap_aian","atg_18_rep_wil",0.503257529763822,0.183679437438395,0.15821518957598,0.847938748203606
"Calhoun County","vap_oth_b","atg_18_dem_ana",0.507860560157028,0.173942876529082,0.182369980869369,0.826087833567155
"Calhoun County","vap_oth_b","atg_18_rep_wil",0.492139439842972,0.173942876529082,0.173912166432845,0.817630019130631
"Calhoun County","vap_white","sos_18_dem_whi",0.232948506441766,0.0733653939552674,0.12847208055225,0.39979581926847
"Calhoun County","vap_white","sos_18_rep_ham",0.767051493558234,0.0733653939552674,0.60020418073153,0.87152791944775
"Calhoun County","vap_black","sos_18_dem_whi",0.80633282148358,0.111469277915205,0.54967796841723,0.957590977057645
"Calhoun County","vap_black","sos_18_rep_ham",0.19366717851642,0.111469277915205,0.0424090229423547,0.45032203158277
"Calhoun County","vap_hisp","sos_18_dem_whi",0.50967788472589,0.176366426895377,0.176726272889982,0.842608318193127
"Calhoun County","vap_hisp","sos_18_rep_ham",0.49032211527411,0.176366426895377,0.157391681806872,0.823273727110018
"Calhoun County","vap_asian","sos_18_dem_whi",0.495679316876744,0.192793386651222,0.13158002012149,0.871770272439636
"Calhoun County","vap_asian","sos_18_rep_ham",0.504320683123256,0.192793386651222,0.128229727560364,0.86841997987851
"Calhoun County","vap_aian","sos_18_dem_whi",0.504139523150949,0.180617661198259,0.166311942451307,0.844292221502192
"Calhoun County","vap_aian","sos_18_rep_ham",0.495860476849051,0.180617661198259,0.155707778497808,0.833688057548693
"Calhoun County","vap_oth_b","sos_18_dem_whi",0.516992128536124,0.186991140530975,0.16427667269934,0.871997519273591
"Calhoun County","vap_oth_b","sos_18_rep_ham",0.483007871463876,0.186991140530975,0.128002480726409,0.83572332730066
"Calhoun County","vap_white","pre_20_rep_tru",0.818752292660736,0.0581851859909922,0.676678971114149,0.898570659984646
"Calhoun County","vap_white","pre_20_dem_bid",0.181247707339264,0.0581851859909922,0.101429340015354,0.323321028885851
"Calhoun County","vap_black","pre_20_rep_tru",0.134032421602614,0.0863614550343575,0.0294673371386933,0.360471833319819
"Calhoun County","vap_black","pre_20_dem_bid",0.865967578397386,0.0863614550343575,0.63952816668018,0.970532662861307
"Calhoun County","vap_hisp","pre_20_rep_tru",0.458405683496868,0.188953956143487,0.120701263368186,0.832936826739843
"Calhoun County","vap_hisp","pre_20_dem_bid",0.541594316503132,0.188953956143487,0.167063173260157,0.879298736631814
"Calhoun County","vap_asian","pre_20_rep_tru",0.492401457497,0.184782598743651,0.140097994511933,0.837096328842093
"Calhoun County","vap_asian","pre_20_dem_bid",0.507598542503,0.184782598743651,0.162903671157907,0.859902005488067
"Calhoun County","vap_aian","pre_20_rep_tru",0.495312074038069,0.180963469647043,0.160108478294428,0.843208131301582
"Calhoun County","vap_aian","pre_20_dem_bid",0.504687925961931,0.180963469647043,0.156791868698418,0.839891521705572
"Calhoun County","vap_oth_b","pre_20_rep_tru",0.474356179041272,0.179284215060945,0.150627865629719,0.829822546497552
"Calhoun County","vap_oth_b","pre_20_dem_bid",0.525643820958728,0.179284215060945,0.170177453502447,0.84937213437028
"Calhoun County","vap_white","uss_20_rep_gra",0.78605595511883,0.0705008206878117,0.591962730763556,0.875447359736473
"Calhoun County","vap_white","uss_20_dem_har",0.21394404488117,0.0705008206878117,0.124552640263527,0.408037269236444
"Calhoun County","vap_black","uss_20_rep_gra",0.157386463503116,0.10542097178314,0.032151866584659,0.454908699173272
"Calhoun County","vap_black","uss_20_dem_har",0.842613536496884,0.10542097178314,0.545091300826728,0.967848133415341
"Calhoun County","vap_hisp","uss_20_rep_gra",0.468116807257806,0.176790961101524,0.145012861724355,0.811832440744155
"Calhoun County","vap_hisp","uss_20_dem_har",0.531883192742194,0.176790961101524,0.188167559255845,0.854987138275645
"Calhoun County","vap_asian","uss_20_rep_gra",0.493005827740009,0.18998656416535,0.137109972760097,0.850855054143053
"Calhoun County","vap_asian","uss_20_dem_har",0.506994172259991,0.18998656416535,0.149144945856946,0.862890027239903
"Calhoun County","vap_aian","uss_20_rep_gra",0.507442827741092,0.184749524385985,0.155332667881533,0.847716346743427
"Calhoun County","vap_aian","uss_20_dem_har",0.492557172258908,0.184749524385985,0.152283653256573,0.844667332118467
"Calhoun County","vap_oth_b","uss_20_rep_gra",0.499317815544353,0.173799539488825,0.170910383541671,0.827403591274087
"Calhoun County","vap_oth_b","uss_20_dem_har",0.500682184455647,0.173799539488825,0.172596408725913,0.829089616458328
"Charleston County","vap_white","pre_16_dem_cli",0.41655552056367,0.00808684602320519,0.402000748241867,0.43303936228756
"Charleston County","vap_white","pre_16_rep_tru",0.58344447943633,0.00808684602320519,0.56696063771244,0.597999251758133
"Charleston County","vap_black","pre_16_dem_cli",0.956704656903983,0.0114636914600113,0.930649607208093,0.975991767434312
"Charleston County","vap_black","pre_16_rep_tru",0.0432953430960172,0.0114636914600113,0.0240082325656883,0.069350392791907
"Charleston County","vap_hisp","pre_16_dem_cli",0.79932578100561,0.0517955454380428,0.697475062987861,0.895059677837133
"Charleston County","vap_hisp","pre_16_rep_tru",0.20067421899439,0.0517955454380428,0.104940322162867,0.302524937012139
"Charleston County","vap_asian","pre_16_dem_cli",0.529157935121584,0.183756900770238,0.21333822081102,0.850679924542353
"Charleston County","vap_asian","pre_16_rep_tru",0.470842064878416,0.183756900770238,0.149320075457647,0.78666177918898
"Charleston County","vap_aian","pre_16_dem_cli",0.503536132179912,0.151171362762739,0.207593765100257,0.780637602261163
"Charleston County","vap_aian","pre_16_rep_tru",0.496463867820088,0.151171362762739,0.219362397738837,0.792406234899743
"Charleston County","vap_oth_b","pre_16_dem_cli",0.709259485669671,0.11110135276994,0.477607257425309,0.887575700545239
"Charleston County","vap_oth_b","pre_16_rep_tru",0.290740514330329,0.11110135276994,0.112424299454761,0.52239274257469
"Charleston County","vap_white","uss_16_dem_dix",0.261624639817971,0.00752535908882458,0.24758806369078,0.276232759312741
"Charleston County","vap_white","uss_16_rep_sco",0.738375360182029,0.00752535908882458,0.723767240687259,0.75241193630922
"Charleston County","vap_black","uss_16_dem_dix",0.95009240655664,0.0107154861001582,0.927083474166869,0.968360631929734
"Charleston County","vap_black","uss_16_rep_sco",0.0499075934433604,0.0107154861001582,0.0316393680702655,0.0729165258331312
"Charleston County","vap_hisp","uss_16_dem_dix",0.724307715170784,0.0658923866970073,0.595374388617125,0.853146009208639
"Charleston County","vap_hisp","uss_16_rep_sco",0.275692284829216,0.0658923866970073,0.146853990791361,0.404625611382875
"Charleston County","vap_asian","uss_16_dem_dix",0.464327183772806,0.149893022423024,0.180851082380075,0.745696556797283
"Charleston County","vap_asian","uss_16_rep_sco",0.535672816227194,0.149893022423024,0.254303443202716,0.819148917619925
"Charleston County","vap_aian","uss_16_dem_dix",0.498138240271818,0.148867882055805,0.209732406533367,0.801416351465414
"Charleston County","vap_aian","uss_16_rep_sco",0.501861759728182,0.148867882055805,0.198583648534585,0.790267593466633
"Charleston County","vap_oth_b","uss_16_dem_dix",0.539289307624232,0.158525304530805,0.180040137595357,0.815527679083086
"Charleston County","vap_oth_b","uss_16_rep_sco",0.460710692375768,0.158525304530805,0.184472320916914,0.819959862404642
"Charleston County","vap_white","gov_18_dem_smi",0.475261067844698,0.0085532551611259,0.460119546581764,0.495182373121657
"Charleston County","vap_white","gov_18_rep_mcm",0.524738932155302,0.0085532551611259,0.504817626878343,0.539880453418236
"Charleston County","vap_black","gov_18_dem_smi",0.954557973617956,0.0114167420316529,0.926135056393568,0.972728668449814
"Charleston County","vap_black","gov_18_rep_mcm",0.0454420263820446,0.0114167420316529,0.0272713315501863,0.0738649436064316
"Charleston County","vap_hisp","gov_18_dem_smi",0.805963543533501,0.0548090953536748,0.685183044467691,0.895999905410532
"Charleston County","vap_hisp","gov_18_rep_mcm",0.194036456466499,0.0548090953536748,0.104000094589468,0.314816955532309
"Charleston County","vap_asian","gov_18_dem_smi",0.607530000131164,0.127289728685426,0.338931323999177,0.825510908495818
"Charleston County","vap_asian","gov_18_rep_mcm",0.392469999868836,0.127289728685426,0.174489091504181,0.661068676000823
"Charleston County","vap_aian","gov_18_dem_smi",0.546432199273715,0.155722687033994,0.236499516473667,0.814340800951292
"Charleston County","vap_aian","gov_18_rep_mcm",0.453567800726285,0.155722687033994,0.185659199048707,0.763500483526333
"Charleston County","vap_oth_b","gov_18_dem_smi",0.66366249360536,0.132577746099622,0.361651445381108,0.852511258088506
"Charleston County","vap_oth_b","gov_18_rep_mcm",0.33633750639464,0.132577746099622,0.147488741911494,0.638348554618892
"Charleston County","vap_white","atg_18_dem_ana",0.449674189082183,0.00714350427440025,0.437031519903814,0.464292219852184
"Charleston County","vap_white","atg_18_rep_wil",0.550325810917817,0.00714350427440025,0.535707780147816,0.562968480096186
"Charleston County","vap_black","atg_18_dem_ana",0.958108785975545,0.0107697861295017,0.9340824863692,0.975531946223084
"Charleston County","vap_black","atg_18_rep_wil",0.0418912140244554,0.0107697861295017,0.0244680537769162,0.0659175136307995
"Charleston County","vap_hisp","atg_18_dem_ana",0.845957762061619,0.0484651621524768,0.735653015779013,0.923975750974841
"Charleston County","vap_hisp","atg_18_rep_wil",0.154042237938381,0.0484651621524768,0.076024249025159,0.264346984220987
"Charleston County","vap_asian","atg_18_dem_ana",0.631956069117036,0.172560387126653,0.317524118370226,0.90082455192449
"Charleston County","vap_asian","atg_18_rep_wil",0.368043930882964,0.172560387126653,0.0991754480755096,0.682475881629774
"Charleston County","vap_aian","atg_18_dem_ana",0.527050188095152,0.172436899208811,0.193967084802302,0.829033906821105
"Charleston County","vap_aian","atg_18_rep_wil",0.472949811904847,0.172436899208811,0.170966093178895,0.806032915197698
"Charleston County","vap_oth_b","atg_18_dem_ana",0.705196695169773,0.101923163147428,0.499389250648959,0.876272554993649
"Charleston County","vap_oth_b","atg_18_rep_wil",0.294803304830227,0.101923163147428,0.123727445006351,0.500610749351041
"Charleston County","vap_white","sos_18_dem_whi",0.412019806308835,0.00754220459667757,0.398365350434148,0.427516145121881
"Charleston County","vap_white","sos_18_rep_ham",0.587980193691165,0.00754220459667757,0.572483854878119,0.601634649565852
"Charleston County","vap_black","sos_18_dem_whi",0.95687015852945,0.0105664559546509,0.933596759057141,0.975714846468546
"Charleston County","vap_black","sos_18_rep_ham",0.0431298414705495,0.0105664559546509,0.0242851535314536,0.0664032409428593
"Charleston County","vap_hisp","sos_18_dem_whi",0.824557030078245,0.0503056562714685,0.711755878332335,0.910558526787378
"Charleston County","vap_hisp","sos_18_rep_ham",0.175442969921755,0.0503056562714685,0.0894414732126221,0.288244121667665
"Charleston County","vap_asian","sos_18_dem_whi",0.569039405997786,0.181097175232354,0.169937813814246,0.869883362728663
"Charleston County","vap_asian","sos_18_rep_ham",0.430960594002214,0.181097175232354,0.130116637271337,0.830062186185754
"Charleston County","vap_aian","sos_18_dem_whi",0.505829333055521,0.157214432934007,0.215866845851253,0.797934669904349
"Charleston County","vap_aian","sos_18_rep_ham",0.494170666944479,0.157214432934007,0.202065330095651,0.784133154148747
"Charleston County","vap_oth_b","sos_18_dem_whi",0.78367222573277,0.103199591503613,0.535816464057804,0.913290882641554
"Charleston County","vap_oth_b","sos_18_rep_ham",0.216327774267229,0.103199591503613,0.0867091173584464,0.464183535942196
"Charleston County","vap_white","pre_20_rep_tru",0.532522442831515,0.0078428639467291,0.51742901273557,0.547187524708487
"Charleston County","vap_white","pre_20_dem_bid",0.467477557168485,0.0078428639467291,0.452812475291513,0.48257098726443
"Charleston County","vap_black","pre_20_rep_tru",0.0446191238479852,0.0110157688212667,0.0254101791537183,0.0678195538673777
"Charleston County","vap_black","pre_20_dem_bid",0.955380876152015,0.0110157688212667,0.932180446132622,0.974589820846282
"Charleston County","vap_hisp","pre_20_rep_tru",0.202959191689495,0.0536898357781643,0.109511956767815,0.316419359573496
"Charleston County","vap_hisp","pre_20_dem_bid",0.797040808310505,0.0536898357781643,0.683580640426504,0.890488043232184
"Charleston County","vap_asian","pre_20_rep_tru",0.429876266834286,0.155063216106395,0.159645066871651,0.725413155529369
"Charleston County","vap_asian","pre_20_dem_bid",0.570123733165714,0.155063216106395,0.274586844470631,0.840354933128349
"Charleston County","vap_aian","pre_20_rep_tru",0.493148802709584,0.154536570157357,0.189210678894652,0.792019926397533
"Charleston County","vap_aian","pre_20_dem_bid",0.506851197290416,0.154536570157357,0.207980073602467,0.810789321105348
"Charleston County","vap_oth_b","pre_20_rep_tru",0.361412168879634,0.132360062040315,0.154646706931769,0.643362281125702
"Charleston County","vap_oth_b","pre_20_dem_bid",0.638587831120366,0.132360062040315,0.356637718874298,0.845353293068231
"Charleston County","vap_white","uss_20_rep_gra",0.549504249955781,0.00774889783739775,0.53354555520865,0.563092608316818
"Charleston County","vap_white","uss_20_dem_har",0.450495750044218,0.00774889783739775,0.436907391683181,0.46645444479135
"Charleston County","vap_black","uss_20_rep_gra",0.0415341483006038,0.0100941734919046,0.0237203826601723,0.0635661973216508
"Charleston County","vap_black","uss_20_dem_har",0.958465851699396,0.0100941734919046,0.936433802678349,0.976279617339828
"Charleston County","vap_hisp","uss_20_rep_gra",0.151835325572315,0.048948841456318,0.0701673151810333,0.263524239241452
"Charleston County","vap_hisp","uss_20_dem_har",0.848164674427685,0.048948841456318,0.736475760758548,0.929832684818966
"Charleston County","vap_asian","uss_20_rep_gra",0.374197589416957,0.134581082035118,0.140473122391456,0.671059082163899
"Charleston County","vap_asian","uss_20_dem_har",0.625802410583043,0.134581082035118,0.328940917836101,0.859526877608543
"Charleston County","vap_aian","uss_20_rep_gra",0.515401513236079,0.169293281536505,0.218570953211255,0.838711596582775
"Charleston County","vap_aian","uss_20_dem_har",0.484598486763921,0.169293281536505,0.161288403417225,0.781429046788744
"Charleston County","vap_oth_b","uss_20_rep_gra",0.279034698117213,0.122883328438977,0.0958306532723348,0.579123988362777
"Charleston County","vap_oth_b","uss_20_dem_har",0.720965301882787,0.122883328438977,0.420876011637223,0.904169346727665
"Cherokee County","vap_white","pre_16_dem_cli",0.0914412154450977,0.0136113826447213,0.0682093085692123,0.122039363844148
"Cherokee County","vap_white","pre_16_rep_tru",0.908558784554902,0.0136113826447213,0.877960636155852,0.931790691430788
"Cherokee County","vap_black","pre_16_dem_cli",0.919137784982958,0.0345435153838677,0.830894089637343,0.966952627052658
"Cherokee County","vap_black","pre_16_rep_tru",0.0808622150170419,0.0345435153838677,0.033047372947342,0.169105910362657
"Cherokee County","vap_hisp","pre_16_dem_cli",0.712484821088975,0.131026559516077,0.401777639603306,0.913516600498072
"Cherokee County","vap_hisp","pre_16_rep_tru",0.287515178911025,0.131026559516077,0.0864833995019274,0.598222360396694
"Cherokee County","vap_asian","pre_16_dem_cli",0.524138417983065,0.171305599352519,0.196700267970884,0.840017620122595
"Cherokee County","vap_asian","pre_16_rep_tru",0.475861582016935,0.171305599352519,0.159982379877405,0.803299732029116
"Cherokee County","vap_aian","pre_16_dem_cli",0.505327673243004,0.176654634001496,0.164876890924259,0.823791989437084
"Cherokee County","vap_aian","pre_16_rep_tru",0.494672326756996,0.176654634001496,0.176208010562915,0.835123109075741
"Cherokee County","vap_oth_b","pre_16_dem_cli",0.675860744504415,0.158597750523101,0.324601830161209,0.915453711723417
"Cherokee County","vap_oth_b","pre_16_rep_tru",0.324139255495585,0.158597750523101,0.0845462882765832,0.67539816983879
"Cherokee County","vap_white","uss_16_dem_dix",0.108585852503538,0.0142120363915727,0.0850711591551371,0.140381454866851
"Cherokee County","vap_white","uss_16_rep_sco",0.891414147496462,0.0142120363915727,0.859618545133149,0.914928840844863
"Cherokee County","vap_black","uss_16_dem_dix",0.906752619092652,0.0357733779074636,0.827205994736276,0.960635873807173
"Cherokee County","vap_black","uss_16_rep_sco",0.093247380907348,0.0357733779074636,0.0393641261928271,0.172794005263724
"Cherokee County","vap_hisp","uss_16_dem_dix",0.619145714343875,0.149501128999352,0.29590124823518,0.868776714604345
"Cherokee County","vap_hisp","uss_16_rep_sco",0.380854285656125,0.149501128999352,0.131223285395654,0.704098751764819
"Cherokee County","vap_asian","uss_16_dem_dix",0.512372606525377,0.16260836394526,0.203609335804198,0.805138346654752
"Cherokee County","vap_asian","uss_16_rep_sco",0.487627393474623,0.16260836394526,0.194861653345248,0.796390664195802
"Cherokee County","vap_aian","uss_16_dem_dix",0.50910927073191,0.171039829086983,0.198532087159753,0.842880877693423
"Cherokee County","vap_aian","uss_16_rep_sco",0.49089072926809,0.171039829086983,0.157119122306576,0.801467912840247
"Cherokee County","vap_oth_b","uss_16_dem_dix",0.561548231224313,0.15866363114812,0.234956479655641,0.847263806478878
"Cherokee County","vap_oth_b","uss_16_rep_sco",0.438451768775687,0.15866363114812,0.152736193521122,0.765043520344359
"Cherokee County","vap_white","gov_18_dem_smi",0.109081648662377,0.0135745512916992,0.0857697050140005,0.13862982873382
"Cherokee County","vap_white","gov_18_rep_mcm",0.890918351337623,0.0135745512916992,0.86137017126618,0.914230294986
"Cherokee County","vap_black","gov_18_dem_smi",0.930899143405509,0.031726630609547,0.853445453329405,0.975473972223205
"Cherokee County","vap_black","gov_18_rep_mcm",0.0691008565944906,0.031726630609547,0.0245260277767953,0.146554546670595
"Cherokee County","vap_hisp","gov_18_dem_smi",0.658055462025567,0.1433120634983,0.342124154755243,0.885070480848814
"Cherokee County","vap_hisp","gov_18_rep_mcm",0.341944537974433,0.1433120634983,0.114929519151185,0.657875845244757
"Cherokee County","vap_asian","gov_18_dem_smi",0.525158894101788,0.177487095957673,0.188638932783331,0.850474089637326
"Cherokee County","vap_asian","gov_18_rep_mcm",0.474841105898212,0.177487095957673,0.149525910362674,0.811361067216668
"Cherokee County","vap_aian","gov_18_dem_smi",0.496787346903488,0.162446804530783,0.185947125014033,0.803352030555228
"Cherokee County","vap_aian","gov_18_rep_mcm",0.503212653096512,0.162446804530783,0.196647969444771,0.814052874985967
"Cherokee County","vap_oth_b","gov_18_dem_smi",0.628294808565212,0.162302119829139,0.3065652676856,0.901760265378282
"Cherokee County","vap_oth_b","gov_18_rep_mcm",0.371705191434788,0.162302119829139,0.098239734621718,0.6934347323144
"Cherokee County","vap_white","atg_18_dem_ana",0.0833153657415195,0.0111981798492292,0.0631314658009371,0.106881668445102
"Cherokee County","vap_white","atg_18_rep_wil",0.916684634258481,0.0111981798492292,0.893118331554898,0.936868534199063
"Cherokee County","vap_black","atg_18_dem_ana",0.950787791027239,0.0232861709712727,0.892430560136695,0.983664820409919
"Cherokee County","vap_black","atg_18_rep_wil",0.049212208972761,0.0232861709712727,0.0163351795900809,0.107569439863305
"Cherokee County","vap_hisp","atg_18_dem_ana",0.681161455692927,0.134897676449831,0.382829770822874,0.900965985401806
"Cherokee County","vap_hisp","atg_18_rep_wil",0.318838544307073,0.134897676449831,0.099034014598194,0.617170229177126
"Cherokee County","vap_asian","atg_18_dem_ana",0.502872654775899,0.172551080977625,0.183683517193406,0.831012198038323
"Cherokee County","vap_asian","atg_18_rep_wil",0.497127345224101,0.172551080977625,0.168987801961677,0.816316482806594
"Cherokee County","vap_aian","atg_18_dem_ana",0.506515911837065,0.173111373062378,0.163110218661795,0.828536012238591
"Cherokee County","vap_aian","atg_18_rep_wil",0.493484088162935,0.173111373062378,0.171463987761409,0.836889781338205
"Cherokee County","vap_oth_b","atg_18_dem_ana",0.634995172634837,0.150314565217918,0.284835330116016,0.868730927055637
"Cherokee County","vap_oth_b","atg_18_rep_wil",0.365004827365163,0.150314565217918,0.131269072944363,0.715164669883984
"Cherokee County","vap_white","sos_18_dem_whi",0.0863286425779847,0.0125640607432505,0.0639570163937404,0.112335087214899
"Cherokee County","vap_white","sos_18_rep_ham",0.913671357422015,0.0125640607432505,0.887664912785101,0.93604298360626
"Cherokee County","vap_black","sos_18_dem_whi",0.929501930379386,0.0296012308045701,0.858063010917605,0.974281032481549
"Cherokee County","vap_black","sos_18_rep_ham",0.0704980696206137,0.0296012308045701,0.0257189675184508,0.141936989082395
"Cherokee County","vap_hisp","sos_18_dem_whi",0.665791837451094,0.13529089055578,0.378819358841774,0.88695824688473
"Cherokee County","vap_hisp","sos_18_rep_ham",0.334208162548906,0.13529089055578,0.11304175311527,0.621180641158226
"Cherokee County","vap_asian","sos_18_dem_whi",0.505646783922618,0.174338204538485,0.185015472073316,0.836562194941749
"Cherokee County","vap_asian","sos_18_rep_ham",0.494353216077382,0.174338204538485,0.163437805058251,0.814984527926684
"Cherokee County","vap_aian","sos_18_dem_whi",0.512306564703402,0.167802007473343,0.185224280857505,0.814862443596547
"Cherokee County","vap_aian","sos_18_rep_ham",0.487693435296598,0.167802007473343,0.185137556403453,0.814775719142495
"Cherokee County","vap_oth_b","sos_18_dem_whi",0.627487895104764,0.15118352334792,0.295529317449078,0.871232235887966
"Cherokee County","vap_oth_b","sos_18_rep_ham",0.372512104895236,0.15118352334792,0.128767764112034,0.704470682550922
"Cherokee County","vap_white","pre_20_rep_tru",0.923301735491788,0.0122260116825455,0.895928282290148,0.944694856106968
"Cherokee County","vap_white","pre_20_dem_bid",0.0766982645082123,0.0122260116825455,0.0553051438930324,0.104071717709852
"Cherokee County","vap_black","pre_20_rep_tru",0.073554591528309,0.0284807589159034,0.0314490977125095,0.143118887405647
"Cherokee County","vap_black","pre_20_dem_bid",0.926445408471691,0.0284807589159034,0.856881112594353,0.96855090228749
"Cherokee County","vap_hisp","pre_20_rep_tru",0.284026508795353,0.126012503054096,0.0926209099460556,0.567199649348694
"Cherokee County","vap_hisp","pre_20_dem_bid",0.715973491204647,0.126012503054096,0.432800350651306,0.907379090053944
"Cherokee County","vap_asian","pre_20_rep_tru",0.468742567831419,0.171788929187662,0.152693161571862,0.799125529903134
"Cherokee County","vap_asian","pre_20_dem_bid",0.531257432168581,0.171788929187662,0.200874470096866,0.847306838428138
"Cherokee County","vap_aian","pre_20_rep_tru",0.513952990398398,0.168795577987363,0.192501957104441,0.823146409664805
"Cherokee County","vap_aian","pre_20_dem_bid",0.486047009601602,0.168795577987363,0.176853590335195,0.807498042895559
"Cherokee County","vap_oth_b","pre_20_rep_tru",0.359733444117844,0.160749257472577,0.11616956544605,0.740733590469094
"Cherokee County","vap_oth_b","pre_20_dem_bid",0.640266555882156,0.160749257472577,0.259266409530906,0.88383043455395
"Cherokee County","vap_white","uss_20_rep_gra",0.902906998744238,0.01353880989922,0.872901497493639,0.925478059637293
"Cherokee County","vap_white","uss_20_dem_har",0.097093001255762,0.01353880989922,0.0745219403627072,0.127098502506361
"Cherokee County","vap_black","uss_20_rep_gra",0.0754928866174559,0.0302087677944175,0.0289305517178726,0.145484979275449
"Cherokee County","vap_black","uss_20_dem_har",0.924507113382544,0.0302087677944175,0.854515020724551,0.971069448282127
"Cherokee County","vap_hisp","uss_20_rep_gra",0.306246938288349,0.140988701512162,0.08875906271986,0.640524268767319
"Cherokee County","vap_hisp","uss_20_dem_har",0.693753061711651,0.140988701512162,0.359475731232681,0.91124093728014
"Cherokee County","vap_asian","uss_20_rep_gra",0.481516819603822,0.163309787903692,0.180551544231202,0.793914400552006
"Cherokee County","vap_asian","uss_20_dem_har",0.518483180396178,0.163309787903692,0.206085599447994,0.819448455768798
"Cherokee County","vap_aian","uss_20_rep_gra",0.490009444630203,0.168107770418122,0.167169112408525,0.808640668354748
"Cherokee County","vap_aian","uss_20_dem_har",0.509990555369797,0.168107770418122,0.191359331645252,0.832830887591475
"Cherokee County","vap_oth_b","uss_20_rep_gra",0.351601323378042,0.154204447621715,0.113431323413835,0.697264615099019
"Cherokee County","vap_oth_b","uss_20_dem_har",0.648398676621958,0.154204447621715,0.302735384900981,0.886568676586165
"Chester County","vap_white","pre_16_dem_cli",0.244057987087072,0.0319666362266405,0.19588596999495,0.321477351366634
"Chester County","vap_white","pre_16_rep_tru",0.755942012912928,0.0319666362266405,0.678522648633366,0.80411403000505
"Chester County","vap_black","pre_16_dem_cli",0.904431909377218,0.0561151545444982,0.75900717870161,0.974705040404136
"Chester County","vap_black","pre_16_rep_tru",0.0955680906227817,0.0561151545444982,0.0252949595958644,0.24099282129839
"Chester County","vap_hisp","pre_16_dem_cli",0.506446619452871,0.175155630724332,0.175349057378099,0.822229942704102
"Chester County","vap_hisp","pre_16_rep_tru",0.493553380547129,0.175155630724332,0.177770057295898,0.824650942621901
"Chester County","vap_asian","pre_16_dem_cli",0.510446316698871,0.172249981566464,0.187734666637302,0.841955723837987
"Chester County","vap_asian","pre_16_rep_tru",0.489553683301129,0.172249981566464,0.158044276162013,0.812265333362698
"Chester County","vap_aian","pre_16_dem_cli",0.499886111091045,0.165107428849565,0.18906342492546,0.803008665750083
"Chester County","vap_aian","pre_16_rep_tru",0.500113888908955,0.165107428849565,0.196991334249917,0.81093657507454
"Chester County","vap_oth_b","pre_16_dem_cli",0.522214097282506,0.174315638882019,0.189514098833653,0.849320884948159
"Chester County","vap_oth_b","pre_16_rep_tru",0.477785902717494,0.174315638882019,0.150679115051841,0.810485901166347
"Chester County","vap_white","uss_16_dem_dix",0.280388008769891,0.0284122675363996,0.237344468828501,0.356772184776108
"Chester County","vap_white","uss_16_rep_sco",0.719611991230109,0.0284122675363996,0.643227815223891,0.762655531171499
"Chester County","vap_black","uss_16_dem_dix",0.904363179274734,0.0491736220551332,0.766291370438136,0.971895275883318
"Chester County","vap_black","uss_16_rep_sco",0.095636820725266,0.0491736220551332,0.0281047241166816,0.233708629561864
"Chester County","vap_hisp","uss_16_dem_dix",0.505636657741703,0.163445033400734,0.195239469749332,0.81364539313841
"Chester County","vap_hisp","uss_16_rep_sco",0.494363342258297,0.163445033400734,0.186354606861589,0.804760530250668
"Chester County","vap_asian","uss_16_dem_dix",0.502088665840961,0.171436720815156,0.174583299252721,0.826693855197105
"Chester County","vap_asian","uss_16_rep_sco",0.497911334159039,0.171436720815156,0.173306144802895,0.825416700747279
"Chester County","vap_aian","uss_16_dem_dix",0.513949693082814,0.182947412915045,0.194652784393436,0.872430898662099
"Chester County","vap_aian","uss_16_rep_sco",0.486050306917186,0.182947412915045,0.127569101337901,0.805347215606564
"Chester County","vap_oth_b","uss_16_dem_dix",0.521307112185728,0.166875704835336,0.204924858698889,0.825694645551953
"Chester County","vap_oth_b","uss_16_rep_sco",0.478692887814272,0.166875704835336,0.174305354448047,0.795075141301111
"Chester County","vap_white","gov_18_dem_smi",0.235279579539927,0.0255052403634328,0.192808019530274,0.290396643724179
"Chester County","vap_white","gov_18_rep_mcm",0.764720420460073,0.0255052403634328,0.709603356275821,0.807191980469726
"Chester County","vap_black","gov_18_dem_smi",0.915287655659378,0.0415410798351896,0.819175514611573,0.97246890093595
"Chester County","vap_black","gov_18_rep_mcm",0.0847123443406221,0.0415410798351896,0.0275310990640495,0.180824485388427
"Chester County","vap_hisp","gov_18_dem_smi",0.505149692526131,0.169968632180852,0.181773283283349,0.825765251945558
"Chester County","vap_hisp","gov_18_rep_mcm",0.494850307473869,0.169968632180852,0.174234748054442,0.818226716716651
"Chester County","vap_asian","gov_18_dem_smi",0.504243798155625,0.183042430042603,0.146266932523632,0.841461213773008
"Chester County","vap_asian","gov_18_rep_mcm",0.495756201844375,0.183042430042603,0.158538786226992,0.853733067476368
"Chester County","vap_aian","gov_18_dem_smi",0.486986150025211,0.169168434803536,0.168057178000095,0.810417420457908
"Chester County","vap_aian","gov_18_rep_mcm",0.51301384997479,0.169168434803536,0.189582579542092,0.831942821999905
"Chester County","vap_oth_b","gov_18_dem_smi",0.527831930516311,0.177194982342016,0.170001849046254,0.842615179230396
"Chester County","vap_oth_b","gov_18_rep_mcm",0.472168069483689,0.177194982342016,0.157384820769604,0.829998150953746
"Chester County","vap_white","atg_18_dem_ana",0.218009420339197,0.0255882528999562,0.176240208195664,0.27672740368422
"Chester County","vap_white","atg_18_rep_wil",0.781990579660803,0.0255882528999562,0.72327259631578,0.823759791804336
"Chester County","vap_black","atg_18_dem_ana",0.910305633201581,0.0440077512933937,0.804007417094472,0.972019613819395
"Chester County","vap_black","atg_18_rep_wil",0.0896943667984189,0.0440077512933937,0.0279803861806046,0.195992582905528
"Chester County","vap_hisp","atg_18_dem_ana",0.510290394720289,0.174934387938683,0.180682541072738,0.838219976741615
"Chester County","vap_hisp","atg_18_rep_wil",0.489709605279711,0.174934387938683,0.161780023258385,0.819317458927261
"Chester County","vap_asian","atg_18_dem_ana",0.522405094865899,0.182680073212276,0.181016202086989,0.870624511795855
"Chester County","vap_asian","atg_18_rep_wil",0.477594905134101,0.182680073212276,0.129375488204145,0.818983797913011
"Chester County","vap_aian","atg_18_dem_ana",0.489273044834663,0.174071741434312,0.180637664449893,0.829257335461208
"Chester County","vap_aian","atg_18_rep_wil",0.510726955165337,0.174071741434312,0.170742664538792,0.819362335550107
"Chester County","vap_oth_b","atg_18_dem_ana",0.538459247730179,0.158272020871866,0.223058073130985,0.825170962270165
"Chester County","vap_oth_b","atg_18_rep_wil",0.461540752269821,0.158272020871866,0.174829037729835,0.776941926869015
"Chester County","vap_white","sos_18_dem_whi",0.218074839979816,0.0300826837564381,0.174589066441191,0.296657085896854
"Chester County","vap_white","sos_18_rep_ham",0.781925160020184,0.0300826837564381,0.703342914103147,0.825410933558809
"Chester County","vap_black","sos_18_dem_whi",0.914695366916014,0.0507547085657296,0.77653256725618,0.976859668802344
"Chester County","vap_black","sos_18_rep_ham",0.0853046330839863,0.0507547085657296,0.0231403311976561,0.22346743274382
"Chester County","vap_hisp","sos_18_dem_whi",0.50890128214497,0.169520952623059,0.19657241001882,0.832639134698026
"Chester County","vap_hisp","sos_18_rep_ham",0.49109871785503,0.169520952623059,0.167360865301974,0.80342758998118
"Chester County","vap_asian","sos_18_dem_whi",0.504787231197247,0.17767655742337,0.152325861932957,0.8257179711279
"Chester County","vap_asian","sos_18_rep_ham",0.495212768802753,0.17767655742337,0.174282028872099,0.847674138067043
"Chester County","vap_aian","sos_18_dem_whi",0.513775561705303,0.172482302320517,0.182083774576279,0.82826179627279
"Chester County","vap_aian","sos_18_rep_ham",0.486224438294697,0.172482302320517,0.17173820372721,0.817916225423721
"Chester County","vap_oth_b","sos_18_dem_whi",0.508832475166333,0.166992902959764,0.178891787661174,0.808949844150722
"Chester County","vap_oth_b","sos_18_rep_ham",0.491167524833667,0.166992902959764,0.191050155849277,0.821108212338826
"Chester County","vap_white","pre_20_rep_tru",0.833544164552899,0.0217738473964509,0.784696524433018,0.870474166842616
"Chester County","vap_white","pre_20_dem_bid",0.166455835447101,0.0217738473964509,0.129525833157384,0.215303475566982
"Chester County","vap_black","pre_20_rep_tru",0.0769135211509756,0.036943305000508,0.0243625459502695,0.166027305710807
"Chester County","vap_black","pre_20_dem_bid",0.923086478849024,0.036943305000508,0.833972694289193,0.97563745404973
"Chester County","vap_hisp","pre_20_rep_tru",0.500801740629205,0.173962224373093,0.178492110518586,0.827763373920589
"Chester County","vap_hisp","pre_20_dem_bid",0.499198259370795,0.173962224373093,0.172236626079411,0.821507889481414
"Chester County","vap_asian","pre_20_rep_tru",0.484999459584485,0.182247590084268,0.152421958836043,0.832217615907378
"Chester County","vap_asian","pre_20_dem_bid",0.515000540415515,0.182247590084268,0.167782384092622,0.847578041163957
"Chester County","vap_aian","pre_20_rep_tru",0.502232905149248,0.177163935188752,0.175719676694503,0.85220438415585
"Chester County","vap_aian","pre_20_dem_bid",0.497767094850752,0.177163935188752,0.14779561584415,0.824280323305497
"Chester County","vap_oth_b","pre_20_rep_tru",0.465868861797672,0.170535350075191,0.155879018180608,0.801295153123956
"Chester County","vap_oth_b","pre_20_dem_bid",0.534131138202328,0.170535350075191,0.198704846876044,0.844120981819392
"Chester County","vap_white","uss_20_rep_gra",0.796768841949895,0.0253869025986982,0.737065539817416,0.835411447625706
"Chester County","vap_white","uss_20_dem_har",0.203231158050105,0.0253869025986982,0.164588552374295,0.262934460182584
"Chester County","vap_black","uss_20_rep_gra",0.0831721446934633,0.0426522848382544,0.0252475422277052,0.184660676364861
"Chester County","vap_black","uss_20_dem_har",0.916827855306537,0.0426522848382544,0.815339323635139,0.974752457772295
"Chester County","vap_hisp","uss_20_rep_gra",0.482592285663794,0.169191023523003,0.169543578692389,0.800101931578611
"Chester County","vap_hisp","uss_20_dem_har",0.517407714336206,0.169191023523003,0.199898068421389,0.830456421307611
"Chester County","vap_asian","uss_20_rep_gra",0.4983190590532,0.189790321934714,0.16270165024946,0.878089785123396
"Chester County","vap_asian","uss_20_dem_har",0.5016809409468,0.189790321934714,0.121910214876604,0.837298349750539
"Chester County","vap_aian","uss_20_rep_gra",0.46537332245901,0.178237570710514,0.101215463176386,0.788070863414854
"Chester County","vap_aian","uss_20_dem_har",0.53462667754099,0.178237570710514,0.211929136585146,0.898784536823614
"Chester County","vap_oth_b","uss_20_rep_gra",0.479266796602364,0.172663120746205,0.173304904267922,0.813668769510629
"Chester County","vap_oth_b","uss_20_dem_har",0.520733203397636,0.172663120746205,0.186331230489371,0.826695095732078
"Chesterfield County","vap_white","pre_16_dem_cli",0.150844716299532,0.0224541644971849,0.11485571978067,0.201781703427842
"Chesterfield County","vap_white","pre_16_rep_tru",0.849155283700468,0.0224541644971849,0.798218296572158,0.88514428021933
"Chesterfield County","vap_black","pre_16_dem_cli",0.931735600347801,0.0427642891375058,0.824471371184017,0.986740902606736
"Chesterfield County","vap_black","pre_16_rep_tru",0.0682643996521986,0.0427642891375058,0.0132590973932637,0.175528628815983
"Chesterfield County","vap_hisp","pre_16_dem_cli",0.530205186365354,0.148660035607101,0.229868894139963,0.798066197377744
"Chesterfield County","vap_hisp","pre_16_rep_tru",0.469794813634646,0.148660035607101,0.201933802622256,0.770131105860037
"Chesterfield County","vap_asian","pre_16_dem_cli",0.536660662817159,0.184730902690867,0.176135799869781,0.871543906005909
"Chesterfield County","vap_asian","pre_16_rep_tru",0.463339337182841,0.184730902690867,0.12845609399409,0.823864200130219
"Chesterfield County","vap_aian","pre_16_dem_cli",0.506135557330893,0.171494278497192,0.179141053724505,0.828111633971649
"Chesterfield County","vap_aian","pre_16_rep_tru",0.493864442669107,0.171494278497192,0.171888366028351,0.820858946275495
"Chesterfield County","vap_oth_b","pre_16_dem_cli",0.593742018591957,0.172291047327492,0.23158987304935,0.897097614945622
"Chesterfield County","vap_oth_b","pre_16_rep_tru",0.406257981408043,0.172291047327492,0.102902385054378,0.76841012695065
"Chesterfield County","vap_white","uss_16_dem_dix",0.19094743411286,0.0248247616097432,0.150392301367189,0.248354979253151
"Chesterfield County","vap_white","uss_16_rep_sco",0.80905256588714,0.0248247616097432,0.751645020746849,0.849607698632811
"Chesterfield County","vap_black","uss_16_dem_dix",0.896124447918829,0.0479161976945879,0.784876505887315,0.966581498116105
"Chesterfield County","vap_black","uss_16_rep_sco",0.103875552081171,0.0479161976945879,0.0334185018838946,0.215123494112686
"Chesterfield County","vap_hisp","uss_16_dem_dix",0.522660444694422,0.164362458841355,0.191228849204129,0.821956656768044
"Chesterfield County","vap_hisp","uss_16_rep_sco",0.477339555305578,0.164362458841355,0.178043343231956,0.808771150795871
"Chesterfield County","vap_asian","uss_16_dem_dix",0.492228678981315,0.179904569094408,0.149994115394058,0.819437109873712
"Chesterfield County","vap_asian","uss_16_rep_sco",0.507771321018685,0.179904569094408,0.180562890126288,0.850005884605942
"Chesterfield County","vap_aian","uss_16_dem_dix",0.52206943765094,0.166585889714021,0.192519961075753,0.820580802982076
"Chesterfield County","vap_aian","uss_16_rep_sco",0.47793056234906,0.166585889714021,0.179419197017924,0.807480038924246
"Chesterfield County","vap_oth_b","uss_16_dem_dix",0.545929776927113,0.170292653708885,0.202851056488103,0.853985618730756
"Chesterfield County","vap_oth_b","uss_16_rep_sco",0.454070223072887,0.170292653708885,0.146014381269244,0.797148943511896
"Chesterfield County","vap_white","gov_18_dem_smi",0.183827312030476,0.0250370646491684,0.141459334590881,0.240431152957898
"Chesterfield County","vap_white","gov_18_rep_mcm",0.816172687969524,0.0250370646491684,0.759568847042102,0.858540665409119
"Chesterfield County","vap_black","gov_18_dem_smi",0.908466031589227,0.0480605751875832,0.789662594097387,0.974830416121344
"Chesterfield County","vap_black","gov_18_rep_mcm",0.091533968410773,0.0480605751875832,0.0251695838786562,0.210337405902613
"Chesterfield County","vap_hisp","gov_18_dem_smi",0.476171589350193,0.178471551854208,0.10697584537408,0.794567634308746
"Chesterfield County","vap_hisp","gov_18_rep_mcm",0.523828410649807,0.178471551854208,0.205432365691254,0.89302415462592
"Chesterfield County","vap_asian","gov_18_dem_smi",0.444053004245959,0.220118898361965,0.0481032607587636,0.832875911100911
"Chesterfield County","vap_asian","gov_18_rep_mcm",0.555946995754041,0.220118898361965,0.167124088899089,0.951896739241236
"Chesterfield County","vap_aian","gov_18_dem_smi",0.495613461074565,0.173220752381757,0.164929902838995,0.822302760886534
"Chesterfield County","vap_aian","gov_18_rep_mcm",0.504386538925435,0.173220752381757,0.177697239113466,0.835070097161005
"Chesterfield County","vap_oth_b","gov_18_dem_smi",0.566563363283891,0.165026777838005,0.228919124594755,0.852459243585077
"Chesterfield County","vap_oth_b","gov_18_rep_mcm",0.433436636716109,0.165026777838005,0.147540756414923,0.771080875405245
"Chesterfield County","vap_white","atg_18_dem_ana",0.168582979110933,0.0248913093044981,0.130096006185409,0.227345841384358
"Chesterfield County","vap_white","atg_18_rep_wil",0.831417020889066,0.0248913093044981,0.772654158615642,0.869903993814591
"Chesterfield County","vap_black","atg_18_dem_ana",0.912294580724025,0.0498580914738675,0.780200892176085,0.975957045154915
"Chesterfield County","vap_black","atg_18_rep_wil",0.087705419275975,0.0498580914738675,0.0240429548450849,0.219799107823915
"Chesterfield County","vap_hisp","atg_18_dem_ana",0.445375076576825,0.149771214953358,0.163356368102753,0.741933557272549
"Chesterfield County","vap_hisp","atg_18_rep_wil",0.554624923423175,0.149771214953358,0.258066442727451,0.836643631897247
"Chesterfield County","vap_asian","atg_18_dem_ana",0.524172753706357,0.184842536788283,0.172729788108722,0.858319714406338
"Chesterfield County","vap_asian","atg_18_rep_wil",0.475827246293643,0.184842536788283,0.141680285593661,0.827270211891278
"Chesterfield County","vap_aian","atg_18_dem_ana",0.515932299451541,0.166609036334989,0.197343574352334,0.832275928412996
"Chesterfield County","vap_aian","atg_18_rep_wil",0.484067700548459,0.166609036334989,0.167724071587004,0.802656425647666
"Chesterfield County","vap_oth_b","atg_18_dem_ana",0.547831055575888,0.168236582579659,0.201192190646839,0.834930117390811
"Chesterfield County","vap_oth_b","atg_18_rep_wil",0.452168944424112,0.168236582579659,0.165069882609189,0.798807809353161
"Chesterfield County","vap_white","sos_18_dem_whi",0.162270430546797,0.0218489376394193,0.125025199209072,0.209359759678079
"Chesterfield County","vap_white","sos_18_rep_ham",0.837729569453203,0.0218489376394193,0.790640240321921,0.874974800790928
"Chesterfield County","vap_black","sos_18_dem_whi",0.91044148814461,0.0419186956778061,0.812343327821109,0.972844641094001
"Chesterfield County","vap_black","sos_18_rep_ham",0.0895585118553898,0.0419186956778061,0.0271553589059988,0.187656672178891
"Chesterfield County","vap_hisp","sos_18_dem_whi",0.474623132270601,0.146237627672837,0.196036962545844,0.746401246137081
"Chesterfield County","vap_hisp","sos_18_rep_ham",0.525376867729399,0.146237627672837,0.253598753862919,0.803963037454156
"Chesterfield County","vap_asian","sos_18_dem_whi",0.521306149545871,0.181122482715882,0.17558638066504,0.854159944901746
"Chesterfield County","vap_asian","sos_18_rep_ham",0.478693850454129,0.181122482715882,0.145840055098255,0.82441361933496
"Chesterfield County","vap_aian","sos_18_dem_whi",0.507763969151184,0.177543106811724,0.172428110214966,0.841954230376648
"Chesterfield County","vap_aian","sos_18_rep_ham",0.492236030848815,0.177543106811724,0.158045769623352,0.827571889785034
"Chesterfield County","vap_oth_b","sos_18_dem_whi",0.559063418792504,0.166691379094858,0.225190472934521,0.847515691107416
"Chesterfield County","vap_oth_b","sos_18_rep_ham",0.440936581207496,0.166691379094858,0.152484308892584,0.774809527065478
"Chesterfield County","vap_white","pre_20_rep_tru",0.889908939744995,0.0205557282938665,0.840448386637268,0.923153242463105
"Chesterfield County","vap_white","pre_20_dem_bid",0.110091060255005,0.0205557282938665,0.0768467575368949,0.159551613362732
"Chesterfield County","vap_black","pre_20_rep_tru",0.0801074324962226,0.0417210694563236,0.0234861463800896,0.18943145797869
"Chesterfield County","vap_black","pre_20_dem_bid",0.919892567503778,0.0417210694563236,0.81056854202131,0.97651385361991
"Chesterfield County","vap_hisp","pre_20_rep_tru",0.450513473153749,0.145553851227878,0.188998304319873,0.738738524414188
"Chesterfield County","vap_hisp","pre_20_dem_bid",0.549486526846251,0.145553851227878,0.261261475585812,0.811001695680127
"Chesterfield County","vap_asian","pre_20_rep_tru",0.465531038480964,0.16948522919067,0.163167342142014,0.800861849018196
"Chesterfield County","vap_asian","pre_20_dem_bid",0.534468961519036,0.16948522919067,0.199138150981804,0.836832657857986
"Chesterfield County","vap_aian","pre_20_rep_tru",0.496255573844634,0.175530340995718,0.173932779248767,0.83893867310268
"Chesterfield County","vap_aian","pre_20_dem_bid",0.503744426155366,0.175530340995718,0.16106132689732,0.826067220751233
"Chesterfield County","vap_oth_b","pre_20_rep_tru",0.401237010553031,0.155867597468191,0.142138738435056,0.722717966351777
"Chesterfield County","vap_oth_b","pre_20_dem_bid",0.598762989446969,0.155867597468191,0.277282033648223,0.857861261564944
"Chesterfield County","vap_white","uss_20_rep_gra",0.860570673318908,0.0219345641980712,0.807846760583676,0.896333223714381
"Chesterfield County","vap_white","uss_20_dem_har",0.139429326681092,0.0219345641980712,0.103666776285619,0.192153239416324
"Chesterfield County","vap_black","uss_20_rep_gra",0.0864852579076614,0.044396876593809,0.0268125202986236,0.201673951196767
"Chesterfield County","vap_black","uss_20_dem_har",0.913514742092339,0.044396876593809,0.798326048803233,0.973187479701376
"Chesterfield County","vap_hisp","uss_20_rep_gra",0.467206928564646,0.159538310041796,0.181367252994847,0.791091008563605
"Chesterfield County","vap_hisp","uss_20_dem_har",0.532793071435353,0.159538310041796,0.208908991436395,0.818632747005153
"Chesterfield County","vap_asian","uss_20_rep_gra",0.457477489321049,0.177023121425396,0.144318053722397,0.807305862166863
"Chesterfield County","vap_asian","uss_20_dem_har",0.542522510678951,0.177023121425396,0.192694137833137,0.855681946277603
"Chesterfield County","vap_aian","uss_20_rep_gra",0.481529227131155,0.175720771122171,0.165695444015141,0.820788417205112
"Chesterfield County","vap_aian","uss_20_dem_har",0.518470772868844,0.175720771122171,0.179211582794888,0.834304555984859
"Chesterfield County","vap_oth_b","uss_20_rep_gra",0.405423711465516,0.164452664283135,0.11246645595424,0.748723248178825
"Chesterfield County","vap_oth_b","uss_20_dem_har",0.594576288534484,0.164452664283135,0.251276751821175,0.88753354404576
"Clarendon County","vap_white","pre_16_dem_cli",0.119824159064725,0.0201373047381006,0.0839812462539817,0.162928697758361
"Clarendon County","vap_white","pre_16_rep_tru",0.880175840935275,0.0201373047381006,0.837071302241639,0.916018753746018
"Clarendon County","vap_black","pre_16_dem_cli",0.946488307046568,0.0157590472558977,0.908906070316702,0.971087297318466
"Clarendon County","vap_black","pre_16_rep_tru",0.0535116929534321,0.0157590472558977,0.0289127026815339,0.0910939296832984
"Clarendon County","vap_hisp","pre_16_dem_cli",0.545048277613423,0.16727172029247,0.218230623790554,0.846717332525723
"Clarendon County","vap_hisp","pre_16_rep_tru",0.454951722386577,0.16727172029247,0.153282667474277,0.781769376209446
"Clarendon County","vap_asian","pre_16_dem_cli",0.524190807127552,0.176733340158558,0.163595446500383,0.839611844226649
"Clarendon County","vap_asian","pre_16_rep_tru",0.475809192872448,0.176733340158558,0.16038815577335,0.836404553499617
"Clarendon County","vap_aian","pre_16_dem_cli",0.503586384517408,0.171010877985319,0.165523192267186,0.820925950614439
"Clarendon County","vap_aian","pre_16_rep_tru",0.496413615482592,0.171010877985319,0.179074049385561,0.834476807732814
"Clarendon County","vap_oth_b","pre_16_dem_cli",0.562312933595454,0.16627730471189,0.22699102561477,0.856714475216127
"Clarendon County","vap_oth_b","pre_16_rep_tru",0.437687066404546,0.16627730471189,0.143285524783873,0.77300897438523
"Clarendon County","vap_white","uss_16_dem_dix",0.1133568977723,0.0253808930571822,0.0714887943507192,0.171601988475862
"Clarendon County","vap_white","uss_16_rep_sco",0.8866431022277,0.0253808930571822,0.828398011524138,0.928511205649281
"Clarendon County","vap_black","uss_16_dem_dix",0.92306206738505,0.0249203499062776,0.864028631093505,0.959996129836997
"Clarendon County","vap_black","uss_16_rep_sco",0.0769379326149504,0.0249203499062776,0.0400038701630032,0.135971368906495
"Clarendon County","vap_hisp","uss_16_dem_dix",0.520214682926559,0.176376479157685,0.185034828014508,0.845544377252961
"Clarendon County","vap_hisp","uss_16_rep_sco",0.479785317073441,0.176376479157685,0.154455622747038,0.814965171985492
"Clarendon County","vap_asian","uss_16_dem_dix",0.456832900122502,0.180891324215877,0.130890456143176,0.813405768724828
"Clarendon County","vap_asian","uss_16_rep_sco",0.543167099877498,0.180891324215877,0.186594231275172,0.869109543856824
"Clarendon County","vap_aian","uss_16_dem_dix",0.506072023360379,0.186457344682047,0.160990736712892,0.871789875483429
"Clarendon County","vap_aian","uss_16_rep_sco",0.493927976639621,0.186457344682047,0.128210124516571,0.839009263287108
"Clarendon County","vap_oth_b","uss_16_dem_dix",0.540837237048273,0.183373894094095,0.188072010363658,0.883482558605142
"Clarendon County","vap_oth_b","uss_16_rep_sco",0.459162762951727,0.183373894094095,0.116517441394858,0.811927989636342
"Clarendon County","vap_white","gov_18_dem_smi",0.169379689894465,0.0270607643470286,0.12454116288748,0.230575046553987
"Clarendon County","vap_white","gov_18_rep_mcm",0.830620310105535,0.0270607643470286,0.769424953446013,0.87545883711252
"Clarendon County","vap_black","gov_18_dem_smi",0.931052815935445,0.0241010272387814,0.874482468195391,0.967710329305146
"Clarendon County","vap_black","gov_18_rep_mcm",0.0689471840645553,0.0241010272387814,0.0322896706948537,0.125517531804609
"Clarendon County","vap_hisp","gov_18_dem_smi",0.551259902068475,0.162636169699743,0.238460019787728,0.846121853172174
"Clarendon County","vap_hisp","gov_18_rep_mcm",0.448740097931525,0.162636169699743,0.153878146827826,0.761539980212272
"Clarendon County","vap_asian","gov_18_dem_smi",0.570891392493761,0.196249566594103,0.184859975298036,0.927677776651527
"Clarendon County","vap_asian","gov_18_rep_mcm",0.429108607506239,0.196249566594103,0.0723222233484729,0.815140024701964
"Clarendon County","vap_aian","gov_18_dem_smi",0.486618629845876,0.173390620318911,0.15756527440368,0.813699689545361
"Clarendon County","vap_aian","gov_18_rep_mcm",0.513381370154124,0.173390620318911,0.186300310454639,0.84243472559632
"Clarendon County","vap_oth_b","gov_18_dem_smi",0.556555537363496,0.163419902380056,0.226660885051738,0.846959505158817
"Clarendon County","vap_oth_b","gov_18_rep_mcm",0.443444462636504,0.163419902380056,0.153040494841183,0.773339114948262
"Clarendon County","vap_white","atg_18_dem_ana",0.156072444139795,0.0258048602570194,0.110094439647343,0.21055516803048
"Clarendon County","vap_white","atg_18_rep_wil",0.843927555860205,0.0258048602570194,0.78944483196952,0.889905560352656
"Clarendon County","vap_black","atg_18_dem_ana",0.926107912249193,0.0236875252614861,0.868268481116061,0.9611375882846
"Clarendon County","vap_black","atg_18_rep_wil",0.073892087750807,0.0236875252614861,0.0388624117153996,0.131731518883939
"Clarendon County","vap_hisp","atg_18_dem_ana",0.532384951269275,0.167110793951139,0.21260824886091,0.838230225084983
"Clarendon County","vap_hisp","atg_18_rep_wil",0.467615048730725,0.167110793951139,0.161769774915016,0.78739175113909
"Clarendon County","vap_asian","atg_18_dem_ana",0.501681507724258,0.175484269974353,0.167426971949223,0.842064824348843
"Clarendon County","vap_asian","atg_18_rep_wil",0.498318492275742,0.175484269974353,0.157935175651157,0.832573028050777
"Clarendon County","vap_aian","atg_18_dem_ana",0.507294992753638,0.179181551169452,0.175731115603039,0.858435488550793
"Clarendon County","vap_aian","atg_18_rep_wil",0.492705007246362,0.179181551169452,0.141564511449207,0.824268884396961
"Clarendon County","vap_oth_b","atg_18_dem_ana",0.530171952937989,0.174556663430147,0.18566928616415,0.850937100096531
"Clarendon County","vap_oth_b","atg_18_rep_wil",0.469828047062011,0.174556663430147,0.149062899903469,0.81433071383585
"Clarendon County","vap_white","sos_18_dem_whi",0.147290070338409,0.0261371849688595,0.102540909155766,0.205634876539074
"Clarendon County","vap_white","sos_18_rep_ham",0.852709929661591,0.0261371849688595,0.794365123460926,0.897459090844234
"Clarendon County","vap_black","sos_18_dem_whi",0.917905844472166,0.0243320709560812,0.861223478259707,0.955741473417639
"Clarendon County","vap_black","sos_18_rep_ham",0.0820941555278337,0.0243320709560812,0.0442585265823607,0.138776521740293
"Clarendon County","vap_hisp","sos_18_dem_whi",0.542611099043557,0.170590199456826,0.213497185681829,0.85235288759408
"Clarendon County","vap_hisp","sos_18_rep_ham",0.457388900956443,0.170590199456826,0.14764711240592,0.786502814318171
"Clarendon County","vap_asian","sos_18_dem_whi",0.533697344579832,0.174648644125525,0.199288641831676,0.858828981831155
"Clarendon County","vap_asian","sos_18_rep_ham",0.466302655420168,0.174648644125525,0.141171018168845,0.800711358168324
"Clarendon County","vap_aian","sos_18_dem_whi",0.494629929958092,0.180594473701258,0.160886614406236,0.84008779482181
"Clarendon County","vap_aian","sos_18_rep_ham",0.505370070041908,0.180594473701258,0.15991220517819,0.839113385593764
"Clarendon County","vap_oth_b","sos_18_dem_whi",0.5423372867131,0.170156589324658,0.207708874934614,0.84914700705247
"Clarendon County","vap_oth_b","sos_18_rep_ham",0.4576627132869,0.170156589324658,0.15085299294753,0.792291125065386
"Clarendon County","vap_white","pre_20_rep_tru",0.906404800937639,0.0213388580366524,0.858457249286986,0.942708389897586
"Clarendon County","vap_white","pre_20_dem_bid",0.093595199062361,0.0213388580366524,0.0572916101024136,0.141542750713014
"Clarendon County","vap_black","pre_20_rep_tru",0.0629249078654361,0.0182645373528155,0.0362851888933137,0.109043778645171
"Clarendon County","vap_black","pre_20_dem_bid",0.937075092134564,0.0182645373528155,0.890956221354829,0.963714811106686
"Clarendon County","vap_hisp","pre_20_rep_tru",0.47104652718577,0.169280496011877,0.169685905394537,0.816566784359574
"Clarendon County","vap_hisp","pre_20_dem_bid",0.52895347281423,0.169280496011877,0.183433215640426,0.830314094605463
"Clarendon County","vap_asian","pre_20_rep_tru",0.458079758230093,0.17667016477505,0.141745655013101,0.81450849197315
"Clarendon County","vap_asian","pre_20_dem_bid",0.541920241769907,0.17667016477505,0.18549150802685,0.858254344986899
"Clarendon County","vap_aian","pre_20_rep_tru",0.488692508382484,0.168931867521762,0.177196388539611,0.811879165296487
"Clarendon County","vap_aian","pre_20_dem_bid",0.511307491617516,0.168931867521762,0.188120834703513,0.822803611460389
"Clarendon County","vap_oth_b","pre_20_rep_tru",0.432520680567595,0.165353052486227,0.152306169978028,0.774479538486121
"Clarendon County","vap_oth_b","pre_20_dem_bid",0.567479319432405,0.165353052486227,0.225520461513879,0.847693830021972
"Clarendon County","vap_white","uss_20_rep_gra",0.881220474459999,0.0249166023954688,0.825388287054914,0.921009318778508
"Clarendon County","vap_white","uss_20_dem_har",0.118779525540001,0.0249166023954688,0.078990681221492,0.174611712945086
"Clarendon County","vap_black","uss_20_rep_gra",0.0708853854289139,0.0231527154698746,0.0382523265438813,0.126832629947656
"Clarendon County","vap_black","uss_20_dem_har",0.929114614571086,0.0231527154698746,0.873167370052344,0.961747673456119
"Clarendon County","vap_hisp","uss_20_rep_gra",0.446514742947697,0.166749485275623,0.131750502824167,0.762474550794305
"Clarendon County","vap_hisp","uss_20_dem_har",0.553485257052303,0.166749485275623,0.237525449205694,0.868249497175833
"Clarendon County","vap_asian","uss_20_rep_gra",0.457151904349195,0.183407860989996,0.130255000511636,0.820623751060107
"Clarendon County","vap_asian","uss_20_dem_har",0.542848095650805,0.183407860989996,0.179376248939893,0.869744999488364
"Clarendon County","vap_aian","uss_20_rep_gra",0.502226403302295,0.174423369402328,0.165356033475928,0.824412981897809
"Clarendon County","vap_aian","uss_20_dem_har",0.497773596697705,0.174423369402328,0.175587018102191,0.834643966524072
"Clarendon County","vap_oth_b","uss_20_rep_gra",0.43377561920141,0.172046766677091,0.129352875650186,0.78792977290127
"Clarendon County","vap_oth_b","uss_20_dem_har",0.56622438079859,0.172046766677091,0.21207022709873,0.870647124349814
"Colleton County","vap_white","pre_16_dem_cli",0.149582811367571,0.0162704307324622,0.120103243592513,0.184875796681398
"Colleton County","vap_white","pre_16_rep_tru",0.850417188632429,0.0162704307324622,0.815124203318602,0.879896756407487
"Colleton County","vap_black","pre_16_dem_cli",0.954387773656115,0.0197463312352876,0.904585927075442,0.983202932253886
"Colleton County","vap_black","pre_16_rep_tru",0.045612226343885,0.0197463312352876,0.0167970677461139,0.095414072924558
"Colleton County","vap_hisp","pre_16_dem_cli",0.515557542397666,0.161110490913437,0.197429616216181,0.828069385790328
"Colleton County","vap_hisp","pre_16_rep_tru",0.484442457602334,0.161110490913437,0.171930614209672,0.802570383783819
"Colleton County","vap_asian","pre_16_dem_cli",0.47430974751577,0.187230106501306,0.131730452534485,0.833941802157132
"Colleton County","vap_asian","pre_16_rep_tru",0.52569025248423,0.187230106501306,0.166058197842867,0.868269547465515
"Colleton County","vap_aian","pre_16_dem_cli",0.554602965899969,0.173830119814938,0.218186814628338,0.868598177395485
"Colleton County","vap_aian","pre_16_rep_tru",0.445397034100031,0.173830119814938,0.131401822604515,0.781813185371662
"Colleton County","vap_oth_b","pre_16_dem_cli",0.580566121627027,0.163517230610667,0.250661085589502,0.864049751995626
"Colleton County","vap_oth_b","pre_16_rep_tru",0.419433878372973,0.163517230610667,0.135950248004374,0.749338914410498
"Colleton County","vap_white","uss_16_dem_dix",0.0912378371852173,0.0154806885550847,0.0641072877927082,0.12461645214205
"Colleton County","vap_white","uss_16_rep_sco",0.908762162814783,0.0154806885550847,0.87538354785795,0.935892712207292
"Colleton County","vap_black","uss_16_dem_dix",0.942759634684724,0.0208391634446672,0.894567990211991,0.974973319929143
"Colleton County","vap_black","uss_16_rep_sco",0.0572403653152761,0.0208391634446672,0.0250266800708575,0.105432009788009
"Colleton County","vap_hisp","uss_16_dem_dix",0.500190897923054,0.170790854318446,0.157576948221122,0.81594957169045
"Colleton County","vap_hisp","uss_16_rep_sco",0.499809102076946,0.170790854318446,0.18405042830955,0.842423051778877
"Colleton County","vap_asian","uss_16_dem_dix",0.455980291335516,0.182203748698284,0.137881043042131,0.827206547928687
"Colleton County","vap_asian","uss_16_rep_sco",0.544019708664484,0.182203748698284,0.172793452071313,0.862118956957869
"Colleton County","vap_aian","uss_16_dem_dix",0.567933489497411,0.179720122734274,0.191718948839989,0.874032975502407
"Colleton County","vap_aian","uss_16_rep_sco",0.432066510502589,0.179720122734274,0.125967024497593,0.808281051160011
"Colleton County","vap_oth_b","uss_16_dem_dix",0.738633407354334,0.181929778618735,0.293427565827552,0.946956794761921
"Colleton County","vap_oth_b","uss_16_rep_sco",0.261366592645666,0.181929778618735,0.0530432052380786,0.706572434172448
"Colleton County","vap_white","gov_18_dem_smi",0.211596885440734,0.019966502365972,0.174218323129547,0.25247433435012
"Colleton County","vap_white","gov_18_rep_mcm",0.788403114559266,0.019966502365972,0.74752566564988,0.825781676870453
"Colleton County","vap_black","gov_18_dem_smi",0.927526003491658,0.0275601962833409,0.862815415729849,0.970217901740305
"Colleton County","vap_black","gov_18_rep_mcm",0.072473996508342,0.0275601962833409,0.0297820982596949,0.137184584270151
"Colleton County","vap_hisp","gov_18_dem_smi",0.545496768440258,0.162401688718897,0.237910821161506,0.871180624239284
"Colleton County","vap_hisp","gov_18_rep_mcm",0.454503231559742,0.162401688718897,0.128819375760716,0.762089178838494
"Colleton County","vap_asian","gov_18_dem_smi",0.49368940395899,0.18322571275359,0.143181626167982,0.831995910035103
"Colleton County","vap_asian","gov_18_rep_mcm",0.50631059604101,0.18322571275359,0.168004089964897,0.856818373832018
"Colleton County","vap_aian","gov_18_dem_smi",0.503083298164177,0.183845423623658,0.140169265317551,0.831715044147908
"Colleton County","vap_aian","gov_18_rep_mcm",0.496916701835823,0.183845423623658,0.168284955852092,0.859830734682449
"Colleton County","vap_oth_b","gov_18_dem_smi",0.564050119441196,0.183105623881899,0.204009729842036,0.904934824351588
"Colleton County","vap_oth_b","gov_18_rep_mcm",0.435949880558804,0.183105623881899,0.0950651756484122,0.795990270157963
"Colleton County","vap_white","atg_18_dem_ana",0.185717312649143,0.0211470722461552,0.150396156411427,0.233021978940982
"Colleton County","vap_white","atg_18_rep_wil",0.814282687350857,0.0211470722461552,0.766978021059017,0.849603843588573
"Colleton County","vap_black","atg_18_dem_ana",0.9352888634951,0.0279269820411839,0.866849201119445,0.976693296414636
"Colleton County","vap_black","atg_18_rep_wil",0.0647111365049004,0.0279269820411839,0.0233067035853642,0.133150798880556
"Colleton County","vap_hisp","atg_18_dem_ana",0.542204208671774,0.165506139818251,0.22314871951796,0.846247566545058
"Colleton County","vap_hisp","atg_18_rep_wil",0.457795791328226,0.165506139818251,0.153752433454942,0.77685128048204
"Colleton County","vap_asian","atg_18_dem_ana",0.478323861929245,0.188573095617013,0.135814421304062,0.841507304098167
"Colleton County","vap_asian","atg_18_rep_wil",0.521676138070755,0.188573095617013,0.158492695901832,0.864185578695938
"Colleton County","vap_aian","atg_18_dem_ana",0.509357182446386,0.181630443976644,0.167740399101405,0.846052257437784
"Colleton County","vap_aian","atg_18_rep_wil",0.490642817553614,0.181630443976644,0.153947742562216,0.832259600898595
"Colleton County","vap_oth_b","atg_18_dem_ana",0.575537207053164,0.169033427010256,0.2270471902247,0.8549539724887
"Colleton County","vap_oth_b","atg_18_rep_wil",0.424462792946836,0.169033427010256,0.1450460275113,0.7729528097753
"Colleton County","vap_white","sos_18_dem_whi",0.165843177406818,0.020522425300376,0.130117537009619,0.211115378856629
"Colleton County","vap_white","sos_18_rep_ham",0.834156822593182,0.020522425300376,0.788884621143371,0.869882462990381
"Colleton County","vap_black","sos_18_dem_whi",0.930918221571439,0.0283176243458391,0.861000444142102,0.971112013427553
"Colleton County","vap_black","sos_18_rep_ham",0.0690817784285614,0.0283176243458391,0.0288879865724473,0.138999555857898
"Colleton County","vap_hisp","sos_18_dem_whi",0.549004682871817,0.156777357967347,0.24112830250248,0.837272881922432
"Colleton County","vap_hisp","sos_18_rep_ham",0.450995317128183,0.156777357967347,0.162727118077568,0.75887169749752
"Colleton County","vap_asian","sos_18_dem_whi",0.483585990039205,0.183973081975846,0.147514390639787,0.833632801052951
"Colleton County","vap_asian","sos_18_rep_ham",0.516414009960795,0.183973081975846,0.166367198947049,0.852485609360213
"Colleton County","vap_aian","sos_18_dem_whi",0.540143188282218,0.18803499716458,0.184414427041335,0.903622163463019
"Colleton County","vap_aian","sos_18_rep_ham",0.459856811717782,0.18803499716458,0.0963778365369808,0.815585572958665
"Colleton County","vap_oth_b","sos_18_dem_whi",0.57173307074089,0.163481527607214,0.246528609317335,0.862001871709614
"Colleton County","vap_oth_b","sos_18_rep_ham",0.42826692925911,0.163481527607214,0.137998128290386,0.753471390682665
"Colleton County","vap_white","pre_20_rep_tru",0.848900332000648,0.0199199071458878,0.806984879841614,0.884829352084095
"Colleton County","vap_white","pre_20_dem_bid",0.151099667999352,0.0199199071458878,0.115170647915905,0.193015120158386
"Colleton County","vap_black","pre_20_rep_tru",0.0594524748289154,0.0264148207665385,0.0190215619658795,0.120980475625983
"Colleton County","vap_black","pre_20_dem_bid",0.940547525171085,0.0264148207665385,0.879019524374017,0.980978438034121
"Colleton County","vap_hisp","pre_20_rep_tru",0.45539448852557,0.164927673853082,0.149217391304476,0.783991086538507
"Colleton County","vap_hisp","pre_20_dem_bid",0.54460551147443,0.164927673853082,0.216008913461493,0.850782608695524
"Colleton County","vap_asian","pre_20_rep_tru",0.500462692226019,0.183041993728343,0.146587495016748,0.833665709588728
"Colleton County","vap_asian","pre_20_dem_bid",0.499537307773981,0.183041993728343,0.166334290411272,0.853412504983252
"Colleton County","vap_aian","pre_20_rep_tru",0.462660310264423,0.198426659097354,0.0814570055296057,0.819429393251388
"Colleton County","vap_aian","pre_20_dem_bid",0.537339689735577,0.198426659097354,0.180570606748612,0.918542994470394
"Colleton County","vap_oth_b","pre_20_rep_tru",0.429286605818939,0.167116195896584,0.137271296484695,0.770384895773993
"Colleton County","vap_oth_b","pre_20_dem_bid",0.570713394181061,0.167116195896584,0.229615104226007,0.862728703515305
"Colleton County","vap_white","uss_20_rep_gra",0.82245125543261,0.02013994927428,0.778281738036778,0.857225229228824
"Colleton County","vap_white","uss_20_dem_har",0.17754874456739,0.02013994927428,0.142774770771176,0.221718261963222
"Colleton County","vap_black","uss_20_rep_gra",0.0621058335802196,0.0264597170302764,0.0208971828380302,0.125242172667497
"Colleton County","vap_black","uss_20_dem_har",0.93789416641978,0.0264597170302764,0.874757827332503,0.97910281716197
"Colleton County","vap_hisp","uss_20_rep_gra",0.443419258589124,0.169467306955073,0.133606497750001,0.789343512786471
"Colleton County","vap_hisp","uss_20_dem_har",0.556580741410876,0.169467306955073,0.210656487213529,0.866393502249999
"Colleton County","vap_asian","uss_20_rep_gra",0.517552230897924,0.178624407652529,0.16629425555033,0.852561158083503
"Colleton County","vap_asian","uss_20_dem_har",0.482447769102076,0.178624407652529,0.147438841916497,0.83370574444967
"Colleton County","vap_aian","uss_20_rep_gra",0.486481968853423,0.172323516648315,0.161130720936759,0.80953725940784
"Colleton County","vap_aian","uss_20_dem_har",0.513518031146577,0.172323516648315,0.19046274059216,0.838869279063241
"Colleton County","vap_oth_b","uss_20_rep_gra",0.426139695801072,0.15592524395349,0.147248102756214,0.730069446956772
"Colleton County","vap_oth_b","uss_20_dem_har",0.573860304198928,0.15592524395349,0.269930553043228,0.852751897243786
"Darlington County","vap_white","pre_16_dem_cli",0.128333417522247,0.0147968384435679,0.103632853955823,0.16159660947781
"Darlington County","vap_white","pre_16_rep_tru",0.871666582477753,0.0147968384435679,0.83840339052219,0.896367146044177
"Darlington County","vap_black","pre_16_dem_cli",0.969329599297354,0.0149544076157024,0.933224890840037,0.990160846383783
"Darlington County","vap_black","pre_16_rep_tru",0.030670400702646,0.0149544076157024,0.00983915361621659,0.0667751091599627
"Darlington County","vap_hisp","pre_16_dem_cli",0.598558925245813,0.159092805083881,0.28345347451742,0.869986116455034
"Darlington County","vap_hisp","pre_16_rep_tru",0.401441074754186,0.159092805083881,0.130013883544966,0.71654652548258
"Darlington County","vap_asian","pre_16_dem_cli",0.520512638563743,0.171332227496284,0.186013360500037,0.822544639574329
"Darlington County","vap_asian","pre_16_rep_tru",0.479487361436257,0.171332227496284,0.177455360425671,0.813986639499963
"Darlington County","vap_aian","pre_16_dem_cli",0.522436356936002,0.169440125909181,0.210514216612916,0.844424786489103
"Darlington County","vap_aian","pre_16_rep_tru",0.477563643063998,0.169440125909181,0.155575213510897,0.789485783387084
"Darlington County","vap_oth_b","pre_16_dem_cli",0.655284014240878,0.133047527032186,0.379707529490074,0.887043782786316
"Darlington County","vap_oth_b","pre_16_rep_tru",0.344715985759122,0.133047527032186,0.112956217213684,0.620292470509926
"Darlington County","vap_white","uss_16_dem_dix",0.112435086972716,0.0160483649998775,0.0839430824005039,0.146091880731333
"Darlington County","vap_white","uss_16_rep_sco",0.887564913027284,0.0160483649998775,0.853908119268667,0.916056917599496
"Darlington County","vap_black","uss_16_dem_dix",0.957504818874823,0.0174111627423031,0.91832416521432,0.98411851421071
"Darlington County","vap_black","uss_16_rep_sco",0.042495181125177,0.0174111627423031,0.0158814857892898,0.08167583478568
"Darlington County","vap_hisp","uss_16_dem_dix",0.573296338350318,0.154391961567158,0.265709256427162,0.848475218355869
"Darlington County","vap_hisp","uss_16_rep_sco",0.426703661649682,0.154391961567158,0.151524781644131,0.734290743572838
"Darlington County","vap_asian","uss_16_dem_dix",0.522368515386807,0.168975394644697,0.201674854997782,0.844073082885291
"Darlington County","vap_asian","uss_16_rep_sco",0.477631484613193,0.168975394644697,0.155926917114709,0.798325145002218
"Darlington County","vap_aian","uss_16_dem_dix",0.488868640105074,0.169653412482161,0.161218400577628,0.810907728600899
"Darlington County","vap_aian","uss_16_rep_sco",0.511131359894926,0.169653412482161,0.189092271399101,0.838781599422372
"Darlington County","vap_oth_b","uss_16_dem_dix",0.516012756644947,0.196125704604722,0.122891586072614,0.87053164661614
"Darlington County","vap_oth_b","uss_16_rep_sco",0.483987243355053,0.196125704604722,0.12946835338386,0.877108413927386
"Darlington County","vap_white","gov_18_dem_smi",0.169974646049201,0.0171457037388796,0.14106478997,0.209411194702996
"Darlington County","vap_white","gov_18_rep_mcm",0.830025353950799,0.0171457037388796,0.790588805297004,0.85893521003
"Darlington County","vap_black","gov_18_dem_smi",0.959014457984152,0.0173987479724355,0.916238254707866,0.984301486575909
"Darlington County","vap_black","gov_18_rep_mcm",0.0409855420158484,0.0173987479724355,0.0156985134240913,0.0837617452921346
"Darlington County","vap_hisp","gov_18_dem_smi",0.542127782328812,0.150981476743343,0.250723387264465,0.81897400130559
"Darlington County","vap_hisp","gov_18_rep_mcm",0.457872217671188,0.150981476743343,0.18102599869441,0.749276612735535
"Darlington County","vap_asian","gov_18_dem_smi",0.517351908270684,0.178414932568371,0.17602920771375,0.843280245421355
"Darlington County","vap_asian","gov_18_rep_mcm",0.482648091729316,0.178414932568371,0.156719754578645,0.82397079228625
"Darlington County","vap_aian","gov_18_dem_smi",0.480713284997341,0.169935130473291,0.160148266754434,0.808506191204464
"Darlington County","vap_aian","gov_18_rep_mcm",0.519286715002659,0.169935130473291,0.191493808795536,0.839851733245566
"Darlington County","vap_oth_b","gov_18_dem_smi",0.641389098069417,0.143665420193934,0.346400064790788,0.88724533912108
"Darlington County","vap_oth_b","gov_18_rep_mcm",0.358610901930583,0.143665420193934,0.11275466087892,0.653599935209212
"Darlington County","vap_white","atg_18_dem_ana",0.1502274375324,0.0178516053436954,0.121233933363881,0.191431486258424
"Darlington County","vap_white","atg_18_rep_wil",0.8497725624676,0.0178516053436954,0.808568513741576,0.878766066636118
"Darlington County","vap_black","atg_18_dem_ana",0.959895781157472,0.0184234676524905,0.914389913632678,0.986091329596652
"Darlington County","vap_black","atg_18_rep_wil",0.0401042188425283,0.0184234676524905,0.0139086704033483,0.0856100863673225
"Darlington County","vap_hisp","atg_18_dem_ana",0.559224273047155,0.154500531994501,0.258623926708264,0.837063103317079
"Darlington County","vap_hisp","atg_18_rep_wil",0.440775726952845,0.154500531994501,0.162936896682921,0.741376073291736
"Darlington County","vap_asian","atg_18_dem_ana",0.512148831172371,0.180686795183698,0.167747289570754,0.844820886994091
"Darlington County","vap_asian","atg_18_rep_wil",0.487851168827629,0.180686795183698,0.155179113005909,0.832252710429246
"Darlington County","vap_aian","atg_18_dem_ana",0.49110641536439,0.167934203249699,0.172907195730923,0.812662456034718
"Darlington County","vap_aian","atg_18_rep_wil",0.50889358463561,0.167934203249699,0.187337543965282,0.827092804269076
"Darlington County","vap_oth_b","atg_18_dem_ana",0.614585300301681,0.149011610025407,0.293603092426326,0.858362981890285
"Darlington County","vap_oth_b","atg_18_rep_wil",0.385414699698319,0.149011610025407,0.141637018109715,0.706396907573674
"Darlington County","vap_white","sos_18_dem_whi",0.141167252212553,0.0175896355748909,0.112373040392288,0.181051969276312
"Darlington County","vap_white","sos_18_rep_ham",0.858832747787447,0.0175896355748909,0.818948030723688,0.887626959607712
"Darlington County","vap_black","sos_18_dem_whi",0.959194798622525,0.0186008414815568,0.913578988018659,0.985712341879547
"Darlington County","vap_black","sos_18_rep_ham",0.0408052013774752,0.0186008414815568,0.0142876581204534,0.0864210119813413
"Darlington County","vap_hisp","sos_18_dem_whi",0.553884231509732,0.167032692563942,0.221097555547034,0.858539082062052
"Darlington County","vap_hisp","sos_18_rep_ham",0.446115768490268,0.167032692563942,0.141460917937948,0.778902444452966
"Darlington County","vap_asian","sos_18_dem_whi",0.513255481945823,0.165785993916598,0.196464954417852,0.825424932295341
"Darlington County","vap_asian","sos_18_rep_ham",0.486744518054177,0.165785993916598,0.174575067704659,0.803535045582148
"Darlington County","vap_aian","sos_18_dem_whi",0.520478262425973,0.175904575030398,0.196816098111441,0.859868034741562
"Darlington County","vap_aian","sos_18_rep_ham",0.479521737574027,0.175904575030398,0.140131965258438,0.803183901888558
"Darlington County","vap_oth_b","sos_18_dem_whi",0.644104448460898,0.149945939548534,0.303470932016989,0.88681825804574
"Darlington County","vap_oth_b","sos_18_rep_ham",0.355895551539102,0.149945939548534,0.113181741954259,0.696529067983011
"Darlington County","vap_white","pre_20_rep_tru",0.882192410589949,0.0156291666132485,0.848146340173037,0.909185675235909
"Darlington County","vap_white","pre_20_dem_bid",0.117807589410051,0.0156291666132485,0.0908143247640907,0.151853659826963
"Darlington County","vap_black","pre_20_rep_tru",0.0381823695266459,0.0162614200511846,0.0145261953228561,0.0780275169710419
"Darlington County","vap_black","pre_20_dem_bid",0.961817630473354,0.0162614200511846,0.921972483028958,0.985473804677144
"Darlington County","vap_hisp","pre_20_rep_tru",0.420961656329204,0.158643781959033,0.145721788661378,0.741052474767772
"Darlington County","vap_hisp","pre_20_dem_bid",0.579038343670796,0.158643781959033,0.258947525232228,0.854278211338622
"Darlington County","vap_asian","pre_20_rep_tru",0.457454811440374,0.172062673313874,0.153833212467061,0.807089778187657
"Darlington County","vap_asian","pre_20_dem_bid",0.542545188559626,0.172062673313874,0.192910221812343,0.846166787532939
"Darlington County","vap_aian","pre_20_rep_tru",0.514432501104018,0.164874964059389,0.195782897592692,0.83724667437563
"Darlington County","vap_aian","pre_20_dem_bid",0.485567498895982,0.164874964059389,0.16275332562437,0.804217102407308
"Darlington County","vap_oth_b","pre_20_rep_tru",0.381981045491642,0.147890793352008,0.119130118982833,0.684414187909187
"Darlington County","vap_oth_b","pre_20_dem_bid",0.618018954508358,0.147890793352008,0.315585812090813,0.880869881017167
"Darlington County","vap_white","uss_20_rep_gra",0.862084473864673,0.0174344482190768,0.824788982498812,0.892302061660019
"Darlington County","vap_white","uss_20_dem_har",0.137915526135327,0.0174344482190768,0.107697938339981,0.175211017501188
"Darlington County","vap_black","uss_20_rep_gra",0.0380830979160403,0.0170587745605163,0.0131761204132256,0.0772248650188362
"Darlington County","vap_black","uss_20_dem_har",0.96191690208396,0.0170587745605163,0.922775134981164,0.986823879586774
"Darlington County","vap_hisp","uss_20_rep_gra",0.420285591827479,0.16155314396431,0.142188408567377,0.750418261531822
"Darlington County","vap_hisp","uss_20_dem_har",0.579714408172521,0.16155314396431,0.249581738468178,0.857811591432623
"Darlington County","vap_asian","uss_20_rep_gra",0.490518923447225,0.177521145151756,0.162447571719703,0.838240133246986
"Darlington County","vap_asian","uss_20_dem_har",0.509481076552775,0.177521145151756,0.161759866753014,0.837552428280297
"Darlington County","vap_aian","uss_20_rep_gra",0.480328498710412,0.174975530189986,0.153466758198525,0.809676457545254
"Darlington County","vap_aian","uss_20_dem_har",0.519671501289588,0.174975530189986,0.190323542454746,0.846533241801475
"Darlington County","vap_oth_b","uss_20_rep_gra",0.360227179332007,0.139038301750266,0.131404398634278,0.662535342324687
"Darlington County","vap_oth_b","uss_20_dem_har",0.639772820667993,0.139038301750266,0.337464657675313,0.868595601365722
"Dillon County","vap_white","pre_16_dem_cli",0.135573938199604,0.0351896576414085,0.0799265196407153,0.218206484047025
"Dillon County","vap_white","pre_16_rep_tru",0.864426061800396,0.0351896576414085,0.781793515952975,0.920073480359285
"Dillon County","vap_black","pre_16_dem_cli",0.911712903414428,0.0421879054120515,0.813700419089018,0.973210650997934
"Dillon County","vap_black","pre_16_rep_tru",0.0882870965855722,0.0421879054120515,0.0267893490020655,0.186299580910982
"Dillon County","vap_hisp","pre_16_dem_cli",0.54381456784268,0.167811794709086,0.20873453524577,0.849442580578405
"Dillon County","vap_hisp","pre_16_rep_tru",0.45618543215732,0.167811794709086,0.150557419421595,0.79126546475423
"Dillon County","vap_asian","pre_16_dem_cli",0.471804576773823,0.182946111650451,0.142817173292241,0.821073373130159
"Dillon County","vap_asian","pre_16_rep_tru",0.528195423226177,0.182946111650451,0.178926626869841,0.857182826707759
"Dillon County","vap_aian","pre_16_dem_cli",0.59994668676837,0.15975407037902,0.267000116455827,0.878561429505864
"Dillon County","vap_aian","pre_16_rep_tru",0.400053313231629,0.15975407037902,0.121438570494136,0.732999883544172
"Dillon County","vap_oth_b","pre_16_dem_cli",0.530149581948454,0.171190835851808,0.177385788119775,0.836148928676752
"Dillon County","vap_oth_b","pre_16_rep_tru",0.469850418051546,0.171190835851808,0.163851071323248,0.822614211880225
"Dillon County","vap_white","uss_16_dem_dix",0.107848902807652,0.0418624493437462,0.0485860833723131,0.207979285907882
"Dillon County","vap_white","uss_16_rep_sco",0.892151097192348,0.0418624493437462,0.792020714092118,0.951413916627687
"Dillon County","vap_black","uss_16_dem_dix",0.871903157508637,0.0562315902048247,0.740916088801296,0.950822148789829
"Dillon County","vap_black","uss_16_rep_sco",0.128096842491363,0.0562315902048247,0.0491778512101713,0.259083911198704
"Dillon County","vap_hisp","uss_16_dem_dix",0.514190487626441,0.169398379386033,0.192797128309221,0.834242588421401
"Dillon County","vap_hisp","uss_16_rep_sco",0.485809512373559,0.169398379386033,0.165757411578599,0.807202871690779
"Dillon County","vap_asian","uss_16_dem_dix",0.474498575893582,0.17981193907075,0.153726704659789,0.816386929574369
"Dillon County","vap_asian","uss_16_rep_sco",0.525501424106418,0.17981193907075,0.183613070425631,0.846273295340211
"Dillon County","vap_aian","uss_16_dem_dix",0.600923247775695,0.165375019084225,0.244737438268367,0.878036305788634
"Dillon County","vap_aian","uss_16_rep_sco",0.399076752224305,0.165375019084225,0.121963694211366,0.755262561731633
"Dillon County","vap_oth_b","uss_16_dem_dix",0.49271502609693,0.181964302251297,0.143140707549376,0.835392427429116
"Dillon County","vap_oth_b","uss_16_rep_sco",0.50728497390307,0.181964302251297,0.164607572570884,0.856859292450624
"Dillon County","vap_white","gov_18_dem_smi",0.15242310743448,0.0359020580304715,0.0947879805729017,0.235817958806878
"Dillon County","vap_white","gov_18_rep_mcm",0.84757689256552,0.0359020580304715,0.764182041193122,0.905212019427098
"Dillon County","vap_black","gov_18_dem_smi",0.924880494447232,0.0395688864331741,0.827311331326278,0.979270448198308
"Dillon County","vap_black","gov_18_rep_mcm",0.0751195055527677,0.0395688864331741,0.0207295518016917,0.172688668673722
"Dillon County","vap_hisp","gov_18_dem_smi",0.583451174333985,0.163079965173226,0.239310957736506,0.863975999725443
"Dillon County","vap_hisp","gov_18_rep_mcm",0.416548825666015,0.163079965173226,0.136024000274557,0.760689042263494
"Dillon County","vap_asian","gov_18_dem_smi",0.4925173380701,0.180027729238962,0.160526994345059,0.834871880222174
"Dillon County","vap_asian","gov_18_rep_mcm",0.507482661929899,0.180027729238962,0.165128119777826,0.839473005654941
"Dillon County","vap_aian","gov_18_dem_smi",0.603729591189584,0.159876004095195,0.265695335168148,0.87736494696879
"Dillon County","vap_aian","gov_18_rep_mcm",0.396270408810416,0.159876004095195,0.122635053031209,0.734304664831851
"Dillon County","vap_oth_b","gov_18_dem_smi",0.549564867955678,0.164388299501749,0.234473500488597,0.849487880429001
"Dillon County","vap_oth_b","gov_18_rep_mcm",0.450435132044322,0.164388299501749,0.150512119570999,0.765526499511403
"Dillon County","vap_white","atg_18_dem_ana",0.162539592239138,0.0392597245815061,0.0965566891801338,0.252615952779051
"Dillon County","vap_white","atg_18_rep_wil",0.837460407760862,0.0392597245815061,0.747384047220949,0.903443310819866
"Dillon County","vap_black","atg_18_dem_ana",0.905582545149206,0.045987300669211,0.790940672901593,0.971398077358896
"Dillon County","vap_black","atg_18_rep_wil",0.0944174548507942,0.045987300669211,0.028601922641104,0.209059327098407
"Dillon County","vap_hisp","atg_18_dem_ana",0.574732452311051,0.171967281242315,0.227892868583618,0.866642064847734
"Dillon County","vap_hisp","atg_18_rep_wil",0.425267547688949,0.171967281242315,0.133357935152266,0.772107131416382
"Dillon County","vap_asian","atg_18_dem_ana",0.500713755060687,0.189906498250261,0.15914738482382,0.860441438635957
"Dillon County","vap_asian","atg_18_rep_wil",0.499286244939313,0.189906498250261,0.139558561364043,0.84085261517618
"Dillon County","vap_aian","atg_18_dem_ana",0.583623089409882,0.163780563730953,0.249695684135394,0.873640708135289
"Dillon County","vap_aian","atg_18_rep_wil",0.416376910590117,0.163780563730953,0.126359291864711,0.750304315864605
"Dillon County","vap_oth_b","atg_18_dem_ana",0.494344324182298,0.188319317030337,0.120982906697259,0.827697125030737
"Dillon County","vap_oth_b","atg_18_rep_wil",0.505655675817702,0.188319317030337,0.172302874969263,0.879017093302741
"Dillon County","vap_white","sos_18_dem_whi",0.14747434249678,0.0396713389149837,0.0860392950561523,0.236372437478677
"Dillon County","vap_white","sos_18_rep_ham",0.85252565750322,0.0396713389149837,0.763627562521323,0.913960704943848
"Dillon County","vap_black","sos_18_dem_whi",0.908777000720133,0.0479681052382459,0.802575700596725,0.979270320521279
"Dillon County","vap_black","sos_18_rep_ham",0.0912229992798674,0.0479681052382459,0.0207296794787207,0.197424299403275
"Dillon County","vap_hisp","sos_18_dem_whi",0.560199327484811,0.18050010306901,0.192637504516228,0.874433037892979
"Dillon County","vap_hisp","sos_18_rep_ham",0.439800672515189,0.18050010306901,0.12556696210702,0.807362495483772
"Dillon County","vap_asian","sos_18_dem_whi",0.486940780108554,0.179634758925661,0.156411076115015,0.828523726100211
"Dillon County","vap_asian","sos_18_rep_ham",0.513059219891446,0.179634758925661,0.171476273899789,0.843588923884985
"Dillon County","vap_aian","sos_18_dem_whi",0.574455876509425,0.170818750122189,0.224062667870755,0.867600972712393
"Dillon County","vap_aian","sos_18_rep_ham",0.425544123490575,0.170818750122189,0.132399027287607,0.775937332129245
"Dillon County","vap_oth_b","sos_18_dem_whi",0.528343897681415,0.167113840078544,0.208430989010613,0.837738816334499
"Dillon County","vap_oth_b","sos_18_rep_ham",0.471656102318584,0.167113840078544,0.162261183665501,0.791569010989387
"Dillon County","vap_white","pre_20_rep_tru",0.923424188242388,0.0249317023129238,0.863693303902619,0.961433094103245
"Dillon County","vap_white","pre_20_dem_bid",0.076575811757612,0.0249317023129238,0.0385669058967554,0.136306696097381
"Dillon County","vap_black","pre_20_rep_tru",0.0610583017463743,0.0282533434776261,0.0199238045919399,0.129748194134301
"Dillon County","vap_black","pre_20_dem_bid",0.938941698253626,0.0282533434776261,0.870251805865699,0.98007619540806
"Dillon County","vap_hisp","pre_20_rep_tru",0.380210909735951,0.159606312680113,0.111553001924623,0.723891712464683
"Dillon County","vap_hisp","pre_20_dem_bid",0.619789090264049,0.159606312680113,0.276108287535317,0.888446998075377
"Dillon County","vap_asian","pre_20_rep_tru",0.499686090689801,0.196647873934129,0.144430641320399,0.8859673549853
"Dillon County","vap_asian","pre_20_dem_bid",0.500313909310199,0.196647873934129,0.1140326450147,0.855569358679601
"Dillon County","vap_aian","pre_20_rep_tru",0.412429434022834,0.158842497184425,0.142188704054382,0.743016185403583
"Dillon County","vap_aian","pre_20_dem_bid",0.587570565977166,0.158842497184425,0.256983814596416,0.857811295945618
"Dillon County","vap_oth_b","pre_20_rep_tru",0.43780631249963,0.168824086804418,0.120725002637019,0.769731037609772
"Dillon County","vap_oth_b","pre_20_dem_bid",0.56219368750037,0.168824086804418,0.230268962390228,0.879274997362981
"Dillon County","vap_white","uss_20_rep_gra",0.872396110706352,0.0380923901289613,0.777053170271288,0.928148712465914
"Dillon County","vap_white","uss_20_dem_har",0.127603889293648,0.0380923901289613,0.0718512875340857,0.222946829728712
"Dillon County","vap_black","uss_20_rep_gra",0.0811901780785393,0.0444960260211215,0.0223331130008517,0.192937465396608
"Dillon County","vap_black","uss_20_dem_har",0.918809821921461,0.0444960260211215,0.807062534603393,0.977666886999148
"Dillon County","vap_hisp","uss_20_rep_gra",0.413198426132971,0.16801986571317,0.118928354942103,0.746946301330152
"Dillon County","vap_hisp","uss_20_dem_har",0.586801573867028,0.16801986571317,0.253053698669848,0.881071645057897
"Dillon County","vap_asian","uss_20_rep_gra",0.509725562942946,0.191638293992628,0.152106661560678,0.864902535063731
"Dillon County","vap_asian","uss_20_dem_har",0.490274437057054,0.191638293992628,0.135097464936268,0.847893338439322
"Dillon County","vap_aian","uss_20_rep_gra",0.414448795768363,0.163337314323468,0.136141224264418,0.75765521739327
"Dillon County","vap_aian","uss_20_dem_har",0.585551204231637,0.163337314323468,0.242344782606729,0.863858775735582
"Dillon County","vap_oth_b","uss_20_rep_gra",0.448582492338235,0.162278461443073,0.15476645834476,0.776924704112541
"Dillon County","vap_oth_b","uss_20_dem_har",0.551417507661764,0.162278461443073,0.223075295887459,0.84523354165524
"Dorchester County","vap_white","pre_16_dem_cli",0.17292080193728,0.0150284944379541,0.147869495454137,0.20589498135667
"Dorchester County","vap_white","pre_16_rep_tru",0.82707919806272,0.0150284944379541,0.79410501864333,0.852130504545863
"Dorchester County","vap_black","pre_16_dem_cli",0.910545997479732,0.0249840918067647,0.853056127728838,0.949683392054046
"Dorchester County","vap_black","pre_16_rep_tru",0.0894540025202683,0.0249840918067647,0.0503166079459534,0.146943872271162
"Dorchester County","vap_hisp","pre_16_dem_cli",0.770655760784988,0.0894825790385742,0.57310468108734,0.908612735163694
"Dorchester County","vap_hisp","pre_16_rep_tru",0.229344239215012,0.0894825790385742,0.0913872648363059,0.42689531891266
"Dorchester County","vap_asian","pre_16_dem_cli",0.651530164967928,0.141567994472797,0.342604981611043,0.885115345856188
"Dorchester County","vap_asian","pre_16_rep_tru",0.348469835032072,0.141567994472797,0.114884654143812,0.657395018388957
"Dorchester County","vap_aian","pre_16_dem_cli",0.545233566427309,0.151133686070644,0.243357311115834,0.815467363449374
"Dorchester County","vap_aian","pre_16_rep_tru",0.454766433572691,0.151133686070644,0.184532636550626,0.756642688884166
"Dorchester County","vap_oth_b","pre_16_dem_cli",0.674943604182164,0.131193252062381,0.384344964358188,0.88279974649806
"Dorchester County","vap_oth_b","pre_16_rep_tru",0.325056395817836,0.131193252062381,0.11720025350194,0.615655035641812
"Dorchester County","vap_white","uss_16_dem_dix",0.062103926104868,0.00990781283267236,0.0447501515637382,0.0832511593389799
"Dorchester County","vap_white","uss_16_rep_sco",0.937896073895132,0.00990781283267236,0.91674884066102,0.955249848436262
"Dorchester County","vap_black","uss_16_dem_dix",0.912737787122268,0.0201976475337312,0.866726656012261,0.944736394612783
"Dorchester County","vap_black","uss_16_rep_sco",0.0872622128777314,0.0201976475337312,0.0552636053872166,0.133273343987739
"Dorchester County","vap_hisp","uss_16_dem_dix",0.772181232672598,0.0890755976186858,0.570741149961682,0.910532492605127
"Dorchester County","vap_hisp","uss_16_rep_sco",0.227818767327402,0.0890755976186858,0.0894675073948725,0.429258850038317
"Dorchester County","vap_asian","uss_16_dem_dix",0.582582871853939,0.145182025666272,0.286620107015185,0.836213107628804
"Dorchester County","vap_asian","uss_16_rep_sco",0.417417128146061,0.145182025666272,0.163786892371196,0.713379892984815
"Dorchester County","vap_aian","uss_16_dem_dix",0.570670470034295,0.156556848938908,0.25197870745449,0.838075805890167
"Dorchester County","vap_aian","uss_16_rep_sco",0.429329529965705,0.156556848938908,0.161924194109833,0.748021292545509
"Dorchester County","vap_oth_b","uss_16_dem_dix",0.743624590543825,0.114209201065059,0.479740876135157,0.911681793148024
"Dorchester County","vap_oth_b","uss_16_rep_sco",0.256375409456175,0.114209201065059,0.0883182068519756,0.520259123864842
"Dorchester County","vap_white","gov_18_dem_smi",0.262963196140582,0.0169511337649747,0.232591511985594,0.299615638633927
"Dorchester County","vap_white","gov_18_rep_mcm",0.737036803859418,0.0169511337649747,0.700384361366072,0.767408488014405
"Dorchester County","vap_black","gov_18_dem_smi",0.882650863051783,0.032542114582255,0.812344754821524,0.937308537872916
"Dorchester County","vap_black","gov_18_rep_mcm",0.117349136948217,0.032542114582255,0.0626914621270841,0.187655245178476
"Dorchester County","vap_hisp","gov_18_dem_smi",0.755444963124472,0.093805310352891,0.548637038749422,0.912895735187448
"Dorchester County","vap_hisp","gov_18_rep_mcm",0.244555036875528,0.093805310352891,0.0871042648125516,0.451362961250578
"Dorchester County","vap_asian","gov_18_dem_smi",0.628939263768937,0.145960001510003,0.314721723381415,0.869168817169329
"Dorchester County","vap_asian","gov_18_rep_mcm",0.371060736231063,0.145960001510003,0.130831182830671,0.685278276618585
"Dorchester County","vap_aian","gov_18_dem_smi",0.506847949339447,0.192521239350665,0.159189588959398,0.879967622251377
"Dorchester County","vap_aian","gov_18_rep_mcm",0.493152050660553,0.192521239350665,0.120032377748622,0.840810411040602
"Dorchester County","vap_oth_b","gov_18_dem_smi",0.673127238436405,0.128742702793101,0.386097443636462,0.886499490291199
"Dorchester County","vap_oth_b","gov_18_rep_mcm",0.326872761563595,0.128742702793101,0.113500509708801,0.613902556363537
"Dorchester County","vap_white","atg_18_dem_ana",0.246444611598568,0.0157990104852222,0.215880429876025,0.277379972496474
"Dorchester County","vap_white","atg_18_rep_wil",0.753555388401432,0.0157990104852222,0.722620027503526,0.784119570123975
"Dorchester County","vap_black","atg_18_dem_ana",0.876993892541239,0.0341815400940296,0.799421839533647,0.932931787357437
"Dorchester County","vap_black","atg_18_rep_wil",0.123006107458761,0.0341815400940296,0.0670682126425633,0.200578160466353
"Dorchester County","vap_hisp","atg_18_dem_ana",0.73903318652488,0.103826903654243,0.490253595640443,0.897944004956708
"Dorchester County","vap_hisp","atg_18_rep_wil",0.26096681347512,0.103826903654243,0.102055995043292,0.509746404359557
"Dorchester County","vap_asian","atg_18_dem_ana",0.640237205358905,0.139295494038166,0.326216563337368,0.865688542193898
"Dorchester County","vap_asian","atg_18_rep_wil",0.359762794641095,0.139295494038166,0.134311457806102,0.673783436662632
"Dorchester County","vap_aian","atg_18_dem_ana",0.527278052046218,0.167954956220436,0.211534520952015,0.841135780959193
"Dorchester County","vap_aian","atg_18_rep_wil",0.472721947953782,0.167954956220436,0.158864219040807,0.788465479047984
"Dorchester County","vap_oth_b","atg_18_dem_ana",0.643985909595248,0.136812871283318,0.321900139918454,0.852295057868924
"Dorchester County","vap_oth_b","atg_18_rep_wil",0.356014090404752,0.136812871283318,0.147704942131076,0.678099860081546
"Dorchester County","vap_white","sos_18_dem_whi",0.219636016269618,0.0157148948996695,0.192902163097917,0.252549374578512
"Dorchester County","vap_white","sos_18_rep_ham",0.780363983730382,0.0157148948996695,0.747450625421488,0.807097836902083
"Dorchester County","vap_black","sos_18_dem_whi",0.880965783556912,0.0321757441837623,0.806351166647245,0.931240659516035
"Dorchester County","vap_black","sos_18_rep_ham",0.119034216443088,0.0321757441837623,0.0687593404839646,0.193648833352755
"Dorchester County","vap_hisp","sos_18_dem_whi",0.79662239892183,0.099587471657847,0.56761836334237,0.932502936347542
"Dorchester County","vap_hisp","sos_18_rep_ham",0.20337760107817,0.099587471657847,0.0674970636524576,0.43238163665763
"Dorchester County","vap_asian","sos_18_dem_whi",0.637768299909892,0.154824175314292,0.306176162212145,0.885093095355832
"Dorchester County","vap_asian","sos_18_rep_ham",0.362231700090108,0.154824175314292,0.114906904644168,0.693823837787855
"Dorchester County","vap_aian","sos_18_dem_whi",0.489273945791182,0.157341378996669,0.199266435312274,0.796160556974609
"Dorchester County","vap_aian","sos_18_rep_ham",0.510726054208818,0.157341378996669,0.203839443025391,0.800733564687726
"Dorchester County","vap_oth_b","sos_18_dem_whi",0.645675480408343,0.14868528603243,0.317834818277684,0.873062492972575
"Dorchester County","vap_oth_b","sos_18_rep_ham",0.354324519591657,0.14868528603243,0.126937507027425,0.682165181722316
"Dorchester County","vap_white","pre_20_rep_tru",0.754699619502701,0.0193638200107253,0.703384129622994,0.782213847630621
"Dorchester County","vap_white","pre_20_dem_bid",0.245300380497299,0.0193638200107253,0.217786152369379,0.296615870377006
"Dorchester County","vap_black","pre_20_rep_tru",0.105798431893052,0.0396198807217713,0.0524375056801422,0.204320403350706
"Dorchester County","vap_black","pre_20_dem_bid",0.894201568106948,0.0396198807217713,0.795679596649294,0.947562494319858
"Dorchester County","vap_hisp","pre_20_rep_tru",0.245222854244563,0.0976744446830697,0.0834112276878264,0.450668750730629
"Dorchester County","vap_hisp","pre_20_dem_bid",0.754777145755437,0.0976744446830697,0.549331249269371,0.916588772312174
"Dorchester County","vap_asian","pre_20_rep_tru",0.357486829877329,0.138639593918199,0.138748458473925,0.677909646915694
"Dorchester County","vap_asian","pre_20_dem_bid",0.642513170122671,0.138639593918199,0.322090353084306,0.861251541526075
"Dorchester County","vap_aian","pre_20_rep_tru",0.563717945945614,0.161995317115134,0.256621231461939,0.871064581316509
"Dorchester County","vap_aian","pre_20_dem_bid",0.436282054054386,0.161995317115134,0.128935418683491,0.743378768538061
"Dorchester County","vap_oth_b","pre_20_rep_tru",0.333589483764963,0.149539165076865,0.117932066686075,0.688150604807151
"Dorchester County","vap_oth_b","pre_20_dem_bid",0.666410516235037,0.149539165076865,0.311849395192849,0.882067933313925
"Dorchester County","vap_white","uss_20_rep_gra",0.738378420228967,0.0182614011718336,0.699617761130124,0.769523892479636
"Dorchester County","vap_white","uss_20_dem_har",0.261621579771033,0.0182614011718336,0.230476107520364,0.300382238869876
"Dorchester County","vap_black","uss_20_rep_gra",0.108138167069099,0.0356014105340083,0.0523241817299625,0.194195296931105
"Dorchester County","vap_black","uss_20_dem_har",0.891861832930901,0.0356014105340083,0.805804703068895,0.947675818270038
"Dorchester County","vap_hisp","uss_20_rep_gra",0.236746763601493,0.0970639466251547,0.086164596512651,0.461561651744356
"Dorchester County","vap_hisp","uss_20_dem_har",0.763253236398508,0.0970639466251547,0.538438348255644,0.913835403487349
"Dorchester County","vap_asian","uss_20_rep_gra",0.335398967295845,0.132152615359137,0.117005233869504,0.607509498119185
"Dorchester County","vap_asian","uss_20_dem_har",0.664601032704155,0.132152615359137,0.392490501880815,0.882994766130496
"Dorchester County","vap_aian","uss_20_rep_gra",0.57592725495201,0.157078697128834,0.258690904235515,0.848456996213688
"Dorchester County","vap_aian","uss_20_dem_har",0.42407274504799,0.157078697128834,0.151543003786312,0.741309095764485
"Dorchester County","vap_oth_b","uss_20_rep_gra",0.344197073257789,0.146189207723168,0.108719367007456,0.677448278629555
"Dorchester County","vap_oth_b","uss_20_dem_har",0.655802926742211,0.146189207723168,0.322551721370445,0.891280632992544
"Edgefield County","vap_white","pre_16_dem_cli",0.136003077779629,0.0462568988668295,0.0651280800361386,0.246763273556001
"Edgefield County","vap_white","pre_16_rep_tru",0.863996922220371,0.0462568988668295,0.753236726443999,0.934871919963862
"Edgefield County","vap_black","pre_16_dem_cli",0.883015379895503,0.0693144786555732,0.709797475430561,0.974888980959025
"Edgefield County","vap_black","pre_16_rep_tru",0.116984620104497,0.0693144786555732,0.0251110190409746,0.290202524569439
"Edgefield County","vap_hisp","pre_16_dem_cli",0.599567998507667,0.16393228316281,0.267716011375496,0.881906640463634
"Edgefield County","vap_hisp","pre_16_rep_tru",0.400432001492333,0.16393228316281,0.118093359536366,0.732283988624504
"Edgefield County","vap_asian","pre_16_dem_cli",0.509614009338687,0.178930611101255,0.172030043362734,0.841610313480886
"Edgefield County","vap_asian","pre_16_rep_tru",0.490385990661313,0.178930611101255,0.158389686519114,0.827969956637266
"Edgefield County","vap_aian","pre_16_dem_cli",0.496445635477843,0.182445368341286,0.15540127816763,0.832274810590593
"Edgefield County","vap_aian","pre_16_rep_tru",0.503554364522157,0.182445368341286,0.167725189409407,0.84459872183237
"Edgefield County","vap_oth_b","pre_16_dem_cli",0.553748008342804,0.181138060414184,0.181040351193471,0.87214533170956
"Edgefield County","vap_oth_b","pre_16_rep_tru",0.446251991657196,0.181138060414184,0.127854668290439,0.818959648806529
"Edgefield County","vap_white","uss_16_dem_dix",0.130288244379663,0.0444844175023342,0.0612075207088924,0.233992891330966
"Edgefield County","vap_white","uss_16_rep_sco",0.869711755620337,0.0444844175023342,0.766007108669034,0.938792479291108
"Edgefield County","vap_black","uss_16_dem_dix",0.877692269660427,0.0656821346899263,0.720839549734081,0.968037697240193
"Edgefield County","vap_black","uss_16_rep_sco",0.122307730339573,0.0656821346899263,0.0319623027598072,0.279160450265919
"Edgefield County","vap_hisp","uss_16_dem_dix",0.59838388747239,0.166054024850642,0.256940317719671,0.887058044549646
"Edgefield County","vap_hisp","uss_16_rep_sco",0.40161611252761,0.166054024850642,0.112941955450354,0.743059682280329
"Edgefield County","vap_asian","uss_16_dem_dix",0.511518504652518,0.182197774666599,0.167704345291569,0.859671735484633
"Edgefield County","vap_asian","uss_16_rep_sco",0.488481495347482,0.182197774666599,0.140328264515367,0.832295654708431
"Edgefield County","vap_aian","uss_16_dem_dix",0.508428003425151,0.178055270673936,0.168243985339153,0.83985936070693
"Edgefield County","vap_aian","uss_16_rep_sco",0.491571996574849,0.178055270673936,0.16014063929307,0.831756014660847
"Edgefield County","vap_oth_b","uss_16_dem_dix",0.551097112471306,0.180209708663799,0.196955721609141,0.876449978319348
"Edgefield County","vap_oth_b","uss_16_rep_sco",0.448902887528694,0.180209708663799,0.123550021680652,0.803044278390859
"Edgefield County","vap_white","gov_18_dem_smi",0.16582625235416,0.0477576373994398,0.0947979856484603,0.28157869281337
"Edgefield County","vap_white","gov_18_rep_mcm",0.83417374764584,0.0477576373994398,0.71842130718663,0.90520201435154
"Edgefield County","vap_black","gov_18_dem_smi",0.849266231321529,0.072356040621938,0.672886511427346,0.951574743806191
"Edgefield County","vap_black","gov_18_rep_mcm",0.150733768678471,0.072356040621938,0.0484252561938094,0.327113488572653
"Edgefield County","vap_hisp","gov_18_dem_smi",0.541557988009435,0.171688500156537,0.201134882631824,0.855626755766912
"Edgefield County","vap_hisp","gov_18_rep_mcm",0.458442011990565,0.171688500156537,0.144373244233087,0.798865117368176
"Edgefield County","vap_asian","gov_18_dem_smi",0.49856510545156,0.172743906103548,0.169097078210705,0.820408038039144
"Edgefield County","vap_asian","gov_18_rep_mcm",0.50143489454844,0.172743906103548,0.179591961960856,0.830902921789295
"Edgefield County","vap_aian","gov_18_dem_smi",0.4876740225644,0.183662362211733,0.136346166649587,0.835313356143519
"Edgefield County","vap_aian","gov_18_rep_mcm",0.5123259774356,0.183662362211733,0.164686643856481,0.863653833350412
"Edgefield County","vap_oth_b","gov_18_dem_smi",0.536651113620205,0.179549195410886,0.176353419798554,0.854857568578844
"Edgefield County","vap_oth_b","gov_18_rep_mcm",0.463348886379795,0.179549195410886,0.145142431421156,0.823646580201446
"Edgefield County","vap_white","atg_18_dem_ana",0.128390161434537,0.0471007810891462,0.0633027383689081,0.246497656505317
"Edgefield County","vap_white","atg_18_rep_wil",0.871609838565463,0.0471007810891462,0.753502343494683,0.936697261631092
"Edgefield County","vap_black","atg_18_dem_ana",0.863721603499127,0.0756616739411431,0.673075260950922,0.963437342370988
"Edgefield County","vap_black","atg_18_rep_wil",0.136278396500873,0.0756616739411431,0.0365626576290122,0.326924739049077
"Edgefield County","vap_hisp","atg_18_dem_ana",0.515085198931372,0.17751854371755,0.17253202920605,0.863371387193433
"Edgefield County","vap_hisp","atg_18_rep_wil",0.484914801068628,0.17751854371755,0.136628612806567,0.82746797079395
"Edgefield County","vap_asian","atg_18_dem_ana",0.494885949019944,0.185025999192218,0.144995332643604,0.844262716698596
"Edgefield County","vap_asian","atg_18_rep_wil",0.505114050980056,0.185025999192218,0.155737283301404,0.855004667356396
"Edgefield County","vap_aian","atg_18_dem_ana",0.511455419401605,0.190458026690318,0.149210756824894,0.884962076955526
"Edgefield County","vap_aian","atg_18_rep_wil",0.488544580598395,0.190458026690318,0.115037923044473,0.850789243175106
"Edgefield County","vap_oth_b","atg_18_dem_ana",0.505724459536043,0.175676301447101,0.164154961087013,0.839663717901426
"Edgefield County","vap_oth_b","atg_18_rep_wil",0.494275540463957,0.175676301447101,0.160336282098574,0.835845038912987
"Edgefield County","vap_white","sos_18_dem_whi",0.119183471552735,0.0370387641699209,0.0646706854929486,0.207367990519746
"Edgefield County","vap_white","sos_18_rep_ham",0.880816528447265,0.0370387641699209,0.792632009480253,0.935329314507051
"Edgefield County","vap_black","sos_18_dem_whi",0.886734027569249,0.0581640564964293,0.74249595477478,0.965294488299169
"Edgefield County","vap_black","sos_18_rep_ham",0.113265972430751,0.0581640564964293,0.0347055117008313,0.25750404522522
"Edgefield County","vap_hisp","sos_18_dem_whi",0.531815457331804,0.166892290630258,0.20494802706772,0.846177065810177
"Edgefield County","vap_hisp","sos_18_rep_ham",0.468184542668196,0.166892290630258,0.153822934189822,0.79505197293228
"Edgefield County","vap_asian","sos_18_dem_whi",0.4941793754701,0.185450635335677,0.147535960346565,0.847962818672475
"Edgefield County","vap_asian","sos_18_rep_ham",0.505820624529899,0.185450635335677,0.152037181327525,0.852464039653435
"Edgefield County","vap_aian","sos_18_dem_whi",0.495652535939285,0.172094345040338,0.16698338213346,0.815285180191399
"Edgefield County","vap_aian","sos_18_rep_ham",0.504347464060715,0.172094345040338,0.184714819808601,0.83301661786654
"Edgefield County","vap_oth_b","sos_18_dem_whi",0.518647266978453,0.172256068692245,0.185841677543979,0.842434560750933
"Edgefield County","vap_oth_b","sos_18_rep_ham",0.481352733021547,0.172256068692245,0.157565439249066,0.814158322456021
"Edgefield County","vap_white","pre_20_rep_tru",0.879790609195465,0.0469039798631336,0.762774032157219,0.946910997271691
"Edgefield County","vap_white","pre_20_dem_bid",0.120209390804535,0.0469039798631336,0.0530890027283091,0.237225967842781
"Edgefield County","vap_black","pre_20_rep_tru",0.129788215726049,0.0768660434684032,0.027777715377083,0.315555903882826
"Edgefield County","vap_black","pre_20_dem_bid",0.870211784273951,0.0768660434684032,0.684444096117174,0.972222284622917
"Edgefield County","vap_hisp","pre_20_rep_tru",0.497833171693332,0.170167394176999,0.175425036506733,0.833926152780836
"Edgefield County","vap_hisp","pre_20_dem_bid",0.502166828306668,0.170167394176999,0.166073847219164,0.824574963493267
"Edgefield County","vap_asian","pre_20_rep_tru",0.482603349990979,0.181981408269608,0.133222861196275,0.824778772964153
"Edgefield County","vap_asian","pre_20_dem_bid",0.517396650009021,0.181981408269608,0.175221227035847,0.866777138803725
"Edgefield County","vap_aian","pre_20_rep_tru",0.502772058491224,0.174425649741889,0.165567579129868,0.837457099834348
"Edgefield County","vap_aian","pre_20_dem_bid",0.497227941508776,0.174425649741889,0.162542900165652,0.834432420870132
"Edgefield County","vap_oth_b","pre_20_rep_tru",0.429462754539359,0.186163206681472,0.083192616803439,0.787995197542563
"Edgefield County","vap_oth_b","pre_20_dem_bid",0.570537245460641,0.186163206681472,0.212004802457437,0.916807383196561
"Edgefield County","vap_white","uss_20_rep_gra",0.86223986064139,0.0446134196348551,0.750427417192028,0.928985182019406
"Edgefield County","vap_white","uss_20_dem_har",0.13776013935861,0.0446134196348551,0.0710148179805934,0.249572582807972
"Edgefield County","vap_black","uss_20_rep_gra",0.127816961159604,0.0707541227709509,0.0309685645652098,0.310025560976954
"Edgefield County","vap_black","uss_20_dem_har",0.872183038840396,0.0707541227709509,0.689974439023046,0.96903143543479
"Edgefield County","vap_hisp","uss_20_rep_gra",0.470457822847861,0.179288944421155,0.13374094347847,0.83125677951288
"Edgefield County","vap_hisp","uss_20_dem_har",0.529542177152139,0.179288944421155,0.16874322048712,0.86625905652153
"Edgefield County","vap_asian","uss_20_rep_gra",0.50023076021189,0.17790313557009,0.170355174561272,0.842706226872364
"Edgefield County","vap_asian","uss_20_dem_har",0.49976923978811,0.17790313557009,0.157293773127635,0.829644825438728
"Edgefield County","vap_aian","uss_20_rep_gra",0.49218852125589,0.183449163758356,0.147744136503962,0.845792666544809
"Edgefield County","vap_aian","uss_20_dem_har",0.50781147874411,0.183449163758356,0.154207333455191,0.852255863496038
"Edgefield County","vap_oth_b","uss_20_rep_gra",0.467662285613869,0.173061773819998,0.154122844671267,0.804569957829042
"Edgefield County","vap_oth_b","uss_20_dem_har",0.532337714386132,0.173061773819998,0.195430042170958,0.845877155328733
"Fairfield County","vap_white","pre_16_dem_cli",0.264991366136211,0.0444999767125521,0.19693104665699,0.373721048011749
"Fairfield County","vap_white","pre_16_rep_tru",0.735008633863789,0.0444999767125521,0.626278951988251,0.80306895334301
"Fairfield County","vap_black","pre_16_dem_cli",0.923943984891198,0.0319721552655241,0.841216507983825,0.969204624005898
"Fairfield County","vap_black","pre_16_rep_tru",0.0760560151088019,0.0319721552655241,0.0307953759941018,0.158783492016175
"Fairfield County","vap_hisp","pre_16_dem_cli",0.519196752676139,0.169043333773743,0.191608366367624,0.829440855319454
"Fairfield County","vap_hisp","pre_16_rep_tru",0.480803247323861,0.169043333773743,0.170559144680546,0.808391633632376
"Fairfield County","vap_asian","pre_16_dem_cli",0.505082610766041,0.181827543116763,0.155847054687784,0.853689281515005
"Fairfield County","vap_asian","pre_16_rep_tru",0.494917389233959,0.181827543116763,0.146310718484995,0.844152945312215
"Fairfield County","vap_aian","pre_16_dem_cli",0.509616679158161,0.178264750883485,0.177794834692734,0.851490178770739
"Fairfield County","vap_aian","pre_16_rep_tru",0.490383320841839,0.178264750883485,0.148509821229261,0.822205165307266
"Fairfield County","vap_oth_b","pre_16_dem_cli",0.570100177436968,0.178151902164062,0.227816505619142,0.912099633726241
"Fairfield County","vap_oth_b","pre_16_rep_tru",0.429899822563032,0.178151902164062,0.0879003662737593,0.772183494380858
"Fairfield County","vap_white","uss_16_dem_dix",0.191289689077387,0.0370093574372952,0.132927467053446,0.281091447404941
"Fairfield County","vap_white","uss_16_rep_sco",0.808710310922613,0.0370093574372952,0.718908552595058,0.867072532946554
"Fairfield County","vap_black","uss_16_dem_dix",0.941441503832986,0.0247355711610108,0.878087962220188,0.977289048587848
"Fairfield County","vap_black","uss_16_rep_sco",0.0585584961670139,0.0247355711610108,0.0227109514121519,0.121912037779812
"Fairfield County","vap_hisp","uss_16_dem_dix",0.522849634411599,0.173647406134145,0.188935082120187,0.83660862853343
"Fairfield County","vap_hisp","uss_16_rep_sco",0.477150365588401,0.173647406134145,0.16339137146657,0.811064917879813
"Fairfield County","vap_asian","uss_16_dem_dix",0.510023129687006,0.176907243057394,0.17684110335969,0.848496999240182
"Fairfield County","vap_asian","uss_16_rep_sco",0.489976870312994,0.176907243057394,0.151503000759818,0.823158896640309
"Fairfield County","vap_aian","uss_16_dem_dix",0.502702703460416,0.175049011640145,0.165258168365143,0.824128329115623
"Fairfield County","vap_aian","uss_16_rep_sco",0.497297296539584,0.175049011640145,0.175871670884376,0.834741831634857
"Fairfield County","vap_oth_b","uss_16_dem_dix",0.566167752655167,0.165834477340824,0.234867181916515,0.858799753564441
"Fairfield County","vap_oth_b","uss_16_rep_sco",0.433832247344833,0.165834477340824,0.141200246435559,0.765132818083485
"Fairfield County","vap_white","gov_18_dem_smi",0.277106047178787,0.0409983822729326,0.211665210405102,0.374153605753201
"Fairfield County","vap_white","gov_18_rep_mcm",0.722893952821212,0.0409983822729326,0.625846394246799,0.788334789594898
"Fairfield County","vap_black","gov_18_dem_smi",0.940964953251152,0.0285616710798685,0.872948660932894,0.983004276040874
"Fairfield County","vap_black","gov_18_rep_mcm",0.0590350467488482,0.0285616710798685,0.0169957239591262,0.127051339067106
"Fairfield County","vap_hisp","gov_18_dem_smi",0.484861894076112,0.1718418117588,0.165310194319979,0.815047866087588
"Fairfield County","vap_hisp","gov_18_rep_mcm",0.515138105923889,0.1718418117588,0.184952133912412,0.834689805680021
"Fairfield County","vap_asian","gov_18_dem_smi",0.486393992645757,0.190860200084888,0.135479072694634,0.853077847516899
"Fairfield County","vap_asian","gov_18_rep_mcm",0.513606007354243,0.190860200084888,0.146922152483101,0.864520927305366
"Fairfield County","vap_aian","gov_18_dem_smi",0.521060709464599,0.177499543942033,0.179354870145911,0.854150678967778
"Fairfield County","vap_aian","gov_18_rep_mcm",0.478939290535401,0.177499543942033,0.145849321032222,0.820645129854088
"Fairfield County","vap_oth_b","gov_18_dem_smi",0.52503119149848,0.167168570549739,0.194195784112278,0.8321827995816
"Fairfield County","vap_oth_b","gov_18_rep_mcm",0.47496880850152,0.167168570549739,0.167817200418399,0.805804215887722
"Fairfield County","vap_white","atg_18_dem_ana",0.285018716742786,0.0422584911145934,0.21295949159002,0.375061001715221
"Fairfield County","vap_white","atg_18_rep_wil",0.714981283257214,0.0422584911145934,0.624938998284779,0.78704050840998
"Fairfield County","vap_black","atg_18_dem_ana",0.913027169913272,0.0297101679468285,0.847878498621474,0.961938421617574
"Fairfield County","vap_black","atg_18_rep_wil",0.0869728300867277,0.0297101679468285,0.0380615783824259,0.152121501378526
"Fairfield County","vap_hisp","atg_18_dem_ana",0.489120692836913,0.173544432437177,0.171712105990048,0.81970325985258
"Fairfield County","vap_hisp","atg_18_rep_wil",0.510879307163087,0.173544432437177,0.18029674014742,0.828287894009952
"Fairfield County","vap_asian","atg_18_dem_ana",0.509207416216687,0.182772751730977,0.172798026698887,0.85504795689215
"Fairfield County","vap_asian","atg_18_rep_wil",0.490792583783313,0.182772751730977,0.14495204310785,0.827201973301113
"Fairfield County","vap_aian","atg_18_dem_ana",0.510705445176607,0.1770283644155,0.16741859125863,0.831521343938408
"Fairfield County","vap_aian","atg_18_rep_wil",0.489294554823393,0.1770283644155,0.168478656061592,0.83258140874137
"Fairfield County","vap_oth_b","atg_18_dem_ana",0.546000123314845,0.158742764631598,0.233416434620719,0.838007807970685
"Fairfield County","vap_oth_b","atg_18_rep_wil",0.453999876685155,0.158742764631598,0.161992192029315,0.766583565379282
"Fairfield County","vap_white","sos_18_dem_whi",0.251447038280457,0.0399636678832753,0.18217405153009,0.337809066917828
"Fairfield County","vap_white","sos_18_rep_ham",0.748552961719543,0.0399636678832753,0.662190933082172,0.81782594846991
"Fairfield County","vap_black","sos_18_dem_whi",0.922201226965687,0.0281784646609688,0.859181799920932,0.967538620636737
"Fairfield County","vap_black","sos_18_rep_ham",0.0777987730343126,0.0281784646609688,0.0324613793632633,0.140818200079068
"Fairfield County","vap_hisp","sos_18_dem_whi",0.494154510695449,0.166745023686975,0.188373403633606,0.808659884147091
"Fairfield County","vap_hisp","sos_18_rep_ham",0.505845489304551,0.166745023686975,0.191340115852909,0.811626596366394
"Fairfield County","vap_asian","sos_18_dem_whi",0.48786295571998,0.191693317619802,0.130857297974011,0.853492853029582
"Fairfield County","vap_asian","sos_18_rep_ham",0.51213704428002,0.191693317619802,0.146507146970418,0.869142702025989
"Fairfield County","vap_aian","sos_18_dem_whi",0.513990137638744,0.169455625939861,0.194437970734756,0.829275675235246
"Fairfield County","vap_aian","sos_18_rep_ham",0.486009862361256,0.169455625939861,0.170724324764754,0.805562029265244
"Fairfield County","vap_oth_b","sos_18_dem_whi",0.549094936358281,0.171531735269909,0.211314787057024,0.853514790863665
"Fairfield County","vap_oth_b","sos_18_rep_ham",0.450905063641719,0.171531735269909,0.146485209136335,0.788685212942976
"Fairfield County","vap_white","pre_20_rep_tru",0.770868278975124,0.0351442827521479,0.695045950209299,0.832551612199039
"Fairfield County","vap_white","pre_20_dem_bid",0.229131721024876,0.0351442827521479,0.167448387800961,0.304954049790701
"Fairfield County","vap_black","pre_20_rep_tru",0.0585144528166612,0.0239228838451003,0.0173669307798246,0.111817896696699
"Fairfield County","vap_black","pre_20_dem_bid",0.941485547183339,0.0239228838451003,0.888182103303301,0.982633069220176
"Fairfield County","vap_hisp","pre_20_rep_tru",0.48756309122244,0.183121526055161,0.156820246773368,0.85405947311741
"Fairfield County","vap_hisp","pre_20_dem_bid",0.51243690877756,0.183121526055161,0.14594052688259,0.843179753226632
"Fairfield County","vap_asian","pre_20_rep_tru",0.513891751255812,0.189571062538421,0.165775739096286,0.863669366732852
"Fairfield County","vap_asian","pre_20_dem_bid",0.486108248744188,0.189571062538421,0.136330633267148,0.834224260903714
"Fairfield County","vap_aian","pre_20_rep_tru",0.499684634282437,0.174173695530779,0.182051233353899,0.831525323833469
"Fairfield County","vap_aian","pre_20_dem_bid",0.500315365717563,0.174173695530779,0.168474676166531,0.817948766646101
"Fairfield County","vap_oth_b","pre_20_rep_tru",0.469134768445697,0.167464034951306,0.159816734842755,0.816973862194104
"Fairfield County","vap_oth_b","pre_20_dem_bid",0.530865231554303,0.167464034951306,0.183026137805895,0.840183265157245
"Fairfield County","vap_white","uss_20_rep_gra",0.759045988980826,0.0401037325489097,0.668474878488464,0.824370223316633
"Fairfield County","vap_white","uss_20_dem_har",0.240954011019174,0.0401037325489097,0.175629776683367,0.331525121511537
"Fairfield County","vap_black","uss_20_rep_gra",0.0574031534186752,0.0269749010744769,0.0159476737949797,0.120013734721334
"Fairfield County","vap_black","uss_20_dem_har",0.942596846581325,0.0269749010744769,0.879986265278666,0.98405232620502
"Fairfield County","vap_hisp","uss_20_rep_gra",0.475145737041243,0.17567686885512,0.156780341179596,0.814415311274192
"Fairfield County","vap_hisp","uss_20_dem_har",0.524854262958757,0.17567686885512,0.185584688725808,0.843219658820404
"Fairfield County","vap_asian","uss_20_rep_gra",0.49277243456975,0.18451643141464,0.152636528193345,0.842112177542333
"Fairfield County","vap_asian","uss_20_dem_har",0.50722756543025,0.18451643141464,0.157887822457667,0.847363471806655
"Fairfield County","vap_aian","uss_20_rep_gra",0.482966951359125,0.174773633838534,0.149574743680305,0.811821154130809
"Fairfield County","vap_aian","uss_20_dem_har",0.517033048640875,0.174773633838534,0.188178845869191,0.850425256319695
"Fairfield County","vap_oth_b","uss_20_rep_gra",0.471889439230409,0.176487315529007,0.141774617597172,0.80154559809601
"Fairfield County","vap_oth_b","uss_20_dem_har",0.528110560769591,0.176487315529007,0.198454401903989,0.858225382402828
"Florence County","vap_white","pre_16_dem_cli",0.0688983750577655,0.00785812082355432,0.0551731460163787,0.086282415076958
"Florence County","vap_white","pre_16_rep_tru",0.931101624942234,0.00785812082355432,0.913717584923042,0.944826853983621
"Florence County","vap_black","pre_16_dem_cli",0.970957085114432,0.00751536565472081,0.953780303360393,0.982769529650816
"Florence County","vap_black","pre_16_rep_tru",0.0290429148855677,0.00751536565472081,0.0172304703491842,0.0462196966396069
"Florence County","vap_hisp","pre_16_dem_cli",0.771516895654512,0.0981055259471436,0.552345707863816,0.92135601285221
"Florence County","vap_hisp","pre_16_rep_tru",0.228483104345488,0.0981055259471436,0.0786439871477896,0.447654292136184
"Florence County","vap_asian","pre_16_dem_cli",0.732527929191998,0.11907609072018,0.453001136235501,0.914255337765271
"Florence County","vap_asian","pre_16_rep_tru",0.267472070808002,0.11907609072018,0.0857446622347289,0.546998863764498
"Florence County","vap_aian","pre_16_dem_cli",0.532262742849933,0.173438576333083,0.199560079543962,0.869176352978423
"Florence County","vap_aian","pre_16_rep_tru",0.467737257150067,0.173438576333083,0.130823647021577,0.800439920456038
"Florence County","vap_oth_b","pre_16_dem_cli",0.805506851835502,0.0737446083011442,0.640746528066339,0.922997834826655
"Florence County","vap_oth_b","pre_16_rep_tru",0.194493148164498,0.0737446083011442,0.0770021651733448,0.359253471933661
"Florence County","vap_white","uss_16_dem_dix",0.0486596410871459,0.00754173318110471,0.0348172268592662,0.0640587681100582
"Florence County","vap_white","uss_16_rep_sco",0.951340358912854,0.00754173318110471,0.935941231889942,0.965182773140734
"Florence County","vap_black","uss_16_dem_dix",0.948975873623622,0.0101016683411076,0.926744254520194,0.967107837649508
"Florence County","vap_black","uss_16_rep_sco",0.0510241263763786,0.0101016683411076,0.0328921623504924,0.0732557454798059
"Florence County","vap_hisp","uss_16_dem_dix",0.622669221301347,0.13592778500266,0.340254530687457,0.861102293658641
"Florence County","vap_hisp","uss_16_rep_sco",0.377330778698653,0.13592778500266,0.138897706341359,0.659745469312543
"Florence County","vap_asian","uss_16_dem_dix",0.435355364059456,0.128419826896567,0.186461150096944,0.684004988660702
"Florence County","vap_asian","uss_16_rep_sco",0.564644635940544,0.128419826896567,0.315995011339298,0.813538849903056
"Florence County","vap_aian","uss_16_dem_dix",0.520177408266779,0.157825655179539,0.229586804515757,0.810010011739011
"Florence County","vap_aian","uss_16_rep_sco",0.479822591733221,0.157825655179539,0.189989988260988,0.770413195484243
"Florence County","vap_oth_b","uss_16_dem_dix",0.556455018514496,0.146054577560428,0.277517204442647,0.839587009591277
"Florence County","vap_oth_b","uss_16_rep_sco",0.443544981485504,0.146054577560428,0.160412990408723,0.722482795557353
"Florence County","vap_white","gov_18_dem_smi",0.115392530857712,0.0104206199608745,0.0957121644926567,0.137060649033161
"Florence County","vap_white","gov_18_rep_mcm",0.884607469142288,0.0104206199608745,0.862939350966839,0.904287835507343
"Florence County","vap_black","gov_18_dem_smi",0.968647456165289,0.00859767443855162,0.949322093503616,0.983155761597514
"Florence County","vap_black","gov_18_rep_mcm",0.0313525438347114,0.00859767443855162,0.0168442384024862,0.0506779064963844
"Florence County","vap_hisp","gov_18_dem_smi",0.746803306035087,0.101703522247618,0.509717958737606,0.904784528672724
"Florence County","vap_hisp","gov_18_rep_mcm",0.253196693964913,0.101703522247618,0.0952154713272761,0.490282041262394
"Florence County","vap_asian","gov_18_dem_smi",0.634699178356596,0.168911993332332,0.268305356579113,0.91037951341864
"Florence County","vap_asian","gov_18_rep_mcm",0.365300821643404,0.168911993332332,0.0896204865813595,0.731694643420887
"Florence County","vap_aian","gov_18_dem_smi",0.534425859657603,0.183591290341518,0.148006093062362,0.853538113720573
"Florence County","vap_aian","gov_18_rep_mcm",0.465574140342397,0.183591290341518,0.146461886279427,0.851993906937638
"Florence County","vap_oth_b","gov_18_dem_smi",0.811003414281832,0.0768066586329999,0.619008820074018,0.922322510373953
"Florence County","vap_oth_b","gov_18_rep_mcm",0.188996585718168,0.0768066586329999,0.077677489626047,0.380991179925982
"Florence County","vap_white","atg_18_dem_ana",0.0958048087869451,0.010066287230962,0.0782673486268206,0.117545679406001
"Florence County","vap_white","atg_18_rep_wil",0.904195191213055,0.010066287230962,0.882454320593999,0.921732651373179
"Florence County","vap_black","atg_18_dem_ana",0.965181773104126,0.00921571920282161,0.943799318997618,0.979974605317548
"Florence County","vap_black","atg_18_rep_wil",0.0348182268958737,0.00921571920282161,0.0200253946824521,0.0562006810023815
"Florence County","vap_hisp","atg_18_dem_ana",0.71662502146972,0.103059404867324,0.499132355035595,0.891664025055342
"Florence County","vap_hisp","atg_18_rep_wil",0.28337497853028,0.103059404867324,0.108335974944658,0.500867644964405
"Florence County","vap_asian","atg_18_dem_ana",0.615219151955593,0.147538227553937,0.289392450071803,0.855610081627043
"Florence County","vap_asian","atg_18_rep_wil",0.384780848044407,0.147538227553937,0.144389918372957,0.710607549928197
"Florence County","vap_aian","atg_18_dem_ana",0.52355242214237,0.167422021868181,0.202372467600423,0.811517435200164
"Florence County","vap_aian","atg_18_rep_wil",0.47644757785763,0.167422021868181,0.188482564799836,0.797627532399577
"Florence County","vap_oth_b","atg_18_dem_ana",0.798763177443613,0.0806315344727242,0.61587566041762,0.921756973825285
"Florence County","vap_oth_b","atg_18_rep_wil",0.201236822556387,0.0806315344727242,0.0782430261747148,0.38412433958238
"Florence County","vap_white","sos_18_dem_whi",0.0863016648610032,0.0098070166656751,0.0687723766489503,0.106776283230162
"Florence County","vap_white","sos_18_rep_ham",0.913698335138997,0.0098070166656751,0.893223716769838,0.93122762335105
"Florence County","vap_black","sos_18_dem_whi",0.966460377145305,0.00834319662967377,0.947751259245741,0.980179634941881
"Florence County","vap_black","sos_18_rep_ham",0.0335396228546953,0.00834319662967377,0.0198203650581189,0.0522487407542589
"Florence County","vap_hisp","sos_18_dem_whi",0.718181461410198,0.11761858987742,0.447728817224337,0.894418202332945
"Florence County","vap_hisp","sos_18_rep_ham",0.281818538589802,0.11761858987742,0.105581797667055,0.552271182775663
"Florence County","vap_asian","sos_18_dem_whi",0.634591637577288,0.132126183469885,0.359469705531524,0.866549462855778
"Florence County","vap_asian","sos_18_rep_ham",0.365408362422712,0.132126183469885,0.133450537144222,0.640530294468476
"Florence County","vap_aian","sos_18_dem_whi",0.55423375687812,0.170412039280862,0.216190204752543,0.865377673247729
"Florence County","vap_aian","sos_18_rep_ham",0.44576624312188,0.170412039280862,0.13462232675227,0.783809795247457
"Florence County","vap_oth_b","sos_18_dem_whi",0.773195955847477,0.088097552564612,0.57361578028116,0.91130720128779
"Florence County","vap_oth_b","sos_18_rep_ham",0.226804044152523,0.088097552564612,0.08869279871221,0.42638421971884
"Florence County","vap_white","pre_20_rep_tru",0.898298179207951,0.0106380111665091,0.874974222185869,0.9165253563795
"Florence County","vap_white","pre_20_dem_bid",0.101701820792049,0.0106380111665091,0.0834746436205,0.125025777814131
"Florence County","vap_black","pre_20_rep_tru",0.0298554153573084,0.00840906662259602,0.0163095364124663,0.0497516564934524
"Florence County","vap_black","pre_20_dem_bid",0.970144584642692,0.00840906662259602,0.950248343506548,0.983690463587534
"Florence County","vap_hisp","pre_20_rep_tru",0.314518012540132,0.136672664755819,0.107101510333196,0.628117061992446
"Florence County","vap_hisp","pre_20_dem_bid",0.685481987459867,0.136672664755819,0.371882938007554,0.892898489666804
"Florence County","vap_asian","pre_20_rep_tru",0.361149961991062,0.148488121471274,0.122270441610975,0.689422112448951
"Florence County","vap_asian","pre_20_dem_bid",0.638850038008938,0.148488121471274,0.310577887551049,0.877729558389025
"Florence County","vap_aian","pre_20_rep_tru",0.486364042416534,0.158974555727432,0.185209795881549,0.791015718399049
"Florence County","vap_aian","pre_20_dem_bid",0.513635957583466,0.158974555727432,0.208984281600951,0.814790204118451
"Florence County","vap_oth_b","pre_20_rep_tru",0.297666602908582,0.110579204053118,0.109043018442307,0.539305444359063
"Florence County","vap_oth_b","pre_20_dem_bid",0.702333397091418,0.110579204053118,0.460694555640937,0.890956981557693
"Florence County","vap_white","uss_20_rep_gra",0.891972757885404,0.0103749611732827,0.869613542042133,0.910354236986938
"Florence County","vap_white","uss_20_dem_har",0.108027242114596,0.0103749611732827,0.0896457630130618,0.130386457957867
"Florence County","vap_black","uss_20_rep_gra",0.027340544450475,0.00840932558344212,0.0137207740205514,0.0460032208432671
"Florence County","vap_black","uss_20_dem_har",0.972659455549525,0.00840932558344212,0.953996779156733,0.986279225979449
"Florence County","vap_hisp","uss_20_rep_gra",0.278468616803208,0.111293321814669,0.0900568560902178,0.524314254993895
"Florence County","vap_hisp","uss_20_dem_har",0.721531383196792,0.111293321814669,0.475685745006104,0.909943143909782
"Florence County","vap_asian","uss_20_rep_gra",0.367785535500741,0.159131315963332,0.121381616317014,0.741964567270632
"Florence County","vap_asian","uss_20_dem_har",0.632214464499259,0.159131315963332,0.258035432729367,0.878618383682986
"Florence County","vap_aian","uss_20_rep_gra",0.484141741020714,0.167003973592585,0.183258415297017,0.801392740352339
"Florence County","vap_aian","uss_20_dem_har",0.515858258979286,0.167003973592585,0.19860725964766,0.816741584702983
"Florence County","vap_oth_b","uss_20_rep_gra",0.200772983275635,0.0949110965286608,0.0727710797164167,0.442723174403873
"Florence County","vap_oth_b","uss_20_dem_har",0.799227016724365,0.0949110965286608,0.557276825596127,0.927228920283583
"Georgetown County","vap_white","pre_16_dem_cli",0.193301180986082,0.0150801167241114,0.167934227603911,0.228024401653282
"Georgetown County","vap_white","pre_16_rep_tru",0.806698819013918,0.0150801167241114,0.771975598346718,0.832065772396089
"Georgetown County","vap_black","pre_16_dem_cli",0.935866934635692,0.0239971437746703,0.878318043488421,0.971329052488472
"Georgetown County","vap_black","pre_16_rep_tru",0.0641330653643081,0.0239971437746703,0.0286709475115284,0.121681956511579
"Georgetown County","vap_hisp","pre_16_dem_cli",0.573535499867897,0.149516731293431,0.278646071431755,0.854570477497844
"Georgetown County","vap_hisp","pre_16_rep_tru",0.426464500132103,0.149516731293431,0.145429522502156,0.721353928568245
"Georgetown County","vap_asian","pre_16_dem_cli",0.523701134747997,0.16101087816658,0.197264312397473,0.820645490309886
"Georgetown County","vap_asian","pre_16_rep_tru",0.476298865252004,0.16101087816658,0.179354509690114,0.802735687602527
"Georgetown County","vap_aian","pre_16_dem_cli",0.494537577834921,0.186954277987631,0.162161174298874,0.871844533423625
"Georgetown County","vap_aian","pre_16_rep_tru",0.505462422165079,0.186954277987631,0.128155466576375,0.837838825701126
"Georgetown County","vap_oth_b","pre_16_dem_cli",0.580885728076441,0.15318595371384,0.252370885478751,0.835188199531952
"Georgetown County","vap_oth_b","pre_16_rep_tru",0.419114271923559,0.15318595371384,0.164811800468048,0.747629114521249
"Georgetown County","vap_white","uss_16_dem_dix",0.143352386935684,0.0131655629373226,0.12028734429658,0.171198724139817
"Georgetown County","vap_white","uss_16_rep_sco",0.856647613064316,0.0131655629373226,0.828801275860183,0.87971265570342
"Georgetown County","vap_black","uss_16_dem_dix",0.929362525649412,0.0200109133638753,0.887007213276119,0.963237810498037
"Georgetown County","vap_black","uss_16_rep_sco",0.0706374743505882,0.0200109133638753,0.0367621895019633,0.112992786723881
"Georgetown County","vap_hisp","uss_16_dem_dix",0.475853349794562,0.153035760357391,0.179281997463971,0.776074815032098
"Georgetown County","vap_hisp","uss_16_rep_sco",0.524146650205438,0.153035760357391,0.223925184967902,0.820718002536028
"Georgetown County","vap_asian","uss_16_dem_dix",0.504564504523134,0.17234414672761,0.183433707196879,0.834317720715254
"Georgetown County","vap_asian","uss_16_rep_sco",0.495435495476866,0.17234414672761,0.165682279284746,0.816566292803122
"Georgetown County","vap_aian","uss_16_dem_dix",0.500284245449479,0.168703070027191,0.185528183393351,0.816666246326562
"Georgetown County","vap_aian","uss_16_rep_sco",0.499715754550521,0.168703070027191,0.183333753673438,0.814471816606649
"Georgetown County","vap_oth_b","uss_16_dem_dix",0.520562379994997,0.167641410639209,0.18671907404209,0.817643638494683
"Georgetown County","vap_oth_b","uss_16_rep_sco",0.479437620005003,0.167641410639209,0.182356361505317,0.81328092595791
"Georgetown County","vap_white","gov_18_dem_smi",0.235210445370537,0.0139873989848437,0.208804832548917,0.263677236634361
"Georgetown County","vap_white","gov_18_rep_mcm",0.764789554629463,0.0139873989848437,0.736322763365639,0.791195167451083
"Georgetown County","vap_black","gov_18_dem_smi",0.93288603570149,0.0211858765087648,0.886948021321938,0.970010569046916
"Georgetown County","vap_black","gov_18_rep_mcm",0.0671139642985096,0.0211858765087648,0.029989430953084,0.113051978678062
"Georgetown County","vap_hisp","gov_18_dem_smi",0.575721715776928,0.156447710226295,0.251426353419868,0.860808044102545
"Georgetown County","vap_hisp","gov_18_rep_mcm",0.424278284223072,0.156447710226295,0.139191955897455,0.748573646580132
"Georgetown County","vap_asian","gov_18_dem_smi",0.501715365074428,0.170913683505278,0.175672314296091,0.808093058287316
"Georgetown County","vap_asian","gov_18_rep_mcm",0.498284634925572,0.170913683505278,0.191906941712684,0.824327685703909
"Georgetown County","vap_aian","gov_18_dem_smi",0.485173350407587,0.165916737398348,0.174890446755431,0.802920557565181
"Georgetown County","vap_aian","gov_18_rep_mcm",0.514826649592413,0.165916737398348,0.197079442434819,0.825109553244569
"Georgetown County","vap_oth_b","gov_18_dem_smi",0.504777511508628,0.162216633472169,0.201952164835965,0.81351490656587
"Georgetown County","vap_oth_b","gov_18_rep_mcm",0.495222488491372,0.162216633472169,0.18648509343413,0.798047835164035
"Georgetown County","vap_white","atg_18_dem_ana",0.206736938090163,0.0138337765350619,0.181318814314263,0.235673384546575
"Georgetown County","vap_white","atg_18_rep_wil",0.793263061909837,0.0138337765350619,0.764326615453425,0.818681185685737
"Georgetown County","vap_black","atg_18_dem_ana",0.938142123112298,0.0203625618914704,0.891072385491066,0.971166659989301
"Georgetown County","vap_black","atg_18_rep_wil",0.061857876887702,0.0203625618914704,0.0288333400106991,0.108927614508934
"Georgetown County","vap_hisp","atg_18_dem_ana",0.574279704707159,0.152692580683654,0.27470033780934,0.852430821119106
"Georgetown County","vap_hisp","atg_18_rep_wil",0.425720295292841,0.152692580683654,0.147569178880894,0.72529966219066
"Georgetown County","vap_asian","atg_18_dem_ana",0.499612752971946,0.179665240237915,0.143641758473952,0.835534470729754
"Georgetown County","vap_asian","atg_18_rep_wil",0.500387247028054,0.179665240237915,0.164465529270246,0.856358241526048
"Georgetown County","vap_aian","atg_18_dem_ana",0.505263321214683,0.169727683909934,0.194565366138182,0.821741596734109
"Georgetown County","vap_aian","atg_18_rep_wil",0.494736678785317,0.169727683909934,0.178258403265891,0.805434633861818
"Georgetown County","vap_oth_b","atg_18_dem_ana",0.563191091660788,0.167360850864528,0.230296769888663,0.86535303119492
"Georgetown County","vap_oth_b","atg_18_rep_wil",0.436808908339212,0.167360850864528,0.13464696880508,0.769703230111337
"Georgetown County","vap_white","sos_18_dem_whi",0.197797735259159,0.014580711271599,0.171543588060366,0.229236577609574
"Georgetown County","vap_white","sos_18_rep_ham",0.802202264740841,0.014580711271599,0.770763422390426,0.828456411939634
"Georgetown County","vap_black","sos_18_dem_whi",0.932070721886104,0.0220928964781938,0.882460715035075,0.967717767989859
"Georgetown County","vap_black","sos_18_rep_ham",0.067929278113896,0.0220928964781938,0.0322822320101412,0.117539284964925
"Georgetown County","vap_hisp","sos_18_dem_whi",0.542205683555818,0.148522471678436,0.256052271086049,0.828580781949272
"Georgetown County","vap_hisp","sos_18_rep_ham",0.457794316444182,0.148522471678436,0.171419218050728,0.743947728913951
"Georgetown County","vap_asian","sos_18_dem_whi",0.51580248720865,0.166693695121551,0.184009526497413,0.81861749359459
"Georgetown County","vap_asian","sos_18_rep_ham",0.48419751279135,0.166693695121551,0.181382506405409,0.815990473502587
"Georgetown County","vap_aian","sos_18_dem_whi",0.502478887423819,0.160352493225577,0.199948885907827,0.806560718915796
"Georgetown County","vap_aian","sos_18_rep_ham",0.497521112576181,0.160352493225577,0.193439281084204,0.800051114092173
"Georgetown County","vap_oth_b","sos_18_dem_whi",0.543846211329978,0.152877522409882,0.252479043290374,0.819330651803627
"Georgetown County","vap_oth_b","sos_18_rep_ham",0.456153788670022,0.152877522409882,0.180669348196373,0.747520956709626
"Georgetown County","vap_white","pre_20_rep_tru",0.791051315760085,0.0146611922088648,0.760156873762813,0.817329387522799
"Georgetown County","vap_white","pre_20_dem_bid",0.208948684239915,0.0146611922088648,0.182670612477201,0.239843126237187
"Georgetown County","vap_black","pre_20_rep_tru",0.0667864794741633,0.02183496312907,0.030533511984991,0.11351868240259
"Georgetown County","vap_black","pre_20_dem_bid",0.933213520525837,0.02183496312907,0.88648131759741,0.969466488015009
"Georgetown County","vap_hisp","pre_20_rep_tru",0.375653253672527,0.14975381946828,0.131477476877729,0.686383548561443
"Georgetown County","vap_hisp","pre_20_dem_bid",0.624346746327473,0.14975381946828,0.313616451438557,0.868522523122271
"Georgetown County","vap_asian","pre_20_rep_tru",0.485225513260212,0.17378497882205,0.144187047709891,0.80354729820945
"Georgetown County","vap_asian","pre_20_dem_bid",0.514774486739788,0.17378497882205,0.19645270179055,0.855812952290109
"Georgetown County","vap_aian","pre_20_rep_tru",0.498642888650654,0.179425663656508,0.169609727273604,0.84546545332616
"Georgetown County","vap_aian","pre_20_dem_bid",0.501357111349346,0.179425663656508,0.15453454667384,0.830390272726396
"Georgetown County","vap_oth_b","pre_20_rep_tru",0.420126142389676,0.161679739527304,0.127404933982726,0.744392695169969
"Georgetown County","vap_oth_b","pre_20_dem_bid",0.579873857610325,0.161679739527304,0.255607304830031,0.872595066017274
"Georgetown County","vap_white","uss_20_rep_gra",0.792999814653396,0.0148239981909385,0.759633673006875,0.818344837711157
"Georgetown County","vap_white","uss_20_dem_har",0.207000185346604,0.0148239981909385,0.181655162288843,0.240366326993125
"Georgetown County","vap_black","uss_20_rep_gra",0.0549894209143909,0.0237190824479974,0.0185263979989582,0.111084870283987
"Georgetown County","vap_black","uss_20_dem_har",0.945010579085609,0.0237190824479974,0.888915129716013,0.981473602001042
"Georgetown County","vap_hisp","uss_20_rep_gra",0.366286615958185,0.142658123685729,0.134643592894534,0.674649243371871
"Georgetown County","vap_hisp","uss_20_dem_har",0.633713384041815,0.142658123685729,0.325350756628129,0.865356407105467
"Georgetown County","vap_asian","uss_20_rep_gra",0.473083660763869,0.172979501148334,0.156309242750788,0.808205340571036
"Georgetown County","vap_asian","uss_20_dem_har",0.526916339236131,0.172979501148334,0.191794659428964,0.843690757249212
"Georgetown County","vap_aian","uss_20_rep_gra",0.47288962385675,0.164632656277864,0.169659693752998,0.794607416184774
"Georgetown County","vap_aian","uss_20_dem_har",0.52711037614325,0.164632656277864,0.205392583815226,0.830340306247002
"Georgetown County","vap_oth_b","uss_20_rep_gra",0.431373096801925,0.157547451684423,0.156278157989879,0.748545299212837
"Georgetown County","vap_oth_b","uss_20_dem_har",0.568626903198075,0.157547451684423,0.251454700787163,0.843721842010121
"Greenville County","vap_white","pre_16_dem_cli",0.169408031932494,0.00983110327333219,0.153221673598194,0.19336015851021
"Greenville County","vap_white","pre_16_rep_tru",0.830591968067506,0.00983110327333218,0.80663984148979,0.846778326401806
"Greenville County","vap_black","pre_16_dem_cli",0.952001321253443,0.013654751107976,0.921272849254741,0.973727999188611
"Greenville County","vap_black","pre_16_rep_tru",0.0479986787465571,0.013654751107976,0.0262720008113891,0.078727150745259
"Greenville County","vap_hisp","pre_16_dem_cli",0.774647771785013,0.0436985868161843,0.682229663686464,0.848257917083035
"Greenville County","vap_hisp","pre_16_rep_tru",0.225352228214987,0.0436985868161843,0.151742082916965,0.317770336313536
"Greenville County","vap_asian","pre_16_dem_cli",0.760726888747141,0.122915756901332,0.468953254581376,0.923371972810146
"Greenville County","vap_asian","pre_16_rep_tru",0.239273111252859,0.122915756901332,0.0766280271898542,0.531046745418624
"Greenville County","vap_aian","pre_16_dem_cli",0.505627001057749,0.174016259804041,0.175408319771404,0.818827579938819
"Greenville County","vap_aian","pre_16_rep_tru",0.494372998942251,0.174016259804041,0.181172420061181,0.824591680228596
"Greenville County","vap_oth_b","pre_16_dem_cli",0.779211516210605,0.0910091253038971,0.534441194297437,0.901582175737075
"Greenville County","vap_oth_b","pre_16_rep_tru",0.220788483789395,0.0910091253038971,0.0984178242629251,0.465558805702563
"Greenville County","vap_white","uss_16_dem_dix",0.0892670501412711,0.00702728590517385,0.0770850533763323,0.103680766975303
"Greenville County","vap_white","uss_16_rep_sco",0.910732949858729,0.00702728590517385,0.896319233024697,0.922914946623668
"Greenville County","vap_black","uss_16_dem_dix",0.947408017544074,0.0127292029266773,0.919926330254869,0.968227474866269
"Greenville County","vap_black","uss_16_rep_sco",0.0525919824559262,0.0127292029266773,0.0317725251337309,0.0800736697451311
"Greenville County","vap_hisp","uss_16_dem_dix",0.767177683467809,0.0394331477012041,0.684901260636293,0.836926685062844
"Greenville County","vap_hisp","uss_16_rep_sco",0.232822316532192,0.0394331477012041,0.163073314937156,0.315098739363707
"Greenville County","vap_asian","uss_16_dem_dix",0.672972993663758,0.104303296661018,0.442787049683381,0.844248180423223
"Greenville County","vap_asian","uss_16_rep_sco",0.327027006336242,0.104303296661018,0.155751819576777,0.557212950316619
"Greenville County","vap_aian","uss_16_dem_dix",0.497422513136396,0.175042152570348,0.187272237512023,0.837976778972016
"Greenville County","vap_aian","uss_16_rep_sco",0.502577486863604,0.175042152570348,0.162023221027984,0.812727762487977
"Greenville County","vap_oth_b","uss_16_dem_dix",0.813949571832987,0.0701914740104387,0.65289111642357,0.919655416328081
"Greenville County","vap_oth_b","uss_16_rep_sco",0.186050428167013,0.0701914740104387,0.0803445836719191,0.34710888357643
"Greenville County","vap_white","gov_18_dem_smi",0.249314777118016,0.0103509574426374,0.231450645144868,0.271096847865099
"Greenville County","vap_white","gov_18_rep_mcm",0.750685222881984,0.0103509574426374,0.728903152134901,0.768549354855132
"Greenville County","vap_black","gov_18_dem_smi",0.945052052348226,0.0147381798256441,0.911215452156636,0.969391226346116
"Greenville County","vap_black","gov_18_rep_mcm",0.0549479476517735,0.0147381798256441,0.0306087736538836,0.088784547843364
"Greenville County","vap_hisp","gov_18_dem_smi",0.770482179447875,0.0523521065481787,0.652153051958693,0.858278041186141
"Greenville County","vap_hisp","gov_18_rep_mcm",0.229517820552125,0.0523521065481787,0.141721958813859,0.347846948041307
"Greenville County","vap_asian","gov_18_dem_smi",0.701523401655187,0.11745279690838,0.440809903108521,0.888372726339719
"Greenville County","vap_asian","gov_18_rep_mcm",0.298476598344813,0.11745279690838,0.111627273660281,0.559190096891479
"Greenville County","vap_aian","gov_18_dem_smi",0.480444765582579,0.154309295449668,0.199004246328325,0.771757420453445
"Greenville County","vap_aian","gov_18_rep_mcm",0.519555234417421,0.154309295449668,0.228242579546554,0.800995753671675
"Greenville County","vap_oth_b","gov_18_dem_smi",0.709765918555372,0.115014608450396,0.445331220525241,0.88374833529307
"Greenville County","vap_oth_b","gov_18_rep_mcm",0.290234081444628,0.115014608450396,0.11625166470693,0.554668779474759
"Greenville County","vap_white","atg_18_dem_ana",0.197233132347559,0.00901320781552222,0.182120884614979,0.217641081558876
"Greenville County","vap_white","atg_18_rep_wil",0.802766867652441,0.00901320781552222,0.782358918441124,0.817879115385021
"Greenville County","vap_black","atg_18_dem_ana",0.945787328557736,0.0155170449606588,0.911848218386878,0.970847523209024
"Greenville County","vap_black","atg_18_rep_wil",0.0542126714422639,0.0155170449606588,0.0291524767909761,0.088151781613122
"Greenville County","vap_hisp","atg_18_dem_ana",0.76527110193766,0.0477672525417981,0.666610411728849,0.848793809996583
"Greenville County","vap_hisp","atg_18_rep_wil",0.234728898062341,0.0477672525417981,0.151206190003417,0.333389588271151
"Greenville County","vap_asian","atg_18_dem_ana",0.691273466569395,0.122308017248288,0.367142467080385,0.861937707931387
"Greenville County","vap_asian","atg_18_rep_wil",0.308726533430605,0.122308017248288,0.138062292068613,0.632857532919615
"Greenville County","vap_aian","atg_18_dem_ana",0.518211046391975,0.16229913295826,0.211510625348786,0.820048731903547
"Greenville County","vap_aian","atg_18_rep_wil",0.481788953608025,0.16229913295826,0.179951268096453,0.788489374651214
"Greenville County","vap_oth_b","atg_18_dem_ana",0.776410466312153,0.0958041671088958,0.529746324360446,0.907815750366517
"Greenville County","vap_oth_b","atg_18_rep_wil",0.223589533687847,0.0958041671088958,0.0921842496334834,0.470253675639554
"Greenville County","vap_white","sos_18_dem_whi",0.190501564063569,0.00861218089261892,0.175053126402079,0.208166140371064
"Greenville County","vap_white","sos_18_rep_ham",0.809498435936431,0.00861218089261892,0.791833859628936,0.824946873597921
"Greenville County","vap_black","sos_18_dem_whi",0.953057431873086,0.0128062141030473,0.923617787977828,0.972807133307622
"Greenville County","vap_black","sos_18_rep_ham",0.0469425681269136,0.0128062141030473,0.0271928666923775,0.0763822120221724
"Greenville County","vap_hisp","sos_18_dem_whi",0.770407961715082,0.0444733101752652,0.670959494424273,0.847136667773235
"Greenville County","vap_hisp","sos_18_rep_ham",0.229592038284918,0.0444733101752652,0.152863332226765,0.329040505575727
"Greenville County","vap_asian","sos_18_dem_whi",0.692661052783922,0.124049230722252,0.434469930551009,0.882825512438419
"Greenville County","vap_asian","sos_18_rep_ham",0.307338947216078,0.124049230722252,0.117174487561581,0.565530069448991
"Greenville County","vap_aian","sos_18_dem_whi",0.518590141193242,0.163539982146453,0.218438093292171,0.82083253798825
"Greenville County","vap_aian","sos_18_rep_ham",0.481409858806758,0.163539982146453,0.17916746201175,0.781561906707829
"Greenville County","vap_oth_b","sos_18_dem_whi",0.753917684454603,0.0901144784620654,0.533091350017175,0.892030917019128
"Greenville County","vap_oth_b","sos_18_rep_ham",0.246082315545397,0.0901144784620654,0.107969082980872,0.466908649982825
"Greenville County","vap_white","pre_20_rep_tru",0.768981006431497,0.0117436210605862,0.737308688570428,0.787081868726183
"Greenville County","vap_white","pre_20_dem_bid",0.231018993568503,0.0117436210605862,0.212918131273817,0.262691311429572
"Greenville County","vap_black","pre_20_rep_tru",0.0547807098690898,0.0143514715611402,0.030327038864646,0.0866056204444542
"Greenville County","vap_black","pre_20_dem_bid",0.94521929013091,0.0143514715611402,0.913394379555546,0.969672961135354
"Greenville County","vap_hisp","pre_20_rep_tru",0.256823687299779,0.0694507309321148,0.146292860738659,0.422710083658931
"Greenville County","vap_hisp","pre_20_dem_bid",0.743176312700221,0.0694507309321148,0.577289916341069,0.853707139261341
"Greenville County","vap_asian","pre_20_rep_tru",0.270748932100525,0.103985586972715,0.116047591931417,0.502648817962158
"Greenville County","vap_asian","pre_20_dem_bid",0.729251067899475,0.103985586972715,0.497351182037842,0.883952408068583
"Greenville County","vap_aian","pre_20_rep_tru",0.485666890174864,0.155787283984528,0.221340876891158,0.788462186208287
"Greenville County","vap_aian","pre_20_dem_bid",0.514333109825136,0.155787283984528,0.211537813791713,0.778659123108842
"Greenville County","vap_oth_b","pre_20_rep_tru",0.292798147643066,0.141482036686206,0.0963249582540436,0.643719911319206
"Greenville County","vap_oth_b","pre_20_dem_bid",0.707201852356934,0.141482036686206,0.356280088680794,0.903675041745956
"Greenville County","vap_white","uss_20_rep_gra",0.771244099052957,0.0101980263782344,0.750711345169495,0.79217137403301
"Greenville County","vap_white","uss_20_dem_har",0.228755900947043,0.0101980263782344,0.207828625966991,0.249288654830505
"Greenville County","vap_black","uss_20_rep_gra",0.0527351798882087,0.013655013281596,0.0305028756814627,0.083223980536759
"Greenville County","vap_black","uss_20_dem_har",0.947264820111791,0.013655013281596,0.916776019463241,0.969497124318537
"Greenville County","vap_hisp","uss_20_rep_gra",0.193087557985922,0.0470262007402917,0.108561582111179,0.285349319384769
"Greenville County","vap_hisp","uss_20_dem_har",0.806912442014078,0.0470262007402917,0.714650680615231,0.891438417888821
"Greenville County","vap_asian","uss_20_rep_gra",0.268079680719822,0.130248998405478,0.0855551416746272,0.61994129986999
"Greenville County","vap_asian","uss_20_dem_har",0.731920319280178,0.130248998405478,0.380058700130009,0.914444858325373
"Greenville County","vap_aian","uss_20_rep_gra",0.4976107256935,0.147680800736367,0.219502538565626,0.797992006614032
"Greenville County","vap_aian","uss_20_dem_har",0.5023892743065,0.147680800736367,0.202007993385968,0.780497461434374
"Greenville County","vap_oth_b","uss_20_rep_gra",0.2839439956939,0.116813664434999,0.106379358410012,0.555540631729014
"Greenville County","vap_oth_b","uss_20_dem_har",0.7160560043061,0.116813664434999,0.444459368270986,0.893620641589989
"Greenwood County","vap_white","pre_16_dem_cli",0.116114840311199,0.0117031828959253,0.0957080009913258,0.141366342345046
"Greenwood County","vap_white","pre_16_rep_tru",0.8838851596888,0.0117031828959253,0.858633657654954,0.904291999008674
"Greenwood County","vap_black","pre_16_dem_cli",0.944073066368246,0.0185133370060772,0.899761738576204,0.972831559452504
"Greenwood County","vap_black","pre_16_rep_tru",0.055926933631754,0.0185133370060772,0.0271684405474962,0.100238261423796
"Greenwood County","vap_hisp","pre_16_dem_cli",0.842712190554211,0.0663779137829178,0.683430302473781,0.94274688182048
"Greenwood County","vap_hisp","pre_16_rep_tru",0.157287809445789,0.0663779137829178,0.0572531181795204,0.316569697526219
"Greenwood County","vap_asian","pre_16_dem_cli",0.541906497870541,0.171932544201718,0.209488027399573,0.8482904154001
"Greenwood County","vap_asian","pre_16_rep_tru",0.458093502129458,0.171932544201718,0.1517095845999,0.790511972600427
"Greenwood County","vap_aian","pre_16_dem_cli",0.505527518408283,0.190848736287202,0.157782346270302,0.872493746323938
"Greenwood County","vap_aian","pre_16_rep_tru",0.494472481591717,0.190848736287202,0.127506253676062,0.842217653729697
"Greenwood County","vap_oth_b","pre_16_dem_cli",0.658336560536639,0.152503995758965,0.320104768742361,0.899787216153792
"Greenwood County","vap_oth_b","pre_16_rep_tru",0.341663439463361,0.152503995758965,0.100212783846208,0.679895231257639
"Greenwood County","vap_white","uss_16_dem_dix",0.0743146310072981,0.0100874794388333,0.0577244071792283,0.0963481115184692
"Greenwood County","vap_white","uss_16_rep_sco",0.925685368992702,0.0100874794388333,0.903651888481531,0.942275592820772
"Greenwood County","vap_black","uss_16_dem_dix",0.952228143849705,0.0142929111491576,0.917572175686626,0.974417771182899
"Greenwood County","vap_black","uss_16_rep_sco",0.0477718561502954,0.0142929111491576,0.0255822288171009,0.0824278243133742
"Greenwood County","vap_hisp","uss_16_dem_dix",0.815275488170798,0.0706819364354434,0.64770441904811,0.92239048574429
"Greenwood County","vap_hisp","uss_16_rep_sco",0.184724511829202,0.0706819364354434,0.0776095142557097,0.35229558095189
"Greenwood County","vap_asian","uss_16_dem_dix",0.527431455574326,0.187828918084293,0.191444286503047,0.89300911972519
"Greenwood County","vap_asian","uss_16_rep_sco",0.472568544425674,0.187828918084293,0.10699088027481,0.808555713496953
"Greenwood County","vap_aian","uss_16_dem_dix",0.517913115351281,0.170158230576649,0.217060599336031,0.84110367131071
"Greenwood County","vap_aian","uss_16_rep_sco",0.482086884648718,0.170158230576649,0.15889632868929,0.782939400663969
"Greenwood County","vap_oth_b","uss_16_dem_dix",0.635366412168833,0.147057196268233,0.288308001929001,0.86966512890288
"Greenwood County","vap_oth_b","uss_16_rep_sco",0.364633587831167,0.147057196268233,0.13033487109712,0.711691998070999
"Greenwood County","vap_white","gov_18_dem_smi",0.138283267506731,0.0123265270784297,0.116359558997701,0.163074799362176
"Greenwood County","vap_white","gov_18_rep_mcm",0.861716732493269,0.0123265270784297,0.836925200637824,0.883640441002299
"Greenwood County","vap_black","gov_18_dem_smi",0.95479046196548,0.0175176740107566,0.914143970644258,0.980473816616547
"Greenwood County","vap_black","gov_18_rep_mcm",0.0452095380345202,0.0175176740107566,0.0195261833834529,0.0858560293557417
"Greenwood County","vap_hisp","gov_18_dem_smi",0.826363082879479,0.0708308807165273,0.673155985360652,0.940631741219506
"Greenwood County","vap_hisp","gov_18_rep_mcm",0.173636917120521,0.0708308807165273,0.0593682587804939,0.326844014639348
"Greenwood County","vap_asian","gov_18_dem_smi",0.529125530916226,0.167734131978161,0.174837601286532,0.82362149369276
"Greenwood County","vap_asian","gov_18_rep_mcm",0.470874469083774,0.167734131978161,0.17637850630724,0.825162398713468
"Greenwood County","vap_aian","gov_18_dem_smi",0.508869724562382,0.166736259107933,0.189974490350519,0.828496708115148
"Greenwood County","vap_aian","gov_18_rep_mcm",0.491130275437618,0.166736259107933,0.171503291884852,0.810025509649481
"Greenwood County","vap_oth_b","gov_18_dem_smi",0.633020038647634,0.142564684329611,0.334897072240986,0.882958439941377
"Greenwood County","vap_oth_b","gov_18_rep_mcm",0.366979961352366,0.142564684329611,0.117041560058623,0.665102927759014
"Greenwood County","vap_white","atg_18_dem_ana",0.108085065233949,0.0111253402147008,0.0880176627265807,0.132163497803554
"Greenwood County","vap_white","atg_18_rep_wil",0.891914934766051,0.0111253402147008,0.867836502196446,0.911982337273419
"Greenwood County","vap_black","atg_18_dem_ana",0.946060274685305,0.0181036539902599,0.903836837506041,0.976703810998667
"Greenwood County","vap_black","atg_18_rep_wil",0.0539397253146949,0.0181036539902599,0.0232961890013333,0.0961631624939587
"Greenwood County","vap_hisp","atg_18_dem_ana",0.82253460588683,0.06489264391982,0.678983431921349,0.929424841990493
"Greenwood County","vap_hisp","atg_18_rep_wil",0.17746539411317,0.06489264391982,0.0705751580095069,0.321016568078651
"Greenwood County","vap_asian","atg_18_dem_ana",0.508520731046191,0.162530177525614,0.196025589086553,0.801407699656734
"Greenwood County","vap_asian","atg_18_rep_wil",0.491479268953809,0.162530177525614,0.198592300343266,0.803974410913447
"Greenwood County","vap_aian","atg_18_dem_ana",0.505029256970032,0.163364022433945,0.198600864079133,0.805990773921596
"Greenwood County","vap_aian","atg_18_rep_wil",0.494970743029968,0.163364022433945,0.194009226078404,0.801399135920867
"Greenwood County","vap_oth_b","atg_18_dem_ana",0.627478915300453,0.146122327547131,0.307150613495523,0.858640030127395
"Greenwood County","vap_oth_b","atg_18_rep_wil",0.372521084699547,0.146122327547131,0.141359969872605,0.692849386504477
"Greenwood County","vap_white","sos_18_dem_whi",0.0959840060931641,0.0117030799289369,0.075670106799933,0.122500908270193
"Greenwood County","vap_white","sos_18_rep_ham",0.904015993906836,0.0117030799289369,0.877499091729807,0.924329893200067
"Greenwood County","vap_black","sos_18_dem_whi",0.953546308558026,0.0144900229721996,0.921199181874782,0.97753637388453
"Greenwood County","vap_black","sos_18_rep_ham",0.0464536914419735,0.0144900229721996,0.0224636261154704,0.0788008181252182
"Greenwood County","vap_hisp","sos_18_dem_whi",0.81658464918033,0.0736798871218666,0.649441989742286,0.934739253243827
"Greenwood County","vap_hisp","sos_18_rep_ham",0.18341535081967,0.0736798871218666,0.0652607467561729,0.350558010257714
"Greenwood County","vap_asian","sos_18_dem_whi",0.484432630476224,0.179134035182319,0.153323206751749,0.806573984262443
"Greenwood County","vap_asian","sos_18_rep_ham",0.515567369523776,0.179134035182319,0.193426015737557,0.846676793248251
"Greenwood County","vap_aian","sos_18_dem_whi",0.476780516262198,0.202683884943444,0.0913152462660786,0.835998866227935
"Greenwood County","vap_aian","sos_18_rep_ham",0.523219483737802,0.202683884943444,0.164001133772065,0.908684753733921
"Greenwood County","vap_oth_b","sos_18_dem_whi",0.679039808005967,0.156246668958551,0.325768495446736,0.92185042735012
"Greenwood County","vap_oth_b","sos_18_rep_ham",0.320960191994034,0.156246668958551,0.0781495726498801,0.674231504553264
"Greenwood County","vap_white","pre_20_rep_tru",0.890917088918022,0.0117357016621952,0.865247140228086,0.911617199553426
"Greenwood County","vap_white","pre_20_dem_bid",0.109082911081978,0.0117357016621952,0.0883828004465739,0.134752859771914
"Greenwood County","vap_black","pre_20_rep_tru",0.0494139166374142,0.0174491485647493,0.02229890082406,0.0900231590572791
"Greenwood County","vap_black","pre_20_dem_bid",0.950586083362586,0.0174491485647493,0.909976840942721,0.97770109917594
"Greenwood County","vap_hisp","pre_20_rep_tru",0.169152453836544,0.0689742831772997,0.0656211325822952,0.337476487521867
"Greenwood County","vap_hisp","pre_20_dem_bid",0.830847546163456,0.0689742831772997,0.662523512478133,0.934378867417705
"Greenwood County","vap_asian","pre_20_rep_tru",0.451574503458478,0.182567652563563,0.152084928886861,0.858598824990907
"Greenwood County","vap_asian","pre_20_dem_bid",0.548425496541522,0.182567652563563,0.141401175009093,0.847915071113139
"Greenwood County","vap_aian","pre_20_rep_tru",0.497209008384049,0.178814376539668,0.170494908249202,0.839447741578646
"Greenwood County","vap_aian","pre_20_dem_bid",0.502790991615951,0.178814376539668,0.160552258421354,0.829505091750797
"Greenwood County","vap_oth_b","pre_20_rep_tru",0.336860799996474,0.157451844682323,0.092273599640361,0.678467496091325
"Greenwood County","vap_oth_b","pre_20_dem_bid",0.663139200003526,0.157451844682323,0.321532503908676,0.907726400359639
"Greenwood County","vap_white","uss_20_rep_gra",0.877195511543455,0.0106158074602736,0.854938494459326,0.896348655495483
"Greenwood County","vap_white","uss_20_dem_har",0.122804488456545,0.0106158074602736,0.103651344504517,0.145061505540674
"Greenwood County","vap_black","uss_20_rep_gra",0.0448946211835997,0.0159222769046776,0.0190732367226473,0.0800006263079437
"Greenwood County","vap_black","uss_20_dem_har",0.9551053788164,0.0159222769046776,0.919999373692056,0.980926763277353
"Greenwood County","vap_hisp","uss_20_rep_gra",0.139524851170013,0.06149152983858,0.0516608921236235,0.285911129485802
"Greenwood County","vap_hisp","uss_20_dem_har",0.860475148829987,0.06149152983858,0.714088870514198,0.948339107876376
"Greenwood County","vap_asian","uss_20_rep_gra",0.377921836135624,0.170563395592065,0.089502601319132,0.709894790704512
"Greenwood County","vap_asian","uss_20_dem_har",0.622078163864376,0.170563395592065,0.290105209295488,0.910497398680868
"Greenwood County","vap_aian","uss_20_rep_gra",0.501300302034643,0.164243259252259,0.193507598946942,0.804105989951712
"Greenwood County","vap_aian","uss_20_dem_har",0.498699697965357,0.164243259252259,0.195894010048288,0.806492401053058
"Greenwood County","vap_oth_b","uss_20_rep_gra",0.320660303569641,0.142855350018355,0.10446145158455,0.637041259031255
"Greenwood County","vap_oth_b","uss_20_dem_har",0.679339696430359,0.142855350018355,0.362958740968745,0.89553854841545
"Hampton County","vap_white","pre_16_dem_cli",0.197589686429068,0.0318417787181666,0.148073874569345,0.269360316501726
"Hampton County","vap_white","pre_16_rep_tru",0.802410313570932,0.0318417787181666,0.730639683498274,0.851926125430655
"Hampton County","vap_black","pre_16_dem_cli",0.946747792537807,0.0310441481786843,0.872940749476214,0.987659591112736
"Hampton County","vap_black","pre_16_rep_tru",0.0532522074621932,0.0310441481786843,0.0123404088872641,0.127059250523786
"Hampton County","vap_hisp","pre_16_dem_cli",0.633597466907018,0.171259662459762,0.265052928961499,0.936371118268853
"Hampton County","vap_hisp","pre_16_rep_tru",0.366402533092982,0.171259662459762,0.0636288817311472,0.734947071038501
"Hampton County","vap_asian","pre_16_dem_cli",0.503974404944975,0.193615818598024,0.142030847076017,0.861661635073334
"Hampton County","vap_asian","pre_16_rep_tru",0.496025595055025,0.193615818598024,0.138338364926666,0.857969152923983
"Hampton County","vap_aian","pre_16_dem_cli",0.50230586983532,0.181803250440619,0.164075940595198,0.842786096258885
"Hampton County","vap_aian","pre_16_rep_tru",0.49769413016468,0.181803250440619,0.157213903741116,0.835924059404802
"Hampton County","vap_oth_b","pre_16_dem_cli",0.541957542588837,0.172471566784908,0.20926122037329,0.853509964542457
"Hampton County","vap_oth_b","pre_16_rep_tru",0.458042457411163,0.172471566784908,0.146490035457543,0.79073877962671
"Hampton County","vap_white","uss_16_dem_dix",0.218053034692755,0.0338300494089815,0.165365518834971,0.290596199717453
"Hampton County","vap_white","uss_16_rep_sco",0.781946965307245,0.0338300494089815,0.709403800282547,0.834634481165029
"Hampton County","vap_black","uss_16_dem_dix",0.944374739547548,0.0326546411311074,0.872701182017898,0.988458545772495
"Hampton County","vap_black","uss_16_rep_sco",0.0556252604524519,0.0326546411311074,0.011541454227505,0.127298817982102
"Hampton County","vap_hisp","uss_16_dem_dix",0.589281997604954,0.161147776500811,0.261650393505926,0.874381421147727
"Hampton County","vap_hisp","uss_16_rep_sco",0.410718002395046,0.161147776500811,0.125618578852273,0.738349606494074
"Hampton County","vap_asian","uss_16_dem_dix",0.513285813056933,0.193197844261028,0.140851439660074,0.865727088570068
"Hampton County","vap_asian","uss_16_rep_sco",0.486714186943067,0.193197844261028,0.134272911429932,0.859148560339926
"Hampton County","vap_aian","uss_16_dem_dix",0.48294579556082,0.189681677661908,0.141847501465283,0.853604998896173
"Hampton County","vap_aian","uss_16_rep_sco",0.51705420443918,0.189681677661908,0.146395001103826,0.858152498534717
"Hampton County","vap_oth_b","uss_16_dem_dix",0.559857796664762,0.185103805328696,0.204303857046648,0.907345542605575
"Hampton County","vap_oth_b","uss_16_rep_sco",0.440142203335238,0.185103805328696,0.092654457394425,0.795696142953352
"Hampton County","vap_white","gov_18_dem_smi",0.254103852883537,0.0324699581934425,0.200294384975136,0.325638657775521
"Hampton County","vap_white","gov_18_rep_mcm",0.745896147116463,0.0324699581934425,0.67436134222448,0.799705615024864
"Hampton County","vap_black","gov_18_dem_smi",0.935208916131208,0.0322728753693274,0.857583902609463,0.980906091344134
"Hampton County","vap_black","gov_18_rep_mcm",0.0647910838687919,0.0322728753693274,0.0190939086558658,0.142416097390537
"Hampton County","vap_hisp","gov_18_dem_smi",0.495274015846949,0.169209536371409,0.165698519116585,0.820784763918292
"Hampton County","vap_hisp","gov_18_rep_mcm",0.504725984153051,0.169209536371409,0.179215236081708,0.834301480883415
"Hampton County","vap_asian","gov_18_dem_smi",0.523171907738504,0.184082706648275,0.167032114108035,0.862851667882049
"Hampton County","vap_asian","gov_18_rep_mcm",0.476828092261496,0.184082706648275,0.137148332117951,0.832967885891965
"Hampton County","vap_aian","gov_18_dem_smi",0.511376247516591,0.185587918100687,0.164815917837998,0.854715887828656
"Hampton County","vap_aian","gov_18_rep_mcm",0.488623752483409,0.185587918100687,0.145284112171344,0.835184082162002
"Hampton County","vap_oth_b","gov_18_dem_smi",0.524173111410858,0.170158089213037,0.190675759756488,0.837905342949756
"Hampton County","vap_oth_b","gov_18_rep_mcm",0.475826888589142,0.170158089213037,0.162094657050244,0.809324240243512
"Hampton County","vap_white","atg_18_dem_ana",0.215755124095468,0.0313917253167252,0.163257330865969,0.286370426876312
"Hampton County","vap_white","atg_18_rep_wil",0.784244875904532,0.0313917253167252,0.713629573123688,0.836742669134031
"Hampton County","vap_black","atg_18_dem_ana",0.939337645695328,0.0305268854922473,0.866189954695686,0.984281365774361
"Hampton County","vap_black","atg_18_rep_wil",0.0606623543046721,0.0305268854922473,0.0157186342256387,0.133810045304314
"Hampton County","vap_hisp","atg_18_dem_ana",0.501616125561463,0.176248471384355,0.173257079783898,0.837036850946185
"Hampton County","vap_hisp","atg_18_rep_wil",0.498383874438537,0.176248471384355,0.162963149053815,0.826742920216102
"Hampton County","vap_asian","atg_18_dem_ana",0.509196252084668,0.192386821409794,0.141453271512357,0.860350124316367
"Hampton County","vap_asian","atg_18_rep_wil",0.490803747915332,0.192386821409794,0.139649875683633,0.858546728487643
"Hampton County","vap_aian","atg_18_dem_ana",0.594305351381094,0.237965880841466,0.162647285024324,0.968087332338701
"Hampton County","vap_aian","atg_18_rep_wil",0.405694648618906,0.237965880841466,0.0319126676612989,0.837352714975676
"Hampton County","vap_oth_b","atg_18_dem_ana",0.523398494966617,0.17673706286656,0.171010042204537,0.841572493015619
"Hampton County","vap_oth_b","atg_18_rep_wil",0.476601505033383,0.17673706286656,0.158427506984381,0.828989957795463
"Hampton County","vap_white","sos_18_dem_whi",0.214276965087524,0.0333911683177682,0.159446886156473,0.291853232727391
"Hampton County","vap_white","sos_18_rep_ham",0.785723034912476,0.0333911683177682,0.708146767272609,0.840553113843527
"Hampton County","vap_black","sos_18_dem_whi",0.93548371947293,0.033544028557708,0.853677761156684,0.983570934601847
"Hampton County","vap_black","sos_18_rep_ham",0.0645162805270705,0.033544028557708,0.0164290653981533,0.146322238843316
"Hampton County","vap_hisp","sos_18_dem_whi",0.499603589317229,0.167108655248578,0.195323405666672,0.840585239945691
"Hampton County","vap_hisp","sos_18_rep_ham",0.500396410682772,0.167108655248578,0.159414760054309,0.804676594333328
"Hampton County","vap_asian","sos_18_dem_whi",0.501379833915264,0.188437866572256,0.144468322949771,0.855347083889637
"Hampton County","vap_asian","sos_18_rep_ham",0.498620166084736,0.188437866572256,0.144652916110363,0.855531677050229
"Hampton County","vap_aian","sos_18_dem_whi",0.492155442306339,0.185405064266164,0.142773490207842,0.845392990750405
"Hampton County","vap_aian","sos_18_rep_ham",0.507844557693661,0.185405064266164,0.154607009249595,0.857226509792158
"Hampton County","vap_oth_b","sos_18_dem_whi",0.49797174459177,0.1815107370161,0.142881192196792,0.833826016975646
"Hampton County","vap_oth_b","sos_18_rep_ham",0.50202825540823,0.1815107370161,0.166173983024354,0.857118807803208
"Hampton County","vap_white","pre_20_rep_tru",0.845688882623185,0.0280514882438275,0.784193833120988,0.893444375834398
"Hampton County","vap_white","pre_20_dem_bid",0.154311117376815,0.0280514882438275,0.106555624165602,0.215806166879012
"Hampton County","vap_black","pre_20_rep_tru",0.0491682232166505,0.0248847398542214,0.0136905958306045,0.108985883298073
"Hampton County","vap_black","pre_20_dem_bid",0.950831776783349,0.0248847398542214,0.891014116701927,0.986309404169396
"Hampton County","vap_hisp","pre_20_rep_tru",0.348370555607479,0.156375344673069,0.0931407163798058,0.690588746205127
"Hampton County","vap_hisp","pre_20_dem_bid",0.651629444392521,0.156375344673069,0.309411253794873,0.906859283620194
"Hampton County","vap_asian","pre_20_rep_tru",0.466431099497469,0.199842225543159,0.0688687893444525,0.837025924940276
"Hampton County","vap_asian","pre_20_dem_bid",0.533568900502531,0.199842225543159,0.162974075059724,0.931131210655548
"Hampton County","vap_aian","pre_20_rep_tru",0.4922172209961,0.178760470699023,0.16065439488059,0.840457257747934
"Hampton County","vap_aian","pre_20_dem_bid",0.5077827790039,0.178760470699023,0.159542742252066,0.83934560511941
"Hampton County","vap_oth_b","pre_20_rep_tru",0.444728611792249,0.172957593062673,0.136696021340689,0.782581311806623
"Hampton County","vap_oth_b","pre_20_dem_bid",0.555271388207751,0.172957593062673,0.217418688193377,0.863303978659311
"Hampton County","vap_white","uss_20_rep_gra",0.810471938026433,0.032957018789026,0.736361613153794,0.863201720710911
"Hampton County","vap_white","uss_20_dem_har",0.189528061973567,0.032957018789026,0.13679827928909,0.263638386846206
"Hampton County","vap_black","uss_20_rep_gra",0.0539383741394292,0.0301073404150658,0.0134316955103473,0.126552756000672
"Hampton County","vap_black","uss_20_dem_har",0.946061625860571,0.0301073404150658,0.873447243999328,0.986568304489653
"Hampton County","vap_hisp","uss_20_rep_gra",0.350250838524957,0.159240683697745,0.0690100705905618,0.685095680545227
"Hampton County","vap_hisp","uss_20_dem_har",0.649749161475043,0.159240683697745,0.314904319454773,0.930989929409438
"Hampton County","vap_asian","uss_20_rep_gra",0.496253356330401,0.199925382510027,0.138222368376809,0.900405971222652
"Hampton County","vap_asian","uss_20_dem_har",0.503746643669599,0.199925382510027,0.0995940287773476,0.861777631623191
"Hampton County","vap_aian","uss_20_rep_gra",0.496788348423085,0.185227469535282,0.149905882692865,0.846427180896941
"Hampton County","vap_aian","uss_20_dem_har",0.503211651576915,0.185227469535282,0.153572819103059,0.850094117307135
"Hampton County","vap_oth_b","uss_20_rep_gra",0.45261411071623,0.17160633868817,0.144975207088415,0.795390260355249
"Hampton County","vap_oth_b","uss_20_dem_har",0.54738588928377,0.17160633868817,0.204609739644751,0.855024792911585
"Horry County","vap_white","pre_16_dem_cli",0.18768514629979,0.00969165326222075,0.169839762665548,0.206710415963477
"Horry County","vap_white","pre_16_rep_tru",0.81231485370021,0.00969165326222075,0.793289584036523,0.830160237334452
"Horry County","vap_black","pre_16_dem_cli",0.887396857685404,0.0369475704966214,0.80457985681009,0.943219818743496
"Horry County","vap_black","pre_16_rep_tru",0.112603142314596,0.0369475704966214,0.0567801812565037,0.19542014318991
"Horry County","vap_hisp","pre_16_dem_cli",0.62719766615651,0.101781215656395,0.412557109031232,0.806183790819755
"Horry County","vap_hisp","pre_16_rep_tru",0.37280233384349,0.101781215656395,0.193816209180245,0.587442890968768
"Horry County","vap_asian","pre_16_dem_cli",0.662022977344683,0.155099911084275,0.307396812855528,0.89424682714123
"Horry County","vap_asian","pre_16_rep_tru",0.337977022655317,0.155099911084275,0.105753172858771,0.692603187144472
"Horry County","vap_aian","pre_16_dem_cli",0.473595926525096,0.164105668959172,0.191820404642584,0.800448123309323
"Horry County","vap_aian","pre_16_rep_tru",0.526404073474904,0.164105668959172,0.199551876690677,0.808179595357416
"Horry County","vap_oth_b","pre_16_dem_cli",0.6839646289469,0.12704824148702,0.416848875958195,0.902427197989813
"Horry County","vap_oth_b","pre_16_rep_tru",0.3160353710531,0.12704824148702,0.0975728020101868,0.583151124041805
"Horry County","vap_white","uss_16_dem_dix",0.152394986538079,0.00839005687497114,0.136378212816557,0.168944152846531
"Horry County","vap_white","uss_16_rep_sco",0.847605013461921,0.00839005687497114,0.83105584715347,0.863621787183443
"Horry County","vap_black","uss_16_dem_dix",0.890535152294799,0.0307984619749029,0.824000147234228,0.942195836934606
"Horry County","vap_black","uss_16_rep_sco",0.109464847705201,0.0307984619749029,0.0578041630653933,0.175999852765771
"Horry County","vap_hisp","uss_16_dem_dix",0.688444474598819,0.10072123723334,0.492543837802335,0.858602661096391
"Horry County","vap_hisp","uss_16_rep_sco",0.311555525401181,0.10072123723334,0.141397338903609,0.507456162197665
"Horry County","vap_asian","uss_16_dem_dix",0.592296460218249,0.201202831158908,0.134649929772198,0.86956049626665
"Horry County","vap_asian","uss_16_rep_sco",0.407703539781751,0.201202831158908,0.13043950373335,0.865350070227802
"Horry County","vap_aian","uss_16_dem_dix",0.484274373980673,0.191641628969193,0.151103229545614,0.830706493124835
"Horry County","vap_aian","uss_16_rep_sco",0.515725626019327,0.191641628969193,0.169293506875165,0.848896770454385
"Horry County","vap_oth_b","uss_16_dem_dix",0.676571241118104,0.127284034610628,0.403771744002594,0.894351790336751
"Horry County","vap_oth_b","uss_16_rep_sco",0.323428758881897,0.127284034610628,0.105648209663249,0.596228255997406
"Horry County","vap_white","gov_18_dem_smi",0.242007689375751,0.00976924474465938,0.224307949743134,0.262626881326059
"Horry County","vap_white","gov_18_rep_mcm",0.757992310624249,0.00976924474465938,0.737373118673941,0.775692050256866
"Horry County","vap_black","gov_18_dem_smi",0.844509486393252,0.0466393714931827,0.740613508664375,0.925344924877979
"Horry County","vap_black","gov_18_rep_mcm",0.155490513606748,0.0466393714931827,0.0746550751220209,0.259386491335625
"Horry County","vap_hisp","gov_18_dem_smi",0.698831058588375,0.0996352461443158,0.468957260707802,0.859966382761597
"Horry County","vap_hisp","gov_18_rep_mcm",0.301168941411625,0.0996352461443158,0.140033617238403,0.531042739292198
"Horry County","vap_asian","gov_18_dem_smi",0.642275575695409,0.127555882335786,0.371207401054388,0.848684484056885
"Horry County","vap_asian","gov_18_rep_mcm",0.357724424304591,0.127555882335786,0.151315515943115,0.628792598945612
"Horry County","vap_aian","gov_18_dem_smi",0.489390964045707,0.153247307703639,0.207226474831071,0.774872311025559
"Horry County","vap_aian","gov_18_rep_mcm",0.510609035954293,0.153247307703639,0.225127688974441,0.792773525168929
"Horry County","vap_oth_b","gov_18_dem_smi",0.645440734300281,0.13101821312651,0.344052676826617,0.846240315574003
"Horry County","vap_oth_b","gov_18_rep_mcm",0.354559265699719,0.13101821312651,0.153759684425997,0.655947323173383
"Horry County","vap_white","atg_18_dem_ana",0.228476505441202,0.00994979259154784,0.209338103266188,0.248430679963563
"Horry County","vap_white","atg_18_rep_wil",0.771523494558798,0.00994979259154784,0.751569320036437,0.790661896733812
"Horry County","vap_black","atg_18_dem_ana",0.827454706332096,0.0463065366468117,0.732353827955131,0.906734940048351
"Horry County","vap_black","atg_18_rep_wil",0.172545293667904,0.0463065366468117,0.0932650599516487,0.267646172044869
"Horry County","vap_hisp","atg_18_dem_ana",0.657633467551108,0.10085787793957,0.449982680700948,0.843682998459872
"Horry County","vap_hisp","atg_18_rep_wil",0.342366532448892,0.10085787793957,0.156317001540128,0.550017319299051
"Horry County","vap_asian","atg_18_dem_ana",0.656570675887283,0.143057318706528,0.30995547373493,0.866072101613439
"Horry County","vap_asian","atg_18_rep_wil",0.343429324112717,0.143057318706528,0.133927898386561,0.69004452626507
"Horry County","vap_aian","atg_18_dem_ana",0.468862085311171,0.175050876789279,0.181162874226881,0.820696636209678
"Horry County","vap_aian","atg_18_rep_wil",0.531137914688829,0.175050876789279,0.179303363790322,0.818837125773119
"Horry County","vap_oth_b","atg_18_dem_ana",0.665640074561898,0.114259675926874,0.429167636512468,0.866650942887015
"Horry County","vap_oth_b","atg_18_rep_wil",0.334359925438102,0.114259675926874,0.133349057112985,0.570832363487532
"Horry County","vap_white","sos_18_dem_whi",0.224144113798825,0.0096087780741384,0.205802100029327,0.243896677290269
"Horry County","vap_white","sos_18_rep_ham",0.775855886201176,0.0096087780741384,0.756103322709731,0.794197899970673
"Horry County","vap_black","sos_18_dem_whi",0.816239397407747,0.0476746949996604,0.716672121458338,0.899061911027286
"Horry County","vap_black","sos_18_rep_ham",0.183760602592253,0.0476746949996604,0.100938088972714,0.283327878541662
"Horry County","vap_hisp","sos_18_dem_whi",0.655119359826152,0.102067269214155,0.453739998873724,0.835038428878194
"Horry County","vap_hisp","sos_18_rep_ham",0.344880640173848,0.102067269214155,0.164961571121806,0.546260001126276
"Horry County","vap_asian","sos_18_dem_whi",0.662319002432578,0.126838947687805,0.363641505153246,0.873901175659133
"Horry County","vap_asian","sos_18_rep_ham",0.337680997567422,0.126838947687805,0.126098824340867,0.636358494846754
"Horry County","vap_aian","sos_18_dem_whi",0.440158841587011,0.161446074057496,0.15876573611011,0.743416571319456
"Horry County","vap_aian","sos_18_rep_ham",0.559841158412989,0.161446074057496,0.256583428680543,0.84123426388989
"Horry County","vap_oth_b","sos_18_dem_whi",0.6817874197221,0.121355730825743,0.426477817868659,0.894880251769712
"Horry County","vap_oth_b","sos_18_rep_ham",0.3182125802779,0.121355730825743,0.105119748230288,0.573522182131342
"Horry County","vap_white","pre_20_rep_tru",0.776777701631016,0.00911378201530617,0.758037383811017,0.793592806724065
"Horry County","vap_white","pre_20_dem_bid",0.223222298368984,0.00911378201530617,0.206407193275935,0.241962616188983
"Horry County","vap_black","pre_20_rep_tru",0.166143442454227,0.0465251713084876,0.0786963315508964,0.259715569793653
"Horry County","vap_black","pre_20_dem_bid",0.833856557545773,0.0465251713084876,0.740284430206347,0.921303668449104
"Horry County","vap_hisp","pre_20_rep_tru",0.337609214054402,0.104662190134504,0.155736762893205,0.564090584742074
"Horry County","vap_hisp","pre_20_dem_bid",0.662390785945598,0.104662190134504,0.435909415257926,0.844263237106795
"Horry County","vap_asian","pre_20_rep_tru",0.307328351646882,0.120656269644596,0.114863850031951,0.560276257932062
"Horry County","vap_asian","pre_20_dem_bid",0.692671648353118,0.120656269644596,0.439723742067938,0.88513614996805
"Horry County","vap_aian","pre_20_rep_tru",0.52465939781961,0.150552550917419,0.216726413853472,0.789695790297134
"Horry County","vap_aian","pre_20_dem_bid",0.47534060218039,0.150552550917419,0.210304209702866,0.783273586146528
"Horry County","vap_oth_b","pre_20_rep_tru",0.400606671540546,0.129417454600664,0.164115009392365,0.668443904803524
"Horry County","vap_oth_b","pre_20_dem_bid",0.599393328459454,0.129417454600664,0.331556095196476,0.835884990607635
"Horry County","vap_white","uss_20_rep_gra",0.771601772298858,0.00959620227205667,0.751805864520749,0.78905261165576
"Horry County","vap_white","uss_20_dem_har",0.228398227701142,0.00959620227205666,0.21094738834424,0.248194135479251
"Horry County","vap_black","uss_20_rep_gra",0.138509698147981,0.0411111191517218,0.0717959334176158,0.230990371830621
"Horry County","vap_black","uss_20_dem_har",0.861490301852019,0.0411111191517218,0.769009628169379,0.928204066582384
"Horry County","vap_hisp","uss_20_rep_gra",0.314619957148217,0.0995331678002091,0.140460952925247,0.516855088900392
"Horry County","vap_hisp","uss_20_dem_har",0.685380042851783,0.0995331678002091,0.483144911099608,0.859539047074753
"Horry County","vap_asian","uss_20_rep_gra",0.315880920031089,0.138132436628461,0.114917069830916,0.627289168574081
"Horry County","vap_asian","uss_20_dem_har",0.684119079968911,0.138132436628461,0.372710831425919,0.885082930169084
"Horry County","vap_aian","uss_20_rep_gra",0.515963537896192,0.148544397946738,0.236841200734826,0.794994798548807
"Horry County","vap_aian","uss_20_dem_har",0.484036462103808,0.148544397946738,0.205005201451193,0.763158799265174
"Horry County","vap_oth_b","uss_20_rep_gra",0.352233219762374,0.116681156307248,0.157470698216799,0.605874614442335
"Horry County","vap_oth_b","uss_20_dem_har",0.647766780237626,0.116681156307248,0.394125385557665,0.842529301783201
"Jasper County","vap_white","pre_16_dem_cli",0.295047670442487,0.0517096106919824,0.208916068631472,0.415558428095178
"Jasper County","vap_white","pre_16_rep_tru",0.704952329557513,0.0517096106919824,0.584441571904823,0.791083931368528
"Jasper County","vap_black","pre_16_dem_cli",0.862931585054956,0.0635929372039708,0.707428469372391,0.959486909156079
"Jasper County","vap_black","pre_16_rep_tru",0.137068414945044,0.0635929372039708,0.0405130908439207,0.292571530627608
"Jasper County","vap_hisp","pre_16_dem_cli",0.600997175220729,0.1111498344032,0.376199021165002,0.807127400951888
"Jasper County","vap_hisp","pre_16_rep_tru",0.399002824779271,0.1111498344032,0.192872599048112,0.623800978834998
"Jasper County","vap_asian","pre_16_dem_cli",0.492773702823252,0.18023781983854,0.165354616964881,0.85382846722837
"Jasper County","vap_asian","pre_16_rep_tru",0.507226297176748,0.18023781983854,0.14617153277163,0.834645383035119
"Jasper County","vap_aian","pre_16_dem_cli",0.498939776520282,0.178167058909419,0.162120682564674,0.824663877429015
"Jasper County","vap_aian","pre_16_rep_tru",0.501060223479718,0.178167058909419,0.175336122570985,0.837879317435326
"Jasper County","vap_oth_b","pre_16_dem_cli",0.565255271039372,0.1665168391043,0.207582504091976,0.853024456354788
"Jasper County","vap_oth_b","pre_16_rep_tru",0.434744728960628,0.1665168391043,0.146975543645212,0.792417495908024
"Jasper County","vap_white","uss_16_dem_dix",0.260295517825044,0.0480973956859782,0.176398135601836,0.362208613447619
"Jasper County","vap_white","uss_16_rep_sco",0.739704482174956,0.0480973956859782,0.637791386552382,0.823601864398164
"Jasper County","vap_black","uss_16_dem_dix",0.847210016215011,0.0620624115743994,0.708989037247722,0.944361826786692
"Jasper County","vap_black","uss_16_rep_sco",0.152789983784989,0.0620624115743994,0.0556381732133078,0.291010962752278
"Jasper County","vap_hisp","uss_16_dem_dix",0.60734788082499,0.123396512861969,0.360689006381745,0.835453286509717
"Jasper County","vap_hisp","uss_16_rep_sco",0.39265211917501,0.123396512861969,0.164546713490283,0.639310993618255
"Jasper County","vap_asian","uss_16_dem_dix",0.513470728260163,0.180330699914339,0.162528645674981,0.850904466171404
"Jasper County","vap_asian","uss_16_rep_sco",0.486529271739837,0.180330699914339,0.149095533828596,0.837471354325019
"Jasper County","vap_aian","uss_16_dem_dix",0.490969774851235,0.176404098586047,0.168267854558311,0.832705697065193
"Jasper County","vap_aian","uss_16_rep_sco",0.509030225148765,0.176404098586047,0.167294302934807,0.831732145441689
"Jasper County","vap_oth_b","uss_16_dem_dix",0.528061685584837,0.170717760265048,0.199598467258311,0.83740313561295
"Jasper County","vap_oth_b","uss_16_rep_sco",0.471938314415163,0.170717760265048,0.16259686438705,0.800401532741688
"Jasper County","vap_white","gov_18_dem_smi",0.304656047087568,0.0511535313105478,0.213193034997557,0.408769336196086
"Jasper County","vap_white","gov_18_rep_mcm",0.695343952912432,0.0511535313105478,0.591230663803914,0.786806965002443
"Jasper County","vap_black","gov_18_dem_smi",0.853000841904053,0.0659305923417806,0.705577711934554,0.954654187374266
"Jasper County","vap_black","gov_18_rep_mcm",0.146999158095947,0.0659305923417806,0.0453458126257341,0.294422288065446
"Jasper County","vap_hisp","gov_18_dem_smi",0.634930909647789,0.131050514098734,0.372062774637189,0.873296208910935
"Jasper County","vap_hisp","gov_18_rep_mcm",0.365069090352211,0.131050514098734,0.126703791089066,0.627937225362811
"Jasper County","vap_asian","gov_18_dem_smi",0.513733979759161,0.168908702988242,0.198484142407998,0.834579018865602
"Jasper County","vap_asian","gov_18_rep_mcm",0.486266020240839,0.168908702988242,0.165420981134398,0.801515857592002
"Jasper County","vap_aian","gov_18_dem_smi",0.504267930373714,0.175902188453639,0.169111878474899,0.831238232622693
"Jasper County","vap_aian","gov_18_rep_mcm",0.495732069626286,0.175902188453639,0.168761767377307,0.830888121525101
"Jasper County","vap_oth_b","gov_18_dem_smi",0.55166512221914,0.162891463860454,0.217155550551021,0.847655305478041
"Jasper County","vap_oth_b","gov_18_rep_mcm",0.44833487778086,0.162891463860454,0.152344694521959,0.782844449448978
"Jasper County","vap_white","atg_18_dem_ana",0.295127608423344,0.0499013697531784,0.208213089025264,0.401335548164276
"Jasper County","vap_white","atg_18_rep_wil",0.704872391576656,0.0499013697531784,0.598664451835724,0.791786910974736
"Jasper County","vap_black","atg_18_dem_ana",0.842810641916679,0.0664078747191108,0.693218497035763,0.949068297715102
"Jasper County","vap_black","atg_18_rep_wil",0.157189358083321,0.0664078747191108,0.0509317022848983,0.306781502964237
"Jasper County","vap_hisp","atg_18_dem_ana",0.597314303775218,0.130280236738621,0.330929462161026,0.836607570748179
"Jasper County","vap_hisp","atg_18_rep_wil",0.402685696224782,0.130280236738621,0.163392429251821,0.669070537838974
"Jasper County","vap_asian","atg_18_dem_ana",0.485044588388542,0.1751848765441,0.149556070451941,0.809030107421087
"Jasper County","vap_asian","atg_18_rep_wil",0.514955411611458,0.1751848765441,0.190969892578913,0.850443929548059
"Jasper County","vap_aian","atg_18_dem_ana",0.47932124592588,0.18177064286845,0.134025464339372,0.822198036769433
"Jasper County","vap_aian","atg_18_rep_wil",0.52067875407412,0.18177064286845,0.177801963230567,0.865974535660628
"Jasper County","vap_oth_b","atg_18_dem_ana",0.546822195241725,0.169239354953534,0.216096102593888,0.856202675817378
"Jasper County","vap_oth_b","atg_18_rep_wil",0.453177804758275,0.169239354953534,0.143797324182622,0.783903897406112
"Jasper County","vap_white","sos_18_dem_whi",0.290185032117484,0.0505480001300824,0.20364607316581,0.397334196222376
"Jasper County","vap_white","sos_18_rep_ham",0.709814967882516,0.0505480001300824,0.602665803777624,0.79635392683419
"Jasper County","vap_black","sos_18_dem_whi",0.851965542566173,0.0654095006629265,0.703292098729617,0.953550044773814
"Jasper County","vap_black","sos_18_rep_ham",0.148034457433827,0.0654095006629265,0.0464499552261862,0.296707901270383
"Jasper County","vap_hisp","sos_18_dem_whi",0.587129760833983,0.135967160543913,0.302922612749801,0.829380199867279
"Jasper County","vap_hisp","sos_18_rep_ham",0.412870239166017,0.135967160543913,0.170619800132721,0.697077387250199
"Jasper County","vap_asian","sos_18_dem_whi",0.481730379827866,0.176078314648887,0.159795441199786,0.820766559820943
"Jasper County","vap_asian","sos_18_rep_ham",0.518269620172134,0.176078314648887,0.179233440179057,0.840204558800214
"Jasper County","vap_aian","sos_18_dem_whi",0.505372337527905,0.177125571561534,0.172243844130082,0.845867896899227
"Jasper County","vap_aian","sos_18_rep_ham",0.494627662472095,0.177125571561534,0.154132103100773,0.827756155869918
"Jasper County","vap_oth_b","sos_18_dem_whi",0.552106834747921,0.16456497649091,0.216655974169477,0.839611781773271
"Jasper County","vap_oth_b","sos_18_rep_ham",0.447893165252079,0.16456497649091,0.160388218226729,0.783344025830523
"Jasper County","vap_white","pre_20_rep_tru",0.74298074689304,0.0517935432483475,0.623049762588038,0.829005877930073
"Jasper County","vap_white","pre_20_dem_bid",0.25701925310696,0.0517935432483475,0.170994122069927,0.376950237411962
"Jasper County","vap_black","pre_20_rep_tru",0.126693519002407,0.0624852986742977,0.0330575905736717,0.272257364230518
"Jasper County","vap_black","pre_20_dem_bid",0.873306480997593,0.0624852986742977,0.727742635769482,0.966942409426328
"Jasper County","vap_hisp","pre_20_rep_tru",0.464822870311405,0.126951348185408,0.242038119072219,0.736912120586645
"Jasper County","vap_hisp","pre_20_dem_bid",0.535177129688595,0.126951348185408,0.263087879413355,0.757961880927781
"Jasper County","vap_asian","pre_20_rep_tru",0.499972291578378,0.176495288082292,0.165612460391601,0.830704050874737
"Jasper County","vap_asian","pre_20_dem_bid",0.500027708421622,0.176495288082292,0.169295949125263,0.834387539608399
"Jasper County","vap_aian","pre_20_rep_tru",0.484347144542134,0.178377709548964,0.152197803018285,0.826978619016391
"Jasper County","vap_aian","pre_20_dem_bid",0.515652855457866,0.178377709548964,0.173021380983609,0.847802196981715
"Jasper County","vap_oth_b","pre_20_rep_tru",0.472952459829502,0.167988747580292,0.168211522044079,0.806733698086561
"Jasper County","vap_oth_b","pre_20_dem_bid",0.527047540170498,0.167988747580292,0.193266301913439,0.831788477955921
"Jasper County","vap_white","uss_20_rep_gra",0.722581781996184,0.0478274650891138,0.620487073534951,0.806854697668163
"Jasper County","vap_white","uss_20_dem_har",0.277418218003816,0.0478274650891138,0.193145302331837,0.379512926465049
"Jasper County","vap_black","uss_20_rep_gra",0.130946038434099,0.0596997195660203,0.0432654459116402,0.281673502618356
"Jasper County","vap_black","uss_20_dem_har",0.869053961565901,0.0596997195660203,0.718326497381644,0.95673455408836
"Jasper County","vap_hisp","uss_20_rep_gra",0.438878126094333,0.125909206499892,0.195297596811306,0.682039765963657
"Jasper County","vap_hisp","uss_20_dem_har",0.561121873905667,0.125909206499892,0.317960234036343,0.804702403188694
"Jasper County","vap_asian","uss_20_rep_gra",0.477075027160638,0.175498257629516,0.147316299361106,0.810538975640648
"Jasper County","vap_asian","uss_20_dem_har",0.522924972839362,0.175498257629516,0.189461024359352,0.852683700638894
"Jasper County","vap_aian","uss_20_rep_gra",0.488292253580765,0.176624102616413,0.161133081795517,0.828263707120471
"Jasper County","vap_aian","uss_20_dem_har",0.511707746419235,0.176624102616413,0.171736292879528,0.838866918204483
"Jasper County","vap_oth_b","uss_20_rep_gra",0.459732009765294,0.168594985474344,0.161862954422423,0.799960392077864
"Jasper County","vap_oth_b","uss_20_dem_har",0.540267990234706,0.168594985474344,0.200039607922136,0.838137045577577
"Kershaw County","vap_white","pre_16_dem_cli",0.177390537190835,0.0207417737404095,0.142582913720096,0.222851121193036
"Kershaw County","vap_white","pre_16_rep_tru",0.822609462809165,0.0207417737404095,0.777148878806964,0.857417086279904
"Kershaw County","vap_black","pre_16_dem_cli",0.892426995436844,0.0462641442332842,0.779714162982041,0.959778663393682
"Kershaw County","vap_black","pre_16_rep_tru",0.107573004563156,0.0462641442332842,0.0402213366063176,0.220285837017959
"Kershaw County","vap_hisp","pre_16_dem_cli",0.642254287582475,0.155911947468765,0.307056279031246,0.890338532375579
"Kershaw County","vap_hisp","pre_16_rep_tru",0.357745712417525,0.155911947468765,0.109661467624421,0.692943720968754
"Kershaw County","vap_asian","pre_16_dem_cli",0.504623118265532,0.162825835125555,0.201575203283036,0.820649445706706
"Kershaw County","vap_asian","pre_16_rep_tru",0.495376881734468,0.162825835125555,0.179350554293294,0.798424796716964
"Kershaw County","vap_aian","pre_16_dem_cli",0.497891973377453,0.187267906635237,0.149534885256233,0.861371280470003
"Kershaw County","vap_aian","pre_16_rep_tru",0.502108026622547,0.187267906635237,0.138628719529997,0.850465114743767
"Kershaw County","vap_oth_b","pre_16_dem_cli",0.598370866323065,0.145788517933026,0.295852590067879,0.849975074671342
"Kershaw County","vap_oth_b","pre_16_rep_tru",0.401629133676935,0.145788517933026,0.150024925328658,0.704147409932121
"Kershaw County","vap_white","uss_16_dem_dix",0.13896422188566,0.0206950579749259,0.104138884299149,0.1847505817497
"Kershaw County","vap_white","uss_16_rep_sco",0.86103577811434,0.0206950579749259,0.8152494182503,0.895861115700851
"Kershaw County","vap_black","uss_16_dem_dix",0.906542506476233,0.0455992698859738,0.799037870910515,0.967158009359766
"Kershaw County","vap_black","uss_16_rep_sco",0.093457493523767,0.0455992698859738,0.0328419906402337,0.200962129089485
"Kershaw County","vap_hisp","uss_16_dem_dix",0.63878122043882,0.144152796501606,0.333479370591884,0.877717374271741
"Kershaw County","vap_hisp","uss_16_rep_sco",0.36121877956118,0.144152796501606,0.122282625728259,0.666520629408116
"Kershaw County","vap_asian","uss_16_dem_dix",0.512000392348362,0.171514091472813,0.198847960509227,0.842441694054417
"Kershaw County","vap_asian","uss_16_rep_sco",0.487999607651638,0.171514091472813,0.157558305945583,0.801152039490773
"Kershaw County","vap_aian","uss_16_dem_dix",0.513456376296585,0.16596852583577,0.20629871159467,0.837758538106132
"Kershaw County","vap_aian","uss_16_rep_sco",0.486543623703415,0.16596852583577,0.162241461893868,0.79370128840533
"Kershaw County","vap_oth_b","uss_16_dem_dix",0.609698843304812,0.15365378506077,0.285781249963288,0.869961424476545
"Kershaw County","vap_oth_b","uss_16_rep_sco",0.390301156695189,0.15365378506077,0.130038575523455,0.714218750036712
"Kershaw County","vap_white","gov_18_dem_smi",0.237788353931872,0.0206159916397024,0.20034088662585,0.281787298041178
"Kershaw County","vap_white","gov_18_rep_mcm",0.762211646068128,0.0206159916397024,0.718212701958821,0.79965911337415
"Kershaw County","vap_black","gov_18_dem_smi",0.893656051251292,0.0456280965971917,0.791253314153005,0.960340567759908
"Kershaw County","vap_black","gov_18_rep_mcm",0.106343948748708,0.0456280965971917,0.0396594322400923,0.208746685846995
"Kershaw County","vap_hisp","gov_18_dem_smi",0.615642044849745,0.157229579407084,0.288561263463815,0.881300653124444
"Kershaw County","vap_hisp","gov_18_rep_mcm",0.384357955150255,0.157229579407084,0.118699346875555,0.711438736536185
"Kershaw County","vap_asian","gov_18_dem_smi",0.502345820491971,0.166352959156416,0.184091099790705,0.81104810579532
"Kershaw County","vap_asian","gov_18_rep_mcm",0.497654179508029,0.166352959156416,0.188951894204679,0.815908900209295
"Kershaw County","vap_aian","gov_18_dem_smi",0.50877697440588,0.167406902746012,0.189972886241194,0.816649731761523
"Kershaw County","vap_aian","gov_18_rep_mcm",0.491223025594121,0.167406902746012,0.183350268238477,0.810027113758806
"Kershaw County","vap_oth_b","gov_18_dem_smi",0.573056041692551,0.157755723881774,0.246577597940263,0.844140612730671
"Kershaw County","vap_oth_b","gov_18_rep_mcm",0.426943958307449,0.157755723881774,0.155859387269329,0.753422402059737
"Kershaw County","vap_white","atg_18_dem_ana",0.198896369568904,0.023272213721947,0.160576178138837,0.25535041391293
"Kershaw County","vap_white","atg_18_rep_wil",0.801103630431096,0.023272213721947,0.74464958608707,0.839423821861163
"Kershaw County","vap_black","atg_18_dem_ana",0.898647615590014,0.0519082541898224,0.756488909019543,0.966567839133304
"Kershaw County","vap_black","atg_18_rep_wil",0.101352384409986,0.0519082541898224,0.0334321608666955,0.243511090980457
"Kershaw County","vap_hisp","atg_18_dem_ana",0.630718033779834,0.152109663250885,0.311497834226722,0.881061965920615
"Kershaw County","vap_hisp","atg_18_rep_wil",0.369281966220166,0.152109663250885,0.118938034079385,0.688502165773278
"Kershaw County","vap_asian","atg_18_dem_ana",0.542180986440719,0.166077740469327,0.222765523426929,0.869179524861504
"Kershaw County","vap_asian","atg_18_rep_wil",0.457819013559281,0.166077740469327,0.130820475138496,0.777234476573071
"Kershaw County","vap_aian","atg_18_dem_ana",0.514386518049734,0.164226933652258,0.195237936828947,0.818412301450129
"Kershaw County","vap_aian","atg_18_rep_wil",0.485613481950266,0.164226933652258,0.181587698549871,0.804762063171053
"Kershaw County","vap_oth_b","atg_18_dem_ana",0.591519343813474,0.153799009636697,0.271667948539232,0.846458779904562
"Kershaw County","vap_oth_b","atg_18_rep_wil",0.408480656186526,0.153799009636697,0.153541220095438,0.728332051460768
"Kershaw County","vap_white","sos_18_dem_whi",0.171912020947771,0.0220991842995496,0.135319130842665,0.224906970837151
"Kershaw County","vap_white","sos_18_rep_ham",0.828087979052229,0.0220991842995496,0.775093029162849,0.864680869157335
"Kershaw County","vap_black","sos_18_dem_whi",0.904386643635849,0.0518148036915975,0.770176391875492,0.974769638978324
"Kershaw County","vap_black","sos_18_rep_ham",0.0956133563641506,0.0518148036915975,0.025230361021676,0.229823608124507
"Kershaw County","vap_hisp","sos_18_dem_whi",0.621405858636758,0.154329190573252,0.30630361235978,0.874632112340742
"Kershaw County","vap_hisp","sos_18_rep_ham",0.378594141363242,0.154329190573252,0.125367887659258,0.69369638764022
"Kershaw County","vap_asian","sos_18_dem_whi",0.513755491781699,0.164918648655905,0.193103652487825,0.836965828045043
"Kershaw County","vap_asian","sos_18_rep_ham",0.486244508218301,0.164918648655905,0.163034171954957,0.806896347512175
"Kershaw County","vap_aian","sos_18_dem_whi",0.490958398285039,0.17460806610584,0.171539748625986,0.835796730413201
"Kershaw County","vap_aian","sos_18_rep_ham",0.509041601714961,0.17460806610584,0.164203269586799,0.828460251374014
"Kershaw County","vap_oth_b","sos_18_dem_whi",0.576265164697309,0.1548466376318,0.262226118783683,0.840365651740045
"Kershaw County","vap_oth_b","sos_18_rep_ham",0.423734835302691,0.1548466376318,0.159634348259955,0.737773881216317
"Kershaw County","vap_white","pre_20_rep_tru",0.805722698621668,0.0195050338104578,0.764832767480383,0.838487607709138
"Kershaw County","vap_white","pre_20_dem_bid",0.194277301378332,0.0195050338104578,0.161512392290862,0.235167232519617
"Kershaw County","vap_black","pre_20_rep_tru",0.104007364546691,0.0422628241084965,0.0422369250166403,0.203117004693554
"Kershaw County","vap_black","pre_20_dem_bid",0.895992635453309,0.0422628241084965,0.796882995306446,0.95776307498336
"Kershaw County","vap_hisp","pre_20_rep_tru",0.402592657140938,0.148808333380859,0.15295302219885,0.720424016935959
"Kershaw County","vap_hisp","pre_20_dem_bid",0.597407342859062,0.148808333380859,0.279575983064041,0.84704697780115
"Kershaw County","vap_asian","pre_20_rep_tru",0.491430978282202,0.160767628478356,0.180615512272784,0.802431611279165
"Kershaw County","vap_asian","pre_20_dem_bid",0.508569021717798,0.160767628478356,0.197568388720835,0.819384487727216
"Kershaw County","vap_aian","pre_20_rep_tru",0.479040887004828,0.167366065606212,0.173609322615834,0.801863650559888
"Kershaw County","vap_aian","pre_20_dem_bid",0.520959112995172,0.167366065606212,0.198136349440112,0.826390677384166
"Kershaw County","vap_oth_b","pre_20_rep_tru",0.420581603470879,0.167890386352283,0.139337825748837,0.784616970587003
"Kershaw County","vap_oth_b","pre_20_dem_bid",0.579418396529121,0.167890386352283,0.215383029412997,0.860662174251163
"Kershaw County","vap_white","uss_20_rep_gra",0.797129130684954,0.0203596924092276,0.754356551901729,0.833480858021494
"Kershaw County","vap_white","uss_20_dem_har",0.202870869315046,0.0203596924092276,0.166519141978506,0.245643448098271
"Kershaw County","vap_black","uss_20_rep_gra",0.100382582888031,0.0439082610761106,0.0364155993019061,0.2019366907956
"Kershaw County","vap_black","uss_20_dem_har",0.899617417111969,0.0439082610761106,0.7980633092044,0.963584400698094
"Kershaw County","vap_hisp","uss_20_rep_gra",0.400571287036036,0.156296276342865,0.141518197731731,0.719750160219645
"Kershaw County","vap_hisp","uss_20_dem_har",0.599428712963964,0.156296276342865,0.280249839780355,0.858481802268269
"Kershaw County","vap_asian","uss_20_rep_gra",0.477632610777034,0.171252789587482,0.161810428898932,0.812333015958324
"Kershaw County","vap_asian","uss_20_dem_har",0.522367389222966,0.171252789587482,0.187666984041676,0.838189571101068
"Kershaw County","vap_aian","uss_20_rep_gra",0.493675260650158,0.170593551343597,0.1780743839651,0.829199879193736
"Kershaw County","vap_aian","uss_20_dem_har",0.506324739349842,0.170593551343597,0.170800120806264,0.8219256160349
"Kershaw County","vap_oth_b","uss_20_rep_gra",0.427740082494477,0.166568011464655,0.137471979198782,0.768695649950544
"Kershaw County","vap_oth_b","uss_20_dem_har",0.572259917505523,0.166568011464655,0.231304350049456,0.862528020801218
"Lancaster County","vap_white","pre_16_dem_cli",0.215987985352502,0.0222087723855174,0.178276339787022,0.263999114728054
"Lancaster County","vap_white","pre_16_rep_tru",0.784012014647498,0.0222087723855174,0.736000885271946,0.821723660212978
"Lancaster County","vap_black","pre_16_dem_cli",0.801895710799307,0.0623928414013761,0.654898400630345,0.902535675900798
"Lancaster County","vap_black","pre_16_rep_tru",0.198104289200693,0.0623928414013761,0.0974643240992021,0.345101599369655
"Lancaster County","vap_hisp","pre_16_dem_cli",0.63867184214082,0.144449015047687,0.328527310918744,0.877414358457807
"Lancaster County","vap_hisp","pre_16_rep_tru",0.36132815785918,0.144449015047687,0.122585641542193,0.671472689081256
"Lancaster County","vap_asian","pre_16_dem_cli",0.539256020588221,0.177513303562189,0.192768917337361,0.86084132624316
"Lancaster County","vap_asian","pre_16_rep_tru",0.460743979411779,0.177513303562189,0.13915867375684,0.807231082662638
"Lancaster County","vap_aian","pre_16_dem_cli",0.512218298392866,0.170794586837453,0.194452474340729,0.860059880414796
"Lancaster County","vap_aian","pre_16_rep_tru",0.487781701607134,0.170794586837453,0.139940119585204,0.805547525659271
"Lancaster County","vap_oth_b","pre_16_dem_cli",0.52979463680306,0.167986353366115,0.189577788397555,0.823664331602141
"Lancaster County","vap_oth_b","pre_16_rep_tru",0.47020536319694,0.167986353366115,0.176335668397859,0.810422211602444
"Lancaster County","vap_white","uss_16_dem_dix",0.21216068257379,0.019579283702152,0.17935893971419,0.256420261993445
"Lancaster County","vap_white","uss_16_rep_sco",0.78783931742621,0.019579283702152,0.743579738006555,0.82064106028581
"Lancaster County","vap_black","uss_16_dem_dix",0.833509973537149,0.0563729863197737,0.698413808064958,0.918425180277907
"Lancaster County","vap_black","uss_16_rep_sco",0.166490026462851,0.0563729863197737,0.0815748197220925,0.301586191935041
"Lancaster County","vap_hisp","uss_16_dem_dix",0.662174397017553,0.134810051603802,0.344213735810717,0.879594267942206
"Lancaster County","vap_hisp","uss_16_rep_sco",0.337825602982448,0.134810051603802,0.120405732057794,0.655786264189283
"Lancaster County","vap_asian","uss_16_dem_dix",0.52225914545457,0.173987869884278,0.182208004035079,0.837877888017809
"Lancaster County","vap_asian","uss_16_rep_sco",0.47774085454543,0.173987869884278,0.162122111982191,0.817791995964921
"Lancaster County","vap_aian","uss_16_dem_dix",0.497776911478881,0.166066632610928,0.182778669793417,0.812607350078725
"Lancaster County","vap_aian","uss_16_rep_sco",0.502223088521119,0.166066632610928,0.187392649921275,0.817221330206582
"Lancaster County","vap_oth_b","uss_16_dem_dix",0.536730157992497,0.158043907272686,0.211973479601677,0.81749210755118
"Lancaster County","vap_oth_b","uss_16_rep_sco",0.463269842007503,0.158043907272686,0.182507892448819,0.788026520398323
"Lancaster County","vap_white","gov_18_dem_smi",0.263978217232158,0.0242213078337237,0.222762399276662,0.31926468294976
"Lancaster County","vap_white","gov_18_rep_mcm",0.736021782767842,0.0242213078337237,0.68073531705024,0.777237600723338
"Lancaster County","vap_black","gov_18_dem_smi",0.807474656717162,0.0712785814886435,0.638711134396295,0.914342096879166
"Lancaster County","vap_black","gov_18_rep_mcm",0.192525343282838,0.0712785814886435,0.0856579031208334,0.361288865603705
"Lancaster County","vap_hisp","gov_18_dem_smi",0.649911360649067,0.145595940595367,0.33218143420272,0.884576086404934
"Lancaster County","vap_hisp","gov_18_rep_mcm",0.350088639350933,0.145595940595367,0.115423913595066,0.66781856579728
"Lancaster County","vap_asian","gov_18_dem_smi",0.550493530226452,0.171610173492743,0.209995871795206,0.851177943188164
"Lancaster County","vap_asian","gov_18_rep_mcm",0.449506469773548,0.171610173492743,0.148822056811836,0.790004128204794
"Lancaster County","vap_aian","gov_18_dem_smi",0.4817346786439,0.1779325883245,0.139261474682628,0.819592729325686
"Lancaster County","vap_aian","gov_18_rep_mcm",0.5182653213561,0.1779325883245,0.180407270674314,0.860738525317372
"Lancaster County","vap_oth_b","gov_18_dem_smi",0.5302064053774,0.169509853038951,0.197414163770738,0.825018215792373
"Lancaster County","vap_oth_b","gov_18_rep_mcm",0.4697935946226,0.169509853038951,0.174981784207627,0.802585836229261
"Lancaster County","vap_white","atg_18_dem_ana",0.208016178799253,0.0247555204030383,0.165867049504063,0.263259809691018
"Lancaster County","vap_white","atg_18_rep_wil",0.791983821200747,0.0247555204030383,0.736740190308982,0.834132950495937
"Lancaster County","vap_black","atg_18_dem_ana",0.815508185545882,0.0653200536554729,0.667600017926832,0.911573912190657
"Lancaster County","vap_black","atg_18_rep_wil",0.184491814454117,0.0653200536554729,0.0884260878093426,0.332399982073168
"Lancaster County","vap_hisp","atg_18_dem_ana",0.65173681833232,0.151311809037716,0.319942008533734,0.89292764084458
"Lancaster County","vap_hisp","atg_18_rep_wil",0.34826318166768,0.151311809037716,0.10707235915542,0.680057991466265
"Lancaster County","vap_asian","atg_18_dem_ana",0.582033184972378,0.175895416897683,0.21669326861113,0.889100139152798
"Lancaster County","vap_asian","atg_18_rep_wil",0.417966815027622,0.175895416897683,0.110899860847202,0.783306731388871
"Lancaster County","vap_aian","atg_18_dem_ana",0.490058103780086,0.168416425176331,0.184646595173548,0.837111505213264
"Lancaster County","vap_aian","atg_18_rep_wil",0.509941896219913,0.168416425176331,0.162888494786736,0.815353404826452
"Lancaster County","vap_oth_b","atg_18_dem_ana",0.565647802140253,0.16667523465041,0.249706864706814,0.87682892860386
"Lancaster County","vap_oth_b","atg_18_rep_wil",0.434352197859747,0.16667523465041,0.12317107139614,0.750293135293186
"Lancaster County","vap_white","sos_18_dem_whi",0.197659809796226,0.0252710048530193,0.155664240523417,0.255949333979197
"Lancaster County","vap_white","sos_18_rep_ham",0.802340190203774,0.0252710048530193,0.744050666020803,0.844335759476584
"Lancaster County","vap_black","sos_18_dem_whi",0.81451241281203,0.0720835385691216,0.635675612520079,0.912098701360726
"Lancaster County","vap_black","sos_18_rep_ham",0.18548758718797,0.0720835385691216,0.0879012986392736,0.364324387479921
"Lancaster County","vap_hisp","sos_18_dem_whi",0.674413928854598,0.129243300725206,0.390914676978463,0.889596984716004
"Lancaster County","vap_hisp","sos_18_rep_ham",0.325586071145402,0.129243300725206,0.110403015283996,0.609085323021537
"Lancaster County","vap_asian","sos_18_dem_whi",0.61268945050813,0.185785960492262,0.236269619225251,0.922025925280512
"Lancaster County","vap_asian","sos_18_rep_ham",0.38731054949187,0.185785960492262,0.0779740747194876,0.763730380774749
"Lancaster County","vap_aian","sos_18_dem_whi",0.499283646318987,0.170520284140317,0.181160322651316,0.828713562352945
"Lancaster County","vap_aian","sos_18_rep_ham",0.500716353681013,0.170520284140317,0.171286437647055,0.818839677348684
"Lancaster County","vap_oth_b","sos_18_dem_whi",0.57059829663469,0.165186983234398,0.261030449136542,0.865898419340348
"Lancaster County","vap_oth_b","sos_18_rep_ham",0.42940170336531,0.165186983234398,0.134101580659652,0.738969550863458
"Lancaster County","vap_white","pre_20_rep_tru",0.788829278516605,0.0250174900280367,0.73050271147139,0.831937555791776
"Lancaster County","vap_white","pre_20_dem_bid",0.211170721483395,0.0250174900280367,0.168062444208224,0.26949728852861
"Lancaster County","vap_black","pre_20_rep_tru",0.203127794987024,0.0697177066095596,0.0974701335398202,0.367341717328177
"Lancaster County","vap_black","pre_20_dem_bid",0.796872205012976,0.0697177066095596,0.632658282671823,0.90252986646018
"Lancaster County","vap_hisp","pre_20_rep_tru",0.337347350279717,0.152125463060547,0.0848095286472832,0.674145497667338
"Lancaster County","vap_hisp","pre_20_dem_bid",0.662652649720283,0.152125463060547,0.325854502332662,0.915190471352717
"Lancaster County","vap_asian","pre_20_rep_tru",0.410707921011496,0.176392411900551,0.104771018420588,0.775877881474159
"Lancaster County","vap_asian","pre_20_dem_bid",0.589292078988504,0.176392411900551,0.224122118525841,0.895228981579412
"Lancaster County","vap_aian","pre_20_rep_tru",0.507743310291261,0.175504285170214,0.188512400530596,0.850256788635717
"Lancaster County","vap_aian","pre_20_dem_bid",0.492256689708739,0.175504285170214,0.149743211364283,0.811487599469404
"Lancaster County","vap_oth_b","pre_20_rep_tru",0.444664085517173,0.171553748980558,0.15417714157544,0.816941173176971
"Lancaster County","vap_oth_b","pre_20_dem_bid",0.555335914482827,0.171553748980558,0.183058826823029,0.84582285842456
"Lancaster County","vap_white","uss_20_rep_gra",0.770813611927038,0.0276291826678325,0.704078504272413,0.812108411098476
"Lancaster County","vap_white","uss_20_dem_har",0.229186388072962,0.0276291826678325,0.187891588901524,0.295921495727587
"Lancaster County","vap_black","uss_20_rep_gra",0.190312098254129,0.0787257359287206,0.088423836591192,0.399517691482749
"Lancaster County","vap_black","uss_20_dem_har",0.809687901745871,0.0787257359287206,0.600482308517251,0.911576163408808
"Lancaster County","vap_hisp","uss_20_rep_gra",0.333092656604874,0.137389482465445,0.115362330252746,0.64106342724349
"Lancaster County","vap_hisp","uss_20_dem_har",0.666907343395126,0.137389482465445,0.35893657275651,0.884637669747254
"Lancaster County","vap_asian","uss_20_rep_gra",0.424254775093067,0.18354630857606,0.12004105783921,0.806195908044035
"Lancaster County","vap_asian","uss_20_dem_har",0.575745224906933,0.18354630857606,0.193804091955965,0.87995894216079
"Lancaster County","vap_aian","uss_20_rep_gra",0.520885904304679,0.163398439668822,0.207126296619747,0.821362966829303
"Lancaster County","vap_aian","uss_20_dem_har",0.479114095695321,0.163398439668822,0.178637033170697,0.792873703380253
"Lancaster County","vap_oth_b","uss_20_rep_gra",0.45903506545805,0.173358174942683,0.137838907354785,0.803099279383635
"Lancaster County","vap_oth_b","uss_20_dem_har",0.54096493454195,0.173358174942683,0.196900720616365,0.862161092645215
"Laurens County","vap_white","pre_16_dem_cli",0.130579894099276,0.0179754281598303,0.101878086049078,0.173882701283377
"Laurens County","vap_white","pre_16_rep_tru",0.869420105900723,0.0179754281598303,0.826117298716623,0.898121913950922
"Laurens County","vap_black","pre_16_dem_cli",0.940883308197507,0.0299672971941679,0.861596594980565,0.979524482576991
"Laurens County","vap_black","pre_16_rep_tru",0.0591166918024928,0.0299672971941679,0.020475517423009,0.138403405019435
"Laurens County","vap_hisp","pre_16_dem_cli",0.601891495284382,0.149309778338064,0.261831654686139,0.843825566129029
"Laurens County","vap_hisp","pre_16_rep_tru",0.398108504715617,0.149309778338064,0.156174433870971,0.738168345313861
"Laurens County","vap_asian","pre_16_dem_cli",0.508732788787218,0.18256496495403,0.143441226356458,0.831444952065067
"Laurens County","vap_asian","pre_16_rep_tru",0.491267211212782,0.18256496495403,0.168555047934933,0.856558773643542
"Laurens County","vap_aian","pre_16_dem_cli",0.497491485471216,0.162909138014886,0.182842673772032,0.806962421688968
"Laurens County","vap_aian","pre_16_rep_tru",0.502508514528784,0.162909138014886,0.193037578311032,0.817157326227968
"Laurens County","vap_oth_b","pre_16_dem_cli",0.588950391696247,0.159017152851482,0.259506695388073,0.851497386517691
"Laurens County","vap_oth_b","pre_16_rep_tru",0.411049608303753,0.159017152851482,0.148502613482309,0.740493304611927
"Laurens County","vap_white","uss_16_dem_dix",0.0902633803329099,0.0152521304595294,0.0644290806801295,0.123181287746428
"Laurens County","vap_white","uss_16_rep_sco",0.90973661966709,0.0152521304595294,0.876818712253572,0.93557091931987
"Laurens County","vap_black","uss_16_dem_dix",0.929138638728336,0.0302667898821599,0.855417394318031,0.972740621601919
"Laurens County","vap_black","uss_16_rep_sco",0.0708613612716642,0.0302667898821599,0.0272593783980811,0.144582605681969
"Laurens County","vap_hisp","uss_16_dem_dix",0.56321262797507,0.144564365104174,0.244528506128725,0.815884914912368
"Laurens County","vap_hisp","uss_16_rep_sco",0.43678737202493,0.144564365104174,0.184115085087632,0.755471493871275
"Laurens County","vap_asian","uss_16_dem_dix",0.517033213543196,0.173224772540464,0.19106464770935,0.840018051228242
"Laurens County","vap_asian","uss_16_rep_sco",0.482966786456804,0.173224772540464,0.159981948771758,0.80893535229065
"Laurens County","vap_aian","uss_16_dem_dix",0.51684810362925,0.170804659145871,0.206689232557377,0.846349024545894
"Laurens County","vap_aian","uss_16_rep_sco",0.48315189637075,0.170804659145871,0.153650975454105,0.793310767442623
"Laurens County","vap_oth_b","uss_16_dem_dix",0.60072168762401,0.150526588933232,0.283107410557343,0.845415753361026
"Laurens County","vap_oth_b","uss_16_rep_sco",0.39927831237599,0.150526588933232,0.154584246638975,0.716892589442657
"Laurens County","vap_white","gov_18_dem_smi",0.144591806770595,0.01596722656675,0.116778793849183,0.177835143430695
"Laurens County","vap_white","gov_18_rep_mcm",0.855408193229405,0.01596722656675,0.822164856569305,0.883221206150817
"Laurens County","vap_black","gov_18_dem_smi",0.937094679845271,0.028886401610149,0.865811669250958,0.978973160917313
"Laurens County","vap_black","gov_18_rep_mcm",0.0629053201547288,0.028886401610149,0.0210268390826868,0.134188330749042
"Laurens County","vap_hisp","gov_18_dem_smi",0.797736204805211,0.166867530104624,0.388574575290263,0.971915164972065
"Laurens County","vap_hisp","gov_18_rep_mcm",0.202263795194789,0.166867530104624,0.0280848350279348,0.611425424709737
"Laurens County","vap_asian","gov_18_dem_smi",0.513575719462815,0.169298185030244,0.181872630541035,0.824716122685112
"Laurens County","vap_asian","gov_18_rep_mcm",0.486424280537185,0.169298185030244,0.175283877314888,0.818127369458965
"Laurens County","vap_aian","gov_18_dem_smi",0.486125903278144,0.177507460263077,0.137221814635096,0.819458110653364
"Laurens County","vap_aian","gov_18_rep_mcm",0.513874096721856,0.177507460263077,0.180541889346636,0.862778185364904
"Laurens County","vap_oth_b","gov_18_dem_smi",0.613549247507368,0.15424704881113,0.284102806536716,0.873620457671846
"Laurens County","vap_oth_b","gov_18_rep_mcm",0.386450752492632,0.15424704881113,0.126379542328154,0.715897193463283
"Laurens County","vap_white","atg_18_dem_ana",0.116197534590675,0.016829080449623,0.0872521623536893,0.152908441874996
"Laurens County","vap_white","atg_18_rep_wil",0.883802465409325,0.016829080449623,0.847091558125004,0.912747837646311
"Laurens County","vap_black","atg_18_dem_ana",0.937878684092977,0.0275046754489415,0.871488983698471,0.97702998437807
"Laurens County","vap_black","atg_18_rep_wil",0.0621213159070233,0.0275046754489415,0.02297001562193,0.128511016301529
"Laurens County","vap_hisp","atg_18_dem_ana",0.660488260460829,0.142726808054466,0.340736012388342,0.877003850482737
"Laurens County","vap_hisp","atg_18_rep_wil",0.33951173953917,0.142726808054466,0.122996149517263,0.659263987611658
"Laurens County","vap_asian","atg_18_dem_ana",0.535691415908054,0.165850003344587,0.207651925558959,0.83529072541101
"Laurens County","vap_asian","atg_18_rep_wil",0.464308584091946,0.165850003344587,0.16470927458899,0.792348074441041
"Laurens County","vap_aian","atg_18_dem_ana",0.524302322344383,0.168830032729728,0.158979428213303,0.82473680958887
"Laurens County","vap_aian","atg_18_rep_wil",0.475697677655617,0.168830032729728,0.17526319041113,0.841020571786697
"Laurens County","vap_oth_b","atg_18_dem_ana",0.634951561644427,0.158497852368085,0.300972898430225,0.886349146243033
"Laurens County","vap_oth_b","atg_18_rep_wil",0.365048438355573,0.158497852368085,0.113650853756967,0.699027101569775
"Laurens County","vap_white","sos_18_dem_whi",0.117484207455926,0.0169752868724093,0.0871780101633578,0.152190354244222
"Laurens County","vap_white","sos_18_rep_ham",0.882515792544074,0.0169752868724093,0.847809645755778,0.912821989836642
"Laurens County","vap_black","sos_18_dem_whi",0.931429756594076,0.0292397747834757,0.867006188338568,0.975575149575147
"Laurens County","vap_black","sos_18_rep_ham",0.0685702434059236,0.0292397747834757,0.0244248504248528,0.132993811661431
"Laurens County","vap_hisp","sos_18_dem_whi",0.654877600381033,0.140277317364789,0.355534487010155,0.892410180866813
"Laurens County","vap_hisp","sos_18_rep_ham",0.345122399618967,0.140277317364789,0.107589819133187,0.644465512989845
"Laurens County","vap_asian","sos_18_dem_whi",0.509202538025292,0.167709800769093,0.203622958407295,0.837576420364982
"Laurens County","vap_asian","sos_18_rep_ham",0.490797461974708,0.167709800769093,0.162423579635018,0.796377041592705
"Laurens County","vap_aian","sos_18_dem_whi",0.527361602541117,0.169352892846525,0.202078078583477,0.839154228506003
"Laurens County","vap_aian","sos_18_rep_ham",0.472638397458883,0.169352892846525,0.160845771493997,0.797921921416523
"Laurens County","vap_oth_b","sos_18_dem_whi",0.624526429574444,0.152160720432637,0.299392607469008,0.880637376048161
"Laurens County","vap_oth_b","sos_18_rep_ham",0.375473570425556,0.152160720432637,0.119362623951839,0.700607392530992
"Laurens County","vap_white","pre_20_rep_tru",0.888897538373233,0.0167469450189027,0.851851523806819,0.916786604728996
"Laurens County","vap_white","pre_20_dem_bid",0.111102461626767,0.0167469450189027,0.0832133952710043,0.148148476193181
"Laurens County","vap_black","pre_20_rep_tru",0.0633877070099507,0.026896725375196,0.0237463944362658,0.128916685408834
"Laurens County","vap_black","pre_20_dem_bid",0.936612292990049,0.026896725375196,0.871083314591166,0.976253605563734
"Laurens County","vap_hisp","pre_20_rep_tru",0.328624755379397,0.140624600286857,0.107493084741131,0.651547666198117
"Laurens County","vap_hisp","pre_20_dem_bid",0.671375244620602,0.140624600286857,0.348452333801883,0.892506915258869
"Laurens County","vap_asian","pre_20_rep_tru",0.485254494250856,0.175022882090505,0.154661752189324,0.824553534626583
"Laurens County","vap_asian","pre_20_dem_bid",0.514745505749144,0.175022882090505,0.175446465373417,0.845338247810676
"Laurens County","vap_aian","pre_20_rep_tru",0.479449991191592,0.165516531268989,0.174889596675647,0.800909575144405
"Laurens County","vap_aian","pre_20_dem_bid",0.520550008808408,0.165516531268989,0.199090424855595,0.825110403324353
"Laurens County","vap_oth_b","pre_20_rep_tru",0.371327943287671,0.145601817899011,0.137037316540477,0.6917046014394
"Laurens County","vap_oth_b","pre_20_dem_bid",0.628672056712329,0.145601817899011,0.3082953985606,0.862962683459523
"Laurens County","vap_white","uss_20_rep_gra",0.872323484342043,0.0164283444071883,0.839568795485738,0.902252597114477
"Laurens County","vap_white","uss_20_dem_har",0.127676515657957,0.0164283444071883,0.0977474028855226,0.160431204514262
"Laurens County","vap_black","uss_20_rep_gra",0.0610134698497456,0.0263065371403412,0.0219725295722116,0.12402325426538
"Laurens County","vap_black","uss_20_dem_har",0.938986530150254,0.0263065371403412,0.87597674573462,0.978027470427788
"Laurens County","vap_hisp","uss_20_rep_gra",0.294394989529551,0.157043153073986,0.0652829246413893,0.628932376632765
"Laurens County","vap_hisp","uss_20_dem_har",0.705605010470449,0.157043153073986,0.371067623367235,0.934717075358611
"Laurens County","vap_asian","uss_20_rep_gra",0.468991676774444,0.170446055830797,0.158990344970513,0.802816673383268
"Laurens County","vap_asian","uss_20_dem_har",0.531008323225556,0.170446055830797,0.197183326616732,0.841009655029486
"Laurens County","vap_aian","uss_20_rep_gra",0.488042650649478,0.166413831396366,0.174325953420409,0.801725905492339
"Laurens County","vap_aian","uss_20_dem_har",0.511957349350522,0.166413831396366,0.198274094507661,0.825674046579591
"Laurens County","vap_oth_b","uss_20_rep_gra",0.369302381948015,0.158164505212479,0.125486186856893,0.727092260563683
"Laurens County","vap_oth_b","uss_20_dem_har",0.630697618051985,0.158164505212479,0.272907739436317,0.874513813143107
"Lee County","vap_white","pre_16_dem_cli",0.170362498927971,0.0287017424340155,0.123990032665302,0.23772787101501
"Lee County","vap_white","pre_16_rep_tru",0.829637501072029,0.0287017424340155,0.76227212898499,0.876009967334698
"Lee County","vap_black","pre_16_dem_cli",0.966210588791907,0.0174961036069065,0.921199350651907,0.989505357425746
"Lee County","vap_black","pre_16_rep_tru",0.0337894112080928,0.0174961036069065,0.0104946425742542,0.0788006493480932
"Lee County","vap_hisp","pre_16_dem_cli",0.515675499015615,0.172055988264944,0.183166268548503,0.829771160478564
"Lee County","vap_hisp","pre_16_rep_tru",0.484324500984385,0.172055988264944,0.170228839521436,0.816833731451496
"Lee County","vap_asian","pre_16_dem_cli",0.504730713521115,0.191065678229181,0.142686495248561,0.870932801179039
"Lee County","vap_asian","pre_16_rep_tru",0.495269286478885,0.191065678229181,0.129067198820961,0.857313504751439
"Lee County","vap_aian","pre_16_dem_cli",0.439645555637982,0.201607814553693,0.0639789502748104,0.816652868598729
"Lee County","vap_aian","pre_16_rep_tru",0.560354444362018,0.201607814553693,0.183347131401271,0.93602104972519
"Lee County","vap_oth_b","pre_16_dem_cli",0.506784354000107,0.167406512089718,0.166358230816068,0.815894553714643
"Lee County","vap_oth_b","pre_16_rep_tru",0.493215645999893,0.167406512089718,0.184105446285357,0.833641769183932
"Lee County","vap_white","uss_16_dem_dix",0.180315449910634,0.0338852207380299,0.125664566753441,0.257800986184043
"Lee County","vap_white","uss_16_rep_sco",0.819684550089366,0.0338852207380299,0.742199013815957,0.874335433246559
"Lee County","vap_black","uss_16_dem_dix",0.951743351474612,0.0213368646044794,0.900655982471203,0.98277391763913
"Lee County","vap_black","uss_16_rep_sco",0.0482566485253884,0.0213368646044794,0.0172260823608702,0.0993440175287968
"Lee County","vap_hisp","uss_16_dem_dix",0.521790702609372,0.174118302506434,0.184553442950288,0.836192644517969
"Lee County","vap_hisp","uss_16_rep_sco",0.478209297390628,0.174118302506434,0.163807355482031,0.815446557049712
"Lee County","vap_asian","uss_16_dem_dix",0.476100786967861,0.19420224093067,0.120657713087543,0.846692842670007
"Lee County","vap_asian","uss_16_rep_sco",0.523899213032139,0.19420224093067,0.153307157329993,0.879342286912457
"Lee County","vap_aian","uss_16_dem_dix",0.51288762709752,0.188557626936744,0.151484812191399,0.868954252268141
"Lee County","vap_aian","uss_16_rep_sco",0.48711237290248,0.188557626936744,0.131045747731859,0.848515187808601
"Lee County","vap_oth_b","uss_16_dem_dix",0.537998663693953,0.169240724947623,0.192999808689634,0.838590494337669
"Lee County","vap_oth_b","uss_16_rep_sco",0.462001336306047,0.169240724947623,0.161409505662331,0.807000191310366
"Lee County","vap_white","gov_18_dem_smi",0.200668804557371,0.0368823347254013,0.143182156806427,0.290370241942057
"Lee County","vap_white","gov_18_rep_mcm",0.799331195442629,0.0368823347254012,0.709629758057943,0.856817843193573
"Lee County","vap_black","gov_18_dem_smi",0.95030279797249,0.0241964569985421,0.888817274358538,0.982424041558342
"Lee County","vap_black","gov_18_rep_mcm",0.0496972020275101,0.0241964569985421,0.0175759584416582,0.111182725641462
"Lee County","vap_hisp","gov_18_dem_smi",0.534275199639803,0.170190242017799,0.204087083252132,0.846795069657112
"Lee County","vap_hisp","gov_18_rep_mcm",0.465724800360197,0.170190242017799,0.153204930342888,0.795912916747868
"Lee County","vap_asian","gov_18_dem_smi",0.488059419820223,0.197465910067284,0.124239113825532,0.862016414084515
"Lee County","vap_asian","gov_18_rep_mcm",0.511940580179777,0.197465910067284,0.137983585915484,0.875760886174468
"Lee County","vap_aian","gov_18_dem_smi",0.492708878693895,0.195936737781442,0.127808097603719,0.855566565874464
"Lee County","vap_aian","gov_18_rep_mcm",0.507291121306105,0.195936737781442,0.144433434125536,0.872191902396281
"Lee County","vap_oth_b","gov_18_dem_smi",0.482293883244625,0.180653394095768,0.139170912997617,0.824259088670227
"Lee County","vap_oth_b","gov_18_rep_mcm",0.517706116755375,0.180653394095768,0.175740911329773,0.860829087002383
"Lee County","vap_white","atg_18_dem_ana",0.1990926767409,0.0389640513571428,0.139938051088761,0.299759840970765
"Lee County","vap_white","atg_18_rep_wil",0.8009073232591,0.0389640513571428,0.700240159029235,0.860061948911239
"Lee County","vap_black","atg_18_dem_ana",0.944552376656973,0.0254528548417887,0.875220559946123,0.980626392409714
"Lee County","vap_black","atg_18_rep_wil",0.0554476233430271,0.0254528548417887,0.0193736075902862,0.124779440053877
"Lee County","vap_hisp","atg_18_dem_ana",0.524156955146572,0.18063566746149,0.177433762637737,0.86472497388013
"Lee County","vap_hisp","atg_18_rep_wil",0.475843044853428,0.18063566746149,0.13527502611987,0.822566237362263
"Lee County","vap_asian","atg_18_dem_ana",0.48744195097303,0.186620521743067,0.146260435016108,0.842705774639034
"Lee County","vap_asian","atg_18_rep_wil",0.51255804902697,0.186620521743067,0.157294225360966,0.853739564983892
"Lee County","vap_aian","atg_18_dem_ana",0.469528646475225,0.190828788696736,0.110600225338109,0.829099358273248
"Lee County","vap_aian","atg_18_rep_wil",0.530471353524775,0.190828788696736,0.170900641726752,0.889399774661891
"Lee County","vap_oth_b","atg_18_dem_ana",0.508104887861941,0.164064194486212,0.197174863898383,0.813415798483236
"Lee County","vap_oth_b","atg_18_rep_wil",0.491895112138059,0.164064194486212,0.186584201516764,0.802825136101617
"Lee County","vap_white","sos_18_dem_whi",0.195631513376327,0.0373958299806604,0.13383144117676,0.279339545026342
"Lee County","vap_white","sos_18_rep_ham",0.804368486623673,0.0373958299806604,0.720660454973658,0.86616855882324
"Lee County","vap_black","sos_18_dem_whi",0.940658548763299,0.0249478938145985,0.883074669329542,0.978631225316053
"Lee County","vap_black","sos_18_rep_ham",0.0593414512367011,0.0249478938145985,0.021368774683947,0.116925330670458
"Lee County","vap_hisp","sos_18_dem_whi",0.522150101435129,0.176481888567485,0.178672808266035,0.845873982525998
"Lee County","vap_hisp","sos_18_rep_ham",0.477849898564871,0.176481888567485,0.154126017474002,0.821327191733964
"Lee County","vap_asian","sos_18_dem_whi",0.479391637836519,0.18785329227835,0.137792418490066,0.827834105911665
"Lee County","vap_asian","sos_18_rep_ham",0.520608362163481,0.18785329227835,0.172165894088335,0.862207581509934
"Lee County","vap_aian","sos_18_dem_whi",0.462456970724332,0.181966208137208,0.134403469339925,0.826063383700318
"Lee County","vap_aian","sos_18_rep_ham",0.537543029275668,0.181966208137208,0.173936616299682,0.865596530660075
"Lee County","vap_oth_b","sos_18_dem_whi",0.526184860586074,0.163158061012939,0.21231032125193,0.841560411546009
"Lee County","vap_oth_b","sos_18_rep_ham",0.473815139413926,0.163158061012939,0.158439588453991,0.78768967874807
"Lee County","vap_white","pre_20_rep_tru",0.847966712879251,0.0349461739258951,0.762038583779871,0.90272766177465
"Lee County","vap_white","pre_20_dem_bid",0.152033287120749,0.0349461739258951,0.0972723382253499,0.237961416220128
"Lee County","vap_black","pre_20_rep_tru",0.0458961118424423,0.0230507476056119,0.0129852304581697,0.104530966277182
"Lee County","vap_black","pre_20_dem_bid",0.954103888157558,0.0230507476056119,0.895469033722817,0.98701476954183
"Lee County","vap_hisp","pre_20_rep_tru",0.479044457402829,0.169424757156546,0.169821452780566,0.79946352843751
"Lee County","vap_hisp","pre_20_dem_bid",0.520955542597171,0.169424757156546,0.20053647156249,0.830178547219434
"Lee County","vap_asian","pre_20_rep_tru",0.514706922216229,0.181757023832485,0.165148705696737,0.848618875833651
"Lee County","vap_asian","pre_20_dem_bid",0.485293077783771,0.181757023832485,0.151381124166348,0.834851294303262
"Lee County","vap_aian","pre_20_rep_tru",0.518722008402976,0.180877708050332,0.167942047228274,0.838125037227837
"Lee County","vap_aian","pre_20_dem_bid",0.481277991597024,0.180877708050332,0.161874962772163,0.832057952771726
"Lee County","vap_oth_b","pre_20_rep_tru",0.489545049990303,0.171064827416799,0.166943758183771,0.811624350238757
"Lee County","vap_oth_b","pre_20_dem_bid",0.510454950009697,0.171064827416799,0.188375649761243,0.833056241816229
"Lee County","vap_white","uss_20_rep_gra",0.823635691179424,0.0323465333003114,0.751512729666496,0.878140688067677
"Lee County","vap_white","uss_20_dem_har",0.176364308820576,0.0323465333003114,0.121859311932323,0.248487270333504
"Lee County","vap_black","uss_20_rep_gra",0.0464319629710864,0.0204116125051116,0.015823898586635,0.0932331271203865
"Lee County","vap_black","uss_20_dem_har",0.953568037028914,0.0204116125051116,0.906766872879613,0.984176101413365
"Lee County","vap_hisp","uss_20_rep_gra",0.476501403007856,0.165325276745829,0.160850558619072,0.786320898800446
"Lee County","vap_hisp","uss_20_dem_har",0.523498596992144,0.165325276745829,0.213679101199554,0.839149441380928
"Lee County","vap_asian","uss_20_rep_gra",0.517038153024977,0.192570096722804,0.158996084914536,0.871162123070066
"Lee County","vap_asian","uss_20_dem_har",0.482961846975022,0.192570096722804,0.128837876929934,0.841003915085464
"Lee County","vap_aian","uss_20_rep_gra",0.522704764103979,0.185097032010538,0.166349069151525,0.853801500793493
"Lee County","vap_aian","uss_20_dem_har",0.477295235896021,0.185097032010538,0.146198499206507,0.833650930848475
"Lee County","vap_oth_b","uss_20_rep_gra",0.48774865177047,0.165749298779758,0.170500043181229,0.795724304554489
"Lee County","vap_oth_b","uss_20_dem_har",0.51225134822953,0.165749298779758,0.204275695445511,0.829499956818771
"Lexington County","vap_white","pre_16_dem_cli",0.136878492691666,0.0101751871079938,0.118943229666406,0.158507556766594
"Lexington County","vap_white","pre_16_rep_tru",0.863121507308334,0.0101751871079938,0.841492443233406,0.881056770333594
"Lexington County","vap_black","pre_16_dem_cli",0.928116507430946,0.0226236096919892,0.874632250561399,0.962111366863891
"Lexington County","vap_black","pre_16_rep_tru",0.0718834925690542,0.0226236096919892,0.0378886331361085,0.125367749438601
"Lexington County","vap_hisp","pre_16_dem_cli",0.713189856762149,0.091186395659,0.5168363465215,0.864322842444075
"Lexington County","vap_hisp","pre_16_rep_tru",0.286810143237851,0.091186395659,0.135677157555925,0.4831636534785
"Lexington County","vap_asian","pre_16_dem_cli",0.789839536901523,0.101941931388016,0.540186467787821,0.929449051889088
"Lexington County","vap_asian","pre_16_rep_tru",0.210160463098478,0.101941931388016,0.0705509481109121,0.459813532212179
"Lexington County","vap_aian","pre_16_dem_cli",0.573433085866493,0.202414497156393,0.222761077404598,0.916497536753877
"Lexington County","vap_aian","pre_16_rep_tru",0.426566914133507,0.202414497156393,0.0835024632461233,0.777238922595402
"Lexington County","vap_oth_b","pre_16_dem_cli",0.650371175304739,0.118496234833449,0.398196302528887,0.859073368185393
"Lexington County","vap_oth_b","pre_16_rep_tru",0.349628824695261,0.118496234833449,0.140926631814606,0.601803697471113
"Lexington County","vap_white","uss_16_dem_dix",0.0696795966377038,0.00815232340687897,0.0560008597392532,0.0882586413675525
"Lexington County","vap_white","uss_16_rep_sco",0.930320403362296,0.00815232340687897,0.911741358632447,0.943999140260747
"Lexington County","vap_black","uss_16_dem_dix",0.951605035597778,0.0149833942655028,0.917249311902881,0.975993286322694
"Lexington County","vap_black","uss_16_rep_sco",0.0483949644022214,0.0149833942655028,0.0240067136773056,0.0827506880971186
"Lexington County","vap_hisp","uss_16_dem_dix",0.716185757924611,0.0747013787364081,0.551206330508003,0.833627754759258
"Lexington County","vap_hisp","uss_16_rep_sco",0.283814242075389,0.0747013787364081,0.166372245240742,0.448793669491997
"Lexington County","vap_asian","uss_16_dem_dix",0.644035722583252,0.119099744632023,0.372315569571429,0.84009407516696
"Lexington County","vap_asian","uss_16_rep_sco",0.355964277416748,0.119099744632023,0.15990592483304,0.62768443042857
"Lexington County","vap_aian","uss_16_dem_dix",0.505142049435939,0.160653730817909,0.197739711171568,0.810371377681866
"Lexington County","vap_aian","uss_16_rep_sco",0.494857950564061,0.160653730817909,0.189628622318134,0.802260288828432
"Lexington County","vap_oth_b","uss_16_dem_dix",0.783084174099106,0.104273800315173,0.551221251547246,0.932417016413112
"Lexington County","vap_oth_b","uss_16_rep_sco",0.216915825900894,0.104273800315173,0.0675829835868874,0.448778748452755
"Lexington County","vap_white","gov_18_dem_smi",0.228715180414276,0.0121803968457523,0.206599388313068,0.254333358343972
"Lexington County","vap_white","gov_18_rep_mcm",0.771284819585724,0.0121803968457523,0.745666641656028,0.793400611686932
"Lexington County","vap_black","gov_18_dem_smi",0.915603666483876,0.0305063509500271,0.840398072735556,0.95855272949289
"Lexington County","vap_black","gov_18_rep_mcm",0.084396333516124,0.0305063509500271,0.0414472705071102,0.159601927264443
"Lexington County","vap_hisp","gov_18_dem_smi",0.6872371649535,0.107265212193995,0.47280252527417,0.875292636520877
"Lexington County","vap_hisp","gov_18_rep_mcm",0.3127628350465,0.107265212193995,0.124707363479123,0.527197474725829
"Lexington County","vap_asian","gov_18_dem_smi",0.745491708124797,0.105727742258834,0.487793077071265,0.894479030698951
"Lexington County","vap_asian","gov_18_rep_mcm",0.254508291875203,0.105727742258834,0.105520969301049,0.512206922928735
"Lexington County","vap_aian","gov_18_dem_smi",0.441474815729809,0.170244068710497,0.155876059235041,0.799252806350004
"Lexington County","vap_aian","gov_18_rep_mcm",0.558525184270191,0.170244068710497,0.200747193649996,0.844123940764959
"Lexington County","vap_oth_b","gov_18_dem_smi",0.619949293367675,0.155312283791667,0.267215994217492,0.856185426794734
"Lexington County","vap_oth_b","gov_18_rep_mcm",0.380050706632325,0.155312283791667,0.143814573205266,0.732784005782508
"Lexington County","vap_white","atg_18_dem_ana",0.174387057321677,0.0109659886419519,0.154336784604859,0.19750805069465
"Lexington County","vap_white","atg_18_rep_wil",0.825612942678323,0.0109659886419519,0.80249194930535,0.845663215395141
"Lexington County","vap_black","atg_18_dem_ana",0.917341032618766,0.0251210326147728,0.861290511045946,0.958976834283944
"Lexington County","vap_black","atg_18_rep_wil",0.0826589673812337,0.0251210326147728,0.0410231657160562,0.138709488954054
"Lexington County","vap_hisp","atg_18_dem_ana",0.728332416983044,0.0992773514881232,0.520234328368482,0.896693229485736
"Lexington County","vap_hisp","atg_18_rep_wil",0.271667583016956,0.0992773514881232,0.103306770514263,0.479765671631518
"Lexington County","vap_asian","atg_18_dem_ana",0.749008110315843,0.0989721585311696,0.527683981861043,0.898726028159322
"Lexington County","vap_asian","atg_18_rep_wil",0.250991889684157,0.0989721585311696,0.101273971840678,0.472316018138957
"Lexington County","vap_aian","atg_18_dem_ana",0.503921908195486,0.168514829906054,0.143671584468703,0.799530207136631
"Lexington County","vap_aian","atg_18_rep_wil",0.496078091804514,0.168514829906054,0.200469792863369,0.856328415531297
"Lexington County","vap_oth_b","atg_18_dem_ana",0.642922728145451,0.152330046487039,0.328187070523167,0.872626936876039
"Lexington County","vap_oth_b","atg_18_rep_wil",0.357077271854549,0.152330046487039,0.127373063123961,0.671812929476833
"Lexington County","vap_white","sos_18_dem_whi",0.143549285168397,0.0103701080869872,0.124559051278734,0.164199649899532
"Lexington County","vap_white","sos_18_rep_ham",0.856450714831603,0.0103701080869872,0.835800350100468,0.875440948721266
"Lexington County","vap_black","sos_18_dem_whi",0.928789346310789,0.0228971824960936,0.876199822214516,0.964431267303809
"Lexington County","vap_black","sos_18_rep_ham",0.0712106536892113,0.0228971824960936,0.035568732696191,0.123800177785484
"Lexington County","vap_hisp","sos_18_dem_whi",0.69585794725286,0.0908665503946339,0.492815523171954,0.850159322033882
"Lexington County","vap_hisp","sos_18_rep_ham",0.30414205274714,0.0908665503946339,0.149840677966117,0.507184476828046
"Lexington County","vap_asian","sos_18_dem_whi",0.787067747601347,0.0974988509198891,0.549176963685587,0.923332144577852
"Lexington County","vap_asian","sos_18_rep_ham",0.212932252398653,0.0974988509198891,0.0766678554221478,0.450823036314413
"Lexington County","vap_aian","sos_18_dem_whi",0.51910113643022,0.169097758761231,0.207335337968776,0.826316531497195
"Lexington County","vap_aian","sos_18_rep_ham",0.48089886356978,0.169097758761231,0.173683468502805,0.792664662031224
"Lexington County","vap_oth_b","sos_18_dem_whi",0.677862561814758,0.143347869723947,0.335348491341465,0.892026422973012
"Lexington County","vap_oth_b","sos_18_rep_ham",0.322137438185242,0.143347869723947,0.107973577026988,0.664651508658535
"Lexington County","vap_white","pre_20_rep_tru",0.803328464414461,0.0102015489656216,0.782908612863457,0.82339577521421
"Lexington County","vap_white","pre_20_dem_bid",0.196671535585539,0.0102015489656216,0.17660422478579,0.217091387136543
"Lexington County","vap_black","pre_20_rep_tru",0.0745025738825647,0.026035364833013,0.0356240398275645,0.139983529665902
"Lexington County","vap_black","pre_20_dem_bid",0.925497426117435,0.026035364833013,0.860016470334098,0.964375960172435
"Lexington County","vap_hisp","pre_20_rep_tru",0.294502702784691,0.0871846026688438,0.142161776269424,0.470083494267565
"Lexington County","vap_hisp","pre_20_dem_bid",0.705497297215309,0.0871846026688438,0.529916505732435,0.857838223730576
"Lexington County","vap_asian","pre_20_rep_tru",0.212060480342944,0.102671837159063,0.0647607836695844,0.452859676593344
"Lexington County","vap_asian","pre_20_dem_bid",0.787939519657056,0.102671837159063,0.547140323406656,0.935239216330416
"Lexington County","vap_aian","pre_20_rep_tru",0.528259148454314,0.153679039489954,0.230696091050305,0.814005932799623
"Lexington County","vap_aian","pre_20_dem_bid",0.471740851545686,0.153679039489954,0.185994067200377,0.769303908949695
"Lexington County","vap_oth_b","pre_20_rep_tru",0.345953639608989,0.136731071388536,0.130091134070317,0.654375635427435
"Lexington County","vap_oth_b","pre_20_dem_bid",0.654046360391011,0.136731071388536,0.345624364572565,0.869908865929683
"Lexington County","vap_white","uss_20_rep_gra",0.795644285043485,0.010946655288279,0.772158511322592,0.814896605070842
"Lexington County","vap_white","uss_20_dem_har",0.204355714956515,0.010946655288279,0.185103394929158,0.227841488677408
"Lexington County","vap_black","uss_20_rep_gra",0.0725039340812838,0.0252991179983336,0.035729901868494,0.128461416934835
"Lexington County","vap_black","uss_20_dem_har",0.927496065918716,0.0252991179983336,0.871538583065165,0.964270098131506
"Lexington County","vap_hisp","uss_20_rep_gra",0.270116905183367,0.0910239569730417,0.121429188502838,0.480834605343286
"Lexington County","vap_hisp","uss_20_dem_har",0.729883094816633,0.0910239569730417,0.519165394656714,0.878570811497162
"Lexington County","vap_asian","uss_20_rep_gra",0.263936099436471,0.115379770701419,0.0957902306097355,0.552691771368549
"Lexington County","vap_asian","uss_20_dem_har",0.73606390056353,0.115379770701419,0.447308228631452,0.904209769390264
"Lexington County","vap_aian","uss_20_rep_gra",0.505672948407858,0.165893170722116,0.212385234501827,0.846042389726569
"Lexington County","vap_aian","uss_20_dem_har",0.494327051592141,0.165893170722116,0.153957610273431,0.787614765498173
"Lexington County","vap_oth_b","uss_20_rep_gra",0.319315917084035,0.129111730267543,0.113568353350739,0.595135224916301
"Lexington County","vap_oth_b","uss_20_dem_har",0.680684082915965,0.129111730267543,0.404864775083699,0.886431646649261
"Marion County","vap_white","pre_16_dem_cli",0.216925189653332,0.048899418370185,0.142822527660659,0.333909380601296
"Marion County","vap_white","pre_16_rep_tru",0.783074810346668,0.048899418370185,0.666090619398704,0.857177472339341
"Marion County","vap_black","pre_16_dem_cli",0.930811606879162,0.0362397960494121,0.840281898334161,0.980292459001986
"Marion County","vap_black","pre_16_rep_tru",0.0691883931208381,0.0362397960494121,0.0197075409980146,0.159718101665839
"Marion County","vap_hisp","pre_16_dem_cli",0.520553623638568,0.184782603781823,0.155118376140233,0.84436089307128
"Marion County","vap_hisp","pre_16_rep_tru",0.479446376361432,0.184782603781823,0.15563910692872,0.844881623859767
"Marion County","vap_asian","pre_16_dem_cli",0.487096985697188,0.190653724882674,0.141066055118056,0.857556098486644
"Marion County","vap_asian","pre_16_rep_tru",0.512903014302812,0.190653724882674,0.142443901513356,0.858933944881944
"Marion County","vap_aian","pre_16_dem_cli",0.483762436278503,0.184048213164112,0.132706766669501,0.831059913100725
"Marion County","vap_aian","pre_16_rep_tru",0.516237563721497,0.184048213164112,0.168940086899275,0.867293233330499
"Marion County","vap_oth_b","pre_16_dem_cli",0.508524824815761,0.169096162221497,0.181128685461393,0.822662511806264
"Marion County","vap_oth_b","pre_16_rep_tru",0.491475175184239,0.169096162221497,0.177337488193736,0.818871314538607
"Marion County","vap_white","uss_16_dem_dix",0.18180679705424,0.0533815385861041,0.103279351245897,0.311089605324659
"Marion County","vap_white","uss_16_rep_sco",0.81819320294576,0.0533815385861041,0.688910394675341,0.896720648754103
"Marion County","vap_black","uss_16_dem_dix",0.919886367563262,0.0397154071298596,0.822964522681751,0.975136828219739
"Marion County","vap_black","uss_16_rep_sco",0.080113632436738,0.0397154071298596,0.0248631717802613,0.177035477318249
"Marion County","vap_hisp","uss_16_dem_dix",0.524981814442318,0.198532002537877,0.163319183563848,0.917092509706753
"Marion County","vap_hisp","uss_16_rep_sco",0.475018185557682,0.198532002537877,0.082907490293247,0.836680816436151
"Marion County","vap_asian","uss_16_dem_dix",0.488287330287811,0.187987447686896,0.144318731668683,0.843134722186225
"Marion County","vap_asian","uss_16_rep_sco",0.511712669712189,0.187987447686896,0.156865277813775,0.855681268331317
"Marion County","vap_aian","uss_16_dem_dix",0.495650450772346,0.173084350054678,0.162987928089742,0.822620842026198
"Marion County","vap_aian","uss_16_rep_sco",0.504349549227654,0.173084350054678,0.177379157973802,0.837012071910259
"Marion County","vap_oth_b","uss_16_dem_dix",0.457525675080941,0.192200896908629,0.0817886236181342,0.812010308781366
"Marion County","vap_oth_b","uss_16_rep_sco",0.542474324919059,0.192200896908629,0.187989691218634,0.918211376381866
"Marion County","vap_white","gov_18_dem_smi",0.263411491857384,0.0486885934482017,0.188536993503656,0.377459479505795
"Marion County","vap_white","gov_18_rep_mcm",0.736588508142616,0.0486885934482017,0.622540520494205,0.811463006496344
"Marion County","vap_black","gov_18_dem_smi",0.928949362295371,0.0368620007172005,0.83996208401558,0.981074866236346
"Marion County","vap_black","gov_18_rep_mcm",0.0710506377046292,0.0368620007172005,0.0189251337636544,0.16003791598442
"Marion County","vap_hisp","gov_18_dem_smi",0.520354898814738,0.170260479496528,0.199523493830453,0.84086522555367
"Marion County","vap_hisp","gov_18_rep_mcm",0.479645101185262,0.170260479496528,0.15913477444633,0.800476506169547
"Marion County","vap_asian","gov_18_dem_smi",0.495028190193356,0.187249032689715,0.150976392296431,0.851429773972746
"Marion County","vap_asian","gov_18_rep_mcm",0.504971809806644,0.187249032689715,0.148570226027254,0.849023607703569
"Marion County","vap_aian","gov_18_dem_smi",0.47902976458824,0.183888897727935,0.135827859040869,0.822241191472
"Marion County","vap_aian","gov_18_rep_mcm",0.52097023541176,0.183888897727935,0.177758808528,0.864172140959131
"Marion County","vap_oth_b","gov_18_dem_smi",0.495065161693867,0.178361723814287,0.157158167580111,0.842605783352409
"Marion County","vap_oth_b","gov_18_rep_mcm",0.504934838306133,0.178361723814287,0.157394216647591,0.842841832419889
"Marion County","vap_white","atg_18_dem_ana",0.259254731840108,0.0556745421576217,0.175720230572338,0.396718523406749
"Marion County","vap_white","atg_18_rep_wil",0.740745268159892,0.0556745421576217,0.603281476593251,0.824279769427662
"Marion County","vap_black","atg_18_dem_ana",0.926759670391172,0.0415210741683961,0.821503174909093,0.982617833320923
"Marion County","vap_black","atg_18_rep_wil",0.0732403296088279,0.0415210741683961,0.0173821666790771,0.178496825090907
"Marion County","vap_hisp","atg_18_dem_ana",0.537053653563052,0.189889688721402,0.176684135221726,0.928703801847811
"Marion County","vap_hisp","atg_18_rep_wil",0.462946346436948,0.189889688721402,0.0712961981521887,0.823315864778274
"Marion County","vap_asian","atg_18_dem_ana",0.50066651092514,0.187957278865687,0.151932628930013,0.856062836185176
"Marion County","vap_asian","atg_18_rep_wil",0.49933348907486,0.187957278865687,0.143937163814824,0.848067371069987
"Marion County","vap_aian","atg_18_dem_ana",0.499118720888149,0.178968988393058,0.164881561032747,0.832442026327209
"Marion County","vap_aian","atg_18_rep_wil",0.500881279111851,0.178968988393058,0.167557973672791,0.835118438967253
"Marion County","vap_oth_b","atg_18_dem_ana",0.512690179042367,0.170998448983733,0.188817724640006,0.842151241664149
"Marion County","vap_oth_b","atg_18_rep_wil",0.487309820957632,0.170998448983733,0.157848758335851,0.811182275359993
"Marion County","vap_white","sos_18_dem_whi",0.244738123285319,0.0602277802855963,0.167521980601344,0.420694324076374
"Marion County","vap_white","sos_18_rep_ham",0.755261876714681,0.0602277802855963,0.579305675923626,0.832478019398656
"Marion County","vap_black","sos_18_dem_whi",0.932904233750651,0.0455034355651805,0.797203006180199,0.985115881576802
"Marion County","vap_black","sos_18_rep_ham",0.0670957662493487,0.0455034355651805,0.0148841184231984,0.202796993819801
"Marion County","vap_hisp","sos_18_dem_whi",0.522063232621346,0.170912160516794,0.187048084958556,0.829775694945922
"Marion County","vap_hisp","sos_18_rep_ham",0.477936767378654,0.170912160516794,0.170224305054078,0.812951915041444
"Marion County","vap_asian","sos_18_dem_whi",0.471699441299473,0.188996868164735,0.127994475271129,0.833597070120367
"Marion County","vap_asian","sos_18_rep_ham",0.528300558700527,0.188996868164735,0.166402929879633,0.872005524728871
"Marion County","vap_aian","sos_18_dem_whi",0.507424094279038,0.176269170307845,0.178686537790915,0.840030679032697
"Marion County","vap_aian","sos_18_rep_ham",0.492575905720962,0.176269170307845,0.159969320967303,0.821313462209085
"Marion County","vap_oth_b","sos_18_dem_whi",0.493001595123531,0.176238130166638,0.161050454811366,0.832593387833775
"Marion County","vap_oth_b","sos_18_rep_ham",0.506998404876469,0.176238130166638,0.167406612166225,0.838949545188634
"Marion County","vap_white","pre_20_rep_tru",0.808372428861659,0.0468383133343731,0.690336733499242,0.877060697254552
"Marion County","vap_white","pre_20_dem_bid",0.191627571138341,0.0468383133343731,0.122939302745448,0.309663266500758
"Marion County","vap_black","pre_20_rep_tru",0.0596560064694814,0.0352860039896823,0.0151693173393898,0.151966736023043
"Marion County","vap_black","pre_20_dem_bid",0.940343993530519,0.0352860039896823,0.848033263976957,0.98483068266061
"Marion County","vap_hisp","pre_20_rep_tru",0.490981508568032,0.172793342825858,0.166649678499195,0.815439137684758
"Marion County","vap_hisp","pre_20_dem_bid",0.509018491431968,0.172793342825858,0.184560862315241,0.833350321500805
"Marion County","vap_asian","pre_20_rep_tru",0.485979905621643,0.184445008765645,0.138609629971489,0.829395807299768
"Marion County","vap_asian","pre_20_dem_bid",0.514020094378357,0.184445008765645,0.170604192700232,0.86139037002851
"Marion County","vap_aian","pre_20_rep_tru",0.507776131542802,0.182647678889106,0.162026128692388,0.844548626864165
"Marion County","vap_aian","pre_20_dem_bid",0.492223868457198,0.182647678889106,0.155451373135835,0.837973871307611
"Marion County","vap_oth_b","pre_20_rep_tru",0.484792694567558,0.17183232833467,0.162992475222761,0.827959656262487
"Marion County","vap_oth_b","pre_20_dem_bid",0.515207305432442,0.17183232833467,0.172040343737513,0.837007524777239
"Marion County","vap_white","uss_20_rep_gra",0.792513340956728,0.0432774049684662,0.672755528136029,0.854444673372958
"Marion County","vap_white","uss_20_dem_har",0.207486659043272,0.0432774049684662,0.145555326627042,0.327244471863971
"Marion County","vap_black","uss_20_rep_gra",0.0520939389390207,0.0325532219874023,0.0118573290443822,0.144185095576258
"Marion County","vap_black","uss_20_dem_har",0.947906061060979,0.0325532219874024,0.855814904423742,0.988142670955618
"Marion County","vap_hisp","uss_20_rep_gra",0.475328638095547,0.171747100230613,0.152886744098457,0.80440888673933
"Marion County","vap_hisp","uss_20_dem_har",0.524671361904453,0.171747100230613,0.195591113260669,0.847113255901543
"Marion County","vap_asian","uss_20_rep_gra",0.483892051269988,0.185802628747805,0.135193118702718,0.833051810086108
"Marion County","vap_asian","uss_20_dem_har",0.516107948730012,0.185802628747805,0.166948189913892,0.864806881297282
"Marion County","vap_aian","uss_20_rep_gra",0.493700372257114,0.17827541077292,0.160525435798151,0.830632873229233
"Marion County","vap_aian","uss_20_dem_har",0.506299627742886,0.17827541077292,0.169367126770767,0.839474564201849
"Marion County","vap_oth_b","uss_20_rep_gra",0.484025887000873,0.172787274781636,0.16242602899493,0.81626397122798
"Marion County","vap_oth_b","uss_20_dem_har",0.515974112999127,0.172787274781636,0.18373602877202,0.83757397100507
"Marlboro County","vap_white","pre_16_dem_cli",0.266153163085275,0.0574706209421942,0.175682831498415,0.399011852155903
"Marlboro County","vap_white","pre_16_rep_tru",0.733846836914725,0.0574706209421942,0.600988147844097,0.824317168501586
"Marlboro County","vap_black","pre_16_dem_cli",0.883100406632598,0.0553370727593509,0.749873518217858,0.962005010119294
"Marlboro County","vap_black","pre_16_rep_tru",0.116899593367402,0.0553370727593508,0.0379949898807063,0.250126481782142
"Marlboro County","vap_hisp","pre_16_dem_cli",0.486020697016827,0.188277482952984,0.148164496370777,0.847778091552332
"Marlboro County","vap_hisp","pre_16_rep_tru",0.513979302983173,0.188277482952984,0.152221908447668,0.851835503629223
"Marlboro County","vap_asian","pre_16_dem_cli",0.528144421140125,0.184375021914699,0.162640858109474,0.860955760128859
"Marlboro County","vap_asian","pre_16_rep_tru",0.471855578859875,0.184375021914699,0.139044239871141,0.837359141890526
"Marlboro County","vap_aian","pre_16_dem_cli",0.486330149546628,0.168912812830087,0.172444304629233,0.810614516219015
"Marlboro County","vap_aian","pre_16_rep_tru",0.513669850453372,0.168912812830087,0.189385483780985,0.827555695370767
"Marlboro County","vap_oth_b","pre_16_dem_cli",0.558041631215099,0.171659971025672,0.220481642152822,0.87864222190503
"Marlboro County","vap_oth_b","pre_16_rep_tru",0.441958368784901,0.171659971025672,0.12135777809497,0.779518357847177
"Marlboro County","vap_white","uss_16_dem_dix",0.271609490982484,0.0718269722178037,0.165850802960316,0.44248787531052
"Marlboro County","vap_white","uss_16_rep_sco",0.728390509017516,0.0718269722178037,0.55751212468948,0.834149197039684
"Marlboro County","vap_black","uss_16_dem_dix",0.8745154270862,0.0657423311481523,0.717945484212922,0.960161924339273
"Marlboro County","vap_black","uss_16_rep_sco",0.1254845729138,0.0657423311481523,0.0398380756607268,0.282054515787078
"Marlboro County","vap_hisp","uss_16_dem_dix",0.47853967080457,0.181935015678957,0.142788657443761,0.826144192994909
"Marlboro County","vap_hisp","uss_16_rep_sco",0.52146032919543,0.181935015678957,0.173855807005091,0.857211342556239
"Marlboro County","vap_asian","uss_16_dem_dix",0.518988740493816,0.185081634715338,0.165875299087095,0.866907889496402
"Marlboro County","vap_asian","uss_16_rep_sco",0.481011259506184,0.185081634715338,0.133092110503598,0.834124700912905
"Marlboro County","vap_aian","uss_16_dem_dix",0.555823550725961,0.190309226117289,0.165441498204255,0.880778206508047
"Marlboro County","vap_aian","uss_16_rep_sco",0.444176449274038,0.190309226117289,0.119221793491953,0.834558501795745
"Marlboro County","vap_oth_b","uss_16_dem_dix",0.540431639947835,0.171079924195857,0.204593726472071,0.84924019522655
"Marlboro County","vap_oth_b","uss_16_rep_sco",0.459568360052165,0.171079924195857,0.15075980477345,0.795406273527929
"Marlboro County","vap_white","gov_18_dem_smi",0.343491408190474,0.0609591697930625,0.248064096477206,0.490136696435054
"Marlboro County","vap_white","gov_18_rep_mcm",0.656508591809526,0.0609591697930625,0.509863303564946,0.751935903522794
"Marlboro County","vap_black","gov_18_dem_smi",0.85798703215069,0.0612298835244995,0.708933718427153,0.949523130368448
"Marlboro County","vap_black","gov_18_rep_mcm",0.14201296784931,0.0612298835244995,0.0504768696315522,0.291066281572847
"Marlboro County","vap_hisp","gov_18_dem_smi",0.495356941790616,0.187434375746693,0.153063290471058,0.857552729689747
"Marlboro County","vap_hisp","gov_18_rep_mcm",0.504643058209384,0.187434375746693,0.142447270310253,0.846936709528942
"Marlboro County","vap_asian","gov_18_dem_smi",0.50793599554573,0.180674842784109,0.153852479931084,0.843844822734127
"Marlboro County","vap_asian","gov_18_rep_mcm",0.49206400445427,0.180674842784109,0.156155177265872,0.846147520068916
"Marlboro County","vap_aian","gov_18_dem_smi",0.462746198185505,0.167573682842366,0.157490728520548,0.799785060919557
"Marlboro County","vap_aian","gov_18_rep_mcm",0.537253801814495,0.167573682842366,0.200214939080443,0.842509271479452
"Marlboro County","vap_oth_b","gov_18_dem_smi",0.516042933211655,0.175712942219172,0.175820354162008,0.840251017501649
"Marlboro County","vap_oth_b","gov_18_rep_mcm",0.483957066788345,0.175712942219172,0.159748982498351,0.824179645837992
"Marlboro County","vap_white","atg_18_dem_ana",0.332566449152898,0.0608470332635806,0.234571979534512,0.470795579012998
"Marlboro County","vap_white","atg_18_rep_wil",0.667433550847102,0.0608470332635806,0.529204420987002,0.765428020465488
"Marlboro County","vap_black","atg_18_dem_ana",0.866328882649593,0.0587856633232128,0.729084352389758,0.951460175294725
"Marlboro County","vap_black","atg_18_rep_wil",0.133671117350407,0.0587856633232128,0.0485398247052754,0.270915647610242
"Marlboro County","vap_hisp","atg_18_dem_ana",0.495154490025304,0.182531473848742,0.156092249052112,0.840297398743831
"Marlboro County","vap_hisp","atg_18_rep_wil",0.504845509974696,0.182531473848742,0.159702601256169,0.843907750947888
"Marlboro County","vap_asian","atg_18_dem_ana",0.520259279452382,0.19017561952661,0.1582143874846,0.880058595668499
"Marlboro County","vap_asian","atg_18_rep_wil",0.479740720547618,0.19017561952661,0.119941404331501,0.8417856125154
"Marlboro County","vap_aian","atg_18_dem_ana",0.467363291328639,0.181154989160988,0.118271091651347,0.825761570441524
"Marlboro County","vap_aian","atg_18_rep_wil",0.532636708671361,0.181154989160988,0.174238429558476,0.881728908348653
"Marlboro County","vap_oth_b","atg_18_dem_ana",0.541981111518915,0.173883533952383,0.204277472040189,0.862679762351674
"Marlboro County","vap_oth_b","atg_18_rep_wil",0.458018888481085,0.173883533952383,0.137320237648326,0.79572252795981
"Marlboro County","vap_white","sos_18_dem_whi",0.320123795486798,0.0693879088255915,0.208244466603937,0.474201754328549
"Marlboro County","vap_white","sos_18_rep_ham",0.679876204513202,0.0693879088255915,0.525798245671451,0.791755533396063
"Marlboro County","vap_black","sos_18_dem_whi",0.856745602135223,0.0653736500404101,0.705114323882688,0.950144690992758
"Marlboro County","vap_black","sos_18_rep_ham",0.143254397864777,0.0653736500404101,0.049855309007242,0.294885676117312
"Marlboro County","vap_hisp","sos_18_dem_whi",0.483108862111529,0.188492553102865,0.138413402149181,0.833508087707351
"Marlboro County","vap_hisp","sos_18_rep_ham",0.516891137888471,0.188492553102865,0.166491912292649,0.861586597850819
"Marlboro County","vap_asian","sos_18_dem_whi",0.510289920347557,0.187116601414646,0.150008013042308,0.854046869804089
"Marlboro County","vap_asian","sos_18_rep_ham",0.489710079652442,0.187116601414646,0.145953130195911,0.849991986957692
"Marlboro County","vap_aian","sos_18_dem_whi",0.463299140084866,0.168725371150521,0.143522944096031,0.786210029924605
"Marlboro County","vap_aian","sos_18_rep_ham",0.536700859915134,0.168725371150521,0.213789970075395,0.856477055903969
"Marlboro County","vap_oth_b","sos_18_dem_whi",0.509707806343149,0.179200974547454,0.169812392285764,0.84363581996081
"Marlboro County","vap_oth_b","sos_18_rep_ham",0.490292193656851,0.179200974547454,0.15636418003919,0.830187607714236
"Marlboro County","vap_white","pre_20_rep_tru",0.837375806966064,0.0470560416533336,0.713303708447414,0.909786949366709
"Marlboro County","vap_white","pre_20_dem_bid",0.162624193033936,0.0470560416533336,0.0902130506332914,0.286696291552586
"Marlboro County","vap_black","pre_20_rep_tru",0.0950810758141794,0.0459569596920002,0.0308555587582198,0.220784027686077
"Marlboro County","vap_black","pre_20_dem_bid",0.90491892418582,0.0459569596920002,0.779215972313923,0.96914444124178
"Marlboro County","vap_hisp","pre_20_rep_tru",0.49738423871281,0.184307134347787,0.157400914522874,0.84030319626587
"Marlboro County","vap_hisp","pre_20_dem_bid",0.50261576128719,0.184307134347787,0.15969680373413,0.842599085477126
"Marlboro County","vap_asian","pre_20_rep_tru",0.476225657445152,0.176937083788342,0.158778427136222,0.829255809788137
"Marlboro County","vap_asian","pre_20_dem_bid",0.523774342554848,0.176937083788342,0.170744190211863,0.841221572863778
"Marlboro County","vap_aian","pre_20_rep_tru",0.615496071720777,0.141566972291019,0.322292797664705,0.861208081000834
"Marlboro County","vap_aian","pre_20_dem_bid",0.384503928279223,0.141566972291019,0.138791918999166,0.677707202335294
"Marlboro County","vap_oth_b","pre_20_rep_tru",0.441696154257605,0.177591954124845,0.116121820583442,0.789249004301475
"Marlboro County","vap_oth_b","pre_20_dem_bid",0.558303845742395,0.177591954124845,0.210750995698525,0.883878179416558
"Marlboro County","vap_white","uss_20_rep_gra",0.775974371887174,0.0604785265737943,0.621984265184001,0.865005308369525
"Marlboro County","vap_white","uss_20_dem_har",0.224025628112826,0.0604785265737943,0.134994691630475,0.378015734815999
"Marlboro County","vap_black","uss_20_rep_gra",0.114824885259298,0.0593009667338023,0.035145172660168,0.268605689803762
"Marlboro County","vap_black","uss_20_dem_har",0.885175114740702,0.0593009667338023,0.731394310196238,0.964854827339832
"Marlboro County","vap_hisp","uss_20_rep_gra",0.488193094850885,0.202960061681962,0.0744241147386519,0.861451439773639
"Marlboro County","vap_hisp","uss_20_dem_har",0.511806905149116,0.202960061681962,0.138548560226361,0.925575885261348
"Marlboro County","vap_asian","uss_20_rep_gra",0.474286551119981,0.182136269439501,0.127459219538319,0.82076869325033
"Marlboro County","vap_asian","uss_20_dem_har",0.525713448880019,0.182136269439501,0.17923130674967,0.87254078046168
"Marlboro County","vap_aian","uss_20_rep_gra",0.586043686856812,0.169081239594804,0.230048739199905,0.881183735055993
"Marlboro County","vap_aian","uss_20_dem_har",0.413956313143188,0.169081239594804,0.118816264944007,0.769951260800095
"Marlboro County","vap_oth_b","uss_20_rep_gra",0.463631749880218,0.175014737577169,0.155177397319552,0.811662328991271
"Marlboro County","vap_oth_b","uss_20_dem_har",0.536368250119782,0.175014737577169,0.188337671008729,0.844822602680448
"McCormick County","vap_white","pre_16_dem_cli",0.201546524993352,0.0387916958998732,0.140827969853746,0.291333310252123
"McCormick County","vap_white","pre_16_rep_tru",0.798453475006648,0.0387916958998732,0.708666689747877,0.859172030146254
"McCormick County","vap_black","pre_16_dem_cli",0.867365384005888,0.0533606922348321,0.741948703893235,0.946962739311621
"McCormick County","vap_black","pre_16_rep_tru",0.132634615994112,0.0533606922348321,0.053037260688379,0.258051296106765
"McCormick County","vap_hisp","pre_16_dem_cli",0.496443244072399,0.186606918399281,0.140317542532444,0.840949079355919
"McCormick County","vap_hisp","pre_16_rep_tru",0.503556755927601,0.186606918399281,0.159050920644081,0.859682457467556
"McCormick County","vap_asian","pre_16_dem_cli",0.503543949827665,0.186366290785541,0.158433624132929,0.86710923075314
"McCormick County","vap_asian","pre_16_rep_tru",0.496456050172335,0.186366290785541,0.132890769246859,0.841566375867071
"McCormick County","vap_aian","pre_16_dem_cli",0.483531455465991,0.209096479114007,0.110444394803998,0.88137846322734
"McCormick County","vap_aian","pre_16_rep_tru",0.516468544534009,0.209096479114007,0.11862153677266,0.889555605196002
"McCormick County","vap_oth_b","pre_16_dem_cli",0.507940889099295,0.180168692550114,0.155299267278122,0.841585247779266
"McCormick County","vap_oth_b","pre_16_rep_tru",0.492059110900705,0.180168692550114,0.158414752220734,0.844700732721878
"McCormick County","vap_white","uss_16_dem_dix",0.178422686852961,0.0425506303686911,0.112145145429599,0.273562466686453
"McCormick County","vap_white","uss_16_rep_sco",0.821577313147039,0.0425506303686911,0.726437533313547,0.887854854570401
"McCormick County","vap_black","uss_16_dem_dix",0.840492086583477,0.060025974973561,0.705153864491992,0.930436577020112
"McCormick County","vap_black","uss_16_rep_sco",0.159507913416523,0.060025974973561,0.0695634229798874,0.294846135508008
"McCormick County","vap_hisp","uss_16_dem_dix",0.502371171570785,0.181094700549545,0.162078399535955,0.832904312984963
"McCormick County","vap_hisp","uss_16_rep_sco",0.497628828429215,0.181094700549545,0.167095687015037,0.837921600464045
"McCormick County","vap_asian","uss_16_dem_dix",0.502263247516123,0.194572435351876,0.132950217155587,0.875559157990125
"McCormick County","vap_asian","uss_16_rep_sco",0.497736752483877,0.194572435351876,0.124440842009875,0.867049782844413
"McCormick County","vap_aian","uss_16_dem_dix",0.476533840763354,0.214212865774535,0.0977585659853258,0.889235081079074
"McCormick County","vap_aian","uss_16_rep_sco",0.523466159236646,0.214212865774535,0.110764918920926,0.902241434014674
"McCormick County","vap_oth_b","uss_16_dem_dix",0.531732662422804,0.169872670742297,0.198204697032009,0.845990991461261
"McCormick County","vap_oth_b","uss_16_rep_sco",0.468267337577196,0.169872670742297,0.154009008538739,0.801795302967991
"McCormick County","vap_white","gov_18_dem_smi",0.222784210410095,0.0427690699205923,0.157696218248672,0.325821959866927
"McCormick County","vap_white","gov_18_rep_mcm",0.777215789589905,0.0427690699205923,0.674178040133073,0.842303781751328
"McCormick County","vap_black","gov_18_dem_smi",0.869600646596056,0.0585898160130207,0.728442549897814,0.9557395304799
"McCormick County","vap_black","gov_18_rep_mcm",0.130399353403944,0.0585898160130207,0.0442604695201001,0.271557450102186
"McCormick County","vap_hisp","gov_18_dem_smi",0.504822923742064,0.187221317667853,0.142497073392161,0.86008736088078
"McCormick County","vap_hisp","gov_18_rep_mcm",0.495177076257936,0.187221317667853,0.139912639119219,0.857502926607839
"McCormick County","vap_asian","gov_18_dem_smi",0.493349810597838,0.192009423904898,0.138896166419121,0.857972366254183
"McCormick County","vap_asian","gov_18_rep_mcm",0.506650189402162,0.192009423904898,0.142027633745817,0.861103833580879
"McCormick County","vap_aian","gov_18_dem_smi",0.481161992657641,0.215826049348734,0.0986859798002545,0.884720659715421
"McCormick County","vap_aian","gov_18_rep_mcm",0.518838007342359,0.215826049348734,0.115279340284578,0.901314020199745
"McCormick County","vap_oth_b","gov_18_dem_smi",0.523748026414126,0.178518064645604,0.16612239501433,0.840359782897662
"McCormick County","vap_oth_b","gov_18_rep_mcm",0.476251973585874,0.178518064645604,0.159640217102338,0.83387760498567
"McCormick County","vap_white","atg_18_dem_ana",0.219052535362807,0.0455500341472629,0.152020107964026,0.326473446332173
"McCormick County","vap_white","atg_18_rep_wil",0.780947464637193,0.0455500341472629,0.673526553667827,0.847979892035974
"McCormick County","vap_black","atg_18_dem_ana",0.862847700667522,0.0620024940741676,0.715184066039393,0.950408064684994
"McCormick County","vap_black","atg_18_rep_wil",0.137152299332478,0.0620024940741676,0.0495919353150054,0.284815933960607
"McCormick County","vap_hisp","atg_18_dem_ana",0.50707920812906,0.180451419299213,0.174273608032886,0.858295827769692
"McCormick County","vap_hisp","atg_18_rep_wil",0.49292079187094,0.180451419299213,0.141704172230307,0.825726391967114
"McCormick County","vap_asian","atg_18_dem_ana",0.493811691923026,0.189634713931957,0.144326799030403,0.856923662438218
"McCormick County","vap_asian","atg_18_rep_wil",0.506188308076974,0.189634713931957,0.143076337561782,0.855673200969597
"McCormick County","vap_aian","atg_18_dem_ana",0.478651790076187,0.215544391451334,0.100906821273583,0.886029965404796
"McCormick County","vap_aian","atg_18_rep_wil",0.521348209923813,0.215544391451334,0.113970034595204,0.899093178726417
"McCormick County","vap_oth_b","atg_18_dem_ana",0.518894839548252,0.175183776091509,0.183279430607144,0.849796632797241
"McCormick County","vap_oth_b","atg_18_rep_wil",0.481105160451748,0.175183776091509,0.15020336720276,0.816720569392856
"McCormick County","vap_white","sos_18_dem_whi",0.215809724174316,0.0427226654300419,0.149795698276835,0.314611006149545
"McCormick County","vap_white","sos_18_rep_ham",0.784190275825684,0.0427226654300419,0.685388993850455,0.850204301723166
"McCormick County","vap_black","sos_18_dem_whi",0.861012045142575,0.0580136574822599,0.719017801019326,0.94644384287967
"McCormick County","vap_black","sos_18_rep_ham",0.138987954857425,0.0580136574822599,0.0535561571203294,0.280982198980673
"McCormick County","vap_hisp","sos_18_dem_whi",0.499038816272402,0.181598372753315,0.164387694109497,0.836507768633873
"McCormick County","vap_hisp","sos_18_rep_ham",0.500961183727598,0.181598372753315,0.163492231366127,0.835612305890503
"McCormick County","vap_asian","sos_18_dem_whi",0.495846916629096,0.187423376785147,0.149315308907698,0.84881573580201
"McCormick County","vap_asian","sos_18_rep_ham",0.504153083370904,0.187423376785147,0.15118426419799,0.850684691092302
"McCormick County","vap_aian","sos_18_dem_whi",0.472639952087516,0.219786862224228,0.0816206830485004,0.888150284348275
"McCormick County","vap_aian","sos_18_rep_ham",0.527360047912484,0.219786862224228,0.111849715651725,0.9183793169515
"McCormick County","vap_oth_b","sos_18_dem_whi",0.524613159395128,0.176728011017825,0.179092921955397,0.840674547559313
"McCormick County","vap_oth_b","sos_18_rep_ham",0.475386840604872,0.176728011017825,0.159325452440686,0.820907078044603
"McCormick County","vap_white","pre_20_rep_tru",0.767782224649629,0.0400652585912253,0.675183961473724,0.834204726476428
"McCormick County","vap_white","pre_20_dem_bid",0.232217775350371,0.0400652585912253,0.165795273523572,0.324816038526276
"McCormick County","vap_black","pre_20_rep_tru",0.127015562731771,0.0533534671261145,0.0432073301269433,0.249727078912605
"McCormick County","vap_black","pre_20_dem_bid",0.872984437268229,0.0533534671261145,0.750272921087394,0.956792669873056
"McCormick County","vap_hisp","pre_20_rep_tru",0.507594635774363,0.178491905003286,0.169240522034301,0.842423968640652
"McCormick County","vap_hisp","pre_20_dem_bid",0.492405364225637,0.178491905003286,0.157576031359348,0.830759477965699
"McCormick County","vap_asian","pre_20_rep_tru",0.502392966617684,0.190903651641245,0.139709509487577,0.849169741473479
"McCormick County","vap_asian","pre_20_dem_bid",0.497607033382316,0.190903651641245,0.150830258526521,0.860290490512423
"McCormick County","vap_aian","pre_20_rep_tru",0.516337033401393,0.207665686523049,0.12887596707195,0.889380474144299
"McCormick County","vap_aian","pre_20_dem_bid",0.483662966598607,0.207665686523049,0.110619525855701,0.87112403292805
"McCormick County","vap_oth_b","pre_20_rep_tru",0.490524635190271,0.179321759526748,0.152310572723882,0.828587812637571
"McCormick County","vap_oth_b","pre_20_dem_bid",0.509475364809729,0.179321759526748,0.171412187362429,0.847689427276118
"McCormick County","vap_white","uss_20_rep_gra",0.76634182021022,0.0385450498322409,0.680485624379485,0.829460686118522
"McCormick County","vap_white","uss_20_dem_har",0.23365817978978,0.0385450498322409,0.170539313881478,0.319514375620515
"McCormick County","vap_black","uss_20_rep_gra",0.115350232906928,0.052079305625264,0.0360716492733729,0.23277806933468
"McCormick County","vap_black","uss_20_dem_har",0.884649767093072,0.052079305625264,0.767221930665319,0.963928350726627
"McCormick County","vap_hisp","uss_20_rep_gra",0.490431204847275,0.182980543263856,0.140426851922368,0.829611389589816
"McCormick County","vap_hisp","uss_20_dem_har",0.509568795152725,0.182980543263856,0.170388610410184,0.859573148077632
"McCormick County","vap_asian","uss_20_rep_gra",0.508934705199046,0.190364216562348,0.152072376851771,0.864090172552319
"McCormick County","vap_asian","uss_20_dem_har",0.491065294800953,0.190364216562348,0.135909827447681,0.847927623148229
"McCormick County","vap_aian","uss_20_rep_gra",0.516132805827101,0.20811532248725,0.123440890658054,0.892866504868059
"McCormick County","vap_aian","uss_20_dem_har",0.483867194172899,0.20811532248725,0.10713349513194,0.876559109341946
"McCormick County","vap_oth_b","uss_20_rep_gra",0.470802818582622,0.177502268520979,0.137575851330577,0.809833928741228
"McCormick County","vap_oth_b","uss_20_dem_har",0.529197181417378,0.177502268520979,0.190166071258772,0.862424148669423
"Newberry County","vap_white","pre_16_dem_cli",0.125369538475752,0.0173901895330921,0.0957584658712944,0.164717902578632
"Newberry County","vap_white","pre_16_rep_tru",0.874630461524248,0.0173901895330921,0.835282097421368,0.904241534128706
"Newberry County","vap_black","pre_16_dem_cli",0.943726504491238,0.0250353806935672,0.886427594738707,0.980307675219047
"Newberry County","vap_black","pre_16_rep_tru",0.0562734955087619,0.0250353806935672,0.019692324780953,0.113572405261293
"Newberry County","vap_hisp","pre_16_dem_cli",0.756637332828657,0.100394725201938,0.537181204077262,0.920166336420636
"Newberry County","vap_hisp","pre_16_rep_tru",0.243362667171343,0.100394725201938,0.0798336635793637,0.462818795922738
"Newberry County","vap_asian","pre_16_dem_cli",0.532713789628075,0.190877522443705,0.186704662817869,0.914208056235669
"Newberry County","vap_asian","pre_16_rep_tru",0.467286210371925,0.190877522443705,0.0857919437643306,0.813295337182131
"Newberry County","vap_aian","pre_16_dem_cli",0.506116738061264,0.17697686296051,0.170395661271391,0.826612650979329
"Newberry County","vap_aian","pre_16_rep_tru",0.493883261938736,0.17697686296051,0.173387349020671,0.829604338728609
"Newberry County","vap_oth_b","pre_16_dem_cli",0.644130726010993,0.148859532782708,0.326251893769173,0.887691394399732
"Newberry County","vap_oth_b","pre_16_rep_tru",0.355869273989007,0.148859532782708,0.112308605600268,0.673748106230827
"Newberry County","vap_white","uss_16_dem_dix",0.0882697065969476,0.0142937020962776,0.0632610096221242,0.118110730965856
"Newberry County","vap_white","uss_16_rep_sco",0.911730293403052,0.0142937020962776,0.881889269034144,0.936738990377876
"Newberry County","vap_black","uss_16_dem_dix",0.955013830664862,0.0188940496537119,0.910041243476433,0.983369555088046
"Newberry County","vap_black","uss_16_rep_sco",0.0449861693351379,0.0188940496537119,0.0166304449119544,0.0899587565235669
"Newberry County","vap_hisp","uss_16_dem_dix",0.782353019691261,0.0972353416617538,0.56912957162498,0.933777369303091
"Newberry County","vap_hisp","uss_16_rep_sco",0.217646980308739,0.0972353416617538,0.0662226306969089,0.43087042837502
"Newberry County","vap_asian","uss_16_dem_dix",0.486625985403407,0.170280078901649,0.172648035408748,0.818155791972643
"Newberry County","vap_asian","uss_16_rep_sco",0.513374014596593,0.170280078901649,0.181844208027357,0.827351964591252
"Newberry County","vap_aian","uss_16_dem_dix",0.520097892121256,0.174071094169197,0.197582837649094,0.860655991891071
"Newberry County","vap_aian","uss_16_rep_sco",0.479902107878744,0.174071094169197,0.139344008108928,0.802417162350906
"Newberry County","vap_oth_b","uss_16_dem_dix",0.652910692310378,0.134330269197093,0.356443336903441,0.872627593237863
"Newberry County","vap_oth_b","uss_16_rep_sco",0.347089307689622,0.134330269197093,0.127372406762137,0.643556663096559
"Newberry County","vap_white","gov_18_dem_smi",0.192592336606794,0.0193971301069539,0.159672458179027,0.235594722124953
"Newberry County","vap_white","gov_18_rep_mcm",0.807407663393206,0.0193971301069539,0.764405277875047,0.840327541820973
"Newberry County","vap_black","gov_18_dem_smi",0.923203276724516,0.0308743720268461,0.85084214291177,0.968673719117037
"Newberry County","vap_black","gov_18_rep_mcm",0.0767967232754838,0.0308743720268461,0.0313262808829632,0.14915785708823
"Newberry County","vap_hisp","gov_18_dem_smi",0.707735116201001,0.114808292078819,0.456323610425673,0.892963108245542
"Newberry County","vap_hisp","gov_18_rep_mcm",0.292264883798999,0.114808292078819,0.107036891754458,0.543676389574327
"Newberry County","vap_asian","gov_18_dem_smi",0.516309970242865,0.16653532238261,0.195607098565101,0.825852450302177
"Newberry County","vap_asian","gov_18_rep_mcm",0.483690029757135,0.16653532238261,0.174147549697823,0.804392901434899
"Newberry County","vap_aian","gov_18_dem_smi",0.51472964692773,0.180193873264374,0.177776371732124,0.847641403062362
"Newberry County","vap_aian","gov_18_rep_mcm",0.48527035307227,0.180193873264374,0.152358596937638,0.822223628267876
"Newberry County","vap_oth_b","gov_18_dem_smi",0.618794711201085,0.150389181936253,0.307042536065092,0.869091393370244
"Newberry County","vap_oth_b","gov_18_rep_mcm",0.381205288798915,0.150389181936253,0.130908606629756,0.692957463934908
"Newberry County","vap_white","atg_18_dem_ana",0.138589337385379,0.0165592477898128,0.109659767996946,0.174460660350664
"Newberry County","vap_white","atg_18_rep_wil",0.861410662614621,0.0165592477898128,0.825539339649336,0.890340232003054
"Newberry County","vap_black","atg_18_dem_ana",0.950430972305751,0.0233933432057477,0.891897416472538,0.982504452610787
"Newberry County","vap_black","atg_18_rep_wil",0.049569027694249,0.0233933432057477,0.0174955473892125,0.108102583527462
"Newberry County","vap_hisp","atg_18_dem_ana",0.704248365507456,0.110120214834831,0.457866760922099,0.884250579918006
"Newberry County","vap_hisp","atg_18_rep_wil",0.295751634492545,0.110120214834831,0.115749420081994,0.542133239077901
"Newberry County","vap_asian","atg_18_dem_ana",0.515721351701957,0.183390429915667,0.163504617557045,0.85420149367035
"Newberry County","vap_asian","atg_18_rep_wil",0.484278648298043,0.183390429915667,0.14579850632965,0.836495382442955
"Newberry County","vap_aian","atg_18_dem_ana",0.482386384676182,0.177187694574375,0.151441421862443,0.824821298169913
"Newberry County","vap_aian","atg_18_rep_wil",0.517613615323818,0.177187694574375,0.175178701830087,0.848558578137557
"Newberry County","vap_oth_b","atg_18_dem_ana",0.608085729479239,0.151442312191179,0.280666126197938,0.85612671763008
"Newberry County","vap_oth_b","atg_18_rep_wil",0.391914270520761,0.151442312191179,0.14387328236992,0.719333873802061
"Newberry County","vap_white","sos_18_dem_whi",0.113633585606293,0.0174566054701982,0.0833247076409924,0.150542417478296
"Newberry County","vap_white","sos_18_rep_ham",0.886366414393707,0.0174566054701982,0.849457582521704,0.916675292359008
"Newberry County","vap_black","sos_18_dem_whi",0.937460965605539,0.0264148528943095,0.877176438746389,0.978355926585182
"Newberry County","vap_black","sos_18_rep_ham",0.0625390343944614,0.0264148528943095,0.0216440734148179,0.122823561253611
"Newberry County","vap_hisp","sos_18_dem_whi",0.682724011078778,0.114440613801469,0.435234029131428,0.879531754886206
"Newberry County","vap_hisp","sos_18_rep_ham",0.317275988921222,0.114440613801469,0.120468245113794,0.564765970868572
"Newberry County","vap_asian","sos_18_dem_whi",0.47302990129641,0.173805051695126,0.146943516419728,0.800510386429451
"Newberry County","vap_asian","sos_18_rep_ham",0.52697009870359,0.173805051695126,0.199489613570549,0.853056483580271
"Newberry County","vap_aian","sos_18_dem_whi",0.502992761911407,0.171731395668478,0.187594812666653,0.838909889501537
"Newberry County","vap_aian","sos_18_rep_ham",0.497007238088593,0.171731395668478,0.161090110498463,0.812405187333347
"Newberry County","vap_oth_b","sos_18_dem_whi",0.632587436938945,0.157857008364756,0.281438570990681,0.896532009063858
"Newberry County","vap_oth_b","sos_18_rep_ham",0.367412563061055,0.157857008364756,0.103467990936142,0.718561429009319
"Newberry County","vap_white","pre_20_rep_tru",0.874974085007633,0.0177078695725665,0.834471206656026,0.904929477644165
"Newberry County","vap_white","pre_20_dem_bid",0.125025914992367,0.0177078695725665,0.0950705223558352,0.165528793343974
"Newberry County","vap_black","pre_20_rep_tru",0.0587324942579114,0.0276635107847458,0.0206034845262661,0.128621253374295
"Newberry County","vap_black","pre_20_dem_bid",0.941267505742088,0.0276635107847458,0.871378746625705,0.979396515473734
"Newberry County","vap_hisp","pre_20_rep_tru",0.262704049100932,0.111257603395655,0.0877232926746115,0.517495486334862
"Newberry County","vap_hisp","pre_20_dem_bid",0.737295950899068,0.111257603395655,0.482504513665138,0.912276707325388
"Newberry County","vap_asian","pre_20_rep_tru",0.50134594340672,0.17655312367309,0.166952022706702,0.824423587493593
"Newberry County","vap_asian","pre_20_dem_bid",0.49865405659328,0.17655312367309,0.175576412506407,0.833047977293298
"Newberry County","vap_aian","pre_20_rep_tru",0.497890911585595,0.177017194485626,0.163664470597961,0.831439223627483
"Newberry County","vap_aian","pre_20_dem_bid",0.502109088414405,0.177017194485626,0.168560776372517,0.836335529402039
"Newberry County","vap_oth_b","pre_20_rep_tru",0.398085350451426,0.16036559628772,0.134699441187651,0.734721636234248
"Newberry County","vap_oth_b","pre_20_dem_bid",0.601914649548574,0.16036559628772,0.265278363765752,0.865300558812349
"Newberry County","vap_white","uss_20_rep_gra",0.860903223605526,0.0171305343102225,0.823910025966712,0.891110482627216
"Newberry County","vap_white","uss_20_dem_har",0.139096776394474,0.0171305343102225,0.108889517372784,0.176089974033288
"Newberry County","vap_black","uss_20_rep_gra",0.0607318494411284,0.0257339738547426,0.0225574795646163,0.120023072982781
"Newberry County","vap_black","uss_20_dem_har",0.939268150558872,0.0257339738547426,0.879976927017219,0.977442520435384
"Newberry County","vap_hisp","uss_20_rep_gra",0.25886884446644,0.116857429088786,0.0772914904200312,0.51761809336847
"Newberry County","vap_hisp","uss_20_dem_har",0.74113115553356,0.116857429088786,0.48238190663153,0.922708509579969
"Newberry County","vap_asian","uss_20_rep_gra",0.476159888449455,0.177902732708981,0.142372362034273,0.806715113879412
"Newberry County","vap_asian","uss_20_dem_har",0.523840111550545,0.177902732708981,0.193284886120588,0.857627637965727
"Newberry County","vap_aian","uss_20_rep_gra",0.463669518030246,0.193203525830473,0.0844499823649825,0.808482610740254
"Newberry County","vap_aian","uss_20_dem_har",0.536330481969754,0.193203525830473,0.191517389259746,0.915550017635017
"Newberry County","vap_oth_b","uss_20_rep_gra",0.38492076801474,0.151627621856374,0.124618222806151,0.697548800414801
"Newberry County","vap_oth_b","uss_20_dem_har",0.61507923198526,0.151627621856374,0.302451199585199,0.875381777193849
"Oconee County","vap_white","pre_16_dem_cli",0.175874795591305,0.0124936362099465,0.154009420037316,0.201719310479041
"Oconee County","vap_white","pre_16_rep_tru",0.824125204408695,0.0124936362099465,0.798280689520959,0.845990579962684
"Oconee County","vap_black","pre_16_dem_cli",0.762209502513051,0.119119380596105,0.46964802688226,0.940066774920726
"Oconee County","vap_black","pre_16_rep_tru",0.237790497486949,0.119119380596105,0.059933225079274,0.53035197311774
"Oconee County","vap_hisp","pre_16_dem_cli",0.576170028555316,0.14829822636109,0.284532959964791,0.841581407371254
"Oconee County","vap_hisp","pre_16_rep_tru",0.423829971444685,0.14829822636109,0.158418592628746,0.715467040035209
"Oconee County","vap_asian","pre_16_dem_cli",0.507870342982407,0.170936098776639,0.17251066893486,0.825343224752055
"Oconee County","vap_asian","pre_16_rep_tru",0.492129657017593,0.170936098776639,0.174656775247944,0.82748933106514
"Oconee County","vap_aian","pre_16_dem_cli",0.512696656845202,0.173689177711442,0.194623455703457,0.838050196902766
"Oconee County","vap_aian","pre_16_rep_tru",0.487303343154798,0.173689177711442,0.161949803097234,0.805376544296543
"Oconee County","vap_oth_b","pre_16_dem_cli",0.578508016624673,0.164869350948272,0.252090870949297,0.874399545252638
"Oconee County","vap_oth_b","pre_16_rep_tru",0.421491983375327,0.164869350948272,0.125600454747362,0.747909129050703
"Oconee County","vap_white","uss_16_dem_dix",0.140660942546065,0.0129656193982499,0.11763904511175,0.167431016756149
"Oconee County","vap_white","uss_16_rep_sco",0.859339057453935,0.0129656193982499,0.832568983243851,0.88236095488825
"Oconee County","vap_black","uss_16_dem_dix",0.75640073564219,0.124594661367477,0.452669748759146,0.933198717717156
"Oconee County","vap_black","uss_16_rep_sco",0.24359926435781,0.124594661367477,0.0668012822828446,0.547330251240854
"Oconee County","vap_hisp","uss_16_dem_dix",0.572435381407272,0.160509596348794,0.240043774952343,0.855317704920594
"Oconee County","vap_hisp","uss_16_rep_sco",0.427564618592728,0.160509596348794,0.144682295079406,0.759956225047658
"Oconee County","vap_asian","uss_16_dem_dix",0.520301414684773,0.168926350845102,0.19082886507573,0.832775391750924
"Oconee County","vap_asian","uss_16_rep_sco",0.479698585315227,0.168926350845102,0.167224608249076,0.80917113492427
"Oconee County","vap_aian","uss_16_dem_dix",0.515983451649632,0.166857592198791,0.212982753991186,0.866458457614484
"Oconee County","vap_aian","uss_16_rep_sco",0.484016548350368,0.166857592198791,0.133541542385516,0.787017246008814
"Oconee County","vap_oth_b","uss_16_dem_dix",0.59849898746834,0.16294637862336,0.242410822632266,0.860682060214586
"Oconee County","vap_oth_b","uss_16_rep_sco",0.40150101253166,0.16294637862336,0.139317939785414,0.757589177367733
"Oconee County","vap_white","gov_18_dem_smi",0.224637029813516,0.0127536340880715,0.200806164503501,0.25095479597157
"Oconee County","vap_white","gov_18_rep_mcm",0.775362970186484,0.0127536340880715,0.74904520402843,0.799193835496499
"Oconee County","vap_black","gov_18_dem_smi",0.72460336162022,0.133375848993179,0.402612713429786,0.921382759413134
"Oconee County","vap_black","gov_18_rep_mcm",0.27539663837978,0.133375848993179,0.078617240586866,0.597387286570214
"Oconee County","vap_hisp","gov_18_dem_smi",0.56054508079126,0.164224019562259,0.212875099235749,0.842223802150088
"Oconee County","vap_hisp","gov_18_rep_mcm",0.43945491920874,0.164224019562259,0.157776197849912,0.787124900764251
"Oconee County","vap_asian","gov_18_dem_smi",0.533497162577187,0.171751979463028,0.204109118451646,0.854866874896553
"Oconee County","vap_asian","gov_18_rep_mcm",0.466502837422813,0.171751979463028,0.145133125103447,0.795890881548354
"Oconee County","vap_aian","gov_18_dem_smi",0.497076916475214,0.176216763931266,0.159910671689262,0.819536083562984
"Oconee County","vap_aian","gov_18_rep_mcm",0.502923083524786,0.176216763931266,0.180463916437016,0.840089328310738
"Oconee County","vap_oth_b","gov_18_dem_smi",0.560454789058288,0.16519648527959,0.226686307790323,0.852090878479626
"Oconee County","vap_oth_b","gov_18_rep_mcm",0.439545210941712,0.16519648527959,0.147909121520374,0.773313692209677
"Oconee County","vap_white","atg_18_dem_ana",0.190841441025407,0.0140435025341368,0.165175852146306,0.221417419793485
"Oconee County","vap_white","atg_18_rep_wil",0.809158558974593,0.0140435025341368,0.778582580206515,0.834824147853694
"Oconee County","vap_black","atg_18_dem_ana",0.727323548872339,0.13901738263585,0.413688486462595,0.938453451128118
"Oconee County","vap_black","atg_18_rep_wil",0.272676451127661,0.13901738263585,0.0615465488718814,0.586311513537405
"Oconee County","vap_hisp","atg_18_dem_ana",0.57786263207271,0.15683541254949,0.253740885964794,0.854461726872874
"Oconee County","vap_hisp","atg_18_rep_wil",0.42213736792729,0.15683541254949,0.145538273127126,0.746259114035206
"Oconee County","vap_asian","atg_18_dem_ana",0.499253975293205,0.165370672452622,0.17149419784387,0.796367581754332
"Oconee County","vap_asian","atg_18_rep_wil",0.500746024706795,0.165370672452622,0.203632418245668,0.82850580215613
"Oconee County","vap_aian","atg_18_dem_ana",0.503128108459008,0.166554136732894,0.195611201395737,0.822507095748954
"Oconee County","vap_aian","atg_18_rep_wil",0.496871891540992,0.166554136732894,0.177492904251046,0.804388798604263
"Oconee County","vap_oth_b","atg_18_dem_ana",0.576563759792675,0.177389431622428,0.232387705913846,0.896571820222164
"Oconee County","vap_oth_b","atg_18_rep_wil",0.423436240207325,0.177389431622428,0.103428179777836,0.767612294086154
"Oconee County","vap_white","sos_18_dem_whi",0.189258408368123,0.0132339041742687,0.164695730274363,0.21560840581087
"Oconee County","vap_white","sos_18_rep_ham",0.810741591631877,0.0132339041742687,0.78439159418913,0.835304269725637
"Oconee County","vap_black","sos_18_dem_whi",0.741399897321192,0.130638584895844,0.414038881619745,0.929277771110564
"Oconee County","vap_black","sos_18_rep_ham",0.258600102678808,0.130638584895844,0.070722228889436,0.585961118380255
"Oconee County","vap_hisp","sos_18_dem_whi",0.558652375130073,0.161716935282073,0.239859572986345,0.847606379912534
"Oconee County","vap_hisp","sos_18_rep_ham",0.441347624869927,0.161716935282073,0.152393620087466,0.760140427013655
"Oconee County","vap_asian","sos_18_dem_whi",0.517911113396968,0.171428242520433,0.195531778523421,0.832031566437459
"Oconee County","vap_asian","sos_18_rep_ham",0.482088886603032,0.171428242520433,0.167968433562541,0.804468221476578
"Oconee County","vap_aian","sos_18_dem_whi",0.491124908817327,0.163852237960913,0.167920899886006,0.805138973422966
"Oconee County","vap_aian","sos_18_rep_ham",0.508875091182673,0.163852237960913,0.194861026577033,0.832079100113994
"Oconee County","vap_oth_b","sos_18_dem_whi",0.566719725155824,0.179677556587492,0.204533249048539,0.861747669164217
"Oconee County","vap_oth_b","sos_18_rep_ham",0.433280274844176,0.179677556587492,0.138252330835783,0.795466750951461
"Oconee County","vap_white","pre_20_rep_tru",0.817527025776638,0.0127268947007771,0.789083159828416,0.839582392439896
"Oconee County","vap_white","pre_20_dem_bid",0.182472974223362,0.0127268947007771,0.160417607560104,0.210916840171584
"Oconee County","vap_black","pre_20_rep_tru",0.253160117635234,0.113690727683266,0.0739225389352975,0.505314391376771
"Oconee County","vap_black","pre_20_dem_bid",0.746839882364766,0.113690727683266,0.494685608623229,0.926077461064702
"Oconee County","vap_hisp","pre_20_rep_tru",0.399234610154966,0.153765387688926,0.12833963219701,0.697687978143362
"Oconee County","vap_hisp","pre_20_dem_bid",0.600765389845034,0.153765387688926,0.302312021856638,0.87166036780299
"Oconee County","vap_asian","pre_20_rep_tru",0.456449687949417,0.163594195140357,0.153471453054582,0.775049892038482
"Oconee County","vap_asian","pre_20_dem_bid",0.543550312050583,0.163594195140357,0.224950107961518,0.846528546945418
"Oconee County","vap_aian","pre_20_rep_tru",0.494784047893288,0.171399450470899,0.173347213935324,0.836963523806003
"Oconee County","vap_aian","pre_20_dem_bid",0.505215952106712,0.171399450470899,0.163036476193997,0.826652786064676
"Oconee County","vap_oth_b","pre_20_rep_tru",0.417208920323389,0.164277903554016,0.141417403622957,0.779727586327658
"Oconee County","vap_oth_b","pre_20_dem_bid",0.582791079676611,0.164277903554016,0.220272413672342,0.858582596377043
"Oconee County","vap_white","uss_20_rep_gra",0.807877478329581,0.0130967598402536,0.779701462566568,0.832805281902898
"Oconee County","vap_white","uss_20_dem_har",0.192122521670419,0.0130967598402536,0.167194718097102,0.220298537433432
"Oconee County","vap_black","uss_20_rep_gra",0.253359404005485,0.123742574173516,0.0814793131332577,0.544025343694438
"Oconee County","vap_black","uss_20_dem_har",0.746640595994515,0.123742574173516,0.455974656305561,0.918520686866742
"Oconee County","vap_hisp","uss_20_rep_gra",0.412264171773824,0.166034966235556,0.141124633796399,0.774946879527664
"Oconee County","vap_hisp","uss_20_dem_har",0.587735828226176,0.166034966235556,0.225053120472336,0.858875366203601
"Oconee County","vap_asian","uss_20_rep_gra",0.482561115763385,0.167238267180925,0.166051785089898,0.802001350897282
"Oconee County","vap_asian","uss_20_dem_har",0.517438884236615,0.167238267180925,0.197998649102718,0.833948214910102
"Oconee County","vap_aian","uss_20_rep_gra",0.443147690272456,0.203190518623711,0.0837846144089906,0.807671799615394
"Oconee County","vap_aian","uss_20_dem_har",0.556852309727544,0.203190518623711,0.192328200384606,0.916215385591009
"Oconee County","vap_oth_b","uss_20_rep_gra",0.438871181913366,0.167437227666075,0.147793262216608,0.765648307552265
"Oconee County","vap_oth_b","uss_20_dem_har",0.561128818086634,0.167437227666075,0.234351692447735,0.852206737783392
"Orangeburg County","vap_white","pre_16_dem_cli",0.227821841200311,0.0171363271055205,0.196214365640893,0.263638822020815
"Orangeburg County","vap_white","pre_16_rep_tru",0.772178158799689,0.0171363271055205,0.736361177979185,0.803785634359107
"Orangeburg County","vap_black","pre_16_dem_cli",0.971428005006744,0.00858957791738923,0.952608164105063,0.985586023485788
"Orangeburg County","vap_black","pre_16_rep_tru",0.028571994993256,0.00858957791738923,0.0144139765142115,0.0473918358949368
"Orangeburg County","vap_hisp","pre_16_dem_cli",0.753589979657757,0.114615664138297,0.502918293375697,0.928280310912182
"Orangeburg County","vap_hisp","pre_16_rep_tru",0.246410020342243,0.114615664138297,0.0717196890878181,0.497081706624303
"Orangeburg County","vap_asian","pre_16_dem_cli",0.481234975978982,0.164866683603928,0.169957937214215,0.80004814530426
"Orangeburg County","vap_asian","pre_16_rep_tru",0.518765024021018,0.164866683603928,0.199951854695739,0.830042062785784
"Orangeburg County","vap_aian","pre_16_dem_cli",0.559990948444225,0.160640513287011,0.225107093583696,0.836264375365082
"Orangeburg County","vap_aian","pre_16_rep_tru",0.440009051555775,0.160640513287011,0.163735624634918,0.774892906416304
"Orangeburg County","vap_oth_b","pre_16_dem_cli",0.780880676054818,0.0832003154523275,0.59002584888847,0.911138056360203
"Orangeburg County","vap_oth_b","pre_16_rep_tru",0.219119323945182,0.0832003154523275,0.0888619436397966,0.40997415111153
"Orangeburg County","vap_white","uss_16_dem_dix",0.217203200021682,0.0205290224864481,0.18283095235693,0.262732154659744
"Orangeburg County","vap_white","uss_16_rep_sco",0.782796799978318,0.0205290224864481,0.737267845340256,0.817169047643069
"Orangeburg County","vap_black","uss_16_dem_dix",0.961538152811276,0.0108075191559619,0.936147154247737,0.978442368473336
"Orangeburg County","vap_black","uss_16_rep_sco",0.0384618471887241,0.0108075191559619,0.0215576315266644,0.063852845752263
"Orangeburg County","vap_hisp","uss_16_dem_dix",0.685665052588834,0.130741763528336,0.375410220261053,0.885468518286193
"Orangeburg County","vap_hisp","uss_16_rep_sco",0.314334947411167,0.130741763528336,0.114531481713807,0.624589779738947
"Orangeburg County","vap_asian","uss_16_dem_dix",0.413644865272914,0.156652355346198,0.137454948032367,0.728501601116244
"Orangeburg County","vap_asian","uss_16_rep_sco",0.586355134727086,0.156652355346198,0.271498398883756,0.862545051967633
"Orangeburg County","vap_aian","uss_16_dem_dix",0.531184765874543,0.169902345454438,0.198385904418647,0.840963301960619
"Orangeburg County","vap_aian","uss_16_rep_sco",0.468815234125457,0.169902345454438,0.159036698039381,0.801614095581352
"Orangeburg County","vap_oth_b","uss_16_dem_dix",0.656904708899384,0.121816184487114,0.408525882303396,0.866171699181951
"Orangeburg County","vap_oth_b","uss_16_rep_sco",0.343095291100616,0.121816184487114,0.133828300818049,0.591474117696604
"Orangeburg County","vap_white","gov_18_dem_smi",0.251274002134033,0.0174238812401034,0.220438726611826,0.288487229841252
"Orangeburg County","vap_white","gov_18_rep_mcm",0.748725997865967,0.0174238812401034,0.711512770158748,0.779561273388174
"Orangeburg County","vap_black","gov_18_dem_smi",0.975945828070408,0.00797134214868636,0.957748596512828,0.989061952534423
"Orangeburg County","vap_black","gov_18_rep_mcm",0.0240541719295923,0.00797134214868636,0.0109380474655765,0.0422514034871717
"Orangeburg County","vap_hisp","gov_18_dem_smi",0.725888947162708,0.111647357422263,0.470559568340663,0.899568484575875
"Orangeburg County","vap_hisp","gov_18_rep_mcm",0.274111052837292,0.111647357422263,0.100431515424125,0.529440431659337
"Orangeburg County","vap_asian","gov_18_dem_smi",0.539499943042007,0.158694994320145,0.211432133449563,0.823438066474658
"Orangeburg County","vap_asian","gov_18_rep_mcm",0.460500056957993,0.158694994320145,0.176561933525341,0.788567866550437
"Orangeburg County","vap_aian","gov_18_dem_smi",0.552741690400473,0.170731747821808,0.198335649290401,0.834924278651028
"Orangeburg County","vap_aian","gov_18_rep_mcm",0.447258309599526,0.170731747821808,0.165075721348972,0.8016643507096
"Orangeburg County","vap_oth_b","gov_18_dem_smi",0.798603486377371,0.0873860874274109,0.584356839486352,0.921043268818211
"Orangeburg County","vap_oth_b","gov_18_rep_mcm",0.201396513622629,0.0873860874274109,0.0789567311817886,0.415643160513648
"Orangeburg County","vap_white","atg_18_dem_ana",0.243658879112409,0.0181346638312611,0.210787000817187,0.281846934946961
"Orangeburg County","vap_white","atg_18_rep_wil",0.756341120887591,0.0181346638312611,0.718153065053039,0.789212999182814
"Orangeburg County","vap_black","atg_18_dem_ana",0.976629795315108,0.00825680695193702,0.957725058671428,0.98931178947076
"Orangeburg County","vap_black","atg_18_rep_wil",0.0233702046848916,0.00825680695193702,0.0106882105292396,0.0422749413285715
"Orangeburg County","vap_hisp","atg_18_dem_ana",0.735927141002722,0.127513254349124,0.449530898215691,0.929994180607829
"Orangeburg County","vap_hisp","atg_18_rep_wil",0.264072858997278,0.127513254349124,0.0700058193921712,0.550469101784309
"Orangeburg County","vap_asian","atg_18_dem_ana",0.588370993892479,0.143804306520118,0.290891302461916,0.843112833977448
"Orangeburg County","vap_asian","atg_18_rep_wil",0.411629006107521,0.143804306520118,0.156887166022551,0.709108697538084
"Orangeburg County","vap_aian","atg_18_dem_ana",0.574249282332439,0.156085950581369,0.262785767429864,0.851375324991339
"Orangeburg County","vap_aian","atg_18_rep_wil",0.425750717667561,0.156085950581369,0.148624675008661,0.737214232570136
"Orangeburg County","vap_oth_b","atg_18_dem_ana",0.785295183861825,0.0837119642218044,0.604015168203768,0.923760213821442
"Orangeburg County","vap_oth_b","atg_18_rep_wil",0.214704816138175,0.0837119642218044,0.0762397861785576,0.395984831796232
"Orangeburg County","vap_white","sos_18_dem_whi",0.219582026480111,0.0174676014212177,0.188645574883412,0.256738712033453
"Orangeburg County","vap_white","sos_18_rep_ham",0.780417973519889,0.0174676014212177,0.743261287966547,0.811354425116588
"Orangeburg County","vap_black","sos_18_dem_whi",0.974794567598135,0.007739467354921,0.957312200840742,0.98749566453875
"Orangeburg County","vap_black","sos_18_rep_ham",0.0252054324018651,0.007739467354921,0.01250433546125,0.0426877991592578
"Orangeburg County","vap_hisp","sos_18_dem_whi",0.710522096553193,0.124558737589096,0.425617233040251,0.898244530181155
"Orangeburg County","vap_hisp","sos_18_rep_ham",0.289477903446807,0.124558737589096,0.101755469818845,0.574382766959749
"Orangeburg County","vap_asian","sos_18_dem_whi",0.525119057862052,0.155138728223059,0.215105806310012,0.804773389203807
"Orangeburg County","vap_asian","sos_18_rep_ham",0.474880942137948,0.155138728223059,0.195226610796192,0.784894193689988
"Orangeburg County","vap_aian","sos_18_dem_whi",0.579058465796753,0.155795499991389,0.268638622482347,0.849250237285666
"Orangeburg County","vap_aian","sos_18_rep_ham",0.420941534203247,0.155795499991389,0.150749762714334,0.731361377517653
"Orangeburg County","vap_oth_b","sos_18_dem_whi",0.786844950012437,0.099991509658917,0.541243344793664,0.930525218289255
"Orangeburg County","vap_oth_b","sos_18_rep_ham",0.213155049987563,0.099991509658917,0.0694747817107454,0.458756655206336
"Orangeburg County","vap_white","pre_20_rep_tru",0.832353139476158,0.0151613648939549,0.801384885400034,0.861024001982055
"Orangeburg County","vap_white","pre_20_dem_bid",0.167646860523842,0.0151613648939549,0.138975998017945,0.198615114599966
"Orangeburg County","vap_black","pre_20_rep_tru",0.0187394026861014,0.00548468811441344,0.00973375545484087,0.0307823511520038
"Orangeburg County","vap_black","pre_20_dem_bid",0.981260597313899,0.00548468811441344,0.969217648847996,0.990266244545159
"Orangeburg County","vap_hisp","pre_20_rep_tru",0.272096362533928,0.111131613972021,0.0821069658686856,0.507612514263211
"Orangeburg County","vap_hisp","pre_20_dem_bid",0.727903637466072,0.111131613972021,0.492387485736789,0.917893034131314
"Orangeburg County","vap_asian","pre_20_rep_tru",0.335312548475877,0.166760699610499,0.0708201287348097,0.704352623378494
"Orangeburg County","vap_asian","pre_20_dem_bid",0.664687451524123,0.166760699610499,0.295647376621505,0.92917987126519
"Orangeburg County","vap_aian","pre_20_rep_tru",0.460053728794085,0.165708817218926,0.180430575172835,0.81154993919192
"Orangeburg County","vap_aian","pre_20_dem_bid",0.539946271205915,0.165708817218926,0.18845006080808,0.819569424827165
"Orangeburg County","vap_oth_b","pre_20_rep_tru",0.273143100081187,0.105586463416133,0.101130678370395,0.510310598123698
"Orangeburg County","vap_oth_b","pre_20_dem_bid",0.726856899918813,0.105586463416133,0.489689401876302,0.898869321629605
"Orangeburg County","vap_white","uss_20_rep_gra",0.80817873094983,0.0147139562208312,0.778204294829059,0.835327036189379
"Orangeburg County","vap_white","uss_20_dem_har",0.19182126905017,0.0147139562208312,0.164672963810621,0.221795705170941
"Orangeburg County","vap_black","uss_20_rep_gra",0.0197890331275016,0.00569637896597552,0.0100031141858318,0.0326020697406278
"Orangeburg County","vap_black","uss_20_dem_har",0.980210966872498,0.00569637896597552,0.967397930259372,0.989996885814168
"Orangeburg County","vap_hisp","uss_20_rep_gra",0.251146900422385,0.107924184465369,0.0898779578631736,0.504356394428249
"Orangeburg County","vap_hisp","uss_20_dem_har",0.748853099577615,0.107924184465369,0.495643605571751,0.910122042136826
"Orangeburg County","vap_asian","uss_20_rep_gra",0.395784503975274,0.157545157634351,0.132962837831725,0.722959532035145
"Orangeburg County","vap_asian","uss_20_dem_har",0.604215496024726,0.157545157634351,0.277040467964855,0.867037162168275
"Orangeburg County","vap_aian","uss_20_rep_gra",0.424187739193566,0.154883353140338,0.146624778024226,0.736965368058245
"Orangeburg County","vap_aian","uss_20_dem_har",0.575812260806434,0.154883353140338,0.263034631941755,0.853375221975774
"Orangeburg County","vap_oth_b","uss_20_rep_gra",0.202918022336747,0.0913703813793324,0.0757077031589685,0.444651633664577
"Orangeburg County","vap_oth_b","uss_20_dem_har",0.797081977663253,0.0913703813793324,0.555348366335423,0.924292296841031
"Pickens County","vap_white","pre_16_dem_cli",0.137137680914261,0.0110380946446808,0.118211066331664,0.161004914313775
"Pickens County","vap_white","pre_16_rep_tru",0.862862319085739,0.0110380946446808,0.838995085686225,0.881788933668336
"Pickens County","vap_black","pre_16_dem_cli",0.827516119768012,0.0777960050509686,0.622426800382067,0.931943444917445
"Pickens County","vap_black","pre_16_rep_tru",0.172483880231988,0.0777960050509686,0.0680565550825551,0.377573199617933
"Pickens County","vap_hisp","pre_16_dem_cli",0.715784879916451,0.118961582913167,0.429425083091174,0.894563907151893
"Pickens County","vap_hisp","pre_16_rep_tru",0.284215120083549,0.118961582913167,0.105436092848107,0.570574916908825
"Pickens County","vap_asian","pre_16_dem_cli",0.704215102275491,0.149741597078018,0.334551581248117,0.915451928808903
"Pickens County","vap_asian","pre_16_rep_tru",0.295784897724509,0.149741597078018,0.0845480711910967,0.665448418751883
"Pickens County","vap_aian","pre_16_dem_cli",0.492438036474635,0.168610719874758,0.193940703907748,0.825936069148166
"Pickens County","vap_aian","pre_16_rep_tru",0.507561963525365,0.168610719874758,0.174063930851834,0.806059296092252
"Pickens County","vap_oth_b","pre_16_dem_cli",0.682364131568197,0.134135011108049,0.371273098934392,0.883936416885654
"Pickens County","vap_oth_b","pre_16_rep_tru",0.317635868431803,0.134135011108049,0.116063583114347,0.628726901065608
"Pickens County","vap_white","uss_16_dem_dix",0.0886609000512749,0.01005871763437,0.0708969519523396,0.109982151995078
"Pickens County","vap_white","uss_16_rep_sco",0.911339099948725,0.01005871763437,0.890017848004921,0.92910304804766
"Pickens County","vap_black","uss_16_dem_dix",0.850449799173116,0.057249002004306,0.722161765018574,0.939155460427697
"Pickens County","vap_black","uss_16_rep_sco",0.149550200826884,0.057249002004306,0.0608445395723028,0.277838234981426
"Pickens County","vap_hisp","uss_16_dem_dix",0.756955875446968,0.106772624849384,0.491438971077874,0.915674289372587
"Pickens County","vap_hisp","uss_16_rep_sco",0.243044124553032,0.106772624849384,0.0843257106274127,0.508561028922126
"Pickens County","vap_asian","uss_16_dem_dix",0.70658591941904,0.141250320595929,0.351862017329807,0.904326230776962
"Pickens County","vap_asian","uss_16_rep_sco",0.29341408058096,0.141250320595929,0.0956737692230377,0.648137982670193
"Pickens County","vap_aian","uss_16_dem_dix",0.507003123595584,0.166823607361694,0.189732658070401,0.814252125290281
"Pickens County","vap_aian","uss_16_rep_sco",0.492996876404416,0.166823607361694,0.185747874709719,0.810267341929599
"Pickens County","vap_oth_b","uss_16_dem_dix",0.707257276173795,0.141897089191862,0.358079210808708,0.904181408355304
"Pickens County","vap_oth_b","uss_16_rep_sco",0.292742723826205,0.141897089191862,0.0958185916446963,0.641920789191292
"Pickens County","vap_white","gov_18_dem_smi",0.195394819352487,0.0127048138019101,0.172899387735221,0.222310917227156
"Pickens County","vap_white","gov_18_rep_mcm",0.804605180647513,0.0127048138019101,0.777689082772844,0.827100612264778
"Pickens County","vap_black","gov_18_dem_smi",0.812301502730703,0.0930614360105614,0.576304394060081,0.943402851867459
"Pickens County","vap_black","gov_18_rep_mcm",0.187698497269297,0.0930614360105614,0.0565971481325413,0.423695605939918
"Pickens County","vap_hisp","gov_18_dem_smi",0.693409650760061,0.123606253648494,0.425045226364497,0.893773268318538
"Pickens County","vap_hisp","gov_18_rep_mcm",0.306590349239939,0.123606253648494,0.106226731681462,0.574954773635503
"Pickens County","vap_asian","gov_18_dem_smi",0.7133347638185,0.137799643748238,0.39414582889252,0.925638205144682
"Pickens County","vap_asian","gov_18_rep_mcm",0.2866652361815,0.137799643748238,0.0743617948553183,0.60585417110748
"Pickens County","vap_aian","gov_18_dem_smi",0.485043498692879,0.176909877822027,0.159666686527887,0.814887980119015
"Pickens County","vap_aian","gov_18_rep_mcm",0.514956501307121,0.176909877822027,0.185112019880985,0.840333313472113
"Pickens County","vap_oth_b","gov_18_dem_smi",0.599682943009907,0.157019255442604,0.265643092701797,0.850797533991588
"Pickens County","vap_oth_b","gov_18_rep_mcm",0.400317056990093,0.157019255442604,0.149202466008413,0.734356907298203
"Pickens County","vap_white","atg_18_dem_ana",0.148644920848995,0.0110784934269435,0.129711563861349,0.174447688085196
"Pickens County","vap_white","atg_18_rep_wil",0.851355079151005,0.0110784934269435,0.825552311914804,0.87028843613865
"Pickens County","vap_black","atg_18_dem_ana",0.819660062799106,0.0766234720972587,0.644656756963697,0.931759329576527
"Pickens County","vap_black","atg_18_rep_wil",0.180339937200894,0.0766234720972587,0.0682406704234733,0.355343243036303
"Pickens County","vap_hisp","atg_18_dem_ana",0.713710698912698,0.117449164818866,0.417571054432741,0.88827838554994
"Pickens County","vap_hisp","atg_18_rep_wil",0.286289301087302,0.117449164818866,0.11172161445006,0.582428945567259
"Pickens County","vap_asian","atg_18_dem_ana",0.728391214306994,0.124353805452467,0.443564686174897,0.914826290712841
"Pickens County","vap_asian","atg_18_rep_wil",0.271608785693006,0.124353805452467,0.0851737092871593,0.556435313825103
"Pickens County","vap_aian","atg_18_dem_ana",0.539209156377295,0.162927832160984,0.209346165258477,0.820724879883223
"Pickens County","vap_aian","atg_18_rep_wil",0.460790843622705,0.162927832160984,0.179275120116777,0.790653834741523
"Pickens County","vap_oth_b","atg_18_dem_ana",0.686003566140746,0.126925946955111,0.399691336346247,0.880630817531244
"Pickens County","vap_oth_b","atg_18_rep_wil",0.313996433859254,0.126925946955111,0.119369182468756,0.600308663653753
"Pickens County","vap_white","sos_18_dem_whi",0.147804253833213,0.0113045514647996,0.129195021807907,0.172370205617652
"Pickens County","vap_white","sos_18_rep_ham",0.852195746166787,0.0113045514647996,0.827629794382348,0.870804978192093
"Pickens County","vap_black","sos_18_dem_whi",0.867588044661354,0.0818360255238192,0.631299548520398,0.959434297896299
"Pickens County","vap_black","sos_18_rep_ham",0.132411955338646,0.0818360255238192,0.0405657021037014,0.368700451479602
"Pickens County","vap_hisp","sos_18_dem_whi",0.719850942113876,0.122627323070934,0.420763839488459,0.904681832410849
"Pickens County","vap_hisp","sos_18_rep_ham",0.280149057886124,0.122627323070934,0.0953181675891514,0.579236160511541
"Pickens County","vap_asian","sos_18_dem_whi",0.734325122313369,0.120082507163948,0.459445416611244,0.915688441399969
"Pickens County","vap_asian","sos_18_rep_ham",0.265674877686632,0.120082507163948,0.0843115586000314,0.540554583388756
"Pickens County","vap_aian","sos_18_dem_whi",0.514043710975583,0.171334459474498,0.190352919746974,0.831706791656925
"Pickens County","vap_aian","sos_18_rep_ham",0.485956289024417,0.171334459474498,0.168293208343075,0.809647080253025
"Pickens County","vap_oth_b","sos_18_dem_whi",0.648667570738324,0.137165678253071,0.367554508310497,0.883717462200298
"Pickens County","vap_oth_b","sos_18_rep_ham",0.351332429261676,0.137165678253071,0.116282537799702,0.632445491689503
"Pickens County","vap_white","pre_20_rep_tru",0.839764615658291,0.010740475521084,0.818366262106749,0.858851395410971
"Pickens County","vap_white","pre_20_dem_bid",0.160235384341709,0.010740475521084,0.141148604589029,0.181633737893251
"Pickens County","vap_black","pre_20_rep_tru",0.171193228391788,0.0760339974055046,0.0598359821524766,0.352437919434577
"Pickens County","vap_black","pre_20_dem_bid",0.828806771608212,0.0760339974055046,0.647562080565423,0.940164017847523
"Pickens County","vap_hisp","pre_20_rep_tru",0.284334495604272,0.124619631449279,0.0986433023743472,0.557937380522338
"Pickens County","vap_hisp","pre_20_dem_bid",0.715665504395728,0.124619631449279,0.442062619477662,0.901356697625653
"Pickens County","vap_asian","pre_20_rep_tru",0.222757597857149,0.131746098778411,0.0412537145611695,0.525404681816517
"Pickens County","vap_asian","pre_20_dem_bid",0.777242402142851,0.131746098778411,0.474595318183483,0.95874628543883
"Pickens County","vap_aian","pre_20_rep_tru",0.474577474912755,0.17947677051935,0.152082248241129,0.837578754820027
"Pickens County","vap_aian","pre_20_dem_bid",0.525422525087245,0.17947677051935,0.162421245179973,0.847917751758871
"Pickens County","vap_oth_b","pre_20_rep_tru",0.36467605618934,0.145927687580087,0.130898587181598,0.672643445003923
"Pickens County","vap_oth_b","pre_20_dem_bid",0.63532394381066,0.145927687580087,0.327356554996077,0.869101412818402
"Pickens County","vap_white","uss_20_rep_gra",0.834116606337294,0.0115409943850834,0.808114385188935,0.85381818976321
"Pickens County","vap_white","uss_20_dem_har",0.165883393662706,0.0115409943850834,0.14618181023679,0.191885614811065
"Pickens County","vap_black","uss_20_rep_gra",0.167676734366728,0.0725646417579173,0.0617290569840221,0.335304787762663
"Pickens County","vap_black","uss_20_dem_har",0.832323265633272,0.0725646417579173,0.664695212237337,0.938270943015978
"Pickens County","vap_hisp","uss_20_rep_gra",0.265957045732043,0.117040428976763,0.0916594477744401,0.543670714870133
"Pickens County","vap_hisp","uss_20_dem_har",0.734042954267957,0.117040428976763,0.456329285129867,0.90834055222556
"Pickens County","vap_asian","uss_20_rep_gra",0.242151734220219,0.115497143162155,0.0708759388782628,0.504524688691062
"Pickens County","vap_asian","uss_20_dem_har",0.757848265779781,0.115497143162155,0.495475311308938,0.929124061121737
"Pickens County","vap_aian","uss_20_rep_gra",0.510499891521464,0.179172946009469,0.180793983755734,0.856691198433791
"Pickens County","vap_aian","uss_20_dem_har",0.489500108478536,0.179172946009469,0.143308801566208,0.819206016244266
"Pickens County","vap_oth_b","uss_20_rep_gra",0.332906322417405,0.153062701711714,0.0956486970906273,0.682293933752563
"Pickens County","vap_oth_b","uss_20_dem_har",0.667093677582595,0.153062701711714,0.317706066247437,0.904351302909373
"Richland County","vap_white","pre_16_dem_cli",0.356778846161835,0.0103591356743662,0.338696184119534,0.378388185723658
"Richland County","vap_white","pre_16_rep_tru",0.643221153838165,0.0103591356743662,0.621611814276342,0.661303815880466
"Richland County","vap_black","pre_16_dem_cli",0.974910833609077,0.0061990708584086,0.960853771746952,0.985050725883085
"Richland County","vap_black","pre_16_rep_tru",0.025089166390923,0.0061990708584086,0.0149492741169153,0.0391462282530479
"Richland County","vap_hisp","pre_16_dem_cli",0.864020148646929,0.0415385455680354,0.763611366184695,0.92983146440414
"Richland County","vap_hisp","pre_16_rep_tru",0.135979851353071,0.0415385455680354,0.0701685355958602,0.236388633815305
"Richland County","vap_asian","pre_16_dem_cli",0.723292041160323,0.115161083921281,0.463790145133023,0.897186406383799
"Richland County","vap_asian","pre_16_rep_tru",0.276707958839677,0.115161083921281,0.102813593616201,0.536209854866977
"Richland County","vap_aian","pre_16_dem_cli",0.606605611604355,0.140999992952584,0.315031359837452,0.839562039859033
"Richland County","vap_aian","pre_16_rep_tru",0.393394388395645,0.140999992952584,0.160437960140967,0.684968640162548
"Richland County","vap_oth_b","pre_16_dem_cli",0.858186923649217,0.0512450619970606,0.736661690844108,0.931540103774102
"Richland County","vap_oth_b","pre_16_rep_tru",0.141813076350782,0.0512450619970606,0.0684598962258979,0.263338309155892
"Richland County","vap_white","uss_16_dem_dix",0.221202984471886,0.00974882613149825,0.203132303657026,0.241729455116095
"Richland County","vap_white","uss_16_rep_sco",0.778797015528114,0.00974882613149825,0.758270544883905,0.796867696342974
"Richland County","vap_black","uss_16_dem_dix",0.963196830629423,0.00601858764464935,0.95026374874527,0.973649181603836
"Richland County","vap_black","uss_16_rep_sco",0.0368031693705766,0.00601858764464935,0.0263508183961635,0.0497362512547301
"Richland County","vap_hisp","uss_16_dem_dix",0.764419004749935,0.0891712942877309,0.550594234281349,0.901707793657405
"Richland County","vap_hisp","uss_16_rep_sco",0.235580995250065,0.0891712942877309,0.098292206342595,0.449405765718651
"Richland County","vap_asian","uss_16_dem_dix",0.564282849309191,0.123888966134876,0.312411042672734,0.791760806491291
"Richland County","vap_asian","uss_16_rep_sco",0.435717150690809,0.123888966134876,0.208239193508709,0.687588957327266
"Richland County","vap_aian","uss_16_dem_dix",0.544688716253223,0.156561880389877,0.233856581966652,0.818331587800406
"Richland County","vap_aian","uss_16_rep_sco",0.455311283746777,0.156561880389877,0.181668412199593,0.766143418033348
"Richland County","vap_oth_b","uss_16_dem_dix",0.659120614951104,0.118315329082547,0.401618224739935,0.861746322214704
"Richland County","vap_oth_b","uss_16_rep_sco",0.340879385048896,0.118315329082547,0.138253677785296,0.598381775260065
"Richland County","vap_white","gov_18_dem_smi",0.443836399435239,0.0105516924635224,0.425317927405984,0.466080125885224
"Richland County","vap_white","gov_18_rep_mcm",0.556163600564762,0.0105516924635224,0.533919874114776,0.574682072594016
"Richland County","vap_black","gov_18_dem_smi",0.977996058736551,0.00494944773620413,0.967443555532754,0.986476615532784
"Richland County","vap_black","gov_18_rep_mcm",0.0220039412634492,0.00494944773620413,0.0135233844672159,0.0325564444672455
"Richland County","vap_hisp","gov_18_dem_smi",0.870979480506276,0.0526106870396248,0.743180753980021,0.948601840358455
"Richland County","vap_hisp","gov_18_rep_mcm",0.129020519493724,0.0526106870396248,0.0513981596415452,0.256819246019979
"Richland County","vap_asian","gov_18_dem_smi",0.718418204561632,0.112239735553302,0.454575617952812,0.889996151264276
"Richland County","vap_asian","gov_18_rep_mcm",0.281581795438368,0.112239735553302,0.110003848735724,0.545424382047188
"Richland County","vap_aian","gov_18_dem_smi",0.543745800515853,0.159139104995002,0.235486622826114,0.825177417263504
"Richland County","vap_aian","gov_18_rep_mcm",0.456254199484147,0.159139104995002,0.174822582736496,0.764513377173885
"Richland County","vap_oth_b","gov_18_dem_smi",0.82860975608211,0.0690859431320307,0.673595113542199,0.92860279362083
"Richland County","vap_oth_b","gov_18_rep_mcm",0.171390243917889,0.0690859431320307,0.0713972063791702,0.3264048864578
"Richland County","vap_white","atg_18_dem_ana",0.382907931216993,0.010572456415956,0.36369280209921,0.407611369829154
"Richland County","vap_white","atg_18_rep_wil",0.617092068783007,0.010572456415956,0.592388630170846,0.63630719790079
"Richland County","vap_black","atg_18_dem_ana",0.977673825845013,0.00541341720596347,0.965543511537825,0.98649104105379
"Richland County","vap_black","atg_18_rep_wil",0.0223261741549866,0.00541341720596347,0.0135089589462097,0.0344564884621746
"Richland County","vap_hisp","atg_18_dem_ana",0.872889058069438,0.0401994557661332,0.77783668792848,0.934135554446661
"Richland County","vap_hisp","atg_18_rep_wil",0.127110941930562,0.0401994557661332,0.0658644455533387,0.22216331207152
"Richland County","vap_asian","atg_18_dem_ana",0.723153639333376,0.114987220963752,0.452433418410717,0.907396904190925
"Richland County","vap_asian","atg_18_rep_wil",0.276846360666624,0.114987220963752,0.092603095809075,0.547566581589283
"Richland County","vap_aian","atg_18_dem_ana",0.577936017821936,0.178853152565304,0.234725464109976,0.863389917047591
"Richland County","vap_aian","atg_18_rep_wil",0.422063982178064,0.178853152565304,0.136610082952409,0.765274535890024
"Richland County","vap_oth_b","atg_18_dem_ana",0.852778267485023,0.0478648512032473,0.735634487646356,0.925265856306332
"Richland County","vap_oth_b","atg_18_rep_wil",0.147221732514976,0.0478648512032473,0.0747341436936675,0.264365512353644
"Richland County","vap_white","sos_18_dem_whi",0.331293050379786,0.0090322369996956,0.315993916733044,0.351553919786478
"Richland County","vap_white","sos_18_rep_ham",0.668706949620214,0.0090322369996956,0.648446080213522,0.684006083266956
"Richland County","vap_black","sos_18_dem_whi",0.978776447484438,0.00459937186798508,0.968982049059942,0.98680276008968
"Richland County","vap_black","sos_18_rep_ham",0.0212235525155618,0.00459937186798508,0.0131972399103197,0.0310179509400577
"Richland County","vap_hisp","sos_18_dem_whi",0.879465413137479,0.0458705157714275,0.777995933832264,0.944553945067273
"Richland County","vap_hisp","sos_18_rep_ham",0.120534586862521,0.0458705157714275,0.0554460549327269,0.222004066167736
"Richland County","vap_asian","sos_18_dem_whi",0.760044330065162,0.0993103184830673,0.52278354090285,0.901102590427484
"Richland County","vap_asian","sos_18_rep_ham",0.239955669934838,0.0993103184830673,0.0988974095725155,0.47721645909715
"Richland County","vap_aian","sos_18_dem_whi",0.491698255425629,0.174881337734566,0.169053087952306,0.819867002262218
"Richland County","vap_aian","sos_18_rep_ham",0.50830174457437,0.174881337734566,0.180132997737782,0.830946912047694
"Richland County","vap_oth_b","sos_18_dem_whi",0.83420250349015,0.0512936553313527,0.719145551760618,0.919896724223538
"Richland County","vap_oth_b","sos_18_rep_ham",0.16579749650985,0.0512936553313527,0.0801032757764624,0.280854448239382
"Richland County","vap_white","pre_20_rep_tru",0.581153618662695,0.0101084496023845,0.559818986135584,0.59820967274895
"Richland County","vap_white","pre_20_dem_bid",0.418846381337305,0.0101084496023845,0.40179032725105,0.440181013864416
"Richland County","vap_black","pre_20_rep_tru",0.0209266108148752,0.00462989256698882,0.0130278536943164,0.0308668615831521
"Richland County","vap_black","pre_20_dem_bid",0.979073389185125,0.00462989256698882,0.969133138416848,0.986972146305684
"Richland County","vap_hisp","pre_20_rep_tru",0.146180101168311,0.0475579496864528,0.0725905366143819,0.256927997899898
"Richland County","vap_hisp","pre_20_dem_bid",0.853819898831689,0.0475579496864528,0.743072002100102,0.927409463385618
"Richland County","vap_asian","pre_20_rep_tru",0.282599856397085,0.103674889814844,0.11158163715616,0.500686219152478
"Richland County","vap_asian","pre_20_dem_bid",0.717400143602915,0.103674889814844,0.499313780847522,0.888418362843839
"Richland County","vap_aian","pre_20_rep_tru",0.464574318964983,0.152902458078564,0.203049497026498,0.762718753889066
"Richland County","vap_aian","pre_20_dem_bid",0.535425681035017,0.152902458078564,0.237281246110934,0.796950502973501
"Richland County","vap_oth_b","pre_20_rep_tru",0.178095133457118,0.0599084222639417,0.082246280627866,0.310071468478952
"Richland County","vap_oth_b","pre_20_dem_bid",0.821904866542882,0.0599084222639417,0.689928531521048,0.917753719372134
"Richland County","vap_white","uss_20_rep_gra",0.594461310085829,0.00972452511117227,0.573642011700322,0.6115739978637
"Richland County","vap_white","uss_20_dem_har",0.405538689914171,0.00972452511117227,0.3884260021363,0.426357988299678
"Richland County","vap_black","uss_20_rep_gra",0.0195572328090509,0.00509456671021474,0.0113283440392498,0.0319319731145663
"Richland County","vap_black","uss_20_dem_har",0.980442767190949,0.00509456671021474,0.968068026885434,0.98867165596075
"Richland County","vap_hisp","uss_20_rep_gra",0.112540830811319,0.0399680757972053,0.0527525377232117,0.208297225696467
"Richland County","vap_hisp","uss_20_dem_har",0.887459169188681,0.0399680757972053,0.791702774303533,0.947247462276788
"Richland County","vap_asian","uss_20_rep_gra",0.211002165106565,0.0949062951011766,0.0729242621696215,0.4271570710131
"Richland County","vap_asian","uss_20_dem_har",0.788997834893435,0.0949062951011766,0.5728429289869,0.927075737830379
"Richland County","vap_aian","uss_20_rep_gra",0.443932548950495,0.165741801050957,0.160373116120935,0.772889500231953
"Richland County","vap_aian","uss_20_dem_har",0.556067451049505,0.165741801050957,0.227110499768047,0.839626883879065
"Richland County","vap_oth_b","uss_20_rep_gra",0.127987104435344,0.0449760627594108,0.0596654866824797,0.233457288480854
"Richland County","vap_oth_b","uss_20_dem_har",0.872012895564656,0.0449760627594108,0.766542711519146,0.94033451331752
"Saluda County","vap_white","pre_16_dem_cli",0.100266496614356,0.0238607970582944,0.0616080589852101,0.154607860711946
"Saluda County","vap_white","pre_16_rep_tru",0.899733503385644,0.0238607970582944,0.845392139288054,0.93839194101479
"Saluda County","vap_black","pre_16_dem_cli",0.867089145238845,0.0668192604899923,0.7089801040865,0.966322425518802
"Saluda County","vap_black","pre_16_rep_tru",0.132910854761155,0.0668192604899923,0.0336775744811975,0.2910198959135
"Saluda County","vap_hisp","pre_16_dem_cli",0.647829182011723,0.123562754488428,0.38794095117366,0.880733215325964
"Saluda County","vap_hisp","pre_16_rep_tru",0.352170817988277,0.123562754488428,0.119266784674036,0.61205904882634
"Saluda County","vap_asian","pre_16_dem_cli",0.508630643996813,0.178258278466194,0.174422526629508,0.849178047107735
"Saluda County","vap_asian","pre_16_rep_tru",0.491369356003187,0.178258278466194,0.150821952892265,0.825577473370492
"Saluda County","vap_aian","pre_16_dem_cli",0.502938634602122,0.174845182531073,0.166990038000498,0.822070519951734
"Saluda County","vap_aian","pre_16_rep_tru",0.497061365397878,0.174845182531073,0.177929480048266,0.833009961999502
"Saluda County","vap_oth_b","pre_16_dem_cli",0.529424957017735,0.16682102058287,0.205715233646943,0.83019556789957
"Saluda County","vap_oth_b","pre_16_rep_tru",0.470575042982265,0.16682102058287,0.16980443210043,0.794284766353057
"Saluda County","vap_white","uss_16_dem_dix",0.103691632715805,0.0235647970058663,0.0628152910926034,0.152282662431275
"Saluda County","vap_white","uss_16_rep_sco",0.896308367284195,0.0235647970058663,0.847717337568725,0.937184708907397
"Saluda County","vap_black","uss_16_dem_dix",0.869718577676197,0.0675378475196656,0.711641181789706,0.967386354320377
"Saluda County","vap_black","uss_16_rep_sco",0.130281422323803,0.0675378475196656,0.0326136456796232,0.288358818210293
"Saluda County","vap_hisp","uss_16_dem_dix",0.603191832458636,0.121959092701382,0.363725860983735,0.841886723096411
"Saluda County","vap_hisp","uss_16_rep_sco",0.396808167541364,0.121959092701382,0.158113276903589,0.636274139016265
"Saluda County","vap_asian","uss_16_dem_dix",0.511857746784819,0.184072956932308,0.169841613590614,0.86981004136901
"Saluda County","vap_asian","uss_16_rep_sco",0.488142253215181,0.184072956932308,0.13018995863099,0.830158386409386
"Saluda County","vap_aian","uss_16_dem_dix",0.490271740565593,0.175998610580358,0.162956405613852,0.831300452871066
"Saluda County","vap_aian","uss_16_rep_sco",0.509728259434407,0.175998610580358,0.168699547128934,0.837043594386148
"Saluda County","vap_oth_b","uss_16_dem_dix",0.557998132564307,0.174669324765585,0.205269105159163,0.869533796752832
"Saluda County","vap_oth_b","uss_16_rep_sco",0.442001867435693,0.174669324765585,0.130466203247168,0.794730894840837
"Saluda County","vap_white","gov_18_dem_smi",0.136501942089842,0.0285235982983946,0.0888397805192524,0.200535935829155
"Saluda County","vap_white","gov_18_rep_mcm",0.863498057910158,0.0285235982983946,0.799464064170845,0.911160219480748
"Saluda County","vap_black","gov_18_dem_smi",0.858875297955402,0.0736919976711897,0.685711553872101,0.968025388723935
"Saluda County","vap_black","gov_18_rep_mcm",0.141124702044598,0.0736919976711897,0.0319746112760648,0.314288446127899
"Saluda County","vap_hisp","gov_18_dem_smi",0.590413735908065,0.148548438812484,0.250175995828351,0.862784454099159
"Saluda County","vap_hisp","gov_18_rep_mcm",0.409586264091935,0.148548438812484,0.137215545900841,0.749824004171649
"Saluda County","vap_asian","gov_18_dem_smi",0.508803597680879,0.181860894029426,0.162553978114253,0.860102499523285
"Saluda County","vap_asian","gov_18_rep_mcm",0.49119640231912,0.181860894029426,0.139897500476715,0.837446021885747
"Saluda County","vap_aian","gov_18_dem_smi",0.513597739303982,0.181539350151855,0.161028621700755,0.844932481729967
"Saluda County","vap_aian","gov_18_rep_mcm",0.486402260696018,0.181539350151855,0.155067518270033,0.838971378299245
"Saluda County","vap_oth_b","gov_18_dem_smi",0.529569389243948,0.181217151082267,0.191744016404762,0.861638982407115
"Saluda County","vap_oth_b","gov_18_rep_mcm",0.470430610756052,0.181217151082267,0.138361017592884,0.808255983595238
"Saluda County","vap_white","atg_18_dem_ana",0.106215094714927,0.0254762623402966,0.0631754318559096,0.163880886106116
"Saluda County","vap_white","atg_18_rep_wil",0.893784905285073,0.0254762623402966,0.836119113893884,0.93682456814409
"Saluda County","vap_black","atg_18_dem_ana",0.8607526065225,0.0725877558085195,0.684365832665887,0.963752202785868
"Saluda County","vap_black","atg_18_rep_wil",0.1392473934775,0.0725877558085195,0.0362477972141319,0.315634167334113
"Saluda County","vap_hisp","atg_18_dem_ana",0.61871825941634,0.120929157013746,0.368609450763843,0.840261334307592
"Saluda County","vap_hisp","atg_18_rep_wil",0.38128174058366,0.120929157013746,0.159738665692408,0.631390549236157
"Saluda County","vap_asian","atg_18_dem_ana",0.504437817208032,0.1860726748789,0.139708300253005,0.850943759982805
"Saluda County","vap_asian","atg_18_rep_wil",0.495562182791968,0.1860726748789,0.149056240017194,0.860291699746995
"Saluda County","vap_aian","atg_18_dem_ana",0.521594513821566,0.182748818168151,0.184335561809482,0.860081986028156
"Saluda County","vap_aian","atg_18_rep_wil",0.478405486178434,0.182748818168151,0.139918013971843,0.815664438190518
"Saluda County","vap_oth_b","atg_18_dem_ana",0.535733175991838,0.168056733899256,0.199589588808877,0.848196572655793
"Saluda County","vap_oth_b","atg_18_rep_wil",0.464266824008162,0.168056733899256,0.151803427344207,0.800410411191123
"Saluda County","vap_white","sos_18_dem_whi",0.0763337833320659,0.0217261215669694,0.0428574274519021,0.12654015509987
"Saluda County","vap_white","sos_18_rep_ham",0.923666216667934,0.0217261215669694,0.87345984490013,0.957142572548098
"Saluda County","vap_black","sos_18_dem_whi",0.894577193202,0.063861057365548,0.741115404625173,0.98395079500605
"Saluda County","vap_black","sos_18_rep_ham",0.105422806798,0.063861057365548,0.0160492049939498,0.258884595374827
"Saluda County","vap_hisp","sos_18_dem_whi",0.567130344978121,0.115994633931702,0.332448575376654,0.786306987632077
"Saluda County","vap_hisp","sos_18_rep_ham",0.432869655021879,0.115994633931702,0.213693012367923,0.667551424623346
"Saluda County","vap_asian","sos_18_dem_whi",0.500353266028024,0.186372136748177,0.141440678088097,0.852473964065889
"Saluda County","vap_asian","sos_18_rep_ham",0.499646733971976,0.186372136748177,0.147526035934111,0.858559321911903
"Saluda County","vap_aian","sos_18_dem_whi",0.51372475585641,0.175127925299115,0.188874019015331,0.84726574850725
"Saluda County","vap_aian","sos_18_rep_ham",0.486275244143589,0.175127925299115,0.15273425149275,0.81112598098467
"Saluda County","vap_oth_b","sos_18_dem_whi",0.543087973937581,0.168369142622323,0.211741326536822,0.845152501496077
"Saluda County","vap_oth_b","sos_18_rep_ham",0.456912026062419,0.168369142622323,0.154847498503923,0.788258673463178
"Saluda County","vap_white","pre_20_rep_tru",0.909579924583704,0.0230571626715387,0.857376272275307,0.948059832488295
"Saluda County","vap_white","pre_20_dem_bid",0.0904200754162964,0.0230571626715387,0.0519401675117052,0.142623727724693
"Saluda County","vap_black","pre_20_rep_tru",0.124484616467372,0.0641723505543055,0.0341759232457214,0.281910475938865
"Saluda County","vap_black","pre_20_dem_bid",0.875515383532628,0.0641723505543055,0.718089524061135,0.965824076754278
"Saluda County","vap_hisp","pre_20_rep_tru",0.37129013702082,0.117892012047476,0.158342516956985,0.615895589638176
"Saluda County","vap_hisp","pre_20_dem_bid",0.62870986297918,0.117892012047476,0.384104410361824,0.841657483043015
"Saluda County","vap_asian","pre_20_rep_tru",0.501363195379374,0.190617877887418,0.139328537547538,0.850221159203331
"Saluda County","vap_asian","pre_20_dem_bid",0.498636804620626,0.190617877887418,0.149778840796669,0.860671462452462
"Saluda County","vap_aian","pre_20_rep_tru",0.501005110387475,0.179125506939156,0.169376764253278,0.834273646538879
"Saluda County","vap_aian","pre_20_dem_bid",0.498994889612525,0.179125506939156,0.165726353461121,0.830623235746722
"Saluda County","vap_oth_b","pre_20_rep_tru",0.463689801726653,0.177748383847465,0.152479879671429,0.821263140869643
"Saluda County","vap_oth_b","pre_20_dem_bid",0.536310198273347,0.177748383847465,0.178736859130357,0.847520120328571
"Saluda County","vap_white","uss_20_rep_gra",0.905216218491188,0.0226634845864395,0.856044660901154,0.942440623189869
"Saluda County","vap_white","uss_20_dem_har",0.0947837815088124,0.0226634845864395,0.0575593768101312,0.143955339098846
"Saluda County","vap_black","uss_20_rep_gra",0.117756931885569,0.0628938205874662,0.0260243010636996,0.267951628673834
"Saluda County","vap_black","uss_20_dem_har",0.882243068114431,0.0628938205874662,0.732048371326166,0.9739756989363
"Saluda County","vap_hisp","uss_20_rep_gra",0.32880513983668,0.120799053260574,0.101257732474373,0.58541939776686
"Saluda County","vap_hisp","uss_20_dem_har",0.67119486016332,0.120799053260574,0.41458060223314,0.898742267525627
"Saluda County","vap_asian","uss_20_rep_gra",0.492322495149123,0.177476493457091,0.156921756843293,0.826416452577142
"Saluda County","vap_asian","uss_20_dem_har",0.507677504850877,0.177476493457091,0.173583547422858,0.843078243156706
"Saluda County","vap_aian","uss_20_rep_gra",0.487400410580441,0.176506941853755,0.161118102439665,0.824116371715044
"Saluda County","vap_aian","uss_20_dem_har",0.512599589419559,0.176506941853755,0.175883628284956,0.838881897560335
"Saluda County","vap_oth_b","uss_20_rep_gra",0.468924660302753,0.172859745670759,0.153334718929041,0.797861355703081
"Saluda County","vap_oth_b","uss_20_dem_har",0.531075339697247,0.172859745670759,0.202138644296919,0.846665281070959
"Spartanburg County","vap_white","pre_16_dem_cli",0.125728697523403,0.00733500168935628,0.11300790207888,0.141435882962885
"Spartanburg County","vap_white","pre_16_rep_tru",0.874271302476597,0.00733500168935628,0.858564117037115,0.88699209792112
"Spartanburg County","vap_black","pre_16_dem_cli",0.948216310852452,0.013141632576293,0.918177399977348,0.970082515158849
"Spartanburg County","vap_black","pre_16_rep_tru",0.0517836891475482,0.013141632576293,0.0299174848411512,0.0818226000226516
"Spartanburg County","vap_hisp","pre_16_dem_cli",0.857822707570673,0.0474664320422717,0.747077115002966,0.931989758885491
"Spartanburg County","vap_hisp","pre_16_rep_tru",0.142177292429327,0.0474664320422717,0.0680102411145089,0.252922884997034
"Spartanburg County","vap_asian","pre_16_dem_cli",0.716498462623444,0.116183995092727,0.457285445980126,0.894438240318257
"Spartanburg County","vap_asian","pre_16_rep_tru",0.283501537376556,0.116183995092727,0.105561759681743,0.542714554019874
"Spartanburg County","vap_aian","pre_16_dem_cli",0.556917738395072,0.150005568683558,0.267221311458473,0.839009476449934
"Spartanburg County","vap_aian","pre_16_rep_tru",0.443082261604928,0.150005568683558,0.160990523550066,0.732778688541527
"Spartanburg County","vap_oth_b","pre_16_dem_cli",0.792500731661053,0.0904701828451778,0.583480308391314,0.928823936859638
"Spartanburg County","vap_oth_b","pre_16_rep_tru",0.207499268338947,0.0904701828451778,0.0711760631403621,0.416519691608686
"Spartanburg County","vap_white","uss_16_dem_dix",0.0836546494607722,0.00636784954661453,0.0721482029738497,0.0971471347936517
"Spartanburg County","vap_white","uss_16_rep_sco",0.916345350539228,0.00636784954661453,0.902852865206348,0.92785179702615
"Spartanburg County","vap_black","uss_16_dem_dix",0.938467399818312,0.0148091809497183,0.906444175037798,0.962876915984957
"Spartanburg County","vap_black","uss_16_rep_sco",0.061532600181688,0.0148091809497183,0.0371230840150433,0.0935558249622022
"Spartanburg County","vap_hisp","uss_16_dem_dix",0.815634838706943,0.0528622235877385,0.703986690898869,0.907807709972529
"Spartanburg County","vap_hisp","uss_16_rep_sco",0.184365161293057,0.0528622235877385,0.0921922900274705,0.296013309101131
"Spartanburg County","vap_asian","uss_16_dem_dix",0.561530630514587,0.132536221429478,0.306839541629177,0.801514272748098
"Spartanburg County","vap_asian","uss_16_rep_sco",0.438469369485413,0.132536221429478,0.198485727251902,0.693160458370823
"Spartanburg County","vap_aian","uss_16_dem_dix",0.50871074900577,0.16199740335865,0.200344982870053,0.813880380526235
"Spartanburg County","vap_aian","uss_16_rep_sco",0.49128925099423,0.16199740335865,0.186119619473765,0.799655017129946
"Spartanburg County","vap_oth_b","uss_16_dem_dix",0.778086875343953,0.096813758849705,0.542221260706395,0.916716183039812
"Spartanburg County","vap_oth_b","uss_16_rep_sco",0.221913124656047,0.096813758849705,0.0832838169601886,0.457778739293605
"Spartanburg County","vap_white","gov_18_dem_smi",0.182426653851771,0.0084190338723648,0.167248420496739,0.199494394474631
"Spartanburg County","vap_white","gov_18_rep_mcm",0.817573346148229,0.0084190338723648,0.800505605525369,0.832751579503261
"Spartanburg County","vap_black","gov_18_dem_smi",0.943372935212487,0.0160357611199241,0.904917770828571,0.968685460111436
"Spartanburg County","vap_black","gov_18_rep_mcm",0.0566270647875127,0.0160357611199241,0.0313145398885636,0.0950822291714292
"Spartanburg County","vap_hisp","gov_18_dem_smi",0.862717567433364,0.0447452934682729,0.762911321369566,0.933157567111006
"Spartanburg County","vap_hisp","gov_18_rep_mcm",0.137282432566636,0.0447452934682729,0.0668424328889943,0.237088678630434
"Spartanburg County","vap_asian","gov_18_dem_smi",0.716091649235766,0.114871933860015,0.460123030994179,0.896325296820491
"Spartanburg County","vap_asian","gov_18_rep_mcm",0.283908350764234,0.114871933860015,0.103674703179509,0.539876969005821
"Spartanburg County","vap_aian","gov_18_dem_smi",0.545917451363624,0.160800229998514,0.248485880700678,0.854872783960109
"Spartanburg County","vap_aian","gov_18_rep_mcm",0.454082548636376,0.160800229998514,0.145127216039891,0.751514119299322
"Spartanburg County","vap_oth_b","gov_18_dem_smi",0.783141208483679,0.085115227308754,0.589681429953671,0.907047616553264
"Spartanburg County","vap_oth_b","gov_18_rep_mcm",0.216858791516321,0.085115227308754,0.0929523834467357,0.410318570046329
"Spartanburg County","vap_white","atg_18_dem_ana",0.146961283382223,0.00841545568934784,0.132303205931943,0.165037678422165
"Spartanburg County","vap_white","atg_18_rep_wil",0.853038716617777,0.00841545568934784,0.834962321577835,0.867696794068057
"Spartanburg County","vap_black","atg_18_dem_ana",0.944790330295366,0.0137682974717951,0.912887084195258,0.967253950105566
"Spartanburg County","vap_black","atg_18_rep_wil",0.0552096697046337,0.0137682974717951,0.0327460498944338,0.0871129158047423
"Spartanburg County","vap_hisp","atg_18_dem_ana",0.861130935959818,0.0473105939509111,0.753865287510566,0.931588032045931
"Spartanburg County","vap_hisp","atg_18_rep_wil",0.138869064040182,0.0473105939509111,0.0684119679540691,0.246134712489434
"Spartanburg County","vap_asian","atg_18_dem_ana",0.721993470920984,0.102998532753886,0.490519383174232,0.882785549075352
"Spartanburg County","vap_asian","atg_18_rep_wil",0.278006529079016,0.102998532753886,0.117214450924648,0.509480616825768
"Spartanburg County","vap_aian","atg_18_dem_ana",0.523031580273414,0.156460258450418,0.219919264534215,0.810460653045396
"Spartanburg County","vap_aian","atg_18_rep_wil",0.476968419726586,0.156460258450418,0.189539346954604,0.780080735465785
"Spartanburg County","vap_oth_b","atg_18_dem_ana",0.778044404268112,0.0893421336133722,0.568867664574145,0.905059954602122
"Spartanburg County","vap_oth_b","atg_18_rep_wil",0.221955595731887,0.0893421336133722,0.0949400453978785,0.431132335425855
"Spartanburg County","vap_white","sos_18_dem_whi",0.129353841185063,0.00799104782609668,0.11467268388478,0.146826566647427
"Spartanburg County","vap_white","sos_18_rep_ham",0.870646158814937,0.00799104782609668,0.853173433352573,0.88532731611522
"Spartanburg County","vap_black","sos_18_dem_whi",0.944412084344724,0.0153598941381241,0.908749275455227,0.969003339903806
"Spartanburg County","vap_black","sos_18_rep_ham",0.0555879156552756,0.0153598941381241,0.0309966600961941,0.0912507245447735
"Spartanburg County","vap_hisp","sos_18_dem_whi",0.859711311398604,0.0477852410327118,0.7515001272917,0.935126264910137
"Spartanburg County","vap_hisp","sos_18_rep_ham",0.140288688601396,0.0477852410327118,0.0648737350898634,0.2484998727083
"Spartanburg County","vap_asian","sos_18_dem_whi",0.705047589369978,0.115263662064245,0.432183157589993,0.877352896364035
"Spartanburg County","vap_asian","sos_18_rep_ham",0.294952410630022,0.115263662064245,0.122647103635965,0.567816842410007
"Spartanburg County","vap_aian","sos_18_dem_whi",0.530631089332076,0.179357598749226,0.194347733106172,0.840781860375281
"Spartanburg County","vap_aian","sos_18_rep_ham",0.469368910667924,0.179357598749226,0.159218139624718,0.805652266893828
"Spartanburg County","vap_oth_b","sos_18_dem_whi",0.769802830643143,0.0844068605961114,0.591634707237604,0.909291040498279
"Spartanburg County","vap_oth_b","sos_18_rep_ham",0.230197169356857,0.0844068605961114,0.0907089595017212,0.408365292762396
"Spartanburg County","vap_white","pre_20_rep_tru",0.848703036831119,0.00791692936381169,0.831978795530636,0.863044939972646
"Spartanburg County","vap_white","pre_20_dem_bid",0.151296963168881,0.00791692936381169,0.136955060027354,0.168021204469364
"Spartanburg County","vap_black","pre_20_rep_tru",0.0522587269754648,0.0137788706510949,0.03072347531304,0.0830714164821487
"Spartanburg County","vap_black","pre_20_dem_bid",0.947741273024535,0.0137788706510949,0.916928583517851,0.96927652468696
"Spartanburg County","vap_hisp","pre_20_rep_tru",0.147266794172095,0.0489307505013198,0.070949918789924,0.254410174627799
"Spartanburg County","vap_hisp","pre_20_dem_bid",0.852733205827905,0.0489307505013198,0.745589825372201,0.929050081210076
"Spartanburg County","vap_asian","pre_20_rep_tru",0.301188026909033,0.120324482983759,0.112735034510482,0.557764930076675
"Spartanburg County","vap_asian","pre_20_dem_bid",0.698811973090967,0.120324482983759,0.442235069923325,0.887264965489517
"Spartanburg County","vap_aian","pre_20_rep_tru",0.479601015148174,0.169777177712928,0.172651821451402,0.843725221106368
"Spartanburg County","vap_aian","pre_20_dem_bid",0.520398984851826,0.169777177712928,0.156274778893632,0.827348178548598
"Spartanburg County","vap_oth_b","pre_20_rep_tru",0.186677194575563,0.0829692129923844,0.0724903687842457,0.383463094968065
"Spartanburg County","vap_oth_b","pre_20_dem_bid",0.813322805424437,0.0829692129923844,0.616536905031935,0.927509631215754
"Spartanburg County","vap_white","uss_20_rep_gra",0.832678871643674,0.00828423448046616,0.815368855148144,0.847622995952221
"Spartanburg County","vap_white","uss_20_dem_har",0.167321128356326,0.00828423448046617,0.152377004047779,0.184631144851856
"Spartanburg County","vap_black","uss_20_rep_gra",0.0488925299072652,0.0138503624067032,0.027366695365826,0.0823976282860888
"Spartanburg County","vap_black","uss_20_dem_har",0.951107470092735,0.0138503624067032,0.917602371713911,0.972633304634174
"Spartanburg County","vap_hisp","uss_20_rep_gra",0.149974264328555,0.0479493007100801,0.0767874938359306,0.252831187727464
"Spartanburg County","vap_hisp","uss_20_dem_har",0.850025735671445,0.0479493007100801,0.747168812272536,0.923212506164069
"Spartanburg County","vap_asian","uss_20_rep_gra",0.27209922526035,0.116556547098678,0.0867578397084924,0.526393622200559
"Spartanburg County","vap_asian","uss_20_dem_har",0.72790077473965,0.116556547098678,0.473606377799441,0.913242160291508
"Spartanburg County","vap_aian","uss_20_rep_gra",0.466534877640554,0.150862264984471,0.195342521802823,0.776685154205783
"Spartanburg County","vap_aian","uss_20_dem_har",0.533465122359446,0.150862264984471,0.223314845794217,0.804657478197177
"Spartanburg County","vap_oth_b","uss_20_rep_gra",0.209120193007905,0.0832745250553945,0.0884592050989957,0.410458220399051
"Spartanburg County","vap_oth_b","uss_20_dem_har",0.790879806992095,0.0832745250553945,0.589541779600949,0.911540794901004
"Sumter County","vap_white","pre_16_dem_cli",0.107813479473568,0.0134911291545162,0.0848230133744046,0.136768491763962
"Sumter County","vap_white","pre_16_rep_tru",0.892186520526432,0.0134911291545162,0.863231508236038,0.915176986625595
"Sumter County","vap_black","pre_16_dem_cli",0.974853881600693,0.00718432500869562,0.958512017250844,0.986865406411036
"Sumter County","vap_black","pre_16_rep_tru",0.0251461183993067,0.00718432500869562,0.0131345935889635,0.0414879827491565
"Sumter County","vap_hisp","pre_16_dem_cli",0.883746576389504,0.0566665134995022,0.750666466189495,0.961184488177809
"Sumter County","vap_hisp","pre_16_rep_tru",0.116253423610496,0.0566665134995022,0.0388155118221906,0.249333533810505
"Sumter County","vap_asian","pre_16_dem_cli",0.520909869019435,0.165930954104081,0.206202383403896,0.824866070297803
"Sumter County","vap_asian","pre_16_rep_tru",0.479090130980565,0.165930954104081,0.175133929702196,0.793797616596103
"Sumter County","vap_aian","pre_16_dem_cli",0.527624658247766,0.146786175780198,0.243759190080841,0.804561382741258
"Sumter County","vap_aian","pre_16_rep_tru",0.472375341752234,0.146786175780198,0.195438617258742,0.756240809919159
"Sumter County","vap_oth_b","pre_16_dem_cli",0.794825305357564,0.0957377754246174,0.574295027221283,0.933937036054813
"Sumter County","vap_oth_b","pre_16_rep_tru",0.205174694642436,0.0957377754246174,0.0660629639451866,0.425704972778717
"Sumter County","vap_white","uss_16_dem_dix",0.0924522367147693,0.0122383077117448,0.0704279545289102,0.11944607254432
"Sumter County","vap_white","uss_16_rep_sco",0.907547763285231,0.0122383077117448,0.88055392745568,0.92957204547109
"Sumter County","vap_black","uss_16_dem_dix",0.973597148677909,0.0075321867206133,0.956313796662891,0.986149627983931
"Sumter County","vap_black","uss_16_rep_sco",0.0264028513220909,0.0075321867206133,0.0138503720160689,0.0436862033371091
"Sumter County","vap_hisp","uss_16_dem_dix",0.777124900324691,0.0858001704837995,0.583875782621199,0.91029864073727
"Sumter County","vap_hisp","uss_16_rep_sco",0.222875099675309,0.0858001704837995,0.0897013592627302,0.416124217378801
"Sumter County","vap_asian","uss_16_dem_dix",0.434134356150667,0.159697694937832,0.148066942121535,0.743996956784173
"Sumter County","vap_asian","uss_16_rep_sco",0.565865643849333,0.159697694937832,0.256003043215827,0.851933057878464
"Sumter County","vap_aian","uss_16_dem_dix",0.55797004522056,0.159892485269143,0.253822427920437,0.854629061367259
"Sumter County","vap_aian","uss_16_rep_sco",0.44202995477944,0.159892485269143,0.145370938632741,0.746177572079563
"Sumter County","vap_oth_b","uss_16_dem_dix",0.577112644166658,0.124199129565837,0.327693969209787,0.808935969989811
"Sumter County","vap_oth_b","uss_16_rep_sco",0.422887355833342,0.124199129565837,0.191064030010189,0.672306030790213
"Sumter County","vap_white","gov_18_dem_smi",0.172193631423835,0.0153272384733141,0.1438874810199,0.203827816443139
"Sumter County","vap_white","gov_18_rep_mcm",0.827806368576165,0.0153272384733141,0.796172183556861,0.8561125189801
"Sumter County","vap_black","gov_18_dem_smi",0.975957183769839,0.0071286606054571,0.960615959886161,0.98773433634469
"Sumter County","vap_black","gov_18_rep_mcm",0.0240428162301614,0.0071286606054571,0.0122656636553097,0.0393840401138394
"Sumter County","vap_hisp","gov_18_dem_smi",0.803665912357125,0.0830561913547233,0.619772732939323,0.93043312765312
"Sumter County","vap_hisp","gov_18_rep_mcm",0.196334087642875,0.0830561913547233,0.0695668723468806,0.380227267060677
"Sumter County","vap_asian","gov_18_dem_smi",0.583636705689517,0.178194566073467,0.243821257322799,0.908329632884698
"Sumter County","vap_asian","gov_18_rep_mcm",0.416363294310483,0.178194566073467,0.0916703671153021,0.756178742677201
"Sumter County","vap_aian","gov_18_dem_smi",0.837094767961969,0.12403465439656,0.44512714743649,0.954012110588682
"Sumter County","vap_aian","gov_18_rep_mcm",0.162905232038031,0.12403465439656,0.0459878894113183,0.55487285256351
"Sumter County","vap_oth_b","gov_18_dem_smi",0.700761454819152,0.125993358057499,0.407217617301163,0.893382483990978
"Sumter County","vap_oth_b","gov_18_rep_mcm",0.299238545180848,0.125993358057499,0.106617516009022,0.592782382698837
"Sumter County","vap_white","atg_18_dem_ana",0.146695417440864,0.0140500670775489,0.121775932960079,0.176315267688144
"Sumter County","vap_white","atg_18_rep_wil",0.853304582559136,0.0140500670775489,0.823684732311856,0.878224067039921
"Sumter County","vap_black","atg_18_dem_ana",0.979372562041216,0.00659302145217828,0.964219784905546,0.990091326512644
"Sumter County","vap_black","atg_18_rep_wil",0.0206274379587842,0.00659302145217828,0.009908673487356,0.0357802150944537
"Sumter County","vap_hisp","atg_18_dem_ana",0.801727191788877,0.0740129255937141,0.635346562821304,0.919900956518765
"Sumter County","vap_hisp","atg_18_rep_wil",0.198272808211123,0.0740129255937141,0.0800990434812354,0.364653437178696
"Sumter County","vap_asian","atg_18_dem_ana",0.515453585908724,0.175145852425914,0.172476537007725,0.816391330451035
"Sumter County","vap_asian","atg_18_rep_wil",0.484546414091276,0.175145852425914,0.183608669548965,0.827523462992275
"Sumter County","vap_aian","atg_18_dem_ana",0.551575664533781,0.161417944044979,0.236380795705348,0.850125654840571
"Sumter County","vap_aian","atg_18_rep_wil",0.448424335466219,0.161417944044979,0.149874345159429,0.763619204294652
"Sumter County","vap_oth_b","atg_18_dem_ana",0.741272569754735,0.100130783931095,0.519951264720972,0.900738607323999
"Sumter County","vap_oth_b","atg_18_rep_wil",0.258727430245265,0.100130783931095,0.0992613926760011,0.480048735279028
"Sumter County","vap_white","sos_18_dem_whi",0.137557478057871,0.0145407393145731,0.112582774182163,0.16874851119343
"Sumter County","vap_white","sos_18_rep_ham",0.86244252194213,0.0145407393145731,0.83125148880657,0.887417225817837
"Sumter County","vap_black","sos_18_dem_whi",0.977408088754725,0.00727435062588433,0.960964335838923,0.989279805599694
"Sumter County","vap_black","sos_18_rep_ham",0.0225919112452749,0.00727435062588434,0.0107201944003058,0.039035664161077
"Sumter County","vap_hisp","sos_18_dem_whi",0.77850287572298,0.0897951252930067,0.563416840374995,0.914150017369828
"Sumter County","vap_hisp","sos_18_rep_ham",0.22149712427702,0.0897951252930067,0.0858499826301718,0.436583159625005
"Sumter County","vap_asian","sos_18_dem_whi",0.544481986288987,0.148807879420909,0.249762116995766,0.814937489115195
"Sumter County","vap_asian","sos_18_rep_ham",0.455518013711013,0.148807879420909,0.185062510884805,0.750237883004234
"Sumter County","vap_aian","sos_18_dem_whi",0.558418992274225,0.172020968882703,0.228987463406219,0.882400300141767
"Sumter County","vap_aian","sos_18_rep_ham",0.441581007725775,0.172020968882703,0.117599699858233,0.771012536593781
"Sumter County","vap_oth_b","sos_18_dem_whi",0.744381624534943,0.0955036727721009,0.521018447416249,0.899583686020127
"Sumter County","vap_oth_b","sos_18_rep_ham",0.255618375465057,0.0955036727721009,0.100416313979872,0.478981552583751
"Sumter County","vap_white","pre_20_rep_tru",0.840651109834209,0.0149380432862736,0.810873048025454,0.868075303638697
"Sumter County","vap_white","pre_20_dem_bid",0.159348890165791,0.0149380432862736,0.131924696361303,0.189126951974545
"Sumter County","vap_black","pre_20_rep_tru",0.0197537672967936,0.0071743873998613,0.00865177307038192,0.036423608705755
"Sumter County","vap_black","pre_20_dem_bid",0.980246232703206,0.0071743873998613,0.963576391294245,0.991348226929618
"Sumter County","vap_hisp","pre_20_rep_tru",0.206861924499837,0.0814984823287644,0.0812009481211615,0.388778255675338
"Sumter County","vap_hisp","pre_20_dem_bid",0.793138075500163,0.0814984823287644,0.611221744324662,0.918799051878838
"Sumter County","vap_asian","pre_20_rep_tru",0.401871743489621,0.149445127267607,0.133768608419841,0.708701948680977
"Sumter County","vap_asian","pre_20_dem_bid",0.598128256510379,0.149445127267607,0.291298051319023,0.866231391580159
"Sumter County","vap_aian","pre_20_rep_tru",0.472481663202999,0.159202110258106,0.193954246468994,0.795551983980241
"Sumter County","vap_aian","pre_20_dem_bid",0.527518336797001,0.159202110258106,0.204448016019759,0.806045753531006
"Sumter County","vap_oth_b","pre_20_rep_tru",0.275187103348539,0.11409064361882,0.100755793748235,0.533030879708602
"Sumter County","vap_oth_b","pre_20_dem_bid",0.724812896651461,0.11409064361882,0.466969120291398,0.899244206251765
"Sumter County","vap_white","uss_20_rep_gra",0.824351092515699,0.01337246566537,0.798033565693141,0.848725970024884
"Sumter County","vap_white","uss_20_dem_har",0.175648907484301,0.01337246566537,0.151274029975116,0.201966434306859
"Sumter County","vap_black","uss_20_rep_gra",0.0191496045663243,0.00562219847395133,0.00972148137155322,0.0316310128822691
"Sumter County","vap_black","uss_20_dem_har",0.980850395433676,0.00562219847395133,0.968368987117731,0.990278518628447
"Sumter County","vap_hisp","uss_20_rep_gra",0.185364193721018,0.0814251320527288,0.0615068799319233,0.373660065500029
"Sumter County","vap_hisp","uss_20_dem_har",0.814635806278982,0.0814251320527288,0.626339934499971,0.938493120068077
"Sumter County","vap_asian","uss_20_rep_gra",0.410140916841915,0.15596921700427,0.15360737345152,0.733604938306878
"Sumter County","vap_asian","uss_20_dem_har",0.589859083158085,0.15596921700427,0.266395061693122,0.84639262654848
"Sumter County","vap_aian","uss_20_rep_gra",0.440680899530406,0.162523504490062,0.159719926231594,0.780597630317206
"Sumter County","vap_aian","uss_20_dem_har",0.559319100469594,0.162523504490062,0.219402369682794,0.840280073768406
"Sumter County","vap_oth_b","uss_20_rep_gra",0.235279523658169,0.110228108383986,0.0854500432539717,0.508415099853356
"Sumter County","vap_oth_b","uss_20_dem_har",0.764720476341831,0.110228108383986,0.491584900146644,0.914549956746028
"Union County","vap_white","pre_16_dem_cli",0.153271408442646,0.0201051692850886,0.120459980112423,0.199109767345176
"Union County","vap_white","pre_16_rep_tru",0.846728591557354,0.0201051692850886,0.800890232654824,0.879540019887577
"Union County","vap_black","pre_16_dem_cli",0.936164294257969,0.033250725141765,0.853582813055482,0.982438221124064
"Union County","vap_black","pre_16_rep_tru",0.0638357057420311,0.033250725141765,0.0175617788759365,0.146417186944518
"Union County","vap_hisp","pre_16_dem_cli",0.50315898239708,0.168390001641049,0.177811388435473,0.814026348346905
"Union County","vap_hisp","pre_16_rep_tru",0.49684101760292,0.168390001641049,0.185973651653095,0.822188611564527
"Union County","vap_asian","pre_16_dem_cli",0.511994954398355,0.172474168479399,0.180509465885442,0.82887396776792
"Union County","vap_asian","pre_16_rep_tru",0.488005045601645,0.172474168479399,0.17112603223208,0.819490534114558
"Union County","vap_aian","pre_16_dem_cli",0.52302581390258,0.17545015696855,0.191217264307637,0.840551102933777
"Union County","vap_aian","pre_16_rep_tru",0.47697418609742,0.17545015696855,0.159448897066223,0.808782735692363
"Union County","vap_oth_b","pre_16_dem_cli",0.588613580066347,0.163609296805117,0.260810955610687,0.867617696570372
"Union County","vap_oth_b","pre_16_rep_tru",0.411386419933653,0.163609296805117,0.132382303429628,0.739189044389313
"Union County","vap_white","uss_16_dem_dix",0.153907305679918,0.0204629158603933,0.12015884490213,0.199949281741543
"Union County","vap_white","uss_16_rep_sco",0.846092694320082,0.0204629158603933,0.800050718258457,0.87984115509787
"Union County","vap_black","uss_16_dem_dix",0.925318687534582,0.0346229890716972,0.842259478537642,0.976297831324699
"Union County","vap_black","uss_16_rep_sco",0.074681312465418,0.0346229890716972,0.0237021686753006,0.157740521462358
"Union County","vap_hisp","uss_16_dem_dix",0.522682479355142,0.171151566015833,0.195064516731836,0.83976666930415
"Union County","vap_hisp","uss_16_rep_sco",0.477317520644858,0.171151566015833,0.160233330695851,0.804935483268164
"Union County","vap_asian","uss_16_dem_dix",0.50025700555047,0.17688127201824,0.174715551701309,0.832685887970567
"Union County","vap_asian","uss_16_rep_sco",0.49974299444953,0.17688127201824,0.167314112029433,0.825284448298691
"Union County","vap_aian","uss_16_dem_dix",0.493185812559866,0.170672835841081,0.154693793293175,0.807744425853748
"Union County","vap_aian","uss_16_rep_sco",0.506814187440134,0.170672835841081,0.192255574146252,0.845306206706825
"Union County","vap_oth_b","uss_16_dem_dix",0.560232998335432,0.167899306512574,0.22427450975929,0.855314035793908
"Union County","vap_oth_b","uss_16_rep_sco",0.439767001664568,0.167899306512574,0.144685964206093,0.77572549024071
"Union County","vap_white","gov_18_dem_smi",0.184308482144789,0.020462056146274,0.148887412186378,0.228989151638432
"Union County","vap_white","gov_18_rep_mcm",0.815691517855211,0.020462056146274,0.771010848361568,0.851112587813622
"Union County","vap_black","gov_18_dem_smi",0.921665955858575,0.0333830216231919,0.843198353252157,0.972476199709916
"Union County","vap_black","gov_18_rep_mcm",0.0783340441414253,0.0333830216231919,0.0275238002900844,0.156801646747843
"Union County","vap_hisp","gov_18_dem_smi",0.50717100451531,0.168074462650097,0.183399131875638,0.824818425355238
"Union County","vap_hisp","gov_18_rep_mcm",0.492828995484691,0.168074462650097,0.175181574644762,0.816600868124362
"Union County","vap_asian","gov_18_dem_smi",0.496808272520273,0.17053402317915,0.163158741721282,0.814720378978349
"Union County","vap_asian","gov_18_rep_mcm",0.503191727479727,0.17053402317915,0.185279621021651,0.836841258278718
"Union County","vap_aian","gov_18_dem_smi",0.509761474916697,0.173274674505351,0.173816921448029,0.828862316723289
"Union County","vap_aian","gov_18_rep_mcm",0.490238525083303,0.173274674505351,0.171137683276711,0.826183078551971
"Union County","vap_oth_b","gov_18_dem_smi",0.564210152267184,0.165584068811131,0.227282589105134,0.848777823037185
"Union County","vap_oth_b","gov_18_rep_mcm",0.435789847732816,0.165584068811131,0.151222176962815,0.772717410894866
"Union County","vap_white","atg_18_dem_ana",0.161335976858675,0.0202272725542379,0.127571755353394,0.209055850838956
"Union County","vap_white","atg_18_rep_wil",0.838664023141324,0.0202272725542379,0.790944149161044,0.872428244646606
"Union County","vap_black","atg_18_dem_ana",0.928314172931584,0.0334398345150576,0.847192157566715,0.975686363316229
"Union County","vap_black","atg_18_rep_wil",0.0716858270684162,0.0334398345150576,0.0243136366837713,0.152807842433285
"Union County","vap_hisp","atg_18_dem_ana",0.52483644946664,0.16849970475352,0.19885140884089,0.833610441355373
"Union County","vap_hisp","atg_18_rep_wil",0.47516355053336,0.16849970475352,0.166389558644627,0.80114859115911
"Union County","vap_asian","atg_18_dem_ana",0.500444984692179,0.179701483438944,0.164748272664038,0.843223820529363
"Union County","vap_asian","atg_18_rep_wil",0.499555015307821,0.179701483438944,0.156776179470637,0.835251727335962
"Union County","vap_aian","atg_18_dem_ana",0.501537011620672,0.176212785176347,0.16398585759323,0.828296342312172
"Union County","vap_aian","atg_18_rep_wil",0.498462988379328,0.176212785176347,0.171703657687827,0.836014142406769
"Union County","vap_oth_b","atg_18_dem_ana",0.55769587328674,0.166559882114438,0.224800787621203,0.843912498709499
"Union County","vap_oth_b","atg_18_rep_wil",0.44230412671326,0.166559882114438,0.156087501290501,0.775199212378797
"Union County","vap_white","sos_18_dem_whi",0.151624318860333,0.0212296556014368,0.116279618609662,0.201170946559814
"Union County","vap_white","sos_18_rep_ham",0.848375681139667,0.0212296556014368,0.798829053440186,0.883720381390338
"Union County","vap_black","sos_18_dem_whi",0.928190447912307,0.0349417601445804,0.840032294987407,0.9774887785559
"Union County","vap_black","sos_18_rep_ham",0.0718095520876928,0.0349417601445804,0.0225112214441005,0.159967705012593
"Union County","vap_hisp","sos_18_dem_whi",0.5251517595867,0.177942387554723,0.179960674602092,0.853409126163527
"Union County","vap_hisp","sos_18_rep_ham",0.4748482404133,0.177942387554723,0.146590873836473,0.820039325397908
"Union County","vap_asian","sos_18_dem_whi",0.501804060264424,0.174703569133691,0.174743166197655,0.83584792264067
"Union County","vap_asian","sos_18_rep_ham",0.498195939735576,0.174703569133691,0.16415207735933,0.825256833802345
"Union County","vap_aian","sos_18_dem_whi",0.518837633088167,0.178457806505013,0.182950271134622,0.856990988017645
"Union County","vap_aian","sos_18_rep_ham",0.481162366911833,0.178457806505013,0.143009011982355,0.817049728865378
"Union County","vap_oth_b","sos_18_dem_whi",0.572258798500101,0.171702916523013,0.234864605464443,0.887016870947501
"Union County","vap_oth_b","sos_18_rep_ham",0.427741201499899,0.171702916523013,0.112983129052499,0.765135394535557
"Union County","vap_white","pre_20_rep_tru",0.902754560050954,0.0162537614948847,0.863454620647534,0.929052286552099
"Union County","vap_white","pre_20_dem_bid",0.0972454399490461,0.0162537614948847,0.0709477134479007,0.136545379352466
"Union County","vap_black","pre_20_rep_tru",0.0502825253939691,0.0249922936097054,0.0148252451746784,0.111647908724085
"Union County","vap_black","pre_20_dem_bid",0.949717474606031,0.0249922936097054,0.888352091275915,0.985174754825322
"Union County","vap_hisp","pre_20_rep_tru",0.458156308369307,0.177150910299095,0.148006930479509,0.807520266295106
"Union County","vap_hisp","pre_20_dem_bid",0.541843691630693,0.177150910299095,0.192479733704894,0.851993069520491
"Union County","vap_asian","pre_20_rep_tru",0.509474385182539,0.173423737314018,0.176441650117172,0.822275044648335
"Union County","vap_asian","pre_20_dem_bid",0.490525614817461,0.173423737314018,0.177724955351665,0.823558349882827
"Union County","vap_aian","pre_20_rep_tru",0.478378936342119,0.183679267407055,0.147576034536795,0.832114633314773
"Union County","vap_aian","pre_20_dem_bid",0.521621063657881,0.183679267407055,0.167885366685227,0.852423965463204
"Union County","vap_oth_b","pre_20_rep_tru",0.381327879729634,0.158766732483757,0.129289294482425,0.741706182841216
"Union County","vap_oth_b","pre_20_dem_bid",0.618672120270366,0.158766732483757,0.258293817158784,0.870710705517575
"Union County","vap_white","uss_20_rep_gra",0.874560967752998,0.0175017406722187,0.834114072004852,0.903006092443298
"Union County","vap_white","uss_20_dem_har",0.125439032247002,0.0175017406722187,0.0969939075567014,0.165885927995148
"Union County","vap_black","uss_20_rep_gra",0.0550156124019335,0.0272208002916532,0.0180653337285994,0.124479488657727
"Union County","vap_black","uss_20_dem_har",0.944984387598066,0.0272208002916532,0.875520511342273,0.9819346662714
"Union County","vap_hisp","uss_20_rep_gra",0.482744407999147,0.177111721949381,0.156052980355147,0.817338214211023
"Union County","vap_hisp","uss_20_dem_har",0.517255592000853,0.177111721949381,0.182661785788977,0.843947019644853
"Union County","vap_asian","uss_20_rep_gra",0.499317017176342,0.166749754406771,0.169385595835793,0.798529265788751
"Union County","vap_asian","uss_20_dem_har",0.500682982823658,0.166749754406771,0.201470734211249,0.830614404164207
"Union County","vap_aian","uss_20_rep_gra",0.476124518665069,0.174297275366892,0.139901402835896,0.802999613955896
"Union County","vap_aian","uss_20_dem_har",0.523875481334931,0.174297275366892,0.197000386044104,0.860098597164104
"Union County","vap_oth_b","uss_20_rep_gra",0.394462874729968,0.157469385734004,0.125307334411076,0.723646705486157
"Union County","vap_oth_b","uss_20_dem_har",0.605537125270032,0.157469385734004,0.276353294513842,0.874692665588924
"Williamsburg County","vap_white","pre_16_dem_cli",0.128031209014941,0.0195374264527651,0.0939242570720628,0.171319065875992
"Williamsburg County","vap_white","pre_16_rep_tru",0.871968790985059,0.0195374264527651,0.828680934124008,0.906075742927937
"Williamsburg County","vap_black","pre_16_dem_cli",0.973000220721368,0.0111212003733359,0.947358849685453,0.989742410730878
"Williamsburg County","vap_black","pre_16_rep_tru",0.0269997792786325,0.0111212003733359,0.0102575892691216,0.0526411503145472
"Williamsburg County","vap_hisp","pre_16_dem_cli",0.623016524375729,0.145435760314276,0.313988393797097,0.864482397177211
"Williamsburg County","vap_hisp","pre_16_rep_tru",0.376983475624271,0.145435760314276,0.135517602822789,0.686011606202903
"Williamsburg County","vap_asian","pre_16_dem_cli",0.498342384823681,0.192344021893077,0.139513481564376,0.871756796570461
"Williamsburg County","vap_asian","pre_16_rep_tru",0.501657615176319,0.192344021893077,0.128243203429539,0.860486518435624
"Williamsburg County","vap_aian","pre_16_dem_cli",0.531608463754089,0.179979952447282,0.174765784587531,0.85409791969594
"Williamsburg County","vap_aian","pre_16_rep_tru",0.468391536245911,0.179979952447282,0.14590208030406,0.825234215412469
"Williamsburg County","vap_oth_b","pre_16_dem_cli",0.602084064111539,0.145554558411057,0.289050853674814,0.847222688969652
"Williamsburg County","vap_oth_b","pre_16_rep_tru",0.397915935888461,0.145554558411057,0.152777311030348,0.710949146325186
"Williamsburg County","vap_white","uss_16_dem_dix",0.093987216712056,0.0209964967008068,0.0591213062568048,0.140838047143145
"Williamsburg County","vap_white","uss_16_rep_sco",0.906012783287944,0.0209964967008068,0.859161952856854,0.940878693743195
"Williamsburg County","vap_black","uss_16_dem_dix",0.958451607493477,0.0129722172512191,0.929059691602468,0.978988791927738
"Williamsburg County","vap_black","uss_16_rep_sco",0.0415483925065228,0.0129722172512191,0.0210112080722626,0.0709403083975323
"Williamsburg County","vap_hisp","uss_16_dem_dix",0.568119062259976,0.157429052867399,0.252701020144587,0.847739999765123
"Williamsburg County","vap_hisp","uss_16_rep_sco",0.431880937740024,0.157429052867399,0.152260000234877,0.747298979855413
"Williamsburg County","vap_asian","uss_16_dem_dix",0.470563205364336,0.184846694541917,0.141369634874163,0.833461538936957
"Williamsburg County","vap_asian","uss_16_rep_sco",0.529436794635664,0.184846694541917,0.166538461063043,0.858630365125837
"Williamsburg County","vap_aian","uss_16_dem_dix",0.508344737072029,0.179467401060013,0.165117919311414,0.834422009238495
"Williamsburg County","vap_aian","uss_16_rep_sco",0.491655262927971,0.179467401060013,0.165577990761505,0.834882080688586
"Williamsburg County","vap_oth_b","uss_16_dem_dix",0.554430814558231,0.156851939231571,0.234962657879546,0.828607739246834
"Williamsburg County","vap_oth_b","uss_16_rep_sco",0.445569185441769,0.156851939231571,0.171392260753166,0.765037342120454
"Williamsburg County","vap_white","gov_18_dem_smi",0.133706171430589,0.0224680808040244,0.0967092855467448,0.185341912405841
"Williamsburg County","vap_white","gov_18_rep_mcm",0.866293828569411,0.0224680808040244,0.814658087594158,0.903290714453255
"Williamsburg County","vap_black","gov_18_dem_smi",0.967462648738526,0.0133538681036851,0.934920528450582,0.987455478211791
"Williamsburg County","vap_black","gov_18_rep_mcm",0.0325373512614744,0.0133538681036851,0.0125445217882088,0.0650794715494184
"Williamsburg County","vap_hisp","gov_18_dem_smi",0.599401866032431,0.15795549994571,0.250740417015385,0.858277642424945
"Williamsburg County","vap_hisp","gov_18_rep_mcm",0.400598133967569,0.15795549994571,0.141722357575055,0.749259582984614
"Williamsburg County","vap_asian","gov_18_dem_smi",0.507403081443562,0.183365345137774,0.159866607868992,0.848469839396909
"Williamsburg County","vap_asian","gov_18_rep_mcm",0.492596918556439,0.183365345137774,0.151530160603091,0.840133392131008
"Williamsburg County","vap_aian","gov_18_dem_smi",0.495966324286585,0.177106891304084,0.161473169027893,0.828864013985746
"Williamsburg County","vap_aian","gov_18_rep_mcm",0.504033675713415,0.177106891304084,0.171135986014254,0.838526830972106
"Williamsburg County","vap_oth_b","gov_18_dem_smi",0.592123284990662,0.150715247970546,0.27538953511617,0.848407935709825
"Williamsburg County","vap_oth_b","gov_18_rep_mcm",0.407876715009338,0.150715247970546,0.151592064290175,0.72461046488383
"Williamsburg County","vap_white","atg_18_dem_ana",0.115060796531254,0.0204305965264929,0.0805001379656668,0.160143507162953
"Williamsburg County","vap_white","atg_18_rep_wil",0.884939203468746,0.0204305965264929,0.839856492837047,0.919499862034333
"Williamsburg County","vap_black","atg_18_dem_ana",0.97065423770845,0.0115808554189034,0.944010625379126,0.98877936816797
"Williamsburg County","vap_black","atg_18_rep_wil",0.0293457622915496,0.0115808554189034,0.0112206318320297,0.0559893746208745
"Williamsburg County","vap_hisp","atg_18_dem_ana",0.595575217625957,0.150913635941918,0.281103234362506,0.866839645576012
"Williamsburg County","vap_hisp","atg_18_rep_wil",0.404424782374043,0.150913635941918,0.133160354423988,0.718896765637494
"Williamsburg County","vap_asian","atg_18_dem_ana",0.529818259198791,0.205604227960661,0.149738166898213,0.922908225869599
"Williamsburg County","vap_asian","atg_18_rep_wil",0.470181740801209,0.205604227960661,0.0770917741304014,0.850261833101787
"Williamsburg County","vap_aian","atg_18_dem_ana",0.50405118695069,0.178293913304472,0.165099201003152,0.835438074686579
"Williamsburg County","vap_aian","atg_18_rep_wil",0.495948813049309,0.178293913304472,0.16456192531342,0.834900798996848
"Williamsburg County","vap_oth_b","atg_18_dem_ana",0.530161954467686,0.164656211519218,0.214731501270233,0.845793930927584
"Williamsburg County","vap_oth_b","atg_18_rep_wil",0.469838045532314,0.164656211519218,0.154206069072416,0.785268498729767
"Williamsburg County","vap_white","sos_18_dem_whi",0.117731886220498,0.0233015432961217,0.0798748085527763,0.169526367587605
"Williamsburg County","vap_white","sos_18_rep_ham",0.882268113779502,0.0233015432961217,0.830473632412395,0.920125191447224
"Williamsburg County","vap_black","sos_18_dem_whi",0.96239115841182,0.0149513347520317,0.928370899426477,0.984002248685941
"Williamsburg County","vap_black","sos_18_rep_ham",0.0376088415881802,0.0149513347520317,0.0159977513140593,0.0716291005735234
"Williamsburg County","vap_hisp","sos_18_dem_whi",0.60266710150357,0.161427300068614,0.269046477786178,0.894667112364017
"Williamsburg County","vap_hisp","sos_18_rep_ham",0.39733289849643,0.161427300068614,0.105332887635983,0.730953522213822
"Williamsburg County","vap_asian","sos_18_dem_whi",0.467722794118275,0.1941609254574,0.119949646445832,0.833033725262045
"Williamsburg County","vap_asian","sos_18_rep_ham",0.532277205881725,0.1941609254574,0.166966274737955,0.880050353554168
"Williamsburg County","vap_aian","sos_18_dem_whi",0.510156847113419,0.179069622310386,0.170924666260854,0.844959944733793
"Williamsburg County","vap_aian","sos_18_rep_ham",0.489843152886581,0.179069622310386,0.155040055266207,0.829075333739146
"Williamsburg County","vap_oth_b","sos_18_dem_whi",0.563670370529113,0.153194211306464,0.268064722577863,0.845579026601633
"Williamsburg County","vap_oth_b","sos_18_rep_ham",0.436329629470887,0.153194211306464,0.154420973398367,0.731935277422137
"Williamsburg County","vap_white","pre_20_rep_tru",0.929172083238161,0.0177212305445666,0.888187979059677,0.958783457521755
"Williamsburg County","vap_white","pre_20_dem_bid",0.070827916761839,0.0177212305445666,0.0412165424782451,0.111812020940323
"Williamsburg County","vap_black","pre_20_rep_tru",0.0290360955236824,0.0109575290530683,0.0121627340400725,0.0554517843593376
"Williamsburg County","vap_black","pre_20_dem_bid",0.970963904476318,0.0109575290530683,0.944548215640662,0.987837265959928
"Williamsburg County","vap_hisp","pre_20_rep_tru",0.420062380878743,0.155242106564934,0.144133707170985,0.735900756858955
"Williamsburg County","vap_hisp","pre_20_dem_bid",0.579937619121257,0.155242106564934,0.264099243141045,0.855866292829015
"Williamsburg County","vap_asian","pre_20_rep_tru",0.502632695115351,0.18609033273688,0.142936413068244,0.838977253818809
"Williamsburg County","vap_asian","pre_20_dem_bid",0.497367304884649,0.18609033273688,0.161022746181191,0.857063586931756
"Williamsburg County","vap_aian","pre_20_rep_tru",0.512852406757884,0.182236333428414,0.173529010364352,0.850724428697655
"Williamsburg County","vap_aian","pre_20_dem_bid",0.487147593242116,0.182236333428414,0.149275571302345,0.826470989635647
"Williamsburg County","vap_oth_b","pre_20_rep_tru",0.479211718503213,0.149315308435712,0.194929515534302,0.780539514470059
"Williamsburg County","vap_oth_b","pre_20_dem_bid",0.520788281496787,0.149315308435712,0.219460485529941,0.805070484465697
"Williamsburg County","vap_white","uss_20_rep_gra",0.917147734879518,0.0180961483577038,0.876288941482487,0.947732529103202
"Williamsburg County","vap_white","uss_20_dem_har",0.0828522651204821,0.0180961483577038,0.0522674708967984,0.123711058517513
"Williamsburg County","vap_black","uss_20_rep_gra",0.022191303936509,0.0103641359342557,0.00743040915747242,0.0485682426985835
"Williamsburg County","vap_black","uss_20_dem_har",0.977808696063491,0.0103641359342557,0.951431757301416,0.992569590842528
"Williamsburg County","vap_hisp","uss_20_rep_gra",0.382015651879203,0.152420895792955,0.119447109678605,0.709351664752364
"Williamsburg County","vap_hisp","uss_20_dem_har",0.617984348120797,0.152420895792955,0.290648335247636,0.880552890321395
"Williamsburg County","vap_asian","uss_20_rep_gra",0.533244365239312,0.182598640907711,0.173769940873422,0.870882961688561
"Williamsburg County","vap_asian","uss_20_dem_har",0.466755634760688,0.182598640907711,0.129117038311439,0.826230059126578
"Williamsburg County","vap_aian","uss_20_rep_gra",0.497734609268872,0.181705576431862,0.161659435942204,0.845309752985466
"Williamsburg County","vap_aian","uss_20_dem_har",0.502265390731128,0.181705576431862,0.154690247014534,0.838340564057796
"Williamsburg County","vap_oth_b","uss_20_rep_gra",0.461329560222816,0.154564993075704,0.178287552315028,0.772674456803847
"Williamsburg County","vap_oth_b","uss_20_dem_har",0.538670439777184,0.154564993075704,0.227325543196153,0.821712447684972
"York County","vap_white","pre_16_dem_cli",0.185031487918705,0.0103638430522093,0.166777494494099,0.208971472071528
"York County","vap_white","pre_16_rep_tru",0.814968512081295,0.0103638430522093,0.791028527928472,0.833222505505901
"York County","vap_black","pre_16_dem_cli",0.947653528537309,0.0170554864266137,0.908173749772768,0.973876784857873
"York County","vap_black","pre_16_rep_tru",0.0523464714626913,0.0170554864266137,0.0261232151421264,0.0918262502272317
"York County","vap_hisp","pre_16_dem_cli",0.817655921201059,0.0728010992641113,0.64092354543355,0.919401184177382
"York County","vap_hisp","pre_16_rep_tru",0.182344078798941,0.0728010992641113,0.0805988158226185,0.35907645456645
"York County","vap_asian","pre_16_dem_cli",0.64515426110189,0.130243892681499,0.362277283529486,0.860666832057152
"York County","vap_asian","pre_16_rep_tru",0.354845738898109,0.130243892681499,0.139333167942848,0.637722716470514
"York County","vap_aian","pre_16_dem_cli",0.415537024898936,0.14362737922016,0.147297273942962,0.691217302152073
"York County","vap_aian","pre_16_rep_tru",0.584462975101064,0.14362737922016,0.308782697847927,0.852702726057038
"York County","vap_oth_b","pre_16_dem_cli",0.784095893913987,0.0955221732731459,0.569149156010327,0.918197380733681
"York County","vap_oth_b","pre_16_rep_tru",0.215904106086012,0.0955221732731459,0.0818026192663192,0.430850843989673
"York County","vap_white","uss_16_dem_dix",0.171154812186335,0.00974562945634123,0.15281809453628,0.190853505764221
"York County","vap_white","uss_16_rep_sco",0.828845187813665,0.00974562945634123,0.809146494235779,0.84718190546372
"York County","vap_black","uss_16_dem_dix",0.944413613297836,0.0161558241041053,0.906300303879354,0.971072143360188
"York County","vap_black","uss_16_rep_sco",0.0555863867021639,0.0161558241041053,0.0289278566398118,0.0936996961206458
"York County","vap_hisp","uss_16_dem_dix",0.808044233256529,0.0736492975108701,0.642783915422732,0.920522930752752
"York County","vap_hisp","uss_16_rep_sco",0.191955766743471,0.0736492975108701,0.0794770692472475,0.357216084577268
"York County","vap_asian","uss_16_dem_dix",0.475912455344047,0.151057994092594,0.180628543039853,0.754110533708106
"York County","vap_asian","uss_16_rep_sco",0.524087544655953,0.151057994092594,0.245889466291894,0.819371456960147
"York County","vap_aian","uss_16_dem_dix",0.409433210503002,0.136760105004993,0.163710876285942,0.683697972449118
"York County","vap_aian","uss_16_rep_sco",0.590566789496998,0.136760105004993,0.316302027550881,0.836289123714058
"York County","vap_oth_b","uss_16_dem_dix",0.784438490692649,0.103701275889952,0.531669033287757,0.940586976896624
"York County","vap_oth_b","uss_16_rep_sco",0.215561509307351,0.103701275889952,0.0594130231033764,0.468330966712243
"York County","vap_white","gov_18_dem_smi",0.216845994927699,0.00932436199156644,0.200014322805427,0.236199027043688
"York County","vap_white","gov_18_rep_mcm",0.783154005072301,0.00932436199156644,0.763800972956312,0.799985677194573
"York County","vap_black","gov_18_dem_smi",0.958870367867123,0.0147624770656803,0.924346567057211,0.980583596988617
"York County","vap_black","gov_18_rep_mcm",0.041129632132877,0.0147624770656803,0.0194164030113827,0.075653432942789
"York County","vap_hisp","gov_18_dem_smi",0.83477622586465,0.07045863096261,0.662191125617079,0.93564698083224
"York County","vap_hisp","gov_18_rep_mcm",0.16522377413535,0.07045863096261,0.0643530191677598,0.337808874382921
"York County","vap_asian","gov_18_dem_smi",0.671039711315798,0.143905439778106,0.373262627902808,0.900939161372236
"York County","vap_asian","gov_18_rep_mcm",0.328960288684202,0.143905439778106,0.0990608386277642,0.626737372097192
"York County","vap_aian","gov_18_dem_smi",0.438051700379403,0.149418443618194,0.154977224124881,0.74248240557443
"York County","vap_aian","gov_18_rep_mcm",0.561948299620597,0.149418443618194,0.25751759442557,0.845022775875118
"York County","vap_oth_b","gov_18_dem_smi",0.777278081619184,0.0804966289989494,0.589075011319888,0.89975651702924
"York County","vap_oth_b","gov_18_rep_mcm",0.222721918380816,0.0804966289989494,0.100243482970759,0.410924988680112
"York County","vap_white","atg_18_dem_ana",0.193409800736352,0.0109691393956859,0.173951484295037,0.21660844723513
"York County","vap_white","atg_18_rep_wil",0.806590199263648,0.0109691393956859,0.783391552764871,0.826048515704963
"York County","vap_black","atg_18_dem_ana",0.952581925736128,0.0167611489567807,0.910964858475088,0.978150930444803
"York County","vap_black","atg_18_rep_wil",0.0474180742638716,0.0167611489567807,0.0218490695551972,0.0890351415249118
"York County","vap_hisp","atg_18_dem_ana",0.868889001808293,0.0646786764201018,0.706525733501065,0.951009227637796
"York County","vap_hisp","atg_18_rep_wil",0.131110998191707,0.0646786764201018,0.048990772362204,0.293474266498935
"York County","vap_asian","atg_18_dem_ana",0.69697201731512,0.131584097234433,0.389505017083511,0.893065250256019
"York County","vap_asian","atg_18_rep_wil",0.30302798268488,0.131584097234433,0.106934749743981,0.610494982916489
"York County","vap_aian","atg_18_dem_ana",0.432269702800983,0.149575743651429,0.144902324262613,0.706986069925185
"York County","vap_aian","atg_18_rep_wil",0.567730297199017,0.149575743651429,0.293013930074815,0.855097675737387
"York County","vap_oth_b","atg_18_dem_ana",0.785675958527078,0.0928019282684042,0.556824799024173,0.917815232385632
"York County","vap_oth_b","atg_18_rep_wil",0.214324041472922,0.0928019282684042,0.0821847676143679,0.443175200975827
"York County","vap_white","sos_18_dem_whi",0.19837618088629,0.00985988968171448,0.181755182705857,0.222246996238813
"York County","vap_white","sos_18_rep_ham",0.80162381911371,0.00985988968171448,0.777753003761187,0.818244817294143
"York County","vap_black","sos_18_dem_whi",0.945256225540804,0.0169467082782324,0.905181934335142,0.972434228383715
"York County","vap_black","sos_18_rep_ham",0.0547437744591958,0.0169467082782324,0.027565771616285,0.0948180656648574
"York County","vap_hisp","sos_18_dem_whi",0.840075492605476,0.0606526879150987,0.698473635307163,0.933648302670537
"York County","vap_hisp","sos_18_rep_ham",0.159924507394524,0.0606526879150987,0.0663516973294629,0.301526364692837
"York County","vap_asian","sos_18_dem_whi",0.662514475563898,0.133361102097122,0.335374964560191,0.876487105774866
"York County","vap_asian","sos_18_rep_ham",0.337485524436103,0.133361102097122,0.123512894225134,0.664625035439809
"York County","vap_aian","sos_18_dem_whi",0.473163926385065,0.139408950148969,0.207537571526783,0.740929306053762
"York County","vap_aian","sos_18_rep_ham",0.526836073614935,0.139408950148969,0.259070693946238,0.792462428473217
"York County","vap_oth_b","sos_18_dem_whi",0.783169788527992,0.0907783812174262,0.577258608311118,0.921447935264486
"York County","vap_oth_b","sos_18_rep_ham",0.216830211472008,0.0907783812174262,0.0785520647355142,0.422741391688882
"York County","vap_white","pre_20_rep_tru",0.770656845431988,0.00969303111354803,0.751277508065433,0.788792934203871
"York County","vap_white","pre_20_dem_bid",0.229343154568012,0.00969303111354803,0.211207065796129,0.248722491934567
"York County","vap_black","pre_20_rep_tru",0.0573692211042386,0.0166856733029972,0.0296156436526014,0.0952751569322106
"York County","vap_black","pre_20_dem_bid",0.942630778895761,0.0166856733029972,0.904724843067789,0.970384356347398
"York County","vap_hisp","pre_20_rep_tru",0.192759758483278,0.0735736143132374,0.0805324180867432,0.363196341308929
"York County","vap_hisp","pre_20_dem_bid",0.807240241516722,0.0735736143132374,0.636803658691071,0.919467581913257
"York County","vap_asian","pre_20_rep_tru",0.288667591799512,0.112961898066831,0.106602858343978,0.524407075495719
"York County","vap_asian","pre_20_dem_bid",0.711332408200488,0.112961898066831,0.475592924504281,0.893397141656022
"York County","vap_aian","pre_20_rep_tru",0.618920208748167,0.135154560255186,0.340043429055089,0.8558764091785
"York County","vap_aian","pre_20_dem_bid",0.381079791251833,0.135154560255186,0.1441235908215,0.65995657094491
"York County","vap_oth_b","pre_20_rep_tru",0.276439512479172,0.0992563821000458,0.110613579368886,0.486908758104953
"York County","vap_oth_b","pre_20_dem_bid",0.723560487520828,0.0992563821000458,0.513091241895046,0.889386420631114
"York County","vap_white","uss_20_rep_gra",0.756835259961872,0.00945857683913105,0.737165367626573,0.774014786552877
"York County","vap_white","uss_20_dem_har",0.243164740038128,0.00945857683913105,0.225985213447123,0.262834632373427
"York County","vap_black","uss_20_rep_gra",0.0499009654403069,0.0147070135191915,0.0258241248433872,0.0809326730473633
"York County","vap_black","uss_20_dem_har",0.950099034559693,0.0147070135191915,0.919067326952637,0.974175875156613
"York County","vap_hisp","uss_20_rep_gra",0.18897559573647,0.0741760474896309,0.0799191770579173,0.362097747209003
"York County","vap_hisp","uss_20_dem_har",0.81102440426353,0.0741760474896309,0.637902252790997,0.920080822942083
"York County","vap_asian","uss_20_rep_gra",0.269042541749243,0.116963342091249,0.0965822035123498,0.545764015578174
"York County","vap_asian","uss_20_dem_har",0.730957458250757,0.116963342091249,0.454235984421826,0.90341779648765
"York County","vap_aian","uss_20_rep_gra",0.577413733717253,0.143048532374137,0.307103882857995,0.831416215372103
"York County","vap_aian","uss_20_dem_har",0.422586266282747,0.143048532374137,0.168583784627897,0.692896117142005
"York County","vap_oth_b","uss_20_rep_gra",0.27097072039956,0.0998489455744496,0.0977090310628651,0.483863932886884
"York County","vap_oth_b","uss_20_dem_har",0.72902927960044,0.0998489455744496,0.516136067113116,0.902290968937135
"Abbeville County","vap_white","pre_24_dem_har",0.235903139291612,0.0702884174419352,0.112231875623701,0.385754717750885
"Abbeville County","vap_white","pre_24_rep_tru",0.764096860708388,0.0702884174419352,0.614245282249115,0.887768124376299
"Abbeville County","vap_hisp","pre_24_dem_har",0.400404336157384,0.250641757062724,0.0182761193136769,0.884023106396332
"Abbeville County","vap_hisp","pre_24_rep_tru",0.599595663842616,0.250641757062724,0.115976893603668,0.981723880686323
"Abbeville County","vap_black","pre_24_dem_har",0.452189251677138,0.113354510159214,0.238321895152368,0.673839611575448
"Abbeville County","vap_black","pre_24_rep_tru",0.547810748322862,0.113354510159214,0.326160388424552,0.761678104847632
"Abbeville County","vap_asian","pre_24_dem_har",0.47148439935069,0.222716392066658,0.08197945121201,0.885408713975332
"Abbeville County","vap_asian","pre_24_rep_tru",0.52851560064931,0.222716392066658,0.114591286024668,0.91802054878799
"Abbeville County","vap_oth_b","pre_24_dem_har",0.51348273111679,0.263423888157729,0.0741384460078672,0.95600378366395
"Abbeville County","vap_oth_b","pre_24_rep_tru",0.48651726888321,0.263423888157729,0.04399621633605,0.925861553992133
"Aiken County","vap_white","pre_24_dem_har",0.306651733947583,0.0563082560234489,0.200424762988508,0.420823887596523
"Aiken County","vap_white","pre_24_rep_tru",0.693348266052417,0.0563082560234489,0.579176112403477,0.799575237011492
"Aiken County","vap_hisp","pre_24_dem_har",0.463175288181146,0.209965409513592,0.089508080821568,0.857962832891881
"Aiken County","vap_hisp","pre_24_rep_tru",0.536824711818854,0.209965409513592,0.142037167108119,0.910491919178432
"Aiken County","vap_black","pre_24_dem_har",0.544853880166839,0.12788349086135,0.293920233983179,0.785181375455759
"Aiken County","vap_black","pre_24_rep_tru",0.455146119833161,0.12788349086135,0.214818624544241,0.706079766016821
"Aiken County","vap_asian","pre_24_dem_har",0.489105030013639,0.204422473826196,0.11895747582166,0.872733683356946
"Aiken County","vap_asian","pre_24_rep_tru",0.510894969986361,0.204422473826196,0.127266316643054,0.88104252417834
"Aiken County","vap_oth_b","pre_24_dem_har",0.494198678090024,0.201622888997046,0.123168753191144,0.864461403691376
"Aiken County","vap_oth_b","pre_24_rep_tru",0.505801321909976,0.201622888997046,0.135538596308624,0.876831246808856
"Allendale County","vap_white","pre_24_dem_har",0.519760445030802,0.141653865082382,0.243426354109544,0.785142915111748
"Allendale County","vap_white","pre_24_rep_tru",0.480239554969198,0.141653865082382,0.214857084888252,0.756573645890456
"Allendale County","vap_hisp","pre_24_dem_har",0.403340037160076,0.203858332499433,0.0595215626712653,0.809199583304376
"Allendale County","vap_hisp","pre_24_rep_tru",0.596659962839924,0.203858332499433,0.190800416695624,0.940478437328735
"Allendale County","vap_black","pre_24_dem_har",0.837272111662303,0.080696718026607,0.650930097906636,0.961046401341782
"Allendale County","vap_black","pre_24_rep_tru",0.162727888337697,0.080696718026607,0.038953598658218,0.349069902093364
"Allendale County","vap_asian","pre_24_dem_har",0.647845402844365,0.243496752105487,0.145904584733542,0.992829087540302
"Allendale County","vap_asian","pre_24_rep_tru",0.352154597155635,0.243496752105487,0.00717091245969803,0.854095415266458
"Allendale County","vap_oth_b","pre_24_dem_har",0.438696265606312,0.209031784065791,0.0817358460983957,0.832444637827498
"Allendale County","vap_oth_b","pre_24_rep_tru",0.561303734393688,0.209031784065791,0.167555362172502,0.918264153901604
"Anderson County","vap_white","pre_24_dem_har",0.198040340325041,0.0472415170416962,0.112431571219858,0.296841726277407
"Anderson County","vap_white","pre_24_rep_tru",0.801959659674959,0.0472415170416962,0.703158273722593,0.887568428780142
"Anderson County","vap_hisp","pre_24_dem_har",0.484277546367673,0.214054849106593,0.0965603835990993,0.878344319599057
"Anderson County","vap_hisp","pre_24_rep_tru",0.515722453632327,0.214054849106593,0.121655680400943,0.903439616400901
"Anderson County","vap_black","pre_24_dem_har",0.556542003384119,0.152334607141576,0.259080799209439,0.837435780005236
"Anderson County","vap_black","pre_24_rep_tru",0.443457996615881,0.152334607141576,0.162564219994764,0.740919200790561
"Anderson County","vap_asian","pre_24_dem_har",0.47983051497318,0.227524159510006,0.0760548814813008,0.892669061252801
"Anderson County","vap_asian","pre_24_rep_tru",0.52016948502682,0.227524159510006,0.107330938747199,0.923945118518699
"Anderson County","vap_oth_b","pre_24_dem_har",0.429519624789535,0.23549407080667,0.0420839694678955,0.879018554512151
"Anderson County","vap_oth_b","pre_24_rep_tru",0.570480375210465,0.23549407080667,0.120981445487849,0.957916030532105
"Bamberg County","vap_white","pre_24_dem_har",0.442231150064762,0.12360266704366,0.209595139394888,0.684781665063554
"Bamberg County","vap_white","pre_24_rep_tru",0.557768849935238,0.12360266704366,0.315218334936446,0.790404860605112
"Bamberg County","vap_hisp","pre_24_dem_har",0.584219252107943,0.23711081792651,0.123165226486528,0.963968915479598
"Bamberg County","vap_hisp","pre_24_rep_tru",0.415780747892057,0.23711081792651,0.036031084520402,0.876834773513472
"Bamberg County","vap_black","pre_24_dem_har",0.689462703881031,0.0973592550517308,0.486847560423469,0.863230823565554
"Bamberg County","vap_black","pre_24_rep_tru",0.310537296118969,0.0973592550517308,0.136769176434446,0.513152439576531
"Bamberg County","vap_asian","pre_24_dem_har",0.589172905272627,0.243703634363883,0.11869093842216,0.978381922600979
"Bamberg County","vap_asian","pre_24_rep_tru",0.410827094727373,0.243703634363883,0.021618077399021,0.88130906157784
"Bamberg County","vap_oth_b","pre_24_dem_har",0.570515196103321,0.217998124007232,0.150895126182716,0.93775634844237
"Bamberg County","vap_oth_b","pre_24_rep_tru",0.429484803896679,0.217998124007232,0.06224365155763,0.849104873817284
"Barnwell County","vap_white","pre_24_dem_har",0.323874172886686,0.106553724741105,0.13299127654185,0.544871478769125
"Barnwell County","vap_white","pre_24_rep_tru",0.676125827113314,0.106553724741105,0.455128521230875,0.86700872345815
"Barnwell County","vap_hisp","pre_24_dem_har",0.513943094037341,0.260618652048353,0.05387917007978,0.958069960828833
"Barnwell County","vap_hisp","pre_24_rep_tru",0.486056905962659,0.260618652048353,0.041930039171167,0.94612082992022
"Barnwell County","vap_black","pre_24_dem_har",0.549894914026348,0.115490812857061,0.321348064036518,0.765958015469302
"Barnwell County","vap_black","pre_24_rep_tru",0.450105085973652,0.115490812857061,0.234041984530698,0.678651935963482
"Barnwell County","vap_asian","pre_24_dem_har",0.538085534034598,0.249846481842254,0.082732701108995,0.95482651949986
"Barnwell County","vap_asian","pre_24_rep_tru",0.461914465965402,0.249846481842254,0.04517348050014,0.917267298891005
"Barnwell County","vap_oth_b","pre_24_dem_har",0.376185598014973,0.216837733915492,0.0288401533429554,0.809180891281727
"Barnwell County","vap_oth_b","pre_24_rep_tru",0.623814401985027,0.216837733915492,0.190819108718273,0.971159846657045
"Beaufort County","vap_white","pre_24_dem_har",0.386706318143235,0.049762651793751,0.289320653873151,0.484893090696415
"Beaufort County","vap_white","pre_24_rep_tru",0.613293681856765,0.049762651793751,0.515106909303585,0.710679346126849
"Beaufort County","vap_hisp","pre_24_dem_har",0.449122888665903,0.193940877211268,0.102924008780231,0.819929996083624
"Beaufort County","vap_hisp","pre_24_rep_tru",0.550877111334097,0.193940877211268,0.180070003916376,0.897075991219769
"Beaufort County","vap_black","pre_24_dem_har",0.675828159950947,0.0966978552778849,0.474104698041704,0.848826640511879
"Beaufort County","vap_black","pre_24_rep_tru",0.324171840049053,0.0966978552778849,0.151173359488121,0.525895301958296
"Beaufort County","vap_asian","pre_24_dem_har",0.48696658066791,0.227992215631434,0.0795120784542571,0.901964331058572
"Beaufort County","vap_asian","pre_24_rep_tru",0.51303341933209,0.227992215631434,0.098035668941428,0.920487921545743
"Beaufort County","vap_oth_b","pre_24_dem_har",0.5099332798326,0.201939413307691,0.133387439008153,0.878514655146851
"Beaufort County","vap_oth_b","pre_24_rep_tru",0.4900667201674,0.201939413307691,0.121485344853149,0.866612560991847
"Berkeley County","vap_white","pre_24_dem_har",0.332971232522924,0.0649390059371468,0.209106163664825,0.463224249122649
"Berkeley County","vap_white","pre_24_rep_tru",0.667028767477076,0.0649390059371468,0.536775750877351,0.790893836335175
"Berkeley County","vap_hisp","pre_24_dem_har",0.527998568799519,0.20881128218334,0.132593509010048,0.901201508230504
"Berkeley County","vap_hisp","pre_24_rep_tru",0.472001431200481,0.20881128218334,0.098798491769496,0.867406490989952
"Berkeley County","vap_black","pre_24_dem_har",0.607502685374051,0.101060038534837,0.402692741602399,0.794898064668881
"Berkeley County","vap_black","pre_24_rep_tru",0.392497314625949,0.101060038534837,0.205101935331119,0.597307258397601
"Berkeley County","vap_asian","pre_24_dem_har",0.483427063630242,0.19911567068731,0.119953094217,0.857489959614582
"Berkeley County","vap_asian","pre_24_rep_tru",0.516572936369758,0.19911567068731,0.142510040385418,0.880046905783
"Berkeley County","vap_oth_b","pre_24_dem_har",0.57853758830649,0.225573794265087,0.143295657953583,0.952961567304014
"Berkeley County","vap_oth_b","pre_24_rep_tru",0.42146241169351,0.225573794265087,0.047038432695986,0.856704342046417
"Calhoun County","vap_white","pre_24_dem_har",0.338326295124482,0.0899493712716853,0.171399821961347,0.520901832575037
"Calhoun County","vap_white","pre_24_rep_tru",0.661673704875518,0.0899493712716853,0.479098167424963,0.828600178038653
"Calhoun County","vap_hisp","pre_24_dem_har",0.472146445470476,0.213237011872148,0.0947916176865331,0.865201003015001
"Calhoun County","vap_hisp","pre_24_rep_tru",0.527853554529524,0.213237011872148,0.134798996984999,0.905208382313467
"Calhoun County","vap_black","pre_24_dem_har",0.555685854320159,0.108049399335762,0.342066418588626,0.758868164637667
"Calhoun County","vap_black","pre_24_rep_tru",0.444314145679841,0.108049399335762,0.241131835362333,0.657933581411374
"Calhoun County","vap_asian","pre_24_dem_har",0.571569443272759,0.23565150692625,0.12232762293244,0.959947581934473
"Calhoun County","vap_asian","pre_24_rep_tru",0.428430556727241,0.23565150692625,0.040052418065527,0.87767237706756
"Calhoun County","vap_oth_b","pre_24_dem_har",0.596701764120653,0.190546879599618,0.207328537532286,0.923289454892808
"Calhoun County","vap_oth_b","pre_24_rep_tru",0.403298235879347,0.190546879599618,0.076710545107192,0.792671462467714
"Charleston County","vap_white","pre_24_dem_har",0.474017321413266,0.0618107875727135,0.353116220095409,0.594854459879082
"Charleston County","vap_white","pre_24_rep_tru",0.525982678586734,0.0618107875727135,0.405145540120918,0.646883779904591
"Charleston County","vap_hisp","pre_24_dem_har",0.494311395745355,0.242971926910002,0.0663752347668683,0.927750704253496
"Charleston County","vap_hisp","pre_24_rep_tru",0.505688604254645,0.242971926910002,0.072249295746504,0.933624765233132
"Charleston County","vap_black","pre_24_dem_har",0.753802671409059,0.101694208686445,0.532601767281787,0.921358571356274
"Charleston County","vap_black","pre_24_rep_tru",0.246197328590941,0.101694208686445,0.078641428643726,0.467398232718213
"Charleston County","vap_asian","pre_24_dem_har",0.5179042791645,0.251941296204227,0.0684816588757509,0.952683358696709
"Charleston County","vap_asian","pre_24_rep_tru",0.4820957208355,0.251941296204227,0.047316641303291,0.931518341124249
"Charleston County","vap_oth_b","pre_24_dem_har",0.512428316505861,0.235359255223962,0.0850188982428961,0.926789774426801
"Charleston County","vap_oth_b","pre_24_rep_tru",0.487571683494139,0.235359255223962,0.073210225573199,0.914981101757104
"Cherokee County","vap_white","pre_24_dem_har",0.14614479954878,0.0579742617927777,0.0501933374649656,0.274357314876538
"Cherokee County","vap_white","pre_24_rep_tru",0.85385520045122,0.0579742617927777,0.725642685123462,0.949806662535034
"Cherokee County","vap_hisp","pre_24_dem_har",0.4230800642369,0.204036691861682,0.0722653848955284,0.821557560438677
"Cherokee County","vap_hisp","pre_24_rep_tru",0.5769199357631,0.204036691861682,0.178442439561323,0.927734615104472
"Cherokee County","vap_black","pre_24_dem_har",0.612476739520325,0.128913926207434,0.353232710934235,0.843123103212032
"Cherokee County","vap_black","pre_24_rep_tru",0.387523260479675,0.128913926207434,0.156876896787968,0.646767289065765
"Cherokee County","vap_asian","pre_24_dem_har",0.444537753818614,0.246586572837634,0.0344605441721207,0.901088279008473
"Cherokee County","vap_asian","pre_24_rep_tru",0.555462246181386,0.246586572837634,0.098911720991527,0.965539455827879
"Cherokee County","vap_oth_b","pre_24_dem_har",0.500050233035377,0.240851668525971,0.072106201120988,0.933337445622515
"Cherokee County","vap_oth_b","pre_24_rep_tru",0.499949766964623,0.240851668525971,0.066662554377485,0.927893798879012
"Chester County","vap_white","pre_24_dem_har",0.325563156824373,0.0857975532503622,0.168035388403445,0.500778276947013
"Chester County","vap_white","pre_24_rep_tru",0.674436843175627,0.0857975532503622,0.499221723052987,0.831964611596555
"Chester County","vap_hisp","pre_24_dem_har",0.502847786569529,0.234254806982624,0.0826664048376075,0.924736551547203
"Chester County","vap_hisp","pre_24_rep_tru",0.497152213430471,0.234254806982624,0.075263448452797,0.917333595162393
"Chester County","vap_black","pre_24_dem_har",0.566562384456473,0.104596036576042,0.357449599055584,0.762173275141784
"Chester County","vap_black","pre_24_rep_tru",0.433437615543527,0.104596036576042,0.237826724858216,0.642550400944416
"Chester County","vap_asian","pre_24_dem_har",0.532368820458116,0.244324793659289,0.0759227159098128,0.94833113808958
"Chester County","vap_asian","pre_24_rep_tru",0.467631179541884,0.244324793659289,0.05166886191042,0.924077284090187
"Chester County","vap_oth_b","pre_24_dem_har",0.435090235170294,0.209468249455433,0.0738758280321816,0.843282654440132
"Chester County","vap_oth_b","pre_24_rep_tru",0.564909764829706,0.209468249455433,0.156717345559868,0.926124171967818
"Chesterfield County","vap_white","pre_24_dem_har",0.31034061839858,0.0888799791620374,0.149622568930909,0.495002046231671
"Chesterfield County","vap_white","pre_24_rep_tru",0.68965938160142,0.0888799791620374,0.504997953768329,0.850377431069091
"Chesterfield County","vap_hisp","pre_24_dem_har",0.538543998364257,0.236855976096122,0.0975331554150033,0.941768500619101
"Chesterfield County","vap_hisp","pre_24_rep_tru",0.461456001635743,0.236855976096122,0.058231499380899,0.902466844584997
"Chesterfield County","vap_black","pre_24_dem_har",0.47626224159893,0.112465903266197,0.260494782278573,0.695457760473323
"Chesterfield County","vap_black","pre_24_rep_tru",0.52373775840107,0.112465903266197,0.304542239526677,0.739505217721427
"Chesterfield County","vap_asian","pre_24_dem_har",0.608609752169941,0.210151486847996,0.185059458666415,0.947662981738685
"Chesterfield County","vap_asian","pre_24_rep_tru",0.391390247830059,0.210151486847996,0.052337018261315,0.814940541333585
"Chesterfield County","vap_oth_b","pre_24_dem_har",0.450570789413215,0.244340245936582,0.0438975685147927,0.912680979249766
"Chesterfield County","vap_oth_b","pre_24_rep_tru",0.549429210586785,0.244340245936582,0.087319020750234,0.956102431485207
"Clarendon County","vap_white","pre_24_dem_har",0.310819785778828,0.0871984183844333,0.151702745033871,0.490361541391644
"Clarendon County","vap_white","pre_24_rep_tru",0.689180214221172,0.0871984183844333,0.509638458608356,0.848297254966129
"Clarendon County","vap_hisp","pre_24_dem_har",0.486848071945656,0.206884473159725,0.106074641758331,0.872023678363885
"Clarendon County","vap_hisp","pre_24_rep_tru",0.513151928054344,0.206884473159725,0.127976321636115,0.893925358241669
"Clarendon County","vap_black","pre_24_dem_har",0.61285795899433,0.102821210573198,0.403697555670495,0.802252805740359
"Clarendon County","vap_black","pre_24_rep_tru",0.38714204100567,0.102821210573198,0.197747194259641,0.596302444329505
"Clarendon County","vap_asian","pre_24_dem_har",0.431327489586307,0.257546794696384,0.0212583783025307,0.916458470197215
"Clarendon County","vap_asian","pre_24_rep_tru",0.568672510413693,0.257546794696384,0.083541529802785,0.978741621697469
"Clarendon County","vap_oth_b","pre_24_dem_har",0.505435309556296,0.230842810420742,0.0877765559075568,0.917977851862736
"Clarendon County","vap_oth_b","pre_24_rep_tru",0.494564690443704,0.230842810420742,0.082022148137264,0.912223444092443
"Colleton County","vap_white","pre_24_dem_har",0.330873024915112,0.0819568235666976,0.179340396236495,0.498211205470326
"Colleton County","vap_white","pre_24_rep_tru",0.669126975084888,0.0819568235666976,0.501788794529674,0.820659603763505
"Colleton County","vap_hisp","pre_24_dem_har",0.443703318154594,0.228136591673553,0.05435487742625,0.871584996202806
"Colleton County","vap_hisp","pre_24_rep_tru",0.556296681845406,0.228136591673553,0.128415003797194,0.94564512257375
"Colleton County","vap_black","pre_24_dem_har",0.567862672711627,0.104674131548246,0.358786777414042,0.763220206315462
"Colleton County","vap_black","pre_24_rep_tru",0.432137327288373,0.104674131548246,0.236779793684538,0.641213222585958
"Colleton County","vap_asian","pre_24_dem_har",0.435770813244263,0.186992343933979,0.103741261066748,0.789649768699756
"Colleton County","vap_asian","pre_24_rep_tru",0.564229186755737,0.186992343933979,0.210350231300244,0.896258738933252
"Colleton County","vap_oth_b","pre_24_dem_har",0.387283568089614,0.231548647402741,0.0278008888252164,0.856049268960837
"Colleton County","vap_oth_b","pre_24_rep_tru",0.612716431910386,0.231548647402741,0.143950731039163,0.972199111174784
"Darlington County","vap_white","pre_24_dem_har",0.314194148771117,0.0837075966395682,0.161343296364531,0.486276550067985
"Darlington County","vap_white","pre_24_rep_tru",0.685805851228883,0.0837075966395682,0.513723449932015,0.838656703635469
"Darlington County","vap_hisp","pre_24_dem_har",0.469402448606892,0.235753602649994,0.0659249540304164,0.90701277253536
"Darlington County","vap_hisp","pre_24_rep_tru",0.530597551393108,0.235753602649994,0.09298722746464,0.934075045969584
"Darlington County","vap_black","pre_24_dem_har",0.610407251089178,0.113179671439939,0.380314012191446,0.817334187201374
"Darlington County","vap_black","pre_24_rep_tru",0.389592748910822,0.113179671439939,0.182665812798626,0.619685987808554
"Darlington County","vap_asian","pre_24_dem_har",0.447798987690148,0.251535959953982,0.0422115359643071,0.906311377447654
"Darlington County","vap_asian","pre_24_rep_tru",0.552201012309852,0.251535959953982,0.093688622552346,0.957788464035693
"Darlington County","vap_oth_b","pre_24_dem_har",0.526486478866082,0.23527574692938,0.0896502443093146,0.936963565512677
"Darlington County","vap_oth_b","pre_24_rep_tru",0.473513521133918,0.23527574692938,0.063036434487323,0.910349755690685
"Dillon County","vap_white","pre_24_dem_har",0.312070207188554,0.095427998890094,0.141980035944125,0.511653298695685
"Dillon County","vap_white","pre_24_rep_tru",0.687929792811446,0.095427998890094,0.488346701304315,0.858019964055875
"Dillon County","vap_hisp","pre_24_dem_har",0.465529929680967,0.208425389111597,0.0951353445715817,0.863888311680645
"Dillon County","vap_hisp","pre_24_rep_tru",0.534470070319033,0.208425389111597,0.136111688319355,0.904864655428418
"Dillon County","vap_black","pre_24_dem_har",0.611986899700276,0.101785957662748,0.407374194796495,0.800599207042743
"Dillon County","vap_black","pre_24_rep_tru",0.388013100299724,0.101785957662748,0.199400792957257,0.592625805203505
"Dillon County","vap_asian","pre_24_dem_har",0.395150824946584,0.270929520532001,0.0115723096469059,0.903048435854499
"Dillon County","vap_asian","pre_24_rep_tru",0.604849175053416,0.270929520532001,0.096951564145501,0.988427690353094
"Dillon County","vap_oth_b","pre_24_dem_har",0.488391264747684,0.236547513961816,0.070229563111922,0.914431952555125
"Dillon County","vap_oth_b","pre_24_rep_tru",0.511608735252316,0.236547513961816,0.085568047444875,0.929770436888078
"Dorchester County","vap_white","pre_24_dem_har",0.370952908340742,0.0551442932619393,0.264467463649695,0.480793646242198
"Dorchester County","vap_white","pre_24_rep_tru",0.629047091659258,0.0551442932619393,0.519206353757802,0.735532536350305
"Dorchester County","vap_hisp","pre_24_dem_har",0.495607347675921,0.19581053667668,0.133228218925858,0.860242451826995
"Dorchester County","vap_hisp","pre_24_rep_tru",0.504392652324079,0.19581053667668,0.139757548173005,0.866771781074142
"Dorchester County","vap_black","pre_24_dem_har",0.555728257114822,0.104285898265216,0.348928140816173,0.753457987989828
"Dorchester County","vap_black","pre_24_rep_tru",0.444271742885178,0.104285898265216,0.246542012010172,0.651071859183827
"Dorchester County","vap_asian","pre_24_dem_har",0.519463824738825,0.212037207078355,0.126208546704836,0.897323898451058
"Dorchester County","vap_asian","pre_24_rep_tru",0.480536175261175,0.212037207078355,0.102676101548942,0.873791453295164
"Dorchester County","vap_oth_b","pre_24_dem_har",0.509226998947042,0.271875532005485,0.0434220182072607,0.965499593781984
"Dorchester County","vap_oth_b","pre_24_rep_tru",0.490773001052958,0.271875532005485,0.034500406218016,0.956577981792739
"Edgefield County","vap_white","pre_24_dem_har",0.240086389361978,0.0790248702573472,0.0993110071081827,0.406376004949598
"Edgefield County","vap_white","pre_24_rep_tru",0.759913610638022,0.0790248702573472,0.593623995050402,0.900688992891817
"Edgefield County","vap_hisp","pre_24_dem_har",0.442199713052924,0.208902285894093,0.0700833674193741,0.842313988594872
"Edgefield County","vap_hisp","pre_24_rep_tru",0.557800286947076,0.208902285894093,0.157686011405128,0.929916632580626
"Edgefield County","vap_black","pre_24_dem_har",0.544339033566278,0.0978144771160393,0.349637215294092,0.73059277646187
"Edgefield County","vap_black","pre_24_rep_tru",0.455660966433722,0.0978144771160393,0.26940722353813,0.650362784705908
"Edgefield County","vap_asian","pre_24_dem_har",0.456969259684706,0.205024391872555,0.102551898721681,0.865645891297366
"Edgefield County","vap_asian","pre_24_rep_tru",0.543030740315294,0.205024391872555,0.134354108702634,0.897448101278319
"Edgefield County","vap_oth_b","pre_24_dem_har",0.485178901492589,0.196951524416544,0.131380974362473,0.861676632280146
"Edgefield County","vap_oth_b","pre_24_rep_tru",0.514821098507411,0.196951524416544,0.138323367719854,0.868619025637527
"Fairfield County","vap_white","pre_24_dem_har",0.471226576456968,0.110589712295986,0.25710411638922,0.684244099839206
"Fairfield County","vap_white","pre_24_rep_tru",0.528773423543032,0.110589712295986,0.315755900160794,0.74289588361078
"Fairfield County","vap_hisp","pre_24_dem_har",0.482382050235815,0.251232914835196,0.0486787041259927,0.924860239355673
"Fairfield County","vap_hisp","pre_24_rep_tru",0.517617949764185,0.251232914835196,0.075139760644327,0.951321295874007
"Fairfield County","vap_black","pre_24_dem_har",0.6518010234373,0.0971220690910639,0.452931272530345,0.829361829233141
"Fairfield County","vap_black","pre_24_rep_tru",0.3481989765627,0.0971220690910639,0.170638170766859,0.547068727469655
"Fairfield County","vap_asian","pre_24_dem_har",0.508473378676001,0.247268865611877,0.0584446404396425,0.929141182459618
"Fairfield County","vap_asian","pre_24_rep_tru",0.491526621323999,0.247268865611877,0.070858817540382,0.941555359560358
"Fairfield County","vap_oth_b","pre_24_dem_har",0.484563473944022,0.249273273514138,0.0472196002698598,0.931299184366972
"Fairfield County","vap_oth_b","pre_24_rep_tru",0.515436526055978,0.249273273514138,0.068700815633028,0.95278039973014
"Florence County","vap_white","pre_24_dem_har",0.283755839143694,0.0772604438277191,0.144106324581855,0.443852194488493
"Florence County","vap_white","pre_24_rep_tru",0.716244160856306,0.0772604438277191,0.556147805511507,0.855893675418145
"Florence County","vap_hisp","pre_24_dem_har",0.541752737432471,0.238313639154667,0.0955078630023681,0.943888588771941
"Florence County","vap_hisp","pre_24_rep_tru",0.458247262567529,0.238313639154667,0.056111411228059,0.904492136997632
"Florence County","vap_black","pre_24_dem_har",0.710510410335774,0.110974883862502,0.474581381693693,0.897126058236404
"Florence County","vap_black","pre_24_rep_tru",0.289489589664226,0.110974883862502,0.102873941763596,0.525418618306307
"Florence County","vap_asian","pre_24_dem_har",0.526365418112521,0.237823748833548,0.0873907423971534,0.939037634430077
"Florence County","vap_asian","pre_24_rep_tru",0.473634581887479,0.237823748833548,0.060962365569923,0.912609257602847
"Florence County","vap_oth_b","pre_24_dem_har",0.453302387406574,0.236740098962444,0.0542281336610404,0.898097869513073
"Florence County","vap_oth_b","pre_24_rep_tru",0.546697612593426,0.236740098962444,0.101902130486927,0.94577186633896
"Georgetown County","vap_white","pre_24_dem_har",0.301125590932141,0.0614263219420271,0.186670150561655,0.425663216740642
"Georgetown County","vap_white","pre_24_rep_tru",0.698874409067859,0.0614263219420271,0.574336783259358,0.813329849438345
"Georgetown County","vap_hisp","pre_24_dem_har",0.479212557551718,0.23613777470931,0.0721087615145531,0.915135994258666
"Georgetown County","vap_hisp","pre_24_rep_tru",0.520787442448282,0.23613777470931,0.084864005741334,0.927891238485447
"Georgetown County","vap_black","pre_24_dem_har",0.690957295444485,0.0951289639747874,0.491518585979207,0.858377683881932
"Georgetown County","vap_black","pre_24_rep_tru",0.309042704555515,0.0951289639747874,0.141622316118068,0.508481414020793
"Georgetown County","vap_asian","pre_24_dem_har",0.466372617805852,0.198822891200007,0.111946375939777,0.854872439139688
"Georgetown County","vap_asian","pre_24_rep_tru",0.533627382194148,0.198822891200007,0.145127560860312,0.888053624060223
"Georgetown County","vap_oth_b","pre_24_dem_har",0.509139880513166,0.216316961709807,0.111882831366338,0.898488042580329
"Georgetown County","vap_oth_b","pre_24_rep_tru",0.490860119486834,0.216316961709807,0.101511957419671,0.888117168633662
"Greenville County","vap_white","pre_24_dem_har",0.319457137403832,0.0635117513039649,0.200432133050713,0.448043803355517
"Greenville County","vap_white","pre_24_rep_tru",0.680542862596168,0.0635117513039649,0.551956196644483,0.799567866949287
"Greenville County","vap_hisp","pre_24_dem_har",0.492970713453458,0.224395501880439,0.0918311374805426,0.902079712978578
"Greenville County","vap_hisp","pre_24_rep_tru",0.507029286546542,0.224395501880439,0.097920287021422,0.908168862519457
"Greenville County","vap_black","pre_24_dem_har",0.673426771890484,0.133497643060847,0.39407954632439,0.902384265260945
"Greenville County","vap_black","pre_24_rep_tru",0.326573228109516,0.133497643060847,0.097615734739055,0.60592045367561
"Greenville County","vap_asian","pre_24_dem_har",0.467421502060817,0.213407542905012,0.0887250848375907,0.869936916343015
"Greenville County","vap_asian","pre_24_rep_tru",0.532578497939183,0.213407542905012,0.130063083656985,0.911274915162409
"Greenville County","vap_oth_b","pre_24_dem_har",0.510897309582898,0.245536856418674,0.0690593109006369,0.939122355343668
"Greenville County","vap_oth_b","pre_24_rep_tru",0.489102690417102,0.245536856418674,0.060877644656332,0.930940689099363
"Greenwood County","vap_white","pre_24_dem_har",0.238966678807251,0.0688051658057792,0.115403365940005,0.382425653397458
"Greenwood County","vap_white","pre_24_rep_tru",0.761033321192749,0.0688051658057792,0.617574346602542,0.884596634059995
"Greenwood County","vap_hisp","pre_24_dem_har",0.532749207644512,0.192031295155561,0.163418056293846,0.88246437210429
"Greenwood County","vap_hisp","pre_24_rep_tru",0.467250792355488,0.192031295155561,0.11753562789571,0.836581943706154
"Greenwood County","vap_black","pre_24_dem_har",0.635038552844845,0.127042129483314,0.373569860676046,0.859133949740164
"Greenwood County","vap_black","pre_24_rep_tru",0.364961447155155,0.127042129483314,0.140866050259836,0.626430139323954
"Greenwood County","vap_asian","pre_24_dem_har",0.468527175085766,0.270007318107909,0.0298906520688187,0.946997834401014
"Greenwood County","vap_asian","pre_24_rep_tru",0.531472824914234,0.270007318107909,0.053002165598986,0.970109347931181
"Greenwood County","vap_oth_b","pre_24_dem_har",0.517358096063311,0.240573474578024,0.0862723346650067,0.950246468084083
"Greenwood County","vap_oth_b","pre_24_rep_tru",0.482641903936689,0.240573474578024,0.049753531915917,0.913727665334993
"Hampton County","vap_white","pre_24_dem_har",0.414575855046119,0.10675679661417,0.214822255226358,0.627712902207045
"Hampton County","vap_white","pre_24_rep_tru",0.585424144953881,0.10675679661417,0.372287097792955,0.785177744773642
"Hampton County","vap_hisp","pre_24_dem_har",0.484132222278827,0.201373830715116,0.119280951639209,0.858801316854674
"Hampton County","vap_hisp","pre_24_rep_tru",0.515867777721173,0.201373830715116,0.141198683145326,0.880719048360791
"Hampton County","vap_black","pre_24_dem_har",0.631794810231439,0.098893022855797,0.429948981324632,0.813576126363537
"Hampton County","vap_black","pre_24_rep_tru",0.368205189768561,0.098893022855797,0.186423873636463,0.570051018675368
"Hampton County","vap_asian","pre_24_dem_har",0.556756685269334,0.245088792404753,0.0753320375461136,0.937139638232888
"Hampton County","vap_asian","pre_24_rep_tru",0.443243314730666,0.245088792404753,0.062860361767112,0.924667962453886
"Hampton County","vap_oth_b","pre_24_dem_har",0.582797328450683,0.223781835015016,0.153463130195024,0.960620246288359
"Hampton County","vap_oth_b","pre_24_rep_tru",0.417202671549317,0.223781835015016,0.039379753711641,0.846536869804976
"Horry County","vap_white","pre_24_dem_har",0.265769039675176,0.0434025090484877,0.183467296063179,0.353014335956948
"Horry County","vap_white","pre_24_rep_tru",0.734230960324824,0.0434025090484877,0.646985664043052,0.816532703936821
"Horry County","vap_hisp","pre_24_dem_har",0.460985789659016,0.230814020008282,0.0635822069342555,0.88927615631967
"Horry County","vap_hisp","pre_24_rep_tru",0.539014210340984,0.230814020008282,0.11072384368033,0.936417793065744
"Horry County","vap_black","pre_24_dem_har",0.487229384374071,0.155177658758295,0.199130549772804,0.784562360734699
"Horry County","vap_black","pre_24_rep_tru",0.512770615625929,0.155177658758295,0.215437639265301,0.800869450227196
"Horry County","vap_asian","pre_24_dem_har",0.50385605893706,0.221178231266327,0.105555865619999,0.90378222491471
"Horry County","vap_asian","pre_24_rep_tru",0.49614394106294,0.221178231266327,0.09621777508529,0.894444134380001
"Horry County","vap_oth_b","pre_24_dem_har",0.534019138301629,0.242342584368626,0.0880208970064441,0.946717794752313
"Horry County","vap_oth_b","pre_24_rep_tru",0.465980861698371,0.242342584368626,0.053282205247687,0.911979102993556
"Jasper County","vap_white","pre_24_dem_har",0.431834368304214,0.0685857571801549,0.301140228532312,0.566844333230946
"Jasper County","vap_white","pre_24_rep_tru",0.568165631695786,0.0685857571801549,0.433155666769054,0.698859771467688
"Jasper County","vap_hisp","pre_24_dem_har",0.511106022831309,0.196291547334835,0.140853417499048,0.869934715824854
"Jasper County","vap_hisp","pre_24_rep_tru",0.488893977168691,0.196291547334835,0.130065284175146,0.859146582500952
"Jasper County","vap_black","pre_24_dem_har",0.606177036090237,0.104479263644883,0.395539334117233,0.798123069101519
"Jasper County","vap_black","pre_24_rep_tru",0.393822963909763,0.104479263644883,0.201876930898481,0.604460665882767
"Jasper County","vap_asian","pre_24_dem_har",0.349254897762187,0.214516713030945,0.0223146502338811,0.790861701659539
"Jasper County","vap_asian","pre_24_rep_tru",0.650745102237813,0.214516713030945,0.209138298340461,0.977685349766119
"Jasper County","vap_oth_b","pre_24_dem_har",0.591439015221923,0.193761630406091,0.20310128889331,0.918482851554792
"Jasper County","vap_oth_b","pre_24_rep_tru",0.408560984778077,0.193761630406091,0.081517148445208,0.79689871110669
"Kershaw County","vap_white","pre_24_dem_har",0.305327573515254,0.0684876775871714,0.178267656521516,0.445322069328767
"Kershaw County","vap_white","pre_24_rep_tru",0.694672426484746,0.0684876775871714,0.554677930671233,0.821732343478484
"Kershaw County","vap_hisp","pre_24_dem_har",0.477452499367114,0.212506293521362,0.0970167692070628,0.867709296541208
"Kershaw County","vap_hisp","pre_24_rep_tru",0.522547500632886,0.212506293521362,0.132290703458792,0.902983230792937
"Kershaw County","vap_black","pre_24_dem_har",0.460171287968836,0.10319680572725,0.259632507201309,0.661093323237356
"Kershaw County","vap_black","pre_24_rep_tru",0.539828712031164,0.10319680572725,0.338906676762644,0.740367492798691
"Kershaw County","vap_asian","pre_24_dem_har",0.536238778621371,0.216119509734273,0.131086696298096,0.916521297290988
"Kershaw County","vap_asian","pre_24_rep_tru",0.463761221378629,0.216119509734273,0.083478702709012,0.868913303701904
"Kershaw County","vap_oth_b","pre_24_dem_har",0.582489889700603,0.220617048996009,0.147384650312302,0.946607730564744
"Kershaw County","vap_oth_b","pre_24_rep_tru",0.417510110299397,0.220617048996009,0.053392269435256,0.852615349687698
"Lancaster County","vap_white","pre_24_dem_har",0.307634492092411,0.0643437066938481,0.188230737227526,0.43840786966512
"Lancaster County","vap_white","pre_24_rep_tru",0.692365507907589,0.0643437066938481,0.56159213033488,0.811769262772474
"Lancaster County","vap_hisp","pre_24_dem_har",0.581729014875352,0.204428825688513,0.174018755334942,0.925314221020918
"Lancaster County","vap_hisp","pre_24_rep_tru",0.418270985124648,0.204428825688513,0.074685778979082,0.825981244665058
"Lancaster County","vap_black","pre_24_dem_har",0.530634492009473,0.129212785110747,0.277427634876014,0.774051807396458
"Lancaster County","vap_black","pre_24_rep_tru",0.469365507990527,0.129212785110747,0.225948192603542,0.722572365123986
"Lancaster County","vap_asian","pre_24_dem_har",0.600382944187441,0.201360151277954,0.206308332776687,0.940306137085328
"Lancaster County","vap_asian","pre_24_rep_tru",0.399617055812559,0.201360151277954,0.059693862914672,0.793691667223313
"Lancaster County","vap_oth_b","pre_24_dem_har",0.49669181374559,0.217280255371431,0.10132777156927,0.892624579773962
"Lancaster County","vap_oth_b","pre_24_rep_tru",0.50330818625441,0.217280255371431,0.107375420226038,0.89867222843073
"Laurens County","vap_white","pre_24_dem_har",0.227893958996325,0.0675752636200116,0.107798062629888,0.370404530800476
"Laurens County","vap_white","pre_24_rep_tru",0.772106041003675,0.0675752636200116,0.629595469199524,0.892201937370112
"Laurens County","vap_hisp","pre_24_dem_har",0.403249227823137,0.226418196578378,0.0415851620136734,0.847506513959369
"Laurens County","vap_hisp","pre_24_rep_tru",0.596750772176863,0.226418196578378,0.152493486040631,0.958414837986327
"Laurens County","vap_black","pre_24_dem_har",0.498938571480771,0.116621344646964,0.274611701411397,0.724310242854538
"Laurens County","vap_black","pre_24_rep_tru",0.501061428519229,0.116621344646964,0.275689757145462,0.725388298588603
"Laurens County","vap_asian","pre_24_dem_har",0.507783399581476,0.223817642466602,0.102257671366208,0.909163386948021
"Laurens County","vap_asian","pre_24_rep_tru",0.492216600418524,0.223817642466602,0.090836613051979,0.897742328633792
"Laurens County","vap_oth_b","pre_24_dem_har",0.460090190897758,0.221936131782485,0.071602224737841,0.866888740839457
"Laurens County","vap_oth_b","pre_24_rep_tru",0.539909809102242,0.221936131782485,0.133111259160543,0.928397775262159
"Lee County","vap_white","pre_24_dem_har",0.428689567098289,0.130216193780325,0.186700421032172,0.685854116189763
"Lee County","vap_white","pre_24_rep_tru",0.571310432901711,0.130216193780325,0.314145883810237,0.813299578967828
"Lee County","vap_hisp","pre_24_dem_har",0.537232904366504,0.206356776182676,0.134204577598635,0.918730067396079
"Lee County","vap_hisp","pre_24_rep_tru",0.462767095633496,0.206356776182676,0.081269932603921,0.865795422401365
"Lee County","vap_black","pre_24_dem_har",0.701737983334851,0.0968555627570445,0.497978252650077,0.872688243855113
"Lee County","vap_black","pre_24_rep_tru",0.298262016665149,0.0968555627570445,0.127311756144887,0.502021747349923
"Lee County","vap_asian","pre_24_dem_har",0.496162848091829,0.238671119352339,0.0844070705100863,0.906359234216326
"Lee County","vap_asian","pre_24_rep_tru",0.503837151908171,0.238671119352339,0.093640765783674,0.915592929489914
"Lee County","vap_oth_b","pre_24_dem_har",0.583211933349391,0.165358399013027,0.261522609757683,0.891045648767193
"Lee County","vap_oth_b","pre_24_rep_tru",0.416788066650609,0.165358399013027,0.108954351232807,0.738477390242317
"Lexington County","vap_white","pre_24_dem_har",0.269771571929723,0.0559301172909111,0.165242002498734,0.383466444717065
"Lexington County","vap_white","pre_24_rep_tru",0.730228428070277,0.0559301172909111,0.616533555282935,0.834757997501266
"Lexington County","vap_hisp","pre_24_dem_har",0.446234918788508,0.253789807043333,0.0366525757632046,0.913517835589485
"Lexington County","vap_hisp","pre_24_rep_tru",0.553765081211492,0.253789807043333,0.086482164410515,0.963347424236795
"Lexington County","vap_black","pre_24_dem_har",0.604793498470191,0.145750326025956,0.312034151339744,0.864456019540472
"Lexington County","vap_black","pre_24_rep_tru",0.395206501529809,0.145750326025956,0.135543980459528,0.687965848660256
"Lexington County","vap_asian","pre_24_dem_har",0.467993232083229,0.221228491910399,0.0793982893436893,0.877850416027446
"Lexington County","vap_asian","pre_24_rep_tru",0.532006767916771,0.221228491910399,0.122149583972554,0.920601710656311
"Lexington County","vap_oth_b","pre_24_dem_har",0.441123185663065,0.210552112046427,0.0755506980159144,0.844749585137494
"Lexington County","vap_oth_b","pre_24_rep_tru",0.558876814336935,0.210552112046427,0.155250414862506,0.924449301984086
"McCormick County","vap_white","pre_24_dem_har",0.332911720251096,0.074512108299975,0.190315593032401,0.479372271055444
"McCormick County","vap_white","pre_24_rep_tru",0.667088279748904,0.074512108299975,0.520627728944556,0.809684406967599
"McCormick County","vap_hisp","pre_24_dem_har",0.592611018870629,0.194927653905302,0.20859568872838,0.923468392467053
"McCormick County","vap_hisp","pre_24_rep_tru",0.407388981129371,0.194927653905302,0.076531607532947,0.79140431127162
"McCormick County","vap_black","pre_24_dem_har",0.625919436649844,0.100196781224993,0.421086126936595,0.810915385728315
"McCormick County","vap_black","pre_24_rep_tru",0.374080563350156,0.100196781224993,0.189084614271685,0.578913873063405
"McCormick County","vap_asian","pre_24_dem_har",0.36709173240108,0.234060115182535,0.0149580453604694,0.85087142730557
"McCormick County","vap_asian","pre_24_rep_tru",0.63290826759892,0.234060115182535,0.14912857269443,0.985041954639531
"McCormick County","vap_oth_b","pre_24_dem_har",0.586025148239854,0.19583419994867,0.184537360804443,0.918789288301737
"McCormick County","vap_oth_b","pre_24_rep_tru",0.413974851760146,0.19583419994867,0.081210711698263,0.815462639195557
"Marion County","vap_white","pre_24_dem_har",0.49217524962837,0.1057818038929,0.286938442324211,0.697221397854282
"Marion County","vap_white","pre_24_rep_tru",0.50782475037163,0.1057818038929,0.302778602145718,0.713061557675789
"Marion County","vap_hisp","pre_24_dem_har",0.475464804219207,0.219990376952744,0.0834464368777783,0.889127913876054
"Marion County","vap_hisp","pre_24_rep_tru",0.524535195780793,0.219990376952744,0.110872086123946,0.916553563122222
"Marion County","vap_black","pre_24_dem_har",0.605570918191747,0.0876855341249793,0.429179908689745,0.770208907664517
"Marion County","vap_black","pre_24_rep_tru",0.394429081808253,0.0876855341249793,0.229791092335483,0.570820091310255
"Marion County","vap_asian","pre_24_dem_har",0.55121724758724,0.243676032022838,0.0997151110300755,0.960827137477
"Marion County","vap_asian","pre_24_rep_tru",0.44878275241276,0.243676032022838,0.039172862523,0.900284888969925
"Marion County","vap_oth_b","pre_24_dem_har",0.542467602816627,0.240775789136733,0.0923849627648165,0.941063313395276
"Marion County","vap_oth_b","pre_24_rep_tru",0.457532397183373,0.240775789136733,0.058936686604724,0.907615037235183
"Marlboro County","vap_white","pre_24_dem_har",0.424043523238556,0.113649360958531,0.210449941543784,0.650406711440733
"Marlboro County","vap_white","pre_24_rep_tru",0.575956476761444,0.113649360958531,0.349593288559267,0.789550058456216
"Marlboro County","vap_hisp","pre_24_dem_har",0.469550866321603,0.204895757326109,0.105575060623608,0.864626792459719
"Marlboro County","vap_hisp","pre_24_rep_tru",0.530449133678397,0.204895757326109,0.135373207540281,0.894424939376392
"Marlboro County","vap_black","pre_24_dem_har",0.596364104724581,0.109305325410886,0.376308891102299,0.798287376646786
"Marlboro County","vap_black","pre_24_rep_tru",0.403635895275419,0.109305325410886,0.201712623353214,0.623691108897701
"Marlboro County","vap_asian","pre_24_dem_har",0.558700636178927,0.202618572159823,0.181023252535404,0.920674536982526
"Marlboro County","vap_asian","pre_24_rep_tru",0.441299363821073,0.202618572159823,0.079325463017474,0.818976747464596
"Marlboro County","vap_oth_b","pre_24_dem_har",0.488644502537695,0.201464290567156,0.12034386087244,0.862921901131965
"Marlboro County","vap_oth_b","pre_24_rep_tru",0.511355497462305,0.201464290567156,0.137078098868035,0.87965613912756
"Newberry County","vap_white","pre_24_dem_har",0.251177585810404,0.0709386701020014,0.12359650095218,0.399608463711635
"Newberry County","vap_white","pre_24_rep_tru",0.748822414189596,0.0709386701020014,0.600391536288365,0.87640349904782
"Newberry County","vap_hisp","pre_24_dem_har",0.478604615752742,0.229086607421612,0.0737153347080396,0.890767484709722
"Newberry County","vap_hisp","pre_24_rep_tru",0.521395384247258,0.229086607421612,0.109232515290278,0.92628466529196
"Newberry County","vap_black","pre_24_dem_har",0.546563892841517,0.129306153214239,0.291606435206684,0.785284878799962
"Newberry County","vap_black","pre_24_rep_tru",0.453436107158483,0.129306153214239,0.214715121200038,0.708393564793316
"Newberry County","vap_asian","pre_24_dem_har",0.562917609820983,0.230690083334777,0.127999149746834,0.937902570317498
"Newberry County","vap_asian","pre_24_rep_tru",0.437082390179017,0.230690083334777,0.062097429682502,0.872000850253166
"Newberry County","vap_oth_b","pre_24_dem_har",0.520984479347397,0.264966315144565,0.0543860027424815,0.958753151481869
"Newberry County","vap_oth_b","pre_24_rep_tru",0.479015520652603,0.264966315144565,0.041246848518131,0.945613997257518
"Oconee County","vap_white","pre_24_dem_har",0.201611398848281,0.0479619171936519,0.114820802217719,0.302060869941618
"Oconee County","vap_white","pre_24_rep_tru",0.798388601151719,0.0479619171936519,0.697939130058382,0.885179197782281
"Oconee County","vap_hisp","pre_24_dem_har",0.406796722268331,0.203682688142668,0.0654875192522706,0.811399037530844
"Oconee County","vap_hisp","pre_24_rep_tru",0.593203277731669,0.203682688142668,0.188600962469156,0.934512480747729
"Oconee County","vap_black","pre_24_dem_har",0.533498354517672,0.143027581540309,0.255679986953416,0.801742645476995
"Oconee County","vap_black","pre_24_rep_tru",0.466501645482328,0.143027581540309,0.198257354523005,0.744320013046584
"Oconee County","vap_asian","pre_24_dem_har",0.506258410345562,0.215235608753273,0.112581157971148,0.891301257721352
"Oconee County","vap_asian","pre_24_rep_tru",0.493741589654438,0.215235608753273,0.108698742278648,0.887418842028852
"Oconee County","vap_oth_b","pre_24_dem_har",0.533446958343755,0.245635141742701,0.0858137216827075,0.948018229538594
"Oconee County","vap_oth_b","pre_24_rep_tru",0.466553041656245,0.245635141742701,0.051981770461406,0.914186278317292
"Orangeburg County","vap_white","pre_24_dem_har",0.441243829909329,0.0977325309212778,0.255443589236111,0.635902167548287
"Orangeburg County","vap_white","pre_24_rep_tru",0.558756170090671,0.0977325309212778,0.364097832451713,0.744556410763889
"Orangeburg County","vap_hisp","pre_24_dem_har",0.497248835318753,0.235519593824325,0.0733616759159501,0.915345357360578
"Orangeburg County","vap_hisp","pre_24_rep_tru",0.502751164681247,0.235519593824325,0.084654642639422,0.92663832408405
"Orangeburg County","vap_black","pre_24_dem_har",0.750591068112781,0.0865685906740281,0.563781608218278,0.898545012378448
"Orangeburg County","vap_black","pre_24_rep_tru",0.249408931887219,0.0865685906740281,0.101454987621552,0.436218391781722
"Orangeburg County","vap_asian","pre_24_dem_har",0.549425565463823,0.208386171816147,0.14899446803553,0.919259087705112
"Orangeburg County","vap_asian","pre_24_rep_tru",0.450574434536177,0.208386171816147,0.080740912294888,0.85100553196447
"Orangeburg County","vap_oth_b","pre_24_dem_har",0.509955600659108,0.223748338119973,0.101843302842422,0.914187303008575
"Orangeburg County","vap_oth_b","pre_24_rep_tru",0.490044399340892,0.223748338119973,0.085812696991425,0.898156697157578
"Pickens County","vap_white","pre_24_dem_har",0.193493040060286,0.0528786567412893,0.0997102417955757,0.305517510313285
"Pickens County","vap_white","pre_24_rep_tru",0.806506959939714,0.0528786567412893,0.694482489686715,0.900289758204424
"Pickens County","vap_hisp","pre_24_dem_har",0.468007583157211,0.237773472368818,0.0571503818677595,0.907131337100706
"Pickens County","vap_hisp","pre_24_rep_tru",0.531992416842789,0.237773472368818,0.092868662899294,0.94284961813224
"Pickens County","vap_black","pre_24_dem_har",0.475557576879239,0.165350879738628,0.169385816330513,0.790144958219831
"Pickens County","vap_black","pre_24_rep_tru",0.524442423120761,0.165350879738628,0.209855041780169,0.830614183669487
"Pickens County","vap_asian","pre_24_dem_har",0.555517810825353,0.268243307852472,0.0718781281908389,0.970847533441291
"Pickens County","vap_asian","pre_24_rep_tru",0.444482189174647,0.268243307852472,0.029152466558709,0.928121871809161
"Pickens County","vap_oth_b","pre_24_dem_har",0.501465257349015,0.231377167902701,0.0860161229876825,0.917953744724033
"Pickens County","vap_oth_b","pre_24_rep_tru",0.498534742650985,0.231377167902701,0.082046255275967,0.913983877012318
"Richland County","vap_white","pre_24_dem_har",0.502701017311721,0.0864093438707788,0.332842012437679,0.668886288952871
"Richland County","vap_white","pre_24_rep_tru",0.497298982688279,0.0864093438707788,0.331113711047129,0.667157987562321
"Richland County","vap_hisp","pre_24_dem_har",0.526415752808148,0.228348843773883,0.10516684072025,0.928530723368455
"Richland County","vap_hisp","pre_24_rep_tru",0.473584247191852,0.228348843773883,0.071469276631545,0.89483315927975
"Richland County","vap_black","pre_24_dem_har",0.863948329551428,0.0563474675360446,0.737044168752077,0.954940602597673
"Richland County","vap_black","pre_24_rep_tru",0.136051670448572,0.0563474675360446,0.045059397402327,0.262955831247923
"Richland County","vap_asian","pre_24_dem_har",0.528353957413799,0.262332723977015,0.0642151636122249,0.960447830317761
"Richland County","vap_asian","pre_24_rep_tru",0.471646042586201,0.262332723977015,0.039552169682239,0.935784836387775
"Richland County","vap_oth_b","pre_24_dem_har",0.525993878586671,0.232620363855406,0.0971145145865032,0.929769106699458
"Richland County","vap_oth_b","pre_24_rep_tru",0.474006121413329,0.232620363855406,0.070230893300542,0.902885485413497
"Saluda County","vap_white","pre_24_dem_har",0.226700265635064,0.0912294847212705,0.0731633082556454,0.423650788048948
"Saluda County","vap_white","pre_24_rep_tru",0.773299734364936,0.0912294847212705,0.576349211951052,0.926836691744355
"Saluda County","vap_hisp","pre_24_dem_har",0.449623378462235,0.226013855491847,0.0626556661324933,0.880200440728846
"Saluda County","vap_hisp","pre_24_rep_tru",0.550376621537765,0.226013855491847,0.119799559271154,0.937344333867507
"Saluda County","vap_black","pre_24_dem_har",0.478800686309328,0.117444794928477,0.257473748633946,0.707003287570376
"Saluda County","vap_black","pre_24_rep_tru",0.521199313690672,0.117444794928477,0.292996712429624,0.742526251366054
"Saluda County","vap_asian","pre_24_dem_har",0.573140392865962,0.243593945798033,0.111605913238682,0.96821250400885
"Saluda County","vap_asian","pre_24_rep_tru",0.426859607134038,0.243593945798033,0.03178749599115,0.888394086761318
"Saluda County","vap_oth_b","pre_24_dem_har",0.596036488075226,0.26968693728805,0.0565500449692283,0.980512689012052
"Saluda County","vap_oth_b","pre_24_rep_tru",0.403963511924774,0.26968693728805,0.019487310987948,0.943449955030772
"Spartanburg County","vap_white","pre_24_dem_har",0.231582686827317,0.0623754047209163,0.119460164191682,0.36235091326843
"Spartanburg County","vap_white","pre_24_rep_tru",0.768417313172683,0.0623754047209163,0.63764908673157,0.880539835808318
"Spartanburg County","vap_hisp","pre_24_dem_har",0.469375483084255,0.16290659899701,0.16553518497001,0.783907217931982
"Spartanburg County","vap_hisp","pre_24_rep_tru",0.530624516915745,0.16290659899701,0.216092782068018,0.83446481502999
"Spartanburg County","vap_black","pre_24_dem_har",0.64747955811741,0.142438935757815,0.354608734008462,0.892889813447302
"Spartanburg County","vap_black","pre_24_rep_tru",0.35252044188259,0.142438935757815,0.107110186552698,0.645391265991538
"Spartanburg County","vap_asian","pre_24_dem_har",0.526059878123018,0.235958862325351,0.0901922260738682,0.935250327367693
"Spartanburg County","vap_asian","pre_24_rep_tru",0.473940121876982,0.235958862325351,0.064749672632307,0.909807773926132
"Spartanburg County","vap_oth_b","pre_24_dem_har",0.41907203568749,0.203277635035096,0.0727791316384253,0.818168407497067
"Spartanburg County","vap_oth_b","pre_24_rep_tru",0.58092796431251,0.203277635035096,0.181831592502933,0.927220868361575
"Sumter County","vap_white","pre_24_dem_har",0.339762700437752,0.112267404313636,0.137223901377191,0.568829742261547
"Sumter County","vap_white","pre_24_rep_tru",0.660237299562248,0.112267404313636,0.431170257738453,0.862776098622809
"Sumter County","vap_hisp","pre_24_dem_har",0.487056699431665,0.246330240680876,0.053231146974256,0.927435045687521
"Sumter County","vap_hisp","pre_24_rep_tru",0.512943300568335,0.246330240680876,0.072564954312479,0.946768853025744
"Sumter County","vap_black","pre_24_dem_har",0.720036225071511,0.113257944954722,0.476328224864615,0.909117541546851
"Sumter County","vap_black","pre_24_rep_tru",0.279963774928489,0.113257944954722,0.090882458453149,0.523671775135385
"Sumter County","vap_asian","pre_24_dem_har",0.518821151880838,0.247166361714723,0.0760024764667726,0.946430077217654
"Sumter County","vap_asian","pre_24_rep_tru",0.481178848119162,0.247166361714723,0.053569922782346,0.923997523533227
"Sumter County","vap_oth_b","pre_24_dem_har",0.50398366970274,0.241549271545403,0.0697129538007966,0.926073357246242
"Sumter County","vap_oth_b","pre_24_rep_tru",0.49601633029726,0.241549271545403,0.073926642753758,0.930287046199203
"Union County","vap_white","pre_24_dem_har",0.250623131500633,0.0795968210256619,0.11024582504401,0.419276510028618
"Union County","vap_white","pre_24_rep_tru",0.749376868499367,0.0795968210256619,0.580723489971382,0.88975417495599
"Union County","vap_hisp","pre_24_dem_har",0.469939375068835,0.20212950502476,0.10840471015863,0.852690892146887
"Union County","vap_hisp","pre_24_rep_tru",0.530060624931165,0.20212950502476,0.147309107853113,0.89159528984137
"Union County","vap_black","pre_24_dem_har",0.536545124322543,0.124686944062774,0.293093803128544,0.773340989883048
"Union County","vap_black","pre_24_rep_tru",0.463454875677457,0.124686944062774,0.226659010116952,0.706906196871456
"Union County","vap_asian","pre_24_dem_har",0.486494613579507,0.217781049673109,0.0968740781618585,0.874227686993359
"Union County","vap_asian","pre_24_rep_tru",0.513505386420493,0.217781049673109,0.125772313006641,0.903125921838142
"Union County","vap_oth_b","pre_24_dem_har",0.608852704237691,0.229140152265712,0.150944680570533,0.968604837518917
"Union County","vap_oth_b","pre_24_rep_tru",0.391147295762309,0.229140152265712,0.031395162481083,0.849055319429467
"Williamsburg County","vap_white","pre_24_dem_har",0.377844868938751,0.125242566082636,0.15054174155515,0.62997916936759
"Williamsburg County","vap_white","pre_24_rep_tru",0.622155131061249,0.125242566082636,0.37002083063241,0.84945825844485
"Williamsburg County","vap_hisp","pre_24_dem_har",0.469039382572181,0.255498632052711,0.040020406209965,0.92736946892083
"Williamsburg County","vap_hisp","pre_24_rep_tru",0.530960617427819,0.255498632052711,0.07263053107917,0.959979593790035
"Williamsburg County","vap_black","pre_24_dem_har",0.762538616944037,0.08356331545879,0.58185532108129,0.904561008373079
"Williamsburg County","vap_black","pre_24_rep_tru",0.237461383055963,0.08356331545879,0.095438991626921,0.41814467891871
"Williamsburg County","vap_asian","pre_24_dem_har",0.490408451665143,0.240775359063919,0.0874616643386777,0.923351245178368
"Williamsburg County","vap_asian","pre_24_rep_tru",0.509591548334857,0.240775359063919,0.076648754821632,0.912538335661322
"Williamsburg County","vap_oth_b","pre_24_dem_har",0.498035039473505,0.196170139640452,0.133716650820533,0.866067090731826
"Williamsburg County","vap_oth_b","pre_24_rep_tru",0.501964960526495,0.196170139640452,0.133932909268174,0.866283349179467
"York County","vap_white","pre_24_dem_har",0.31355455228371,0.0621027538209151,0.19780449386084,0.439830957497796
"York County","vap_white","pre_24_rep_tru",0.68644544771629,0.0621027538209151,0.560169042502204,0.80219550613916
"York County","vap_hisp","pre_24_dem_har",0.510873651634427,0.232504195292469,0.0905225816038912,0.922289486093724
"York County","vap_hisp","pre_24_rep_tru",0.489126348365573,0.232504195292469,0.077710513906276,0.909477418396109
"York County","vap_black","pre_24_dem_har",0.708661092223832,0.137008827157726,0.416058451272334,0.928311823231776
"York County","vap_black","pre_24_rep_tru",0.291338907776168,0.137008827157726,0.071688176768224,0.583941548727666
"York County","vap_asian","pre_24_dem_har",0.480669185877296,0.19912105621327,0.11470305067893,0.849982063639624
"York County","vap_asian","pre_24_rep_tru",0.519330814122704,0.19912105621327,0.150017936360376,0.88529694932107
"York County","vap_oth_b","pre_24_dem_har",0.485074399712136,0.217028251507153,0.0944134832021948,0.883942316880464
"York County","vap_oth_b","pre_24_rep_tru",0.514925600287864,0.217028251507153,0.116057683119536,0.905586516797805
