county,race,cand,mean,sd,ci_95_lower,ci_95_upper
Adams County,vap_white,pre_16_rep_tru,0.7963935747394023,0.00651990389083901,0.7838635801144649,0.8090724579575852
Adams County,vap_white,pre_16_dem_cli,0.2036064252605978,0.00651990389083901,0.19092754204241497,0.2161364198855352
Adams County,vap_black,pre_16_rep_tru,0.4889175135314318,0.17849241751106035,0.15305951491308778,0.8346330296246224
Adams County,vap_black,pre_16_dem_cli,0.5110824864685682,0.17849241751106035,0.16536697037537765,0.8469404850869122
Adams County,vap_hisp,pre_16_rep_tru,0.4897058278076035,0.1774684795831737,0.14840868866365317,0.8396166123306253
Adams County,vap_hisp,pre_16_dem_cli,0.5102941721923965,0.1774684795831737,0.16038338766937452,0.8515913113363466
Adams County,vap_asian,pre_16_rep_tru,0.4912636762885104,0.17702701923795977,0.15403583912708602,0.8212091790674858
Adams County,vap_asian,pre_16_dem_cli,0.5087363237114896,0.17702701923795977,0.1787908209325141,0.8459641608729139
Adams County,vap_aian,pre_16_rep_tru,0.4937469843321285,0.18277017175879917,0.1432428817037004,0.8372931559181349
Adams County,vap_aian,pre_16_dem_cli,0.5062530156678715,0.18277017175879917,0.16270684408186498,0.8567571182962995
Adams County,vap_oth_b,pre_16_rep_tru,0.4862771312097749,0.16345505346772762,0.17518755522094093,0.7986875780444016
Adams County,vap_oth_b,pre_16_dem_cli,0.513722868790225,0.16345505346772762,0.20131242195559812,0.8248124447790589
Adams County,vap_white,uss_16_rep_por,0.804203153164303,0.00656189974385638,0.7916985499448667,0.8168861074810785
Adams County,vap_white,uss_16_dem_str,0.195796846835697,0.00656189974385638,0.18311389251892168,0.20830145005513345
Adams County,vap_black,uss_16_rep_por,0.4811287202567347,0.1749279091471484,0.15749089749172385,0.8248357677966277
Adams County,vap_black,uss_16_dem_str,0.5188712797432653,0.1749279091471484,0.17516423220337232,0.8425091025082759
Adams County,vap_hisp,uss_16_rep_por,0.5058953088221019,0.16600111357243752,0.19190702588348715,0.8236402299150012
Adams County,vap_hisp,uss_16_dem_str,0.4941046911778982,0.16600111357243752,0.17635977008499876,0.8080929741165127
Adams County,vap_asian,uss_16_rep_por,0.4948383875117543,0.1794030660591957,0.1547763091568612,0.8351071074805562
Adams County,vap_asian,uss_16_dem_str,0.5051616124882456,0.1794030660591957,0.16489289251944383,0.8452236908431388
Adams County,vap_aian,uss_16_rep_por,0.5070888578625145,0.17215855391878754,0.16387148879350216,0.8301274636475957
Adams County,vap_aian,uss_16_dem_str,0.4929111421374856,0.17215855391878754,0.1698725363524043,0.8361285112064977
Adams County,vap_oth_b,uss_16_rep_por,0.4900320569742315,0.16817225796588056,0.16079891035225477,0.7967349521947598
Adams County,vap_oth_b,uss_16_dem_str,0.5099679430257684,0.16817225796588056,0.20326504780524016,0.8392010896477451
Adams County,vap_white,uss_18_rep_ren,0.6955650184717412,0.00756395192495371,0.6808687679645671,0.7102919616176525
Adams County,vap_white,uss_18_dem_bro,0.3044349815282589,0.00756395192495371,0.28970803838234754,0.31913123203543303
Adams County,vap_black,uss_18_rep_ren,0.49148418505389674,0.177949397665343,0.15410245359326868,0.8255099967521843
Adams County,vap_black,uss_18_dem_bro,0.5085158149461033,0.177949397665343,0.17449000324781572,0.8458975464067314
Adams County,vap_hisp,uss_18_rep_ren,0.504192379711953,0.18563899732787267,0.17118776209739417,0.8655603473630634
Adams County,vap_hisp,uss_18_dem_bro,0.49580762028804704,0.18563899732787267,0.13443965263693652,0.8288122379026057
Adams County,vap_asian,uss_18_rep_ren,0.5138782861324891,0.17508248986657862,0.19383145847223857,0.8450618426389314
Adams County,vap_asian,uss_18_dem_bro,0.4861217138675109,0.17508248986657862,0.15493815736106856,0.8061685415277613
Adams County,vap_aian,uss_18_rep_ren,0.5069584390969369,0.17843653678446458,0.1643227442260599,0.8421367457774136
Adams County,vap_aian,uss_18_dem_bro,0.4930415609030631,0.17843653678446458,0.15786325422258649,0.8356772557739403
Adams County,vap_oth_b,uss_18_rep_ren,0.4946905354423885,0.17532781085367624,0.1798854173435426,0.8316169112968609
Adams County,vap_oth_b,uss_18_dem_bro,0.5053094645576114,0.17532781085367624,0.16838308870313862,0.8201145826564573
Adams County,vap_white,gov_18_rep_dew,0.7474632980907938,0.00723451812275873,0.7334665949994298,0.7611595761263529
Adams County,vap_white,gov_18_dem_cor,0.2525367019092062,0.00723451812275873,0.2388404238736472,0.2665334050005704
Adams County,vap_black,gov_18_rep_dew,0.49804597668690503,0.1877865715654232,0.1451015379314426,0.846688077370464
Adams County,vap_black,gov_18_dem_cor,0.501954023313095,0.1877865715654232,0.15331192262953594,0.8548984620685574
Adams County,vap_hisp,gov_18_rep_dew,0.5030858464996503,0.16559311402267116,0.18481416577530188,0.8093815340102025
Adams County,vap_hisp,gov_18_dem_cor,0.4969141535003498,0.16559311402267116,0.19061846598979745,0.815185834224698
Adams County,vap_asian,gov_18_rep_dew,0.4938278446380769,0.17673691190081725,0.1657075695249471,0.8393129235880105
Adams County,vap_asian,gov_18_dem_cor,0.5061721553619231,0.17673691190081725,0.16068707641198926,0.8342924304750529
Adams County,vap_aian,gov_18_rep_dew,0.5023296319105598,0.1789167508159285,0.1576896340880063,0.8345955192819068
Adams County,vap_aian,gov_18_dem_cor,0.4976703680894403,0.1789167508159285,0.16540448071809324,0.8423103659119937
Adams County,vap_oth_b,gov_18_rep_dew,0.483494290214715,0.16464559353567534,0.18866924556382927,0.8002313073480353
Adams County,vap_oth_b,gov_18_dem_cor,0.5165057097852848,0.16464559353567534,0.19976869265196456,0.8113307544361705
Adams County,vap_white,atg_18_rep_yos,0.7502621896520556,0.00734237879173157,0.7358967179711289,0.7642347242461476
Adams County,vap_white,atg_18_dem_det,0.2497378103479445,0.00734237879173157,0.23576527575385253,0.2641032820288713
Adams County,vap_black,atg_18_rep_yos,0.4759070522096802,0.18021018453877508,0.15871933397219265,0.8260187700669767
Adams County,vap_black,atg_18_dem_det,0.5240929477903198,0.18021018453877508,0.17398122993302334,0.8412806660278073
Adams County,vap_hisp,atg_18_rep_yos,0.5075952800343074,0.17158484535936577,0.1883500349758284,0.8293351326524506
Adams County,vap_hisp,atg_18_dem_det,0.49240471996569257,0.17158484535936577,0.17066486734754918,0.8116499650241716
Adams County,vap_asian,atg_18_rep_yos,0.5183502850044979,0.17808826034392142,0.1714703902843121,0.8452644578134463
Adams County,vap_asian,atg_18_dem_det,0.4816497149955021,0.17808826034392142,0.15473554218655355,0.8285296097156876
Adams County,vap_aian,atg_18_rep_yos,0.4829499753397262,0.17350018553564137,0.1635978153565922,0.8192710276955879
Adams County,vap_aian,atg_18_dem_det,0.5170500246602738,0.17350018553564137,0.180728972304412,0.8364021846434079
Adams County,vap_oth_b,atg_18_rep_yos,0.4885371123575148,0.16882827031122635,0.17209693332417172,0.8150242057639274
Adams County,vap_oth_b,atg_18_dem_det,0.511462887642485,0.16882827031122635,0.1849757942360724,0.827903066675828
Adams County,vap_white,sos_18_rep_lar,0.7492035654724791,0.00749466128233708,0.7346494342789073,0.7637725002446226
Adams County,vap_white,sos_18_dem_cly,0.2507964345275209,0.00749466128233708,0.23622749975537735,0.26535056572109295
Adams County,vap_black,sos_18_rep_lar,0.5016066021604191,0.17915612458200705,0.16843057921293272,0.8370031260111537
Adams County,vap_black,sos_18_dem_cly,0.49839339783958103,0.17915612458200705,0.1629968739888464,0.8315694207870671
Adams County,vap_hisp,sos_18_rep_lar,0.4890164579290696,0.17346398214850128,0.1713771985719692,0.8172383662170657
Adams County,vap_hisp,sos_18_dem_cly,0.5109835420709304,0.17346398214850128,0.1827616337829342,0.8286228014280307
Adams County,vap_asian,sos_18_rep_lar,0.5134783750907784,0.17322378519522583,0.1895262767848053,0.8456195373476465
Adams County,vap_asian,sos_18_dem_cly,0.4865216249092215,0.17322378519522583,0.1543804626523533,0.8104737232151946
Adams County,vap_aian,sos_18_rep_lar,0.4947422487060056,0.17713416882487942,0.16353081336538336,0.8283949025781603
Adams County,vap_aian,sos_18_dem_cly,0.5052577512939944,0.17713416882487942,0.17160509742183963,0.8364691866346167
Adams County,vap_oth_b,sos_18_rep_lar,0.5022739073795395,0.180355674170863,0.1695738450663885,0.8509447203047505
Adams County,vap_oth_b,sos_18_dem_cly,0.4977260926204603,0.180355674170863,0.14905527969524934,0.8304261549336112
Adams County,vap_white,pre_20_rep_tru,0.8329859579887086,0.00636543433886678,0.8205322670790678,0.8449904225192224
Adams County,vap_white,pre_20_dem_bid,0.16701404201129152,0.00636543433886678,0.15500957748077768,0.1794677329209324
Adams County,vap_black,pre_20_rep_tru,0.4871417233466321,0.17149855024545052,0.16060735335582374,0.8061551683800141
Adams County,vap_black,pre_20_dem_bid,0.512858276653368,0.17149855024545052,0.19384483161998592,0.8393926466441762
Adams County,vap_hisp,pre_20_rep_tru,0.5016028756443146,0.17159665380768027,0.17860090309374846,0.8343502806911722
Adams County,vap_hisp,pre_20_dem_bid,0.4983971243556854,0.17159665380768027,0.1656497193088277,0.8213990969062513
Adams County,vap_asian,pre_20_rep_tru,0.4910331086400568,0.1789104690825329,0.15546830648444646,0.8276087396304884
Adams County,vap_asian,pre_20_dem_bid,0.5089668913599432,0.1789104690825329,0.1723912603695114,0.8445316935155535
Adams County,vap_aian,pre_20_rep_tru,0.5085048549387855,0.17638432267577797,0.1693860894311301,0.8334343152277203
Adams County,vap_aian,pre_20_dem_bid,0.4914951450612146,0.17638432267577797,0.1665656847722798,0.8306139105688699
Adams County,vap_oth_b,pre_20_rep_tru,0.4736426693893656,0.1732243592175971,0.16797520172315683,0.8176233929458478
Adams County,vap_oth_b,pre_20_dem_bid,0.5263573306106343,0.1732243592175971,0.18237660705415212,0.8320247982768431
Allen County,vap_white,pre_16_rep_tru,0.8014445207586699,0.00640602384033422,0.7881657142114327,0.8131104844988282
Allen County,vap_white,pre_16_dem_cli,0.19855547924133005,0.00640602384033422,0.1868895155011718,0.21183428578856736
Allen County,vap_black,pre_16_rep_tru,0.05564424074496278,0.02046959763759855,0.0251372362509326,0.10280953918180616
Allen County,vap_black,pre_16_dem_cli,0.9443557592550372,0.02046959763759855,0.897190460818194,0.9748627637490674
Allen County,vap_hisp,pre_16_rep_tru,0.29579658514846807,0.11767241278818616,0.1112662509823501,0.5629878528815951
Allen County,vap_hisp,pre_16_dem_cli,0.704203414851532,0.1176724127881862,0.43701214711840486,0.8887337490176499
Allen County,vap_asian,pre_16_rep_tru,0.4534197048226041,0.15747930994051004,0.14461577938711676,0.7483089610916849
Allen County,vap_asian,pre_16_dem_cli,0.546580295177396,0.15747930994051004,0.251691038908315,0.8553842206128832
Allen County,vap_aian,pre_16_rep_tru,0.4796706870038439,0.15987861751042026,0.17713678968233945,0.7869035517611338
Allen County,vap_aian,pre_16_dem_cli,0.520329312996156,0.15987861751042026,0.2130964482388662,0.8228632103176603
Allen County,vap_oth_b,pre_16_rep_tru,0.22962517558794823,0.08794893836105325,0.09892042613138471,0.4360204478946519
Allen County,vap_oth_b,pre_16_dem_cli,0.7703748244120517,0.08794893836105325,0.5639795521053481,0.9010795738686151
Allen County,vap_white,uss_16_rep_por,0.8584641320130876,0.00658224683655205,0.8443560960322061,0.8701770091693144
Allen County,vap_white,uss_16_dem_str,0.14153586798691242,0.00658224683655205,0.12982299083068563,0.15564390396779396
Allen County,vap_black,uss_16_rep_por,0.05816941539882055,0.01935783906495744,0.0278298231874066,0.10354618223128938
Allen County,vap_black,uss_16_dem_str,0.9418305846011796,0.01935783906495744,0.8964538177687106,0.9721701768125934
Allen County,vap_hisp,uss_16_rep_por,0.2689648372701001,0.11393561262001056,0.09575899753470228,0.5228149287323216
Allen County,vap_hisp,uss_16_dem_str,0.7310351627299,0.11393561262001056,0.4771850712676782,0.9042410024652978
Allen County,vap_asian,uss_16_rep_por,0.49716767491151326,0.14939778575322438,0.209215037641633,0.7802846361339878
Allen County,vap_asian,uss_16_dem_str,0.5028323250884867,0.14939778575322438,0.21971536386601231,0.7907849623583669
Allen County,vap_aian,uss_16_rep_por,0.4445462717347541,0.16680376711097403,0.16606981048559571,0.8035949690048788
Allen County,vap_aian,uss_16_dem_str,0.5554537282652459,0.16680376711097403,0.1964050309951211,0.833930189514404
Allen County,vap_oth_b,uss_16_rep_por,0.2077991844323025,0.09371415886660808,0.07224717274845129,0.4254614740131196
Allen County,vap_oth_b,uss_16_dem_str,0.7922008155676975,0.09371415886660808,0.5745385259868804,0.9277528272515488
Allen County,vap_white,uss_18_rep_ren,0.6710403729526858,0.0069739995486142,0.6559727982345073,0.6834042862975348
Allen County,vap_white,uss_18_dem_bro,0.3289596270473142,0.0069739995486142,0.3165957137024653,0.3440272017654926
Allen County,vap_black,uss_18_rep_ren,0.07183795482895372,0.02452449635017378,0.03500930467133212,0.1291399397458633
Allen County,vap_black,uss_18_dem_bro,0.9281620451710464,0.02452449635017378,0.8708600602541368,0.964990695328668
Allen County,vap_hisp,uss_18_rep_ren,0.30207704430771215,0.13062887644275673,0.10793730843651989,0.5908266356456099
Allen County,vap_hisp,uss_18_dem_bro,0.6979229556922879,0.13062887644275673,0.4091733643543902,0.8920626915634801
Allen County,vap_asian,uss_18_rep_ren,0.5204723072491427,0.1797261707309506,0.2052589685488915,0.8685697073158599
Allen County,vap_asian,uss_18_dem_bro,0.4795276927508573,0.1797261707309506,0.13143029268414025,0.7947410314511084
Allen County,vap_aian,uss_18_rep_ren,0.4884281783137523,0.16634694422120408,0.19834416342733044,0.7984725385568141
Allen County,vap_aian,uss_18_dem_bro,0.5115718216862476,0.16634694422120408,0.20152746144318576,0.8016558365726695
Allen County,vap_oth_b,uss_18_rep_ren,0.24601765935208791,0.09013590190443202,0.10188940839710568,0.4608376030536963
Allen County,vap_oth_b,uss_18_dem_bro,0.753982340647912,0.09013590190443202,0.5391623969463037,0.8981105916028944
Allen County,vap_white,gov_18_rep_dew,0.7858215320994514,0.0069090078398433,0.7719936926806926,0.7984462122446294
Allen County,vap_white,gov_18_dem_cor,0.2141784679005486,0.0069090078398433,0.20155378775537056,0.22800630731930735
Allen County,vap_black,gov_18_rep_dew,0.06313648550426217,0.02025129643071249,0.03157575303905761,0.10951935853547148
Allen County,vap_black,gov_18_dem_cor,0.936863514495738,0.02025129643071249,0.8904806414645287,0.9684242469609424
Allen County,vap_hisp,gov_18_rep_dew,0.2832580526437946,0.11347821625358932,0.11088895633209785,0.5428661050343214
Allen County,vap_hisp,gov_18_dem_cor,0.7167419473562054,0.11347821625358932,0.4571338949656787,0.8891110436679022
Allen County,vap_asian,gov_18_rep_dew,0.48281583433284136,0.16770678372415523,0.17138339175429926,0.7933520567061384
Allen County,vap_asian,gov_18_dem_cor,0.5171841656671586,0.16770678372415523,0.2066479432938616,0.8286166082457006
Allen County,vap_aian,gov_18_rep_dew,0.4663935697158285,0.1627906901609863,0.17870670726817428,0.8017539139323765
Allen County,vap_aian,gov_18_dem_cor,0.5336064302841714,0.1627906901609863,0.19824608606762337,0.8212932927318256
Allen County,vap_oth_b,gov_18_rep_dew,0.2123626205377589,0.1039456655333634,0.05756355222298606,0.4571255834047463
Allen County,vap_oth_b,gov_18_dem_cor,0.7876373794622411,0.10394566553336336,0.5428744165952537,0.942436447777014
Allen County,vap_white,atg_18_rep_yos,0.7770665208391451,0.00707450308604469,0.7628177425891455,0.7901362777729379
Allen County,vap_white,atg_18_dem_det,0.2229334791608549,0.00707450308604469,0.20986372222706193,0.23718225741085455
Allen County,vap_black,atg_18_rep_yos,0.05411314522451778,0.01953081601675912,0.02391452190024214,0.10082572008824892
Allen County,vap_black,atg_18_dem_det,0.9458868547754824,0.01953081601675912,0.8991742799117511,0.976085478099758
Allen County,vap_hisp,atg_18_rep_yos,0.32662147157160026,0.1369460829284862,0.11338782502607972,0.6336356163026556
Allen County,vap_hisp,atg_18_dem_det,0.6733785284283998,0.1369460829284862,0.3663643836973439,0.8866121749739203
Allen County,vap_asian,atg_18_rep_yos,0.4862622352898231,0.15334876146011422,0.18726473468323568,0.7635728547876869
Allen County,vap_asian,atg_18_dem_det,0.513737764710177,0.1533487614601142,0.23642714521231317,0.8127352653167642
Allen County,vap_aian,atg_18_rep_yos,0.4941915093434502,0.18163718554980507,0.15160844352859837,0.8348471402763499
Allen County,vap_aian,atg_18_dem_det,0.5058084906565499,0.18163718554980507,0.16515285972364993,0.8483915564714015
Allen County,vap_oth_b,atg_18_rep_yos,0.2203214895300525,0.08525745221376166,0.08753379475547007,0.4134680070801731
Allen County,vap_oth_b,atg_18_dem_det,0.7796785104699475,0.08525745221376166,0.5865319929198269,0.91246620524453
Allen County,vap_white,sos_18_rep_lar,0.7912966631863954,0.00638808535403962,0.7775444984846476,0.8026768582503849
Allen County,vap_white,sos_18_dem_cly,0.20870333681360465,0.00638808535403962,0.197323141749615,0.22245550151535248
Allen County,vap_black,sos_18_rep_lar,0.04580123076497309,0.01578175055687781,0.02130387455890205,0.08252183451439411
Allen County,vap_black,sos_18_dem_cly,0.954198769235027,0.01578175055687781,0.917478165485606,0.978696125441098
Allen County,vap_hisp,sos_18_rep_lar,0.296872760220954,0.11729311812498568,0.12473878879454336,0.5806372070943375
Allen County,vap_hisp,sos_18_dem_cly,0.7031272397790461,0.11729311812498568,0.4193627929056624,0.8752612112054567
Allen County,vap_asian,sos_18_rep_lar,0.4785018560226181,0.16522939287534674,0.1713184211936919,0.8098639840909527
Allen County,vap_asian,sos_18_dem_cly,0.5214981439773819,0.16522939287534674,0.19013601590904716,0.8286815788063082
Allen County,vap_aian,sos_18_rep_lar,0.48521101244973414,0.14635729798820235,0.20605971540436188,0.7637697539620597
Allen County,vap_aian,sos_18_dem_cly,0.5147889875502658,0.14635729798820235,0.23623024603794016,0.793940284595638
Allen County,vap_oth_b,sos_18_rep_lar,0.2056298906822004,0.0865676480882283,0.07836342879013158,0.4192457363808245
Allen County,vap_oth_b,sos_18_dem_cly,0.7943701093177996,0.0865676480882283,0.5807542636191755,0.9216365712098684
Allen County,vap_white,pre_20_rep_tru,0.8043146575941406,0.00699789640333016,0.787411082033214,0.81570416307203375
Allen County,vap_white,pre_20_dem_bid,0.1956853424058594,0.00699789640333016,0.18429583692796617,0.21258891796678608
Allen County,vap_black,pre_20_rep_tru,0.05772022339858104,0.02275458282116523,0.0238646605836502,0.11075988354235208
Allen County,vap_black,pre_20_dem_bid,0.942279776601419,0.02275458282116523,0.889240116457648,0.9761353394163498
Allen County,vap_hisp,pre_20_rep_tru,0.2800989412224729,0.13072634338444053,0.0952400137752494,0.5972376000699792
Allen County,vap_hisp,pre_20_dem_bid,0.7199010587775272,0.13072634338444053,0.4027623999300208,0.9047599862247506
Allen County,vap_asian,pre_20_rep_tru,0.46145120026064174,0.1592071234006547,0.17738819680753776,0.7764754116039676
Allen County,vap_asian,pre_20_dem_bid,0.5385487997393583,0.1592071234006547,0.2235245883960322,0.8226118031924622
Allen County,vap_aian,pre_20_rep_tru,0.4732775311079138,0.15493701287809364,0.1853630876688868,0.7748200261799763
Allen County,vap_aian,pre_20_dem_bid,0.5267224688920861,0.15493701287809364,0.2251799738200236,0.8146369123311129
Allen County,vap_oth_b,pre_20_rep_tru,0.1731368619673534,0.09992402659320722,0.05145673829911445,0.4169693465946064
Allen County,vap_oth_b,pre_20_dem_bid,0.8268631380326465,0.09992402659320722,0.5830306534053935,0.9485432617008857
Ashland County,vap_white,pre_16_rep_tru,0.7688006224503123,0.00671795846668045,0.7553574145140094,0.7813655398953878
Ashland County,vap_white,pre_16_dem_cli,0.23119937754968764,0.00671795846668045,0.218634460104612,0.24464258548599044
Ashland County,vap_black,pre_16_rep_tru,0.4781366104653906,0.16248643754484512,0.17616326270752125,0.7989375166247511
Ashland County,vap_black,pre_16_dem_cli,0.5218633895346094,0.16248643754484512,0.20106248337524865,0.8238367372924785
Ashland County,vap_hisp,pre_16_rep_tru,0.45837776791867896,0.17014760091089504,0.1690101032343358,0.7996959580001048
Ashland County,vap_hisp,pre_16_dem_cli,0.541622232081321,0.17014760091089504,0.20030404199989496,0.8309898967656639
Ashland County,vap_asian,pre_16_rep_tru,0.4773765707520996,0.15717684028851836,0.1847140763405929,0.7712706434086046
Ashland County,vap_asian,pre_16_dem_cli,0.5226234292479004,0.15717684028851836,0.2287293565913952,0.815285923659407
Ashland County,vap_aian,pre_16_rep_tru,0.4826542044822502,0.1772039434279681,0.12054101327364032,0.7924762604538466
Ashland County,vap_aian,pre_16_dem_cli,0.5173457955177498,0.1772039434279681,0.2075237395461532,0.8794589867263596
Ashland County,vap_oth_b,pre_16_rep_tru,0.4390360220669039,0.16409228295408246,0.15012936522354442,0.795957386051338
Ashland County,vap_oth_b,pre_16_dem_cli,0.560963977933096,0.16409228295408246,0.20404261394866172,0.8498706347764555
Ashland County,vap_white,uss_16_rep_por,0.7889909307101678,0.00690276037932229,0.7750554628169819,0.8019238972312174
Ashland County,vap_white,uss_16_dem_str,0.21100906928983215,0.00690276037932229,0.1980761027687826,0.22494453718301788
Ashland County,vap_black,uss_16_rep_por,0.43103406736777705,0.1810268618265938,0.10008963478113388,0.7770770678806326
Ashland County,vap_black,uss_16_dem_str,0.5689659326322228,0.1810268618265938,0.22292293211936728,0.8999103652188661
Ashland County,vap_hisp,uss_16_rep_por,0.47126589196296537,0.17094289096618706,0.16145376132114397,0.7953184301290495
Ashland County,vap_hisp,uss_16_dem_str,0.5287341080370346,0.17094289096618706,0.2046815698709504,0.838546238678856
Ashland County,vap_asian,uss_16_rep_por,0.48269373080416195,0.16370507149900476,0.181939978357381,0.7897627818649762
Ashland County,vap_asian,uss_16_dem_str,0.517306269195838,0.16370507149900476,0.21023721813502377,0.8180600216426188
Ashland County,vap_aian,uss_16_rep_por,0.49367251821393227,0.16689875620649036,0.1788502054991462,0.806378411344753
Ashland County,vap_aian,uss_16_dem_str,0.5063274817860678,0.16689875620649036,0.1936215886552467,0.8211497945008538
Ashland County,vap_oth_b,uss_16_rep_por,0.4338942324981908,0.1724876256741773,0.11864196168730816,0.7807370681287538
Ashland County,vap_oth_b,uss_16_dem_str,0.5661057675018091,0.17248762567417733,0.21926293187124615,0.8813580383126915
Ashland County,vap_white,uss_18_rep_ren,0.6572341844571851,0.00694753834266167,0.6441278463246582,0.6708875298399419
Ashland County,vap_white,uss_18_dem_bro,0.3427658155428149,0.00694753834266167,0.329112470160058,0.35587215367534164
Ashland County,vap_black,uss_18_rep_ren,0.4620461024097377,0.1627107848026764,0.171236289376919,0.7855399906375716
Ashland County,vap_black,uss_18_dem_bro,0.5379538975902624,0.1627107848026764,0.21446000936242807,0.8287637106230809
Ashland County,vap_hisp,uss_18_rep_ren,0.46540518687727617,0.156738203406577,0.1629216976561806,0.7696184566282179
Ashland County,vap_hisp,uss_18_dem_bro,0.5345948131227237,0.156738203406577,0.230381543371782,0.8370783023438192
Ashland County,vap_asian,uss_18_rep_ren,0.5037939291521716,0.1748603981238702,0.17631376558625003,0.8436636169542246
Ashland County,vap_asian,uss_18_dem_bro,0.4962060708478283,0.1748603981238702,0.15633638304577516,0.82368623441375
Ashland County,vap_aian,uss_18_rep_ren,0.5071197519220578,0.17687862181066633,0.17601499633562748,0.8364969916412044
Ashland County,vap_aian,uss_18_dem_bro,0.49288024807794223,0.17687862181066633,0.16350300835879547,0.8239850036643724
Ashland County,vap_oth_b,uss_18_rep_ren,0.49681658977606474,0.16349081049470113,0.19264885018701705,0.8129393744121473
Ashland County,vap_oth_b,uss_18_dem_bro,0.5031834102239352,0.16349081049470113,0.1870606255878526,0.8073511498129828
Ashland County,vap_white,gov_18_rep_dew,0.724529273350475,0.00721774035398151,0.7103461586152747,0.7384127842159601
Ashland County,vap_white,gov_18_dem_cor,0.27547072664952493,0.00721774035398151,0.26158721578403993,0.2896538413847253
Ashland County,vap_black,gov_18_rep_dew,0.46603934036169586,0.1842128934145414,0.12795747916448713,0.8194100331785068
Ashland County,vap_black,gov_18_dem_cor,0.5339606596383041,0.1842128934145414,0.18058996682149303,0.8720425208355128
Ashland County,vap_hisp,gov_18_rep_dew,0.45090366623427497,0.17472296866543466,0.12336215841993706,0.7742758338842725
Ashland County,vap_hisp,gov_18_dem_cor,0.549096333765725,0.17472296866543466,0.22572416611572743,0.8766378415800629
Ashland County,vap_asian,gov_18_rep_dew,0.5021117633620312,0.16880955777908954,0.18816976658577864,0.8314605777840122
Ashland County,vap_asian,gov_18_dem_cor,0.4978882366379687,0.16880955777908954,0.1685394222159876,0.8118302334142213
Ashland County,vap_aian,gov_18_rep_dew,0.4779095916719873,0.18307574335645097,0.1618328832146461,0.8388773343251384
Ashland County,vap_aian,gov_18_dem_cor,0.5220904083280128,0.18307574335645097,0.16112266567486103,0.8381671167853539
Ashland County,vap_oth_b,gov_18_rep_dew,0.4489396812905883,0.16174646652918248,0.1593058224603548,0.7743443616957858
Ashland County,vap_oth_b,gov_18_dem_cor,0.5510603187094116,0.16174646652918248,0.225655638304214,0.8406941775396451
Ashland County,vap_white,atg_18_rep_yos,0.715593650903512,0.00718574374105473,0.7010458963615415,0.7291657552230713
Ashland County,vap_white,atg_18_dem_det,0.28440634909648793,0.00718574374105473,0.2708342447769287,0.2989541036384583
Ashland County,vap_black,atg_18_rep_yos,0.486733117124342,0.16804300082980536,0.1639323790161711,0.8087515836641864
Ashland County,vap_black,atg_18_dem_det,0.5132668828756579,0.16804300082980536,0.19124841633581352,0.8360676209838287
Ashland County,vap_hisp,atg_18_rep_yos,0.4642099759389447,0.18356403548172293,0.11623449113116167,0.8273149170944624
Ashland County,vap_hisp,atg_18_dem_det,0.5357900240610552,0.18356403548172293,0.17268508290553752,0.8837655088688382
Ashland County,vap_asian,atg_18_rep_yos,0.4748806256198814,0.1745352939532255,0.1550297135764503,0.8127822451793485
Ashland County,vap_asian,atg_18_dem_det,0.5251193743801185,0.1745352939532255,0.1872177548206512,0.8449702864235497
Ashland County,vap_aian,atg_18_rep_yos,0.4850588387642329,0.1859786798684976,0.14008937423606876,0.8371595389839546
Ashland County,vap_aian,atg_18_dem_det,0.5149411612357672,0.1859786798684976,0.16284046101604543,0.8599106257639312
Ashland County,vap_oth_b,atg_18_rep_yos,0.4570338978380371,0.1676840647106354,0.17414014924636562,0.8120509559901414
Ashland County,vap_oth_b,atg_18_dem_det,0.5429661021619628,0.1676840647106354,0.18794904400985857,0.8258598507536342
Ashland County,vap_white,sos_18_rep_lar,0.717195597024318,0.00730997134644064,0.7027799709582998,0.7308321953796374
Ashland County,vap_white,sos_18_dem_cly,0.2828044029756819,0.00730997134644064,0.26916780462036255,0.29722002904170003
Ashland County,vap_black,sos_18_rep_lar,0.493592581673901,0.18057157962702075,0.1578867362151253,0.8558213715015546
Ashland County,vap_black,sos_18_dem_cly,0.5064074183260989,0.18057157962702075,0.14417862849844537,0.8421132637848746
Ashland County,vap_hisp,sos_18_rep_lar,0.5046412811822557,0.161185442264045,0.20179137771733435,0.8093027081971618
Ashland County,vap_hisp,sos_18_dem_cly,0.49535871881774424,0.161185442264045,0.19069729180283804,0.7982086222826655
Ashland County,vap_asian,sos_18_rep_lar,0.4603650102263557,0.18255702007692504,0.11340145429270404,0.794309965354153
Ashland County,vap_asian,sos_18_dem_cly,0.5396349897736442,0.18255702007692504,0.20569003464584695,0.8865985457072959
Ashland County,vap_aian,sos_18_rep_lar,0.4998353394108432,0.17280888732930155,0.17488175483261417,0.8327621489819558
Ashland County,vap_aian,sos_18_dem_cly,0.5001646605891569,0.17280888732930155,0.1672378510180442,0.825118245167386
Ashland County,vap_oth_b,sos_18_rep_lar,0.448130401879781,0.16693603371555446,0.15220726183056818,0.769880870912965
Ashland County,vap_oth_b,sos_18_dem_cly,0.551869598120219,0.16693603371555446,0.23011912908703488,0.8477927381694316
Ashland County,vap_white,pre_20_rep_tru,0.763531902520523,0.00682448204579544,0.7504174759428022,0.7768082867510394
Ashland County,vap_white,pre_20_dem_bid,0.23646809747947684,0.00682448204579544,0.22319171324896056,0.2495825240571977
Ashland County,vap_black,pre_20_rep_tru,0.4623414099711071,0.1696876447881344,0.1606787637990633,0.7956887101374945
Ashland County,vap_black,pre_20_dem_bid,0.5376585900288928,0.1696876447881344,0.20431128986250544,0.8393212362009367
Ashland County,vap_hisp,pre_20_rep_tru,0.46263747244354975,0.16487373873000116,0.15662082402148236,0.7803373353093249
Ashland County,vap_hisp,pre_20_dem_bid,0.5373625275564502,0.16487373873000116,0.21966266469067497,0.8433791759785175
Ashland County,vap_asian,pre_20_rep_tru,0.4626407384399782,0.1827707996209748,0.13307761894710426,0.8148873153796532
Ashland County,vap_asian,pre_20_dem_bid,0.5373592615600218,0.1827707996209748,0.18511268462034663,0.8669223810528957
Ashland County,vap_aian,pre_20_rep_tru,0.4999308620050303,0.1801516445847144,0.15635073717016437,0.8557591467539338
Ashland County,vap_aian,pre_20_dem_bid,0.5000691379949698,0.1801516445847144,0.14424085324606611,0.8436492628298357
Ashland County,vap_oth_b,pre_20_rep_tru,0.450928509441266,0.16448764638096974,0.1565785044728284,0.7728703479608714
Ashland County,vap_oth_b,pre_20_dem_bid,0.5490714905587339,0.16448764638096974,0.22712965203912855,0.8434214955271715
Ashtabula County,vap_white,pre_16_rep_tru,0.632386614971266,0.00754785881460657,0.6152028424839505,0.6451629772028278
Ashtabula County,vap_white,pre_16_dem_cli,0.367613385028734,0.00754785881460657,0.35483702279717216,0.38479715751604954
Ashtabula County,vap_black,pre_16_rep_tru,0.2328033044849676,0.07203988474455007,0.11465680583597215,0.38894060215486725
Ashtabula County,vap_black,pre_16_dem_cli,0.7671966955150324,0.07203988474455007,0.6110593978451326,0.8853431941640278
Ashtabula County,vap_hisp,pre_16_rep_tru,0.1272378312211255,0.05645045557274356,0.05140825708984489,0.27321628152575284
Ashtabula County,vap_hisp,pre_16_dem_cli,0.8727621687788745,0.05645045557274356,0.726783718474247,0.948591742910155
Ashtabula County,vap_asian,pre_16_rep_tru,0.4837954748731491,0.1506609234960728,0.19050307237561415,0.7779635206884097
Ashtabula County,vap_asian,pre_16_dem_cli,0.5162045251268509,0.1506609234960728,0.2220364793115902,0.8094969276243857
Ashtabula County,vap_aian,pre_16_rep_tru,0.4780049639871338,0.19106042807838064,0.11978635030743164,0.8142614664330123
Ashtabula County,vap_aian,pre_16_dem_cli,0.5219950360128662,0.19106042807838064,0.18573853356698772,0.8802136496925683
Ashtabula County,vap_oth_b,pre_16_rep_tru,0.32131164135110046,0.12484083373481385,0.127512375649739,0.5997257962795087
Ashtabula County,vap_oth_b,pre_16_dem_cli,0.6786883586488995,0.12484083373481385,0.400274203720491,0.8724876243502608
Ashtabula County,vap_white,uss_16_rep_por,0.6597680629556822,0.00703171077276879,0.6456542138064872,0.6723036164190858
Ashtabula County,vap_white,uss_16_dem_str,0.3402319370443178,0.00703171077276879,0.32769638358091413,0.35434578619351287
Ashtabula County,vap_black,uss_16_rep_por,0.2364808057969644,0.07051267027018583,0.11796182379587825,0.3857032829750842
Ashtabula County,vap_black,uss_16_dem_str,0.7635191942030355,0.07051267027018583,0.6142967170249156,0.8820381762041216
Ashtabula County,vap_hisp,uss_16_rep_por,0.16765572404953533,0.06064775006584506,0.07639793133245054,0.3115762035303185
Ashtabula County,vap_hisp,uss_16_dem_str,0.8323442759504646,0.06064775006584506,0.6884237964696813,0.9236020686675492
Ashtabula County,vap_asian,uss_16_rep_por,0.4972032890326967,0.1650352410315791,0.18368070728336855,0.8083342778898787
Ashtabula County,vap_asian,uss_16_dem_str,0.5027967109673032,0.1650352410315791,0.19166572211012128,0.8163192927166314
Ashtabula County,vap_aian,uss_16_rep_por,0.4781968205911113,0.1586914404989617,0.1924070829871064,0.7861534203909984
Ashtabula County,vap_aian,uss_16_dem_str,0.5218031794088888,0.1586914404989617,0.2138465796090016,0.8075929170128938
Ashtabula County,vap_oth_b,uss_16_rep_por,0.27389520593596556,0.11477592970667189,0.0908960943586768,0.5175224165903974
Ashtabula County,vap_oth_b,uss_16_dem_str,0.7261047940640344,0.11477592970667189,0.48247758340960234,0.9091039056413232
Ashtabula County,vap_white,uss_18_rep_ren,0.507277906326524,0.00802342926230029,0.49023617156775473,0.5213828435008546
Ashtabula County,vap_white,uss_18_dem_bro,0.492722093673476,0.00802342926230029,0.4786171564991455,0.5097638284322454
Ashtabula County,vap_black,uss_18_rep_ren,0.18958369107081088,0.06972570228979935,0.07900821194820194,0.3416521664097568
Ashtabula County,vap_black,uss_18_dem_bro,0.8104163089291891,0.06972570228979935,0.6583478335902431,0.920991788051798
Ashtabula County,vap_hisp,uss_18_rep_ren,0.17900586762083218,0.07174021925706016,0.07445146324270098,0.35056191993430785
Ashtabula County,vap_hisp,uss_18_dem_bro,0.8209941323791677,0.07174021925706016,0.6494380800656919,0.925548536757299
Ashtabula County,vap_asian,uss_18_rep_ren,0.4886902014718877,0.16227779602222783,0.1769724001222776,0.8011148555335036
Ashtabula County,vap_asian,uss_18_dem_bro,0.5113097985281122,0.16227779602222783,0.19888514446649624,0.8230275998777223
Ashtabula County,vap_aian,uss_18_rep_ren,0.4621827730686703,0.1754706669229412,0.1580978913001205,0.8576783265044847
Ashtabula County,vap_aian,uss_18_dem_bro,0.5378172269313298,0.1754706669229412,0.14232167349551528,0.8419021086998795
Ashtabula County,vap_oth_b,uss_18_rep_ren,0.32242244465157954,0.13330489322481623,0.11677650061211126,0.6296087389171463
Ashtabula County,vap_oth_b,uss_18_dem_bro,0.6775775553484205,0.13330489322481623,0.3703912610828534,0.8832234993878886
Ashtabula County,vap_white,gov_18_rep_dew,0.579512961911292,0.00783426047788644,0.5630731120735324,0.5937914793059534
Ashtabula County,vap_white,gov_18_dem_cor,0.4204870380887082,0.00783426047788644,0.40620852069404656,0.4369268879264678
Ashtabula County,vap_black,gov_18_rep_dew,0.22426662821744744,0.0747427163958686,0.1023723826823128,0.3846996423091352
Ashtabula County,vap_black,gov_18_dem_cor,0.7757333717825525,0.0747427163958686,0.6153003576908646,0.8976276173176871
Ashtabula County,vap_hisp,gov_18_rep_dew,0.18147073008987924,0.07534245177284155,0.07835184920970818,0.3730143442497923
Ashtabula County,vap_hisp,gov_18_dem_cor,0.8185292699101206,0.07534245177284155,0.6269856557502075,0.9216481507902916
Ashtabula County,vap_asian,gov_18_rep_dew,0.46799479102529706,0.14377737677982425,0.21096416647962477,0.7515836862143874
Ashtabula County,vap_asian,gov_18_dem_cor,0.5320052089747028,0.14377737677982425,0.24841631378561244,0.7890358335203751
Ashtabula County,vap_aian,gov_18_rep_dew,0.45381587162017933,0.1881695202982411,0.11799545314028724,0.804013669823499
Ashtabula County,vap_aian,gov_18_dem_cor,0.5461841283798208,0.1881695202982411,0.1959863301765011,0.882004546859713
Ashtabula County,vap_oth_b,gov_18_rep_dew,0.35681802967480303,0.12968041979416697,0.15260932705766972,0.639647832055108
Ashtabula County,vap_oth_b,gov_18_dem_cor,0.643181970325197,0.12968041979416697,0.36035216794489194,0.8473906729423303
Ashtabula County,vap_white,atg_18_rep_yos,0.592820318671487,0.00723217100040893,0.5781659805260735,0.6061356545590749
Ashtabula County,vap_white,atg_18_dem_det,0.4071796813285131,0.00723217100040893,0.39386434544092513,0.4218340194739266
Ashtabula County,vap_black,atg_18_rep_yos,0.15514570529855562,0.07006344275395361,0.05299348944636666,0.31984727744361124
Ashtabula County,vap_black,atg_18_dem_det,0.8448542947014444,0.07006344275395361,0.6801527225563887,0.9470065105536332
Ashtabula County,vap_hisp,atg_18_rep_yos,0.18400289113132545,0.06807335655261847,0.08146225073428279,0.34289555226905755
Ashtabula County,vap_hisp,atg_18_dem_det,0.8159971088686745,0.06807335655261847,0.6571044477309423,0.9185377492657172
Ashtabula County,vap_asian,atg_18_rep_yos,0.51454650875127,0.1422636034367144,0.23654495832564057,0.7828209418704574
Ashtabula County,vap_asian,atg_18_dem_det,0.48545349124872994,0.1422636034367144,0.21717905812954252,0.7634550416743592
Ashtabula County,vap_aian,atg_18_rep_yos,0.5044121850912918,0.14698980263540262,0.22632818305753025,0.788816935261416
Ashtabula County,vap_aian,atg_18_dem_det,0.49558781490870824,0.14698980263540262,0.2111830647385841,0.7736718169424698
Ashtabula County,vap_oth_b,atg_18_rep_yos,0.3487688921987596,0.12685167679435738,0.14714351212334947,0.6393765040171426
Ashtabula County,vap_oth_b,atg_18_dem_det,0.6512311078012404,0.12685167679435738,0.36062349598285726,0.8528564878766504
Ashtabula County,vap_white,sos_18_rep_lar,0.5710242867230334,0.0077044941162368,0.5542187510029392,0.5849619170157727
Ashtabula County,vap_white,sos_18_dem_cly,0.4289757132769666,0.0077044941162368,0.4150380829842272,0.4457812489970608
Ashtabula County,vap_black,sos_18_rep_lar,0.2254405508629079,0.0743650482896067,0.1016779164266098,0.3936731393506154
Ashtabula County,vap_black,sos_18_dem_cly,0.7745594491370921,0.0743650482896067,0.6063268606493846,0.8983220835733902
Ashtabula County,vap_hisp,sos_18_rep_lar,0.19308031194003017,0.07838394793254937,0.0789858562675206,0.3801619751563055
Ashtabula County,vap_hisp,sos_18_dem_cly,0.8069196880599697,0.07838394793254937,0.6198380248436943,0.9210141437324793
Ashtabula County,vap_asian,sos_18_rep_lar,0.4919580445747566,0.15284706685148777,0.2030582109904496,0.7690787895777498
Ashtabula County,vap_asian,sos_18_dem_cly,0.5080419554252433,0.15284706685148777,0.23092121042225003,0.7969417890095504
Ashtabula County,vap_aian,sos_18_rep_lar,0.4987095222816534,0.17123868603134798,0.18880090374865763,0.8401409047001862
Ashtabula County,vap_aian,sos_18_dem_cly,0.5012904777183467,0.17123868603134798,0.1598590952998139,0.8111990962513426
Ashtabula County,vap_oth_b,sos_18_rep_lar,0.3183649187005906,0.1243944908864138,0.12292699669647156,0.5836360955571898
Ashtabula County,vap_oth_b,sos_18_dem_cly,0.6816350812994094,0.1243944908864138,0.4163639044428102,0.8770730033035284
Ashtabula County,vap_white,pre_20_rep_tru,0.6507934522578303,0.00842427661555837,0.6318161118929457,0.6648934078777479
Ashtabula County,vap_white,pre_20_dem_bid,0.3492065477421698,0.00842427661555837,0.3351065921222522,0.3681838881070542
Ashtabula County,vap_black,pre_20_rep_tru,0.25506079739259396,0.09234165150539012,0.1111085593224312,0.4549964131476503
Ashtabula County,vap_black,pre_20_dem_bid,0.744939202607406,0.09234165150539012,0.5450035868523495,0.8888914406775686
Ashtabula County,vap_hisp,pre_20_rep_tru,0.2255551921698361,0.08090743313788572,0.09754094729765173,0.4009110373194974
Ashtabula County,vap_hisp,pre_20_dem_bid,0.7744448078301638,0.08090743313788572,0.5990889626805025,0.9024590527023482
Ashtabula County,vap_asian,pre_20_rep_tru,0.480366827975061,0.16646455478237235,0.17655142767638235,0.7895195357276407
Ashtabula County,vap_asian,pre_20_dem_bid,0.519633172024939,0.16646455478237235,0.21048046427235925,0.8234485723236173
Ashtabula County,vap_aian,pre_20_rep_tru,0.44022102015560294,0.15889604485090886,0.1525561200047639,0.7597665321085881
Ashtabula County,vap_aian,pre_20_dem_bid,0.5597789798443972,0.15889604485090886,0.2402334678914119,0.8474438799952362
Ashtabula County,vap_oth_b,pre_20_rep_tru,0.34180418391835493,0.14532343101409226,0.12266393239305327,0.6976140518174387
Ashtabula County,vap_oth_b,pre_20_dem_bid,0.658195816081645,0.14532343101409226,0.3023859481825612,0.8773360676069467
Athens County,vap_white,pre_16_rep_tru,0.4131251136548405,0.01053500124321387,0.3928989018331755,0.4337515638993537
Athens County,vap_white,pre_16_dem_cli,0.5868748863451595,0.01053500124321387,0.5662484361006463,0.6071010981668244
Athens County,vap_black,pre_16_rep_tru,0.3804412804774166,0.15467968862946083,0.12192496417378476,0.697362451070196
Athens County,vap_black,pre_16_dem_cli,0.6195587195225833,0.15467968862946083,0.30263754892980393,0.8780750358262152
Athens County,vap_hisp,pre_16_rep_tru,0.4358080984813172,0.1598823187369848,0.13850709817836013,0.7515492103377444
Athens County,vap_hisp,pre_16_dem_cli,0.5641919015186828,0.1598823187369848,0.24845078966225564,0.8614929018216398
Athens County,vap_asian,pre_16_rep_tru,0.30164563960438884,0.13588615646872418,0.08261826733664687,0.6005766708861159
Athens County,vap_asian,pre_16_dem_cli,0.698354360395611,0.13588615646872418,0.39942332911388406,0.9173817326633532
Athens County,vap_aian,pre_16_rep_tru,0.4810533327821734,0.15562552047066336,0.1942457896011993,0.7839210971012092
Athens County,vap_aian,pre_16_dem_cli,0.5189466672178267,0.15562552047066336,0.2160789028987909,0.8057542103988007
Athens County,vap_oth_b,pre_16_rep_tru,0.44420148132770026,0.16902704581054334,0.14884795032424852,0.8017322896416799
Athens County,vap_oth_b,pre_16_dem_cli,0.5557985186722998,0.16902704581054334,0.1982677103583202,0.8511520496757516
Athens County,vap_white,uss_16_rep_por,0.42743007926550874,0.01113901009195301,0.40570752131002086,0.4488475555114828
Athens County,vap_white,uss_16_dem_str,0.5725699207344912,0.01113901009195301,0.5511524444885171,0.5942924786899791
Athens County,vap_black,uss_16_rep_por,0.4010766532250509,0.15433093746441667,0.1460461162667743,0.7276976781572234
Athens County,vap_black,uss_16_dem_str,0.598923346774949,0.15433093746441667,0.2723023218427764,0.8539538837332257
Athens County,vap_hisp,uss_16_rep_por,0.4164420225634839,0.16055994209644706,0.14598696761566113,0.7487355787311942
Athens County,vap_hisp,uss_16_dem_str,0.583557977436516,0.16055994209644706,0.2512644212688056,0.8540130323843389
Athens County,vap_asian,uss_16_rep_por,0.32107253565841165,0.14310935825197915,0.09265846695833276,0.6309737657554253
Athens County,vap_asian,uss_16_dem_str,0.6789274643415882,0.14310935825197915,0.3690262342445743,0.9073415330416672
Athens County,vap_aian,uss_16_rep_por,0.5267296060601665,0.17857294093113596,0.17625335574436457,0.8551195500425929
Athens County,vap_aian,uss_16_dem_str,0.4732703939398335,0.17857294093113596,0.144880449957407,0.8237466442556354
Athens County,vap_oth_b,uss_16_rep_por,0.444925630129609,0.16036539796131588,0.1461928517541263,0.7655809624196299
Athens County,vap_oth_b,uss_16_dem_str,0.555074369870391,0.16036539796131588,0.2344190375803699,0.8538071482458737
Athens County,vap_white,uss_18_rep_ren,0.2987072266351759,0.01089156798155368,0.27735904992182014,0.3190024532820377
Athens County,vap_white,uss_18_dem_bro,0.7012927733648241,0.01089156798155368,0.6809975467179623,0.7226409500781799
Athens County,vap_black,uss_18_rep_ren,0.24546811711788033,0.11204755625694686,0.0751813009075991,0.4963220513124281
Athens County,vap_black,uss_18_dem_bro,0.7545318828821196,0.11204755625694686,0.5036779486875718,0.9248186990924008
Athens County,vap_hisp,uss_18_rep_ren,0.3879040001877936,0.1555600810264601,0.10964505159867882,0.7034791274037363
Athens County,vap_hisp,uss_18_dem_bro,0.6120959998122064,0.1555600810264601,0.2965208725962638,0.8903549484013211
Athens County,vap_asian,uss_18_rep_ren,0.3126139978193751,0.12559107576565626,0.11428852867023127,0.5864518806596382
Athens County,vap_asian,uss_18_dem_bro,0.6873860021806248,0.12559107576565626,0.41354811934036145,0.8857114713297686
Athens County,vap_aian,uss_18_rep_ren,0.4869679803886895,0.16497393095102955,0.15035086051595456,0.7795033588805103
Athens County,vap_aian,uss_18_dem_bro,0.5130320196113105,0.16497393095102955,0.22049664111948972,0.8496491394840453
Athens County,vap_oth_b,uss_18_rep_ren,0.4489433371946306,0.16933496759273117,0.14049877870917968,0.7761610983600572
Athens County,vap_oth_b,uss_18_dem_bro,0.5510566628053695,0.16933496759273117,0.22383890163994288,0.8595012212908203
Athens County,vap_white,gov_18_rep_dew,0.33142810689244634,0.01018912477812669,0.3112825228938065,0.3511652684120266
Athens County,vap_white,gov_18_dem_cor,0.6685718931075537,0.01018912477812669,0.6488347315879733,0.6887174771061937
Athens County,vap_black,gov_18_rep_dew,0.27655402247315103,0.11768527771806107,0.08842286343002904,0.5484668590845119
Athens County,vap_black,gov_18_dem_cor,0.7234459775268489,0.11768527771806107,0.4515331409154879,0.911577136569971
Athens County,vap_hisp,gov_18_rep_dew,0.4048708013887212,0.15867280697163572,0.1435103516368478,0.7431001745766782
Athens County,vap_hisp,gov_18_dem_cor,0.5951291986112788,0.15867280697163572,0.2568998254233217,0.8564896483631521
Athens County,vap_asian,gov_18_rep_dew,0.30586953257031163,0.12942219132000995,0.10360266552845876,0.5965521892865419
Athens County,vap_asian,gov_18_dem_cor,0.6941304674296883,0.12942219132000995,0.4034478107134581,0.896397334471541
Athens County,vap_aian,gov_18_rep_dew,0.4984070936375635,0.15727457557604618,0.21120073691035648,0.7964865714136917
Athens County,vap_aian,gov_18_dem_cor,0.5015929063624365,0.15727457557604618,0.20351342858630833,0.7887992630896434
Athens County,vap_oth_b,gov_18_rep_dew,0.4607850530227427,0.1555976459589088,0.18003721435571354,0.7716012588741815
Athens County,vap_oth_b,gov_18_dem_cor,0.5392149469772574,0.1555976459589088,0.22839874112581832,0.8199627856442864
Athens County,vap_white,atg_18_rep_yos,0.3598787624848325,0.01009175396536838,0.3400028684184405,0.37971953016367926
Athens County,vap_white,atg_18_dem_det,0.6401212375151675,0.01009175396536838,0.6202804698363207,0.6599971315815595
Athens County,vap_black,atg_18_rep_yos,0.24861893403576743,0.10794434788548042,0.08260930455207546,0.49346090505842954
Athens County,vap_black,atg_18_dem_det,0.7513810659642325,0.10794434788548042,0.5065390949415703,0.9173906954479244
Athens County,vap_hisp,atg_18_rep_yos,0.4103143125652451,0.1536493789055534,0.150471539424369,0.7430281215072867
Athens County,vap_hisp,atg_18_dem_det,0.5896856874347549,0.1536493789055534,0.25697187849271313,0.8495284605756309
Athens County,vap_asian,atg_18_rep_yos,0.327869063882011,0.15403215185194638,0.07617718081400399,0.6531716553710716
Athens County,vap_asian,atg_18_dem_det,0.6721309361179889,0.15403215185194638,0.3468283446289283,0.9238228191859958
Athens County,vap_aian,atg_18_rep_yos,0.48613899824966905,0.16778812597786183,0.16238195242728343,0.7900947055911017
Athens County,vap_aian,atg_18_dem_det,0.513861001750331,0.16778812597786183,0.20990529440889805,0.8376180475727166
Athens County,vap_oth_b,atg_18_rep_yos,0.4190390644275422,0.1451562356135141,0.16594591166336878,0.7094674415184485
Athens County,vap_oth_b,atg_18_dem_det,0.5809609355724579,0.1451562356135141,0.2905325584815515,0.8340540883366312
Athens County,vap_white,sos_18_rep_lar,0.33785303336442213,0.01050515660985204,0.3166793501544509,0.3571364765454624
Athens County,vap_white,sos_18_dem_cly,0.6621469666355779,0.01050515660985204,0.6428635234545377,0.6833206498455491
Athens County,vap_black,sos_18_rep_lar,0.2845370864919265,0.11265187925781898,0.10755083198868176,0.5247149080859482
Athens County,vap_black,sos_18_dem_cly,0.7154629135080735,0.11265187925781898,0.47528509191405166,0.8924491680113181
Athens County,vap_hisp,sos_18_rep_lar,0.4186715787329713,0.1513961728151986,0.1482056859753524,0.7218390517948888
Athens County,vap_hisp,sos_18_dem_cly,0.5813284212670288,0.1513961728151986,0.27816094820511106,0.8517943140246476
Athens County,vap_asian,sos_18_rep_lar,0.33355832791188517,0.13658790608581592,0.1089015804608365,0.6279422439939293
Athens County,vap_asian,sos_18_dem_cly,0.6664416720881148,0.13658790608581592,0.3720577560060707,0.8910984195391634
Athens County,vap_aian,sos_18_rep_lar,0.4935873215627227,0.15495879910851998,0.212618526338658,0.7917379012640151
Athens County,vap_aian,sos_18_dem_cly,0.5064126784372772,0.15495879910851998,0.2082620987359848,0.7873814736613419
Athens County,vap_oth_b,sos_18_rep_lar,0.43474555467925446,0.1615344811554982,0.14871143429653486,0.7565643888154956
Athens County,vap_oth_b,sos_18_dem_cly,0.5652544453207456,0.1615344811554982,0.2434356111845042,0.851288565703465
Athens County,vap_white,pre_20_rep_tru,0.398818794572142,0.01099067797523993,0.3764742562915017,0.4193259183219446
Athens County,vap_white,pre_20_dem_bid,0.6011812054278579,0.01099067797523993,0.5806740816780553,0.6235257437084983
Athens County,vap_black,pre_20_rep_tru,0.3130834033754541,0.1340194080863062,0.09341402601625236,0.60021717832756
Athens County,vap_black,pre_20_dem_bid,0.6869165966245458,0.1340194080863062,0.3997828216724399,0.9065859739837476
Athens County,vap_hisp,pre_20_rep_tru,0.44337682632732306,0.17177885393581974,0.1686686978334703,0.8445342179331
Athens County,vap_hisp,pre_20_dem_bid,0.556623173672677,0.17177885393581974,0.15546578206689957,0.8313313021665297
Athens County,vap_asian,pre_20_rep_tru,0.34696310016318954,0.15860021800045343,0.07857032199058527,0.6734868119079312
Athens County,vap_asian,pre_20_dem_bid,0.6530368998368103,0.15860021800045343,0.32651318809206864,0.9214296780094144
Athens County,vap_aian,pre_20_rep_tru,0.5102989603512692,0.20467660296153495,0.12455901692886906,0.8847348645336871
Athens County,vap_aian,pre_20_dem_bid,0.4897010396487309,0.20467660296153495,0.115265135466313,0.8754409830711309
Athens County,vap_oth_b,pre_20_rep_tru,0.43282881028189,0.1564001364785905,0.17526111587520346,0.7590045837520559
Athens County,vap_oth_b,pre_20_dem_bid,0.5671711897181101,0.1564001364785905,0.24099541624794385,0.8247388841247966
Auglaize County,vap_white,pre_16_rep_tru,0.8421062945475055,0.00619380374442227,0.829385116341764,0.8535714621632556
Auglaize County,vap_white,pre_16_dem_cli,0.15789370545249454,0.00619380374442227,0.1464285378367445,0.17061488365823613
Auglaize County,vap_black,pre_16_rep_tru,0.502320102131752,0.17351557124697853,0.18986399094404005,0.8311183404548972
Auglaize County,vap_black,pre_16_dem_cli,0.497679897868248,0.17351557124697853,0.1688816595451028,0.81013600905596
Auglaize County,vap_hisp,pre_16_rep_tru,0.4658501506745252,0.16621181215160408,0.15865301458793654,0.7833206207022106
Auglaize County,vap_hisp,pre_16_dem_cli,0.5341498493254747,0.16621181215160408,0.21667937929778933,0.8413469854120633
Auglaize County,vap_asian,pre_16_rep_tru,0.4844735443928853,0.16977534939649822,0.1841070729223506,0.8142309999021945
Auglaize County,vap_asian,pre_16_dem_cli,0.5155264556071147,0.16977534939649822,0.18576900009780564,0.8158929270776495
Auglaize County,vap_aian,pre_16_rep_tru,0.48004216944390943,0.1682883775719048,0.16821720799948847,0.8105401914574552
Auglaize County,vap_aian,pre_16_dem_cli,0.5199578305560905,0.1682883775719048,0.1894598085425448,0.8317827920005114
Auglaize County,vap_oth_b,pre_16_rep_tru,0.4205176814467296,0.1741451622483351,0.12646947481130624,0.8035055546725652
Auglaize County,vap_oth_b,pre_16_dem_cli,0.5794823185532704,0.1741451622483351,0.1964944453274347,0.8735305251886936
Auglaize County,vap_white,uss_16_rep_por,0.8813742581302422,0.00575136420158526,0.8693885470347267,0.8919329441778723
Auglaize County,vap_white,uss_16_dem_str,0.11862574186975788,0.00575136420158526,0.10806705582212786,0.1306114529652734
Auglaize County,vap_black,uss_16_rep_por,0.5006195860375401,0.15116902008830127,0.21326311372164733,0.7830158978489618
Auglaize County,vap_black,uss_16_dem_str,0.49938041396246,0.15116902008830127,0.21698410215103833,0.7867368862783527
Auglaize County,vap_hisp,uss_16_rep_por,0.4538797264802542,0.1699446302264376,0.1595062262640736,0.7861400075173406
Auglaize County,vap_hisp,uss_16_dem_str,0.5461202735197458,0.1699446302264376,0.21385999248265936,0.8404937737359263
Auglaize County,vap_asian,uss_16_rep_por,0.4979838203725496,0.181389229319708,0.15570628795325234,0.8322771912246317
Auglaize County,vap_asian,uss_16_dem_str,0.5020161796274505,0.181389229319708,0.16772280877536838,0.8442937120467476
Auglaize County,vap_aian,uss_16_rep_por,0.500779074368395,0.1759890331140951,0.1537873959950905,0.8273676038119685
Auglaize County,vap_aian,uss_16_dem_str,0.49922092563160503,0.1759890331140951,0.17263239618803145,0.8462126040049095
Auglaize County,vap_oth_b,uss_16_rep_por,0.39945282726305215,0.1579761237805369,0.150941548881683,0.7715682011348619
Auglaize County,vap_oth_b,uss_16_dem_str,0.6005471727369479,0.1579761237805369,0.2284317988651381,0.849058451118317
Auglaize County,vap_white,uss_18_rep_ren,0.716175121684261,0.00696506983213868,0.7022594142276705,0.7296842190276318
Auglaize County,vap_white,uss_18_dem_bro,0.2838248783157391,0.00696506983213868,0.27031578097236825,0.29774058577232965
Auglaize County,vap_black,uss_18_rep_ren,0.4965252185536282,0.17649503688614,0.15623927370390517,0.8306121625950139
Auglaize County,vap_black,uss_18_dem_bro,0.5034747814463718,0.17649503688614,0.16938783740498617,0.8437607262960949
Auglaize County,vap_hisp,uss_18_rep_ren,0.487384650685091,0.17474415915950517,0.15865860723431513,0.8356499694066695
Auglaize County,vap_hisp,uss_18_dem_bro,0.5126153493149089,0.17474415915950517,0.16435003059333053,0.8413413927656845
Auglaize County,vap_asian,uss_18_rep_ren,0.4969795244626746,0.16942144050851107,0.1842396533452834,0.8097002171487341
Auglaize County,vap_asian,uss_18_dem_bro,0.5030204755373254,0.16942144050851107,0.190299782851266,0.8157603466547166
Auglaize County,vap_aian,uss_18_rep_ren,0.4904744869231054,0.1767390687896824,0.15931952800430654,0.8171189281450841
Auglaize County,vap_aian,uss_18_dem_bro,0.5095255130768945,0.1767390687896824,0.18288107185491584,0.8406804719956934
Auglaize County,vap_oth_b,uss_18_rep_ren,0.47396476458242054,0.170290228910874,0.16373115323702514,0.8055623793577452
Auglaize County,vap_oth_b,uss_18_dem_bro,0.5260352354175795,0.170290228910874,0.1944376206422548,0.8362688467629749
Auglaize County,vap_white,gov_18_rep_dew,0.815497209277324,0.00603353115324049,0.8034568423747306,0.8269204561040768
Auglaize County,vap_white,gov_18_dem_cor,0.18450279072267603,0.00603353115324049,0.17307954389592317,0.19654315762526955
Auglaize County,vap_black,gov_18_rep_dew,0.49432525752515344,0.16058425912403623,0.18730805612325255,0.8101436297624721
Auglaize County,vap_black,gov_18_dem_cor,0.5056747424748467,0.16058425912403623,0.1898563702375278,0.8126919438767475
Auglaize County,vap_hisp,gov_18_rep_dew,0.44320398368975433,0.1652949709743369,0.1534327569227832,0.7684246588055577
Auglaize County,vap_hisp,gov_18_dem_cor,0.5567960163102457,0.1652949709743369,0.23157534119444223,0.8465672430772168
Auglaize County,vap_asian,gov_18_rep_dew,0.49630309652265586,0.17989785207079517,0.16407289754171844,0.8346547686994222
Auglaize County,vap_asian,gov_18_dem_cor,0.5036969034773442,0.17989785207079517,0.1653452313005779,0.8359271024582816
Auglaize County,vap_aian,gov_18_rep_dew,0.4967366655351975,0.16569628378674509,0.19874555295616203,0.8466461978442839
Auglaize County,vap_aian,gov_18_dem_cor,0.5032633344648024,0.16569628378674509,0.15335380215571587,0.8012544470438379
Auglaize County,vap_oth_b,gov_18_rep_dew,0.43240236532279785,0.1585717631242045,0.15688116542737338,0.7561993649622301
Auglaize County,vap_oth_b,gov_18_dem_cor,0.5675976346772021,0.1585717631242045,0.24380063503776975,0.8431188345726267
Auglaize County,vap_white,atg_18_rep_yos,0.8113601161536937,0.00651550571928297,0.7981675215292616,0.8232512565728127
Auglaize County,vap_white,atg_18_dem_det,0.18863988384630637,0.00651550571928297,0.1767487434271875,0.2018324784707384
Auglaize County,vap_black,atg_18_rep_yos,0.48635187863169066,0.16645546756641802,0.16659624752916782,0.7989799061657918
Auglaize County,vap_black,atg_18_dem_det,0.5136481213683094,0.16645546756641802,0.20102009383420813,0.8334037524708323
Auglaize County,vap_hisp,atg_18_rep_yos,0.4718596893824784,0.1727147539070948,0.16783312528713135,0.8183495419665305
Auglaize County,vap_hisp,atg_18_dem_det,0.5281403106175215,0.17271475390709484,0.18165045803346927,0.8321668747128685
Auglaize County,vap_asian,atg_18_rep_yos,0.4523576391979943,0.16595385186542705,0.1506560734171442,0.7802144912343515
Auglaize County,vap_asian,atg_18_dem_det,0.5476423608020058,0.16595385186542705,0.21978550876564865,0.8493439265828556
Auglaize County,vap_aian,atg_18_rep_yos,0.4922241298650414,0.1661317337354434,0.19571672047387645,0.8167648995282476
Auglaize County,vap_aian,atg_18_dem_det,0.5077758701349586,0.1661317337354434,0.18323510047175223,0.8042832795261233
Auglaize County,vap_oth_b,atg_18_rep_yos,0.4590763521596226,0.17608057439737834,0.17094695680322125,0.845191767935175
Auglaize County,vap_oth_b,atg_18_dem_det,0.5409236478403774,0.17608057439737834,0.15480823206482489,0.8290530431967789
Auglaize County,vap_white,sos_18_rep_lar,0.8148355847472586,0.00610523789918557,0.802834323377502,0.82625795715152
Auglaize County,vap_white,sos_18_dem_cly,0.18516441525274155,0.00610523789918557,0.1737420428484801,0.19716567662249812
Auglaize County,vap_black,sos_18_rep_lar,0.48177649982360926,0.16780939608445725,0.1685068865775516,0.8045993286323105
Auglaize County,vap_black,sos_18_dem_cly,0.5182235001763907,0.16780939608445725,0.1954006713676893,0.8314931134224485
Auglaize County,vap_hisp,sos_18_rep_lar,0.4817008263743126,0.15563696538606692,0.20219449452545551,0.7856889641492257
Auglaize County,vap_hisp,sos_18_dem_cly,0.5182991736256873,0.15563696538606692,0.21431103585077424,0.7978055054745444
Auglaize County,vap_asian,sos_18_rep_lar,0.4913653996965556,0.16733216202959594,0.186196755608021,0.8151406172519069
Auglaize County,vap_asian,sos_18_dem_cly,0.5086346003034444,0.16733216202959594,0.18485938274809308,0.8138032443919789
Auglaize County,vap_aian,sos_18_rep_lar,0.49591816726187615,0.1689016800203831,0.17973587362158522,0.8186189216376906
Auglaize County,vap_aian,sos_18_dem_cly,0.5040818327381238,0.1689016800203831,0.1813810783623095,0.8202641263784145
Auglaize County,vap_oth_b,sos_18_rep_lar,0.4427874822003749,0.16793188861603886,0.15990286793075015,0.7769873823835413
Auglaize County,vap_oth_b,sos_18_dem_cly,0.5572125177996252,0.16793188861603886,0.2230126176164587,0.8400971320692497
Auglaize County,vap_white,pre_20_rep_tru,0.8364160130588222,0.00558566247699545,0.8252166747835131,0.8468689585495652
Auglaize County,vap_white,pre_20_dem_bid,0.16358398694117796,0.00558566247699545,0.15313104145043485,0.17478332521648687
Auglaize County,vap_black,pre_20_rep_tru,0.4954993232043046,0.17238327694889033,0.17643118497951554,0.8135688407380641
Auglaize County,vap_black,pre_20_dem_bid,0.5045006767956954,0.17238327694889033,0.1864311592619358,0.8235688150204843
Auglaize County,vap_hisp,pre_20_rep_tru,0.4593138292565538,0.17048022726496642,0.1452436821479607,0.7875965227049209
Auglaize County,vap_hisp,pre_20_dem_bid,0.5406861707434463,0.17048022726496642,0.21240347729507905,0.8547563178520391
Auglaize County,vap_asian,pre_20_rep_tru,0.46568013318498847,0.16698737248293388,0.15633988111919395,0.7930896378806996
Auglaize County,vap_asian,pre_20_dem_bid,0.5343198668150115,0.16698737248293383,0.2069103621193003,0.8436601188808062
Auglaize County,vap_aian,pre_20_rep_tru,0.5073964876451272,0.1784754721539086,0.16370904279917628,0.8218858066579324
Auglaize County,vap_aian,pre_20_dem_bid,0.4926035123548727,0.1784754721539086,0.1781141933420674,0.8362909572008235
Auglaize County,vap_oth_b,pre_20_rep_tru,0.4194196508793554,0.1591171602444676,0.14054506018810684,0.7481459310223547
Auglaize County,vap_oth_b,pre_20_dem_bid,0.5805803491206446,0.1591171602444676,0.2518540689776451,0.8594549398118931
Belmont County,vap_white,pre_16_rep_tru,0.7225821301898279,0.0072011127923277,0.7076246115742992,0.7355860742405431
Belmont County,vap_white,pre_16_dem_cli,0.277417869810172,0.0072011127923277,0.2644139257594569,0.29237538842570077
Belmont County,vap_black,pre_16_rep_tru,0.4998429182889845,0.12447061863261624,0.2777956260093106,0.7520662359833636
Belmont County,vap_black,pre_16_dem_cli,0.5001570817110156,0.12447061863261624,0.24793376401663608,0.7222043739906893
Belmont County,vap_hisp,pre_16_rep_tru,0.4551807534011798,0.16363566642049415,0.1675814052649858,0.7793023081773156
Belmont County,vap_hisp,pre_16_dem_cli,0.5448192465988202,0.16363566642049415,0.2206976918226844,0.8324185947350142
Belmont County,vap_asian,pre_16_rep_tru,0.4613148314645867,0.1688814084305126,0.1582056788135488,0.7907976323780221
Belmont County,vap_asian,pre_16_dem_cli,0.5386851685354133,0.1688814084305126,0.20920236762197775,0.841794321186451
Belmont County,vap_aian,pre_16_rep_tru,0.5135671894496925,0.1715258756629717,0.16175909417694484,0.8248689046718168
Belmont County,vap_aian,pre_16_dem_cli,0.4864328105503075,0.1715258756629717,0.17513109532818294,0.8382409058230551
Belmont County,vap_oth_b,pre_16_rep_tru,0.43396492491230665,0.1579985211552444,0.16586722050312183,0.774092653557182
Belmont County,vap_oth_b,pre_16_dem_cli,0.5660350750876934,0.15799852115524443,0.225907346442818,0.8341327794968781
Belmont County,vap_white,uss_16_rep_por,0.6901073043445983,0.00762603211438977,0.6730291034747178,0.7034701643336182
Belmont County,vap_white,uss_16_dem_str,0.3098926956554016,0.00762603211438977,0.2965298356663817,0.32697089652528205
Belmont County,vap_black,uss_16_rep_por,0.5532356021047463,0.14580708125427264,0.2926754545050589,0.8523380401016029
Belmont County,vap_black,uss_16_dem_str,0.4467643978952537,0.14580708125427264,0.1476619598983972,0.7073245454949412
Belmont County,vap_hisp,uss_16_rep_por,0.4926504452332092,0.17721376261774338,0.17298545993547357,0.8618907284767251
Belmont County,vap_hisp,uss_16_dem_str,0.5073495547667908,0.17721376261774338,0.1381092715232749,0.8270145400645263
Belmont County,vap_asian,uss_16_rep_por,0.4916661440045102,0.1671163187926545,0.1882164422079011,0.8044441767932698
Belmont County,vap_asian,uss_16_dem_str,0.5083338559954897,0.1671163187926545,0.19555582320673,0.8117835577920989
Belmont County,vap_aian,uss_16_rep_por,0.4916200760738581,0.16711897700311565,0.17887519969817878,0.8107039559327364
Belmont County,vap_aian,uss_16_dem_str,0.508379923926142,0.16711897700311565,0.18929604406726352,0.8211248003018212
Belmont County,vap_oth_b,uss_16_rep_por,0.4393891118915438,0.1750613845099739,0.16673525542827278,0.8708843616682039
Belmont County,vap_oth_b,uss_16_dem_str,0.5606108881084562,0.1750613845099739,0.12911563833179596,0.8332647445717271
Belmont County,vap_white,uss_18_rep_ren,0.5306451590530514,0.00745497295291575,0.5156038848379039,0.5447812294978625
Belmont County,vap_white,uss_18_dem_bro,0.4693548409469485,0.00745497295291575,0.4552187705021375,0.4843961151620962
Belmont County,vap_black,uss_18_rep_ren,0.5317028661188603,0.147864853033533,0.24401821295314463,0.818843152512185
Belmont County,vap_black,uss_18_dem_bro,0.46829713388113975,0.147864853033533,0.18115684748781496,0.7559817870468554
Belmont County,vap_hisp,uss_18_rep_ren,0.5082297742686447,0.15648961221687444,0.20921191362478145,0.7971327035721204
Belmont County,vap_hisp,uss_18_dem_bro,0.4917702257313553,0.15648961221687444,0.20286729642787957,0.7907880863752187
Belmont County,vap_asian,uss_18_rep_ren,0.5057808000728772,0.15982592551658514,0.21103811084784527,0.8093054229368036
Belmont County,vap_asian,uss_18_dem_bro,0.4942191999271228,0.15982592551658514,0.1906945770631963,0.7889618891521547
Belmont County,vap_aian,uss_18_rep_ren,0.5016183101746295,0.16283038942407815,0.1963609826687908,0.8063287065430168
Belmont County,vap_aian,uss_18_dem_bro,0.49838168982537046,0.16283038942407815,0.1936712934569831,0.8036390173312089
Belmont County,vap_oth_b,uss_18_rep_ren,0.43619068370336783,0.16179377111163726,0.17427078473563756,0.7745082250455998
Belmont County,vap_oth_b,uss_18_dem_bro,0.5638093162966321,0.16179377111163726,0.22549177495440004,0.8257292152643624
Belmont County,vap_white,gov_18_rep_dew,0.6512859722906871,0.00704509587405152,0.6372860786708804,0.6646701608880637
Belmont County,vap_white,gov_18_dem_cor,0.34871402770931287,0.00704509587405152,0.3353298391119361,0.3627139213291195
Belmont County,vap_black,gov_18_rep_dew,0.5495532830494003,0.14432602918467555,0.29247388338831515,0.8253662637447803
Belmont County,vap_black,gov_18_dem_cor,0.4504467169505997,0.14432602918467555,0.17463373625521977,0.7075261166116849
Belmont County,vap_hisp,gov_18_rep_dew,0.4745781576947422,0.15719593929050932,0.1840175660013838,0.7615161434168998
Belmont County,vap_hisp,gov_18_dem_cor,0.5254218423052578,0.15719593929050932,0.23848385658310012,0.8159824339986163
Belmont County,vap_asian,gov_18_rep_dew,0.490611563428514,0.16562144356333833,0.1702977171008316,0.7954398388261525
Belmont County,vap_asian,gov_18_dem_cor,0.509388436571486,0.16562144356333833,0.20456016117384737,0.8297022828991683
Belmont County,vap_aian,gov_18_rep_dew,0.5344369661445711,0.1570673838529685,0.23965599945431637,0.834646494585117
Belmont County,vap_aian,gov_18_dem_cor,0.4655630338554289,0.1570673838529685,0.16535350541488297,0.7603440005456835
Belmont County,vap_oth_b,gov_18_rep_dew,0.4268610347788805,0.14531682252561218,0.17700267306623366,0.7306689526787379
Belmont County,vap_oth_b,gov_18_dem_cor,0.5731389652211195,0.14531682252561218,0.26933104732126206,0.8229973269337664
Belmont County,vap_white,atg_18_rep_yos,0.6084011549659024,0.00750925836818787,0.5934529851474466,0.6232593300189001
Belmont County,vap_white,atg_18_dem_det,0.3915988450340975,0.00750925836818787,0.3767406699810998,0.4065470148525535
Belmont County,vap_black,atg_18_rep_yos,0.5454639855072649,0.1343631896131541,0.301384185847114,0.7950666340518718
Belmont County,vap_black,atg_18_dem_det,0.45453601449273506,0.1343631896131541,0.2049333659481281,0.698615814152886
Belmont County,vap_hisp,atg_18_rep_yos,0.509089933912584,0.1649716599398311,0.19685949429849495,0.8074551563984901
Belmont County,vap_hisp,atg_18_dem_det,0.49091006608741605,0.16497165993983112,0.19254484360150984,0.8031405057015049
Belmont County,vap_asian,atg_18_rep_yos,0.4984954846640971,0.16760750958846893,0.1897089967579244,0.8036880930171029
Belmont County,vap_asian,atg_18_dem_det,0.5015045153359029,0.16760750958846893,0.19631190698289705,0.8102910032420757
Belmont County,vap_aian,atg_18_rep_yos,0.49519609123838615,0.18057477230906088,0.11818139422608256,0.811230192993206
Belmont County,vap_aian,atg_18_dem_det,0.5048039087616139,0.18057477230906088,0.1887698070067939,0.8818186057739174
Belmont County,vap_oth_b,atg_18_rep_yos,0.4127900868942655,0.15924893414024252,0.1171182998952029,0.7175067988897798
Belmont County,vap_oth_b,atg_18_dem_det,0.5872099131057344,0.15924893414024252,0.28249320111021997,0.8828817001047972
Belmont County,vap_white,sos_18_rep_lar,0.6036938923628872,0.00732563742241901,0.5896472527114139,0.6179333400592133
Belmont County,vap_white,sos_18_dem_cly,0.3963061076371128,0.00732563742241901,0.3820666599407867,0.4103527472885859
Belmont County,vap_black,sos_18_rep_lar,0.5368601507515105,0.13690228522392525,0.2729659531127852,0.794276996963247
Belmont County,vap_black,sos_18_dem_cly,0.46313984924848944,0.13690228522392525,0.20572300303675292,0.7270340468872146
Belmont County,vap_hisp,sos_18_rep_lar,0.4920702448089403,0.16633059126658947,0.17465352341575646,0.8109263089589455
Belmont County,vap_hisp,sos_18_dem_cly,0.5079297551910597,0.16633059126658947,0.18907369104105431,0.8253464765842434
Belmont County,vap_asian,sos_18_rep_lar,0.5116571506833207,0.18283347452874063,0.1872317627891842,0.853805881388483
Belmont County,vap_asian,sos_18_dem_cly,0.48834284931667926,0.18283347452874063,0.1461941186115169,0.8127682372108157
Belmont County,vap_aian,sos_18_rep_lar,0.512676394156931,0.16097784915943225,0.210612141489706,0.8105567719464841
Belmont County,vap_aian,sos_18_dem_cly,0.487323605843069,0.16097784915943225,0.18944322805351585,0.7893878585102939
Belmont County,vap_oth_b,sos_18_rep_lar,0.4508452689175094,0.15279884888589845,0.1796518775754054,0.7479261245313111
Belmont County,vap_oth_b,sos_18_dem_cly,0.5491547310824906,0.15279884888589845,0.2520738754686886,0.8203481224245944
Belmont County,vap_white,pre_20_rep_tru,0.7380801073734475,0.00653676940892921,0.7248819718921116,0.7502363575231984
Belmont County,vap_white,pre_20_dem_bid,0.26191989262655235,0.00653676940892921,0.24976364247680163,0.2751180281078883
Belmont County,vap_black,pre_20_rep_tru,0.4798374992382113,0.1250617920710961,0.24484387951086295,0.7338376660333095
Belmont County,vap_black,pre_20_dem_bid,0.5201625007617887,0.1250617920710961,0.2661623339666905,0.755156120489137
Belmont County,vap_hisp,pre_20_rep_tru,0.4594477772661294,0.18501227987399815,0.11080237858568671,0.7995586407854433
Belmont County,vap_hisp,pre_20_dem_bid,0.5405522227338706,0.18501227987399815,0.2004413592145567,0.8891976214143134
Belmont County,vap_asian,pre_20_rep_tru,0.4856028237774177,0.18183888226480968,0.15525999045946,0.828789226736622
Belmont County,vap_asian,pre_20_dem_bid,0.5143971762225823,0.18183888226480968,0.17121077326337783,0.8447400095405398
Belmont County,vap_aian,pre_20_rep_tru,0.5085541392594523,0.17276269966150115,0.16968813820888454,0.8226265951277543
Belmont County,vap_aian,pre_20_dem_bid,0.49144586074054775,0.17276269966150115,0.17737340487224562,0.8303118617911154
Belmont County,vap_oth_b,pre_20_rep_tru,0.39775193920918006,0.15132293709030004,0.14346945564577265,0.7138693692132795
Belmont County,vap_oth_b,pre_20_dem_bid,0.6022480607908199,0.15132293709030004,0.2861306307867203,0.8565305443542274
Brown County,vap_white,pre_16_rep_tru,0.7859655171042442,0.00728023836043113,0.771648689200152,0.7995592783649271
Brown County,vap_white,pre_16_dem_cli,0.21403448289575583,0.00728023836043113,0.20044072163507293,0.22835131079984805
Brown County,vap_black,pre_16_rep_tru,0.45827361422150825,0.1620622341569732,0.15128125642077053,0.767257404674226
Brown County,vap_black,pre_16_dem_cli,0.5417263857784917,0.1620622341569732,0.232742595325774,0.8487187435792295
Brown County,vap_hisp,pre_16_rep_tru,0.495279478581106,0.16345893035900785,0.19570417412361657,0.8094001922262856
Brown County,vap_hisp,pre_16_dem_cli,0.504720521418894,0.16345893035900785,0.1905998077737145,0.8042958258763835
Brown County,vap_asian,pre_16_rep_tru,0.4818211428471365,0.17689150401067574,0.1345709254621804,0.8132807813593451
Brown County,vap_asian,pre_16_dem_cli,0.5181788571528635,0.17689150401067574,0.18671921864065472,0.8654290745378195
Brown County,vap_aian,pre_16_rep_tru,0.4803300133596109,0.17261701041451455,0.15982678876331413,0.8140795194748468
Brown County,vap_aian,pre_16_dem_cli,0.5196699866403891,0.17261701041451455,0.18592048052515303,0.8401732112366859
Brown County,vap_oth_b,pre_16_rep_tru,0.4742422470023853,0.17098104147387297,0.16677083947221452,0.8008040618328774
Brown County,vap_oth_b,pre_16_dem_cli,0.5257577529976147,0.17098104147387297,0.19919593816712264,0.8332291605277854
Brown County,vap_white,uss_16_rep_por,0.8281603301378321,0.00743971666060546,0.8128039111709487,0.8418433762470785
Brown County,vap_white,uss_16_dem_str,0.1718396698621679,0.00743971666060546,0.15815662375292144,0.18719608882905137
Brown County,vap_black,uss_16_rep_por,0.5114839143447321,0.16702528360163474,0.19978930184019245,0.8286954752307908
Brown County,vap_black,uss_16_dem_str,0.48851608565526794,0.16702528360163474,0.17130452476920893,0.8002106981598075
Brown County,vap_hisp,uss_16_rep_por,0.4881897795627531,0.17006510990156884,0.1698698183417613,0.8092893933090906
Brown County,vap_hisp,uss_16_dem_str,0.5118102204372468,0.17006510990156884,0.1907106066909093,0.8301301816582385
Brown County,vap_asian,uss_16_rep_por,0.4837829008494559,0.16717903254994315,0.1662542838739766,0.8044578523650862
Brown County,vap_asian,uss_16_dem_str,0.516217099150544,0.16717903254994315,0.1955421476349138,0.8337457161260233
Brown County,vap_aian,uss_16_rep_por,0.4989401430605321,0.16975751357939398,0.1671346677956809,0.8160846742691567
Brown County,vap_aian,uss_16_dem_str,0.501059856939468,0.16975751357939398,0.1839153257308434,0.832865332204319
Brown County,vap_oth_b,uss_16_rep_por,0.4401460857705511,0.17293033049737094,0.14970547376450496,0.8030682574593433
Brown County,vap_oth_b,uss_16_dem_str,0.559853914229449,0.17293033049737094,0.19693174254065665,0.8502945262354951
Brown County,vap_white,uss_18_rep_ren,0.6966566616575016,0.00806738602885892,0.6811078506392311,0.71196956356333
Brown County,vap_white,uss_18_dem_bro,0.3033433383424984,0.00806738602885892,0.2880304364366701,0.3188921493607691
Brown County,vap_black,uss_18_rep_ren,0.4871880074279401,0.1674633818327436,0.17038955066268663,0.8061435987448057
Brown County,vap_black,uss_18_dem_bro,0.5128119925720599,0.1674633818327436,0.19385640125519424,0.8296104493373133
Brown County,vap_hisp,uss_18_rep_ren,0.4936789434679707,0.16023436232409058,0.1932980393433028,0.8004080471873384
Brown County,vap_hisp,uss_18_dem_bro,0.5063210565320292,0.16023436232409058,0.19959195281266148,0.8067019606566971
Brown County,vap_asian,uss_18_rep_ren,0.4831855186181446,0.1674155197520779,0.1717772835023728,0.7993534404444173
Brown County,vap_asian,uss_18_dem_bro,0.5168144813818554,0.1674155197520779,0.2006465595555828,0.8282227164976271
Brown County,vap_aian,uss_18_rep_ren,0.5045787441592013,0.17300535611474768,0.17570302562376408,0.8340252912734034
Brown County,vap_aian,uss_18_dem_bro,0.49542125584079866,0.17300535611474768,0.1659747087265966,0.8242969743762358
Brown County,vap_oth_b,uss_18_rep_ren,0.47027865710625694,0.1889877278750377,0.13291203500073945,0.8354152205894265
Brown County,vap_oth_b,uss_18_dem_bro,0.5297213428937432,0.1889877278750377,0.16458477941057337,0.8670879649992606
Brown County,vap_white,gov_18_rep_dew,0.7556212567027287,0.00725622987736263,0.7414680376993635,0.7698013071464992
Brown County,vap_white,gov_18_dem_cor,0.24437874329727133,0.00725622987736263,0.2301986928535008,0.25853196230063635
Brown County,vap_black,gov_18_rep_dew,0.4718857916666042,0.17505287300409658,0.14827486486081698,0.8100450693635562
Brown County,vap_black,gov_18_dem_cor,0.5281142083333957,0.17505287300409658,0.1899549306364436,0.851725135139183
Brown County,vap_hisp,gov_18_rep_dew,0.5194722831126956,0.17310187309432698,0.1852078685055434,0.8321342519806431
Brown County,vap_hisp,gov_18_dem_cor,0.4805277168873044,0.17310187309432698,0.16786574801935683,0.8147921314944564
Brown County,vap_asian,gov_18_rep_dew,0.47707862337522106,0.1677142619584442,0.15390181506026498,0.7870033670944978
Brown County,vap_asian,gov_18_dem_cor,0.5229213766247789,0.1677142619584442,0.21299663290550225,0.846098184939735
Brown County,vap_aian,gov_18_rep_dew,0.48776270850473374,0.1683530404915235,0.15262010402974824,0.821052665510232
Brown County,vap_aian,gov_18_dem_cor,0.5122372914952663,0.1683530404915235,0.17894733448976796,0.8473798959702517
Brown County,vap_oth_b,gov_18_rep_dew,0.49252092298475375,0.1590610899908689,0.1863393829137961,0.7908979335641645
Brown County,vap_oth_b,gov_18_dem_cor,0.5074790770152463,0.1590610899908689,0.20910206643583543,0.8136606170862041
Brown County,vap_white,atg_18_rep_yos,0.7453164649833238,0.00728764340957356,0.7307715300600685,0.7591012402856419
Brown County,vap_white,atg_18_dem_det,0.2546835350166762,0.00728764340957356,0.24089875971435817,0.26922846993993166
Brown County,vap_black,atg_18_rep_yos,0.4931505717968327,0.17701135429170434,0.18018873584152145,0.8490789508098918
Brown County,vap_black,atg_18_dem_det,0.5068494282031673,0.17701135429170434,0.15092104919010807,0.8198112641584785
Brown County,vap_hisp,atg_18_rep_yos,0.5173156155326741,0.1758150605376341,0.19677067046571983,0.8545487365050851
Brown County,vap_hisp,atg_18_dem_det,0.4826843844673258,0.1758150605376341,0.14545126349491472,0.80322932953428
Brown County,vap_asian,atg_18_rep_yos,0.489029063050884,0.17291312787920585,0.16256275642224402,0.814703268859427
Brown County,vap_asian,atg_18_dem_det,0.510970936949116,0.17291312787920585,0.1852967311405729,0.8374372435777558
Brown County,vap_aian,atg_18_rep_yos,0.4679272290282675,0.1811576184759951,0.1429355891737798,0.8177574915893238
Brown County,vap_aian,atg_18_dem_det,0.5320727709717324,0.1811576184759951,0.18224250841067616,0.85706441082622
Brown County,vap_oth_b,atg_18_rep_yos,0.4753813770729304,0.16234470830398012,0.17511908517254388,0.7965369948458774
Brown County,vap_oth_b,atg_18_dem_det,0.5246186229270696,0.1623447083039801,0.20346300515412263,0.8248809148274561
Brown County,vap_white,sos_18_rep_lar,0.7457953531412304,0.00770337304895759,0.7305561058168856,0.7604646020057964
Brown County,vap_white,sos_18_dem_cly,0.25420464685876965,0.00770337304895759,0.23953539799420348,0.26944389418311443
Brown County,vap_black,sos_18_rep_lar,0.4648241058939449,0.16958665695002417,0.1646248075540231,0.7950866774100395
Brown County,vap_black,sos_18_dem_cly,0.53517589410605515,0.16958665695002417,0.20491332258996064,0.8353751924459769
Brown County,vap_hisp,sos_18_rep_lar,0.4746971909830522,0.16357349549495437,0.17734208707012164,0.7925014298475718
Brown County,vap_hisp,sos_18_dem_cly,0.5253028090169477,0.16357349549495437,0.20749857015242804,0.8226579129298783
Brown County,vap_asian,sos_18_rep_lar,0.48879147605967344,0.17263274203709184,0.173260241478171,0.8186293913079071
Brown County,vap_asian,sos_18_dem_cly,0.5112085239403266,0.17263274203709184,0.18137060869209284,0.8267397585218289
Brown County,vap_aian,sos_18_rep_lar,0.5085495714606902,0.16656197123318692,0.16470395705589305,0.808305677118589
Brown County,vap_aian,sos_18_dem_cly,0.49145042853930976,0.16656197123318692,0.19169432288141097,0.8352960429441068
Brown County,vap_oth_b,sos_18_rep_lar,0.4810220156020531,0.1694932831335745,0.1690522476336785,0.8213201064412752
Brown County,vap_oth_b,sos_18_dem_cly,0.518977984397947,0.1694932831335745,0.1786798935587249,0.8309477523663215
Brown County,vap_white,pre_20_rep_tru,0.808560002912109,0.00703644891119298,0.7947063558598035,0.8220235805014948
Brown County,vap_white,pre_20_dem_bid,0.19143999708789092,0.00703644891119298,0.1779764194985051,0.20529364414019632
Brown County,vap_black,pre_20_rep_tru,0.4607599203840238,0.1866734919695574,0.11063482202725404,0.7986931558850543
Brown County,vap_black,pre_20_dem_bid,0.5392400796159762,0.1866734919695574,0.2013068441149457,0.889365177972746
Brown County,vap_hisp,pre_20_rep_tru,0.4711636517035893,0.1716805361411984,0.16394513390611087,0.8022804314826019
Brown County,vap_hisp,pre_20_dem_bid,0.5288363482964107,0.1716805361411984,0.19771956851739816,0.8360548660938889
Brown County,vap_asian,pre_20_rep_tru,0.5012121579617086,0.17356740303568954,0.18350699906846635,0.8367825982813257
Brown County,vap_asian,pre_20_dem_bid,0.49878784203829135,0.17356740303568954,0.16321740171867394,0.8164930009315335
Brown County,vap_aian,pre_20_rep_tru,0.47772239949243567,0.17885728620604432,0.1514303590552144,0.8100414893114103
Brown County,vap_aian,pre_20_dem_bid,0.5222776005075643,0.17885728620604432,0.18995851068858968,0.8485696409447854
Brown County,vap_oth_b,pre_20_rep_tru,0.4461534081764564,0.16452758629625192,0.13738477206794933,0.7753177373453419
Brown County,vap_oth_b,pre_20_dem_bid,0.5538465918235437,0.16452758629625192,0.224682262654658,0.8626152279320507
Butler County,vap_white,pre_16_rep_tru,0.7627684494192499,0.00452355951130489,0.7535094170527724,0.7710226611456985
Butler County,vap_white,pre_16_dem_cli,0.2372315505807501,0.00452355951130489,0.22897733885430152,0.24649058294722756
Butler County,vap_black,pre_16_rep_tru,0.06837121643646296,0.01651862410959389,0.04189303026266226,0.10553939113407965
Butler County,vap_black,pre_16_dem_cli,0.931628783563537,0.01651862410959389,0.8944606088659203,0.9581069697373376
Butler County,vap_hisp,pre_16_rep_tru,0.1807059796628661,0.04026677696514161,0.11165325232779603,0.268273396616413
Butler County,vap_hisp,pre_16_dem_cli,0.8192940203371338,0.04026677696514161,0.7317266033835867,0.8883467476722039
Butler County,vap_asian,pre_16_rep_tru,0.17771643642706786,0.05621509253024698,0.08906339508388669,0.30805531771595007
Butler County,vap_asian,pre_16_dem_cli,0.8222835635729322,0.05621509253024698,0.6919446822840499,0.9109366049161134
Butler County,vap_aian,pre_16_rep_tru,0.37735653522589824,0.15549827104809216,0.14434531341772766,0.6950271623272944
Butler County,vap_aian,pre_16_dem_cli,0.6226434647741018,0.15549827104809216,0.30497283767270567,0.8556546865822724
Butler County,vap_oth_b,pre_16_rep_tru,0.19239633229344952,0.0635067339615806,0.09480368968616654,0.3375804426222999
Butler County,vap_oth_b,pre_16_dem_cli,0.8076036677065506,0.0635067339615806,0.6624195573777001,0.9051963103138336
Butler County,vap_white,uss_16_rep_por,0.8368615341870678,0.00474274063414879,0.8270640989984993,0.8455324019607281
Butler County,vap_white,uss_16_dem_str,0.1631384658129322,0.0047427406341488,0.15446759803927193,0.17293590100150089
Butler County,vap_black,uss_16_rep_por,0.0919808235993475,0.02478807613463933,0.05268842001156339,0.14660060577406386
Butler County,vap_black,uss_16_dem_str,0.9080191764006524,0.02478807613463933,0.8533993942259359,0.9473115799884364
Butler County,vap_hisp,uss_16_rep_por,0.2567967748370387,0.04470292830801477,0.17266419478034703,0.34890652310613735
Butler County,vap_hisp,uss_16_dem_str,0.7432032251629612,0.04470292830801477,0.6510934768938624,0.827335805219653
Butler County,vap_asian,uss_16_rep_por,0.45976145958663994,0.07728254918277724,0.3088196442609208,0.6151395573474591
Butler County,vap_asian,uss_16_dem_str,0.5402385404133601,0.07728254918277724,0.3848604426525409,0.6911803557390793
Butler County,vap_aian,uss_16_rep_por,0.4383902204942408,0.1584067077036472,0.17738125802527885,0.7649540465844745
Butler County,vap_aian,uss_16_dem_str,0.5616097795057593,0.1584067077036472,0.23504595341552556,0.8226187419747212
Butler County,vap_oth_b,uss_16_rep_por,0.13015268190871854,0.05742675040014521,0.04986283037582263,0.26800664586618683
Butler County,vap_oth_b,uss_16_dem_str,0.8698473180912816,0.05742675040014521,0.7319933541338132,0.9501371696241772
Butler County,vap_white,uss_18_rep_ren,0.6894845309394396,0.00471057256403944,0.6792745884837963,0.6977327184937395
Butler County,vap_white,uss_18_dem_bro,0.3105154690605604,0.00471057256403944,0.30226728150626037,0.3207254115162037
Butler County,vap_black,uss_18_rep_ren,0.06683616948208347,0.01742139610153756,0.03747322976514568,0.1052559122889713
Butler County,vap_black,uss_18_dem_bro,0.9331638305179164,0.01742139610153756,0.8947440877110286,0.9625267702348542
Butler County,vap_hisp,uss_18_rep_ren,0.14939855520992215,0.04672043887817816,0.07519802983644132,0.2600117146124572
Butler County,vap_hisp,uss_18_dem_bro,0.8506014447900778,0.04672043887817816,0.7399882853875429,0.9248019701635586
Butler County,vap_asian,uss_18_rep_ren,0.17368115069570314,0.05193058786194715,0.09014051100275287,0.2857310802135796
Butler County,vap_asian,uss_18_dem_bro,0.8263188493042969,0.05193058786194715,0.7142689197864204,0.9098594889972472
Butler County,vap_aian,uss_18_rep_ren,0.48934596644118056,0.15610862711130316,0.2318146511716142,0.7820038609008815
Butler County,vap_aian,uss_18_dem_bro,0.5106540335588194,0.15610862711130316,0.21799613909911836,0.7681853488283856
Butler County,vap_oth_b,uss_18_rep_ren,0.17605615679838643,0.06056868915045628,0.07844152121142164,0.30614755660311166
Butler County,vap_oth_b,uss_18_dem_bro,0.8239438432016136,0.06056868915045628,0.6938524433968883,0.9215584787885784
Butler County,vap_white,gov_18_rep_dew,0.7335233769977547,0.00509205118512804,0.7233221460874066,0.7432219705086648
Butler County,vap_white,gov_18_dem_cor,0.26647662300224534,0.00509205118512804,0.2567780294913352,0.2766778539125934
Butler County,vap_black,gov_18_rep_dew,0.07330215321741075,0.02002472678273122,0.04198482265955778,0.12128600417582672
Butler County,vap_black,gov_18_dem_cor,0.9266978467825892,0.02002472678273122,0.8787139958241732,0.9580151773404422
Butler County,vap_hisp,gov_18_rep_dew,0.19035782448128677,0.04261051410234437,0.11062656322611247,0.2806745218244331
Butler County,vap_hisp,gov_18_dem_cor,0.8096421755187132,0.04261051410234437,0.7193254781755668,0.8893734367738875
Butler County,vap_asian,gov_18_rep_dew,0.17423202147250874,0.05702018061177212,0.0886571676248483,0.30973268151601113
Butler County,vap_asian,gov_18_dem_cor,0.8257679785274913,0.05702018061177212,0.6902673184839889,0.9113428323751518
Butler County,vap_aian,gov_18_rep_dew,0.4159401240975501,0.16567372266507577,0.14225235681053316,0.7588381510142816
Butler County,vap_aian,gov_18_dem_cor,0.5840598759024499,0.16567372266507577,0.2411618489857182,0.8577476431894667
Butler County,vap_oth_b,gov_18_rep_dew,0.1801526279355486,0.07411130135708117,0.07341072011477046,0.36768850028476896
Butler County,vap_oth_b,gov_18_dem_cor,0.8198473720644515,0.07411130135708117,0.6323114997152312,0.9265892798852297
Butler County,vap_white,atg_18_rep_yos,0.7296073541332678,0.00532233515702172,0.7191065838947847,0.739465805787366
Butler County,vap_white,atg_18_dem_det,0.2703926458667322,0.00532233515702172,0.2605341942126341,0.28089341610521534
Butler County,vap_black,atg_18_rep_yos,0.07377019893901626,0.0223882471179653,0.04008907775752417,0.12552656239473728
Butler County,vap_black,atg_18_dem_det,0.9262298010609836,0.0223882471179653,0.8744734376052625,0.9599109222424757
Butler County,vap_hisp,atg_18_rep_yos,0.19104743334698032,0.04857608230797781,0.10681327762439438,0.29574537104985205
Butler County,vap_hisp,atg_18_dem_det,0.8089525666530196,0.04857608230797781,0.7042546289501479,0.8931867223756055
Butler County,vap_asian,atg_18_rep_yos,0.14020277468043055,0.05769177213859277,0.06410589694854799,0.2826599415668581
Butler County,vap_asian,atg_18_dem_det,0.8597972253195695,0.05769177213859277,0.717340058433142,0.9358941030514522
Butler County,vap_aian,atg_18_rep_yos,0.43934036474282473,0.16221553034713412,0.1291431595538198,0.7450235956667189
Butler County,vap_aian,atg_18_dem_det,0.5606596352571753,0.16221553034713412,0.25497640433328117,0.8708568404461803
Butler County,vap_oth_b,atg_18_rep_yos,0.1902038022512184,0.07496161283645286,0.0761560801376708,0.3623068520707277
Butler County,vap_oth_b,atg_18_dem_det,0.8097961977487816,0.07496161283645286,0.6376931479292722,0.9238439198623292
Butler County,vap_white,sos_18_rep_lar,0.7288155151165929,0.0051272113201409,0.7186770831079577,0.7385019928540973
Butler County,vap_white,sos_18_dem_cly,0.27118448488340713,0.0051272113201409,0.26149800714590266,0.28132291689204225
Butler County,vap_black,sos_18_rep_lar,0.08173611443780138,0.02351446023245566,0.04618563526353739,0.1349816293317136
Butler County,vap_black,sos_18_dem_cly,0.9182638855621986,0.02351446023245566,0.8650183706682862,0.9538143647364624
Butler County,vap_hisp,sos_18_rep_lar,0.15809370292532046,0.04399923319032347,0.0835901981067985,0.2513124712766507
Butler County,vap_hisp,sos_18_dem_cly,0.8419062970746796,0.04399923319032347,0.7486875287233492,0.9164098018932016
Butler County,vap_asian,sos_18_rep_lar,0.15275376936091906,0.05209350209214458,0.0776204427958824,0.2775712717871368
Butler County,vap_asian,sos_18_dem_cly,0.847246230639081,0.05209350209214458,0.7224287282128632,0.9223795572041176
Butler County,vap_aian,sos_18_rep_lar,0.4413173236968739,0.1577636988281967,0.16496072617966143,0.7244750417509519
Butler County,vap_aian,sos_18_dem_cly,0.5586826763031262,0.1577636988281967,0.275524958249048,0.8350392738203385
Butler County,vap_oth_b,sos_18_rep_lar,0.17493995319031194,0.06564869202453477,0.08155512679164763,0.3294673900464476
Butler County,vap_oth_b,sos_18_dem_cly,0.8250600468096881,0.06564869202453477,0.6705326099535525,0.9184448732083524
Butler County,vap_white,pre_20_rep_tru,0.7292926906053736,0.00506664282150313,0.7186753247125526,0.7381388851719821
Butler County,vap_white,pre_20_dem_bid,0.27070730939462645,0.00506664282150312,0.26186111482801777,0.28132467528744737
Butler County,vap_black,pre_20_rep_tru,0.07111325487321905,0.0191779508865707,0.04052135828462444,0.1137589805601408
Butler County,vap_black,pre_20_dem_bid,0.9288867451267808,0.0191779508865707,0.8862410194398592,0.9594786417153756
Butler County,vap_hisp,pre_20_rep_tru,0.2179953672597007,0.05193955896040011,0.1326124734091387,0.3362619126209446
Butler County,vap_hisp,pre_20_dem_bid,0.7820046327402993,0.05193955896040011,0.6637380873790553,0.8673875265908613
Butler County,vap_asian,pre_20_rep_tru,0.12324397402359329,0.03848045262107789,0.06182114783636278,0.20907519808914204
Butler County,vap_asian,pre_20_dem_bid,0.8767560259764068,0.03848045262107789,0.7909248019108579,0.9381788521636372
Butler County,vap_aian,pre_20_rep_tru,0.4893693577948865,0.13883750951736318,0.2513544339953562,0.7607971731720846
Butler County,vap_aian,pre_20_dem_bid,0.5106306422051136,0.13883750951736318,0.2392028268279154,0.7486455660046438
Butler County,vap_oth_b,pre_20_rep_tru,0.2182047711886716,0.08345139549980002,0.09148871765847716,0.4058065329577705
Butler County,vap_oth_b,pre_20_dem_bid,0.7817952288113285,0.0834513954998,0.5941934670422294,0.9085112823415228
Carroll County,vap_white,pre_16_rep_tru,0.7629002420228379,0.00703811594653377,0.7491723506093875,0.7763967570109616
Carroll County,vap_white,pre_16_dem_cli,0.23709975797716212,0.00703811594653377,0.2236032429890385,0.2508276493906126
Carroll County,vap_black,pre_16_rep_tru,0.5045681590375832,0.18964742107478935,0.1482544759648266,0.8510565761486015
Carroll County,vap_black,pre_16_dem_cli,0.4954318409624168,0.18964742107478935,0.1489434238513984,0.8517455240351735
Carroll County,vap_hisp,pre_16_rep_tru,0.4853677783608826,0.1763614924203229,0.15096181201363518,0.8170698453868522
Carroll County,vap_hisp,pre_16_dem_cli,0.5146322216391175,0.1763614924203229,0.18293015461314793,0.8490381879863649
Carroll County,vap_asian,pre_16_rep_tru,0.4930507054567961,0.1809734071277957,0.1481840492693624,0.8418092687989557
Carroll County,vap_asian,pre_16_dem_cli,0.5069492945432039,0.1809734071277957,0.1581907312010442,0.8518159507306375
Carroll County,vap_aian,pre_16_rep_tru,0.4904212404886965,0.1702107639576266,0.16405534421709234,0.8044812815232747
Carroll County,vap_aian,pre_16_dem_cli,0.5095787595113036,0.1702107639576266,0.19551871847672528,0.8359446557829078
Carroll County,vap_oth_b,pre_16_rep_tru,0.4852409638746803,0.1668201376611384,0.16648061611219792,0.8034439048459308
Carroll County,vap_oth_b,pre_16_dem_cli,0.5147590361253196,0.1668201376611384,0.196556095154069,0.8335193838878021
Carroll County,vap_white,uss_16_rep_por,0.7762242956833214,0.00736077978556851,0.7617305722318155,0.790340898951592
Carroll County,vap_white,uss_16_dem_str,0.22377570431667868,0.00736077978556851,0.20965910104840804,0.23826942776818452
Carroll County,vap_black,uss_16_rep_por,0.4934325640165164,0.17590733467475617,0.1744418477226854,0.8406085040186034
Carroll County,vap_black,uss_16_dem_str,0.5065674359834836,0.17590733467475617,0.15939149598139646,0.8255581522773145
Carroll County,vap_hisp,uss_16_rep_por,0.49673266219922974,0.1701091241337691,0.17592174678711112,0.8219693549539587
Carroll County,vap_hisp,uss_16_dem_str,0.5032673378007703,0.1701091241337691,0.17803064504604116,0.8240782532128887
Carroll County,vap_asian,uss_16_rep_por,0.5096292990391887,0.17794533447882782,0.1642367670235028,0.8413161905926547
Carroll County,vap_asian,uss_16_dem_str,0.49037070096081126,0.17794533447882782,0.15868380940734522,0.8357632329764971
Carroll County,vap_aian,uss_16_rep_por,0.4992545388388179,0.17683815170588835,0.1735213331451093,0.845608489298902
Carroll County,vap_aian,uss_16_dem_str,0.5007454611611822,0.17683815170588835,0.15439151070109813,0.8264786668548908
Carroll County,vap_oth_b,uss_16_rep_por,0.48373291868282375,0.17273162951713328,0.1645998412161556,0.8151950189488635
Carroll County,vap_oth_b,uss_16_dem_str,0.5162670813171761,0.17273162951713328,0.18480498105113644,0.8354001587838442
Carroll County,vap_white,uss_18_rep_ren,0.64119763577578,0.00782808752293065,0.6258255439996792,0.6559920733636859
Carroll County,vap_white,uss_18_dem_bro,0.35880236422421996,0.00782808752293065,0.34400792663631413,0.37417445600032073
Carroll County,vap_black,uss_18_rep_ren,0.49152856547708645,0.18027946955119648,0.1609704722887886,0.8259721450963287
Carroll County,vap_black,uss_18_dem_bro,0.5084714345229135,0.18027946955119648,0.1740278549036713,0.8390295277112113
Carroll County,vap_hisp,uss_18_rep_ren,0.4999321012454827,0.1618455054848005,0.1864289968575941,0.7981871137618115
Carroll County,vap_hisp,uss_18_dem_bro,0.5000678987545173,0.1618455054848005,0.2018128862381886,0.8135710031424059
Carroll County,vap_asian,uss_18_rep_ren,0.4823087124440684,0.17152271896653215,0.16147097001806557,0.8122430275714868
Carroll County,vap_asian,uss_18_dem_bro,0.5176912875559316,0.17152271896653215,0.187756972428513,0.8385290299819343
Carroll County,vap_aian,uss_18_rep_ren,0.48596087596209175,0.1688515611881719,0.1751108127367758,0.8110033737691604
Carroll County,vap_aian,uss_18_dem_bro,0.5140391240379083,0.1688515611881719,0.1889966262308396,0.8248891872632242
Carroll County,vap_oth_b,uss_18_rep_ren,0.4725627410507541,0.17326478640820445,0.1609232146912518,0.8114412791720071
Carroll County,vap_oth_b,uss_18_dem_bro,0.5274372589492459,0.17326478640820445,0.18855872082799263,0.8390767853087481
Carroll County,vap_white,gov_18_rep_dew,0.6958506215165932,0.00784949427595373,0.680592531113929,0.7111145414995931
Carroll County,vap_white,gov_18_dem_cor,0.30414937848340684,0.00784949427595373,0.2888854585004071,0.319407468886071
Carroll County,vap_black,gov_18_rep_dew,0.4784005828004704,0.1859554475274892,0.12517372036327293,0.8250960627030757
Carroll County,vap_black,gov_18_dem_cor,0.5215994171995296,0.1859554475274892,0.1749039372969243,0.8748262796367269
Carroll County,vap_hisp,gov_18_rep_dew,0.4784965162735232,0.1733626491151462,0.15639585129493255,0.8092117469774696
Carroll County,vap_hisp,gov_18_dem_cor,0.5215034837264768,0.1733626491151462,0.1907882530225304,0.8436041487050674
Carroll County,vap_asian,gov_18_rep_dew,0.5145548625860132,0.1710468478603146,0.18550598038221305,0.8362291941313257
Carroll County,vap_asian,gov_18_dem_cor,0.4854451374139867,0.1710468478603146,0.16377080586867424,0.8144940196177869
Carroll County,vap_aian,gov_18_rep_dew,0.5064508444585707,0.1772836197582347,0.18172986230612553,0.8516289105447914
Carroll County,vap_aian,gov_18_dem_cor,0.4935491555414294,0.1772836197582347,0.14837108945520827,0.8182701376938746
Carroll County,vap_oth_b,gov_18_rep_dew,0.49406830562228704,0.17899346007273773,0.16193856629805636,0.8260055195925837
Carroll County,vap_oth_b,gov_18_dem_cor,0.5059316943777129,0.17899346007273773,0.1739944804074161,0.8380614337019435
Carroll County,vap_white,atg_18_rep_yos,0.6985142276345508,0.00789972164735813,0.6830884580723245,0.7134791302844897
Carroll County,vap_white,atg_18_dem_det,0.30148577236544916,0.00789972164735813,0.2865208697155103,0.3169115419276755
Carroll County,vap_black,atg_18_rep_yos,0.5188753296227808,0.18957581713391913,0.18041385868115037,0.8996254920963085
Carroll County,vap_black,atg_18_dem_det,0.4811246703772192,0.18957581713391913,0.10037450790369148,0.8195861413188495
Carroll County,vap_hisp,atg_18_rep_yos,0.4865671182214491,0.17294898362704797,0.1638198125346845,0.8119165767725096
Carroll County,vap_hisp,atg_18_dem_det,0.513432881778551,0.17294898362704797,0.18808342322749036,0.8361801874653155
Carroll County,vap_asian,atg_18_rep_yos,0.4898327714504537,0.18121930857002183,0.16189617935118167,0.8422857704693318
Carroll County,vap_asian,atg_18_dem_det,0.5101672285495463,0.18121930857002183,0.157714229530668,0.8381038206488183
Carroll County,vap_aian,atg_18_rep_yos,0.4983858318851977,0.17221820385910597,0.1713425688146871,0.8160631622317619
Carroll County,vap_aian,atg_18_dem_det,0.5016141681148024,0.17221820385910597,0.1839368377682382,0.8286574311853129
Carroll County,vap_oth_b,atg_18_rep_yos,0.46419638022504184,0.17920230916026544,0.1354537177734196,0.8122073024424497
Carroll County,vap_oth_b,atg_18_dem_det,0.535803619774958,0.17920230916026544,0.18779269755755015,0.8645462822265801
Carroll County,vap_white,sos_18_rep_lar,0.6964563066007499,0.00791400288700669,0.6810620344702389,0.7117171705845009
Carroll County,vap_white,sos_18_dem_cly,0.30354369339925025,0.00791400288700669,0.28828282941549915,0.3189379655297611
Carroll County,vap_black,sos_18_rep_lar,0.48426308159553577,0.18777298725776032,0.1299991147558043,0.8428444503083689
Carroll County,vap_black,sos_18_dem_cly,0.5157369184044642,0.18777298725776032,0.15715554969163098,0.8700008852441957
Carroll County,vap_hisp,sos_18_rep_lar,0.4925109061797456,0.17006242273664562,0.16105486237856895,0.822065033914043
Carroll County,vap_hisp,sos_18_dem_cly,0.5074890938202544,0.17006242273664562,0.17793496608595696,0.8389451376214312
Carroll County,vap_asian,sos_18_rep_lar,0.5051230651239745,0.17999288835026303,0.15153541051200484,0.8307930810804178
Carroll County,vap_asian,sos_18_dem_cly,0.4948769348760254,0.17999288835026303,0.1692069189195822,0.848464589487995
Carroll County,vap_aian,sos_18_rep_lar,0.4908479988550399,0.17453295796486018,0.17447264127625806,0.8297852504827135
Carroll County,vap_aian,sos_18_dem_cly,0.5091520011449602,0.17453295796486018,0.17021474951728657,0.8255273587237418
Carroll County,vap_oth_b,sos_18_rep_lar,0.4927258669273061,0.17717758418172416,0.16649390301798878,0.825278258102296
Carroll County,vap_oth_b,sos_18_dem_cly,0.5072741330726939,0.17717758418172416,0.17472174189770384,0.8335060969820111
Carroll County,vap_white,pre_20_rep_tru,0.7857358758446882,0.00697341285946571,0.7721793917185843,0.7987962102882843
Carroll County,vap_white,pre_20_dem_bid,0.21426412415531187,0.00697341285946571,0.2012037897117158,0.22782060828141568
Carroll County,vap_black,pre_20_rep_tru,0.4901909122154204,0.17555750631691666,0.162487183553216,0.820590572097406
Carroll County,vap_black,pre_20_dem_bid,0.5098090877845797,0.17555750631691666,0.17940942790259373,0.8375128164467841
Carroll County,vap_hisp,pre_20_rep_tru,0.4810060991814989,0.17191374633164852,0.16339547340380509,0.8085891234377042
Carroll County,vap_hisp,pre_20_dem_bid,0.5189939008185012,0.17191374633164852,0.19141087656229583,0.836604526596195
Carroll County,vap_asian,pre_20_rep_tru,0.49915296276778354,0.18258523065303411,0.14125543146613356,0.8292948480355468
Carroll County,vap_asian,pre_20_dem_bid,0.5008470372322165,0.18258523065303411,0.1707051519644532,0.8587445685338662
Carroll County,vap_aian,pre_20_rep_tru,0.49119530437186015,0.16993443080681994,0.16505912865479175,0.8108604555683566
Carroll County,vap_aian,pre_20_dem_bid,0.5088046956281399,0.16993443080681994,0.1891395444316433,0.834940871345208
Carroll County,vap_oth_b,pre_20_rep_tru,0.4895917820818965,0.16788472423753706,0.1856650251345369,0.812262385648819
Carroll County,vap_oth_b,pre_20_dem_bid,0.5104082179181034,0.16788472423753706,0.1877376143511808,0.8143349748654628
Champaign County,vap_white,pre_16_rep_tru,0.7532421309039028,0.00904644927892857,0.7352086335510982,0.7702255763977124
Champaign County,vap_white,pre_16_dem_cli,0.2467578690960972,0.00904644927892857,0.2297744236022876,0.26479136644890167
Champaign County,vap_black,pre_16_rep_tru,0.4429178194194121,0.1740574548200566,0.1247054611642668,0.7810290906122924
Champaign County,vap_black,pre_16_dem_cli,0.5570821805805879,0.1740574548200566,0.21897090938770755,0.8752945388357332
Champaign County,vap_hisp,pre_16_rep_tru,0.5338241131056749,0.20656396074371017,0.1872295189432369,0.9211416001524256
Champaign County,vap_hisp,pre_16_dem_cli,0.46617588689432504,0.20656396074371017,0.07885839984757428,0.8127704810567631
Champaign County,vap_asian,pre_16_rep_tru,0.4890251829032331,0.17668906140734056,0.15595929432155434,0.8351683184945798
Champaign County,vap_asian,pre_16_dem_cli,0.5109748170967668,0.17668906140734056,0.1648316815054201,0.8440407056784456
Champaign County,vap_aian,pre_16_rep_tru,0.4694706226466054,0.1704401387661762,0.15833463459613764,0.7908115780018221
Champaign County,vap_aian,pre_16_dem_cli,0.5305293773533948,0.1704401387661762,0.20918842199817783,0.8416653654038624
Champaign County,vap_oth_b,pre_16_rep_tru,0.4355859856889807,0.16606760943184778,0.15065092989955922,0.7890382379819225
Champaign County,vap_oth_b,pre_16_dem_cli,0.5644140143110192,0.16606760943184778,0.21096176201807745,0.8493490701004407
Champaign County,vap_white,uss_16_rep_por,0.7967522019489262,0.00839256376422947,0.7797899435178355,0.8120424993950671
Champaign County,vap_white,uss_16_dem_str,0.2032477980510738,0.00839256376422947,0.18795750060493288,0.2202100564821645
Champaign County,vap_black,uss_16_rep_por,0.4391436690541354,0.1676983104958583,0.13902389944445626,0.7755495645259765
Champaign County,vap_black,uss_16_dem_str,0.5608563309458646,0.1676983104958583,0.2244504354740234,0.8609761005555437
Champaign County,vap_hisp,uss_16_rep_por,0.49749229821434854,0.17518339432700034,0.13550346055000315,0.812617979522679
Champaign County,vap_hisp,uss_16_dem_str,0.5025077017856514,0.17518339432700034,0.1873820204773209,0.8644965394499968
Champaign County,vap_asian,uss_16_rep_por,0.4676652311085488,0.17139133836954085,0.14326665722432944,0.7805921849204539
Champaign County,vap_asian,uss_16_dem_str,0.5323347688914511,0.17139133836954085,0.219407815079546,0.8567333427756705
Champaign County,vap_aian,uss_16_rep_por,0.4884470342337248,0.17538883985796783,0.1579483646223663,0.8326779002059496
Champaign County,vap_aian,uss_16_dem_str,0.5115529657662753,0.17538883985796783,0.1673220997940505,0.8420516353776337
Champaign County,vap_oth_b,uss_16_rep_por,0.4447379166005962,0.15373801378427726,0.16801863810101833,0.7511503988929781
Champaign County,vap_oth_b,uss_16_dem_str,0.5552620833994039,0.15373801378427726,0.24884960110702176,0.8319813618989815
Champaign County,vap_white,uss_18_rep_ren,0.6416099910021864,0.0090046176792924,0.6236048863565291,0.6588143717285422
Champaign County,vap_white,uss_18_dem_bro,0.35839000899781354,0.0090046176792924,0.3411856282714577,0.3763951136434709
Champaign County,vap_black,uss_18_rep_ren,0.44689680023354394,0.1630091699402572,0.15515253323403344,0.7659701651154621
Champaign County,vap_black,uss_18_dem_bro,0.553103199766456,0.1630091699402572,0.23402983488453785,0.8448474667659666
Champaign County,vap_hisp,uss_18_rep_ren,0.43129815206265393,0.19486563323679812,0.06180945753853908,0.7827645812599027
Champaign County,vap_hisp,uss_18_dem_bro,0.568701847937346,0.19486563323679812,0.21723541874009747,0.9381905424614608
Champaign County,vap_asian,uss_18_rep_ren,0.4955075959392962,0.1865842063076774,0.14526840599856197,0.8432841452479375
Champaign County,vap_asian,uss_18_dem_bro,0.5044924040607037,0.1865842063076774,0.15671585475206243,0.8547315940014377
Champaign County,vap_aian,uss_18_rep_ren,0.5162035273547267,0.1733963556843177,0.18001339164203695,0.8538909808873268
Champaign County,vap_aian,uss_18_dem_bro,0.4837964726452733,0.1733963556843177,0.14610901911267313,0.8199866083579631
Champaign County,vap_oth_b,uss_18_rep_ren,0.48271386457463705,0.16219897868607067,0.18473941888841405,0.7860853030452004
Champaign County,vap_oth_b,uss_18_dem_bro,0.517286135425363,0.16219897868607067,0.2139146969547995,0.815260581111586
Champaign County,vap_white,gov_18_rep_dew,0.7183897324482943,0.00938479743901469,0.7000731445467258,0.7364485727996585
Champaign County,vap_white,gov_18_dem_cor,0.28161026755170565,0.00938479743901469,0.2635514272003414,0.29992685545327435
Champaign County,vap_black,gov_18_rep_dew,0.436609789488603,0.16965115367558167,0.14571260762326446,0.7891986688192828
Champaign County,vap_black,gov_18_dem_cor,0.563390210511397,0.16965115367558167,0.21080133118071717,0.8542873923767356
Champaign County,vap_hisp,gov_18_rep_dew,0.4940186418257219,0.16507168522918603,0.1917965871177099,0.8082811137076605
Champaign County,vap_hisp,gov_18_dem_cor,0.505981358174278,0.16507168522918603,0.19171888629233935,0.8082034128822899
Champaign County,vap_asian,gov_18_rep_dew,0.49124278561472745,0.16622710329179974,0.18782320720378295,0.8138472851213174
Champaign County,vap_asian,gov_18_dem_cor,0.5087572143852725,0.16622710329179974,0.18615271487868223,0.8121767927962167
Champaign County,vap_aian,gov_18_rep_dew,0.5043700044482595,0.17908961360943138,0.17008501189555383,0.840624350151937
Champaign County,vap_aian,gov_18_dem_cor,0.4956299955517405,0.17908961360943138,0.159375649848063,0.8299149881044462
Champaign County,vap_oth_b,gov_18_rep_dew,0.45185040742995697,0.18191019403562964,0.11433239332375932,0.7975690279260954
Champaign County,vap_oth_b,gov_18_dem_cor,0.548149592570043,0.18191019403562964,0.20243097207390445,0.8856676066762404
Champaign County,vap_white,atg_18_rep_yos,0.7488669617721243,0.00887135731547059,0.7267685716134509,0.7630176424086093
Champaign County,vap_white,atg_18_dem_det,0.25113303822787564,0.00887135731547059,0.2369823575913906,0.2732314283865492
Champaign County,vap_black,atg_18_rep_yos,0.4262557956187041,0.1858296275877624,0.08005498797155158,0.7882524618472627
Champaign County,vap_black,atg_18_dem_det,0.5737442043812959,0.1858296275877624,0.2117475381527372,0.9199450120284484
Champaign County,vap_hisp,atg_18_rep_yos,0.4807261869966051,0.16611357348799824,0.18565537231862211,0.8133592086887322
Champaign County,vap_hisp,atg_18_dem_det,0.5192738130033948,0.16611357348799824,0.18664079131126748,0.8143446276813777
Champaign County,vap_asian,atg_18_rep_yos,0.4863930133597972,0.19288746853205344,0.1331171579296367,0.8567687699388052
Champaign County,vap_asian,atg_18_dem_det,0.5136069866402028,0.19288746853205344,0.1432312300611946,0.866882842070363
Champaign County,vap_aian,atg_18_rep_yos,0.4848107086993397,0.16518038426474707,0.17666207353520813,0.8030507484839808
Champaign County,vap_aian,atg_18_dem_det,0.5151892913006604,0.16518038426474707,0.19694925151601905,0.823337926464792
Champaign County,vap_oth_b,atg_18_rep_yos,0.19097955084879223,0.1608800039271417,0.0419528410816432,0.6779519619994241
Champaign County,vap_oth_b,atg_18_dem_det,0.8090204491512077,0.1608800039271417,0.3220480380005757,0.9580471589183568
Champaign County,vap_white,sos_18_rep_lar,0.723956184611023,0.00904662622493043,0.7063790825767879,0.7410718736210189
Champaign County,vap_white,sos_18_dem_cly,0.276043815388977,0.00904662622493043,0.2589281263789811,0.2936209174232121
Champaign County,vap_black,sos_18_rep_lar,0.4386736336509457,0.1651399206746913,0.14619313487101276,0.7582971237697701
Champaign County,vap_black,sos_18_dem_cly,0.5613263663490543,0.1651399206746913,0.2417028762302297,0.8538068651289871
Champaign County,vap_hisp,sos_18_rep_lar,0.4792148144455904,0.16847782401295683,0.1608174557514422,0.8074838100355898
Champaign County,vap_hisp,sos_18_dem_cly,0.5207851855544096,0.16847782401295683,0.19251618996441008,0.8391825442485576
Champaign County,vap_asian,sos_18_rep_lar,0.505210919796541,0.1755270125862196,0.16551488459598998,0.818149644601295
Champaign County,vap_asian,sos_18_dem_cly,0.4947890802034589,0.1755270125862196,0.18185035539870484,0.83448511540401
Champaign County,vap_aian,sos_18_rep_lar,0.5018181978677585,0.1759217629014546,0.16614541198879196,0.8448917386736816
Champaign County,vap_aian,sos_18_dem_cly,0.4981818021322416,0.1759217629014546,0.15510826132631844,0.833854588011208
Champaign County,vap_oth_b,sos_18_rep_lar,0.4508744290491179,0.17048805625915334,0.15023119102681193,0.7810818931005037
Champaign County,vap_oth_b,sos_18_dem_cly,0.5491255709508821,0.17048805625915334,0.21891810689949628,0.8497688089731879
Champaign County,vap_white,pre_20_rep_tru,0.7635976923247516,0.00856024241831638,0.7468330259828058,0.7798895803803009
Champaign County,vap_white,pre_20_dem_bid,0.23640230767524836,0.00856024241831638,0.2201104196196992,0.25316697401719424
Champaign County,vap_black,pre_20_rep_tru,0.4318552652867267,0.17609279825191962,0.12429704971641992,0.7834752587360664
Champaign County,vap_black,pre_20_dem_bid,0.5681447347132733,0.17609279825191962,0.21652474126393356,0.8757029502835799
Champaign County,vap_hisp,pre_20_rep_tru,0.4928017094707728,0.1677557251324066,0.18089196156469525,0.8201253036152618
Champaign County,vap_hisp,pre_20_dem_bid,0.5071982905292272,0.1677557251324066,0.17987469638473808,0.8191080384353048
Champaign County,vap_asian,pre_20_rep_tru,0.5243991614288263,0.18260855090447012,0.17153100509852584,0.8537526015458845
Champaign County,vap_asian,pre_20_dem_bid,0.4756008385711737,0.18260855090447012,0.14624739845411538,0.828468994901474
Champaign County,vap_aian,pre_20_rep_tru,0.4810368254008947,0.1667094929897528,0.16954421461511027,0.8054103656455098
Champaign County,vap_aian,pre_20_dem_bid,0.5189631745991053,0.1667094929897528,0.19458963435449023,0.8304557853848897
Champaign County,vap_oth_b,pre_20_rep_tru,0.4348472941980507,0.16663381247363776,0.13561910612471972,0.7681539101984788
Champaign County,vap_oth_b,pre_20_dem_bid,0.5651527058019493,0.16663381247363776,0.23184608980152116,0.8643808938752802
Clark County,vap_white,pre_16_rep_tru,0.6686291963842746,0.00646994673154426,0.6548667315530576,0.6802206306468913
Clark County,vap_white,pre_16_dem_cli,0.3313708036157253,0.00646994673154426,0.31977936935310863,0.34513326844694237
Clark County,vap_black,pre_16_rep_tru,0.06458265001958552,0.021288180170679,0.03051913932920356,0.1136809417662674
Clark County,vap_black,pre_16_dem_cli,0.9354173499804144,0.02128818017067901,0.8863190582337326,0.9694808606707964
Clark County,vap_hisp,pre_16_rep_tru,0.26815629275936176,0.11501786870685209,0.09319636693629849,0.5317407632100756
Clark County,vap_hisp,pre_16_dem_cli,0.7318437072406383,0.11501786870685209,0.4682592367899244,0.9068036330637016
Clark County,vap_asian,pre_16_rep_tru,0.44591652026117046,0.16673851839881396,0.16019032629436342,0.7774208232766715
Clark County,vap_asian,pre_16_dem_cli,0.5540834797388295,0.16673851839881396,0.2225791767233284,0.8398096737056366
Clark County,vap_aian,pre_16_rep_tru,0.4889053949267088,0.15336934013464157,0.2096391614290361,0.7870849732104045
Clark County,vap_aian,pre_16_dem_cli,0.5110946050732911,0.15336934013464157,0.21291502678959545,0.7903608385709637
Clark County,vap_oth_b,pre_16_rep_tru,0.2384925546514232,0.09559259233865527,0.09316502702557776,0.45903560123930975
Clark County,vap_oth_b,pre_16_dem_cli,0.7615074453485768,0.09559259233865527,0.5409643987606901,0.9068349729744222
Clark County,vap_white,uss_16_rep_por,0.7638315513589441,0.00720258477777662,0.7490358069876127,0.7767022076791341
Clark County,vap_white,uss_16_dem_str,0.23616844864105585,0.00720258477777662,0.2232977923208657,0.25096419301238726
Clark County,vap_black,uss_16_rep_por,0.05580310738699747,0.02044574373800234,0.02407236955440919,0.10210071479108183
Clark County,vap_black,uss_16_dem_str,0.9441968926130024,0.02044574373800234,0.897899285208918,0.9759276304455908
Clark County,vap_hisp,uss_16_rep_por,0.31114490507515363,0.12927410151813648,0.11882722873901386,0.6431427350871142
Clark County,vap_hisp,uss_16_dem_str,0.6888550949248464,0.12927410151813648,0.3568572649128857,0.8811727712609863
Clark County,vap_asian,uss_16_rep_por,0.487479716517658,0.15884543786767616,0.20456090160981283,0.7911910690610701
Clark County,vap_asian,uss_16_dem_str,0.512520283482342,0.15884543786767616,0.2088089309389299,0.7954390983901871
Clark County,vap_aian,uss_16_rep_por,0.48189386480021806,0.16388174979194642,0.16728007762575162,0.7938260083755636
Clark County,vap_aian,uss_16_dem_str,0.5181061351997819,0.16388174979194642,0.20617399162443625,0.8327199223742483
Clark County,vap_oth_b,uss_16_rep_por,0.2505044228634264,0.1045037800786274,0.09040445425926992,0.47400436513199073
Clark County,vap_oth_b,uss_16_dem_str,0.7494955771365736,0.1045037800786274,0.5259956348680092,0.90959554574073
Clark County,vap_white,uss_18_rep_ren,0.5557684986587097,0.00737912931055423,0.5400761267922024,0.5690038825787399
Clark County,vap_white,uss_18_dem_bro,0.44423150134129025,0.00737912931055423,0.4309961174212601,0.45992387320779754
Clark County,vap_black,uss_18_rep_ren,0.05438205496477057,0.02008949894738984,0.02395791119106252,0.10124482493416516
Clark County,vap_black,uss_18_dem_bro,0.9456179450352292,0.02008949894738984,0.8987551750658348,0.9760420888089372
Clark County,vap_hisp,uss_18_rep_ren,0.26474714274950417,0.11326239041723142,0.08277165868016965,0.527447726347896
Clark County,vap_hisp,uss_18_dem_bro,0.7352528572504959,0.11326239041723142,0.4725522736521039,0.9172283413198304
Clark County,vap_asian,uss_18_rep_ren,0.5034612954528532,0.16338242193070832,0.20517115967771984,0.8246725003160357
Clark County,vap_asian,uss_18_dem_bro,0.4965387045471467,0.16338242193070832,0.17532749968396438,0.7948288403222802
Clark County,vap_aian,uss_18_rep_ren,0.4692031919208334,0.17063311280874724,0.17178131835326269,0.8129397437291639
Clark County,vap_aian,uss_18_dem_bro,0.5307968080791665,0.17063311280874724,0.18706025627083608,0.8282186816467371
Clark County,vap_oth_b,uss_18_rep_ren,0.25031833356482647,0.10305910635028168,0.08938323525672046,0.48967481352899894
Clark County,vap_oth_b,uss_18_dem_bro,0.7496816664351735,0.10305910635028168,0.5103251864710011,0.9106167647432796
Clark County,vap_white,gov_18_rep_dew,0.6577888553691654,0.00809317921651297,0.6406022108540738,0.6722918088071316
Clark County,vap_white,gov_18_dem_cor,0.3422111446308345,0.00809317921651297,0.3277081911928685,0.35939778914592624
Clark County,vap_black,gov_18_rep_dew,0.05773907270585517,0.02008016590760941,0.02695097239443451,0.10368102291322502
Clark County,vap_black,gov_18_dem_cor,0.9422609272941448,0.02008016590760941,0.8963189770867749,0.9730490276055654
Clark County,vap_hisp,gov_18_rep_dew,0.3160889232884638,0.1243228021641902,0.11904292652896688,0.5804242127658334
Clark County,vap_hisp,gov_18_dem_cor,0.6839110767115363,0.1243228021641902,0.41957578723416655,0.8809570734710332
Clark County,vap_asian,gov_18_rep_dew,0.48235124365764176,0.15561681938501848,0.19142525117807657,0.7729055927097868
Clark County,vap_asian,gov_18_dem_cor,0.5176487563423582,0.15561681938501848,0.22709440729021316,0.8085747488219235
Clark County,vap_aian,gov_18_rep_dew,0.4642909670691373,0.16547094877327395,0.1696335320160412,0.7883379585688849
Clark County,vap_aian,gov_18_dem_cor,0.5357090329308626,0.16547094877327395,0.2116620414311149,0.8303664679839585
Clark County,vap_oth_b,gov_18_rep_dew,0.2978038830434621,0.117884393892527,0.12167205433699596,0.570471708203513
Clark County,vap_oth_b,gov_18_dem_cor,0.7021961169565379,0.117884393892527,0.4295282917964872,0.8783279456630041
Clark County,vap_white,atg_18_rep_yos,0.6593240376435787,0.0074087764459046,0.644176516435028,0.6728332433629308
Clark County,vap_white,atg_18_dem_det,0.3406759623564212,0.0074087764459046,0.32716675663706923,0.3558234835649719
Clark County,vap_black,atg_18_rep_yos,0.05047721069446348,0.01667718974297761,0.02478644144662985,0.08902165788519052
Clark County,vap_black,atg_18_dem_det,0.9495227893055364,0.01667718974297761,0.9109783421148094,0.97521355855337
Clark County,vap_hisp,atg_18_rep_yos,0.2741455360074432,0.12372416109289912,0.0802264432469729,0.5583726848986141
Clark County,vap_hisp,atg_18_dem_det,0.7258544639925569,0.12372416109289912,0.44162731510138553,0.9197735567530272
Clark County,vap_asian,atg_18_rep_yos,0.4807271110772139,0.15368668584114603,0.1992056537804459,0.7878722336524376
Clark County,vap_asian,atg_18_dem_det,0.5192728889227861,0.15368668584114603,0.21212776634756236,0.8007943462195539
Clark County,vap_aian,atg_18_rep_yos,0.4663794086038997,0.16417236708293573,0.17859524688336242,0.7811791481167859
Clark County,vap_aian,atg_18_dem_det,0.5336205913961003,0.16417236708293573,0.21882085188321376,0.8214047531166375
Clark County,vap_oth_b,atg_18_rep_yos,0.270855503382347,0.10956256208066184,0.10553997749077897,0.5279681721042752
Clark County,vap_oth_b,atg_18_dem_det,0.729144496617653,0.10956256208066184,0.4720318278957248,0.8944600225092211
Clark County,vap_white,sos_18_rep_lar,0.645718874486526,0.00762174380055978,0.6286718620399568,0.6591292986001801
Clark County,vap_white,sos_18_dem_cly,0.354281125513474,0.00762174380055978,0.3408707013998198,0.37132813796004305
Clark County,vap_black,sos_18_rep_lar,0.05917982553972797,0.02173898715407258,0.02595590027404745,0.1116653601468338
Clark County,vap_black,sos_18_dem_cly,0.940820174460272,0.02173898715407258,0.8883346398531661,0.9740440997259524
Clark County,vap_hisp,sos_18_rep_lar,0.2883293196070101,0.1328621641069638,0.09717790972798725,0.6138259890157304
Clark County,vap_hisp,sos_18_dem_cly,0.71167068039299,0.1328621641069638,0.3861740109842695,0.9028220902720128
Clark County,vap_asian,sos_18_rep_lar,0.4652291706447468,0.14222677064274497,0.17828679011162382,0.7329148674125898
Clark County,vap_asian,sos_18_dem_cly,0.5347708293552532,0.14222677064274497,0.26708513258741007,0.8217132098883763
Clark County,vap_aian,sos_18_rep_lar,0.4975614789410581,0.15828511491944933,0.19524356499732343,0.7903378129322712
Clark County,vap_aian,sos_18_dem_cly,0.5024385210589418,0.15828511491944933,0.2096621870677287,0.8047564350026765
Clark County,vap_oth_b,sos_18_rep_lar,0.26460060273533403,0.1079590800864211,0.0992673153125004,0.4957491071010569
Clark County,vap_oth_b,sos_18_dem_cly,0.735399397264666,0.1079590800864211,0.5042508928989431,0.9007326846874996
Clark County,vap_white,pre_20_rep_tru,0.6816579238579764,0.00815957131574792,0.6636343912043551,0.6966965527773759
Clark County,vap_white,pre_20_dem_bid,0.31834207614202353,0.00815957131574792,0.30330344722262415,0.3363656087956448
Clark County,vap_black,pre_20_rep_tru,0.05339740565449468,0.02074923355348593,0.02258232898706009,0.10454649530551448
Clark County,vap_black,pre_20_dem_bid,0.9466025943455052,0.02074923355348593,0.8954535046944855,0.97741767101294
Clark County,vap_hisp,pre_20_rep_tru,0.33785380166653933,0.12847257492536918,0.11426457743353378,0.6031789913673434
Clark County,vap_hisp,pre_20_dem_bid,0.6621461983334608,0.12847257492536918,0.39682100863265657,0.8857354225664663
Clark County,vap_asian,pre_20_rep_tru,0.4796051347532173,0.1709728180722746,0.18046306148570865,0.811537690495087
Clark County,vap_asian,pre_20_dem_bid,0.5203948652467827,0.1709728180722746,0.188462309504913,0.8195369385142912
Clark County,vap_aian,pre_20_rep_tru,0.510221195092351,0.15202173995993162,0.2246279086727388,0.7882837448894853
Clark County,vap_aian,pre_20_dem_bid,0.48977880490764897,0.15202173995993162,0.2117162551105145,0.775372091327261
Clark County,vap_oth_b,pre_20_rep_tru,0.2845869502365048,0.1320590445221879,0.09899859612875953,0.6048544433465302
Clark County,vap_oth_b,pre_20_dem_bid,0.7154130497634952,0.1320590445221879,0.3951455566534693,0.9010014038712404
Clermont County,vap_white,pre_16_rep_tru,0.7467475251431516,0.00745101838458491,0.7321125563927381,0.7607752748053829
Clermont County,vap_white,pre_16_dem_cli,0.2532524748568484,0.00745101838458491,0.23922472519461704,0.267887443607262
Clermont County,vap_black,pre_16_rep_tru,0.30400024618492644,0.11586242396764126,0.11124015872657218,0.5443634802633431
Clermont County,vap_black,pre_16_dem_cli,0.6959997538150736,0.11586242396764126,0.45563651973665686,0.8887598412734278
Clermont County,vap_hisp,pre_16_rep_tru,0.3553467361818159,0.13805976726490862,0.1392018776097513,0.6462244851602473
Clermont County,vap_hisp,pre_16_dem_cli,0.6446532638181841,0.13805976726490862,0.3537755148397524,0.8607981223902488
Clermont County,vap_asian,pre_16_rep_tru,0.3088926981452385,0.10878121320878044,0.13211205869519543,0.5433329902034625
Clermont County,vap_asian,pre_16_dem_cli,0.6911073018547614,0.10878121320878044,0.45666700979653735,0.8678879413048044
Clermont County,vap_aian,pre_16_rep_tru,0.5380486806346155,0.15243423985968077,0.21986567568754808,0.7912978189676714
Clermont County,vap_aian,pre_16_dem_cli,0.4619513193653844,0.15243423985968077,0.20870218103232857,0.7801343243124519
Clermont County,vap_oth_b,pre_16_rep_tru,0.477111232192749,0.15940696405630908,0.2099968905184195,0.8164138512224679
Clermont County,vap_oth_b,pre_16_dem_cli,0.522888767807251,0.15940696405630908,0.183586148777532,0.7900031094815804
Clermont County,vap_white,uss_16_rep_por,0.8412687437911268,0.00614408948687838,0.8281220296419686,0.8517635238319321
Clermont County,vap_white,uss_16_dem_str,0.15873125620887318,0.00614408948687838,0.14823647616806784,0.1718779703580315
Clermont County,vap_black,uss_16_rep_por,0.25421231022721436,0.11629279310497131,0.08389801137617303,0.5256229689843988
Clermont County,vap_black,uss_16_dem_str,0.7457876897727856,0.11629279310497131,0.4743770310156011,0.9161019886238272
Clermont County,vap_hisp,uss_16_rep_por,0.30606410764176045,0.12367209587303478,0.11579523684883376,0.5824204573719844
Clermont County,vap_hisp,uss_16_dem_str,0.6939358923582396,0.12367209587303478,0.41757954262801544,0.8842047631511663
Clermont County,vap_asian,uss_16_rep_por,0.34913096393814574,0.1368384383707979,0.1336694476258923,0.7080944253615656
Clermont County,vap_asian,uss_16_dem_str,0.6508690360618542,0.1368384383707979,0.2919055746384342,0.8663305523741076
Clermont County,vap_aian,uss_16_rep_por,0.5152239730304149,0.17720089812494802,0.17635910119224055,0.8336916491888227
Clermont County,vap_aian,uss_16_dem_str,0.484776026969585,0.17720089812494802,0.16630835081117712,0.8236408988077594
Clermont County,vap_oth_b,uss_16_rep_por,0.27699142460159226,0.11346900256858128,0.11324664881666537,0.5438282856732842
Clermont County,vap_oth_b,uss_16_dem_str,0.7230085753984077,0.11346900256858128,0.4561717143267156,0.8867533511833346
Clermont County,vap_white,uss_18_rep_ren,0.6771185146068771,0.00741722462739594,0.6629206225094807,0.6918929607898066
Clermont County,vap_white,uss_18_dem_bro,0.3228814853931229,0.00741722462739594,0.3081070392101934,0.33707937749051947
Clermont County,vap_black,uss_18_rep_ren,0.3071830639613,0.13514802387538027,0.10702630786226676,0.6348708441743447
Clermont County,vap_black,uss_18_dem_bro,0.6928169360387,0.13514802387538027,0.3651291558256549,0.8929736921377333
Clermont County,vap_hisp,uss_18_rep_ren,0.3089563449148214,0.10507912946229005,0.13510432446731985,0.5333045932496914
Clermont County,vap_hisp,uss_18_dem_bro,0.6910436550851786,0.10507912946229005,0.46669540675030863,0.8648956755326802
Clermont County,vap_asian,uss_18_rep_ren,0.34766915570407897,0.1341810915081545,0.13384387477686807,0.6569487162235025
Clermont County,vap_asian,uss_18_dem_bro,0.6523308442959209,0.1341810915081545,0.3430512837764975,0.8661561252231317
Clermont County,vap_aian,uss_18_rep_ren,0.5307736154945378,0.1564129460117437,0.21181541019201156,0.8137479639260623
Clermont County,vap_aian,uss_18_dem_bro,0.46922638450546206,0.1564129460117437,0.18625203607393748,0.7881845898079881
Clermont County,vap_oth_b,uss_18_rep_ren,0.4582902730339968,0.16203858277691402,0.17223057066740471,0.7749483301005182
Clermont County,vap_oth_b,uss_18_dem_bro,0.5417097269660032,0.16203858277691402,0.2250516698994817,0.8277694293325952
Clermont County,vap_white,gov_18_rep_dew,0.7243960255516191,0.00776840987630005,0.7087646979319343,0.7379437952423588
Clermont County,vap_white,gov_18_dem_cor,0.27560397444838086,0.00776840987630005,0.2620562047576412,0.2912353020680658
Clermont County,vap_black,gov_18_rep_dew,0.3257699401497653,0.12528991949972304,0.13382796393662486,0.6020393432528937
Clermont County,vap_black,gov_18_dem_cor,0.6742300598502347,0.12528991949972304,0.39796065674710623,0.8661720360633751
Clermont County,vap_hisp,gov_18_rep_dew,0.277389793381833,0.11043624745730372,0.10866196113404558,0.5169974520773915
Clermont County,vap_hisp,gov_18_dem_cor,0.722610206618167,0.11043624745730372,0.48300254792260855,0.8913380388659544
Clermont County,vap_asian,gov_18_rep_dew,0.3078012543925925,0.13079021312364397,0.09943056242579124,0.5905288115478771
Clermont County,vap_asian,gov_18_dem_cor,0.6921987456074075,0.13079021312364397,0.40947118845212294,0.9005694375742088
Clermont County,vap_aian,gov_18_rep_dew,0.5152304045779945,0.17386058232392634,0.1884236506511048,0.8289088083090748
Clermont County,vap_aian,gov_18_dem_cor,0.4847695954220054,0.17386058232392634,0.17109119169092513,0.8115763493488952
Clermont County,vap_oth_b,gov_18_rep_dew,0.4254404694974774,0.1553927943769656,0.17402413759188134,0.7557657009873171
Clermont County,vap_oth_b,gov_18_dem_cor,0.5745595305025226,0.1553927943769656,0.2442342990126828,0.8259758624081184
Clermont County,vap_white,atg_18_rep_yos,0.7178462067552598,0.00750836907620964,0.7010186484537486,0.7301126176616783
Clermont County,vap_white,atg_18_dem_det,0.28215379324474016,0.00750836907620964,0.26988738233832155,0.29898135154625144
Clermont County,vap_black,atg_18_rep_yos,0.2935418426015283,0.11786789131512412,0.09292745188670291,0.5357202262599454
Clermont County,vap_black,atg_18_dem_det,0.7064581573984716,0.11786789131512412,0.4642797737400545,0.9070725481132972
Clermont County,vap_hisp,atg_18_rep_yos,0.3226012824631273,0.1084467772166972,0.14784355985544248,0.5586961719933498
Clermont County,vap_hisp,atg_18_dem_det,0.6773987175368726,0.1084467772166972,0.44130382800665,0.8521564401445575
Clermont County,vap_asian,atg_18_rep_yos,0.3340294261644403,0.13802704338056176,0.1340095954921515,0.6704513928976534
Clermont County,vap_asian,atg_18_dem_det,0.6659705738355597,0.13802704338056176,0.3295486071023463,0.8659904045078484
Clermont County,vap_aian,atg_18_rep_yos,0.5121553350767588,0.15175482581838365,0.21062571617810052,0.7704466987307801
Clermont County,vap_aian,atg_18_dem_det,0.4878446649232411,0.15175482581838365,0.22955330126921977,0.7893742838218994
Clermont County,vap_oth_b,atg_18_rep_yos,0.3871884609933763,0.14952522276037522,0.14104871412984807,0.7023049008527634
Clermont County,vap_oth_b,atg_18_dem_det,0.6128115390066237,0.14952522276037522,0.29769509914723663,0.8589512858701519
Clermont County,vap_white,sos_18_rep_lar,0.7192182105741316,0.00754484133183176,0.7040327763116369,0.7325474387767189
Clermont County,vap_white,sos_18_dem_cly,0.28078178942586834,0.00754484133183176,0.2674525612232811,0.2959672236883631
Clermont County,vap_black,sos_18_rep_lar,0.32977689333375204,0.13060382576404742,0.138462096243354,0.6236028349194761
Clermont County,vap_black,sos_18_dem_cly,0.670223106666248,0.13060382576404742,0.37639716508052384,0.8615379037566459
Clermont County,vap_hisp,sos_18_rep_lar,0.2238100534227264,0.13788731935070953,0.0718428988303784,0.5980447455820789
Clermont County,vap_hisp,sos_18_dem_cly,0.7761899465772736,0.13788731935070953,0.4019552544179212,0.9281571011696216
Clermont County,vap_asian,sos_18_rep_lar,0.3330053508914749,0.11990065536039406,0.13953867070426715,0.5911047096372158
Clermont County,vap_asian,sos_18_dem_cly,0.666994649108525,0.11990065536039406,0.4088952903627841,0.8604613292957327
Clermont County,vap_aian,sos_18_rep_lar,0.5360760050661346,0.1541862301898464,0.23650802413801775,0.8047505238545473
Clermont County,vap_aian,sos_18_dem_cly,0.46392399493386527,0.1541862301898464,0.19524947614545263,0.7634919758619823
Clermont County,vap_oth_b,sos_18_rep_lar,0.43682762267808534,0.1655697398123071,0.16265235497023295,0.7846541090273256
Clermont County,vap_oth_b,sos_18_dem_cly,0.5631723773219146,0.1655697398123071,0.21534589097267445,0.8373476450297671
Clermont County,vap_white,pre_20_rep_tru,0.7207120980989409,0.00745674796693665,0.7064975389535427,0.7338636061680716
Clermont County,vap_white,pre_20_dem_bid,0.27928790190105907,0.00745674796693665,0.2661363938319285,0.2935024610464573
Clermont County,vap_black,pre_20_rep_tru,0.3325931950379977,0.13548213653984684,0.13349259789317144,0.6347092089094557
Clermont County,vap_black,pre_20_dem_bid,0.6674068049620022,0.13548213653984684,0.3652907910905443,0.8665074021068285
Clermont County,vap_hisp,pre_20_rep_tru,0.33769745533584583,0.15273510158580725,0.1065591600697713,0.6705948999807995
Clermont County,vap_hisp,pre_20_dem_bid,0.6623025446641542,0.15273510158580725,0.32940510001920065,0.8934408399302287
Clermont County,vap_asian,pre_20_rep_tru,0.328657650702026,0.14550947724945665,0.10551922839618816,0.6930416666606005
Clermont County,vap_asian,pre_20_dem_bid,0.6713423492979739,0.14550947724945665,0.3069583333393995,0.8944807716038118
Clermont County,vap_aian,pre_20_rep_tru,0.5684319840333596,0.19121212760269465,0.17654830977209995,0.8830709597887766
Clermont County,vap_aian,pre_20_dem_bid,0.4315680159666403,0.19121212760269465,0.1169290402112232,0.8234516902278999
Clermont County,vap_oth_b,pre_20_rep_tru,0.37503168813680815,0.17120935800935466,0.11467127654512724,0.6953095940572955
Clermont County,vap_oth_b,pre_20_dem_bid,0.6249683118631918,0.17120935800935466,0.3046904059427044,0.8853287234548728
Clinton County,vap_white,pre_16_rep_tru,0.789339026552733,0.00836578360886515,0.7725819160900915,0.8054376129889491
Clinton County,vap_white,pre_16_dem_cli,0.21066097344726695,0.00836578360886514,0.19456238701105083,0.22741808390990836
Clinton County,vap_black,pre_16_rep_tru,0.401796863801737,0.16853008346577775,0.12215930557543772,0.7554368974739153
Clinton County,vap_black,pre_16_dem_cli,0.598203136198263,0.16853008346577775,0.24456310252608476,0.8778406944245621
Clinton County,vap_hisp,pre_16_rep_tru,0.4717633638267196,0.17696398282908196,0.14928775089714982,0.8352520150163363
Clinton County,vap_hisp,pre_16_dem_cli,0.5282366361732803,0.17696398282908196,0.16474798498366378,0.85071224910285
Clinton County,vap_asian,pre_16_rep_tru,0.47654311134938737,0.1729301023870887,0.16895842428796928,0.8044145738248302
Clinton County,vap_asian,pre_16_dem_cli,0.5234568886506127,0.1729301023870887,0.19558542617516983,0.8310415757120306
Clinton County,vap_aian,pre_16_rep_tru,0.5119667790708782,0.1704805404824295,0.19324811506946685,0.828067544973084
Clinton County,vap_aian,pre_16_dem_cli,0.4880332209291218,0.1704805404824295,0.17193245502691604,0.8067518849305332
Clinton County,vap_oth_b,pre_16_rep_tru,0.43962885324402046,0.1613434002523407,0.1560252825551693,0.7654054926049164
Clinton County,vap_oth_b,pre_16_dem_cli,0.5603711467559795,0.1613434002523407,0.23459450739508345,0.8439747174448307
Clinton County,vap_white,uss_16_rep_por,0.8331427299700134,0.00846179903334102,0.8157725565597946,0.8486144726255025
Clinton County,vap_white,uss_16_dem_str,0.16685727002998657,0.00846179903334102,0.15138552737449756,0.1842274434402053
Clinton County,vap_black,uss_16_rep_por,0.3886698750142149,0.18209681799161528,0.07394106444907697,0.7452881495034653
Clinton County,vap_black,uss_16_dem_str,0.6113301249857851,0.18209681799161528,0.2547118504965341,0.9260589355509228
Clinton County,vap_hisp,uss_16_rep_por,0.45775898811087634,0.16920274272576424,0.15259110970199644,0.7817461334585902
Clinton County,vap_hisp,uss_16_dem_str,0.5422410118891237,0.16920274272576424,0.21825386654140977,0.8474088902980035
Clinton County,vap_asian,uss_16_rep_por,0.4493033358936422,0.1772773639870877,0.14393724632240398,0.8057879564603758
Clinton County,vap_asian,uss_16_dem_str,0.5506966641063579,0.1772773639870877,0.19421204353962376,0.8560627536775961
Clinton County,vap_aian,uss_16_rep_por,0.4678971718244866,0.1792205532005158,0.13877931687704834,0.8243476753904072
Clinton County,vap_aian,uss_16_dem_str,0.5321028281755135,0.1792205532005158,0.17565232460959262,0.8612206831229515
Clinton County,vap_oth_b,uss_16_rep_por,0.41010037287773016,0.16302497712568087,0.1330680864150715,0.7427492403208199
Clinton County,vap_oth_b,uss_16_dem_str,0.5898996271222698,0.16302497712568087,0.25725075967917993,0.8669319135849283
Clinton County,vap_white,uss_18_rep_ren,0.6985057395826909,0.00905302085277489,0.6807292018255093,0.7157543477787822
Clinton County,vap_white,uss_18_dem_bro,0.3014942604173091,0.00905302085277489,0.2842456522212177,0.3192707981744906
Clinton County,vap_black,uss_18_rep_ren,0.4067265917774518,0.16992595171470595,0.1176779449590302,0.7659410056026075
Clinton County,vap_black,uss_18_dem_bro,0.5932734082225481,0.16992595171470595,0.2340589943973924,0.8823220550409698
Clinton County,vap_hisp,uss_18_rep_ren,0.4550967998886627,0.1674009302411531,0.1404992620773096,0.7831569006269848
Clinton County,vap_hisp,uss_18_dem_bro,0.5449032001113372,0.1674009302411531,0.21684309937301507,0.8595007379226902
Clinton County,vap_asian,uss_18_rep_ren,0.47143081436527634,0.1751569745055802,0.16464950362351563,0.8193909483438545
Clinton County,vap_asian,uss_18_dem_bro,0.5285691856347237,0.1751569745055802,0.18060905165614544,0.8353504963764844
Clinton County,vap_aian,uss_18_rep_ren,0.5447550755927401,0.1850891889420387,0.20713600255732015,0.8968321543140056
Clinton County,vap_aian,uss_18_dem_bro,0.4552449244072599,0.1850891889420387,0.10316784568599424,0.7928639974426798
Clinton County,vap_oth_b,uss_18_rep_ren,0.4526773276802841,0.16944462097167692,0.1374697891127228,0.7937919542684522
Clinton County,vap_oth_b,uss_18_dem_bro,0.5473226723197159,0.16944462097167692,0.20620804573154772,0.8625302108872772
Clinton County,vap_white,gov_18_rep_dew,0.7662677714850517,0.00829176240681224,0.7491002158908009,0.7818128233151349
Clinton County,vap_white,gov_18_dem_cor,0.23373222851494835,0.00829176240681224,0.21818717668486515,0.25089978410919905
Clinton County,vap_black,gov_18_rep_dew,0.3821344426747319,0.1589779497365476,0.11112414923368924,0.7199625369526536
Clinton County,vap_black,gov_18_dem_cor,0.617865557325268,0.1589779497365476,0.28003746304734645,0.8888758507663107
Clinton County,vap_hisp,gov_18_rep_dew,0.4363343170682223,0.16281521655539397,0.15275480808939176,0.7762299236090996
Clinton County,vap_hisp,gov_18_dem_cor,0.5636656829317777,0.16281521655539397,0.2237700763909002,0.8472451919106082
Clinton County,vap_asian,gov_18_rep_dew,0.48852373654176473,0.17627625125917673,0.1524817344069851,0.8164477866912732
Clinton County,vap_asian,gov_18_dem_cor,0.5114762634582353,0.17627625125917676,0.18355221330872673,0.8475182655930148
Clinton County,vap_aian,gov_18_rep_dew,0.49287160535569896,0.17202218551052378,0.18032018376230743,0.82169915799799
Clinton County,vap_aian,gov_18_dem_cor,0.507128394644301,0.17202218551052378,0.17830084200201,0.8196798162376925
Clinton County,vap_oth_b,gov_18_rep_dew,0.4054644174503333,0.1602042043194672,0.14060605199875573,0.7431231093128484
Clinton County,vap_oth_b,gov_18_dem_cor,0.5945355825496667,0.1602042043194672,0.2568768906871513,0.8593939480012444
Clinton County,vap_white,atg_18_rep_yos,0.7488356411015893,0.00858691607044596,0.7318791704864478,0.7651691944783339
Clinton County,vap_white,atg_18_dem_det,0.2511643588984107,0.00858691607044596,0.23483080552166624,0.26812082951355226
Clinton County,vap_black,atg_18_rep_yos,0.4188644110093715,0.18243783378345765,0.12774089197940622,0.8058832173517677
Clinton County,vap_black,atg_18_dem_det,0.5811355889906284,0.18243783378345765,0.19411678264823215,0.8722591080205938
Clinton County,vap_hisp,atg_18_rep_yos,0.4715827706933271,0.1659992322462027,0.17320421443762468,0.7965532525374064
Clinton County,vap_hisp,atg_18_dem_det,0.5284172293066728,0.1659992322462027,0.20344674746259347,0.8267957855623752
Clinton County,vap_asian,atg_18_rep_yos,0.45915687596609656,0.167411625491415,0.14739038722991538,0.7851366146058065
Clinton County,vap_asian,atg_18_dem_det,0.5408431240339034,0.167411625491415,0.21486338539419347,0.8526096127700845
Clinton County,vap_aian,atg_18_rep_yos,0.5018027845474562,0.17189788614883555,0.16342445782670495,0.8247420540464601
Clinton County,vap_aian,atg_18_dem_det,0.4981972154525438,0.17189788614883555,0.17525794595353983,0.8365755421732951
Clinton County,vap_oth_b,atg_18_rep_yos,0.4639170651650392,0.16971784169686355,0.16014610046096547,0.8059593716864625
Clinton County,vap_oth_b,atg_18_dem_det,0.5360829348349608,0.16971784169686355,0.1940406283135376,0.8398538995390344
Clinton County,vap_white,sos_18_rep_lar,0.7599033053846319,0.00840418944063938,0.7430899035794648,0.7755327946755451
Clinton County,vap_white,sos_18_dem_cly,0.24009669461536812,0.00840418944063938,0.2244672053244548,0.2569100964205352
Clinton County,vap_black,sos_18_rep_lar,0.4187034528755254,0.16435648893368013,0.13704108986120986,0.7571602005232042
Clinton County,vap_black,sos_18_dem_cly,0.5812965471244745,0.16435648893368013,0.24283979947679585,0.8629589101387902
Clinton County,vap_hisp,sos_18_rep_lar,0.4354835444539285,0.16581220430479657,0.12868762367062964,0.7543172709002646
Clinton County,vap_hisp,sos_18_dem_cly,0.5645164555460715,0.16581220430479657,0.2456827290997353,0.8713123763293703
Clinton County,vap_asian,sos_18_rep_lar,0.47100374040922555,0.17271368501147788,0.16199630007752766,0.8030829858131513
Clinton County,vap_asian,sos_18_dem_cly,0.5289962595907745,0.17271368501147788,0.1969170141868485,0.8380036999224724
Clinton County,vap_aian,sos_18_rep_lar,0.5186447435475594,0.17064349435184673,0.18785889490190025,0.8228122900687843
Clinton County,vap_aian,sos_18_dem_cly,0.48135525645244065,0.17064349435184673,0.17718770993121571,0.8121411050980998
Clinton County,vap_oth_b,sos_18_rep_lar,0.4268027581461991,0.15865643975478738,0.15477335234383371,0.7641929167994453
Clinton County,vap_oth_b,sos_18_dem_cly,0.5731972418538009,0.15865643975478738,0.23580708320055463,0.8452266476561663
Clinton County,vap_white,pre_20_rep_tru,0.7854596691995823,0.00845036041757096,0.768756912143584,0.801095358041959
Clinton County,vap_white,pre_20_dem_bid,0.21454033080041773,0.00845036041757096,0.19890464195804097,0.231243087856416
Clinton County,vap_black,pre_20_rep_tru,0.4004043529050176,0.15570635401750743,0.1315194282523688,0.7182134344425187
Clinton County,vap_black,pre_20_dem_bid,0.5995956470949824,0.15570635401750743,0.2817865655574811,0.8684805717476312
Clinton County,vap_hisp,pre_20_rep_tru,0.4495928041436376,0.16527450383638118,0.14775576033302712,0.7692085502086974
Clinton County,vap_hisp,pre_20_dem_bid,0.5504071958563624,0.16527450383638118,0.2307914497913024,0.8522442396669726
Clinton County,vap_asian,pre_20_rep_tru,0.4689395527127578,0.1583101598769377,0.17346067971994977,0.7779095675292222
Clinton County,vap_asian,pre_20_dem_bid,0.5310604472872422,0.1583101598769377,0.2220904324707776,0.8265393202800502
Clinton County,vap_aian,pre_20_rep_tru,0.5067720481478979,0.1744904245447295,0.17948557575320415,0.8366346993242595
Clinton County,vap_aian,pre_20_dem_bid,0.4932279518521021,0.1744904245447295,0.16336530067574057,0.8205144242467958
Clinton County,vap_oth_b,pre_20_rep_tru,0.4467687254695469,0.1696312336051518,0.15971732192325672,0.7862488465419535
Clinton County,vap_oth_b,pre_20_dem_bid,0.5532312745304531,0.1696312336051518,0.2137511534580465,0.8402826780767432
Columbiana County,vap_white,pre_16_rep_tru,0.7352076896362993,0.00572638979417857,0.7230236872081252,0.745600210037762
Columbiana County,vap_white,pre_16_dem_cli,0.2647923103637007,0.00572638979417857,0.254399789962238,0.27697631279187485
Columbiana County,vap_black,pre_16_rep_tru,0.5000973016605724,0.13486704574199948,0.2584331726134995,0.7616620259003928
Columbiana County,vap_black,pre_16_dem_cli,0.4999026983394277,0.13486704574199948,0.23833797409960725,0.7415668273865006
Columbiana County,vap_hisp,pre_16_rep_tru,0.45133496868623624,0.15337385003375284,0.18219108793601105,0.7450907299695849
Columbiana County,vap_hisp,pre_16_dem_cli,0.5486650313137639,0.15337385003375287,0.2549092700304148,0.8178089120639892
Columbiana County,vap_asian,pre_16_rep_tru,0.486326628200225,0.1643960116345211,0.18144768645856785,0.8069471766105494
Columbiana County,vap_asian,pre_16_dem_cli,0.5136733717997751,0.1643960116345211,0.19305282338945057,0.8185523135414323
Columbiana County,vap_aian,pre_16_rep_tru,0.4942846721410748,0.1773987579080374,0.16316435561093603,0.8202762688336088
Columbiana County,vap_aian,pre_16_dem_cli,0.5057153278589251,0.1773987579080374,0.17972373116639104,0.8368356443890633
Columbiana County,vap_oth_b,pre_16_rep_tru,0.35441685448159876,0.14071260223440532,0.1238280044338924,0.6692897131905862
Columbiana County,vap_oth_b,pre_16_dem_cli,0.6455831455184012,0.14071260223440532,0.33071028680941367,0.8761719955661075
Columbiana County,vap_white,uss_16_rep_por,0.737755001795791,0.00602004995705357,0.7257994897031769,0.7495452092521019
Columbiana County,vap_white,uss_16_dem_str,0.26224499820420905,0.00602004995705357,0.250454790747898,0.2742005102968232
Columbiana County,vap_black,uss_16_rep_por,0.47295297708850814,0.12802583914750218,0.24156822221759536,0.7273536786832956
Columbiana County,vap_black,uss_16_dem_str,0.527047022911492,0.12802583914750218,0.2726463213167044,0.7584317777824046
Columbiana County,vap_hisp,uss_16_rep_por,0.4920195456699289,0.1633572548129011,0.17553999536764078,0.7903743580597066
Columbiana County,vap_hisp,uss_16_dem_str,0.5079804543300712,0.1633572548129011,0.20962564194029348,0.8244600046323592
Columbiana County,vap_asian,uss_16_rep_por,0.5023088323646746,0.16190081419936653,0.1949650024312479,0.7832139007510709
Columbiana County,vap_asian,uss_16_dem_str,0.49769116763532545,0.16190081419936653,0.21678609924892925,0.8050349975687522
Columbiana County,vap_aian,uss_16_rep_por,0.4827074916691184,0.17506647805594833,0.17075024133716937,0.8212861237346238
Columbiana County,vap_aian,uss_16_dem_str,0.5172925083308815,0.17506647805594833,0.17871387626537596,0.8292497586628305
Columbiana County,vap_oth_b,uss_16_rep_por,0.3613386278012033,0.13712947893994562,0.1300231585997012,0.6585024757596698
Columbiana County,vap_oth_b,uss_16_dem_str,0.6386613721987967,0.13712947893994562,0.3414975242403301,0.8699768414002987
Columbiana County,vap_white,uss_18_rep_ren,0.6183453979847945,0.00678315786785573,0.6044073406454741,0.6302761914284833
Columbiana County,vap_white,uss_18_dem_bro,0.3816546020152055,0.00678315786785573,0.36972380857151665,0.3955926593545259
Columbiana County,vap_black,uss_18_rep_ren,0.4314141872934337,0.14563514231537708,0.16616596080275148,0.716403859163003
Columbiana County,vap_black,uss_18_dem_bro,0.5685858127065663,0.14563514231537708,0.2835961408369969,0.8338340391972486
Columbiana County,vap_hisp,uss_18_rep_ren,0.44347254467293623,0.1722454262185982,0.1410872382378997,0.782817322965175
Columbiana County,vap_hisp,uss_18_dem_bro,0.5565274553270638,0.1722454262185982,0.2171826770348249,0.8589127617621003
Columbiana County,vap_asian,uss_18_rep_ren,0.4774972071288869,0.1525864051062849,0.18864859923677119,0.7671095115276931
Columbiana County,vap_asian,uss_18_dem_bro,0.5225027928711132,0.1525864051062849,0.23289048847230692,0.8113514007632288
Columbiana County,vap_aian,uss_18_rep_ren,0.5171608392523928,0.1579268583865967,0.22502997226408047,0.805762817763269
Columbiana County,vap_aian,uss_18_dem_bro,0.4828391607476072,0.1579268583865967,0.1942371822367307,0.7749700277359194
Columbiana County,vap_oth_b,uss_18_rep_ren,0.3800008323417343,0.15259796171816303,0.14191489255137388,0.7240125875916299
Columbiana County,vap_oth_b,uss_18_dem_bro,0.6199991676582657,0.15259796171816303,0.2759874124083698,0.858085107448626
Columbiana County,vap_white,gov_18_rep_dew,0.6746461309625724,0.00660823758397434,0.6608998612258348,0.6867579570928029
Columbiana County,vap_white,gov_18_dem_cor,0.32535386903742763,0.00660823758397434,0.3132420429071971,0.3391001387741653
Columbiana County,vap_black,gov_18_rep_dew,0.4688376210603047,0.14338043158531308,0.207975933116457,0.7555852458825957
Columbiana County,vap_black,gov_18_dem_cor,0.5311623789396953,0.14338043158531308,0.2444147541174044,0.792024066883543
Columbiana County,vap_hisp,gov_18_rep_dew,0.4307666857065169,0.15644742321891367,0.17076881523381976,0.7630916906913535
Columbiana County,vap_hisp,gov_18_dem_cor,0.5692333142934832,0.15644742321891367,0.23690830930864656,0.8292311847661803
Columbiana County,vap_asian,gov_18_rep_dew,0.45633119996091975,0.15581123274691375,0.16045507657555189,0.7472174480324464
Columbiana County,vap_asian,gov_18_dem_cor,0.5436688000390804,0.15581123274691375,0.25278255196755356,0.8395449234244482
Columbiana County,vap_aian,gov_18_rep_dew,0.4849869209577313,0.16681750719023636,0.17786230686752685,0.8158700129363052
Columbiana County,vap_aian,gov_18_dem_cor,0.5150130790422686,0.16681750719023636,0.18412998706369463,0.822137693132473
Columbiana County,vap_oth_b,gov_18_rep_dew,0.3845533286236744,0.156290349016962,0.12858470849983608,0.7081603234204331
Columbiana County,vap_oth_b,gov_18_dem_cor,0.6154466713763256,0.156290349016962,0.29183967657956683,0.8714152915001637
Columbiana County,vap_white,atg_18_rep_yos,0.6807704632719348,0.00609377174594669,0.6681351914232202,0.6918870628431435
Columbiana County,vap_white,atg_18_dem_det,0.3192295367280652,0.00609377174594669,0.3081129371568565,0.3318648085767798
Columbiana County,vap_black,atg_18_rep_yos,0.4509200394571856,0.13675284573634525,0.18856685507742096,0.7336767291823083
Columbiana County,vap_black,atg_18_dem_det,0.5490799605428145,0.13675284573634525,0.26632327081769175,0.8114331449225791
Columbiana County,vap_hisp,atg_18_rep_yos,0.4685220020715978,0.15113410816805364,0.18677943758099405,0.7541630104247748
Columbiana County,vap_hisp,atg_18_dem_det,0.5314779979284023,0.15113410816805364,0.24583698957522512,0.8132205624190061
Columbiana County,vap_asian,atg_18_rep_yos,0.5276157899764415,0.16262606546171074,0.22027641645690132,0.8414531533555224
Columbiana County,vap_asian,atg_18_dem_det,0.4723842100235585,0.16262606546171074,0.1585468466444778,0.7797235835430988
Columbiana County,vap_aian,atg_18_rep_yos,0.4645622166256761,0.15289163795819444,0.16896298983198527,0.7530890574011329
Columbiana County,vap_aian,atg_18_dem_det,0.5354377833743238,0.15289163795819444,0.24691094259886667,0.8310370101680146
Columbiana County,vap_oth_b,atg_18_rep_yos,0.36949264712813895,0.14549369458021827,0.13313484704378117,0.681029035828982
Columbiana County,vap_oth_b,atg_18_dem_det,0.630507352871861,0.14549369458021827,0.3189709641710179,0.8668651529562188
Columbiana County,vap_white,sos_18_rep_lar,0.6971160108640606,0.00662921453091823,0.6836245557677266,0.7092471083333638
Columbiana County,vap_white,sos_18_dem_cly,0.30288398913593945,0.00662921453091823,0.2907528916666362,0.3163754442322733
Columbiana County,vap_black,sos_18_rep_lar,0.45214741691658344,0.13321124131171205,0.22330687500850557,0.7215423349345566
Columbiana County,vap_black,sos_18_dem_cly,0.5478525830834167,0.13321124131171205,0.2784576650654435,0.7766931249914942
Columbiana County,vap_hisp,sos_18_rep_lar,0.3889008827091749,0.1792067277104119,0.07647243437531222,0.7318952886265643
Columbiana County,vap_hisp,sos_18_dem_cly,0.6110991172908252,0.1792067277104119,0.2681047113734357,0.923527565624688
Columbiana County,vap_asian,sos_18_rep_lar,0.5069913918023611,0.1674123588369742,0.18417722917998125,0.7966948839474479
Columbiana County,vap_asian,sos_18_dem_cly,0.4930086081976389,0.1674123588369742,0.2033051160525521,0.81582277082001875
Columbiana County,vap_aian,sos_18_rep_lar,0.5026911712824159,0.1718196327712395,0.1854365986438777,0.8329336026553643
Columbiana County,vap_aian,sos_18_dem_cly,0.497308828717584,0.1718196327712395,0.16706639734463527,0.8145634013561223
Columbiana County,vap_oth_b,sos_18_rep_lar,0.3427832153216732,0.1598033705447705,0.09125118067140515,0.6689090405145813
Columbiana County,vap_oth_b,sos_18_dem_cly,0.6572167846783268,0.1598033705447705,0.33109095948541856,0.9087488193285947
Columbiana County,vap_white,pre_20_rep_tru,0.7478598493111396,0.00628344394079126,0.735604355673476,0.7593293666380416
Columbiana County,vap_white,pre_20_dem_bid,0.25214015068886036,0.00628344394079126,0.24067063336195849,0.2643956443265239
Columbiana County,vap_black,pre_20_rep_tru,0.5250631146952084,0.13948132849466585,0.28071035931410465,0.8085830654082811
Columbiana County,vap_black,pre_20_dem_bid,0.47493688530479167,0.13948132849466585,0.1914169345917189,0.7192896406858953
Columbiana County,vap_hisp,pre_20_rep_tru,0.45430534746068973,0.1640151114451866,0.1474188068658886,0.7678661269244449
Columbiana County,vap_hisp,pre_20_dem_bid,0.5456946525393104,0.1640151114451866,0.2321338730755551,0.8525811931341114
Columbiana County,vap_asian,pre_20_rep_tru,0.44523688001197426,0.17896780397008483,0.10760347221877067,0.7683841188250237
Columbiana County,vap_asian,pre_20_dem_bid,0.5547631199880259,0.17896780397008483,0.2316158811749764,0.8923965277812294
Columbiana County,vap_aian,pre_20_rep_tru,0.4861406349772754,0.1974982620461654,0.10200399881177036,0.8435841351710861
Columbiana County,vap_aian,pre_20_dem_bid,0.5138593650227244,0.1974982620461654,0.15641586482891365,0.8979960011882294
Columbiana County,vap_oth_b,pre_20_rep_tru,0.37255499115303703,0.15136127675864156,0.13077778040414578,0.700313779118342
Columbiana County,vap_oth_b,pre_20_dem_bid,0.627445008846963,0.15136127675864156,0.2996862208816579,0.8692222195958541
Coshocton County,vap_white,pre_16_rep_tru,0.7346327907848622,0.00691468876997481,0.7212805724676318,0.7481702612137179
Coshocton County,vap_white,pre_16_dem_cli,0.2653672092151377,0.00691468876997481,0.251829738786282,0.2787194275323681
Coshocton County,vap_black,pre_16_rep_tru,0.4806066973546769,0.19891208458339407,0.09366803060567334,0.8471731479008427
Coshocton County,vap_black,pre_16_dem_cli,0.519393302645323,0.19891208458339407,0.15282685209915725,0.9063319693943268
Coshocton County,vap_hisp,pre_16_rep_tru,0.5044366398983191,0.17301171427174364,0.18216995944916964,0.8349892542397107
Coshocton County,vap_hisp,pre_16_dem_cli,0.4955633601016809,0.17301171427174364,0.1650107457602892,0.8178300405508305
Coshocton County,vap_asian,pre_16_rep_tru,0.48750457828673904,0.17854460414188103,0.14537982267397806,0.8332391864278742
Coshocton County,vap_asian,pre_16_dem_cli,0.5124954217132609,0.17854460414188103,0.1667608135721257,0.8546201773260217
Coshocton County,vap_aian,pre_16_rep_tru,0.4977572002459183,0.17787698030789806,0.16262905679423112,0.8304988170667885
Coshocton County,vap_aian,pre_16_dem_cli,0.5022427997540816,0.17787698030789806,0.16950118293321131,0.8373709432057689
Coshocton County,vap_oth_b,pre_16_rep_tru,0.46000299831040986,0.17245593365458745,0.13577052051239574,0.7852878768588928
Coshocton County,vap_oth_b,pre_16_dem_cli,0.5399970016895902,0.17245593365458745,0.2147121231411072,0.8642294794876042
Coshocton County,vap_white,uss_16_rep_por,0.7599531841462656,0.00670954918409967,0.7469028978521769,0.772835611915196
Coshocton County,vap_white,uss_16_dem_str,0.24004681585373444,0.00670954918409967,0.22716438808480396,0.2530971021478232
Coshocton County,vap_black,uss_16_rep_por,0.4846759168105537,0.17074858908505605,0.16706373729458376,0.8115748841573632
Coshocton County,vap_black,uss_16_dem_str,0.5153240831894463,0.17074858908505605,0.18842511584263652,0.8329362627054162
Coshocton County,vap_hisp,uss_16_rep_por,0.4885089989796362,0.171550723607565,0.1549119329950722,0.8072248567260918
Coshocton County,vap_hisp,uss_16_dem_str,0.5114910010203639,0.171550723607565,0.19277514327390832,0.8450880670049278
Coshocton County,vap_asian,uss_16_rep_por,0.5073148625625254,0.1757876619531025,0.17566179052266018,0.8297346721111944
Coshocton County,vap_asian,uss_16_dem_str,0.49268513743747455,0.1757876619531025,0.1702653278888053,0.8243382094773397
Coshocton County,vap_aian,uss_16_rep_por,0.49915941634919864,0.17446376909717873,0.17196061293539805,0.8228056109044983
Coshocton County,vap_aian,uss_16_dem_str,0.5008405836508013,0.17446376909717873,0.17719438909550148,0.8280393870646019
Coshocton County,vap_oth_b,uss_16_rep_por,0.4790613592334264,0.17536742544788492,0.16560175447712974,0.826566493514555
Coshocton County,vap_oth_b,uss_16_dem_str,0.5209386407665736,0.17536742544788492,0.17343350648544503,0.8343982455228702
Coshocton County,vap_white,uss_18_rep_ren,0.6043099821821987,0.00764868030986828,0.5893774623979767,0.6189295357700437
Coshocton County,vap_white,uss_18_dem_bro,0.3956900178178013,0.00764868030986828,0.3810704642299562,0.4106225376020233
Coshocton County,vap_black,uss_18_rep_ren,0.46416102486941113,0.1901141209451855,0.10633147336260348,0.8319974799044413
Coshocton County,vap_black,uss_18_dem_bro,0.5358389751305889,0.1901141209451855,0.1680025200955586,0.8936685266373965
Coshocton County,vap_hisp,uss_18_rep_ren,0.4840649912079157,0.1641404337261673,0.1843055645887861,0.8041571839837683
Coshocton County,vap_hisp,uss_18_dem_bro,0.5159350087920844,0.1641404337261673,0.19584281601623155,0.8156944354112139
Coshocton County,vap_asian,uss_18_rep_ren,0.4806735921376897,0.17787843256798364,0.15203058945587122,0.8194116106112377
Coshocton County,vap_asian,uss_18_dem_bro,0.5193264078623103,0.17787843256798364,0.18058838938876223,0.8479694105441286
Coshocton County,vap_aian,uss_18_rep_ren,0.48691644799875067,0.169166413508604,0.16944313726863078,0.8083994538725513
Coshocton County,vap_aian,uss_18_dem_bro,0.5130835520012493,0.169166413508604,0.1916005461274484,0.8305568627313691
Coshocton County,vap_oth_b,uss_18_rep_ren,0.46559009263332096,0.1741504756395359,0.1482822375746542,0.8122471242715404
Coshocton County,vap_oth_b,uss_18_dem_bro,0.534409907366679,0.1741504756395359,0.18775287572845945,0.8517177624253456
Coshocton County,vap_white,gov_18_rep_dew,0.6750144332484396,0.00734398681927717,0.6605197392064106,0.6890786827026226
Coshocton County,vap_white,gov_18_dem_cor,0.3249855667515604,0.00734398681927717,0.3109213172973774,0.33948026079358945
Coshocton County,vap_black,gov_18_rep_dew,0.47944042163126543,0.17385721916119895,0.1445812954160952,0.80887235264763
Coshocton County,vap_black,gov_18_dem_cor,0.5205595783687346,0.17385721916119895,0.19112764735236992,0.8554187045839048
Coshocton County,vap_hisp,gov_18_rep_dew,0.4958403145378519,0.17498049993650655,0.16805308262859522,0.8191768532762735
Coshocton County,vap_hisp,gov_18_dem_cor,0.5041596854621482,0.17498049993650655,0.18082314672372649,0.8319469173714047
Coshocton County,vap_asian,gov_18_rep_dew,0.5042162855813103,0.16558106180642157,0.18858884547014337,0.8219748921539609
Coshocton County,vap_asian,gov_18_dem_cor,0.49578371441868974,0.1655810618064216,0.1780251078460391,0.8114111545298565
Coshocton County,vap_aian,gov_18_rep_dew,0.5109070906273923,0.17855619409513435,0.18283061732650427,0.8583676545236055
Coshocton County,vap_aian,gov_18_dem_cor,0.4890929093726077,0.17855619409513432,0.14163234547639433,0.8171693826734955
Coshocton County,vap_oth_b,gov_18_rep_dew,0.49052383820922946,0.1719204969394616,0.1765107058488335,0.8317798493877158
Coshocton County,vap_oth_b,gov_18_dem_cor,0.5094761617907706,0.1719204969394616,0.16822015061228432,0.8234892941511666
Coshocton County,vap_white,atg_18_rep_yos,0.6802405935473981,0.00721371987974723,0.6663006812385681,0.694254353166104
Coshocton County,vap_white,atg_18_dem_det,0.31975940645260187,0.00721371987974723,0.305745646833896,0.33369931876143183
Coshocton County,vap_black,atg_18_rep_yos,0.49486242566419103,0.17472303475745973,0.1678129049482747,0.8287842161412491
Coshocton County,vap_black,atg_18_dem_det,0.505137574335809,0.17472303475745973,0.17121578385875091,0.8321870950517252
Coshocton County,vap_hisp,atg_18_rep_yos,0.4745613251194531,0.17921117133891828,0.1428659263544276,0.8239728370660272
Coshocton County,vap_hisp,atg_18_dem_det,0.525438674880547,0.17921117133891828,0.1760271629339728,0.8571340736455724
Coshocton County,vap_asian,atg_18_rep_yos,0.4926969868814982,0.18722033762566503,0.14416643943651578,0.8521274034913121
Coshocton County,vap_asian,atg_18_dem_det,0.5073030131185018,0.18722033762566503,0.14787259650868756,0.8558335605634841
Coshocton County,vap_aian,atg_18_rep_yos,0.492998480144839,0.17461310810115863,0.1586759145759886,0.8157275261873188
Coshocton County,vap_aian,atg_18_dem_det,0.507001519855161,0.17461310810115863,0.18427247381268116,0.8413240854240113
Coshocton County,vap_oth_b,atg_18_rep_yos,0.4726710648328872,0.16862676658754158,0.15743006318524178,0.7928428289422057
Coshocton County,vap_oth_b,atg_18_dem_det,0.5273289351671128,0.16862676658754158,0.20715717105779424,0.8425699368147582
Coshocton County,vap_white,sos_18_rep_lar,0.6695375076272971,0.00759211946308647,0.654722088049763,0.6843781573550156
Coshocton County,vap_white,sos_18_dem_cly,0.33046249237270275,0.00759211946308647,0.3156218426449844,0.345277911950237
Coshocton County,vap_black,sos_18_rep_lar,0.4877936453222186,0.1965050800563908,0.14013352522203223,0.888780385875951
Coshocton County,vap_black,sos_18_dem_cly,0.5122063546777814,0.1965050800563908,0.1112196141240489,0.8598664747779677
Coshocton County,vap_hisp,sos_18_rep_lar,0.4897245405148561,0.16949703477138506,0.1862843028092409,0.831575865933855
Coshocton County,vap_hisp,sos_18_dem_cly,0.510275459485144,0.16949703477138506,0.16842413406614515,0.8137156971907592
Coshocton County,vap_asian,sos_18_rep_lar,0.4909633058748845,0.18398696568136888,0.13893838134450331,0.8137037634503873
Coshocton County,vap_asian,sos_18_dem_cly,0.5090366941251154,0.18398696568136888,0.18629623654961272,0.8610616186554967
Coshocton County,vap_aian,sos_18_rep_lar,0.5051891552769638,0.17787063097712033,0.162959954384628,0.8430018630926379
Coshocton County,vap_aian,sos_18_dem_cly,0.49481084472303616,0.17787063097712033,0.15699813690736208,0.837040045615372
Coshocton County,vap_oth_b,sos_18_rep_lar,0.4771370806081838,0.17404502003394864,0.16297861467904914,0.8104843371786283
Coshocton County,vap_oth_b,sos_18_dem_cly,0.5228629193918163,0.17404502003394864,0.1895156628213717,0.8370213853209509
Coshocton County,vap_white,pre_20_rep_tru,0.7601680639075243,0.00651791741086845,0.7468518169322205,0.7724840806253374
Coshocton County,vap_white,pre_20_dem_bid,0.2398319360924756,0.00651791741086845,0.22751591937466265,0.2531481830677794
Coshocton County,vap_black,pre_20_rep_tru,0.47069129601817994,0.17215798831568327,0.1581926263507761,0.7969736182335762
Coshocton County,vap_black,pre_20_dem_bid,0.5293087039818201,0.17215798831568327,0.20302638176642368,0.8418073736492239
Coshocton County,vap_hisp,pre_20_rep_tru,0.5013581332243693,0.1650535730103806,0.18068383824485537,0.8252277118687613
Coshocton County,vap_hisp,pre_20_dem_bid,0.4986418667756308,0.1650535730103806,0.17477228813123863,0.8193161617551448
Coshocton County,vap_asian,pre_20_rep_tru,0.4974708152352006,0.1699825845168286,0.17173627280395254,0.817996669592989
Coshocton County,vap_asian,pre_20_dem_bid,0.5025291847647994,0.1699825845168286,0.18200333040701097,0.8282637271960475
Coshocton County,vap_aian,pre_20_rep_tru,0.4973267218367013,0.1736635141032842,0.17033912210663357,0.8256775363232992
Coshocton County,vap_aian,pre_20_dem_bid,0.5026732781632987,0.1736635141032842,0.1743224636767007,0.8296608778933662
Coshocton County,vap_oth_b,pre_20_rep_tru,0.4629830232046891,0.1685108959948664,0.15626266636486152,0.7925907877177438
Coshocton County,vap_oth_b,pre_20_dem_bid,0.5370169767953109,0.1685108959948664,0.20740921228225612,0.8437373336351386
Crawford County,vap_white,pre_16_rep_tru,0.7565058934776107,0.00637039011185859,0.744064896510319,0.7687870460064004
Crawford County,vap_white,pre_16_dem_cli,0.24349410652238945,0.00637039011185859,0.2312129539935995,0.25593510348968107
Crawford County,vap_black,pre_16_rep_tru,0.4851343705277153,0.17318912742319093,0.1706237635922437,0.8317345464304681
Crawford County,vap_black,pre_16_dem_cli,0.5148656294722848,0.17318912742319093,0.16826545356953196,0.8293762364077564
Crawford County,vap_hisp,pre_16_rep_tru,0.4735649879416195,0.17389689932493468,0.14373907773556938,0.8096264560148819
Crawford County,vap_hisp,pre_16_dem_cli,0.5264350120583805,0.17389689932493468,0.190373543985118,0.8562609222644306
Crawford County,vap_asian,pre_16_rep_tru,0.4627412904112066,0.18865065612467535,0.1155460146337873,0.8266485999835427
Crawford County,vap_asian,pre_16_dem_cli,0.5372587095887933,0.18865065612467535,0.17335140001645716,0.8844539853662126
Crawford County,vap_aian,pre_16_rep_tru,0.4781385587783824,0.17080674696739942,0.15959587163057576,0.7970106109093716
Crawford County,vap_aian,pre_16_dem_cli,0.5218614412216176,0.17080674696739942,0.2029893890906282,0.8404041283694242
Crawford County,vap_oth_b,pre_16_rep_tru,0.45899106065943457,0.16265709740679987,0.15429767972685726,0.7684378822419282
Crawford County,vap_oth_b,pre_16_dem_cli,0.5410089393405655,0.16265709740679987,0.23156211775807164,0.8457023202731426
Crawford County,vap_white,uss_16_rep_por,0.7803472838858498,0.00664833155671513,0.7669558751816059,0.7926017170276064
Crawford County,vap_white,uss_16_dem_str,0.2196527161141502,0.00664833155671513,0.20739828297239363,0.23304412481839412
Crawford County,vap_black,uss_16_rep_por,0.5150560447753545,0.1698557254746593,0.20661732347881473,0.8509139917527179
Crawford County,vap_black,uss_16_dem_str,0.4849439552246456,0.1698557254746593,0.14908600824728216,0.7933826765211852
Crawford County,vap_hisp,uss_16_rep_por,0.4810294749821899,0.1637497532035717,0.17109646200751943,0.7973273513852358
Crawford County,vap_hisp,uss_16_dem_str,0.51897052501781,0.1637497532035717,0.20267264861476417,0.8289035379924805
Crawford County,vap_asian,uss_16_rep_por,0.4813240032662354,0.17717190694207466,0.16142175790821744,0.8269857375666592
Crawford County,vap_asian,uss_16_dem_str,0.5186759967337645,0.17717190694207466,0.17301426243334067,0.8385782420917824
Crawford County,vap_aian,uss_16_rep_por,0.5027731976152914,0.17688796010086433,0.17521790552470762,0.827818434992456
Crawford County,vap_aian,uss_16_dem_str,0.4972268023847086,0.17688796010086433,0.17218156500754395,0.8247820944752924
Crawford County,vap_oth_b,uss_16_rep_por,0.4235843638642989,0.16515778281903404,0.1415927891018373,0.7619390961380412
Crawford County,vap_oth_b,uss_16_dem_str,0.5764156361357011,0.16515778281903404,0.23806090386195888,0.8584072108981627
Crawford County,vap_white,uss_18_rep_ren,0.6345451306823899,0.00736361870758665,0.6206147445013687,0.648799882602845
Crawford County,vap_white,uss_18_dem_bro,0.3654548693176102,0.00736361870758664,0.35120011739715506,0.3793852554986314
Crawford County,vap_black,uss_18_rep_ren,0.5028413905015051,0.17204196126187263,0.16504986039889535,0.8222042983648491
Crawford County,vap_black,uss_18_dem_bro,0.4971586094984949,0.17204196126187263,0.17779570163515102,0.8349501396011048
Crawford County,vap_hisp,uss_18_rep_ren,0.4898490205558574,0.1556529735345376,0.2046720809917792,0.7998562953556995
Crawford County,vap_hisp,uss_18_dem_bro,0.5101509794441426,0.1556529735345376,0.20014370464430048,0.7953279190082208
Crawford County,vap_asian,uss_18_rep_ren,0.49025183844457015,0.16830715598356707,0.18426941277889092,0.8139425675927785
Crawford County,vap_asian,uss_18_dem_bro,0.5097481615554298,0.16830715598356707,0.1860574324072213,0.8157305872211089
Crawford County,vap_aian,uss_18_rep_ren,0.4493632456163496,0.20232580640541276,0.0634815259464982,0.8139731574345177
Crawford County,vap_aian,uss_18_dem_bro,0.5506367543836505,0.20232580640541276,0.1860268425654823,0.936518474053502
Crawford County,vap_oth_b,uss_18_rep_ren,0.4503301036084773,0.1777111536379949,0.11295903525240587,0.7930926173343631
Crawford County,vap_oth_b,uss_18_dem_bro,0.5496698963915227,0.1777111536379949,0.20690738266563696,0.8870409647475942
Crawford County,vap_white,gov_18_rep_dew,0.7047700937653026,0.0070331545467136,0.6905088176228366,0.7175751380773292
Crawford County,vap_white,gov_18_dem_cor,0.29522990623469736,0.0070331545467136,0.2824248619226709,0.3094911823771636
Crawford County,vap_black,gov_18_rep_dew,0.4687265527923633,0.1751940315115047,0.13420563038455072,0.7929557909468741
Crawford County,vap_black,gov_18_dem_cor,0.5312734472076368,0.1751940315115047,0.20704420905312584,0.8657943696154493
Crawford County,vap_hisp,gov_18_rep_dew,0.4643819136588356,0.17675002620282132,0.10663783926114662,0.7916771566718857
Crawford County,vap_hisp,gov_18_dem_cor,0.5356180863411644,0.17675002620282132,0.20832284332811435,0.8933621607388534
Crawford County,vap_asian,gov_18_rep_dew,0.495401106518439,0.1726033735208883,0.18507756146066096,0.8197608779117603
Crawford County,vap_asian,gov_18_dem_cor,0.504598893481561,0.1726033735208883,0.18023912208823956,0.8149224385393388
Crawford County,vap_aian,gov_18_rep_dew,0.4714954796886679,0.1819986527775743,0.12500753481999255,0.8164692918982931
Crawford County,vap_aian,gov_18_dem_cor,0.5285045203113321,0.1819986527775743,0.18353070810170696,0.8749924651800074
Crawford County,vap_oth_b,gov_18_rep_dew,0.4340147630367552,0.1730821483336627,0.14437056925242364,0.7849150034509996
Crawford County,vap_oth_b,gov_18_dem_cor,0.5659852369632448,0.1730821483336627,0.21508499654900023,0.8556294307475762
Crawford County,vap_white,atg_18_rep_yos,0.7066218384730942,0.00747203618496961,0.6922140270964224,0.7208780206008952
Crawford County,vap_white,atg_18_dem_det,0.29337816152690577,0.00747203618496961,0.27912197939910466,0.3077859729035777
Crawford County,vap_black,atg_18_rep_yos,0.4766562335701916,0.17878247944899583,0.15628523815819476,0.8238707769352989
Crawford County,vap_black,atg_18_dem_det,0.5233437664298084,0.17878247944899583,0.17612922306470108,0.8437147618418053
Crawford County,vap_hisp,atg_18_rep_yos,0.5174506425545197,0.17142046808925507,0.212375950172434,0.8470182239094025
Crawford County,vap_hisp,atg_18_dem_det,0.48254935744548033,0.17142046808925507,0.15298177609059754,0.7876240498275661
Crawford County,vap_asian,atg_18_rep_yos,0.4848311008843843,0.18278547990022295,0.11852616173077422,0.8066299239023204
Crawford County,vap_asian,atg_18_dem_det,0.5151688991156157,0.18278547990022295,0.19337007609767956,0.8814738382692257
Crawford County,vap_aian,atg_18_rep_yos,0.5021044042746012,0.1856577949933712,0.16709936737335324,0.871455025470033
Crawford County,vap_aian,atg_18_dem_det,0.4978955957253988,0.1856577949933712,0.12854497452996702,0.8329006326266467
Crawford County,vap_oth_b,atg_18_rep_yos,0.46987820083591303,0.18013954769509496,0.1530839223040781,0.8226985962942336
Crawford County,vap_oth_b,atg_18_dem_det,0.5301217991640871,0.18013954769509496,0.17730140370576652,0.8469160776959219
Crawford County,vap_white,sos_18_rep_lar,0.706068533784506,0.00694409914261093,0.6924461678889109,0.7193803930150272
Crawford County,vap_white,sos_18_dem_cly,0.2939314662154941,0.00694409914261093,0.28061960698497285,0.30755383211108916
Crawford County,vap_black,sos_18_rep_lar,0.4872768476189031,0.16661092282504136,0.17901364978029613,0.8083168145412095
Crawford County,vap_black,sos_18_dem_cly,0.5127231523810969,0.16661092282504136,0.19168318545879048,0.8209863502197038
Crawford County,vap_hisp,sos_18_rep_lar,0.49643237190097006,0.17463813741635204,0.18437058517232705,0.8519666268875462
Crawford County,vap_hisp,sos_18_dem_cly,0.50356762809903,0.17463813741635204,0.14803337311245374,0.815629414827673
Crawford County,vap_asian,sos_18_rep_lar,0.501142691653571,0.17067952040438447,0.180069516736355,0.8076165456871949
Crawford County,vap_asian,sos_18_dem_cly,0.49885730834642894,0.17067952040438447,0.19238345431280493,0.8199304832636449
Crawford County,vap_aian,sos_18_rep_lar,0.4943848705450616,0.17961901514793802,0.16209944382234295,0.8414255886054108
Crawford County,vap_aian,sos_18_dem_cly,0.5056151294549384,0.17961901514793802,0.1585744113945891,0.8379005561776569
Crawford County,vap_oth_b,sos_18_rep_lar,0.4626001814184406,0.16949530393743506,0.1521307713435132,0.7917170111087568
Crawford County,vap_oth_b,sos_18_dem_cly,0.5373998185815595,0.16949530393743506,0.2082829888912432,0.847869228656487
Crawford County,vap_white,pre_20_rep_tru,0.7712627526079693,0.00641223037700619,0.758444300330179,0.7831716761123007
Crawford County,vap_white,pre_20_dem_bid,0.22873724739203077,0.00641223037700619,0.21682832388769932,0.24155569966982116
Crawford County,vap_black,pre_20_rep_tru,0.47621144295496987,0.1682599323202753,0.18892277511462377,0.8078425294817753
Crawford County,vap_black,pre_20_dem_bid,0.5237885570450302,0.1682599323202753,0.1921574705182248,0.8110772248853761
Crawford County,vap_hisp,pre_20_rep_tru,0.4909131345606087,0.16560261571835083,0.1992458728186332,0.7996688150768942
Crawford County,vap_hisp,pre_20_dem_bid,0.5090868654393912,0.16560261571835083,0.20033118492310556,0.8007541271813668
Crawford County,vap_asian,pre_20_rep_tru,0.5158979462598552,0.18809837320837197,0.1717295964106334,0.8869334310340478
Crawford County,vap_asian,pre_20_dem_bid,0.4841020537401447,0.18809837320837197,0.11306656896595206,0.8282704035893663
Crawford County,vap_aian,pre_20_rep_tru,0.5042457215824055,0.1724179687752684,0.17802410176968098,0.8165979745764287
Crawford County,vap_aian,pre_20_dem_bid,0.4957542784175944,0.17241796877526838,0.1834020254235714,0.8219758982303189
Crawford County,vap_oth_b,pre_20_rep_tru,0.46287793445040976,0.1654174906924655,0.16343083888314577,0.7828803128789408
Crawford County,vap_oth_b,pre_20_dem_bid,0.5371220655495903,0.1654174906924655,0.21711968712105917,0.8365691611168542
Cuyahoga County,vap_white,pre_16_rep_tru,0.4959933845379236,0.00207822658667927,0.4917851447926158,0.4998805471144522
Cuyahoga County,vap_white,pre_16_dem_cli,0.5040066154620763,0.00207822658667927,0.5001194528855476,0.5082148552073841
Cuyahoga County,vap_black,pre_16_rep_tru,0.00859809097356609,8.658479230069115e-4,0.0070034746762395,0.0104404158953952
Cuyahoga County,vap_black,pre_16_dem_cli,0.991401909026434,8.658479230069112e-4,0.989559584104605,0.9929965253237606
Cuyahoga County,vap_hisp,pre_16_rep_tru,0.05592606843089091,0.01166484379961233,0.03388864848086698,0.07861192669597133
Cuyahoga County,vap_hisp,pre_16_dem_cli,0.9440739315691092,0.01166484379961233,0.9213880733040288,0.9661113515191332
Cuyahoga County,vap_asian,pre_16_rep_tru,0.0991066047857622,0.02098073501762322,0.06361179747384706,0.1440041889515552
Cuyahoga County,vap_asian,pre_16_dem_cli,0.9008933952142378,0.02098073501762322,0.8559958110484449,0.936388202526153
Cuyahoga County,vap_aian,pre_16_rep_tru,0.35715937446203677,0.12733833283758178,0.15318383487335996,0.6707652124260581
Cuyahoga County,vap_aian,pre_16_dem_cli,0.6428406255379633,0.12733833283758178,0.32923478757394187,0.8468161651266402
Cuyahoga County,vap_oth_b,pre_16_rep_tru,0.06102398894577804,0.01227404042235605,0.04051827833296954,0.08845817542073972
Cuyahoga County,vap_oth_b,pre_16_dem_cli,0.938976011054222,0.01227404042235605,0.9115418245792604,0.9594817216670304
Cuyahoga County,vap_white,uss_16_rep_por,0.6076548595073502,0.00422388758297818,0.5998908132070515,0.6157094021066373
Cuyahoga County,vap_white,uss_16_dem_str,0.3923451404926496,0.00422388758297818,0.38429059789336273,0.4001091867929484
Cuyahoga County,vap_black,uss_16_rep_por,0.02376225355081198,0.00271927732083797,0.01900128519032434,0.02921366347073923
Cuyahoga County,vap_black,uss_16_dem_str,0.976237746449188,0.00271927732083797,0.9707863365292608,0.9809987148096756
Cuyahoga County,vap_hisp,uss_16_rep_por,0.06267412726539644,0.01250180742264385,0.04214288385981294,0.0921602836534279
Cuyahoga County,vap_hisp,uss_16_dem_str,0.9373258727346035,0.01250180742264385,0.907839716346572,0.9578571161401872
Cuyahoga County,vap_asian,uss_16_rep_por,0.16138828494077503,0.03918465164318968,0.09214452548332544,0.2372019823956104
Cuyahoga County,vap_asian,uss_16_dem_str,0.8386117150592249,0.03918465164318968,0.7627980176043897,0.9078554745166746
Cuyahoga County,vap_aian,uss_16_rep_por,0.7108262484019761,0.13020416567609955,0.439369812721468,0.9035645700597572
Cuyahoga County,vap_aian,uss_16_dem_str,0.28917375159802394,0.13020416567609955,0.09643542994024289,0.5606301872785321
Cuyahoga County,vap_oth_b,uss_16_rep_por,0.290490257096365,0.07988377571385569,0.13511083930795792,0.42546628500133
Cuyahoga County,vap_oth_b,uss_16_dem_str,0.709509742903635,0.07988377571385569,0.57453371499867,0.8648891606920421
Cuyahoga County,vap_white,uss_18_rep_ren,0.4074758736734624,0.00280390194489076,0.4020907814312151,0.41295912179034633
Cuyahoga County,vap_white,uss_18_dem_bro,0.5925241263265374,0.00280390194489076,0.5870408782096534,0.5979092185687847
Cuyahoga County,vap_black,uss_18_rep_ren,0.01031721537004794,9.422855102388818e-4,0.0085710927275501,0.01228981863410685
Cuyahoga County,vap_black,uss_18_dem_bro,0.989682784629952,9.422855102388822e-4,0.9877101813658932,0.99142890727245
Cuyahoga County,vap_hisp,uss_18_rep_ren,0.08099762340513941,0.01328004759764816,0.05640663084273847,0.10744082012475668
Cuyahoga County,vap_hisp,uss_18_dem_bro,0.9190023765948606,0.01328004759764816,0.8925591798752434,0.9435933691572614
Cuyahoga County,vap_asian,uss_18_rep_ren,0.10385480734837028,0.02730043433603157,0.0566745092686309,0.15996202910697188
Cuyahoga County,vap_asian,uss_18_dem_bro,0.8961451926516297,0.02730043433603157,0.8400379708930281,0.9433254907313692
Cuyahoga County,vap_aian,uss_18_rep_ren,0.34653517577665377,0.16403301677485893,0.1251109195095004,0.6419981544398712
Cuyahoga County,vap_aian,uss_18_dem_bro,0.6534648242233463,0.16403301677485893,0.3580018455601289,0.8748890804904996
Cuyahoga County,vap_oth_b,uss_18_rep_ren,0.1378298115998059,0.02932185738115151,0.0811907349582707,0.19525839953769383
Cuyahoga County,vap_oth_b,uss_18_dem_bro,0.8621701884001941,0.02932185738115151,0.8047416004623061,0.9188092650417292
Cuyahoga County,vap_white,gov_18_rep_dew,0.46601593134237235,0.00316440359234445,0.459965155053648,0.4723754435469817
Cuyahoga County,vap_white,gov_18_dem_cor,0.5339840686576275,0.00316440359234445,0.5276245564530183,0.5400348449463519
Cuyahoga County,vap_black,gov_18_rep_dew,0.01721682929653747,0.00160576351987391,0.01443182986097632,0.02053614635964018
Cuyahoga County,vap_black,gov_18_dem_cor,0.9827831707034624,0.00160576351987391,0.9794638536403598,0.9855681701390236
Cuyahoga County,vap_hisp,gov_18_rep_dew,0.07267839055670627,0.01452659722562493,0.04886814497614778,0.10767162358244596
Cuyahoga County,vap_hisp,gov_18_dem_cor,0.9273216094432938,0.01452659722562493,0.8923283764175541,0.9511318550238524
Cuyahoga County,vap_asian,gov_18_rep_dew,0.11535190934249416,0.02584874862535779,0.06931696475810714,0.1698955872465478
Cuyahoga County,vap_asian,gov_18_dem_cor,0.8846480906575058,0.02584874862535779,0.8301044127534523,0.9306830352418928
Cuyahoga County,vap_aian,gov_18_rep_dew,0.5868663243814021,0.12928600134440144,0.334710686141022,0.7983950548381675
Cuyahoga County,vap_aian,gov_18_dem_cor,0.413133675618598,0.12928600134440144,0.20160494516183253,0.6652893138589779
Cuyahoga County,vap_oth_b,gov_18_rep_dew,0.2775329597095143,0.05361481966204021,0.16399109055446073,0.38092451223083545
Cuyahoga County,vap_oth_b,gov_18_dem_cor,0.7224670402904857,0.05361481966204021,0.6190754877691645,0.8360089094455392
Cuyahoga County,vap_white,atg_18_rep_yos,0.443692638859121,0.00343593967583371,0.4371852837948667,0.4507378515175342
Cuyahoga County,vap_white,atg_18_dem_det,0.5563073611408789,0.00343593967583371,0.5492621484824657,0.5628147162051331
Cuyahoga County,vap_black,atg_18_rep_yos,0.0185439284476246,0.00224280877607412,0.01481137933052213,0.02326407591429881
Cuyahoga County,vap_black,atg_18_dem_det,0.9814560715523756,0.00224280877607412,0.9767359240857012,0.985188620669478
Cuyahoga County,vap_hisp,atg_18_rep_yos,0.0902626758798819,0.01497438674588419,0.06252305026353437,0.12305338433448253
Cuyahoga County,vap_hisp,atg_18_dem_det,0.909737324120118,0.01497438674588419,0.8769466156655175,0.9374769497364656
Cuyahoga County,vap_asian,atg_18_rep_yos,0.10374213350329928,0.03192232667052978,0.05927417039851104,0.17998382195384494
Cuyahoga County,vap_asian,atg_18_dem_det,0.8962578664967007,0.03192232667052978,0.8200161780461552,0.940725829601489
Cuyahoga County,vap_aian,atg_18_rep_yos,0.666707672323136,0.1189092569332964,0.3969262428191902,0.8461814256136662
Cuyahoga County,vap_aian,atg_18_dem_det,0.333292327676864,0.1189092569332964,0.15381857438633387,0.6030737571808097
Cuyahoga County,vap_oth_b,atg_18_rep_yos,0.2635870428215666,0.07117358188655792,0.12209074271768472,0.3912672368021628
Cuyahoga County,vap_oth_b,atg_18_dem_det,0.7364129571784334,0.07117358188655792,0.6087327631978372,0.8779092572823153
Cuyahoga County,vap_white,sos_18_rep_lar,0.45336288915093614,0.00262351506600543,0.44811384732920384,0.4584735915355938
Cuyahoga County,vap_white,sos_18_dem_cly,0.5466371108490637,0.00262351506600543,0.5415264084644061,0.5518861526707961
Cuyahoga County,vap_black,sos_18_rep_lar,0.01277918616525848,0.00104855966556085,0.01074376010444368,0.01485385988342221
Cuyahoga County,vap_black,sos_18_dem_cly,0.9872208138347416,0.00104855966556085,0.9851461401165778,0.9892562398955564
Cuyahoga County,vap_hisp,sos_18_rep_lar,0.07152490477350945,0.01265927132136459,0.05037997585991759,0.10038205613883008
Cuyahoga County,vap_hisp,sos_18_dem_cly,0.9284750952264904,0.01265927132136459,0.89961794386117,0.9496200241400824
Cuyahoga County,vap_asian,sos_18_rep_lar,0.1161350982977784,0.02844646002543491,0.06436232818477419,0.172415823734358
Cuyahoga County,vap_asian,sos_18_dem_cly,0.8838649017022217,0.02844646002543491,0.8275841762656421,0.9356376718152256
Cuyahoga County,vap_aian,sos_18_rep_lar,0.5814705873492776,0.160613302209227,0.30095280293888227,0.8388768671160637
Cuyahoga County,vap_aian,sos_18_dem_cly,0.41852941265072247,0.160613302209227,0.16112313288393643,0.6990471970611176
Cuyahoga County,vap_oth_b,sos_18_rep_lar,0.2297078024006888,0.03611736843374297,0.1615273156599471,0.29791723437371087
Cuyahoga County,vap_oth_b,sos_18_dem_cly,0.7702921975993112,0.03611736843374297,0.7020827656262891,0.838472684340053
Cuyahoga County,vap_white,pre_20_rep_tru,0.46473061427149864,0.00364280992205622,0.4578530981846092,0.47203702821045657
Cuyahoga County,vap_white,pre_20_dem_bid,0.5352693857285012,0.00364280992205622,0.5279629717895433,0.5421469018153906
Cuyahoga County,vap_black,pre_20_rep_tru,0.01355182465106471,0.00133215737713989,0.01110625057971356,0.01617445903496942
Cuyahoga County,vap_black,pre_20_dem_bid,0.9864481753489354,0.00133215737713989,0.9838255409650304,0.9888937494202864
Cuyahoga County,vap_hisp,pre_20_rep_tru,0.2619157642359103,0.02967094546515803,0.20377700685750152,0.32116470294356253
Cuyahoga County,vap_hisp,pre_20_dem_bid,0.7380842357640898,0.02967094546515803,0.6788352970564374,0.7962229931424984
Cuyahoga County,vap_asian,pre_20_rep_tru,0.11449127800660938,0.02275638222820211,0.07301961840113666,0.158708164681389
Cuyahoga County,vap_asian,pre_20_dem_bid,0.8855087219933906,0.02275638222820211,0.841291835318611,0.9269803815988634
Cuyahoga County,vap_aian,pre_20_rep_tru,0.6485217117189372,0.14516104151371229,0.31711078504875945,0.8342385845172317
Cuyahoga County,vap_aian,pre_20_dem_bid,0.3514782882810628,0.14516104151371229,0.16576141548276846,0.6828892149512404
Cuyahoga County,vap_oth_b,pre_20_rep_tru,0.2656278760538329,0.05187477649392902,0.1748687051502495,0.3680714648786545
Cuyahoga County,vap_oth_b,pre_20_dem_bid,0.734372123946167,0.05187477649392902,0.6319285351213456,0.8251312948497505
Darke County,vap_white,pre_16_rep_tru,0.827395195975865,0.00567967332951649,0.8161220299485674,0.8380263545810336
Darke County,vap_white,pre_16_dem_cli,0.17260480402413497,0.00567967332951649,0.1619736454189663,0.18387797005143255
Darke County,vap_black,pre_16_rep_tru,0.4742679761690712,0.16717741717960743,0.1668449889358402,0.8103315753733219
Darke County,vap_black,pre_16_dem_cli,0.5257320238309289,0.1671774171796074,0.1896684246266779,0.8331550110641598
Darke County,vap_hisp,pre_16_rep_tru,0.429631351519531,0.19089563797571577,0.11430588583013326,0.8101845442571831
Darke County,vap_hisp,pre_16_dem_cli,0.5703686484804689,0.19089563797571577,0.18981545574281689,0.8856941141698667
Darke County,vap_asian,pre_16_rep_tru,0.4899842260397419,0.1737009914662431,0.17461944218197878,0.8356412446048926
Darke County,vap_asian,pre_16_dem_cli,0.510015773960258,0.1737009914662431,0.16435875539510728,0.825380557818021
Darke County,vap_aian,pre_16_rep_tru,0.47904094078472426,0.17138175198261438,0.15227505947081313,0.7942851022776145
Darke County,vap_aian,pre_16_dem_cli,0.5209590592152757,0.17138175198261438,0.20571489772238535,0.847724940529187
Darke County,vap_oth_b,pre_16_rep_tru,0.40617383624089703,0.16465784272029624,0.1446160222032223,0.7819743375084164
Darke County,vap_oth_b,pre_16_dem_cli,0.593826163759103,0.16465784272029624,0.2180256624915836,0.8553839777967777
Darke County,vap_white,uss_16_rep_por,0.8670203751020532,0.00542780031683938,0.8559765030723372,0.8770417051896909
Darke County,vap_white,uss_16_dem_str,0.13297962489794676,0.00542780031683938,0.12295829481030902,0.14402349692766264
Darke County,vap_black,uss_16_rep_por,0.4695189719423247,0.16516776894998217,0.15793284162741025,0.7767351197094772
Darke County,vap_black,uss_16_dem_str,0.5304810280576753,0.16516776894998217,0.22326488029052283,0.8420671583725899
Darke County,vap_hisp,uss_16_rep_por,0.4413976102618869,0.16871446428399814,0.16326968886609822,0.7961468936426797
Darke County,vap_hisp,uss_16_dem_str,0.5586023897381132,0.16871446428399814,0.20385310635731987,0.8367303111339017
Darke County,vap_asian,uss_16_rep_por,0.4943897219926677,0.1881376917990013,0.12692336574014132,0.8427381954315407
Darke County,vap_asian,uss_16_dem_str,0.5056102780073323,0.1881376917990013,0.15726180456845906,0.8730766342598586
Darke County,vap_aian,uss_16_rep_por,0.49598726445402114,0.18081876115020004,0.1632858914510339,0.83794866042626
Darke County,vap_aian,uss_16_dem_str,0.5040127355459788,0.18081876115020004,0.16205133957373985,0.8367141085489662
Darke County,vap_oth_b,uss_16_rep_por,0.38292083939046295,0.15248272870662916,0.11948762187502604,0.6921422529934474
Darke County,vap_oth_b,uss_16_dem_str,0.6170791606095372,0.15248272870662916,0.30785774700655255,0.8805123781249741
Darke County,vap_white,uss_18_rep_ren,0.7137275381603068,0.00646456904579961,0.7009466600685423,0.7261487130635522
Darke County,vap_white,uss_18_dem_bro,0.2862724618396931,0.00646456904579961,0.2738512869364477,0.2990533399314576
Darke County,vap_black,uss_18_rep_ren,0.4582965631560498,0.17926385198524242,0.12401272925466963,0.806642926220303
Darke County,vap_black,uss_18_dem_bro,0.5417034368439502,0.17926385198524242,0.19335707377969677,0.8759872707453302
Darke County,vap_hisp,uss_18_rep_ren,0.4666793709063721,0.1661536938569119,0.1702046898328792,0.7932203222078331
Darke County,vap_hisp,uss_18_dem_bro,0.5333206290936279,0.1661536938569119,0.2067796777921668,0.8297953101671207
Darke County,vap_asian,uss_18_rep_ren,0.3659899029672391,0.2163809831933304,0.04827739421970251,0.7931641159888425
Darke County,vap_asian,uss_18_dem_bro,0.6340100970327608,0.2163809831933304,0.20683588401115705,0.9517226057802972
Darke County,vap_aian,uss_18_rep_ren,0.5279688851153249,0.1818578848080916,0.20571245412762945,0.8879885646709639
Darke County,vap_aian,uss_18_dem_bro,0.4720311148846751,0.1818578848080916,0.11201143532903612,0.7942875458723705
Darke County,vap_oth_b,uss_18_rep_ren,0.4441634123244272,0.17706316504472258,0.1371884044442973,0.8314136501172291
Darke County,vap_oth_b,uss_18_dem_bro,0.5558365876755729,0.17706316504472258,0.16858634988277094,0.8628115955557027
Darke County,vap_white,gov_18_rep_dew,0.8034039562473708,0.00614539321766133,0.7913959094456988,0.8151316751106195
Darke County,vap_white,gov_18_dem_cor,0.19659604375262915,0.00614539321766133,0.1848683248893805,0.2086040905543013
Darke County,vap_black,gov_18_rep_dew,0.4582480733386876,0.16151637605052352,0.17395392504020243,0.7800227288657929
Darke County,vap_black,gov_18_dem_cor,0.5417519266613124,0.16151637605052352,0.219977271134207,0.8260460749597975
Darke County,vap_hisp,gov_18_rep_dew,0.4430731450719111,0.16316792997896823,0.1409949452211749,0.7678466781616108
Darke County,vap_hisp,gov_18_dem_cor,0.5569268549280889,0.16316792997896823,0.23215332183838916,0.8590050547788252
Darke County,vap_asian,gov_18_rep_dew,0.4907118048409813,0.17442199151252288,0.17791024312353995,0.8404126256707898
Darke County,vap_asian,gov_18_dem_cor,0.5092881951590187,0.17442199151252288,0.15958737432921016,0.8220897568764599
Darke County,vap_aian,gov_18_rep_dew,0.5004912364860215,0.17525131689616846,0.16098847027860974,0.8347012725604701
Darke County,vap_aian,gov_18_dem_cor,0.49950876351397855,0.17525131689616846,0.16529872743952975,0.8390115297213903
Darke County,vap_oth_b,gov_18_rep_dew,0.4260899679984343,0.1604374303161588,0.14338556123067878,0.7597162370329456
Darke County,vap_oth_b,gov_18_dem_cor,0.5739100320015657,0.1604374303161588,0.24028376296705423,0.8566144387693213
Darke County,vap_white,atg_18_rep_yos,0.7971249348934031,0.00619115282514701,0.7843764985261681,0.8089947558953098
Darke County,vap_white,atg_18_dem_det,0.2028750651065968,0.00619115282514701,0.19100524410469016,0.21562350147383183
Darke County,vap_black,atg_18_rep_yos,0.44782737919873095,0.1740965078796029,0.13631412541708413,0.7876116936501949
Darke County,vap_black,atg_18_dem_det,0.552172620801269,0.1740965078796029,0.21238830634980516,0.8636858745829159
Darke County,vap_hisp,atg_18_rep_yos,0.45518663671395854,0.1847144336029376,0.1321404223005921,0.8026059656020533
Darke County,vap_hisp,atg_18_dem_det,0.5448133632860415,0.1847144336029376,0.19739403439794656,0.8678595776994079
Darke County,vap_asian,atg_18_rep_yos,0.4969974590024832,0.1651225108481108,0.19178624583564696,0.8122571541436782
Darke County,vap_asian,atg_18_dem_det,0.5030025409975167,0.1651225108481108,0.18774284585632173,0.808213754164353
Darke County,vap_aian,atg_18_rep_yos,0.48290724523261286,0.17211800058953952,0.15889288975561164,0.803420537311607
Darke County,vap_aian,atg_18_dem_det,0.5170927547673871,0.17211800058953952,0.19657946268839288,0.8411071102443883
Darke County,vap_oth_b,atg_18_rep_yos,0.41488488569517257,0.1587442407382885,0.14115326012377438,0.7361982792991311
Darke County,vap_oth_b,atg_18_dem_det,0.5851151143048275,0.1587442407382885,0.263801720700869,0.8588467398762257
Darke County,vap_white,sos_18_rep_lar,0.7957892868857004,0.00626027193722106,0.7830663854846891,0.807460959573419
Darke County,vap_white,sos_18_dem_cly,0.2042107131142996,0.00626027193722106,0.19253904042658093,0.2169336145153108
Darke County,vap_black,sos_18_rep_lar,0.4599765787756436,0.16544654248412602,0.16017110384674915,0.778267334226214
Darke County,vap_black,sos_18_dem_cly,0.5400234212243564,0.16544654248412602,0.22173266577378584,0.839828896153251
Darke County,vap_hisp,sos_18_rep_lar,0.4436140407490714,0.16467377820629123,0.14218210966227565,0.7594181772710825
Darke County,vap_hisp,sos_18_dem_cly,0.5563859592509286,0.16467377820629123,0.24058182272891748,0.8578178903377244
Darke County,vap_asian,sos_18_rep_lar,0.5154413726594528,0.1819088327070271,0.1760976775685914,0.8566173992905556
Darke County,vap_asian,sos_18_dem_cly,0.4845586273405472,0.1819088327070271,0.1433826007094443,0.8239023224314086
Darke County,vap_aian,sos_18_rep_lar,0.4652015696360503,0.1809242923932808,0.1198891072531816,0.8062384040672376
Darke County,vap_aian,sos_18_dem_cly,0.5347984303639497,0.1809242923932808,0.1937615959327625,0.8801108927468183
Darke County,vap_oth_b,sos_18_rep_lar,0.43165133845936554,0.1781171539808644,0.1390455721182488,0.8350192857367775
Darke County,vap_oth_b,sos_18_dem_cly,0.5683486615406346,0.1781171539808644,0.16498071426322247,0.8609544278817512
Darke County,vap_white,pre_20_rep_tru,0.8337458037273653,0.00563765852027805,0.8230414311533987,0.8446416434975418
Darke County,vap_white,pre_20_dem_bid,0.1662541962726346,0.00563765852027805,0.15535835650245813,0.17695856884660138
Darke County,vap_black,pre_20_rep_tru,0.48957725409814207,0.18498292300868777,0.1463682350872364,0.8370896853221055
Darke County,vap_black,pre_20_dem_bid,0.5104227459018579,0.18498292300868777,0.16291031467789444,0.8536317649127634
Darke County,vap_hisp,pre_20_rep_tru,0.4766355459621876,0.150578963811244,0.18959485305513235,0.7611091353233459
Darke County,vap_hisp,pre_20_dem_bid,0.5233644540378124,0.150578963811244,0.23889086467665407,0.8104051469448674
Darke County,vap_asian,pre_20_rep_tru,0.4880800044711111,0.16656694294104005,0.17851097601325883,0.8062703365114517
Darke County,vap_asian,pre_20_dem_bid,0.5119199955288889,0.16656694294104005,0.19372966348854803,0.821489023986741
Darke County,vap_aian,pre_20_rep_tru,0.4848217807496241,0.17420752131391903,0.1656756780865057,0.8095358095767997
Darke County,vap_aian,pre_20_dem_bid,0.5151782192503759,0.17420752131391903,0.1904641904232003,0.8343243219134944
Darke County,vap_oth_b,pre_20_rep_tru,0.3873932921980323,0.16744959285190275,0.08609024081241447,0.7226939388858297
Darke County,vap_oth_b,pre_20_dem_bid,0.6126067078019678,0.16744959285190275,0.2773060611141703,0.9139097591875855
Defiance County,vap_white,pre_16_rep_tru,0.7339286871465867,0.01417003670184089,0.7030881586780318,0.7579624735626942
Defiance County,vap_white,pre_16_dem_cli,0.2660713128534133,0.01417003670184089,0.2420375264373058,0.2969118413219683
Defiance County,vap_black,pre_16_rep_tru,0.4517931362745947,0.176461126568235,0.14979845185921467,0.8189280500297875
Defiance County,vap_black,pre_16_dem_cli,0.5482068637254053,0.176461126568235,0.18107194997021236,0.8502015481407851
Defiance County,vap_hisp,pre_16_rep_tru,0.3053881290578741,0.13194226065573164,0.10088658215960392,0.6078839919057151
Defiance County,vap_hisp,pre_16_dem_cli,0.694611870942126,0.13194226065573164,0.392116008094285,0.8991134178403961
Defiance County,vap_asian,pre_16_rep_tru,0.4826463769468126,0.16977683430599855,0.1554167043496461,0.8064633855268357
Defiance County,vap_asian,pre_16_dem_cli,0.5173536230531874,0.16977683430599855,0.19353661447316428,0.8445832956503538
Defiance County,vap_aian,pre_16_rep_tru,0.48704152664524697,0.17509232157679797,0.1691962196114178,0.8244762282065948
Defiance County,vap_aian,pre_16_dem_cli,0.512958473354753,0.17509232157679797,0.1755237717934049,0.8308037803885822
Defiance County,vap_oth_b,pre_16_rep_tru,0.471215232794935,0.18423130441676347,0.1355976423154262,0.8318323640938805
Defiance County,vap_oth_b,pre_16_dem_cli,0.528784767205065,0.18423130441676347,0.1681676359061194,0.8644023576845737
Defiance County,vap_white,uss_16_rep_por,0.7556773124987903,0.01401404866166406,0.7251088062377665,0.7802175711012415
Defiance County,vap_white,uss_16_dem_str,0.24432268750120964,0.01401404866166406,0.21978242889875857,0.2748911937622334
Defiance County,vap_black,uss_16_rep_por,0.44112496581381866,0.1697365067761469,0.13672065688363472,0.762814600906218
Defiance County,vap_black,uss_16_dem_str,0.5588750341861813,0.1697365067761469,0.23718539909378175,0.8632793431163649
Defiance County,vap_hisp,uss_16_rep_por,0.31452155585696606,0.13665942482608043,0.0988964877656254,0.6163272831380064
Defiance County,vap_hisp,uss_16_dem_str,0.685478444143034,0.13665942482608046,0.3836727168619936,0.9011035122343748
Defiance County,vap_asian,uss_16_rep_por,0.4956647492045196,0.1719064163790042,0.17465954906053527,0.8283721707068559
Defiance County,vap_asian,uss_16_dem_str,0.5043352507954805,0.1719064163790042,0.17162782929314407,0.8253404509394648
Defiance County,vap_aian,uss_16_rep_por,0.5113149321238879,0.17784486584265632,0.1793719269646908,0.8572742364218557
Defiance County,vap_aian,uss_16_dem_str,0.488685067876112,0.17784486584265632,0.142725763578144,0.8206280730353089
Defiance County,vap_oth_b,uss_16_rep_por,0.45061730043936216,0.17212344371329394,0.15104012531631095,0.7910925658162105
Defiance County,vap_oth_b,uss_16_dem_str,0.5493826995606378,0.17212344371329394,0.20890743418378943,0.8489598746836888
Defiance County,vap_white,uss_18_rep_ren,0.6054051139031998,0.01470856796262848,0.5763510361309725,0.6330725447617578
Defiance County,vap_white,uss_18_dem_bro,0.39459488609680016,0.01470856796262848,0.3669274552382422,0.4236489638690275
Defiance County,vap_black,uss_18_rep_ren,0.4593044921526043,0.16787538605569224,0.14591998625898073,0.7814056115951852
Defiance County,vap_black,uss_18_dem_bro,0.5406955078473956,0.16787538605569224,0.21859438840481477,0.8540800137410192
Defiance County,vap_hisp,uss_18_rep_ren,0.36872086312592606,0.13968243076527684,0.12753897259607033,0.6570110844919428
Defiance County,vap_hisp,uss_18_dem_bro,0.631279136874074,0.13968243076527684,0.3429889155080571,0.8724610274039298
Defiance County,vap_asian,uss_18_rep_ren,0.4976691452104022,0.16648318168364604,0.188573173892206,0.8088943357720365
Defiance County,vap_asian,uss_18_dem_bro,0.5023308547895978,0.16648318168364604,0.19110566422796357,0.8114268261077938
Defiance County,vap_aian,uss_18_rep_ren,0.510171872808672,0.1706188987696865,0.1831670860002083,0.8366577480366968
Defiance County,vap_aian,uss_18_dem_bro,0.4898281271913279,0.1706188987696865,0.16334225196330307,0.8168329139997915
Defiance County,vap_oth_b,uss_18_rep_ren,0.4675574285193611,0.1801491692533212,0.11839512671081366,0.8127720309167933
Defiance County,vap_oth_b,uss_18_dem_bro,0.5324425714806388,0.1801491692533212,0.1872279690832066,0.8816048732891862
Defiance County,vap_white,gov_18_rep_dew,0.6984185759810546,0.01378021169023292,0.6689501563008186,0.7226584759558496
Defiance County,vap_white,gov_18_dem_cor,0.3015814240189454,0.01378021169023292,0.27734152404415024,0.3310498436991815
Defiance County,vap_black,gov_18_rep_dew,0.46009716939586703,0.1664577341030712,0.16099898004398022,0.7924523571402672
Defiance County,vap_black,gov_18_dem_cor,0.539902830604133,0.1664577341030712,0.2075476428597326,0.8390010199560196
Defiance County,vap_hisp,gov_18_rep_dew,0.28996635412825394,0.13364869949827746,0.08305049715087531,0.5941997033284496
Defiance County,vap_hisp,gov_18_dem_cor,0.7100336458717461,0.13364869949827746,0.4058002966715505,0.9169495028491248
Defiance County,vap_asian,gov_18_rep_dew,0.5040153182729572,0.16681371459371305,0.19257152342145856,0.8215427140085153
Defiance County,vap_asian,gov_18_dem_cor,0.4959846817270428,0.16681371459371305,0.1784572859914847,0.8074284765785416
Defiance County,vap_aian,gov_18_rep_dew,0.5219058678827331,0.17912486582308934,0.1792720823935232,0.8453366109058192
Defiance County,vap_aian,gov_18_dem_cor,0.47809413211726687,0.17912486582308934,0.15466338909418073,0.8207279176064768
Defiance County,vap_oth_b,gov_18_rep_dew,0.4884274007325538,0.17099118505888264,0.17411068606177352,0.8220534599720273
Defiance County,vap_oth_b,gov_18_dem_cor,0.5115725992674462,0.17099118505888264,0.17794654002797222,0.8258893139382264
Defiance County,vap_white,atg_18_rep_yos,0.6990198153740482,0.0155737373710605,0.6662291869297547,0.726983532838251
Defiance County,vap_white,atg_18_dem_det,0.3009801846259518,0.0155737373710605,0.273016467161749,0.3337708130702452
Defiance County,vap_black,atg_18_rep_yos,0.46161883306020535,0.17003756569216277,0.16904120352815644,0.813076957477687
Defiance County,vap_black,atg_18_dem_det,0.5383811669397947,0.17003756569216277,0.1869230425223127,0.8309587964718436
Defiance County,vap_hisp,atg_18_rep_yos,0.300459698962118,0.14645163105013606,0.0751065936877566,0.6121364051451722
Defiance County,vap_hisp,atg_18_dem_det,0.6995403010378821,0.14645163105013606,0.38786359485482774,0.9248934063122436
Defiance County,vap_asian,atg_18_rep_yos,0.4909139450096874,0.17656771865409918,0.16080397300057497,0.8182131586154892
Defiance County,vap_asian,atg_18_dem_det,0.5090860549903127,0.17656771865409918,0.18178684138451084,0.839196026999425
Defiance County,vap_aian,atg_18_rep_yos,0.4916570520904118,0.17456459927607812,0.13442213189833208,0.80469289025217
Defiance County,vap_aian,atg_18_dem_det,0.5083429479095881,0.17456459927607812,0.19530710974782997,0.8655778681016677
Defiance County,vap_oth_b,atg_18_rep_yos,0.43918227349642475,0.17108713250503435,0.11800099479233311,0.7613772510084471
Defiance County,vap_oth_b,atg_18_dem_det,0.5608177265035753,0.17108713250503435,0.23862274899155272,0.8819990052076669
Defiance County,vap_white,sos_18_rep_lar,0.697982731334854,0.01375283112772559,0.6692873698641786,0.7231023760954459
Defiance County,vap_white,sos_18_dem_cly,0.30201726866514605,0.01375283112772559,0.276897623904554,0.33071263013582136
Defiance County,vap_black,sos_18_rep_lar,0.4644021569046245,0.17363749801184292,0.15886551436350302,0.8118107475335435
Defiance County,vap_black,sos_18_dem_cly,0.5355978430953755,0.17363749801184292,0.1881892524664564,0.841134485636497
Defiance County,vap_hisp,sos_18_rep_lar,0.31052279101813435,0.12918868999370467,0.10157298380787276,0.5915635886881895
Defiance County,vap_hisp,sos_18_dem_cly,0.6894772089818657,0.12918868999370467,0.4084364113118105,0.8984270161921273
Defiance County,vap_asian,sos_18_rep_lar,0.48243088545238366,0.17099661594699883,0.16315944164367632,0.8021341758873751
Defiance County,vap_asian,sos_18_dem_cly,0.5175691145476163,0.17099661594699883,0.1978658241126247,0.8368405583563235
Defiance County,vap_aian,sos_18_rep_lar,0.5020530992411933,0.1824101883287484,0.157105188619073,0.840692802549557
Defiance County,vap_aian,sos_18_dem_cly,0.4979469007588066,0.1824101883287484,0.1593071974504428,0.8428948113809269
Defiance County,vap_oth_b,sos_18_rep_lar,0.4650149616272138,0.16547153450918495,0.15839729705670763,0.7735227989236704
Defiance County,vap_oth_b,sos_18_dem_cly,0.5349850383727862,0.16547153450918495,0.22647720107632963,0.8416027029432923
Defiance County,vap_white,pre_20_rep_tru,0.7393043516474314,0.01320668912649895,0.7117614854537408,0.7622895548374123
Defiance County,vap_white,pre_20_dem_bid,0.26069564835256864,0.01320668912649895,0.23771044516258777,0.28823851454625915
Defiance County,vap_black,pre_20_rep_tru,0.45339516633563526,0.17245925268693485,0.1411502957687899,0.7946569123789144
Defiance County,vap_black,pre_20_dem_bid,0.5466048336643647,0.17245925268693485,0.2053430876210855,0.85884970423121
Defiance County,vap_hisp,pre_20_rep_tru,0.2962771888339955,0.1284903105526649,0.09442385322357733,0.5764604469016096
Defiance County,vap_hisp,pre_20_dem_bid,0.7037228111660045,0.1284903105526649,0.4235395530983903,0.9055761467764228
Defiance County,vap_asian,pre_20_rep_tru,0.4997345424393024,0.16667650323269015,0.17669604339057948,0.8096711862936785
Defiance County,vap_asian,pre_20_dem_bid,0.5002654575606976,0.16667650323269015,0.19032881370632135,0.8233039566094206
Defiance County,vap_aian,pre_20_rep_tru,0.5216591187303948,0.1946471314968243,0.1354432806229196,0.8731465008459729
Defiance County,vap_aian,pre_20_dem_bid,0.47834088126960506,0.1946471314968243,0.12685349915402708,0.8645567193770803
Defiance County,vap_oth_b,pre_20_rep_tru,0.45446595265566353,0.16830737637340284,0.16435165819622502,0.8170400097446364
Defiance County,vap_oth_b,pre_20_dem_bid,0.5455340473443364,0.16830737637340284,0.18295999025536341,0.8356483418037748
Delaware County,vap_white,pre_16_rep_tru,0.6455113493522296,0.00827646796557456,0.6286404733851694,0.661332775523344
Delaware County,vap_white,pre_16_dem_cli,0.3544886506477704,0.00827646796557456,0.338667224476656,0.3713595266148308
Delaware County,vap_black,pre_16_rep_tru,0.17979433720117816,0.05920439647989899,0.08665195657557086,0.32059555787085287
Delaware County,vap_black,pre_16_dem_cli,0.8202056627988218,0.05920439647989899,0.6794044421291471,0.913348043424429
Delaware County,vap_hisp,pre_16_rep_tru,0.33014894228589514,0.13003793267027575,0.11452173026842846,0.5848128484384272
Delaware County,vap_hisp,pre_16_dem_cli,0.6698510577141048,0.13003793267027575,0.4151871515615728,0.8854782697315715
Delaware County,vap_asian,pre_16_rep_tru,0.25412936482424703,0.06168440086140284,0.13897737900766274,0.37670672061376687
Delaware County,vap_asian,pre_16_dem_cli,0.7458706351757529,0.06168440086140284,0.623293279386233,0.8610226209923372
Delaware County,vap_aian,pre_16_rep_tru,0.5029325900199854,0.16159526390871326,0.21474461765221756,0.8035161184484536
Delaware County,vap_aian,pre_16_dem_cli,0.49706740998001464,0.16159526390871326,0.19648388155154628,0.7852553823477824
Delaware County,vap_oth_b,pre_16_rep_tru,0.3698307274872065,0.1395537727082606,0.1365393761731834,0.6742780251885762
Delaware County,vap_oth_b,pre_16_dem_cli,0.6301692725127934,0.1395537727082606,0.32572197481142384,0.8634606238268165
Delaware County,vap_white,uss_16_rep_por,0.7656428649011486,0.00712390736244497,0.7511154318139853,0.7787429282825035
Delaware County,vap_white,uss_16_dem_str,0.23435713509885137,0.00712390736244497,0.22125707171749648,0.24888456818601465
Delaware County,vap_black,uss_16_rep_por,0.17353224457385555,0.06598362855918816,0.07397774978810935,0.3310609594391099
Delaware County,vap_black,uss_16_dem_str,0.8264677554261444,0.06598362855918816,0.6689390405608899,0.9260222502118906
Delaware County,vap_hisp,uss_16_rep_por,0.2300323509381541,0.10043597867990418,0.0926786458975231,0.4652836782265443
Delaware County,vap_hisp,uss_16_dem_str,0.7699676490618459,0.10043597867990418,0.5347163217734556,0.9073213541024768
Delaware County,vap_asian,uss_16_rep_por,0.4992413177766616,0.05989080226015665,0.37722526951924507,0.6222800260616729
Delaware County,vap_asian,uss_16_dem_str,0.5007586822233384,0.05989080226015665,0.3777199739383269,0.6227747304807548
Delaware County,vap_aian,uss_16_rep_por,0.4705749521700033,0.16170330260191398,0.16459352180302136,0.7689511630790192
Delaware County,vap_aian,uss_16_dem_str,0.5294250478299967,0.16170330260191398,0.23104883692098072,0.8354064781969786
Delaware County,vap_oth_b,uss_16_rep_por,0.31233526280432383,0.1365755254970538,0.10476187391023556,0.6551498419133078
Delaware County,vap_oth_b,uss_16_dem_str,0.6876647371956762,0.1365755254970538,0.3448501580866919,0.8952381260897645
Delaware County,vap_white,uss_18_rep_ren,0.5792691350329419,0.00801007311403109,0.5635651693985102,0.5943525012836757
Delaware County,vap_white,uss_18_dem_bro,0.4207308649670582,0.00801007311403109,0.4056474987163245,0.43643483060148985
Delaware County,vap_black,uss_18_rep_ren,0.17914518217238456,0.07634478539997003,0.06907149031834853,0.34683802442934925
Delaware County,vap_black,uss_18_dem_bro,0.8208548178276154,0.07634478539997003,0.6531619755706506,0.9309285096816512
Delaware County,vap_hisp,uss_18_rep_ren,0.3194206784391339,0.13666023238054795,0.11379211778281416,0.6673124468503248
Delaware County,vap_hisp,uss_18_dem_bro,0.6805793215608661,0.13666023238054795,0.33268755314967496,0.8862078822171857
Delaware County,vap_asian,uss_18_rep_ren,0.19506938137360183,0.05996472681645453,0.08941716057446851,0.3230401169328767
Delaware County,vap_asian,uss_18_dem_bro,0.804930618626398,0.05996472681645453,0.6769598830671232,0.9105828394255316
Delaware County,vap_aian,uss_18_rep_ren,0.5043489572612625,0.16313825363987644,0.21551615380575345,0.8241205635404947
Delaware County,vap_aian,uss_18_dem_bro,0.4956510427387374,0.16313825363987644,0.17587943645950524,0.7844838461942465
Delaware County,vap_oth_b,uss_18_rep_ren,0.36813328404063295,0.11264760927888386,0.16224982117134668,0.5992294056528423
Delaware County,vap_oth_b,uss_18_dem_bro,0.631866715959367,0.11264760927888386,0.4007705943471575,0.8377501788286533
Delaware County,vap_white,gov_18_rep_dew,0.6415238767955739,0.00891518640609573,0.6232685562867722,0.6577331836639886
Delaware County,vap_white,gov_18_dem_cor,0.3584761232044261,0.00891518640609573,0.3422668163360113,0.3767314437132277
Delaware County,vap_black,gov_18_rep_dew,0.16418387795568912,0.06181277791524287,0.07332932414952803,0.3199183012548356
Delaware County,vap_black,gov_18_dem_cor,0.8358161220443108,0.06181277791524287,0.6800816987451642,0.926670675850472
Delaware County,vap_hisp,gov_18_rep_dew,0.2501018609739175,0.12723182088480345,0.08057777187217982,0.57311977990901
Delaware County,vap_hisp,gov_18_dem_cor,0.7498981390260825,0.12723182088480345,0.42688022009099,0.9194222281278202
Delaware County,vap_asian,gov_18_rep_dew,0.2075111957509916,0.05565702143910929,0.10574977920628932,0.32410998630012683
Delaware County,vap_asian,gov_18_dem_cor,0.7924888042490084,0.05565702143910929,0.6758900136998732,0.8942502207937105
Delaware County,vap_aian,gov_18_rep_dew,0.5115132857397203,0.17098120433446107,0.1981451493897133,0.8212577054185982
Delaware County,vap_aian,gov_18_dem_cor,0.4884867142602795,0.17098120433446107,0.17874229458140167,0.8018548506102866
Delaware County,vap_oth_b,gov_18_rep_dew,0.3224238000546494,0.13490859613015696,0.10872338417519868,0.6346930234054704
Delaware County,vap_oth_b,gov_18_dem_cor,0.6775761999453507,0.13490859613015696,0.3653069765945296,0.8912766158248013
Delaware County,vap_white,atg_18_rep_yos,0.6771846014767697,0.00783331821738441,0.6610092514384543,0.6913638137655974
Delaware County,vap_white,atg_18_dem_det,0.3228153985232302,0.00783331821738441,0.30863618623440253,0.33899074856154576
Delaware County,vap_black,atg_18_rep_yos,0.17241336969509474,0.07663413926818959,0.0695999728648,0.3690922144693736
Delaware County,vap_black,atg_18_dem_det,0.8275866303049052,0.07663413926818959,0.6309077855306262,0.9304000271352
Delaware County,vap_hisp,atg_18_rep_yos,0.30784985091428224,0.11663140404043176,0.1231495766808617,0.5613968610583647
Delaware County,vap_hisp,atg_18_dem_det,0.6921501490857177,0.11663140404043176,0.4386031389416353,0.8768504233191383
Delaware County,vap_asian,atg_18_rep_yos,0.2057170004296477,0.05413367785516639,0.11258819207505984,0.31851905215621346
Delaware County,vap_asian,atg_18_dem_det,0.7942829995703522,0.05413367785516639,0.6814809478437864,0.88741180792494
Delaware County,vap_aian,atg_18_rep_yos,0.4779840568997442,0.1611155441117644,0.1994608415398278,0.793544934300746
Delaware County,vap_aian,atg_18_dem_det,0.5220159431002557,0.1611155441117644,0.2064550656992539,0.8005391584601721
Delaware County,vap_oth_b,atg_18_rep_yos,0.34100613096998394,0.10945597558387048,0.15755067513723334,0.556435672834612
Delaware County,vap_oth_b,atg_18_dem_det,0.6589938690300161,0.10945597558387048,0.4435643271653879,0.8424493248627666
Delaware County,vap_white,sos_18_rep_lar,0.6481616727812017,0.00858684084526066,0.6299162953859204,0.6631147668790262
Delaware County,vap_white,sos_18_dem_cly,0.3518383272187983,0.00858684084526066,0.33688523312097374,0.3700837046140797
Delaware County,vap_black,sos_18_rep_lar,0.1709216284975019,0.06639112444667242,0.07404652684912436,0.3145880733793066
Delaware County,vap_black,sos_18_dem_cly,0.8290783715024981,0.06639112444667242,0.6854119266206933,0.9259534731508756
Delaware County,vap_hisp,sos_18_rep_lar,0.26933336962113213,0.09761618386734644,0.11910124137097387,0.4851901391726838
Delaware County,vap_hisp,sos_18_dem_cly,0.7306666303788678,0.09761618386734644,0.5148098608273161,0.880898758629026
Delaware County,vap_asian,sos_18_rep_lar,0.21978261841705227,0.06131380453879014,0.12079788353498858,0.36024959950761476
Delaware County,vap_asian,sos_18_dem_cly,0.7802173815829477,0.06131380453879014,0.6397504004923852,0.8792021164650113
Delaware County,vap_aian,sos_18_rep_lar,0.4770703777803711,0.1675866034782097,0.1821955466013188,0.7958020029420463
Delaware County,vap_aian,sos_18_dem_cly,0.5229296222196289,0.1675866034782097,0.2041979970579536,0.8178044533986811
Delaware County,vap_oth_b,sos_18_rep_lar,0.28403782631180907,0.15151701538863563,0.08425269249000357,0.6500077153688898
Delaware County,vap_oth_b,sos_18_dem_cly,0.7159621736881909,0.15151701538863563,0.34999228463111026,0.9157473075099964
Delaware County,vap_white,pre_20_rep_tru,0.5940259823013821,0.00824376664790231,0.5779632849997114,0.6091367692252888
Delaware County,vap_white,pre_20_dem_bid,0.4059740176986178,0.00824376664790231,0.3908632307747111,0.4220367150002887
Delaware County,vap_black,pre_20_rep_tru,0.17403122967292783,0.06779328382516242,0.07516794226945342,0.33304731028131557
Delaware County,vap_black,pre_20_dem_bid,0.825968770327072,0.0677932838251624,0.6669526897186843,0.9248320577305464
Delaware County,vap_hisp,pre_20_rep_tru,0.40525147612613394,0.12905632513828927,0.17332040534453932,0.6744933575029523
Delaware County,vap_hisp,pre_20_dem_bid,0.594748523873866,0.12905632513828927,0.32550664249704764,0.8266795946554606
Delaware County,vap_asian,pre_20_rep_tru,0.15026819312365702,0.04436694376205949,0.0817865647717573,0.258113554176864
Delaware County,vap_asian,pre_20_dem_bid,0.8497318068763429,0.04436694376205948,0.7418864458231359,0.9182134352282424
Delaware County,vap_aian,pre_20_rep_tru,0.4874127877157636,0.1562153617690463,0.19316678447422883,0.785750007342038
Delaware County,vap_aian,pre_20_dem_bid,0.5125872122842363,0.1562153617690463,0.21424999265796163,0.8068332155257709
Delaware County,vap_oth_b,pre_20_rep_tru,0.3900573865339887,0.1465622774693281,0.14255975583189598,0.693201088631325
Delaware County,vap_oth_b,pre_20_dem_bid,0.6099426134660113,0.1465622774693281,0.30679891136867493,0.8574402441681042
Erie County,vap_white,pre_16_rep_tru,0.603514182465245,0.00969893822791385,0.5824249484744116,0.6202342254803808
Erie County,vap_white,pre_16_dem_cli,0.3964858175347549,0.00969893822791386,0.3797657745196192,0.4175750515255882
Erie County,vap_black,pre_16_rep_tru,0.09565441323991504,0.04024324561133174,0.03410534405184414,0.19123582689936783
Erie County,vap_black,pre_16_dem_cli,0.9043455867600848,0.04024324561133174,0.8087641731006321,0.9658946559481558
Erie County,vap_hisp,pre_16_rep_tru,0.34626328829661124,0.16639597985179783,0.0800928111075238,0.7016027572581041
Erie County,vap_hisp,pre_16_dem_cli,0.6537367117033889,0.16639597985179783,0.29839724274189594,0.9199071888924762
Erie County,vap_asian,pre_16_rep_tru,0.4867813610143342,0.16724633984618617,0.19193048678842561,0.8170202550007776
Erie County,vap_asian,pre_16_dem_cli,0.5132186389856658,0.16724633984618617,0.18297974499922248,0.8080695132115745
Erie County,vap_aian,pre_16_rep_tru,0.44545075433160375,0.1709288741313234,0.10786454005768922,0.751918706535669
Erie County,vap_aian,pre_16_dem_cli,0.5545492456683963,0.1709288741313234,0.24808129346433097,0.8921354599423107
Erie County,vap_oth_b,pre_16_rep_tru,0.35721874953664984,0.13713153440605477,0.13790253071652442,0.6730138642148268
Erie County,vap_oth_b,pre_16_dem_cli,0.6427812504633501,0.13713153440605477,0.326986135785173,0.8620974692834754
Erie County,vap_white,uss_16_rep_por,0.6707896246315803,0.00925865985678608,0.6513554851331189,0.6869688995632247
Erie County,vap_white,uss_16_dem_str,0.32921037536841963,0.00925865985678608,0.3130311004367753,0.3486445148668811
Erie County,vap_black,uss_16_rep_por,0.0720663383005952,0.03487663136166327,0.02316328260351675,0.15749030320473845
Erie County,vap_black,uss_16_dem_str,0.9279336616994048,0.03487663136166328,0.8425096967952614,0.9768367173964831
Erie County,vap_hisp,uss_16_rep_por,0.3678392672348591,0.15089881168296196,0.1298321367218373,0.7196960141372715
Erie County,vap_hisp,uss_16_dem_str,0.632160732765141,0.15089881168296196,0.2803039858627286,0.8701678632781628
Erie County,vap_asian,uss_16_rep_por,0.5216929736170967,0.16094199755383792,0.2072192443123365,0.8154737154431339
Erie County,vap_asian,uss_16_dem_str,0.4783070263829034,0.16094199755383792,0.18452628455686612,0.7927807556876634
Erie County,vap_aian,uss_16_rep_por,0.495518360447053,0.16552180115690393,0.1875788407628302,0.8037359361908125
Erie County,vap_aian,uss_16_dem_str,0.504481639552947,0.16552180115690393,0.19626406380918732,0.8124211592371695
Erie County,vap_oth_b,uss_16_rep_por,0.3412322515193161,0.13408699592745976,0.1254758703454138,0.6332721463416983
Erie County,vap_oth_b,uss_16_dem_str,0.6587677484806839,0.13408699592745976,0.3667278536583014,0.8745241296545859
Erie County,vap_white,uss_18_rep_ren,0.4784324849045936,0.01001106987474967,0.4569933949720711,0.4962349113443169
Erie County,vap_white,uss_18_dem_bro,0.5215675150954064,0.01001106987474967,0.5037650886556831,0.543006605027929
Erie County,vap_black,uss_18_rep_ren,0.10010777931642156,0.04387116880731814,0.03721316385755952,0.20958025704842287
Erie County,vap_black,uss_18_dem_bro,0.8998922206835783,0.04387116880731814,0.7904197429515771,0.9627868361424404
Erie County,vap_hisp,uss_18_rep_ren,0.37084022344013184,0.16462975573660216,0.09158303756686412,0.712918796637171
Erie County,vap_hisp,uss_18_dem_bro,0.6291597765598682,0.16462975573660216,0.28708120336282894,0.908416962433136
Erie County,vap_asian,uss_18_rep_ren,0.5324867390437112,0.15943009374699993,0.21089817325034776,0.8114200409249215
Erie County,vap_asian,uss_18_dem_bro,0.46751326095628887,0.15943009374699993,0.1885799590750784,0.7891018267496523
Erie County,vap_aian,uss_18_rep_ren,0.4652014915274948,0.18222434990506248,0.11885931909867044,0.7833071970574168
Erie County,vap_aian,uss_18_dem_bro,0.5347985084725052,0.18222434990506248,0.21669280294258317,0.8811406809013295
Erie County,vap_oth_b,uss_18_rep_ren,0.3836240673673527,0.14887260741709055,0.13601449865630105,0.7046468236651764
Erie County,vap_oth_b,uss_18_dem_bro,0.6163759326326471,0.14887260741709055,0.29535317633482355,0.8639855013436989
Erie County,vap_white,gov_18_rep_dew,0.5382990993983512,0.00978684917171629,0.5171572346289796,0.5551278807485476
Erie County,vap_white,gov_18_dem_cor,0.4617009006016488,0.00978684917171629,0.4448721192514524,0.4828427653710204
Erie County,vap_black,gov_18_rep_dew,0.09685904579500004,0.03924918001703815,0.03635329833532345,0.1903540920421768
Erie County,vap_black,gov_18_dem_cor,0.9031409542049998,0.03924918001703815,0.809645907957823,0.9636467016646764
Erie County,vap_hisp,gov_18_rep_dew,0.38291567615931865,0.15904196797762304,0.13547393145108677,0.7204832722468448
Erie County,vap_hisp,gov_18_dem_cor,0.6170843238406813,0.15904196797762304,0.279516727753155,0.8645260685489131
Erie County,vap_asian,gov_18_rep_dew,0.5019398852958691,0.1673238141122683,0.18768572584141563,0.8231060353864607
Erie County,vap_asian,gov_18_dem_cor,0.4980601147041309,0.1673238141122683,0.1768939646135393,0.8123142741585844
Erie County,vap_aian,gov_18_rep_dew,0.4894311547337034,0.17484233152194675,0.16932743611030415,0.8178589313564569
Erie County,vap_aian,gov_18_dem_cor,0.5105688452662965,0.17484233152194675,0.182141068643543,0.8306725638896958
Erie County,vap_oth_b,gov_18_rep_dew,0.35802772423327583,0.14600005044222816,0.13651486722501166,0.6733510000510277
Erie County,vap_oth_b,gov_18_dem_cor,0.6419722757667241,0.14600005044222816,0.32664899994897223,0.8634851327749882
Erie County,vap_white,atg_18_rep_yos,0.5533904306141385,0.00920862284063648,0.53526890680475,0.5705407169789147
Erie County,vap_white,atg_18_dem_det,0.4466095693858615,0.00920862284063648,0.4294592830210853,0.46473109319525
Erie County,vap_black,atg_18_rep_yos,0.09276222470223236,0.03769350917086791,0.03553115429818553,0.1815990571293395
Erie County,vap_black,atg_18_dem_det,0.9072377752977676,0.03769350917086791,0.8184009428706603,0.9644688457018143
Erie County,vap_hisp,atg_18_rep_yos,0.4127750557322507,0.15511598830795387,0.15186941313185898,0.7743030133572794
Erie County,vap_hisp,atg_18_dem_det,0.5872249442677493,0.15511598830795387,0.22569698664272048,0.8481305868681409
Erie County,vap_asian,atg_18_rep_yos,0.502581042069376,0.1627739299040521,0.1973497085788067,0.8006941317447442
Erie County,vap_asian,atg_18_dem_det,0.497418957930624,0.1627739299040521,0.1993058682552556,0.8026502914211933
Erie County,vap_aian,atg_18_rep_yos,0.5067920773424447,0.1586663344891525,0.1994352320415192,0.8010260114991147
Erie County,vap_aian,atg_18_dem_det,0.49320792265755525,0.1586663344891525,0.1989739885008853,0.8005647679584807
Erie County,vap_oth_b,atg_18_rep_yos,0.3714983333833667,0.1528280280516127,0.11529291198282804,0.6759872585851594
Erie County,vap_oth_b,atg_18_dem_det,0.6285016666166332,0.1528280280516127,0.3240127414148403,0.8847070880171718
Erie County,vap_white,sos_18_rep_lar,0.5553775842516633,0.00890032073707791,0.5364796791120942,0.5713729990786874
Erie County,vap_white,sos_18_dem_cly,0.44462241574833666,0.00890032073707791,0.42862700092131256,0.4635203208879057
Erie County,vap_black,sos_18_rep_lar,0.10063639080753424,0.04463671032639425,0.03469719423593022,0.20931338220292053
Erie County,vap_black,sos_18_dem_cly,0.8993636091924656,0.04463671032639425,0.7906866177970794,0.9653028057640696
Erie County,vap_hisp,sos_18_rep_lar,0.3874830027094381,0.14689168628379415,0.12254337377661816,0.6938193947012674
Erie County,vap_hisp,sos_18_dem_cly,0.612516997290562,0.14689168628379415,0.3061806052987326,0.8774566262233816
Erie County,vap_asian,sos_18_rep_lar,0.5169047742693368,0.1670433159120172,0.18839817208214787,0.8102231428444938
Erie County,vap_asian,sos_18_dem_cly,0.4830952257306632,0.1670433159120172,0.18977685715550624,0.8116018279178521
Erie County,vap_aian,sos_18_rep_lar,0.47962071684036994,0.15611892154030935,0.18127732809732036,0.7691038978426716
Erie County,vap_aian,sos_18_dem_cly,0.52037928315963,0.15611892154030935,0.23089610215732817,0.8187226719026796
Erie County,vap_oth_b,sos_18_rep_lar,0.3618104213272142,0.14313997760588246,0.13021005882736275,0.6609989907093528
Erie County,vap_oth_b,sos_18_dem_cly,0.6381895786727857,0.14313997760588246,0.33900100929064725,0.8697899411726371
Erie County,vap_white,pre_20_rep_tru,0.6062856088581214,0.00927774007291054,0.5871749380686909,0.6230884967942879
Erie County,vap_white,pre_20_dem_bid,0.39371439114187856,0.00927774007291054,0.3769115032057122,0.41282506193130897
Erie County,vap_black,pre_20_rep_tru,0.10558778080514838,0.04693116199585747,0.03831490536382838,0.22469107185657308
Erie County,vap_black,pre_20_dem_bid,0.8944122191948515,0.04693116199585747,0.7753089281434268,0.9616850946361716
Erie County,vap_hisp,pre_20_rep_tru,0.36403577927310166,0.146473062635817,0.1340696244532129,0.7036185324586616
Erie County,vap_hisp,pre_20_dem_bid,0.6359642207268984,0.146473062635817,0.2963814675413383,0.8659303755467872
Erie County,vap_asian,pre_20_rep_tru,0.5086700225095974,0.15803490268735537,0.1842725024703909,0.7832807466767556
Erie County,vap_asian,pre_20_dem_bid,0.49132997749040264,0.15803490268735537,0.21671925332324435,0.8157274975296092
Erie County,vap_aian,pre_20_rep_tru,0.5076909953543476,0.18083377348836252,0.17619938312717234,0.8587956574556888
Erie County,vap_aian,pre_20_dem_bid,0.4923090046456524,0.18083377348836252,0.14120434254431097,0.8238006168728276
Erie County,vap_oth_b,pre_20_rep_tru,0.3944080043427617,0.1459307397473173,0.15075938290610413,0.6970419416314539
Erie County,vap_oth_b,pre_20_dem_bid,0.6055919956572382,0.1459307397473173,0.30295805836854584,0.8492406170938958
Fairfield County,vap_white,pre_16_rep_tru,0.7103711166178055,0.00653400677478194,0.6975694152450738,0.7224575682269911
Fairfield County,vap_white,pre_16_dem_cli,0.2896288833821945,0.00653400677478194,0.27754243177300897,0.3024305847549263
Fairfield County,vap_black,pre_16_rep_tru,0.09684967822405284,0.02711394221337719,0.05102797572935692,0.1566460077204899
Fairfield County,vap_black,pre_16_dem_cli,0.9031503217759472,0.02711394221337719,0.8433539922795101,0.9489720242706432
Fairfield County,vap_hisp,pre_16_rep_tru,0.2575175756160598,0.107437672856674,0.09742885817314446,0.5039510903723269
Fairfield County,vap_hisp,pre_16_dem_cli,0.7424824243839402,0.107437672856674,0.4960489096276732,0.9025711418268556
Fairfield County,vap_asian,pre_16_rep_tru,0.2135292290620725,0.08555547152818854,0.07980008386616329,0.4046568394324561
Fairfield County,vap_asian,pre_16_dem_cli,0.7864707709379275,0.08555547152818854,0.5953431605675438,0.9201999161338368
Fairfield County,vap_aian,pre_16_rep_tru,0.511613324055519,0.17306288073199283,0.1708324324069512,0.8194748602812566
Fairfield County,vap_aian,pre_16_dem_cli,0.488386675944481,0.17306288073199283,0.18052513971874343,0.8291675675930487
Fairfield County,vap_oth_b,pre_16_rep_tru,0.35542602034758813,0.11822944144269754,0.139946399799761,0.5829747661915312
Fairfield County,vap_oth_b,pre_16_dem_cli,0.6445739796524118,0.11822944144269754,0.4170252338084686,0.8600536002002389
Fairfield County,vap_white,uss_16_rep_por,0.7619116324950077,0.00829104723090829,0.7445670862708621,0.7759817747430986
Fairfield County,vap_white,uss_16_dem_str,0.2380883675049923,0.00829104723090829,0.2240182252569013,0.2554329137291378
Fairfield County,vap_black,uss_16_rep_por,0.1610170470645924,0.04399932880429746,0.08742985165245601,0.25853789077838507
Fairfield County,vap_black,uss_16_dem_str,0.8389829529354077,0.04399932880429746,0.7414621092216149,0.912570148347544
Fairfield County,vap_hisp,uss_16_rep_por,0.3356843656111816,0.13057828638930452,0.123309093480254,0.6226525139184773
Fairfield County,vap_hisp,uss_16_dem_str,0.6643156343888185,0.13057828638930452,0.3773474860815226,0.8766909065197459
Fairfield County,vap_asian,uss_16_rep_por,0.32163474576489026,0.11707466712089372,0.11626544401181456,0.5626495926597967
Fairfield County,vap_asian,uss_16_dem_str,0.6783652542351097,0.11707466712089372,0.43735040734020314,0.8837345559881854
Fairfield County,vap_aian,uss_16_rep_por,0.4784122483406797,0.17727965803636658,0.13959340047481783,0.8017362889504962
Fairfield County,vap_aian,uss_16_dem_str,0.5215877516593203,0.17727965803636658,0.19826371104950377,0.860406599525182
Fairfield County,vap_oth_b,uss_16_rep_por,0.3743966650969881,0.15380741242127471,0.14288067262052176,0.70653495172111
Fairfield County,vap_oth_b,uss_16_dem_str,0.6256033349030119,0.15380741242127471,0.2934650482788899,0.8571193273794782
Fairfield County,vap_white,uss_18_rep_ren,0.6068953199075354,0.00713968043119388,0.592799564251455,0.6195537954979632
Fairfield County,vap_white,uss_18_dem_bro,0.3931046800924646,0.00713968043119388,0.3804462045020368,0.407200435748545
Fairfield County,vap_black,uss_18_rep_ren,0.07537979806533548,0.02739042929987856,0.03371497616792577,0.13882326456910998
Fairfield County,vap_black,uss_18_dem_bro,0.9246202019346644,0.02739042929987856,0.8611767354308901,0.9662850238320742
Fairfield County,vap_hisp,uss_18_rep_ren,0.29600918451567665,0.1104888273738512,0.12550885557796126,0.5505990528758038
Fairfield County,vap_hisp,uss_18_dem_bro,0.7039908154843234,0.1104888273738512,0.44940094712419615,0.8744911444220387
Fairfield County,vap_asian,uss_18_rep_ren,0.19050236226557676,0.07089463659581284,0.07985830255089446,0.34867956571070735
Fairfield County,vap_asian,uss_18_dem_bro,0.8094976377344232,0.07089463659581284,0.6513204342892925,0.9201416974491056
Fairfield County,vap_aian,uss_18_rep_ren,0.4742727000191559,0.1595226032585844,0.1670196897961853,0.7815824072933542
Fairfield County,vap_aian,uss_18_dem_bro,0.5257272999808441,0.1595226032585844,0.2184175927066458,0.8329803102038146
Fairfield County,vap_oth_b,uss_18_rep_ren,0.3466150652390838,0.14078231136142236,0.12689001460606414,0.6449270733278073
Fairfield County,vap_oth_b,uss_18_dem_bro,0.6533849347609161,0.14078231136142236,0.35507292667219265,0.8731099853939357
Fairfield County,vap_white,gov_18_rep_dew,0.6769406118418816,0.00737013834996715,0.6616946304604475,0.6903936668546587
Fairfield County,vap_white,gov_18_dem_cor,0.3230593881581184,0.00737013834996714,0.3096063331453413,0.3383053695395524
Fairfield County,vap_black,gov_18_rep_dew,0.08658071264371327,0.02614863237387612,0.04444338114795758,0.1465519695820836
Fairfield County,vap_black,gov_18_dem_cor,0.9134192873562867,0.02614863237387612,0.8534480304179164,0.9555566188520426
Fairfield County,vap_hisp,gov_18_rep_dew,0.2557178472110383,0.09905150629586676,0.10414678357617416,0.5042727098229086
Fairfield County,vap_hisp,gov_18_dem_cor,0.7442821527889617,0.09905150629586676,0.4957272901770913,0.8958532164238258
Fairfield County,vap_asian,gov_18_rep_dew,0.1603639038579288,0.07001202334249902,0.06196302432286938,0.34084206677143875
Fairfield County,vap_asian,gov_18_dem_cor,0.8396360961420711,0.07001202334249902,0.6591579332285612,0.9380369756771304
Fairfield County,vap_aian,gov_18_rep_dew,0.4890208546547171,0.16233052725251726,0.1892389509849068,0.784677661710697
Fairfield County,vap_aian,gov_18_dem_cor,0.5109791453452829,0.16233052725251726,0.21532233828930283,0.810761049015093
Fairfield County,vap_oth_b,gov_18_rep_dew,0.3354334414222315,0.13716429380509235,0.1124053737632212,0.6176741869570757
Fairfield County,vap_oth_b,gov_18_dem_cor,0.6645665585777685,0.13716429380509235,0.3823258130429242,0.8875946262367786
Fairfield County,vap_white,atg_18_rep_yos,0.6939511784424229,0.00746708162995023,0.6780650221275624,0.7066865764230841
Fairfield County,vap_white,atg_18_dem_det,0.306048821557577,0.00746708162995023,0.29331342357691587,0.3219349778724375
Fairfield County,vap_black,atg_18_rep_yos,0.0960410560449109,0.03529782794081849,0.04167477939741994,0.17741130703435082
Fairfield County,vap_black,atg_18_dem_det,0.9039589439550892,0.03529782794081849,0.8225886929656493,0.95832522060258
Fairfield County,vap_hisp,atg_18_rep_yos,0.28921262439804885,0.11076271247462278,0.1156132597268229,0.5382142524005354
Fairfield County,vap_hisp,atg_18_dem_det,0.7107873756019512,0.11076271247462278,0.4617857475994645,0.884386740273177
Fairfield County,vap_asian,atg_18_rep_yos,0.201291768727612,0.08225888625701122,0.07531862100925746,0.3889236185318682
Fairfield County,vap_asian,atg_18_dem_det,0.798708231272388,0.08225888625701122,0.6110763814681317,0.9246813789907424
Fairfield County,vap_aian,atg_18_rep_yos,0.4768411076097034,0.15991426348386123,0.16732120157321503,0.7679405083599673
Fairfield County,vap_aian,atg_18_dem_det,0.5231588923902966,0.15991426348386123,0.23205949164003248,0.8326787984267848
Fairfield County,vap_oth_b,atg_18_rep_yos,0.3275920457551803,0.1419609793792137,0.12206483232075614,0.6741904485319332
Fairfield County,vap_oth_b,atg_18_dem_det,0.6724079542448196,0.1419609793792137,0.3258095514680666,0.8779351676792437
Fairfield County,vap_white,sos_18_rep_lar,0.6794205606311844,0.00660910892606852,0.6654968230484978,0.6913735731360688
Fairfield County,vap_white,sos_18_dem_cly,0.3205794393688156,0.00660910892606852,0.3086264268639311,0.3345031769515023
Fairfield County,vap_black,sos_18_rep_lar,0.07515870303441244,0.02610425155435366,0.03459451864514826,0.1370213298988311
Fairfield County,vap_black,sos_18_dem_cly,0.9248412969655876,0.02610425155435366,0.862978670101169,0.9654054813548518
Fairfield County,vap_hisp,sos_18_rep_lar,0.27724256212547976,0.1064525720811918,0.09414727438954086,0.5068974121093562
Fairfield County,vap_hisp,sos_18_dem_cly,0.7227574378745203,0.1064525720811918,0.4931025878906437,0.9058527256104592
Fairfield County,vap_asian,sos_18_rep_lar,0.19233130055310416,0.09600849565281663,0.0583467126690199,0.4334224154040104
Fairfield County,vap_asian,sos_18_dem_cly,0.8076686994468958,0.09600849565281663,0.5665775845959896,0.94165328733098
Fairfield County,vap_aian,sos_18_rep_lar,0.471932632466489,0.17953838368355532,0.12831171352292925,0.7881075951275806
Fairfield County,vap_aian,sos_18_dem_cly,0.5280673675335109,0.17953838368355532,0.21189240487241928,0.8716882864770706
Fairfield County,vap_oth_b,sos_18_rep_lar,0.32253538498191237,0.13488019926054096,0.11637554817621264,0.6248471739789757
Fairfield County,vap_oth_b,sos_18_dem_cly,0.6774646150180875,0.13488019926054096,0.3751528260210241,0.8836244518237873
Fairfield County,vap_white,pre_20_rep_tru,0.6932347939540777,0.00647641916487359,0.6799703998103583,0.7053055062868382
Fairfield County,vap_white,pre_20_dem_bid,0.3067652060459223,0.00647641916487359,0.29469449371316175,0.32002960018964177
Fairfield County,vap_black,pre_20_rep_tru,0.08472861936507085,0.02372578703151491,0.04467495850329377,0.13697603100035155
Fairfield County,vap_black,pre_20_dem_bid,0.9152713806349292,0.02372578703151491,0.8630239689996486,0.9553250414967062
Fairfield County,vap_hisp,pre_20_rep_tru,0.22745712864412423,0.101830897588893,0.07736425710352048,0.4631549198142141
Fairfield County,vap_hisp,pre_20_dem_bid,0.7725428713558757,0.101830897588893,0.5368450801857858,0.9226357428964794
Fairfield County,vap_asian,pre_20_rep_tru,0.16523264727695858,0.06849397437042057,0.06747132167665164,0.32650531924190324
Fairfield County,vap_asian,pre_20_dem_bid,0.8347673527230414,0.06849397437042057,0.6734946807580967,0.9325286783233484
Fairfield County,vap_aian,pre_20_rep_tru,0.4983712388127998,0.16921293104767465,0.176845681276928,0.8026161702675075
Fairfield County,vap_aian,pre_20_dem_bid,0.5016287611872001,0.16921293104767465,0.1973838297324923,0.8231543187230719
Fairfield County,vap_oth_b,pre_20_rep_tru,0.31278763612646526,0.1192201759281551,0.11613714437784758,0.5821738601831962
Fairfield County,vap_oth_b,pre_20_dem_bid,0.6872123638735347,0.1192201759281551,0.4178261398168037,0.8838628556221524
Fayette County,vap_white,pre_16_rep_tru,0.7592806136994592,0.0093066675277113,0.740703976608409,0.7774916516365139
Fayette County,vap_white,pre_16_dem_cli,0.2407193863005407,0.0093066675277113,0.22250834836348607,0.2592960233915909
Fayette County,vap_black,pre_16_rep_tru,0.4654179643236419,0.17024919974000033,0.15211886906449587,0.7944887831975062
Fayette County,vap_black,pre_16_dem_cli,0.534582035676358,0.17024919974000033,0.20551121680249376,0.847881130935504
Fayette County,vap_hisp,pre_16_rep_tru,0.4618753611476742,0.16635554126162294,0.15969853109273183,0.7750352217193713
Fayette County,vap_hisp,pre_16_dem_cli,0.5381246388523258,0.16635554126162294,0.2249647782806285,0.8403014689072681
Fayette County,vap_asian,pre_16_rep_tru,0.4905540624490552,0.1764459341188988,0.15699252384192144,0.8191913762281616
Fayette County,vap_asian,pre_16_dem_cli,0.5094459375509447,0.1764459341188988,0.18080862377183832,0.8430074761580785
Fayette County,vap_aian,pre_16_rep_tru,0.4979338660276579,0.1791777437229928,0.16431658619802852,0.845198028840255
Fayette County,vap_aian,pre_16_dem_cli,0.502066133972342,0.1791777437229928,0.15480197115974498,0.8356834138019714
Fayette County,vap_oth_b,pre_16_rep_tru,0.4446169244439193,0.16646766981564584,0.14859151980346666,0.7710132056472994
Fayette County,vap_oth_b,pre_16_dem_cli,0.5553830755560807,0.1664676698156458,0.22898679435270056,0.8514084801965333
Fayette County,vap_white,uss_16_rep_por,0.782875316219316,0.00954130363279968,0.7639701673188594,0.8012993059352488
Fayette County,vap_white,uss_16_dem_str,0.21712468378068395,0.00954130363279968,0.1987006940647512,0.23602983268114064
Fayette County,vap_black,uss_16_rep_por,0.515381146615156,0.23294907184471048,0.1413616718338606,0.9530345055891962
Fayette County,vap_black,uss_16_dem_str,0.484618853384844,0.23294907184471048,0.04696549441080382,0.8586383281661395
Fayette County,vap_hisp,uss_16_rep_por,0.4623293750231761,0.16725515297593593,0.16081886871567108,0.7903085593162892
Fayette County,vap_hisp,uss_16_dem_str,0.5376706249768238,0.16725515297593593,0.2096914406837107,0.8391811312843288
Fayette County,vap_asian,uss_16_rep_por,0.4816192839995704,0.17186341616839565,0.1515285714979895,0.8075436174937062
Fayette County,vap_asian,uss_16_dem_str,0.5183807160004295,0.17186341616839565,0.19245638250629377,0.8484714285020105
Fayette County,vap_aian,uss_16_rep_por,0.5183001475661815,0.18348854130817532,0.16560841935979503,0.8682544164434701
Fayette County,vap_aian,uss_16_dem_str,0.4816998524338184,0.18348854130817532,0.1317455835565297,0.8343915806402049
Fayette County,vap_oth_b,uss_16_rep_por,0.4656953791481851,0.1810275863655706,0.12230017911962902,0.8158890197393098
Fayette County,vap_oth_b,uss_16_dem_str,0.5343046208518148,0.1810275863655706,0.18411098026069017,0.8776998208803709
Fayette County,vap_white,uss_18_rep_ren,0.6570709773415466,0.00990071990247669,0.6378513637503651,0.6766977771378826
Fayette County,vap_white,uss_18_dem_bro,0.3429290226584534,0.00990071990247669,0.3233022228621173,0.3621486362496349
Fayette County,vap_black,uss_18_rep_ren,0.5070039783481083,0.1977325742710705,0.15153804273866858,0.8909119121019129
Fayette County,vap_black,uss_18_dem_bro,0.49299602165189166,0.1977325742710705,0.1090880878980871,0.8484619572613313
Fayette County,vap_hisp,uss_18_rep_ren,0.48543130564087666,0.16860635705532098,0.169684334288117,0.8025631276066345
Fayette County,vap_hisp,uss_18_dem_bro,0.5145686943591233,0.16860635705532098,0.19743687239336544,0.8303156657118829
Fayette County,vap_asian,uss_18_rep_ren,0.4968469173802086,0.17543029896014029,0.16505215478569493,0.8167067185110638
Fayette County,vap_asian,uss_18_dem_bro,0.5031530826197913,0.17543029896014029,0.18329328148893617,0.8349478452143049
Fayette County,vap_aian,uss_18_rep_ren,0.505086935771505,0.17381320443864945,0.17467598090853373,0.8359263073213415
Fayette County,vap_aian,uss_18_dem_bro,0.494913064228495,0.17381320443864945,0.16407369267865826,0.8253240190914661
Fayette County,vap_oth_b,uss_18_rep_ren,0.4727164488074768,0.16545300669572416,0.17006613696447268,0.782337872560169
Fayette County,vap_oth_b,uss_18_dem_bro,0.5272835511925231,0.16545300669572416,0.21766212743983085,0.8299338630355273
Fayette County,vap_white,gov_18_rep_dew,0.7213081675655126,0.00957206424790866,0.7030336403970465,0.7399136842156997
Fayette County,vap_white,gov_18_dem_cor,0.27869183243448725,0.00957206424790866,0.26008631578430014,0.2969663596029535
Fayette County,vap_black,gov_18_rep_dew,0.47204617823978934,0.1657604623549041,0.18344931938118456,0.8103760454829916
Fayette County,vap_black,gov_18_dem_cor,0.5279538217602107,0.1657604623549041,0.1896239545170083,0.8165506806188154
Fayette County,vap_hisp,gov_18_rep_dew,0.4725932854470566,0.1726065201856326,0.14942452047789934,0.7951712495462572
Fayette County,vap_hisp,gov_18_dem_cor,0.5274067145529434,0.1726065201856326,0.20482875045374263,0.8505754795221007
Fayette County,vap_asian,gov_18_rep_dew,0.49500266444597185,0.1729692097467573,0.17890749954313334,0.8225762574046601
Fayette County,vap_asian,gov_18_dem_cor,0.504997335554028,0.1729692097467573,0.17742374259533963,0.8210925004568665
Fayette County,vap_aian,gov_18_rep_dew,0.4748221212910956,0.1722148026171555,0.15813053563587284,0.8049216993046233
Fayette County,vap_aian,gov_18_dem_cor,0.5251778787089043,0.1722148026171555,0.19507830069537663,0.841869464364127
Fayette County,vap_oth_b,gov_18_rep_dew,0.46933256148575514,0.1706699540047681,0.15718368310541284,0.7910077302078804
Fayette County,vap_oth_b,gov_18_dem_cor,0.5306674385142448,0.1706699540047681,0.2089922697921195,0.8428163168945871
Fayette County,vap_white,atg_18_rep_yos,0.7441196537896992,0.00989794256546158,0.7248926311056294,0.7633666191588503
Fayette County,vap_white,atg_18_dem_det,0.25588034621030076,0.00989794256546158,0.2366333808411496,0.2751073688943706
Fayette County,vap_black,atg_18_rep_yos,0.4751892782890394,0.17969507047328334,0.1627260549606847,0.8284120459688115
Fayette County,vap_black,atg_18_dem_det,0.5248107217109605,0.17969507047328334,0.17158795403118854,0.8372739450393152
Fayette County,vap_hisp,atg_18_rep_yos,0.4605685697955058,0.17689023121304304,0.1352383404759112,0.7981470714630461
Fayette County,vap_hisp,atg_18_dem_det,0.5394314302044941,0.17689023121304304,0.20185292853695389,0.8647616595240887
Fayette County,vap_asian,atg_18_rep_yos,0.4824940657468104,0.17620137738652736,0.15650656041063243,0.8137142934110021
Fayette County,vap_asian,atg_18_dem_det,0.5175059342531896,0.17620137738652736,0.18628570658899768,0.8434934395893672
Fayette County,vap_aian,atg_18_rep_yos,0.5127383128450285,0.1743559643314255,0.18531294862177633,0.8435587563253899
Fayette County,vap_aian,atg_18_dem_det,0.4872616871549715,0.1743559643314255,0.1564412436746101,0.8146870513782234
Fayette County,vap_oth_b,atg_18_rep_yos,0.46995194217242103,0.17099071302122523,0.14526047303169534,0.7983692262218105
Fayette County,vap_oth_b,atg_18_dem_det,0.5300480578275789,0.17099071302122523,0.2016307737781893,0.8547395269683045
Fayette County,vap_white,sos_18_rep_lar,0.7342359636630267,0.00974275609659199,0.7151122116684399,0.7532098344582105
Fayette County,vap_white,sos_18_dem_cly,0.26576403633697326,0.00974275609659199,0.2467901655417893,0.2848877883315602
Fayette County,vap_black,sos_18_rep_lar,0.4583731290687559,0.1705044086762963,0.1574507813237241,0.7977145116813119
Fayette County,vap_black,sos_18_dem_cly,0.5416268709312441,0.1705044086762963,0.20228548831868803,0.8425492186762759
Fayette County,vap_hisp,sos_18_rep_lar,0.4804578517275815,0.1768400365958881,0.15120446254494704,0.818289744170244
Fayette County,vap_hisp,sos_18_dem_cly,0.5195421482724185,0.1768400365958881,0.18171025582975608,0.8487955374550527
Fayette County,vap_asian,sos_18_rep_lar,0.4725721753802453,0.18390029971746585,0.12290495737893184,0.8171189249538197
Fayette County,vap_asian,sos_18_dem_cly,0.5274278246197546,0.18390029971746585,0.18288107504618015,0.8770950426210681
Fayette County,vap_aian,sos_18_rep_lar,0.5026618446928864,0.17675459802111965,0.18108534396688655,0.8450020008917634
Fayette County,vap_aian,sos_18_dem_cly,0.4973381553071135,0.17675459802111965,0.1549979991082365,0.8189146560331133
Fayette County,vap_oth_b,sos_18_rep_lar,0.4664208826398213,0.1645253183530732,0.15689634700943597,0.7803787936556941
Fayette County,vap_oth_b,sos_18_dem_cly,0.5335791173601786,0.1645253183530732,0.21962120634430593,0.8431036529905639
Fayette County,vap_white,pre_20_rep_tru,0.7790211632479922,0.00932397339318234,0.7609665504444675,0.7971200919299093
Fayette County,vap_white,pre_20_dem_bid,0.22097883675200777,0.00932397339318234,0.20287990807009068,0.2390334495555325
Fayette County,vap_black,pre_20_rep_tru,0.45738016767541695,0.17395240836070158,0.14065592549273953,0.812328168784135
Fayette County,vap_black,pre_20_dem_bid,0.542619832324583,0.17395240836070158,0.18767183121586484,0.8593440745072605
Fayette County,vap_hisp,pre_20_rep_tru,0.4786627498053091,0.17254680989715004,0.15934210861425013,0.8138895804333546
Fayette County,vap_hisp,pre_20_dem_bid,0.5213372501946909,0.17254680989715004,0.18611041956664537,0.8406578913857499
Fayette County,vap_asian,pre_20_rep_tru,0.4892689571336513,0.18544944827596088,0.13608742893240022,0.8460184724551831
Fayette County,vap_asian,pre_20_dem_bid,0.5107310428663486,0.1854494482759609,0.15398152754481678,0.8639125710675998
Fayette County,vap_aian,pre_20_rep_tru,0.4947396847748146,0.1773167651177438,0.16367505712455305,0.8350596507329426
Fayette County,vap_aian,pre_20_dem_bid,0.5052603152251853,0.1773167651177438,0.16494034926705728,0.836324942875447
Fayette County,vap_oth_b,pre_20_rep_tru,0.500085514497932,0.17342148615490804,0.17443396834316605,0.8295949378765073
Fayette County,vap_oth_b,pre_20_dem_bid,0.499914485502068,0.17342148615490804,0.1704050621234926,0.8255660316568338
Franklin County,vap_white,pre_16_rep_tru,0.5026086703715724,0.00466366500328902,0.49255314489839314,0.5108634160269282
Franklin County,vap_white,pre_16_dem_cli,0.4973913296284276,0.00466366500328902,0.4891365839730717,0.5074468551016068
Franklin County,vap_black,pre_16_rep_tru,0.02661346044341203,0.00396170104260037,0.01920225741563819,0.03452670832299993
Franklin County,vap_black,pre_16_dem_cli,0.973386539556588,0.00396170104260037,0.965473291677,0.9807977425843618
Franklin County,vap_hisp,pre_16_rep_tru,0.10571495688009204,0.0213984344289108,0.06764898626007097,0.14884117282611672
Franklin County,vap_hisp,pre_16_dem_cli,0.894285043119908,0.0213984344289108,0.8511588271738832,0.9323510137399292
Franklin County,vap_asian,pre_16_rep_tru,0.29948795421104535,0.05177906225818689,0.204333559960274,0.40815665396519335
Franklin County,vap_asian,pre_16_dem_cli,0.7005120457889547,0.05177906225818689,0.5918433460348066,0.7956664400397261
Franklin County,vap_aian,pre_16_rep_tru,0.47007555393894057,0.1188328039915769,0.28077192390130457,0.7278147331197636
Franklin County,vap_aian,pre_16_dem_cli,0.5299244460610595,0.1188328039915769,0.2721852668802365,0.7192280760986954
Franklin County,vap_oth_b,pre_16_rep_tru,0.0932141572287516,0.02507913317452668,0.05340188620540126,0.1501797405069895
Franklin County,vap_oth_b,pre_16_dem_cli,0.9067858427712484,0.02507913317452668,0.8498202594930104,0.9465981137945988
Franklin County,vap_white,uss_16_rep_por,0.6265782059203531,0.00528512842382913,0.6152115328685237,0.6360137172819151
Franklin County,vap_white,uss_16_dem_str,0.3734217940796468,0.00528512842382913,0.3639862827180847,0.38478846713147624
Franklin County,vap_black,uss_16_rep_por,0.03158202957328385,0.00385945136650432,0.02453297266727212,0.03970443137572667
Franklin County,vap_black,uss_16_dem_str,0.9684179704267162,0.00385945136650432,0.9602955686242736,0.975467027332728
Franklin County,vap_hisp,uss_16_rep_por,0.12434524070848318,0.02983695385659572,0.08009292210333276,0.1928538039756333
Franklin County,vap_hisp,uss_16_dem_str,0.8756547592915168,0.02983695385659572,0.8071461960243668,0.9199070778966671
Franklin County,vap_asian,uss_16_rep_por,0.5035430156316885,0.04824646300118,0.4174983312726476,0.6225913090808788
Franklin County,vap_asian,uss_16_dem_str,0.4964569843683115,0.04824646300118,0.3774086909191211,0.5825016687273523
Franklin County,vap_aian,uss_16_rep_por,0.4026757708342938,0.12881022856052454,0.19887688453956465,0.7097919598342578
Franklin County,vap_aian,uss_16_dem_str,0.5973242291657063,0.12881022856052454,0.2902080401657421,0.8011231154604355
Franklin County,vap_oth_b,uss_16_rep_por,0.11339259484821426,0.03132030650448512,0.05469951117125052,0.17161133134175466
Franklin County,vap_oth_b,uss_16_dem_str,0.8866074051517857,0.03132030650448512,0.8283886686582453,0.9453004888287496
Franklin County,vap_white,uss_18_rep_ren,0.4297776777950617,0.00389043173234305,0.4219657496553727,0.43712435110233616
Franklin County,vap_white,uss_18_dem_bro,0.5702223222049382,0.00389043173234305,0.5628756488976638,0.5780342503446273
Franklin County,vap_black,uss_18_rep_ren,0.02292408453557924,0.00322055404348027,0.017167159370588492,0.02979770491294161
Franklin County,vap_black,uss_18_dem_bro,0.9770759154644209,0.00322055404348027,0.9702022950870582,0.9828328406294116
Franklin County,vap_hisp,uss_18_rep_ren,0.09452729142607656,0.02203754115930405,0.05875385532910916,0.1403798681111216
Franklin County,vap_hisp,uss_18_dem_bro,0.9054727085739236,0.02203754115930405,0.8596201318888784,0.9412461446708908
Franklin County,vap_asian,uss_18_rep_ren,0.21709018966670296,0.04495504906180742,0.13827766477428505,0.3149624180573497
Franklin County,vap_asian,uss_18_dem_bro,0.782909810333297,0.04495504906180741,0.6850375819426503,0.861722335225715
Franklin County,vap_aian,uss_18_rep_ren,0.3800669830054815,0.1312291072558935,0.1566551174818209,0.6305495797443299
Franklin County,vap_aian,uss_18_dem_bro,0.6199330169945186,0.1312291072558935,0.3694504202556701,0.8433448825181791
Franklin County,vap_oth_b,uss_18_rep_ren,0.07125542436504739,0.01778178113373248,0.04268708064823945,0.10946213628625984
Franklin County,vap_oth_b,uss_18_dem_bro,0.9287445756349526,0.01778178113373247,0.89053786371374,0.9573129193517604
Franklin County,vap_white,gov_18_rep_dew,0.4776205474059571,0.00406225284422745,0.468756340488689,0.4849419967457006
Franklin County,vap_white,gov_18_dem_cor,0.5223794525940428,0.00406225284422745,0.5150580032542993,0.5312436595113108
Franklin County,vap_black,gov_18_rep_dew,0.02440227969338365,0.00346156805376387,0.01821947585017365,0.03170730674640721
Franklin County,vap_black,gov_18_dem_cor,0.9755977203066164,0.00346156805376387,0.9682926932535928,0.9817805241498264
Franklin County,vap_hisp,gov_18_rep_dew,0.10881819427725148,0.02823473556271853,0.06025106359914155,0.17661758721256515
Franklin County,vap_hisp,gov_18_dem_cor,0.8911818057227485,0.02823473556271853,0.8233824127874348,0.9397489364008584
Franklin County,vap_asian,gov_18_rep_dew,0.22652924434792587,0.04438947493575247,0.14146391565931746,0.31845816138677335
Franklin County,vap_asian,gov_18_dem_cor,0.7734707556520741,0.04438947493575247,0.6815418386132266,0.8585360843406825
Franklin County,vap_aian,gov_18_rep_dew,0.4784041880206069,0.1290664643551406,0.2394593906706348,0.7282005867729235
Franklin County,vap_aian,gov_18_dem_cor,0.5215958119793932,0.1290664643551406,0.2717994132270764,0.7605406093293651
Franklin County,vap_oth_b,gov_18_rep_dew,0.09466509920310594,0.02471350847290898,0.05570801487535759,0.14815310010341115
Franklin County,vap_oth_b,gov_18_dem_cor,0.905334900796894,0.02471350847290898,0.8518468998965887,0.9442919851246424
Franklin County,vap_white,atg_18_rep_yos,0.5173657861915231,0.0045181672741078,0.507977923694551,0.5260034758754731
Franklin County,vap_white,atg_18_dem_det,0.482634213808477,0.0045181672741078,0.4739965241245268,0.4920220763054489
Franklin County,vap_black,atg_18_rep_yos,0.02636677057699516,0.00406059811768607,0.01959285061156373,0.0349086959665881
Franklin County,vap_black,atg_18_dem_det,0.9736332294230048,0.00406059811768607,0.965091304033412,0.9804071493884362
Franklin County,vap_hisp,atg_18_rep_yos,0.1285579854492746,0.03121738394787613,0.07424090331575985,0.19492829604904544
Franklin County,vap_hisp,atg_18_dem_det,0.8714420145507255,0.03121738394787613,0.8050717039509545,0.92575909668424
Franklin County,vap_asian,atg_18_rep_yos,0.23351439764966947,0.04495131476240479,0.15340077014214457,0.33345343255939125
Franklin County,vap_asian,atg_18_dem_det,0.7664856023503306,0.04495131476240479,0.6665465674406088,0.8465992298578555
Franklin County,vap_aian,atg_18_rep_yos,0.3415383750386362,0.12258094487111136,0.1494413191469212,0.5930221970167776
Franklin County,vap_aian,atg_18_dem_det,0.6584616249613638,0.12258094487111136,0.4069778029832225,0.850558680853079
Franklin County,vap_oth_b,atg_18_rep_yos,0.0870645700982676,0.02261246846273442,0.05165644975390442,0.14496402951084364
Franklin County,vap_oth_b,atg_18_dem_det,0.9129354299017324,0.02261246846273442,0.8550359704891564,0.9483435502460956
Franklin County,vap_white,sos_18_rep_lar,0.4941616239819734,0.00468974845975447,0.4841004749537151,0.5022344139424041
Franklin County,vap_white,sos_18_dem_cly,0.5058383760180265,0.00468974845975447,0.49776558605759585,0.5158995250462849
Franklin County,vap_black,sos_18_rep_lar,0.02336990332878716,0.00311636693894469,0.01738612689265924,0.02972583532952657
Franklin County,vap_black,sos_18_dem_cly,0.9766300966712128,0.00311636693894469,0.9702741646704732,0.9826138731073408
Franklin County,vap_hisp,sos_18_rep_lar,0.09092147751262328,0.02164027101653364,0.05396503505995955,0.1388223697719347
Franklin County,vap_hisp,sos_18_dem_cly,0.90907852248737675,0.02164027101653364,0.8611776302280653,0.9460349649400404
Franklin County,vap_asian,sos_18_rep_lar,0.21753996360874384,0.0490677582065069,0.1215938768494337,0.3134866986379856
Franklin County,vap_asian,sos_18_dem_cly,0.7824600363912562,0.0490677582065069,0.6865133013620144,0.8784061231505662
Franklin County,vap_aian,sos_18_rep_lar,0.33906868713420013,0.1270099574585294,0.1259168754451045,0.6506276231206825
Franklin County,vap_aian,sos_18_dem_cly,0.6609313128658,0.1270099574585294,0.34937237687931755,0.8740831245548956
Franklin County,vap_oth_b,sos_18_rep_lar,0.08510409958545277,0.01885393412630047,0.0519602666116731,0.12789270131357316
Franklin County,vap_oth_b,sos_18_dem_cly,0.9148959004145472,0.01885393412630047,0.8721072986864268,0.9480397333883268
Franklin County,vap_white,pre_20_rep_tru,0.45178875962234055,0.00460173453045766,0.441947920945339,0.46012954891301255
Franklin County,vap_white,pre_20_dem_bid,0.5482112403776594,0.00460173453045766,0.5398704510869875,0.5580520790546609
Franklin County,vap_black,pre_20_rep_tru,0.02724394895439393,0.00400380841607796,0.01998154661770988,0.03560227716566507
Franklin County,vap_black,pre_20_dem_bid,0.972756051045606,0.00400380841607796,0.964397722834335,0.9800184533822902
Franklin County,vap_hisp,pre_20_rep_tru,0.2810370015743154,0.05026121392545386,0.18845907334199036,0.3805133574431879
Franklin County,vap_hisp,pre_20_dem_bid,0.7189629984256847,0.05026121392545386,0.6194866425568121,0.8115409266580096
Franklin County,vap_asian,pre_20_rep_tru,0.21594449622850495,0.04541844260677066,0.140233012101926,0.31153014964079395
Franklin County,vap_asian,pre_20_dem_bid,0.784055503771495,0.04541844260677066,0.688469850359206,0.859766987898074
Franklin County,vap_aian,pre_20_rep_tru,0.4420992816065239,0.13758554916176985,0.2116061913763816,0.7260587201928538
Franklin County,vap_aian,pre_20_dem_bid,0.5579007183934762,0.13758554916176985,0.2739412798071462,0.7883938086236184
Franklin County,vap_oth_b,pre_20_rep_tru,0.13162190796287482,0.03761045600017734,0.06948809526129189,0.21125184641573289
Franklin County,vap_oth_b,pre_20_dem_bid,0.8683780920371251,0.03761045600017734,0.7887481535842672,0.9305119047387082
Fulton County,vap_white,pre_16_rep_tru,0.7260392628280719,0.01515651482467635,0.6972399713927024,0.754918894245076
Fulton County,vap_white,pre_16_dem_cli,0.2739607371719282,0.01515651482467635,0.24508110575492392,0.3027600286072977
Fulton County,vap_black,pre_16_rep_tru,0.4852085229488078,0.17628995970784722,0.16214932320220984,0.8337528265575735
Fulton County,vap_black,pre_16_dem_cli,0.5147914770511922,0.17628995970784722,0.1662471734424265,0.8378506767977901
Fulton County,vap_hisp,pre_16_rep_tru,0.4179007552200729,0.1611351205875778,0.12562219817643103,0.7194904311660458
Fulton County,vap_hisp,pre_16_dem_cli,0.582099244779927,0.1611351205875778,0.28050956883395395,0.8743778018235688
Fulton County,vap_asian,pre_16_rep_tru,0.49169059545542826,0.16926382390663722,0.1854494131299783,0.8270218985835338
Fulton County,vap_asian,pre_16_dem_cli,0.5083094045445717,0.16926382390663722,0.17297810141646605,0.8145505868700216
Fulton County,vap_aian,pre_16_rep_tru,0.4834270911016093,0.17193388384234926,0.16979984569700685,0.8172324539811361
Fulton County,vap_aian,pre_16_dem_cli,0.5165729088983907,0.17193388384234926,0.18276754601886383,0.8302001543029932
Fulton County,vap_oth_b,pre_16_rep_tru,0.4275901036034914,0.171766990286225,0.1277166364559515,0.767489654640936
Fulton County,vap_oth_b,pre_16_dem_cli,0.5724098963965086,0.171766990286225,0.23251034535906392,0.8722833635440485
Fulton County,vap_white,uss_16_rep_por,0.77262864510541,0.01537909156806982,0.7410447362294212,0.8010046988852482
Fulton County,vap_white,uss_16_dem_str,0.22737135489459012,0.01537909156806982,0.19899530111475192,0.25895526377057865
Fulton County,vap_black,uss_16_rep_por,0.4889424290199156,0.18080846701127387,0.14999298598388228,0.818329630723738
Fulton County,vap_black,uss_16_dem_str,0.5110575709800844,0.18080846701127387,0.18167036927626184,0.8500070140161178
Fulton County,vap_hisp,uss_16_rep_por,0.43664180901369176,0.16765513258177892,0.14265841337432927,0.7761069628654195
Fulton County,vap_hisp,uss_16_dem_str,0.5633581909863081,0.16765513258177892,0.22389303713458047,0.8573415866256706
Fulton County,vap_asian,uss_16_rep_por,0.4762109635655539,0.16535010229592126,0.18508489701990616,0.8017300944632034
Fulton County,vap_asian,uss_16_dem_str,0.523789036434446,0.16535010229592126,0.1982699055367965,0.8149151029800935
Fulton County,vap_aian,uss_16_rep_por,0.527295414553624,0.1811130006309229,0.19486340015768008,0.8909776255074011
Fulton County,vap_aian,uss_16_dem_str,0.4727045854463759,0.1811130006309229,0.10902237449259897,0.8051365998423197
Fulton County,vap_oth_b,uss_16_rep_por,0.45636685355617024,0.17246252031435066,0.15397644437559066,0.8039563644157065
Fulton County,vap_oth_b,uss_16_dem_str,0.5436331464438298,0.17246252031435066,0.1960436355842936,0.8460235556244092
Fulton County,vap_white,uss_18_rep_ren,0.5956163734029843,0.01583165716710936,0.5659012617946347,0.6252580934927683
Fulton County,vap_white,uss_18_dem_bro,0.4043836265970157,0.01583165716710936,0.37474190650723177,0.43409873820536543
Fulton County,vap_black,uss_18_rep_ren,0.5105976927656586,0.1695417134779384,0.190442860181194,0.8243665139107603
Fulton County,vap_black,uss_18_dem_bro,0.48940230723434136,0.1695417134779384,0.17563348608923957,0.8095571398188061
Fulton County,vap_hisp,uss_18_rep_ren,0.4993901417777327,0.1673715232043935,0.2001142077636165,0.8277961553885368
Fulton County,vap_hisp,uss_18_dem_bro,0.5006098582222671,0.1673715232043935,0.17220384461146307,0.7998857922363833
Fulton County,vap_asian,uss_18_rep_ren,0.4931293014672783,0.18034015119112143,0.1478920781512639,0.8210729617230343
Fulton County,vap_asian,uss_18_dem_bro,0.5068706985327217,0.18034015119112143,0.17892703827696557,0.852107921848736
Fulton County,vap_aian,uss_18_rep_ren,0.4954203160487417,0.16300730706164787,0.17137046160718022,0.7946500280914054
Fulton County,vap_aian,uss_18_dem_bro,0.5045796839512583,0.16300730706164787,0.2053499719085946,0.8286295383928198
Fulton County,vap_oth_b,uss_18_rep_ren,0.47820138687415953,0.1671315768690757,0.17622351497045935,0.8191317181227438
Fulton County,vap_oth_b,uss_18_dem_bro,0.5217986131258404,0.1671315768690757,0.18086828187725623,0.8237764850295405
Fulton County,vap_white,gov_18_rep_dew,0.6876301160488605,0.01525081519079369,0.6574296861115903,0.7161271259099606
Fulton County,vap_white,gov_18_dem_cor,0.3123698839511396,0.01525081519079368,0.2838728740900394,0.3425703138884098
Fulton County,vap_black,gov_18_rep_dew,0.4832272108387458,0.18744806825317725,0.10593232071002576,0.8118705513888044
Fulton County,vap_black,gov_18_dem_cor,0.5167727891612541,0.18744806825317725,0.18812944861119577,0.8940676792899741
Fulton County,vap_hisp,gov_18_rep_dew,0.4784219342872736,0.16971545090831208,0.1750559889179692,0.8097720614862087
Fulton County,vap_hisp,gov_18_dem_cor,0.5215780657127262,0.16971545090831208,0.1902279385137912,0.8249440110820305
Fulton County,vap_asian,gov_18_rep_dew,0.49537632092445577,0.16600453678346622,0.18578093925118255,0.820955719431376
Fulton County,vap_asian,gov_18_dem_cor,0.5046236790755442,0.16600453678346622,0.1790442805686238,0.8142190607488173
Fulton County,vap_aian,gov_18_rep_dew,0.4865036302422369,0.17109589818847074,0.1699150308493287,0.8200552800277034
Fulton County,vap_aian,gov_18_dem_cor,0.513496369757763,0.17109589818847074,0.1799447199722966,0.8300849691506714
Fulton County,vap_oth_b,gov_18_rep_dew,0.4549274313499104,0.1633624134137557,0.16204379842165578,0.7812832369624505
Fulton County,vap_oth_b,gov_18_dem_cor,0.5450725686500897,0.1633624134137557,0.2187167630375495,0.8379562015783442
Fulton County,vap_white,atg_18_rep_yos,0.6871263026986291,0.01522101430705204,0.6591953259907181,0.7172704892082377
Fulton County,vap_white,atg_18_dem_det,0.312873697301371,0.01522101430705204,0.2827295107917624,0.340804674009282
Fulton County,vap_black,atg_18_rep_yos,0.5016065849314952,0.18077083400351265,0.16017903424263702,0.8397371713607555
Fulton County,vap_black,atg_18_dem_det,0.4983934150685048,0.18077083400351265,0.16026282863924446,0.8398209657573629
Fulton County,vap_hisp,atg_18_rep_yos,0.4863164619328406,0.16491821950953806,0.15789614626470405,0.7804990623581533
Fulton County,vap_hisp,atg_18_dem_det,0.5136835380671593,0.16491821950953806,0.21950093764184675,0.8421038537352958
Fulton County,vap_asian,atg_18_rep_yos,0.5017218991096408,0.1649277540529238,0.19283971957053145,0.8054743080533228
Fulton County,vap_asian,atg_18_dem_det,0.4982781008903591,0.1649277540529238,0.19452569194667724,0.8071602804294684
Fulton County,vap_aian,atg_18_rep_yos,0.490179953685086,0.17415559983382936,0.1589272214135149,0.814832195559666
Fulton County,vap_aian,atg_18_dem_det,0.509820046314914,0.17415559983382936,0.185167804440334,0.8410727785864851
Fulton County,vap_oth_b,atg_18_rep_yos,0.47960821092488126,0.16208303913406613,0.17767608190515452,0.7858945525757066
Fulton County,vap_oth_b,atg_18_dem_det,0.5203917890751187,0.16208303913406613,0.21410544742429335,0.8223239180948455
Fulton County,vap_white,sos_18_rep_lar,0.6933764045710861,0.01569093334514751,0.6631765721772029,0.7234629703062034
Fulton County,vap_white,sos_18_dem_cly,0.306623595428914,0.01569093334514751,0.27653702969379657,0.3368234278227972
Fulton County,vap_black,sos_18_rep_lar,0.5284747987193167,0.1834317011252541,0.18719010686321197,0.8732293493544873
Fulton County,vap_black,sos_18_dem_cly,0.47152520128068326,0.1834317011252541,0.12677065064551274,0.8128098931367878
Fulton County,vap_hisp,sos_18_rep_lar,0.49143462815777217,0.16336086193983437,0.18370829915022724,0.8020290758473101
Fulton County,vap_hisp,sos_18_dem_cly,0.5085653718422277,0.16336086193983437,0.1979709241526897,0.8162917008497727
Fulton County,vap_asian,sos_18_rep_lar,0.5109929688036509,0.18135749898614087,0.14668686296717787,0.835240727523055
Fulton County,vap_asian,sos_18_dem_cly,0.48900703119634903,0.18135749898614084,0.16475927247694497,0.8533131370328217
Fulton County,vap_aian,sos_18_rep_lar,0.5098978136418737,0.17267778373030834,0.1858313863451869,0.8335064014820889
Fulton County,vap_aian,sos_18_dem_cly,0.49010218635812625,0.17267778373030834,0.16649359851791107,0.814168613654813
Fulton County,vap_oth_b,sos_18_rep_lar,0.47519919625173385,0.17774248624392003,0.14390307948875408,0.8242895618553454
Fulton County,vap_oth_b,sos_18_dem_cly,0.5248008037482661,0.17774248624392003,0.1757104381446545,0.8560969205112459
Fulton County,vap_white,pre_20_rep_tru,0.7316716860607649,0.01586463831460301,0.6997654353669608,0.7599193972933559
Fulton County,vap_white,pre_20_dem_bid,0.2683283139392351,0.01586463831460301,0.24008060270664405,0.3002345646330392
Fulton County,vap_black,pre_20_rep_tru,0.5059333411339167,0.16740717760395366,0.18888150905852505,0.8262924854077524
Fulton County,vap_black,pre_20_dem_bid,0.4940666588660833,0.16740717760395366,0.1737075145922476,0.8111184909414749
Fulton County,vap_hisp,pre_20_rep_tru,0.4467285644925519,0.17636640035695705,0.13735535767350843,0.8126707513996089
Fulton County,vap_hisp,pre_20_dem_bid,0.5532714355074481,0.17636640035695705,0.18732924860039113,0.8626446423264915
Fulton County,vap_asian,pre_20_rep_tru,0.5727256771652546,0.20759129215753944,0.1989225929314809,0.9344005363998908
Fulton County,vap_asian,pre_20_dem_bid,0.4272743228347454,0.20759129215753944,0.06559946360010926,0.8010774070685189
Fulton County,vap_aian,pre_20_rep_tru,0.5203142625297286,0.16535252327050007,0.2047036718046437,0.8250391954533302
Fulton County,vap_aian,pre_20_dem_bid,0.47968573747027143,0.16535252327050007,0.17496080454666982,0.79529632819535645
Fulton County,vap_oth_b,pre_20_rep_tru,0.4739214169733897,0.17232004228887335,0.1711240682354283,0.7999067807815062
Fulton County,vap_oth_b,pre_20_dem_bid,0.5260785830266104,0.17232004228887335,0.2000932192184937,0.8288759317645716
Gallia County,vap_white,pre_16_rep_tru,0.8123759231083049,0.00851932047574073,0.795503513400307,0.8285298146135567
Gallia County,vap_white,pre_16_dem_cli,0.18762407689169505,0.00851932047574073,0.17147018538644324,0.2044964865996928
Gallia County,vap_black,pre_16_rep_tru,0.4477801662661974,0.17153504509775913,0.14775994619114702,0.7946589478382519
Gallia County,vap_black,pre_16_dem_cli,0.5522198337338026,0.17153504509775913,0.20534105216174783,0.8522400538088529
Gallia County,vap_hisp,pre_16_rep_tru,0.5038193208014321,0.17565516762752878,0.17937772360997412,0.8397903160923907
Gallia County,vap_hisp,pre_16_dem_cli,0.496180679198568,0.17565516762752878,0.16020968390760928,0.8206222763900259
Gallia County,vap_asian,pre_16_rep_tru,0.4821954742519714,0.17503078463754507,0.16634697465258733,0.8164506387259796
Gallia County,vap_asian,pre_16_dem_cli,0.5178045257480287,0.17503078463754507,0.18354936127402033,0.8336530253474127
Gallia County,vap_aian,pre_16_rep_tru,0.48507034851305697,0.1718057666678494,0.1711670942842432,0.8118377944130499
Gallia County,vap_aian,pre_16_dem_cli,0.514929651486943,0.1718057666678494,0.18816220558695004,0.8288329057157566
Gallia County,vap_oth_b,pre_16_rep_tru,0.4490262754491157,0.16223621863791035,0.17119321994062583,0.7750048690001766
Gallia County,vap_oth_b,pre_16_dem_cli,0.5509737245508842,0.16223621863791035,0.22499513099982335,0.8288067800593741
Gallia County,vap_white,uss_16_rep_por,0.72514539680996,0.008631185202826,0.7074952762435599,0.7412037670069531
Gallia County,vap_white,uss_16_dem_str,0.2748546031900399,0.008631185202826,0.25879623299304694,0.2925047237564401
Gallia County,vap_black,uss_16_rep_por,0.4842804334041443,0.174193697712786,0.16311771710961573,0.8258458624609571
Gallia County,vap_black,uss_16_dem_str,0.5157195665958556,0.174193697712786,0.17415413753904282,0.8368822828903842
Gallia County,vap_hisp,uss_16_rep_por,0.4904113837898746,0.16912383745034662,0.1630061564400422,0.8075186517479145
Gallia County,vap_hisp,uss_16_dem_str,0.5095886162101254,0.16912383745034662,0.19248134825208552,0.8369938435599577
Gallia County,vap_asian,uss_16_rep_por,0.5087368855139549,0.173198643198505,0.17533093868367886,0.8286736050349057
Gallia County,vap_asian,uss_16_dem_str,0.4912631144860451,0.173198643198505,0.17132639496509416,0.8246690613163212
Gallia County,vap_aian,uss_16_rep_por,0.4795335667297646,0.17143053088077742,0.1654866056565084,0.806855886114899
Gallia County,vap_aian,uss_16_dem_str,0.5204664332702355,0.17143053088077742,0.19314411388510097,0.8345133943434916
Gallia County,vap_oth_b,uss_16_rep_por,0.46835644423230055,0.1684436317853178,0.1702276232317413,0.7954899580842628
Gallia County,vap_oth_b,uss_16_dem_str,0.5316435557676994,0.1684436317853178,0.20451004191573685,0.8297723767682588
Gallia County,vap_white,uss_18_rep_ren,0.6622608277231451,0.00925189210948366,0.6438573932350585,0.6799681986207048
Gallia County,vap_white,uss_18_dem_bro,0.33773917227685485,0.00925189210948366,0.3200318013792953,0.35614260676494136
Gallia County,vap_black,uss_18_rep_ren,0.4614127146363527,0.1704779945404402,0.15644451021349373,0.7963593070752202
Gallia County,vap_black,uss_18_dem_bro,0.5385872853636472,0.1704779945404402,0.20364069292477976,0.8435554897865062
Gallia County,vap_hisp,uss_18_rep_ren,0.4997446625419091,0.16465280633468507,0.19327565097663016,0.8161462771589583
Gallia County,vap_hisp,uss_18_dem_bro,0.500255337458091,0.16465280633468507,0.1838537228410416,0.8067243490233698
Gallia County,vap_asian,uss_18_rep_ren,0.4930690292671642,0.18606376557291765,0.1411764892149037,0.8434293868752152
Gallia County,vap_asian,uss_18_dem_bro,0.5069309707328358,0.18606376557291765,0.15657061312478465,0.8588235107850963
Gallia County,vap_aian,uss_18_rep_ren,0.4878229262272582,0.1867266783104676,0.09371467223618296,0.8217677614901964
Gallia County,vap_aian,uss_18_dem_bro,0.5121770737727418,0.1867266783104676,0.17823223850980358,0.9062853277638172
Gallia County,vap_oth_b,uss_18_rep_ren,0.4999108752288432,0.1656277305017101,0.1900298002736213,0.8071547004764671
Gallia County,vap_oth_b,uss_18_dem_bro,0.5000891247711567,0.1656277305017101,0.1928452995235328,0.8099701997263786
Gallia County,vap_white,gov_18_rep_dew,0.7308301945711346,0.00891675359328809,0.7130483129035753,0.7476837598499344
Gallia County,vap_white,gov_18_dem_cor,0.2691698054288653,0.00891675359328809,0.25231624015006554,0.2869516870964246
Gallia County,vap_black,gov_18_rep_dew,0.46284349602285785,0.1848331580836552,0.13360092820823788,0.8451633766425031
Gallia County,vap_black,gov_18_dem_cor,0.5371565039771421,0.1848331580836552,0.15483662335749684,0.8663990717917621
Gallia County,vap_hisp,gov_18_rep_dew,0.49759543359855407,0.17250322605048765,0.16956966638793425,0.8313623943846213
Gallia County,vap_hisp,gov_18_dem_cor,0.5024045664014459,0.17250322605048765,0.16863760561537877,0.8304303336120658
Gallia County,vap_asian,gov_18_rep_dew,0.5107676934569921,0.17257132085121712,0.17378015676611627,0.8313200315044662
Gallia County,vap_asian,gov_18_dem_cor,0.4892323065430079,0.17257132085121712,0.16867996849553363,0.8262198432338835
Gallia County,vap_aian,gov_18_rep_dew,0.5052890422908366,0.17769742100239258,0.16010037440841707,0.8368503002677627
Gallia County,vap_aian,gov_18_dem_cor,0.49471095770916346,0.17769742100239258,0.16314969973223706,0.8398996255915828
Gallia County,vap_oth_b,gov_18_rep_dew,0.4908232194496285,0.17266025389743328,0.1801423706155913,0.8389172623858857
Gallia County,vap_oth_b,gov_18_dem_cor,0.5091767805503715,0.17266025389743328,0.16108273761411418,0.8198576293844088
Gallia County,vap_white,atg_18_rep_yos,0.7526276146469492,0.0087207726671756,0.735749664515435,0.769971571888087
Gallia County,vap_white,atg_18_dem_det,0.2473723853530508,0.0087207726671756,0.23002842811191307,0.264250335484565
Gallia County,vap_black,atg_18_rep_yos,0.4673559485103011,0.18997337195652117,0.1255387665505065,0.8585882300560959
Gallia County,vap_black,atg_18_dem_det,0.5326440514896987,0.18997337195652117,0.14141176994390406,0.8744612334494933
Gallia County,vap_hisp,atg_18_rep_yos,0.5055456244761923,0.1741424056833702,0.1659938024412134,0.8193928614451561
Gallia County,vap_hisp,atg_18_dem_det,0.49445437552380767,0.1741424056833702,0.18060713855484375,0.8340061975587866
Gallia County,vap_asian,atg_18_rep_yos,0.4833210146686048,0.1864782539072006,0.13675247824984452,0.8306060788702739
Gallia County,vap_asian,atg_18_dem_det,0.5166789853313952,0.1864782539072006,0.16939392112972615,0.8632475217501555
Gallia County,vap_aian,atg_18_rep_yos,0.48248514677180454,0.16969308625741888,0.1666566657942123,0.8182058553956917
Gallia County,vap_aian,atg_18_dem_det,0.5175148532281955,0.16969308625741888,0.1817941446043082,0.8333433342057877
Gallia County,vap_oth_b,atg_18_rep_yos,0.4684287018521171,0.1563862408727808,0.17919522017846384,0.7714587097469616
Gallia County,vap_oth_b,atg_18_dem_det,0.5315712981478828,0.1563862408727808,0.22854129025303832,0.8208047798215361
Gallia County,vap_white,sos_18_rep_lar,0.7362337156186611,0.00878822661887518,0.7192094338283774,0.753083683752582
Gallia County,vap_white,sos_18_dem_cly,0.2637662843813388,0.00878822661887518,0.24691631624741792,0.28079056617162257
Gallia County,vap_black,sos_18_rep_lar,0.456738140468791,0.18369820323666017,0.11030016030075164,0.8188518346460159
Gallia County,vap_black,sos_18_dem_cly,0.5432618595312089,0.18369820323666017,0.18114816535398412,0.8896998396992483
Gallia County,vap_hisp,sos_18_rep_lar,0.5007290648408174,0.1701071054139565,0.18026174259708425,0.8219392816404452
Gallia County,vap_hisp,sos_18_dem_cly,0.4992709351591827,0.1701071054139565,0.17806071835955484,0.8197382574029158
Gallia County,vap_asian,sos_18_rep_lar,0.4949443348501033,0.17152209384491904,0.17054359997804325,0.825968442417696
Gallia County,vap_asian,sos_18_dem_cly,0.5050556651498967,0.17152209384491904,0.17403155758230407,0.8294564000219568
Gallia County,vap_aian,sos_18_rep_lar,0.5122337181217075,0.16988086939533506,0.17882689146239183,0.8251598067019192
Gallia County,vap_aian,sos_18_dem_cly,0.4877662818782926,0.16988086939533506,0.17484019329808062,0.8211731085376082
Gallia County,vap_oth_b,sos_18_rep_lar,0.48518875460480326,0.1654089758214969,0.1735557782987215,0.7877274623980787
Gallia County,vap_oth_b,sos_18_dem_cly,0.5148112453951967,0.1654089758214969,0.2122725376019213,0.8264442217012785
Gallia County,vap_white,pre_20_rep_tru,0.8043191962241327,0.00867404238163875,0.7879830656292772,0.8215676886242688
Gallia County,vap_white,pre_20_dem_bid,0.1956808037758672,0.00867404238163875,0.1784323113757313,0.2120169343707226
Gallia County,vap_black,pre_20_rep_tru,0.4474556521879344,0.16683439980969242,0.13905624635608482,0.7808843765432179
Gallia County,vap_black,pre_20_dem_bid,0.5525443478120655,0.1668343998096924,0.2191156234567821,0.8609437536439152
Gallia County,vap_hisp,pre_20_rep_tru,0.4907483731276137,0.17387527865705352,0.15127682412054352,0.8083238136544935
Gallia County,vap_hisp,pre_20_dem_bid,0.5092516268723863,0.17387527865705352,0.1916761863455064,0.8487231758794564
Gallia County,vap_asian,pre_20_rep_tru,0.4906175689602501,0.16530396981077453,0.17946598340247735,0.8026723853221662
Gallia County,vap_asian,pre_20_dem_bid,0.50938243103975,0.16530396981077453,0.1973276146778338,0.8205340165975226
Gallia County,vap_aian,pre_20_rep_tru,0.5153732554699078,0.1773171640268417,0.1942567109620171,0.8625119464891594
Gallia County,vap_aian,pre_20_dem_bid,0.4846267445300923,0.1773171640268417,0.13748805351084054,0.8057432890379829
Gallia County,vap_oth_b,pre_20_rep_tru,0.4553945395464179,0.17917069274662534,0.11764353105578722,0.7866819397537574
Gallia County,vap_oth_b,pre_20_dem_bid,0.544605460453582,0.17917069274662534,0.21331806024624247,0.8823564689442127
Geauga County,vap_white,pre_16_rep_tru,0.6508829783839194,0.0061259379825303,0.6387944286474507,0.6627345271090317
Geauga County,vap_white,pre_16_dem_cli,0.34911702161608055,0.0061259379825303,0.33726547289096825,0.3612055713525491
Geauga County,vap_black,pre_16_rep_tru,0.40130220459569294,0.15320951633648305,0.12780301578459957,0.6882648577293555
Geauga County,vap_black,pre_16_dem_cli,0.598697795404307,0.15320951633648305,0.3117351422706443,0.8721969842154003
Geauga County,vap_hisp,pre_16_rep_tru,0.4270673506857547,0.16668558659119012,0.14956394292878522,0.7759427221479986
Geauga County,vap_hisp,pre_16_dem_cli,0.5729326493142454,0.16668558659119012,0.2240572778520014,0.8504360570712148
Geauga County,vap_asian,pre_16_rep_tru,0.4732297955432592,0.1612509557617786,0.17769496681086713,0.7772938578074238
Geauga County,vap_asian,pre_16_dem_cli,0.5267702044567407,0.1612509557617786,0.22270614219257617,0.8223050331891327
Geauga County,vap_aian,pre_16_rep_tru,0.5158690119633864,0.1620811641155514,0.21130407785271652,0.8276738210559715
Geauga County,vap_aian,pre_16_dem_cli,0.4841309880366136,0.1620811641155514,0.17232617894402855,0.7886959221472833
Geauga County,vap_oth_b,pre_16_rep_tru,0.4986378348991656,0.15586627655863544,0.19329151689352525,0.7727678127880748
Geauga County,vap_oth_b,pre_16_dem_cli,0.5013621651008344,0.15586627655863544,0.22723218721192512,0.8067084831064747
Geauga County,vap_white,uss_16_rep_por,0.734730107719717,0.00598177038025459,0.7234367708097771,0.7462317750882705
Geauga County,vap_white,uss_16_dem_str,0.2652698922802829,0.00598177038025459,0.25376822491172946,0.2765632291902228
Geauga County,vap_black,uss_16_rep_por,0.44068759693991033,0.14724106190378922,0.1785561008856696,0.7181639488717074
Geauga County,vap_black,uss_16_dem_str,0.5593124030600897,0.14724106190378922,0.2818360511282925,0.8214438991143304
Geauga County,vap_hisp,uss_16_rep_por,0.46180417473430674,0.16538924681591902,0.16490993652564362,0.7867357297829499
Geauga County,vap_hisp,uss_16_dem_str,0.5381958252656933,0.16538924681591902,0.2132642702170501,0.8350900634743563
Geauga County,vap_asian,uss_16_rep_por,0.4637165252482732,0.16000511073612755,0.18124401725670725,0.774295131712523
Geauga County,vap_asian,uss_16_dem_str,0.5362834747517267,0.16000511073612755,0.22570486828747688,0.8187559827432923
Geauga County,vap_aian,uss_16_rep_por,0.47844752325313794,0.17435165678863432,0.16744819606478237,0.8267358419089709
Geauga County,vap_aian,uss_16_dem_str,0.5215524767468621,0.17435165678863432,0.17326415809102907,0.8325518039352177
Geauga County,vap_oth_b,uss_16_rep_por,0.4408225048633787,0.1578348255678425,0.16281139324227287,0.7596748719347467
Geauga County,vap_oth_b,uss_16_dem_str,0.5591774951366212,0.1578348255678425,0.2403251280652531,0.8371886067577268
Geauga County,vap_white,uss_18_rep_ren,0.5621391439155546,0.00621707882020085,0.5500110617376944,0.5739664968142874
Geauga County,vap_white,uss_18_dem_bro,0.4378608560844453,0.00621707882020085,0.4260335031857125,0.4499889382623056
Geauga County,vap_black,uss_18_rep_ren,0.4667723142243621,0.1609419644201772,0.18313643819852465,0.7808726525361506
Geauga County,vap_black,uss_18_dem_bro,0.533227685775638,0.1609419644201772,0.21912734746384935,0.8168635618014753
Geauga County,vap_hisp,uss_18_rep_ren,0.4755414835013339,0.16617013477065626,0.17849643443874005,0.7942857354158812
Geauga County,vap_hisp,uss_18_dem_bro,0.5244585164986661,0.16617013477065626,0.20571426458411884,0.8215035655612598
Geauga County,vap_asian,uss_18_rep_ren,0.481701583583564,0.1741939822935258,0.18106695046105065,0.8335210222027267
Geauga County,vap_asian,uss_18_dem_bro,0.5182984164164359,0.1741939822935258,0.16647897779727308,0.8189330495389492
Geauga County,vap_aian,uss_18_rep_ren,0.4829730568316119,0.1811820113065368,0.13864659545211114,0.8295541748020735
Geauga County,vap_aian,uss_18_dem_bro,0.5170269431683882,0.1811820113065368,0.17044582519792636,0.8613534045478889
Geauga County,vap_oth_b,uss_18_rep_ren,0.49607729891886343,0.14799522727933118,0.21312417369740372,0.7839757242896211
Geauga County,vap_oth_b,uss_18_dem_bro,0.5039227010811366,0.14799522727933118,0.21602427571037888,0.7868758263025962
Geauga County,vap_white,gov_18_rep_dew,0.6331945343366852,0.00607570203254002,0.6208074663790907,0.6449859465765382
Geauga County,vap_white,gov_18_dem_cor,0.36680546566331473,0.00607570203254002,0.35501405342346176,0.3791925336209091
Geauga County,vap_black,gov_18_rep_dew,0.44758085535751985,0.17434735791116168,0.13605071681776745,0.7891568591599863
Geauga County,vap_black,gov_18_dem_cor,0.5524191446424801,0.17434735791116168,0.21084314084001352,0.8639492831822325
Geauga County,vap_hisp,gov_18_rep_dew,0.4914931014608269,0.1682131391553986,0.18621070797151965,0.81492636198354
Geauga County,vap_hisp,gov_18_dem_cor,0.5085068985391731,0.1682131391553986,0.1850736380164601,0.8137892920284804
Geauga County,vap_asian,gov_18_rep_dew,0.4430813533730587,0.16201425787153986,0.16609229804094916,0.7798651205677941
Geauga County,vap_asian,gov_18_dem_cor,0.5569186466269412,0.16201425787153984,0.2201348794322057,0.8339077019590507
Geauga County,vap_aian,gov_18_rep_dew,0.5299968173032281,0.1833426833539681,0.19710215382952212,0.8974632105209001
Geauga County,vap_aian,gov_18_dem_cor,0.4700031826967719,0.1833426833539681,0.1025367894791,0.8028978461704778
Geauga County,vap_oth_b,gov_18_rep_dew,0.4812716299213515,0.15372327086492218,0.20292515009116735,0.78562523335959
Geauga County,vap_oth_b,gov_18_dem_cor,0.5187283700786485,0.15372327086492218,0.21437476664040972,0.7970748499088326
Geauga County,vap_white,atg_18_rep_yos,0.617566177174679,0.00613363407746026,0.6050626274464472,0.628865061728486
Geauga County,vap_white,atg_18_dem_det,0.38243382282532096,0.00613363407746026,0.3711349382715138,0.3949373725535526
Geauga County,vap_black,atg_18_rep_yos,0.4376330019432837,0.1616448549613897,0.16855557848898672,0.7776133065891242
Geauga County,vap_black,atg_18_dem_det,0.5623669980567163,0.1616448549613897,0.2223866934108757,0.8314444215110134
Geauga County,vap_hisp,atg_18_rep_yos,0.47616764626348074,0.1501020840036285,0.1948698473950271,0.7659366810106065
Geauga County,vap_hisp,atg_18_dem_det,0.5238323537365194,0.1501020840036285,0.23406331898939328,0.8051301526049728
Geauga County,vap_asian,atg_18_rep_yos,0.49691402294869585,0.16375605963129564,0.20449441845050423,0.8028740614660278
Geauga County,vap_asian,atg_18_dem_det,0.5030859770513041,0.16375605963129564,0.19712593853397217,0.7955055815494956
Geauga County,vap_aian,atg_18_rep_yos,0.5020629455189194,0.15427718846614497,0.20884218895619025,0.7879742036236712
Geauga County,vap_aian,atg_18_dem_det,0.4979370544810807,0.15427718846614497,0.2120257963763288,0.7911578110438097
Geauga County,vap_oth_b,atg_18_rep_yos,0.4649266136865891,0.16441550301908908,0.17238930824674087,0.786307760122894
Geauga County,vap_oth_b,atg_18_dem_det,0.5350733863134108,0.16441550301908908,0.21369223987710576,0.827610691753259
Geauga County,vap_white,sos_18_rep_lar,0.6223099289335305,0.0065768947097502,0.6092437128584299,0.6348057134793126
Geauga County,vap_white,sos_18_dem_cly,0.37769007106646935,0.0065768947097502,0.3651942865206873,0.3907562871415699
Geauga County,vap_black,sos_18_rep_lar,0.41934845103534224,0.15886444380582446,0.1512919586719936,0.7528904258340975
Geauga County,vap_black,sos_18_dem_cly,0.5806515489646578,0.15886444380582446,0.24710957416590243,0.8487080413280063
Geauga County,vap_hisp,sos_18_rep_lar,0.4491297815808809,0.1664588430457679,0.1104028560334726,0.7651778118151928
Geauga County,vap_hisp,sos_18_dem_cly,0.5508702184191191,0.1664588430457679,0.23482218818480705,0.8895971439665274
Geauga County,vap_asian,sos_18_rep_lar,0.4855001816851437,0.1689045015882687,0.1659967187710241,0.8069892417724814
Geauga County,vap_asian,sos_18_dem_cly,0.5144998183148562,0.1689045015882687,0.19301075822751831,0.8340032812289757
Geauga County,vap_aian,sos_18_rep_lar,0.518461634915821,0.18005928783937042,0.17670807318460263,0.8442852793952693
Geauga County,vap_aian,sos_18_dem_cly,0.481538365084179,0.18005928783937042,0.15571472060473066,0.8232919268153973
Geauga County,vap_oth_b,sos_18_rep_lar,0.47824059923207834,0.16824455124312218,0.17573409884113086,0.8094630339625593
Geauga County,vap_oth_b,sos_18_dem_cly,0.5217594007679216,0.16824455124312218,0.19053696603744064,0.8242659011588689
Geauga County,vap_white,pre_20_rep_tru,0.637048344570422,0.00567688552423845,0.6261151392345532,0.6481274765243291
Geauga County,vap_white,pre_20_dem_bid,0.3629516554295779,0.00567688552423845,0.3518725234756709,0.3738848607654467
Geauga County,vap_black,pre_20_rep_tru,0.4412596593285956,0.15178427153003432,0.17335426145482064,0.7567972342006941
Geauga County,vap_black,pre_20_dem_bid,0.5587403406714044,0.15178427153003432,0.24320276579930575,0.8266457385451793
Geauga County,vap_hisp,pre_20_rep_tru,0.4485758327157723,0.15508317514707892,0.18133538642052596,0.7583572955389762
Geauga County,vap_hisp,pre_20_dem_bid,0.5514241672842277,0.15508317514707892,0.2416427044610237,0.818664613579474
Geauga County,vap_asian,pre_20_rep_tru,0.4907041714643881,0.1644373140327123,0.19960501739376976,0.8184311844790055
Geauga County,vap_asian,pre_20_dem_bid,0.5092958285356118,0.1644373140327123,0.18156881552099433,0.80039498260623
Geauga County,vap_aian,pre_20_rep_tru,0.507559355540751,0.16882815203653675,0.1950097847670743,0.8308573656839384
Geauga County,vap_aian,pre_20_dem_bid,0.49244064445924896,0.16882815203653675,0.16914263431606155,0.8049902152329256
Geauga County,vap_oth_b,pre_20_rep_tru,0.493733073031682,0.15313247634724922,0.21501410355945388,0.7812662431736714
Geauga County,vap_oth_b,pre_20_dem_bid,0.5062669269683179,0.15313247634724922,0.2187337568263283,0.7849858964405461
Greene County,vap_white,pre_16_rep_tru,0.7101784078274106,0.00696556342456403,0.6956361463380025,0.723578051420851
Greene County,vap_white,pre_16_dem_cli,0.28982159217258935,0.00696556342456403,0.2764219485791491,0.3043638536619976
Greene County,vap_black,pre_16_rep_tru,0.08404360048156595,0.02749791063881186,0.0418364554349669,0.146659963179763
Greene County,vap_black,pre_16_dem_cli,0.915956399518434,0.02749791063881186,0.8533400368202371,0.958163544565033
Greene County,vap_hisp,pre_16_rep_tru,0.21255265649408592,0.07378829506207996,0.09928719042054442,0.3887657568232602
Greene County,vap_hisp,pre_16_dem_cli,0.787447343505914,0.07378829506207996,0.6112342431767397,0.9007128095794554
Greene County,vap_asian,pre_16_rep_tru,0.3229768682151762,0.12819705868760434,0.11372254806050056,0.611285532740941
Greene County,vap_asian,pre_16_dem_cli,0.6770231317848239,0.12819705868760434,0.388714467259059,0.8862774519394994
Greene County,vap_aian,pre_16_rep_tru,0.4496020166903229,0.16372337943052126,0.17362341865660613,0.7650347001275394
Greene County,vap_aian,pre_16_dem_cli,0.5503979833096772,0.1637233794305213,0.23496529987246045,0.8263765813433939
Greene County,vap_oth_b,pre_16_rep_tru,0.2251127545515152,0.0956705506118708,0.08790299994849374,0.4437455426789445
Greene County,vap_oth_b,pre_16_dem_cli,0.7748872454484848,0.0956705506118708,0.5562544573210555,0.912097000051506
Greene County,vap_white,uss_16_rep_por,0.8075982844671543,0.00648696647902623,0.7935487247164589,0.8195839477976132
Greene County,vap_white,uss_16_dem_str,0.1924017155328457,0.00648696647902623,0.18041605220238677,0.20645127528354124
Greene County,vap_black,uss_16_rep_por,0.09707034325733498,0.03041532504947037,0.05438599174063354,0.17235883588253842
Greene County,vap_black,uss_16_dem_str,0.902929656742665,0.03041532504947037,0.8276411641174615,0.9456140082593664
Greene County,vap_hisp,uss_16_rep_por,0.26463150622129017,0.10108162777454092,0.09554339511018176,0.49477051738007066
Greene County,vap_hisp,uss_16_dem_str,0.7353684937787098,0.10108162777454092,0.5052294826199293,0.9044566048898184
Greene County,vap_asian,uss_16_rep_por,0.3209648101490481,0.117316898801243,0.12396286627651568,0.5803739290866041
Greene County,vap_asian,uss_16_dem_str,0.6790351898509519,0.117316898801243,0.41962607091339577,0.8760371337234842
Greene County,vap_aian,uss_16_rep_por,0.4759660541921346,0.1628321479201165,0.16699279015523458,0.7929705075508404
Greene County,vap_aian,uss_16_dem_str,0.5240339458078653,0.1628321479201165,0.20702949244915947,0.8330072098447654
Greene County,vap_oth_b,uss_16_rep_por,0.19113137047791529,0.07631027640472073,0.08172804819860417,0.3732530053875791
Greene County,vap_oth_b,uss_16_dem_str,0.8088686295220847,0.07631027640472073,0.6267469946124208,0.9182719518013958
Greene County,vap_white,uss_18_rep_ren,0.6206527498121974,0.00833443918040535,0.6020876614573796,0.635428213643131
Greene County,vap_white,uss_18_dem_bro,0.37934725018780263,0.00833443918040535,0.3645717863568691,0.3979123385426204
Greene County,vap_black,uss_18_rep_ren,0.11726906999133248,0.03222031390201276,0.05975931708087472,0.1856995811829339
Greene County,vap_black,uss_18_dem_bro,0.8827309300086675,0.03222031390201276,0.8143004188170662,0.9402406829191252
Greene County,vap_hisp,uss_18_rep_ren,0.2607104357964232,0.11495565834320626,0.09749899328899898,0.5431024738872572
Greene County,vap_hisp,uss_18_dem_bro,0.7392895642035767,0.11495565834320624,0.4568975261127427,0.902501006711001
Greene County,vap_asian,uss_18_rep_ren,0.31822626567076656,0.14257781770324757,0.09196914182679344,0.6298232411515102
Greene County,vap_asian,uss_18_dem_bro,0.6817737343292335,0.14257781770324757,0.3701767588484898,0.9080308581732066
Greene County,vap_aian,uss_18_rep_ren,0.4634591009044479,0.1486995711014284,0.19641670578876075,0.749611899466052
Greene County,vap_aian,uss_18_dem_bro,0.5365408990955521,0.1486995711014284,0.250388100533948,0.8035832942112393
Greene County,vap_oth_b,uss_18_rep_ren,0.22828696626137607,0.09220450127482473,0.09741907647486228,0.46824464171515623
Greene County,vap_oth_b,uss_18_dem_bro,0.7717130337386239,0.09220450127482473,0.5317553582848438,0.9025809235251376
Greene County,vap_white,gov_18_rep_dew,0.7092646954364337,0.00760080907284721,0.6931364800802983,0.7223644275329644
Greene County,vap_white,gov_18_dem_cor,0.29073530456356633,0.00760080907284721,0.27763557246703574,0.30686351991970184
Greene County,vap_black,gov_18_rep_dew,0.13626598672592252,0.03743098346090368,0.07532278803258119,0.2199970866699463
Greene County,vap_black,gov_18_dem_cor,0.8637340132740775,0.03743098346090368,0.7800029133300536,0.9246772119674188
Greene County,vap_hisp,gov_18_rep_dew,0.26816337318918043,0.11813161441403112,0.10164387004055588,0.5398943363794372
Greene County,vap_hisp,gov_18_dem_cor,0.7318366268108195,0.11813161441403112,0.46010566362056254,0.8983561299594441
Greene County,vap_asian,gov_18_rep_dew,0.3009320626001041,0.12062917922242164,0.11339130672229222,0.569558343139643
Greene County,vap_asian,gov_18_dem_cor,0.6990679373998959,0.12062917922242164,0.43044165686035696,0.8866086932777077
Greene County,vap_aian,gov_18_rep_dew,0.4379032694567907,0.147412700559766,0.16519050449877698,0.7241418985784971
Greene County,vap_aian,gov_18_dem_cor,0.5620967305432093,0.147412700559766,0.27585810142150285,0.8348094955012229
Greene County,vap_oth_b,gov_18_rep_dew,0.25137839128326134,0.09732911896148108,0.09894067355856748,0.48349725275280425
Greene County,vap_oth_b,gov_18_dem_cor,0.7486216087167387,0.09732911896148108,0.5165027472471956,0.9010593264414326
Greene County,vap_white,atg_18_rep_yos,0.6980456804066565,0.00739965484362444,0.6821394940403747,0.7111208934405832
Greene County,vap_white,atg_18_dem_det,0.30195431959334357,0.00739965484362444,0.28887910655941684,0.3178605059596253
Greene County,vap_black,atg_18_rep_yos,0.11981338777564755,0.03748400525657654,0.06417174846646174,0.21220594668010145
Greene County,vap_black,atg_18_dem_det,0.8801866122243525,0.03748400525657654,0.7877940533198986,0.9358282515335382
Greene County,vap_hisp,atg_18_rep_yos,0.2688829509732952,0.11253357927842451,0.09754227970207913,0.5380911662845698
Greene County,vap_hisp,atg_18_dem_det,0.7311170490267048,0.11253357927842451,0.4619088337154302,0.9024577202979208
Greene County,vap_asian,atg_18_rep_yos,0.31812477889845364,0.134002576891278,0.1133134894758,0.6133317276013879
Greene County,vap_asian,atg_18_dem_det,0.6818752211015464,0.134002576891278,0.38666827239861207,0.8866865105242
Greene County,vap_aian,atg_18_rep_yos,0.47650937107638813,0.17479694675741578,0.15366302508426963,0.7934860329286967
Greene County,vap_aian,atg_18_dem_det,0.5234906289236119,0.17479694675741578,0.2065139670713032,0.8463369749157303
Greene County,vap_oth_b,atg_18_rep_yos,0.2292426066346899,0.09980596257678837,0.08939381435687478,0.4940453249399035
Greene County,vap_oth_b,atg_18_dem_det,0.7707573933653101,0.09980596257678837,0.5059546750600962,0.9106061856431252
Greene County,vap_white,sos_18_rep_lar,0.6932322585024215,0.00773951651293856,0.6774237991589424,0.7071685849111663
Greene County,vap_white,sos_18_dem_cly,0.3067677414975785,0.00773951651293856,0.2928314150888337,0.32257620084105787
Greene County,vap_black,sos_18_rep_lar,0.12478470563338226,0.03447366542170253,0.06771390441395711,0.2002092203759308
Greene County,vap_black,sos_18_dem_cly,0.8752152943666177,0.03447366542170253,0.7997907796240692,0.9322860955860428
Greene County,vap_hisp,sos_18_rep_lar,0.2511837726927243,0.1078035589596846,0.08057807201236288,0.4760952835457491
Greene County,vap_hisp,sos_18_dem_cly,0.7488162273072757,0.1078035589596846,0.5239047164542507,0.9194219279876372
Greene County,vap_asian,sos_18_rep_lar,0.29850122439663473,0.1233616983141874,0.10850989825113584,0.5708875400560788
Greene County,vap_asian,sos_18_dem_cly,0.7014987756033653,0.1233616983141874,0.4291124599439212,0.8914901017488641
Greene County,vap_aian,sos_18_rep_lar,0.45032438057379215,0.16325957688775905,0.1558856290911945,0.7709150142201103
Greene County,vap_aian,sos_18_dem_cly,0.5496756194262079,0.16325957688775905,0.2290849857798897,0.8441143709088056
Greene County,vap_oth_b,sos_18_rep_lar,0.22824693019147252,0.0898843361645779,0.089102889230003,0.4270516661864921
Greene County,vap_oth_b,sos_18_dem_cly,0.7717530698085274,0.0898843361645779,0.5729483338135077,0.910897110769997
Greene County,vap_white,pre_20_rep_tru,0.6800731190104766,0.00729585181652746,0.6640140357011027,0.6924533403939241
Greene County,vap_white,pre_20_dem_bid,0.31992688098952343,0.00729585181652746,0.3075466596060759,0.3359859642988972
Greene County,vap_black,pre_20_rep_tru,0.16216864095797057,0.04357541326333211,0.09924145641736072,0.2672444925347304
Greene County,vap_black,pre_20_dem_bid,0.8378313590420294,0.04357541326333211,0.7327555074652695,0.9007585435826392
Greene County,vap_hisp,pre_20_rep_tru,0.23182390281116164,0.08968033868636044,0.08855236902700517,0.4337316407156993
Greene County,vap_hisp,pre_20_dem_bid,0.7681760971888383,0.08968033868636044,0.5662683592843004,0.9114476309729947
Greene County,vap_asian,pre_20_rep_tru,0.22445570723714425,0.09886203131618858,0.08189923368765237,0.4573705473711493
Greene County,vap_asian,pre_20_dem_bid,0.7755442927628557,0.09886203131618858,0.5426294526288507,0.9181007663123476
Greene County,vap_aian,pre_20_rep_tru,0.4924094113599388,0.17564035026269978,0.1945681705803777,0.8197995115667417
Greene County,vap_aian,pre_20_dem_bid,0.5075905886400612,0.17564035026269978,0.18020048843325828,0.8054318294196223
Greene County,vap_oth_b,pre_20_rep_tru,0.22102140545060803,0.0851481275256307,0.0941032370720383,0.4126079759247204
Greene County,vap_oth_b,pre_20_dem_bid,0.7789785945493919,0.0851481275256307,0.5873920240752795,0.9058967629279616
Guernsey County,vap_white,pre_16_rep_tru,0.7327499164276408,0.0078304186315368,0.7175713188511367,0.7476097698374512
Guernsey County,vap_white,pre_16_dem_cli,0.26725008357235924,0.0078304186315368,0.2523902301625489,0.2824286811488632
Guernsey County,vap_black,pre_16_rep_tru,0.4159702888799629,0.173611376202295,0.11096431384950135,0.7640676484045094
Guernsey County,vap_black,pre_16_dem_cli,0.5840297111200372,0.173611376202295,0.2359323515954905,0.8890356861504987
Guernsey County,vap_hisp,pre_16_rep_tru,0.4861901827349611,0.1664384771304011,0.1763292652823385,0.8069275330393206
Guernsey County,vap_hisp,pre_16_dem_cli,0.5138098172650388,0.1664384771304011,0.19307246696067937,0.8236707347176614
Guernsey County,vap_asian,pre_16_rep_tru,0.4926877591563726,0.1827718454744448,0.13266322651687237,0.8318132824116733
Guernsey County,vap_asian,pre_16_dem_cli,0.5073122408436274,0.1827718454744448,0.16818671758832657,0.8673367734831275
Guernsey County,vap_aian,pre_16_rep_tru,0.48453949301340926,0.1729487467843887,0.1605936118683023,0.8097339091543738
Guernsey County,vap_aian,pre_16_dem_cli,0.5154605069865907,0.1729487467843887,0.19026609084562615,0.8394063881316975
Guernsey County,vap_oth_b,pre_16_rep_tru,0.45624944833368086,0.1684265806791335,0.13791368409715607,0.7753027815034627
Guernsey County,vap_oth_b,pre_16_dem_cli,0.5437505516663191,0.1684265806791335,0.22469721849653732,0.8620863159028438
Guernsey County,vap_white,uss_16_rep_por,0.7641619138265743,0.00754269828564278,0.7490303055179969,0.7782435087127877
Guernsey County,vap_white,uss_16_dem_str,0.23583808617342572,0.00754269828564278,0.2217564912872123,0.2509696944820032
Guernsey County,vap_black,uss_16_rep_por,0.4554690100349214,0.1669223867094306,0.1480426823645421,0.7771047483307021
Guernsey County,vap_black,uss_16_dem_str,0.5445309899650786,0.1669223867094306,0.222895251669298,0.8519573176354578
Guernsey County,vap_hisp,uss_16_rep_por,0.4870687470752996,0.17578565570359664,0.13538664127041825,0.8150078937359045
Guernsey County,vap_hisp,uss_16_dem_str,0.5129312529247004,0.17578565570359664,0.1849921062640953,0.8646133587295818
Guernsey County,vap_asian,uss_16_rep_por,0.4999557098484559,0.17807217631382063,0.16968421168702325,0.8288607615504439
Guernsey County,vap_asian,uss_16_dem_str,0.5000442901515441,0.17807217631382063,0.17113923844955595,0.8303157883129767
Guernsey County,vap_aian,uss_16_rep_por,0.48377072842661495,0.1786344053300696,0.14636089365987007,0.8280076352326533
Guernsey County,vap_aian,uss_16_dem_str,0.516229271573385,0.1786344053300696,0.17199236476734672,0.8536391063401298
Guernsey County,vap_oth_b,uss_16_rep_por,0.4334656005475542,0.1647370168902841,0.1440624977739438,0.7738250944451788
Guernsey County,vap_oth_b,uss_16_dem_str,0.5665343994524458,0.1647370168902841,0.22617490555482112,0.8559375022260562
Guernsey County,vap_white,uss_18_rep_ren,0.6007551142344554,0.00871150794705185,0.584152708408611,0.6177195744232674
Guernsey County,vap_white,uss_18_dem_bro,0.3992448857655447,0.00871150794705185,0.3822804255767326,0.415847291591389
Guernsey County,vap_black,uss_18_rep_ren,0.46528263024549793,0.18071831514755937,0.15023002364417412,0.8396876539556484
Guernsey County,vap_black,uss_18_dem_bro,0.5347173697545021,0.18071831514755937,0.1603123460443515,0.8497699763558259
Guernsey County,vap_hisp,uss_18_rep_ren,0.4947659205198583,0.16149437102023742,0.19459742606225097,0.8053685112529163
Guernsey County,vap_hisp,uss_18_dem_bro,0.5052340794801417,0.16149437102023742,0.1946314887470836,0.8054025739377488
Guernsey County,vap_asian,uss_18_rep_ren,0.5179978515122056,0.16552072350516883,0.1960716083654241,0.8244233109235695
Guernsey County,vap_asian,uss_18_dem_bro,0.4820021484877945,0.16552072350516883,0.17557668907643045,0.8039283916345759
Guernsey County,vap_aian,uss_18_rep_ren,0.5038698834657941,0.17002180049356622,0.1836664674789116,0.8194547893470586
Guernsey County,vap_aian,uss_18_dem_bro,0.4961301165342059,0.17002180049356622,0.18054521065294127,0.8163335325210883
Guernsey County,vap_oth_b,uss_18_rep_ren,0.439884230877325,0.17372940115555915,0.10130953828133207,0.7637537767532446
Guernsey County,vap_oth_b,uss_18_dem_bro,0.560115769122675,0.17372940115555915,0.23624622324675548,0.8986904617186677
Guernsey County,vap_white,gov_18_rep_dew,0.6804968513352136,0.00808459670938586,0.6641649997850236,0.695575582611577
Guernsey County,vap_white,gov_18_dem_cor,0.3195031486647864,0.00808459670938586,0.30442441738842296,0.33583500021497636
Guernsey County,vap_black,gov_18_rep_dew,0.4575951023324484,0.1684914955488969,0.14967781118619708,0.7859682091822054
Guernsey County,vap_black,gov_18_dem_cor,0.5424048976675516,0.1684914955488969,0.21403179081779444,0.8503221888138028
Guernsey County,vap_hisp,gov_18_rep_dew,0.4821592256353712,0.17293404565799958,0.17402236872711718,0.8223440033637764
Guernsey County,vap_hisp,gov_18_dem_cor,0.5178407743646287,0.17293404565799958,0.1776559966362234,0.8259776312728826
Guernsey County,vap_asian,gov_18_rep_dew,0.4904981050052047,0.17670010477562162,0.15172874687291968,0.8267919033415652
Guernsey County,vap_asian,gov_18_dem_cor,0.5095018949947954,0.17670010477562162,0.17320809665843484,0.8482712531270804
Guernsey County,vap_aian,gov_18_rep_dew,0.48397455279283863,0.18536193116731023,0.1521867529758751,0.8402495233477187
Guernsey County,vap_aian,gov_18_dem_cor,0.5160254472071614,0.18536193116731023,0.15975047665228126,0.8478132470241247
Guernsey County,vap_oth_b,gov_18_rep_dew,0.4376707506909731,0.16242811171981972,0.15829633583575553,0.7714508300321883
Guernsey County,vap_oth_b,gov_18_dem_cor,0.5623292493090268,0.16242811171981972,0.22854916996781172,0.8417036641642445
Guernsey County,vap_white,atg_18_rep_yos,0.6759097963997872,0.00813684400110459,0.6596758639261566,0.6911954437990789
Guernsey County,vap_white,atg_18_dem_det,0.32409020360021285,0.00813684400110459,0.30880455620092095,0.34032413607384343
Guernsey County,vap_black,atg_18_rep_yos,0.47532765875845734,0.1839357277287388,0.1399640542136151,0.8543742165166802
Guernsey County,vap_black,atg_18_dem_det,0.5246723412415427,0.1839357277287388,0.14562578348331975,0.860035945786385
Guernsey County,vap_hisp,atg_18_rep_yos,0.4733099210384444,0.17476026431040764,0.16084655897059102,0.8239241090668458
Guernsey County,vap_hisp,atg_18_dem_det,0.5266900789615555,0.17476026431040764,0.17607589093315415,0.8391534410294089
Guernsey County,vap_asian,atg_18_rep_yos,0.503216512313234,0.1682812303202985,0.19778879235255797,0.8189022934925622
Guernsey County,vap_asian,atg_18_dem_det,0.49678348768676595,0.1682812303202985,0.18109770650743784,0.802211207647442
Guernsey County,vap_aian,atg_18_rep_yos,0.4858693797281381,0.16660640905601265,0.1832900317398557,0.8082550387154063
Guernsey County,vap_aian,atg_18_dem_det,0.514130620271862,0.16660640905601265,0.1917449612845936,0.816709968260144
Guernsey County,vap_oth_b,atg_18_rep_yos,0.45100587022273875,0.1576815333198022,0.16994575427861644,0.7708159023604187
Guernsey County,vap_oth_b,atg_18_dem_det,0.5489941297772613,0.1576815333198022,0.22918409763958136,0.8300542457213835
Guernsey County,vap_white,sos_18_rep_lar,0.6720462037367164,0.0087301128795445,0.6547525001546023,0.6884986755504406
Guernsey County,vap_white,sos_18_dem_cly,0.32795379626328364,0.0087301128795445,0.31150132444955925,0.34524749984539777
Guernsey County,vap_black,sos_18_rep_lar,0.4774883871888081,0.21078156069873732,0.12726179556477157,0.9074139476228956
Guernsey County,vap_black,sos_18_dem_cly,0.522511612811192,0.2107815606987373,0.09258605237710438,0.8727382044352284
Guernsey County,vap_hisp,sos_18_rep_lar,0.4812126466480338,0.17456748570879438,0.1634727780369331,0.8133687088622277
Guernsey County,vap_hisp,sos_18_dem_cly,0.5187873533519661,0.17456748570879438,0.18663129113777213,0.8365272219630668
Guernsey County,vap_asian,sos_18_rep_lar,0.48443679612643864,0.17224242179246474,0.15660372112608137,0.8144627301558179
Guernsey County,vap_asian,sos_18_dem_cly,0.5155632038735614,0.17224242179246474,0.1855372698441821,0.8433962788739185
Guernsey County,vap_aian,sos_18_rep_lar,0.4682219257777479,0.17692756739906995,0.13349366731703974,0.7849682874668744
Guernsey County,vap_aian,sos_18_dem_cly,0.5317780742222521,0.17692756739906995,0.21503171253312553,0.8665063326829603
Guernsey County,vap_oth_b,sos_18_rep_lar,0.43434985096544554,0.17125350882990864,0.1272473701107864,0.784164977302352
Guernsey County,vap_oth_b,sos_18_dem_cly,0.5656501490345545,0.1712535088299086,0.215835022697648,0.8727526298892135
Guernsey County,vap_white,pre_20_rep_tru,0.762558562150129,0.0080030937514773,0.746804954506971,0.7773187951008151
Guernsey County,vap_white,pre_20_dem_bid,0.2374414378498711,0.0080030937514773,0.22268120489918483,0.2531950454930289
Guernsey County,vap_black,pre_20_rep_tru,0.4399765588036027,0.16543289691659394,0.14695245364356763,0.7743543960664168
Guernsey County,vap_black,pre_20_dem_bid,0.5600234411963972,0.16543289691659394,0.2256456039335832,0.853047546356432
Guernsey County,vap_hisp,pre_20_rep_tru,0.4714203712137264,0.18135340598524993,0.1489415161599779,0.840784243894744
Guernsey County,vap_hisp,pre_20_dem_bid,0.5285796287862735,0.18135340598524993,0.15921575610525593,0.851058483840022
Guernsey County,vap_asian,pre_20_rep_tru,0.5037169622749376,0.16944725353739098,0.192967282583525,0.8240737385780398
Guernsey County,vap_asian,pre_20_dem_bid,0.4962830377250625,0.16944725353739098,0.17592626142196008,0.807032717416475
Guernsey County,vap_aian,pre_20_rep_tru,0.486995831172919,0.16166603703853086,0.1889752870907258,0.8089413288036895
Guernsey County,vap_aian,pre_20_dem_bid,0.513004168827081,0.16166603703853086,0.19105867119631045,0.8110247129092741
Guernsey County,vap_oth_b,pre_20_rep_tru,0.4280933918396634,0.17200793971505426,0.12641677299040502,0.7668549138311234
Guernsey County,vap_oth_b,pre_20_dem_bid,0.5719066081603367,0.17200793971505426,0.23314508616887655,0.8735832270095951
Hamilton County,vap_white,pre_16_rep_tru,0.6295979880672312,0.00289166863189637,0.6239145576824294,0.635199182236035
Hamilton County,vap_white,pre_16_dem_cli,0.3704020119327687,0.00289166863189637,0.364800817763965,0.3760854423175705
Hamilton County,vap_black,pre_16_rep_tru,0.01779854755509,0.002768768456962,0.01280559065268563,0.02379886676710849
Hamilton County,vap_black,pre_16_dem_cli,0.98220145244491,0.002768768456962,0.9762011332328916,0.9871944093473144
Hamilton County,vap_hisp,pre_16_rep_tru,0.11961868113758996,0.02642857857156393,0.07806269118829459,0.183212875872706
Hamilton County,vap_hisp,pre_16_dem_cli,0.88038131886241,0.02642857857156394,0.8167871241272938,0.9219373088117052
Hamilton County,vap_asian,pre_16_rep_tru,0.1565575959256446,0.04315137355229023,0.08337751868440721,0.24555648596407517
Hamilton County,vap_asian,pre_16_dem_cli,0.8434424040743554,0.04315137355229023,0.7544435140359249,0.9166224813155928
Hamilton County,vap_aian,pre_16_rep_tru,0.3437311234198369,0.15697357742116327,0.11888788320569992,0.7233310289926879
Hamilton County,vap_aian,pre_16_dem_cli,0.6562688765801631,0.15697357742116327,0.276668971007312,0.8811121167943
Hamilton County,vap_oth_b,pre_16_rep_tru,0.07667848180270898,0.02074507224578304,0.04604645046552422,0.12980824091701793
Hamilton County,vap_oth_b,pre_16_dem_cli,0.9233215181972908,0.02074507224578304,0.8701917590829819,0.9539535495344758
Hamilton County,vap_white,uss_16_rep_por,0.7733962670448501,0.00340551795656454,0.7661852765625753,0.7796659431214454
Hamilton County,vap_white,uss_16_dem_str,0.2266037329551499,0.00340551795656454,0.22033405687855465,0.2338147234374248
Hamilton County,vap_black,uss_16_rep_por,0.02956250074973585,0.00399528809386482,0.02236139828877511,0.03776894574732929
Hamilton County,vap_black,uss_16_dem_str,0.970437499250264,0.00399528809386482,0.9622310542526707,0.9776386017112249
Hamilton County,vap_hisp,uss_16_rep_por,0.21276714331697988,0.06184238423655146,0.11406067042669754,0.3393280134593593
Hamilton County,vap_hisp,uss_16_dem_str,0.78723285668302,0.06184238423655146,0.6606719865406406,0.8859393295733025
Hamilton County,vap_asian,uss_16_rep_por,0.27673284074529664,0.07347873356885916,0.13848652084868643,0.4297865486462156
Hamilton County,vap_asian,uss_16_dem_str,0.7232671592547034,0.07347873356885916,0.5702134513537844,0.8615134791513136
Hamilton County,vap_aian,uss_16_rep_por,0.4862738613935096,0.1876682417773879,0.16775192674938916,0.8078644226654544
Hamilton County,vap_aian,uss_16_dem_str,0.5137261386064904,0.1876682417773879,0.1921355773345454,0.8322480732506108
Hamilton County,vap_oth_b,uss_16_rep_por,0.14239194936144806,0.04312702162153349,0.07502451659446996,0.24339169841882696
Hamilton County,vap_oth_b,uss_16_dem_str,0.8576080506385518,0.04312702162153349,0.7566083015811729,0.92497548340553
Hamilton County,vap_white,uss_18_rep_ren,0.5650336672035601,0.0030540583810364,0.5589872585321017,0.570720233743103
Hamilton County,vap_white,uss_18_dem_bro,0.4349663327964399,0.0030540583810364,0.429279766256897,0.44101274146789815
Hamilton County,vap_black,uss_18_rep_ren,0.01710518586558678,0.00281085039133753,0.01219989674787113,0.02328844428865937
Hamilton County,vap_black,uss_18_dem_bro,0.9828948141344132,0.00281085039133753,0.9767115557113406,0.987800103252129
Hamilton County,vap_hisp,uss_18_rep_ren,0.1092674565625072,0.02583682565246459,0.06697356937115195,0.16791974375277022
Hamilton County,vap_hisp,uss_18_dem_bro,0.8907325434374928,0.02583682565246459,0.8320802562472296,0.933026430628848
Hamilton County,vap_asian,uss_18_rep_ren,0.1086648317925296,0.03867878250750082,0.05072443668217256,0.19872676634966227
Hamilton County,vap_asian,uss_18_dem_bro,0.8913351682074705,0.03867878250750082,0.8012732336503376,0.9492755633178274
Hamilton County,vap_aian,uss_18_rep_ren,0.4136655357468713,0.13585786978016612,0.1912156304346108,0.6814853681815954
Hamilton County,vap_aian,uss_18_dem_bro,0.5863344642531286,0.13585786978016612,0.3185146318184046,0.8087843695653892
Hamilton County,vap_oth_b,uss_18_rep_ren,0.0912549707924755,0.02331460433504998,0.05217811017594081,0.14613633376265983
Hamilton County,vap_oth_b,uss_18_dem_bro,0.9087450292075244,0.02331460433504998,0.8538636662373401,0.9478218898240592
Hamilton County,vap_white,gov_18_rep_dew,0.62428836904119,0.00283021907716386,0.6185594397133904,0.629612150075501
Hamilton County,vap_white,gov_18_dem_cor,0.37571163095881,0.00283021907716386,0.3703878499244989,0.3814405602866095
Hamilton County,vap_black,gov_18_rep_dew,0.01799612221985356,0.00283367332345649,0.01309441768951772,0.02399078378734246
Hamilton County,vap_black,gov_18_dem_cor,0.9820038777801464,0.00283367332345649,0.9760092162126576,0.9869055823104824
Hamilton County,vap_hisp,gov_18_rep_dew,0.131261234648839,0.02956104728380922,0.08249850042274971,0.19313221303812728
Hamilton County,vap_hisp,gov_18_dem_cor,0.8687387653511609,0.02956104728380922,0.8068677869618727,0.9175014995772502
Hamilton County,vap_asian,gov_18_rep_dew,0.13703249056952851,0.04291987678127122,0.06765814196717711,0.23452302228767336
Hamilton County,vap_asian,gov_18_dem_cor,0.8629675094304715,0.04291987678127122,0.7654769777123267,0.9323418580328232
Hamilton County,vap_aian,gov_18_rep_dew,0.4614247338687373,0.15490070304764988,0.19644436883852937,0.7999410603680565
Hamilton County,vap_aian,gov_18_dem_cor,0.5385752661312627,0.15490070304764988,0.2000589396319433,0.8035556311614704
Hamilton County,vap_oth_b,gov_18_rep_dew,0.09521638476818214,0.02606041746184511,0.0563238068189087,0.15775741654009412
Hamilton County,vap_oth_b,gov_18_dem_cor,0.9047836152318176,0.02606041746184511,0.8422425834599059,0.9436761931810912
Hamilton County,vap_white,atg_18_rep_yos,0.6129201091713505,0.0027076997445599,0.6074716985573781,0.6179104246228476
Hamilton County,vap_white,atg_18_dem_det,0.3870798908286494,0.0027076997445599,0.3820895753771525,0.39252830144262185
Hamilton County,vap_black,atg_18_rep_yos,0.01801645140146494,0.00288294674917715,0.01275757255508016,0.02390119374659811
Hamilton County,vap_black,atg_18_dem_det,0.9819835485985352,0.00288294674917715,0.9760988062534018,0.9872424274449196
Hamilton County,vap_hisp,atg_18_rep_yos,0.13637256890080793,0.03373025718668945,0.0768754371522931,0.2169669248476574
Hamilton County,vap_hisp,atg_18_dem_det,0.863627431099192,0.03373025718668945,0.7830330751523426,0.9231245628477068
Hamilton County,vap_asian,atg_18_rep_yos,0.1282284535706152,0.03673390459302728,0.06945726684085199,0.2132344205916432
Hamilton County,vap_asian,atg_18_dem_det,0.8717715464293848,0.03673390459302728,0.7867655794083569,0.930542733159148
Hamilton County,vap_aian,atg_18_rep_yos,0.40746726364086017,0.15591874533142533,0.15148388399290005,0.7314729270032169
Hamilton County,vap_aian,atg_18_dem_det,0.5925327363591398,0.15591874533142533,0.268527072996783,0.8485161160070999
Hamilton County,vap_oth_b,atg_18_rep_yos,0.07384135526926502,0.01734793550420786,0.04522730488796101,0.11381057692516208
Hamilton County,vap_oth_b,atg_18_dem_det,0.9261586447307348,0.01734793550420786,0.8861894230748377,0.954772695112039
Hamilton County,vap_white,sos_18_rep_lar,0.6145577010549619,0.00247835830043402,0.6094030017679469,0.6191936081794255
Hamilton County,vap_white,sos_18_dem_cly,0.3854422989450381,0.00247835830043402,0.3808063918205746,0.3905969982320531
Hamilton County,vap_black,sos_18_rep_lar,0.0181878971439032,0.00282595850469151,0.01318131890368127,0.02429643695006096
Hamilton County,vap_black,sos_18_dem_cly,0.9818121028560968,0.00282595850469151,0.9757035630499392,0.9868186810963188
Hamilton County,vap_hisp,sos_18_rep_lar,0.1181802103676336,0.02212970248351024,0.07995532155437864,0.16626997137999147
Hamilton County,vap_hisp,sos_18_dem_cly,0.8818197896323663,0.02212970248351024,0.8337300286200084,0.9200446784456212
Hamilton County,vap_asian,sos_18_rep_lar,0.13827210390664274,0.0345984195631957,0.0773482889965562,0.2153979652186311
Hamilton County,vap_asian,sos_18_dem_cly,0.8617278960933573,0.0345984195631957,0.7846020347813689,0.922651711003444
Hamilton County,vap_aian,sos_18_rep_lar,0.4090253259446311,0.16792799659357108,0.13691881551105103,0.8060267585438938
Hamilton County,vap_aian,sos_18_dem_cly,0.5909746740553689,0.16792799659357108,0.1939732414561058,0.8630811844889488
Hamilton County,vap_oth_b,sos_18_rep_lar,0.07845818217740826,0.01974486729362756,0.04502846131433414,0.1234734253661842
Hamilton County,vap_oth_b,sos_18_dem_cly,0.9215418178225916,0.01974486729362756,0.8765265746338158,0.9549715386856658
Hamilton County,vap_white,pre_20_rep_tru,0.5802645101242476,0.00298386545915953,0.5743893388750843,0.5856162942043951
Hamilton County,vap_white,pre_20_dem_bid,0.4197354898757523,0.00298386545915953,0.414383705795605,0.4256106611249157
Hamilton County,vap_black,pre_20_rep_tru,0.01935968427360725,0.00292397915129507,0.01405839115337771,0.02549804360596238
Hamilton County,vap_black,pre_20_dem_bid,0.9806403157263928,0.00292397915129507,0.9745019563940376,0.9859416088466224
Hamilton County,vap_hisp,pre_20_rep_tru,0.10855527556310177,0.02642273543203019,0.06365956444794751,0.16564716909690017
Hamilton County,vap_hisp,pre_20_dem_bid,0.8914447244368982,0.02642273543203018,0.8343528309030998,0.9363404355520524
Hamilton County,vap_asian,pre_20_rep_tru,0.12515662247153092,0.03313165230609206,0.06962012609653186,0.1975314030252184
Hamilton County,vap_asian,pre_20_dem_bid,0.8748433775284692,0.03313165230609206,0.8024685969747816,0.9303798739034682
Hamilton County,vap_aian,pre_20_rep_tru,0.5185511954511233,0.16311491991100785,0.23244063721097297,0.8304499752847871
Hamilton County,vap_aian,pre_20_dem_bid,0.48144880454887673,0.16311491991100785,0.16955002471521274,0.767559362789027
Hamilton County,vap_oth_b,pre_20_rep_tru,0.10107011106445092,0.02732331960800048,0.05906132348362037,0.16027882565294424
Hamilton County,vap_oth_b,pre_20_dem_bid,0.898929888935549,0.02732331960800048,0.8397211743470556,0.9409386765163796
Hancock County,vap_white,pre_16_rep_tru,0.747970289830572,0.01030339179447738,0.7253586265435593,0.7658452937918581
Hancock County,vap_white,pre_16_dem_cli,0.25202971016942805,0.01030339179447738,0.23415470620814197,0.2746413734564407
Hancock County,vap_black,pre_16_rep_tru,0.3910293475035411,0.15452624248875527,0.13257433534070728,0.7067153667249497
Hancock County,vap_black,pre_16_dem_cli,0.6089706524964589,0.15452624248875527,0.2932846332750502,0.8674256646592926
Hancock County,vap_hisp,pre_16_rep_tru,0.32786767928675387,0.143904981235544,0.10472890148393618,0.6675355090633831
Hancock County,vap_hisp,pre_16_dem_cli,0.6721323207132461,0.143904981235544,0.3324644909366169,0.8952710985160638
Hancock County,vap_asian,pre_16_rep_tru,0.3967491087680024,0.15064236147745105,0.1419493382247091,0.7134729841595215
Hancock County,vap_asian,pre_16_dem_cli,0.6032508912319976,0.15064236147745105,0.28652701584047857,0.858050661775291
Hancock County,vap_aian,pre_16_rep_tru,0.4793005922049768,0.17107140746874097,0.154906833453147,0.802293751017725
Hancock County,vap_aian,pre_16_dem_cli,0.5206994077950232,0.17107140746874097,0.19770624898227487,0.8450931665468531
Hancock County,vap_oth_b,pre_16_rep_tru,0.4479347872439762,0.16174483865465822,0.154226583004399,0.785110821169079
Hancock County,vap_oth_b,pre_16_dem_cli,0.5520652127560238,0.16174483865465822,0.21488917883092093,0.845773416995601
Hancock County,vap_white,uss_16_rep_por,0.811014733042442,0.00948009129543321,0.7913020988468323,0.8275691313971908
Hancock County,vap_white,uss_16_dem_str,0.18898526695755805,0.00948009129543321,0.1724308686028092,0.2086979011531677
Hancock County,vap_black,uss_16_rep_por,0.35264376007195775,0.15392247246539453,0.11467116093735048,0.6917638568313076
Hancock County,vap_black,uss_16_dem_str,0.6473562399280423,0.15392247246539453,0.3082361431686923,0.8853288390626495
Hancock County,vap_hisp,uss_16_rep_por,0.2827790809434917,0.11657533111319088,0.1005909768625294,0.5453313512069354
Hancock County,vap_hisp,uss_16_dem_str,0.7172209190565083,0.11657533111319088,0.45466864879306457,0.8994090231374705
Hancock County,vap_asian,uss_16_rep_por,0.40803665127800814,0.17344957195053087,0.10947189613045796,0.7577159472170795
Hancock County,vap_asian,uss_16_dem_str,0.5919633487219919,0.17344957195053087,0.2422840527829203,0.8905281038695422
Hancock County,vap_aian,uss_16_rep_por,0.4597778507399851,0.1843517599719789,0.1164103119834764,0.8066702586039546
Hancock County,vap_aian,uss_16_dem_str,0.5402221492600149,0.1843517599719789,0.19332974139604503,0.8835896880165235
Hancock County,vap_oth_b,uss_16_rep_por,0.3684160257930061,0.17053930618526042,0.09506240492486112,0.7294196020814605
Hancock County,vap_oth_b,uss_16_dem_str,0.631583974206994,0.17053930618526042,0.2705803979185393,0.9049375950751388
Hancock County,vap_white,uss_18_rep_ren,0.6262090597572157,0.01024140157118849,0.6034701904259422,0.6443811246704255
Hancock County,vap_white,uss_18_dem_bro,0.3737909402427843,0.01024140157118849,0.35561887532957454,0.3965298095740579
Hancock County,vap_black,uss_18_rep_ren,0.3534312231001673,0.17938521979927496,0.07813851720487652,0.7220900828003094
Hancock County,vap_black,uss_18_dem_bro,0.6465687768998327,0.17938521979927496,0.27790991719969055,0.9218614827951233
Hancock County,vap_hisp,uss_18_rep_ren,0.3406083297910251,0.13390724405361434,0.1277634005120288,0.636193517434266
Hancock County,vap_hisp,uss_18_dem_bro,0.6593916702089749,0.13390724405361434,0.363806482565734,0.8722365994879713
Hancock County,vap_asian,uss_18_rep_ren,0.4431771839418307,0.16792676435820147,0.16214540227428562,0.7800884312880783
Hancock County,vap_asian,uss_18_dem_bro,0.5568228160581693,0.16792676435820147,0.21991156871192177,0.8378545977257144
Hancock County,vap_aian,uss_18_rep_ren,0.5137353706540734,0.1698995597891572,0.20496970673687992,0.8428010144726913
Hancock County,vap_aian,uss_18_dem_bro,0.48626462934592657,0.1698995597891572,0.1571989855273086,0.79503029326312
Hancock County,vap_oth_b,uss_18_rep_ren,0.43669513235656826,0.15406766692725044,0.1667106755019484,0.7420072663907165
Hancock County,vap_oth_b,uss_18_dem_bro,0.5633048676434317,0.15406766692725044,0.25799273360928343,0.8332893244980515
Hancock County,vap_white,gov_18_rep_dew,0.7175125620147711,0.010244794526657,0.6958361303975288,0.7356396280417833
Hancock County,vap_white,gov_18_dem_cor,0.2824874379852289,0.010244794526657,0.26436037195821677,0.3041638696024715
Hancock County,vap_black,gov_18_rep_dew,0.3762168463421312,0.15406522656035254,0.12765623478469826,0.7113795659196197
Hancock County,vap_black,gov_18_dem_cor,0.6237831536578687,0.15406522656035254,0.28862043408038024,0.8723437652153017
Hancock County,vap_hisp,gov_18_rep_dew,0.31953512867623896,0.1434066662616353,0.10769139969007516,0.6685414829492093
Hancock County,vap_hisp,gov_18_dem_cor,0.6804648713237611,0.1434066662616353,0.3314585170507906,0.8923086003099249
Hancock County,vap_asian,gov_18_rep_dew,0.4463170288047088,0.1710473797746626,0.1537943370512646,0.7958790119627819
Hancock County,vap_asian,gov_18_dem_cor,0.5536829711952913,0.1710473797746626,0.2041209880372181,0.8462056629487356
Hancock County,vap_aian,gov_18_rep_dew,0.5241212976850462,0.17590511193026634,0.19853962845696935,0.8614413493885962
Hancock County,vap_aian,gov_18_dem_cor,0.4758787023149537,0.17590511193026634,0.13855865061140388,0.8014603715430306
Hancock County,vap_oth_b,gov_18_rep_dew,0.42192347218110504,0.1681620312190116,0.14079094442907303,0.752050152061246
Hancock County,vap_oth_b,gov_18_dem_cor,0.578076527818895,0.1681620312190116,0.24794984793875385,0.8592090555709271
Hancock County,vap_white,atg_18_rep_yos,0.7139291784628171,0.01037052839949737,0.6912800339299372,0.7322791697033489
Hancock County,vap_white,atg_18_dem_det,0.28607082153718294,0.01037052839949737,0.26772083029665117,0.30871996607006286
Hancock County,vap_black,atg_18_rep_yos,0.4209484139999864,0.1787411851117998,0.1354998640544227,0.8287310396220138
Hancock County,vap_black,atg_18_dem_det,0.5790515860000136,0.1787411851117998,0.17126896037798608,0.8645001359455771
Hancock County,vap_hisp,atg_18_rep_yos,0.31414111326451827,0.13557428111885797,0.09999391540750135,0.6177602379388417
Hancock County,vap_hisp,atg_18_dem_det,0.6858588867354817,0.13557428111885797,0.382239762061158,0.9000060845924988
Hancock County,vap_asian,atg_18_rep_yos,0.43546475641364735,0.16319839306680411,0.15127664026215198,0.7544200539689536
Hancock County,vap_asian,atg_18_dem_det,0.5645352435863527,0.16319839306680411,0.24557994603104627,0.8487233597378481
Hancock County,vap_aian,atg_18_rep_yos,0.5042771608470126,0.16170352058337287,0.19568043081351755,0.8090077743292293
Hancock County,vap_aian,atg_18_dem_det,0.4957228391529873,0.16170352058337287,0.19099222567077068,0.8043195691864824
Hancock County,vap_oth_b,atg_18_rep_yos,0.4186686495582977,0.1463540692485132,0.16430892715554393,0.7352116099704152
Hancock County,vap_oth_b,atg_18_dem_det,0.5813313504417024,0.1463540692485132,0.2647883900295848,0.8356910728444561
Hancock County,vap_white,sos_18_rep_lar,0.7165801039493573,0.01039484982251015,0.6956874255854759,0.7364461002677674
Hancock County,vap_white,sos_18_dem_cly,0.28341989605064277,0.01039484982251015,0.26355389973223264,0.3043125744145242
Hancock County,vap_black,sos_18_rep_lar,0.3808508438944306,0.14941165835870676,0.112606341472339,0.674602585557461
Hancock County,vap_black,sos_18_dem_cly,0.6191491561055694,0.14941165835870676,0.325397414442539,0.8873936585276612
Hancock County,vap_hisp,sos_18_rep_lar,0.3319536435904292,0.1385373014606604,0.11851896729402316,0.6744328808899619
Hancock County,vap_hisp,sos_18_dem_cly,0.6680463564095708,0.1385373014606604,0.3255671191100379,0.8814810327059768
Hancock County,vap_asian,sos_18_rep_lar,0.404840652817099,0.18242732351551455,0.09746087942938268,0.7635526488810441
Hancock County,vap_asian,sos_18_dem_cly,0.595159347182901,0.18242732351551455,0.23644735111895585,0.9025391205706172
Hancock County,vap_aian,sos_18_rep_lar,0.5124806618698271,0.17689755783523,0.1604221624638245,0.8254564789190273
Hancock County,vap_aian,sos_18_dem_cly,0.4875193381301729,0.17689755783523,0.17454352108097265,0.839577837536175
Hancock County,vap_oth_b,sos_18_rep_lar,0.4418627770335843,0.17834580322654356,0.1433034831649053,0.8046733194227089
Hancock County,vap_oth_b,sos_18_dem_cly,0.5581372229664158,0.17834580322654356,0.19532668057729108,0.8566965168350947
Hancock County,vap_white,pre_20_rep_tru,0.7228934336492772,0.00962171580258087,0.7033184925817227,0.7403207162794978
Hancock County,vap_white,pre_20_dem_bid,0.27710656635072295,0.00962171580258087,0.2596792837205023,0.2966815074182773
Hancock County,vap_black,pre_20_rep_tru,0.4050076385019856,0.1552783964995351,0.14335977061908634,0.7146727706382836
Hancock County,vap_black,pre_20_dem_bid,0.5949923614980144,0.1552783964995351,0.28532722936171634,0.8566402293809136
Hancock County,vap_hisp,pre_20_rep_tru,0.29884288071527343,0.12321092708161044,0.11213883627432444,0.5734090238228686
Hancock County,vap_hisp,pre_20_dem_bid,0.7011571192847266,0.12321092708161044,0.4265909761771315,0.8878611637256755
Hancock County,vap_asian,pre_20_rep_tru,0.39913619881706025,0.15044448299107707,0.13420575666109477,0.7168476155496459
Hancock County,vap_asian,pre_20_dem_bid,0.6008638011829398,0.15044448299107707,0.2831523844503539,0.8657942433389052
Hancock County,vap_aian,pre_20_rep_tru,0.49768811758079384,0.16788230272242058,0.1977381607632775,0.8193730090240716
Hancock County,vap_aian,pre_20_dem_bid,0.5023118824192061,0.16788230272242058,0.18062699097592835,0.8022618392367225
Hancock County,vap_oth_b,pre_20_rep_tru,0.4471861711996124,0.16336785889150351,0.1664514030581429,0.7829175797618718
Hancock County,vap_oth_b,pre_20_dem_bid,0.5528138288003877,0.16336785889150351,0.21708242023812815,0.833548596941857
Hardin County,vap_white,pre_16_rep_tru,0.7724959534194175,0.00733591932838354,0.7581166622318721,0.7868251571610247
Hardin County,vap_white,pre_16_dem_cli,0.2275040465805826,0.00733591932838354,0.21317484283897525,0.24188333776812784
Hardin County,vap_black,pre_16_rep_tru,0.4661991632086437,0.18358684254878263,0.11912974838874392,0.8146326575023223
Hardin County,vap_black,pre_16_dem_cli,0.5338008367913564,0.18358684254878263,0.18536734249767767,0.8808702516112561
Hardin County,vap_hisp,pre_16_rep_tru,0.4870665324208944,0.16989113204137893,0.15808172892760022,0.8036968860672045
Hardin County,vap_hisp,pre_16_dem_cli,0.5129334675791055,0.16989113204137893,0.19630311393279545,0.8419182710723996
Hardin County,vap_asian,pre_16_rep_tru,0.47284104318483366,0.1778531144272341,0.1322996315159654,0.8082664008131951
Hardin County,vap_asian,pre_16_dem_cli,0.5271589568151663,0.1778531144272341,0.19173359918680472,0.8677003684840345
Hardin County,vap_aian,pre_16_rep_tru,0.4837434593467331,0.1845623365626815,0.14270824498513732,0.8289209670954273
Hardin County,vap_aian,pre_16_dem_cli,0.5162565406532669,0.1845623365626815,0.1710790329045726,0.8572917550148627
Hardin County,vap_oth_b,pre_16_rep_tru,0.4870825748966141,0.1753551959653284,0.1605169700156492,0.8226581766503861
Hardin County,vap_oth_b,pre_16_dem_cli,0.512917425103386,0.1753551959653284,0.1773418233496138,0.8394830299843508
Hardin County,vap_white,uss_16_rep_por,0.8031084672447486,0.00729487674932251,0.7887780328534789,0.8168964339864524
Hardin County,vap_white,uss_16_dem_str,0.19689153275525145,0.00729487674932251,0.18310356601354752,0.211221967146521
Hardin County,vap_black,uss_16_rep_por,0.5055742455339703,0.19024283709618053,0.1613838930909828,0.8605577830106388
Hardin County,vap_black,uss_16_dem_str,0.4944257544660297,0.19024283709618053,0.1394422169893611,0.8386161069090171
Hardin County,vap_hisp,uss_16_rep_por,0.466612670646327,0.168894060232167,0.1482858420811561,0.7897161021866616
Hardin County,vap_hisp,uss_16_dem_str,0.533387329353673,0.168894060232167,0.21028389781333817,0.8517141579188439
Hardin County,vap_asian,uss_16_rep_por,0.4932262642307644,0.17966026883694272,0.1629451589677513,0.8381953058948586
Hardin County,vap_asian,uss_16_dem_str,0.5067737357692357,0.17966026883694272,0.16180469410514123,0.8370548410322486
Hardin County,vap_aian,uss_16_rep_por,0.4745071490329852,0.17020789525444951,0.15654862941986192,0.7998781730921917
Hardin County,vap_aian,uss_16_dem_str,0.5254928509670147,0.17020789525444951,0.20012182690780825,0.843451370580138
Hardin County,vap_oth_b,uss_16_rep_por,0.4978615451734173,0.17190253073133951,0.18694742138625775,0.8257212100971186
Hardin County,vap_oth_b,uss_16_dem_str,0.5021384548265828,0.17190253073133951,0.17427878990288145,0.8130525786137421
Hardin County,vap_white,uss_18_rep_ren,0.6422370795334337,0.00812050765222905,0.6269561954693972,0.6583332247492729
Hardin County,vap_white,uss_18_dem_bro,0.3577629204665663,0.00812050765222905,0.34166677525072703,0.3730438045306028
Hardin County,vap_black,uss_18_rep_ren,0.49296816519794534,0.18606762811045205,0.14816521346516223,0.8632065307459945
Hardin County,vap_black,uss_18_dem_bro,0.5070318348020547,0.18606762811045205,0.13679346925400554,0.8518347865348378
Hardin County,vap_hisp,uss_18_rep_ren,0.4854061919157603,0.1659067560576157,0.1743795020757377,0.8072489551130958
Hardin County,vap_hisp,uss_18_dem_bro,0.5145938080842396,0.16590675605761568,0.1927510448869041,0.825620497924262
Hardin County,vap_asian,uss_18_rep_ren,0.4933409731424761,0.18012582896202983,0.1515874999459514,0.8220711618245001
Hardin County,vap_asian,uss_18_dem_bro,0.506659026857524,0.18012582896202983,0.1779288381754998,0.8484125000540487
Hardin County,vap_aian,uss_18_rep_ren,0.49724036272946026,0.17802375796427755,0.1746650472916408,0.8466979985429494
Hardin County,vap_aian,uss_18_dem_bro,0.5027596372705397,0.17802375796427755,0.15330200145705028,0.8253349527083591
Hardin County,vap_oth_b,uss_18_rep_ren,0.47323053764917467,0.17860091927055027,0.1406366221983571,0.8071481977285176
Hardin County,vap_oth_b,uss_18_dem_bro,0.5267694623508253,0.17860091927055027,0.1928518022714825,0.859363377801643
Hardin County,vap_white,gov_18_rep_dew,0.7156934026996943,0.00781182128333106,0.700432349014608,0.7307722456526322
Hardin County,vap_white,gov_18_dem_cor,0.2843065973003057,0.00781182128333106,0.26922775434736784,0.29956765098539195
Hardin County,vap_black,gov_18_rep_dew,0.4910080178709933,0.17262504789654687,0.17775809619169128,0.8227639327330223
Hardin County,vap_black,gov_18_dem_cor,0.5089919821290068,0.17262504789654687,0.17723606726697774,0.8222419038083087
Hardin County,vap_hisp,gov_18_rep_dew,0.4815653923321317,0.1684358422679533,0.16529238371836022,0.8023042575701639
Hardin County,vap_hisp,gov_18_dem_cor,0.5184346076678683,0.1684358422679533,0.19769574242983629,0.8347076162816397
Hardin County,vap_asian,gov_18_rep_dew,0.49543457678178526,0.18960150509626167,0.13789491733129688,0.8447002643338564
Hardin County,vap_asian,gov_18_dem_cor,0.5045654232182147,0.18960150509626167,0.15529973566614363,0.8621050826687031
Hardin County,vap_aian,gov_18_rep_dew,0.5067690673576635,0.17170315134727274,0.18942262837172277,0.8412324902483838
Hardin County,vap_aian,gov_18_dem_cor,0.4932309326423366,0.17170315134727274,0.15876750975161613,0.8105773716282773
Hardin County,vap_oth_b,gov_18_rep_dew,0.47678210962553846,0.17517548022689788,0.16714938665190465,0.8249584713958859
Hardin County,vap_oth_b,gov_18_dem_cor,0.5232178903744615,0.17517548022689786,0.1750415286041141,0.8328506133480952
Hardin County,vap_white,atg_18_rep_yos,0.720012957582391,0.00782917101346162,0.7048304697807248,0.7352332539796974
Hardin County,vap_white,atg_18_dem_det,0.2799870424176089,0.00782917101346162,0.2647667460203025,0.29516953021927506
Hardin County,vap_black,atg_18_rep_yos,0.4886411630294467,0.16758087884656378,0.17137647547844898,0.8062220893878106
Hardin County,vap_black,atg_18_dem_det,0.5113588369705533,0.16758087884656378,0.1937779106121895,0.828623524521551
Hardin County,vap_hisp,atg_18_rep_yos,0.4843043304809779,0.16907887352204357,0.17302344654734625,0.809192423071461
Hardin County,vap_hisp,atg_18_dem_det,0.515695669519022,0.16907887352204357,0.19080757692853895,0.8269765534526536
Hardin County,vap_asian,atg_18_rep_yos,0.4943341601335352,0.1797947294878966,0.15595004580619892,0.82884682015511
Hardin County,vap_asian,atg_18_dem_det,0.5056658398664647,0.1797947294878966,0.1711531798448898,0.8440499541938009
Hardin County,vap_aian,atg_18_rep_yos,0.4912025661071535,0.1767589214984625,0.15273901906146745,0.8256610196474287
Hardin County,vap_aian,atg_18_dem_det,0.5087974338928464,0.1767589214984625,0.17433898035257123,0.8472609809385324
Hardin County,vap_oth_b,atg_18_rep_yos,0.4800362039137801,0.17752418339131612,0.15676835873063713,0.820107454047609
Hardin County,vap_oth_b,atg_18_dem_det,0.5199637960862199,0.17752418339131612,0.1798925459523911,0.8432316412693628
Hardin County,vap_white,sos_18_rep_lar,0.7234171270169106,0.0079313593755863,0.7080246355323289,0.7388771432129232
Hardin County,vap_white,sos_18_dem_cly,0.27658287298308937,0.0079313593755863,0.2611228567870768,0.29197536446767125
Hardin County,vap_black,sos_18_rep_lar,0.49462373536238946,0.16632673233624007,0.17940891001853776,0.8100672996771211
Hardin County,vap_black,sos_18_dem_cly,0.5053762646376105,0.16632673233624007,0.18993270032287884,0.820591089981462
Hardin County,vap_hisp,sos_18_rep_lar,0.4776467552060515,0.164746589302104,0.17736132121111606,0.7869113257621091
Hardin County,vap_hisp,sos_18_dem_cly,0.5223532447939484,0.164746589302104,0.21308867423789077,0.8226386787888837
Hardin County,vap_asian,sos_18_rep_lar,0.4810079958391078,0.17962828539278364,0.1447316628773324,0.8253681900592698
Hardin County,vap_asian,sos_18_dem_cly,0.5189920041608922,0.17962828539278364,0.17463180994073005,0.8552683371226676
Hardin County,vap_aian,sos_18_rep_lar,0.6847291011783033,0.22465686010102132,0.23844005906801968,0.9713784765160598
Hardin County,vap_aian,sos_18_dem_cly,0.3152708988216966,0.22465686010102132,0.02862152348394017,0.7615599409319802
Hardin County,vap_oth_b,sos_18_rep_lar,0.47531360381966575,0.1678681730546532,0.15927101071862915,0.7948529674119826
Hardin County,vap_oth_b,sos_18_dem_cly,0.5246863961803343,0.1678681730546532,0.20514703258801736,0.840728989281371
Hardin County,vap_white,pre_20_rep_tru,0.7907141671339823,0.00705719489153024,0.7765900311887202,0.8042120547275997
Hardin County,vap_white,pre_20_dem_bid,0.20928583286601768,0.00705719489153025,0.19578794527240023,0.22340996881127984
Hardin County,vap_black,pre_20_rep_tru,0.48814068685870177,0.18513858130917535,0.14994692328577144,0.8391940704698241
Hardin County,vap_black,pre_20_dem_bid,0.5118593131412983,0.18513858130917535,0.16080592953017572,0.8500530767142285
Hardin County,vap_hisp,pre_20_rep_tru,0.4771641597903378,0.164890934128873,0.17584938759415494,0.7913539384835402
Hardin County,vap_hisp,pre_20_dem_bid,0.5228358402096621,0.164890934128873,0.20864606151645976,0.8241506124058449
Hardin County,vap_asian,pre_20_rep_tru,0.5076393223863201,0.17537888236823096,0.1584671064763832,0.829362224415875
Hardin County,vap_asian,pre_20_dem_bid,0.4923606776136798,0.17537888236823096,0.170637775584125,0.8415328935236167
Hardin County,vap_aian,pre_20_rep_tru,0.4827651957070477,0.1789454310675312,0.1536702364203325,0.8339919959628899
Hardin County,vap_aian,pre_20_dem_bid,0.5172348042929522,0.1789454310675312,0.16600800403710997,0.8463297635796674
Hardin County,vap_oth_b,pre_20_rep_tru,0.4829044585135563,0.17607058916965038,0.1629673161235863,0.8194983426431317
Hardin County,vap_oth_b,pre_20_dem_bid,0.5170955414864438,0.17607058916965038,0.18050165735686827,0.8370326838764137
Harrison County,vap_white,pre_16_rep_tru,0.7728654700260494,0.00964850827222595,0.7539751400525533,0.7914718225318459
Harrison County,vap_white,pre_16_dem_cli,0.22713452997395064,0.00964850827222595,0.20852817746815416,0.24602485994744683
Harrison County,vap_black,pre_16_rep_tru,0.4772106228328967,0.21085118502044548,0.09704760886788708,0.8830465591822326
Harrison County,vap_black,pre_16_dem_cli,0.5227893771671033,0.21085118502044548,0.11695344081776714,0.9029523911321128
Harrison County,vap_hisp,pre_16_rep_tru,0.4888340672387802,0.18539733873668993,0.14521022498145517,0.8516201409231152
Harrison County,vap_hisp,pre_16_dem_cli,0.5111659327612198,0.18539733873668993,0.14837985907688478,0.8547897750185447
Harrison County,vap_asian,pre_16_rep_tru,0.5101231408570425,0.18800331375618953,0.16015783757455646,0.8604064242255689
Harrison County,vap_asian,pre_16_dem_cli,0.48987685914295753,0.18800331375618953,0.13959357577443124,0.8398421624254435
Harrison County,vap_aian,pre_16_rep_tru,0.482369853917416,0.19861313496478264,0.1156187323509262,0.8580822097353114
Harrison County,vap_aian,pre_16_dem_cli,0.517630146082584,0.19861313496478264,0.1419177902646884,0.8843812676490737
Harrison County,vap_oth_b,pre_16_rep_tru,0.4741449176522185,0.17610388698466872,0.14692894389703628,0.8083826680197043
Harrison County,vap_oth_b,pre_16_dem_cli,0.5258550823477816,0.17610388698466872,0.1916173319802958,0.8530710561029636
Harrison County,vap_white,uss_16_rep_por,0.7420357508574718,0.00941281113935344,0.723382360091878,0.759958569432992
Harrison County,vap_white,uss_16_dem_str,0.2579642491425283,0.00941281113935344,0.2400414305670079,0.27661763990812205
Harrison County,vap_black,uss_16_rep_por,0.4844762996628402,0.21083726041010936,0.08222272455092293,0.8751051483249561
Harrison County,vap_black,uss_16_dem_str,0.5155237003371597,0.21083726041010936,0.12489485167504374,0.9177772754490768
Harrison County,vap_hisp,uss_16_rep_por,0.4993253472863052,0.18183481618811043,0.16544809235229868,0.8408491362522829
Harrison County,vap_hisp,uss_16_dem_str,0.5006746527136948,0.18183481618811043,0.15915086374771717,0.8345519076477014
Harrison County,vap_asian,uss_16_rep_por,0.5092271380812237,0.18881405931260628,0.1568826033458529,0.8694411521908567
Harrison County,vap_asian,uss_16_dem_str,0.4907728619187765,0.18881405931260628,0.13055884780914312,0.843117396654147
Harrison County,vap_aian,uss_16_rep_por,0.4981222513180803,0.1946351592451211,0.13240739836465015,0.8699784599791236
Harrison County,vap_aian,uss_16_dem_str,0.5018777486819196,0.1946351592451211,0.1300215400208761,0.8675926016353497
Harrison County,vap_oth_b,uss_16_rep_por,0.4747401425146321,0.16588634474955957,0.1722139561458322,0.8019215111310459
Harrison County,vap_oth_b,uss_16_dem_str,0.525259857485368,0.16588634474955957,0.19807848886895413,0.8277860438541677
Harrison County,vap_white,uss_18_rep_ren,0.586632935746775,0.01031804664283334,0.5662117390311419,0.6064319332489372
Harrison County,vap_white,uss_18_dem_bro,0.413367064253225,0.01031804664283334,0.3935680667510629,0.4337882609688583
Harrison County,vap_black,uss_18_rep_ren,0.5029304788840391,0.21152507984473581,0.11986639655786573,0.9199786847707168
Harrison County,vap_black,uss_18_dem_bro,0.49706952111596087,0.21152507984473581,0.08002131522928292,0.880133603442134
Harrison County,vap_hisp,uss_18_rep_ren,0.5172750556993004,0.18178936460587355,0.17133197098375527,0.8594550161270312
Harrison County,vap_hisp,uss_18_dem_bro,0.4827249443006996,0.18178936460587355,0.14054498387296854,0.8286680290162445
Harrison County,vap_asian,uss_18_rep_ren,0.4883430215815829,0.18158792176563113,0.15755502817038203,0.8391568453495033
Harrison County,vap_asian,uss_18_dem_bro,0.5116569784184172,0.18158792176563113,0.16084315465049687,0.842444971829618
Harrison County,vap_aian,uss_18_rep_ren,0.47611794150726006,0.2066867007522572,0.09586232138552736,0.8622538905985401
Harrison County,vap_aian,uss_18_dem_bro,0.5238820584927399,0.2066867007522572,0.1377461094014599,0.9041376786144726
Harrison County,vap_oth_b,uss_18_rep_ren,0.48255280181680826,0.17248452412379708,0.16517838660926132,0.8136910437142885
Harrison County,vap_oth_b,uss_18_dem_bro,0.5174471981831917,0.17248452412379708,0.1863089562857115,0.8348216133907387
Harrison County,vap_white,gov_18_rep_dew,0.7027060776495871,0.01017427528032539,0.6833214372025654,0.7227922288061055
Harrison County,vap_white,gov_18_dem_cor,0.29729392235041285,0.01017427528032539,0.27720777119389467,0.31667856279743456
Harrison County,vap_black,gov_18_rep_dew,0.4968051769149148,0.2106470792601413,0.10747132199122192,0.8912819469904704
Harrison County,vap_black,gov_18_dem_cor,0.5031948230850851,0.2106470792601413,0.10871805300952952,0.8925286780087781
Harrison County,vap_hisp,gov_18_rep_dew,0.4886598292771463,0.17389875047766506,0.15051385198009576,0.8113062174903228
Harrison County,vap_hisp,gov_18_dem_cor,0.5113401707228538,0.17389875047766506,0.1886937825096772,0.8494861480199042
Harrison County,vap_asian,gov_18_rep_dew,0.4898305909903733,0.19055622634989264,0.12975681638339354,0.8468064619769421
Harrison County,vap_asian,gov_18_dem_cor,0.5101694090096268,0.19055622634989264,0.15319353802305796,0.8702431836166066
Harrison County,vap_aian,gov_18_rep_dew,0.4935883967356515,0.1922854780975161,0.14808320956217752,0.872456474000216
Harrison County,vap_aian,gov_18_dem_cor,0.5064116032643485,0.1922854780975161,0.12754352599978405,0.8519167904378224
Harrison County,vap_oth_b,gov_18_rep_dew,0.4927540671242264,0.17532195141522058,0.14984706472462808,0.8213600169432471
Harrison County,vap_oth_b,gov_18_dem_cor,0.5072459328757737,0.17532195141522058,0.1786399830567528,0.850152935275372
Harrison County,vap_white,atg_18_rep_yos,0.6628788146357686,0.01019376938752474,0.6430689640239144,0.6826873297058272
Harrison County,vap_white,atg_18_dem_det,0.3371211853642314,0.01019376938752474,0.3173126702941728,0.3569310359760855
Harrison County,vap_black,atg_18_rep_yos,0.48198178504586375,0.207957971393581,0.10320466617716476,0.8734229353099983
Harrison County,vap_black,atg_18_dem_det,0.5180182149541362,0.207957971393581,0.12657706469000166,0.896795333822835
Harrison County,vap_hisp,atg_18_rep_yos,0.4941919007520552,0.1756429329500751,0.15477488133097975,0.8222197066370115
Harrison County,vap_hisp,atg_18_dem_det,0.5058080992479448,0.1756429329500751,0.1777802933629885,0.8452251186690202
Harrison County,vap_asian,atg_18_rep_yos,0.5076082002004466,0.18700910054194408,0.14865828469658063,0.857267127256799
Harrison County,vap_asian,atg_18_dem_det,0.4923917997995535,0.18700910054194408,0.14273287274320115,0.8513417153034193
Harrison County,vap_aian,atg_18_rep_yos,0.5056814167055569,0.19438555924214077,0.14361780939810292,0.8664532277260061
Harrison County,vap_aian,atg_18_dem_det,0.4943185832944432,0.19438555924214077,0.13354677227399392,0.856382190601897
Harrison County,vap_oth_b,atg_18_rep_yos,0.4916504710684626,0.17638447361627696,0.15637451976836575,0.8255987105091408
Harrison County,vap_oth_b,atg_18_dem_det,0.5083495289315374,0.17638447361627696,0.17440128949085912,0.8436254802316343
Harrison County,vap_white,sos_18_rep_lar,0.6647962367136343,0.01032274644082202,0.6444519381135378,0.6847010840861871
Harrison County,vap_white,sos_18_dem_cly,0.33520376328636575,0.01032274644082202,0.3152989159138129,0.35554806188646215
Harrison County,vap_black,sos_18_rep_lar,0.48539027836519766,0.2078082332141769,0.1046670546594724,0.8732230362666016
Harrison County,vap_black,sos_18_dem_cly,0.5146097216348023,0.2078082332141769,0.1267769637333983,0.8953329453405275
Harrison County,vap_hisp,sos_18_rep_lar,0.4948719547794444,0.17582430813729458,0.16766592470582428,0.8217840448509436
Harrison County,vap_hisp,sos_18_dem_cly,0.5051280452205557,0.17582430813729458,0.17821595514905644,0.8323340752941756
Harrison County,vap_asian,sos_18_rep_lar,0.5156201764551978,0.17579217379494405,0.18364038066935448,0.841369959651134
Harrison County,vap_asian,sos_18_dem_cly,0.4843798235448024,0.17579217379494405,0.158630040348866,0.8163596193306456
Harrison County,vap_aian,sos_18_rep_lar,0.497684841655845,0.19444579934729692,0.13677912920400298,0.8587579128526617
Harrison County,vap_aian,sos_18_dem_cly,0.502315158344155,0.19444579934729692,0.1412420871473383,0.863220870795997
Harrison County,vap_oth_b,sos_18_rep_lar,0.48513628055897307,0.1748257880032986,0.16627313954096212,0.8220318290214447
Harrison County,vap_oth_b,sos_18_dem_cly,0.5148637194410269,0.1748257880032986,0.17796817097855527,0.8337268604590379
Harrison County,vap_white,pre_20_rep_tru,0.7930687366559397,0.00892652410602292,0.7753089136422157,0.8097315093332652
Harrison County,vap_white,pre_20_dem_bid,0.20693126334406037,0.00892652410602292,0.19026849066673476,0.22469108635778437
Harrison County,vap_black,pre_20_rep_tru,0.4690010319578387,0.2087167198231974,0.08792748365315665,0.8605752049914182
Harrison County,vap_black,pre_20_dem_bid,0.5309989680421613,0.2087167198231974,0.1394247950085818,0.9120725163468432
Harrison County,vap_hisp,pre_20_rep_tru,0.5013373813444821,0.17743099155427589,0.16841206153202165,0.8263502033266185
Harrison County,vap_hisp,pre_20_dem_bid,0.498662618655518,0.17743099155427589,0.17364979667338148,0.8315879384679782
Harrison County,vap_asian,pre_20_rep_tru,0.4988278245213368,0.18813989031784703,0.15437536367076682,0.8630052942935864
Harrison County,vap_asian,pre_20_dem_bid,0.5011721754786633,0.18813989031784703,0.1369947057064136,0.8456246363292333
Harrison County,vap_aian,pre_20_rep_tru,0.4968107151365014,0.19132515268644165,0.1347683863264853,0.8559337373614226
Harrison County,vap_aian,pre_20_dem_bid,0.5031892848634987,0.19132515268644165,0.14406626263857716,0.8652316136735148
Harrison County,vap_oth_b,pre_20_rep_tru,0.4652135491584372,0.16971656564053758,0.1522874851073576,0.7943632630981675
Harrison County,vap_oth_b,pre_20_dem_bid,0.5347864508415628,0.16971656564053758,0.20563673690183257,0.8477125148926423
Henry County,vap_white,pre_16_rep_tru,0.7454367890258966,0.01305780711179404,0.717389608350932,0.7687732308940989
Henry County,vap_white,pre_16_dem_cli,0.25456321097410345,0.01305780711179404,0.2312267691059012,0.2826103916490679
Henry County,vap_black,pre_16_rep_tru,0.48712889604704407,0.17062718270314622,0.17396954809548923,0.8233602579141827
Henry County,vap_black,pre_16_dem_cli,0.5128711039529559,0.17062718270314622,0.17663974208581718,0.8260304519045107
Henry County,vap_hisp,pre_16_rep_tru,0.4060122252894304,0.16891169813955398,0.12941354552577466,0.7788375716906595
Henry County,vap_hisp,pre_16_dem_cli,0.5939877747105695,0.16891169813955398,0.22116242830934024,0.870586454474225
Henry County,vap_asian,pre_16_rep_tru,0.5157316175075299,0.19267169947991297,0.17814856686899205,0.9007648403159386
Henry County,vap_asian,pre_16_dem_cli,0.48426838249247,0.19267169947991297,0.09923515968406148,0.821851433131008
Henry County,vap_aian,pre_16_rep_tru,0.5031989650843977,0.17237347577491188,0.17721572916816966,0.8178484183672862
Henry County,vap_aian,pre_16_dem_cli,0.49680103491560235,0.17237347577491188,0.1821515816327138,0.8227842708318303
Henry County,vap_oth_b,pre_16_rep_tru,0.47674514236213134,0.17098222222189202,0.16924854178117563,0.8096650761506157
Henry County,vap_oth_b,pre_16_dem_cli,0.5232548576378686,0.17098222222189202,0.1903349238493844,0.8307514582188243
Henry County,vap_white,uss_16_rep_por,0.8013221396180092,0.01190069496946166,0.7769476196213347,0.8224971491384082
Henry County,vap_white,uss_16_dem_str,0.1986778603819908,0.01190069496946166,0.17750285086159168,0.2230523803786652
Henry County,vap_black,uss_16_rep_por,0.4846457629768499,0.18119589523161475,0.14494515881185496,0.830050637044496
Henry County,vap_black,uss_16_dem_str,0.5153542370231501,0.18119589523161475,0.16994936295550386,0.855054841188145
Henry County,vap_hisp,uss_16_rep_por,0.3831560845424653,0.15720187998924004,0.12455734838314024,0.7124750540951135
Henry County,vap_hisp,uss_16_dem_str,0.6168439154575347,0.15720187998924004,0.2875249459048865,0.8754426516168597
Henry County,vap_asian,uss_16_rep_por,0.5040331917335009,0.17172034439767417,0.1890756479033976,0.8232708799175669
Henry County,vap_asian,uss_16_dem_str,0.495966808266499,0.17172034439767417,0.17672912008243316,0.8109243520966021
Henry County,vap_aian,uss_16_rep_por,0.4921780342832816,0.1850300247458276,0.14712752797562215,0.842729996499979
Henry County,vap_aian,uss_16_dem_str,0.5078219657167184,0.1850300247458276,0.15727000350002068,0.8528724720243778
Henry County,vap_oth_b,uss_16_rep_por,0.4883568560292386,0.17216514813268163,0.1697646948972238,0.8158718088973859
Henry County,vap_oth_b,uss_16_dem_str,0.5116431439707614,0.17216514813268163,0.18412819110261405,0.8302353051027761
Henry County,vap_white,uss_18_rep_ren,0.5934335820300005,0.0128644034173318,0.5669178472819767,0.6172136179043395
Henry County,vap_white,uss_18_dem_bro,0.4065664179699995,0.0128644034173318,0.3827863820956605,0.4330821527180234
Henry County,vap_black,uss_18_rep_ren,0.4709865718894663,0.17477286265718958,0.1529208522379581,0.8176491572387516
Henry County,vap_black,uss_18_dem_bro,0.5290134281105335,0.17477286265718958,0.18235084276124824,0.847079147762042
Henry County,vap_hisp,uss_18_rep_ren,0.4305354736124939,0.16695874555152784,0.14075959284171907,0.7742737673164677
Henry County,vap_hisp,uss_18_dem_bro,0.569464526387506,0.16695874555152784,0.22572623268353212,0.8592404071582808
Henry County,vap_asian,uss_18_rep_ren,0.4879127415614584,0.169730558099309,0.17486243360617595,0.816506944480039
Henry County,vap_asian,uss_18_dem_bro,0.5120872584385416,0.169730558099309,0.18349305551996095,0.8251375663938239
Henry County,vap_aian,uss_18_rep_ren,0.4940102378770283,0.1776962999734963,0.16259116594652423,0.8442313893769486
Henry County,vap_aian,uss_18_dem_bro,0.5059897621229718,0.1776962999734963,0.1557686106230515,0.8374088340534758
Henry County,vap_oth_b,uss_18_rep_ren,0.4848564312192811,0.16720351039003706,0.17176429510147495,0.7994302958034061
Henry County,vap_oth_b,uss_18_dem_bro,0.5151435687807189,0.16720351039003706,0.2005697041965939,0.828235704898525
Henry County,vap_white,gov_18_rep_dew,0.7307093165104184,0.01271505473133934,0.7047441177052196,0.7537422094485468
Henry County,vap_white,gov_18_dem_cor,0.26929068348958163,0.01271505473133934,0.2462577905514532,0.29525588229478034
Henry County,vap_black,gov_18_rep_dew,0.49394798529062167,0.1748386683155129,0.15532118900242786,0.8200032493709384
Henry County,vap_black,gov_18_dem_cor,0.5060520147093783,0.1748386683155129,0.17999675062906145,0.844678810997572
Henry County,vap_hisp,gov_18_rep_dew,0.4092527354866228,0.16295935966610936,0.13432640622196715,0.754225315935533
Henry County,vap_hisp,gov_18_dem_cor,0.5907472645133771,0.16295935966610936,0.24577468406446673,0.8656735937780328
Henry County,vap_asian,gov_18_rep_dew,0.4825399756880403,0.18486169648832632,0.12867922192662035,0.820933924664834
Henry County,vap_asian,gov_18_dem_cor,0.5174600243119596,0.18486169648832632,0.17906607533516594,0.8713207780733795
Henry County,vap_aian,gov_18_rep_dew,0.5090424901818645,0.1722014424567228,0.18932682049265195,0.8460650546212327
Henry County,vap_aian,gov_18_dem_cor,0.49095750981813546,0.1722014424567228,0.15393494537876715,0.810673179507348
Henry County,vap_oth_b,gov_18_rep_dew,0.47482310046127296,0.1709590091378415,0.16230684090773165,0.8112930560547604
Henry County,vap_oth_b,gov_18_dem_cor,0.525176899538727,0.1709590091378415,0.18870694394523943,0.8376931590922684
Henry County,vap_white,atg_18_rep_yos,0.7178472969546508,0.013734441555045,0.6882283916138002,0.7419007344482728
Henry County,vap_white,atg_18_dem_det,0.2821527030453493,0.013734441555045,0.25809926555172724,0.31177160838619977
Henry County,vap_black,atg_18_rep_yos,0.49770701317093674,0.1717532742643341,0.17528936668939857,0.8228562683052318
Henry County,vap_black,atg_18_dem_det,0.5022929868290632,0.1717532742643341,0.17714373169476808,0.8247106333106013
Henry County,vap_hisp,atg_18_rep_yos,0.4421248004154332,0.1843693139809673,0.14861930135692517,0.872148149894102
Henry County,vap_hisp,atg_18_dem_det,0.5578751995845667,0.1843693139809673,0.1278518501058977,0.8513806986430746
Henry County,vap_asian,atg_18_rep_yos,0.49230965118149655,0.1720488685211687,0.17536297230786538,0.8311135414691755
Henry County,vap_asian,atg_18_dem_det,0.5076903488185034,0.1720488685211687,0.16888645853082448,0.8246370276921346
Henry County,vap_aian,atg_18_rep_yos,0.5193837948179737,0.20359316558709717,0.15035807752830288,0.9208278389174296
Henry County,vap_aian,atg_18_dem_det,0.4806162051820263,0.20359316558709717,0.07917216108257029,0.8496419224716972
Henry County,vap_oth_b,atg_18_rep_yos,0.48075164258856656,0.1710046024786007,0.1565903614586495,0.79866484890064
Henry County,vap_oth_b,atg_18_dem_det,0.5192483574114334,0.1710046024786007,0.20133515109935984,0.8434096385413505
Henry County,vap_white,sos_18_rep_lar,0.722530870727743,0.01261424586092373,0.6979876074423774,0.7462211197880757
Henry County,vap_white,sos_18_dem_cly,0.277469129272257,0.01261424586092373,0.25377888021192435,0.3020123925576225
Henry County,vap_black,sos_18_rep_lar,0.48046741131198234,0.172914349088838,0.1432690704421467,0.8039647792272906
Henry County,vap_black,sos_18_dem_cly,0.5195325886880177,0.172914349088838,0.1960352207727089,0.8567309295578531
Henry County,vap_hisp,sos_18_rep_lar,0.4327558611567923,0.16888223669590668,0.13612981327013707,0.775602191887993
Henry County,vap_hisp,sos_18_dem_cly,0.5672441388432077,0.16888223669590668,0.22439780811200705,0.8638701867298629
Henry County,vap_asian,sos_18_rep_lar,0.5030614660124278,0.1838981379406124,0.16304434482569938,0.8586058908973987
Henry County,vap_asian,sos_18_dem_cly,0.49693853398757215,0.1838981379406124,0.1413941091026013,0.8369556551743005
Henry County,vap_aian,sos_18_rep_lar,0.5012930808764489,0.1753842312626441,0.1782470939597535,0.8358320986550948
Henry County,vap_aian,sos_18_dem_cly,0.4987069191235512,0.1753842312626441,0.16416790134490514,0.8217529060402464
Henry County,vap_oth_b,sos_18_rep_lar,0.4839561884449891,0.19179995580862516,0.12622728292624988,0.8473460792627903
Henry County,vap_oth_b,sos_18_dem_cly,0.5160438115550109,0.19179995580862516,0.15265392073720976,0.8737727170737499
Henry County,vap_white,pre_20_rep_tru,0.7537330178233664,0.01253405567199062,0.7281134280895842,0.7760246318230855
Henry County,vap_white,pre_20_dem_bid,0.2462669821766336,0.01253405567199062,0.2239753681769145,0.2718865719104157
Henry County,vap_black,pre_20_rep_tru,0.4896545552788605,0.17690524836184546,0.16473379099619934,0.8257691593745091
Henry County,vap_black,pre_20_dem_bid,0.5103454447211395,0.17690524836184546,0.17423084062549082,0.8352662090038004
Henry County,vap_hisp,pre_20_rep_tru,0.40416276791143474,0.16421390015060724,0.1203250002690934,0.7454070535956577
Henry County,vap_hisp,pre_20_dem_bid,0.5958372320885652,0.16421390015060724,0.25459294640434194,0.8796749997309063
Henry County,vap_asian,pre_20_rep_tru,0.4757601236449765,0.18133302373561985,0.14128562310444634,0.8202188224952811
Henry County,vap_asian,pre_20_dem_bid,0.5242398763550236,0.18133302373561985,0.17978117750471848,0.8587143768955536
Henry County,vap_aian,pre_20_rep_tru,0.48895416591988294,0.19160831256859925,0.12513143242541996,0.8545703694634704
Henry County,vap_aian,pre_20_dem_bid,0.5110458340801171,0.19160831256859925,0.1454296305365295,0.87486856757458
Henry County,vap_oth_b,pre_20_rep_tru,0.4835910782703249,0.174111706619346,0.1748691513772381,0.8239889025466333
Henry County,vap_oth_b,pre_20_dem_bid,0.5164089217296751,0.174111706619346,0.17601109745336674,0.8251308486227618
Highland County,vap_white,pre_16_rep_tru,0.806861291408847,0.00678735777692754,0.7927913409391059,0.8192695912697152
Highland County,vap_white,pre_16_dem_cli,0.19313870859115295,0.00678735777692754,0.18073040873028484,0.2072086590608942
Highland County,vap_black,pre_16_rep_tru,0.4309532139254912,0.1805374195631057,0.11547145449502122,0.8006414902464433
Highland County,vap_black,pre_16_dem_cli,0.5690467860745088,0.18053741956310568,0.1993585097535566,0.8845285455049787
Highland County,vap_hisp,pre_16_rep_tru,0.46541369658247744,0.16495355322554914,0.1708686297439819,0.7939017342294453
Highland County,vap_hisp,pre_16_dem_cli,0.5345863034175224,0.16495355322554914,0.2060982657705544,0.829131370256018
Highland County,vap_asian,pre_16_rep_tru,0.5099308583361155,0.1690230924398356,0.18416905412498377,0.8250995595014237
Highland County,vap_asian,pre_16_dem_cli,0.49006914166388454,0.1690230924398356,0.17490044049857645,0.8158309458750161
Highland County,vap_aian,pre_16_rep_tru,0.47782184590968857,0.17562636771533788,0.15969369736099664,0.8418443098409785
Highland County,vap_aian,pre_16_dem_cli,0.5221781540903114,0.17562636771533788,0.1581556901590213,0.8403063026390035
Highland County,vap_oth_b,pre_16_rep_tru,0.45493738182974774,0.1613304805103161,0.16446739034338945,0.7840508067054527
Highland County,vap_oth_b,pre_16_dem_cli,0.5450626181702523,0.1613304805103161,0.21594919329454737,0.8355326096566105
Highland County,vap_white,uss_16_rep_por,0.8144738443710037,0.00726397117186392,0.800020136811568,0.8284442828081616
Highland County,vap_white,uss_16_dem_str,0.1855261556289963,0.00726397117186392,0.17155571719183832,0.19997986318843203
Highland County,vap_black,uss_16_rep_por,0.5854072281111812,0.230576467921803,0.19280250814702204,0.9648550902749464
Highland County,vap_black,uss_16_dem_str,0.4145927718888187,0.230576467921803,0.03514490972505379,0.8071974918529778
Highland County,vap_hisp,uss_16_rep_por,0.4669148772797622,0.173516550155022,0.13739087249891296,0.7856099897837615
Highland County,vap_hisp,uss_16_dem_str,0.5330851227202377,0.173516550155022,0.21439001021623832,0.8626091275010869
Highland County,vap_asian,uss_16_rep_por,0.4914972622107053,0.1769459223431167,0.1667211401406571,0.8384312561274515
Highland County,vap_asian,uss_16_dem_str,0.5085027377892948,0.1769459223431167,0.16156874387254844,0.8332788598593429
Highland County,vap_aian,uss_16_rep_por,0.5098651915440223,0.16894509853295814,0.19053761565765337,0.819143808258491
Highland County,vap_aian,uss_16_dem_str,0.4901348084559777,0.16894509853295814,0.18085619174150896,0.8094623843423465
Highland County,vap_oth_b,uss_16_rep_por,0.4533863634542327,0.16506672686862908,0.15428621526849423,0.7673767134195436
Highland County,vap_oth_b,uss_16_dem_str,0.5466136365457673,0.16506672686862908,0.23262328658045625,0.8457137847315058
Highland County,vap_white,uss_18_rep_ren,0.7191815387011135,0.00738120613663658,0.7042709917254922,0.7333304644136538
Highland County,vap_white,uss_18_dem_bro,0.28081846129888655,0.00738120613663658,0.26666953558634604,0.2957290082745077
Highland County,vap_black,uss_18_rep_ren,0.4605205405087878,0.17333476454679414,0.15511390133085629,0.8036156967185142
Highland County,vap_black,uss_18_dem_bro,0.5394794594912121,0.17333476454679414,0.19638430328148573,0.8448860986691435
Highland County,vap_hisp,uss_18_rep_ren,0.48360866321530666,0.16244720695076312,0.1811273596799782,0.8078310549171576
Highland County,vap_hisp,uss_18_dem_bro,0.5163913367846933,0.16244720695076312,0.1921689450828422,0.8188726403200217
Highland County,vap_asian,uss_18_rep_ren,0.5096245335093815,0.1896207520594918,0.1502639518864983,0.8782576020224363
Highland County,vap_asian,uss_18_dem_bro,0.4903754664906186,0.1896207520594918,0.12174239797756373,0.8497360481135018
Highland County,vap_aian,uss_18_rep_ren,0.4877124868015617,0.17250240938768302,0.1737142030756194,0.8180495189700967
Highland County,vap_aian,uss_18_dem_bro,0.5122875131984383,0.17250240938768302,0.1819504810299032,0.8262857969243804
Highland County,vap_oth_b,uss_18_rep_ren,0.44976003168354256,0.16465694798441702,0.14239584134456104,0.7783272021220339
Highland County,vap_oth_b,uss_18_dem_bro,0.5502399683164575,0.16465694798441702,0.221672797877966,0.8576041586554389
Highland County,vap_white,gov_18_rep_dew,0.7695851912535894,0.00725684130034465,0.7556141790740183,0.7837445084509636
Highland County,vap_white,gov_18_dem_cor,0.23041480874641063,0.00725684130034465,0.2162554915490364,0.2443858209259817
Highland County,vap_black,gov_18_rep_dew,0.44811992690576696,0.1675441034261278,0.15340825603028369,0.7821180675329786
Highland County,vap_black,gov_18_dem_cor,0.551880073094233,0.1675441034261278,0.21788193246702112,0.8465917439697163
Highland County,vap_hisp,gov_18_rep_dew,0.4987973842858274,0.17281559294787427,0.16221813025253554,0.8199261959080216
Highland County,vap_hisp,gov_18_dem_cor,0.5012026157141725,0.17281559294787427,0.18007380409197837,0.8377818697474644
Highland County,vap_asian,gov_18_rep_dew,0.5100871528242775,0.1763296132476672,0.18225726790524616,0.8394712007422659
Highland County,vap_asian,gov_18_dem_cor,0.48991284717572253,0.17632961324766716,0.1605287992577342,0.8177427320947539
Highland County,vap_aian,gov_18_rep_dew,0.48903468584325593,0.16262977807373985,0.18484765454697177,0.7916689062174413
Highland County,vap_aian,gov_18_dem_cor,0.5109653141567441,0.16262977807373982,0.2083310937825586,0.8151523454530283
Highland County,vap_oth_b,gov_18_rep_dew,0.4514918753232582,0.162885484624423,0.1555422239380275,0.7698121650398211
Highland County,vap_oth_b,gov_18_dem_cor,0.5485081246767419,0.162885484624423,0.230187834960179,0.8444577760619724
Highland County,vap_white,atg_18_rep_yos,0.7608817625023004,0.00733852411011793,0.7467222803230312,0.7749808621130365
Highland County,vap_white,atg_18_dem_det,0.23911823749769956,0.00733852411011793,0.22501913788696348,0.2532777196769687
Highland County,vap_black,atg_18_rep_yos,0.45037748483056206,0.17297366992092025,0.14201358768044267,0.7909335588171451
Highland County,vap_black,atg_18_dem_det,0.5496225151694379,0.17297366992092025,0.2090664411828547,0.8579864123195572
Highland County,vap_hisp,atg_18_rep_yos,0.529711080167954,0.17971950502776715,0.1846601739674111,0.8459225556828271
Highland County,vap_hisp,atg_18_dem_det,0.4702889198320459,0.17971950502776715,0.1540774443171728,0.8153398260325887
Highland County,vap_asian,atg_18_rep_yos,0.49381899968843695,0.1670044061824794,0.17788941683461837,0.8083598994370919
Highland County,vap_asian,atg_18_dem_det,0.5061810003115631,0.1670044061824794,0.19164010056290817,0.8221105831653818
Highland County,vap_aian,atg_18_rep_yos,0.5140786790089606,0.1848337885924736,0.18367481552160908,0.88239860202338
Highland County,vap_aian,atg_18_dem_det,0.4859213209910393,0.1848337885924736,0.1176013979766196,0.8163251844783909
Highland County,vap_oth_b,atg_18_rep_yos,0.4738553141026996,0.1664831902510707,0.16543460800570153,0.7916987920099823
Highland County,vap_oth_b,atg_18_dem_det,0.5261446858973005,0.1664831902510707,0.20830120799001764,0.8345653919942986
Highland County,vap_white,sos_18_rep_lar,0.7678782359639348,0.00753450571005696,0.7522658801981615,0.781685364369033
Highland County,vap_white,sos_18_dem_cly,0.2321217640360652,0.00753450571005696,0.21831463563096687,0.24773411980183835
Highland County,vap_black,sos_18_rep_lar,0.45905406730909576,0.1663717981735603,0.16035395716458858,0.7908392543967614
Highland County,vap_black,sos_18_dem_cly,0.5409459326909042,0.1663717981735603,0.2091607456032386,0.8396460428354112
Highland County,vap_hisp,sos_18_rep_lar,0.48691478180400055,0.1751971749789261,0.14847990793824864,0.7998673001596147
Highland County,vap_hisp,sos_18_dem_cly,0.5130852181959994,0.1751971749789261,0.20013269984038531,0.8515200920617513
Highland County,vap_asian,sos_18_rep_lar,0.4660802825683916,0.16829565298589708,0.16630133058402558,0.7955336189059291
Highland County,vap_asian,sos_18_dem_cly,0.5339197174316084,0.16829565298589708,0.2044663810940709,0.8336986694159745
Highland County,vap_aian,sos_18_rep_lar,0.5023631262909857,0.18270682879839997,0.14039820626963448,0.83488481997212
Highland County,vap_aian,sos_18_dem_cly,0.4976368737090143,0.18270682879839997,0.16511518002787973,0.8596017937303655
Highland County,vap_oth_b,sos_18_rep_lar,0.45703082369197007,0.17387269469004113,0.16512059343006014,0.84344065896877
Highland County,vap_oth_b,sos_18_dem_cly,0.54296917630803,0.17387269469004113,0.15655934103122995,0.8348794065699399
Highland County,vap_white,pre_20_rep_tru,0.8228263321422914,0.00715143721188818,0.808765035087831,0.836452604820949
Highland County,vap_white,pre_20_dem_bid,0.17717366785770858,0.00715143721188818,0.163547395179051,0.191234964912169
Highland County,vap_black,pre_20_rep_tru,0.4338215053008312,0.17183480500393714,0.13885272269452761,0.7820169512581819
Highland County,vap_black,pre_20_dem_bid,0.5661784946991688,0.17183480500393714,0.21798304874181795,0.8611472773054722
Highland County,vap_hisp,pre_20_rep_tru,0.4837601235331492,0.16216236835056916,0.1736003214463493,0.804784087317929
Highland County,vap_hisp,pre_20_dem_bid,0.5162398764668507,0.16216236835056916,0.19521591268207075,0.8263996785536505
Highland County,vap_asian,pre_20_rep_tru,0.4932824980473684,0.17322758814728403,0.17188958860305548,0.8270036308388224
Highland County,vap_asian,pre_20_dem_bid,0.5067175019526317,0.17322758814728403,0.17299636916117753,0.8281104113969446
Highland County,vap_aian,pre_20_rep_tru,0.4964790085411433,0.16698366952079985,0.1940407975674692,0.8110681248677138
Highland County,vap_aian,pre_20_dem_bid,0.5035209914588568,0.16698366952079985,0.1889318751322861,0.8059592024325307
Highland County,vap_oth_b,pre_20_rep_tru,0.4550538277034583,0.16704500424954127,0.15973524333512912,0.7778844784638875
Highland County,vap_oth_b,pre_20_dem_bid,0.5449461722965417,0.16704500424954127,0.2221155215361125,0.8402647566648709
Hocking County,vap_white,pre_16_rep_tru,0.7018867525091098,0.00788622567652781,0.6861451525105258,0.7167497928475747
Hocking County,vap_white,pre_16_dem_cli,0.2981132474908902,0.00788622567652781,0.2832502071524252,0.31385484748947423
Hocking County,vap_black,pre_16_rep_tru,0.5032549565815155,0.17329886905547098,0.17910789792428214,0.8304954863214878
Hocking County,vap_black,pre_16_dem_cli,0.49674504341848447,0.17329886905547098,0.1695045136785119,0.8208921020757177
Hocking County,vap_hisp,pre_16_rep_tru,0.506833895133565,0.16581953593984627,0.1992349174711184,0.8237466643027068
Hocking County,vap_hisp,pre_16_dem_cli,0.493166104866435,0.16581953593984627,0.17625333569729307,0.8007650825288815
Hocking County,vap_asian,pre_16_rep_tru,0.4978863037293547,0.17801700963466988,0.15899689604391595,0.8282125687702163
Hocking County,vap_asian,pre_16_dem_cli,0.5021136962706453,0.17801700963466988,0.17178743122978354,0.841003103956084
Hocking County,vap_aian,pre_16_rep_tru,0.4873719806921149,0.17479350877221606,0.15171854503679952,0.8254832902527429
Hocking County,vap_aian,pre_16_dem_cli,0.5126280193078852,0.17479350877221606,0.17451670974725697,0.8482814549632004
Hocking County,vap_oth_b,pre_16_rep_tru,0.4907092478500454,0.18334592043746917,0.162793088617161,0.8443419348015898
Hocking County,vap_oth_b,pre_16_dem_cli,0.5092907521499546,0.18334592043746917,0.1556580651984102,0.8372069113828389
Hocking County,vap_white,uss_16_rep_por,0.6890042252324603,0.00780249276550718,0.6740968784631234,0.7039810357480613
Hocking County,vap_white,uss_16_dem_str,0.31099577476753976,0.00780249276550718,0.2960189642519388,0.32590312153687667
Hocking County,vap_black,uss_16_rep_por,0.48647950151914227,0.17583587648465102,0.1594023909074694,0.8223408278143177
Hocking County,vap_black,uss_16_dem_str,0.5135204984808577,0.17583587648465102,0.1776591721856822,0.8405976090925305
Hocking County,vap_hisp,uss_16_rep_por,0.49728053859046906,0.17301514968718232,0.17639959028653163,0.8253470758540932
Hocking County,vap_hisp,uss_16_dem_str,0.5027194614095309,0.17301514968718232,0.17465292414590677,0.8236004097134682
Hocking County,vap_asian,uss_16_rep_por,0.5039254478285999,0.1768436038932828,0.1648085123011335,0.8317252576067523
Hocking County,vap_asian,uss_16_dem_str,0.4960745521714001,0.1768436038932828,0.16827474239324755,0.8351914876988663
Hocking County,vap_aian,uss_16_rep_por,0.4923632519870048,0.1779766879788429,0.1622204251737069,0.8331568006799838
Hocking County,vap_aian,uss_16_dem_str,0.5076367480129952,0.1779766879788429,0.16684319932001618,0.8377795748262932
Hocking County,vap_oth_b,uss_16_rep_por,0.4847628788091628,0.17734997741453143,0.15109341988319475,0.8106351219939791
Hocking County,vap_oth_b,uss_16_dem_str,0.5152371211908371,0.17734997741453143,0.18936487800602073,0.8489065801168051
Hocking County,vap_white,uss_18_rep_ren,0.5527067008535179,0.00814848038904886,0.536733206772872,0.5687410760926124
Hocking County,vap_white,uss_18_dem_bro,0.447293299146482,0.00814848038904886,0.4312589239073877,0.4632667932271281
Hocking County,vap_black,uss_18_rep_ren,0.4941230902909862,0.1827905983508162,0.14769976259800166,0.8299664749770849
Hocking County,vap_black,uss_18_dem_bro,0.5058769097090138,0.1827905983508162,0.1700335250229151,0.8523002374019983
Hocking County,vap_hisp,uss_18_rep_ren,0.5072360251061386,0.17786514506334222,0.18112449023296773,0.8510757707432801
Hocking County,vap_hisp,uss_18_dem_bro,0.4927639748938613,0.17786514506334222,0.14892422925671986,0.818875509767032
Hocking County,vap_asian,uss_18_rep_ren,0.5167829227632457,0.1723382559296563,0.1892900178894024,0.8378711850485933
Hocking County,vap_asian,uss_18_dem_bro,0.4832170772367543,0.1723382559296563,0.16212881495140669,0.8107099821105975
Hocking County,vap_aian,uss_18_rep_ren,0.49800913896787175,0.17271053436460623,0.1666657682658822,0.8174138613195504
Hocking County,vap_aian,uss_18_dem_bro,0.5019908610321283,0.17271053436460623,0.18258613868044976,0.8333342317341178
Hocking County,vap_oth_b,uss_18_rep_ren,0.5149736585738738,0.17443805229270154,0.19172236393759243,0.84951587033286
Hocking County,vap_oth_b,uss_18_dem_bro,0.4850263414261262,0.17443805229270154,0.15048412966713995,0.8082776360624074
Hocking County,vap_white,gov_18_rep_dew,0.625621069588013,0.00810732660891797,0.6099772675410621,0.6414260886598434
Hocking County,vap_white,gov_18_dem_cor,0.374378930411987,0.00810732660891797,0.3585739113401565,0.3900227324589379
Hocking County,vap_black,gov_18_rep_dew,0.47506260930270194,0.2017426883040137,0.0725981795681916,0.8416749573305057
Hocking County,vap_black,gov_18_dem_cor,0.5249373906972981,0.2017426883040137,0.1583250426694942,0.9274018204318084
Hocking County,vap_hisp,gov_18_rep_dew,0.4903372294184684,0.16914324939130604,0.18292416248684729,0.8165599147830508
Hocking County,vap_hisp,gov_18_dem_cor,0.5096627705815315,0.16914324939130604,0.18344008521694916,0.8170758375131526
Hocking County,vap_asian,gov_18_rep_dew,0.5013117100550023,0.1782451495306293,0.1650443706215409,0.8343554184071172
Hocking County,vap_asian,gov_18_dem_cor,0.4986882899449977,0.1782451495306293,0.16564458159288248,0.834955629378459
Hocking County,vap_aian,gov_18_rep_dew,0.50489982848057,0.17772601350624834,0.17793419498247884,0.8554733569179418
Hocking County,vap_aian,gov_18_dem_cor,0.49510017151943,0.17772601350624834,0.14452664308205823,0.8220658050175212
Hocking County,vap_oth_b,gov_18_rep_dew,0.48853331014506385,0.17002836747352365,0.15352613310260468,0.7992089694646686
Hocking County,vap_oth_b,gov_18_dem_cor,0.511466689854936,0.17002836747352365,0.20079103053533137,0.8464738668973952
Hocking County,vap_white,atg_18_rep_yos,0.6382672440687375,0.0081916632435136,0.6223888421333088,0.6538650171622536
Hocking County,vap_white,atg_18_dem_det,0.3617327559312626,0.0081916632435136,0.3461349828377463,0.37761115786669114
Hocking County,vap_black,atg_18_rep_yos,0.5037361482942007,0.17027762774259672,0.18498224819732736,0.8268738172755454
Hocking County,vap_black,atg_18_dem_det,0.4962638517057993,0.17027762774259672,0.17312618272445443,0.8150177518026724
Hocking County,vap_hisp,atg_18_rep_yos,0.48778083155508406,0.1776597168322832,0.15140839318065247,0.8262501824090317
Hocking County,vap_hisp,atg_18_dem_det,0.5122191684449159,0.1776597168322832,0.17374981759096816,0.8485916068193474
Hocking County,vap_asian,atg_18_rep_yos,0.5128828773783782,0.1808029602659284,0.14716541192497373,0.8338728403266776
Hocking County,vap_asian,atg_18_dem_det,0.48711712262162177,0.1808029602659284,0.16612715967332237,0.8528345880750262
Hocking County,vap_aian,atg_18_rep_yos,0.5058053375929304,0.17179752014715546,0.18403213021832293,0.8332766672796906
Hocking County,vap_aian,atg_18_dem_det,0.49419466240706966,0.17179752014715546,0.16672333272030945,0.8159678697816767
Hocking County,vap_oth_b,atg_18_rep_yos,0.4843158221174084,0.17261422085041442,0.16475053049959815,0.8126739899458358
Hocking County,vap_oth_b,atg_18_dem_det,0.5156841778825916,0.17261422085041442,0.1873260100541641,0.8352494695004017
Hocking County,vap_white,sos_18_rep_lar,0.6233750591022897,0.00825773975213329,0.6074774915803186,0.6394698265186735
Hocking County,vap_white,sos_18_dem_cly,0.37662494089771026,0.00825773975213329,0.3605301734813264,0.3925225084196815
Hocking County,vap_black,sos_18_rep_lar,0.4928172021443647,0.18541315445636777,0.12793746057733552,0.8298304817456722
Hocking County,vap_black,sos_18_dem_cly,0.5071827978556352,0.18541315445636777,0.1701695182543277,0.8720625394226642
Hocking County,vap_hisp,sos_18_rep_lar,0.4873510375545594,0.17382764861914757,0.1616443079947855,0.8093082490626601
Hocking County,vap_hisp,sos_18_dem_cly,0.5126489624454407,0.17382764861914757,0.1906917509373399,0.8383556920052144
Hocking County,vap_asian,sos_18_rep_lar,0.4865258763545339,0.16838882395231575,0.16751611494810348,0.79395016723013
Hocking County,vap_asian,sos_18_dem_cly,0.5134741236454661,0.16838882395231575,0.20604983276986985,0.8324838850518964
Hocking County,vap_aian,sos_18_rep_lar,0.4857364372171409,0.17419386152718647,0.168179661994901,0.8235226851793823
Hocking County,vap_aian,sos_18_dem_cly,0.5142635627828592,0.17419386152718647,0.1764773148206177,0.8318203380050989
Hocking County,vap_oth_b,sos_18_rep_lar,0.49854591781769775,0.17327250924107926,0.16638384914404106,0.8109530957227393
Hocking County,vap_oth_b,sos_18_dem_cly,0.5014540821823023,0.17327250924107926,0.18904690427726065,0.8336161508559589
Hocking County,vap_white,pre_20_rep_tru,0.72657584604216,0.00742732403488285,0.7119297797415991,0.7404750734846733
Hocking County,vap_white,pre_20_dem_bid,0.27342415395784,0.00742732403488285,0.25952492651532666,0.28807022025840084
Hocking County,vap_black,pre_20_rep_tru,0.4938020564460839,0.17650367022397812,0.1723978633502025,0.8396702046525706
Hocking County,vap_black,pre_20_dem_bid,0.5061979435539161,0.17650367022397812,0.16032979534742922,0.8276021366497975
Hocking County,vap_hisp,pre_20_rep_tru,0.5186314944802812,0.17491787801695627,0.1898212549255042,0.8386571917956123
Hocking County,vap_hisp,pre_20_dem_bid,0.4813685055197188,0.17491787801695627,0.16134280820438773,0.8101787450744955
Hocking County,vap_asian,pre_20_rep_tru,0.5053416869992944,0.18079316271666063,0.17323326407727083,0.8548519760892715
Hocking County,vap_asian,pre_20_dem_bid,0.4946583130007056,0.18079316271666063,0.14514802391072842,0.8267667359227292
Hocking County,vap_aian,pre_20_rep_tru,0.49096200484144,0.17077475823155802,0.18068322035878973,0.8228502260248908
Hocking County,vap_aian,pre_20_dem_bid,0.5090379951585601,0.17077475823155802,0.17714977397510917,0.8193167796412103
Hocking County,vap_oth_b,pre_20_rep_tru,0.4722115986942269,0.1697968219132788,0.16498662324605326,0.814780372386269
Hocking County,vap_oth_b,pre_20_dem_bid,0.5277884013057731,0.1697968219132788,0.18521962761373084,0.8350133767539465
Holmes County,vap_white,pre_16_rep_tru,0.8492162642458367,0.00531149636747118,0.838833420794119,0.8595817998806785
Holmes County,vap_white,pre_16_dem_cli,0.1507837357541633,0.00531149636747118,0.1404182001193215,0.1611665792058811
Holmes County,vap_black,pre_16_rep_tru,0.4954149165282833,0.1890558406759217,0.14621300362263662,0.8440823810944085
Holmes County,vap_black,pre_16_dem_cli,0.5045850834717167,0.1890558406759217,0.1559176189055915,0.8537869963773633
Holmes County,vap_hisp,pre_16_rep_tru,0.4887443398098844,0.17556674815113374,0.16479795356716564,0.8343410577673211
Holmes County,vap_hisp,pre_16_dem_cli,0.5112556601901156,0.17556674815113374,0.16565894223267874,0.8352020464328342
Holmes County,vap_asian,pre_16_rep_tru,0.5020244680348903,0.19654617875803057,0.135412088863303,0.8747211941783827
Holmes County,vap_asian,pre_16_dem_cli,0.49797553196510974,0.19654617875803057,0.12527880582161713,0.8645879111366968
Holmes County,vap_aian,pre_16_rep_tru,0.47998858471445344,0.1978973470105614,0.1125895006059619,0.861462663350528
Holmes County,vap_aian,pre_16_dem_cli,0.5200114152855466,0.1978973470105614,0.13853733664947196,0.8874104993940383
Holmes County,vap_oth_b,pre_16_rep_tru,0.4726079474903904,0.17057229503602686,0.16556945569614143,0.7998044460440709
Holmes County,vap_oth_b,pre_16_dem_cli,0.5273920525096096,0.17057229503602686,0.2001955539559292,0.8344305443038584
Holmes County,vap_white,uss_16_rep_por,0.8670196790923659,0.0052641926925433,0.8566713026255729,0.8770272148821324
Holmes County,vap_white,uss_16_dem_str,0.1329803209076342,0.0052641926925433,0.12297278511786763,0.14332869737442722
Holmes County,vap_black,uss_16_rep_por,0.5030706046693769,0.184882774324846,0.1607035209921958,0.858186259200431
Holmes County,vap_black,uss_16_dem_str,0.49692939533062314,0.184882774324846,0.1418137407995689,0.8392964790078042
Holmes County,vap_hisp,uss_16_rep_por,0.4690480435380628,0.17448458007410791,0.1477311477641896,0.7991625592198973
Holmes County,vap_hisp,uss_16_dem_str,0.5309519564619372,0.17448458007410791,0.2008374407801025,0.8522688522358104
Holmes County,vap_asian,uss_16_rep_por,0.5173748006238837,0.17816259531243972,0.1703970804347667,0.8513944188917965
Holmes County,vap_asian,uss_16_dem_str,0.48262519937611625,0.17816259531243972,0.1486055811082035,0.8296029195652332
Holmes County,vap_aian,uss_16_rep_por,0.48853240536889303,0.18361564105717856,0.15382161694863145,0.8341552965711861
Holmes County,vap_aian,uss_16_dem_str,0.511467594631107,0.18361564105717856,0.16584470342881383,0.8461783830513686
Holmes County,vap_oth_b,uss_16_rep_por,0.461102374092677,0.17107651449013242,0.14667754999581403,0.806202210155461
Holmes County,vap_oth_b,uss_16_dem_str,0.538897625907323,0.17107651449013242,0.1937977898445389,0.8533224500041858
Holmes County,vap_white,uss_18_rep_ren,0.7829288936641764,0.0059676298362509,0.7710922930789459,0.7943542927577645
Holmes County,vap_white,uss_18_dem_bro,0.2170711063358237,0.0059676298362509,0.2056457072422357,0.22890770692105417
Holmes County,vap_black,uss_18_rep_ren,0.4969444854225287,0.19465516756412823,0.13410411240930245,0.871056592766366
Holmes County,vap_black,uss_18_dem_bro,0.5030555145774713,0.19465516756412823,0.12894340723363398,0.8658958875906972
Holmes County,vap_hisp,uss_18_rep_ren,0.4924021573474118,0.17007123189220716,0.17040331358748667,0.8153514403215362
Holmes County,vap_hisp,uss_18_dem_bro,0.5075978426525882,0.17007123189220716,0.1846485596784638,0.8295966864125133
Holmes County,vap_asian,uss_18_rep_ren,0.5044016254959702,0.18938335674096804,0.14866335557373506,0.8553038325517379
Holmes County,vap_asian,uss_18_dem_bro,0.49559837450402977,0.18938335674096804,0.14469616744826178,0.851336644426265
Holmes County,vap_aian,uss_18_rep_ren,0.504590029550362,0.1847902165929558,0.15713453016458065,0.8484961864047911
Holmes County,vap_aian,uss_18_dem_bro,0.4954099704496381,0.1847902165929558,0.151503813595209,0.8428654698354192
Holmes County,vap_oth_b,uss_18_rep_ren,0.4667998176797893,0.17048538587269613,0.163073714557684,0.8039820932361436
Holmes County,vap_oth_b,uss_18_dem_bro,0.5332001823202107,0.17048538587269613,0.1960179067638564,0.8369262854423161
Holmes County,vap_white,gov_18_rep_dew,0.8308482031147921,0.00586339600452993,0.819084526462159,0.8421378837938572
Holmes County,vap_white,gov_18_dem_cor,0.16915179688520793,0.00586339600452993,0.15786211620614285,0.18091547353784107
Holmes County,vap_black,gov_18_rep_dew,0.5048783823686014,0.19485947712990337,0.14803117142025385,0.8677225368005853
Holmes County,vap_black,gov_18_dem_cor,0.4951216176313986,0.19485947712990337,0.13227746319941464,0.8519688285797461
Holmes County,vap_hisp,gov_18_rep_dew,0.48427271158600393,0.17385725937930346,0.15877349461228432,0.8112716851880684
Holmes County,vap_hisp,gov_18_dem_cor,0.5157272884139961,0.17385725937930346,0.1887283148119316,0.8412265053877157
Holmes County,vap_asian,gov_18_rep_dew,0.49788266532456177,0.18223835285365503,0.16198733917503264,0.8400959945377164
Holmes County,vap_asian,gov_18_dem_cor,0.5021173346754382,0.18223835285365503,0.15990400546228362,0.8380126608249672
Holmes County,vap_aian,gov_18_rep_dew,0.5038555339099533,0.1839872295267312,0.1602931678577321,0.8579629729175905
Holmes County,vap_aian,gov_18_dem_cor,0.4961444660900467,0.1839872295267312,0.14203702708240962,0.8397068321422679
Holmes County,vap_oth_b,gov_18_rep_dew,0.4546949769828406,0.17140464283695628,0.13413097605612934,0.7869698668931447
Holmes County,vap_oth_b,gov_18_dem_cor,0.5453050230171594,0.17140464283695628,0.21303013310685529,0.8658690239438708
Holmes County,vap_white,atg_18_rep_yos,0.8231512718883116,0.00588602400599598,0.8115136045785325,0.8345106416681418
Holmes County,vap_white,atg_18_dem_det,0.17684872811168845,0.00588602400599598,0.1654893583318582,0.18848639542146756
Holmes County,vap_black,atg_18_rep_yos,0.5023015250048619,0.19269422976032977,0.14330535478544337,0.8625171016051317
Holmes County,vap_black,atg_18_dem_det,0.49769847499513814,0.19269422976032977,0.13748289839486816,0.8566946452145567
Holmes County,vap_hisp,atg_18_rep_yos,0.4969120401732728,0.17545496161698626,0.1719404346339895,0.8373765919131193
Holmes County,vap_hisp,atg_18_dem_det,0.5030879598267272,0.17545496161698626,0.16262340808688064,0.8280595653660106
Holmes County,vap_asian,atg_18_rep_yos,0.49435051262648616,0.188588617748878,0.1537539421395557,0.8458655828451312
Holmes County,vap_asian,atg_18_dem_det,0.5056494873735138,0.188588617748878,0.15413441715486864,0.846246057860444
Holmes County,vap_aian,atg_18_rep_yos,0.4898658694051314,0.18402311810950836,0.13831939448327996,0.8288960047056266
Holmes County,vap_aian,atg_18_dem_det,0.5101341305948687,0.18402311810950836,0.17110399529437337,0.86168060551672
Holmes County,vap_oth_b,atg_18_rep_yos,0.4728568791388144,0.1716747448549706,0.15668048715191962,0.8062516058376749
Holmes County,vap_oth_b,atg_18_dem_det,0.5271431208611856,0.1716747448549706,0.19374839416232528,0.8433195128480803
Holmes County,vap_white,sos_18_rep_lar,0.8247808679326194,0.00598295439025053,0.8129862900091523,0.8363229585618475
Holmes County,vap_white,sos_18_dem_cly,0.17521913206738063,0.00598295439025053,0.16367704143815254,0.18701370999084763
Holmes County,vap_black,sos_18_rep_lar,0.49826549233985895,0.18948794918751283,0.14475772675279686,0.85313642734024
Holmes County,vap_black,sos_18_dem_cly,0.501734507660141,0.18948794918751283,0.14686357265976,0.855242273247203
Holmes County,vap_hisp,sos_18_rep_lar,0.49413971746394886,0.18232691800459144,0.15296812336993204,0.8519980539875501
Holmes County,vap_hisp,sos_18_dem_cly,0.5058602825360511,0.18232691800459144,0.1480019460124497,0.847031876630068
Holmes County,vap_asian,sos_18_rep_lar,0.5203246159411122,0.20777942022376597,0.14735590578026742,0.9318524143311194
Holmes County,vap_asian,sos_18_dem_cly,0.4796753840588878,0.20777942022376597,0.06814758566888045,0.8526440942197324
Holmes County,vap_aian,sos_18_rep_lar,0.4826445543006253,0.1864346382576917,0.12710127364815216,0.8352884928265367
Holmes County,vap_aian,sos_18_dem_cly,0.5173554456993749,0.1864346382576917,0.16471150717346317,0.8728987263518478
Holmes County,vap_oth_b,sos_18_rep_lar,0.4649938249768969,0.17762345094448198,0.12761464158568964,0.80052700305196145
Holmes County,vap_oth_b,sos_18_dem_cly,0.5350061750231031,0.17762345094448198,0.1994729969480385,0.8723853584143104
Holmes County,vap_white,pre_20_rep_tru,0.861216241281696,0.00518307813905846,0.851130605662826,0.8711228269829123
Holmes County,vap_white,pre_20_dem_bid,0.13878375871830398,0.00518307813905846,0.12887717301708768,0.148869394337174
Holmes County,vap_black,pre_20_rep_tru,0.4996741637568296,0.1926739421061187,0.14145852645076373,0.8616381581505783
Holmes County,vap_black,pre_20_dem_bid,0.5003258362431705,0.1926739421061187,0.1383618418494217,0.8585414735492362
Holmes County,vap_hisp,pre_20_rep_tru,0.49302008929192576,0.16868604698017722,0.187768921652854,0.8272603829590112
Holmes County,vap_hisp,pre_20_dem_bid,0.5069799107080742,0.16868604698017722,0.17273961704098847,0.812231078347146
Holmes County,vap_asian,pre_20_rep_tru,0.49146432721428535,0.18246849192190684,0.14874431743742073,0.8342146538124391
Holmes County,vap_asian,pre_20_dem_bid,0.5085356727857147,0.18246849192190684,0.16578534618756086,0.8512556825625792
Holmes County,vap_aian,pre_20_rep_tru,0.5056693250967513,0.18137794751909936,0.15661837479337062,0.8497507545787564
Holmes County,vap_aian,pre_20_dem_bid,0.4943306749032487,0.18137794751909936,0.15024924542124324,0.8433816252066294
Holmes County,vap_oth_b,pre_20_rep_tru,0.44852995647003774,0.17982042052605743,0.13298051114599294,0.8018604849650113
Holmes County,vap_oth_b,pre_20_dem_bid,0.5514700435299623,0.17982042052605743,0.1981395150349885,0.8670194888540071
Huron County,vap_white,pre_16_rep_tru,0.7209153735777987,0.01013974556897202,0.7011366279063165,0.740573714646472
Huron County,vap_white,pre_16_dem_cli,0.2790846264222013,0.01013974556897202,0.2594262853535279,0.29886337209368347
Huron County,vap_black,pre_16_rep_tru,0.48613341987170017,0.16175505937201382,0.18680432733404975,0.795537648015971
Huron County,vap_black,pre_16_dem_cli,0.5138665801282999,0.16175505937201382,0.20446235198402876,0.8131956726659502
Huron County,vap_hisp,pre_16_rep_tru,0.4166762332420912,0.13670169553009998,0.17656251141178997,0.7074224365708557
Huron County,vap_hisp,pre_16_dem_cli,0.5833237667579088,0.13670169553009998,0.2925775634291443,0.8234374885882101
Huron County,vap_asian,pre_16_rep_tru,0.5053802224895045,0.16957360986532985,0.16602184673177517,0.8143213201808568
Huron County,vap_asian,pre_16_dem_cli,0.4946197775104954,0.16957360986532985,0.18567867981914316,0.8339781532682246
Huron County,vap_aian,pre_16_rep_tru,0.5152859056172282,0.16299694434585343,0.18191996491086632,0.8068816609907867
Huron County,vap_aian,pre_16_dem_cli,0.4847140943827718,0.16299694434585343,0.19311833900921327,0.8180800350891336
Huron County,vap_oth_b,pre_16_rep_tru,0.43000459480714937,0.17129208868709098,0.11890992927687535,0.7553407149283013
Huron County,vap_oth_b,pre_16_dem_cli,0.5699954051928506,0.17129208868709098,0.24465928507169865,0.8810900707231245
Huron County,vap_white,uss_16_rep_por,0.7627512473899439,0.01064578724351349,0.739636362441796,0.7820490066751515
Huron County,vap_white,uss_16_dem_str,0.237248752610056,0.01064578724351349,0.2179509933248485,0.2603636375582041
Huron County,vap_black,uss_16_rep_por,0.4712430115996741,0.1739881321960515,0.1415728985867288,0.7911608004663163
Huron County,vap_black,uss_16_dem_str,0.5287569884003259,0.1739881321960515,0.20883919953368377,0.8584271014132712
Huron County,vap_hisp,uss_16_rep_por,0.38419915182690145,0.13623338690495718,0.1336363865087681,0.6625083666173038
Huron County,vap_hisp,uss_16_dem_str,0.6158008481730985,0.13623338690495718,0.337491633382696,0.8663636134912318
Huron County,vap_asian,uss_16_rep_por,0.4731716687082104,0.16991751539080407,0.1581118011336958,0.7939154625374086
Huron County,vap_asian,uss_16_dem_str,0.5268283312917896,0.16991751539080407,0.20608453746259128,0.8418881988663042
Huron County,vap_aian,uss_16_rep_por,0.4741054308908429,0.17304992518985005,0.15076129761692617,0.7933653326693589
Huron County,vap_aian,uss_16_dem_str,0.5258945691091572,0.17304992518985005,0.20663466733064115,0.8492387023830739
Huron County,vap_oth_b,uss_16_rep_por,0.4264127899259969,0.16833118841285688,0.146800980691232,0.7806621913290132
Huron County,vap_oth_b,uss_16_dem_str,0.573587210074003,0.16833118841285688,0.21933780867098687,0.853199019308768
Huron County,vap_white,uss_18_rep_ren,0.5724919447876836,0.01069437473504563,0.5510955522977338,0.5926573986779742
Huron County,vap_white,uss_18_dem_bro,0.42750805521231633,0.01069437473504563,0.4073426013220257,0.44890444770226623
Huron County,vap_black,uss_18_rep_ren,0.43722360298467,0.1774201602660131,0.12380244556469806,0.8042213019427176
Huron County,vap_black,uss_18_dem_bro,0.56277639701533,0.1774201602660131,0.19577869805728243,0.876197554435302
Huron County,vap_hisp,uss_18_rep_ren,0.4184333042906896,0.1500474400418666,0.16043706625562967,0.7379265670694731
Huron County,vap_hisp,uss_18_dem_bro,0.5815666957093104,0.1500474400418666,0.2620734329305268,0.8395629337443702
Huron County,vap_asian,uss_18_rep_ren,0.4774783208964227,0.1596411820035452,0.19075061281232109,0.7926453532014908
Huron County,vap_asian,uss_18_dem_bro,0.5225216791035772,0.1596411820035452,0.2073546467985092,0.8092493871876788
Huron County,vap_aian,uss_18_rep_ren,0.497984056504082,0.16642273219241568,0.18800430810816576,0.8184712756239801
Huron County,vap_aian,uss_18_dem_bro,0.502015943495918,0.16642273219241568,0.1815287243760198,0.8119956918918342
Huron County,vap_oth_b,uss_18_rep_ren,0.44685411451242424,0.16389952282109913,0.16633313867889626,0.7859713841190689
Huron County,vap_oth_b,uss_18_dem_bro,0.5531458854875757,0.16389952282109913,0.21402861588093092,0.8336668613211037
Huron County,vap_white,gov_18_rep_dew,0.658952325228704,0.01054249061532313,0.6384689427365963,0.6793411032167714
Huron County,vap_white,gov_18_dem_cor,0.341047674771296,0.01054249061532313,0.32065889678322856,0.3615310572634038
Huron County,vap_black,gov_18_rep_dew,0.46990598290556423,0.18025567274189708,0.13621547322894165,0.8118330171286109
Huron County,vap_black,gov_18_dem_cor,0.5300940170944358,0.18025567274189708,0.1881669828713891,0.8637845267710583
Huron County,vap_hisp,gov_18_rep_dew,0.4019881269105428,0.14001178135249312,0.15825901621817454,0.687460537758158
Huron County,vap_hisp,gov_18_dem_cor,0.5980118730894571,0.14001178135249312,0.31253946224184204,0.8417409837818254
Huron County,vap_asian,gov_18_rep_dew,0.5013708518210411,0.16783713931373492,0.1934766743521433,0.8154555679643691
Huron County,vap_asian,gov_18_dem_cor,0.4986291481789588,0.16783713931373492,0.1845444320356305,0.8065233256478566
Huron County,vap_aian,gov_18_rep_dew,0.47845575879387714,0.16460958426460034,0.16941555416512255,0.7788435978439205
Huron County,vap_aian,gov_18_dem_cor,0.5215442412061229,0.16460958426460034,0.22115640215607932,0.8305844458348773
Huron County,vap_oth_b,gov_18_rep_dew,0.4651256954187336,0.17339864547682363,0.16629366716035807,0.8209554941959248
Huron County,vap_oth_b,gov_18_dem_cor,0.5348743045812664,0.17339864547682363,0.17904450580407477,0.8337063328396418
Huron County,vap_white,atg_18_rep_yos,0.6531872463677773,0.01092947983852216,0.6314618653102887,0.67373496809866
Huron County,vap_white,atg_18_dem_det,0.34681275363222275,0.01092947983852216,0.32626503190133993,0.3685381346897113
Huron County,vap_black,atg_18_rep_yos,0.48707344065930186,0.16873618957418948,0.1802729206280576,0.8001555989043266
Huron County,vap_black,atg_18_dem_det,0.5129265593406982,0.16873618957418948,0.19984440109567336,0.8197270793719423
Huron County,vap_hisp,atg_18_rep_yos,0.4008653729196647,0.15444882046855868,0.1369225627084815,0.7273284037248997
Huron County,vap_hisp,atg_18_dem_det,0.5991346270803353,0.15444882046855868,0.2726715962751002,0.8630774372915184
Huron County,vap_asian,atg_18_rep_yos,0.49565429924097015,0.15874157461987,0.20435814244824343,0.794650808909675
Huron County,vap_asian,atg_18_dem_det,0.5043457007590297,0.15874157461987,0.20534919109032487,0.7956418575517565
Huron County,vap_aian,atg_18_rep_yos,0.5471917660677118,0.1735970138328291,0.22001803378305015,0.8858161955663824
Huron County,vap_aian,atg_18_dem_det,0.4528082339322882,0.1735970138328291,0.1141838044336178,0.7799819662169497
Huron County,vap_oth_b,atg_18_rep_yos,0.4648878162208735,0.17179327072926273,0.14276050750741923,0.8033652579346356
Huron County,vap_oth_b,atg_18_dem_det,0.5351121837791264,0.17179327072926273,0.1966347420653643,0.8572394924925805
Huron County,vap_white,sos_18_rep_lar,0.6524389180584228,0.01103664294498792,0.6312102693458361,0.6734672341903865
Huron County,vap_white,sos_18_dem_cly,0.34756108194157714,0.01103664294498792,0.32653276580961343,0.3687897306541638
Huron County,vap_black,sos_18_rep_lar,0.49812308965480306,0.16307400173908898,0.17797352969121197,0.8142981174817182
Huron County,vap_black,sos_18_dem_cly,0.5018769103451969,0.16307400173908898,0.18570188251828176,0.8220264703087876
Huron County,vap_hisp,sos_18_rep_lar,0.3993004105548258,0.1533527534175302,0.14205752861398355,0.7208340649223577
Huron County,vap_hisp,sos_18_dem_cly,0.6006995894451742,0.1533527534175302,0.2791659350776422,0.8579424713860163
Huron County,vap_asian,sos_18_rep_lar,0.5911683996999862,0.2051360407688548,0.22230627368876305,0.9168742455839068
Huron County,vap_asian,sos_18_dem_cly,0.4088316003000137,0.2051360407688548,0.08312575441609334,0.7776937263112368
Huron County,vap_aian,sos_18_rep_lar,0.4853686182986589,0.171313763415526,0.17764032945569364,0.8117680525442915
Huron County,vap_aian,sos_18_dem_cly,0.5146313817013412,0.171313763415526,0.18823194745570856,0.8223596705443064
Huron County,vap_oth_b,sos_18_rep_lar,0.465207185565322,0.16809393259915154,0.1751822304546274,0.7981825716715426
Huron County,vap_oth_b,sos_18_dem_cly,0.534792814434678,0.16809393259915154,0.20181742832845717,0.8248177695453726
Huron County,vap_white,pre_20_rep_tru,0.741260380098976,0.01042851822820868,0.7204000858543073,0.7603670306153448
Huron County,vap_white,pre_20_dem_bid,0.25873961990102395,0.01042851822820868,0.23963296938465503,0.27959991414569274
Huron County,vap_black,pre_20_rep_tru,0.4541329449167844,0.16074567573649567,0.17609219096145642,0.7630381453450928
Huron County,vap_black,pre_20_dem_bid,0.5458670550832156,0.16074567573649567,0.2369618546549072,0.8239078090385433
Huron County,vap_hisp,pre_20_rep_tru,0.409997886575156,0.13679520179023358,0.16558525945722838,0.6967404631021831
Huron County,vap_hisp,pre_20_dem_bid,0.590002113424844,0.13679520179023358,0.3032595368978168,0.8344147405427714
Huron County,vap_asian,pre_20_rep_tru,0.5092478769309174,0.1624453221665345,0.21163836950346496,0.8060396044252156
Huron County,vap_asian,pre_20_dem_bid,0.4907521230690825,0.1624453221665345,0.19396039557478428,0.7883616304965347
Huron County,vap_aian,pre_20_rep_tru,0.49638465310007046,0.16244070148771383,0.1998077479893611,0.8120162012094917
Huron County,vap_aian,pre_20_dem_bid,0.5036153468999296,0.16244070148771383,0.18798379879050833,0.800192252010639
Huron County,vap_oth_b,pre_20_rep_tru,0.4504688812592326,0.1853385594720723,0.14578644084410863,0.835428439801729
Huron County,vap_oth_b,pre_20_dem_bid,0.5495311187407673,0.1853385594720723,0.16457156019827102,0.8542135591558911
Jackson County,vap_white,pre_16_rep_tru,0.7706840805904819,0.00698206868529057,0.7568889225258449,0.7840404537991706
Jackson County,vap_white,pre_16_dem_cli,0.2293159194095181,0.00698206868529057,0.21595954620082936,0.24311107747415503
Jackson County,vap_black,pre_16_rep_tru,0.4930747379070157,0.17123771290134862,0.16529087366974252,0.8241924337943466
Jackson County,vap_black,pre_16_dem_cli,0.5069252620929842,0.17123771290134862,0.17580756620565338,0.8347091263302573
Jackson County,vap_hisp,pre_16_rep_tru,0.4568591628975777,0.17902427286322092,0.1032651098030067,0.7842026467829843
Jackson County,vap_hisp,pre_16_dem_cli,0.5431408371024223,0.17902427286322092,0.21579735321701568,0.8967348901969933
Jackson County,vap_asian,pre_16_rep_tru,0.485623392665008,0.1683918940951269,0.16318940843811647,0.7955971300295968
Jackson County,vap_asian,pre_16_dem_cli,0.5143766073349919,0.1683918940951269,0.2044028699704032,0.8368105915618834
Jackson County,vap_aian,pre_16_rep_tru,0.5153320834540639,0.1664847568899884,0.19917463798718835,0.8308835388194977
Jackson County,vap_aian,pre_16_dem_cli,0.4846679165459361,0.1664847568899884,0.1691164611805024,0.8008253620128115
Jackson County,vap_oth_b,pre_16_rep_tru,0.46325480118070367,0.16642286314261012,0.16104029999262603,0.7923512309623714
Jackson County,vap_oth_b,pre_16_dem_cli,0.5367451988192963,0.16642286314261012,0.20764876903762852,0.8389597000073739
Jackson County,vap_white,uss_16_rep_por,0.7330932693890544,0.00717737469240728,0.7186575636201179,0.7464413205586106
Jackson County,vap_white,uss_16_dem_str,0.2669067306109456,0.00717737469240728,0.2535586794413893,0.281342436379882
Jackson County,vap_black,uss_16_rep_por,0.4751478693030022,0.17085787143985934,0.16431578382194328,0.8092182776588706
Jackson County,vap_black,uss_16_dem_str,0.5248521306969978,0.17085787143985934,0.1907817223411292,0.8356842161780567
Jackson County,vap_hisp,uss_16_rep_por,0.4857357868835054,0.16726130102294237,0.1837878047473444,0.8059241834150062
Jackson County,vap_hisp,uss_16_dem_str,0.5142642131164946,0.16726130102294237,0.1940758165849938,0.8162121952526556
Jackson County,vap_asian,uss_16_rep_por,0.5119418147947953,0.1715660519295302,0.1954739197583932,0.8387214844705352
Jackson County,vap_asian,uss_16_dem_str,0.4880581852052046,0.1715660519295302,0.16127851552946476,0.8045260802416067
Jackson County,vap_aian,uss_16_rep_por,0.5176042328577989,0.17888025881906525,0.18932627805215943,0.851082510675873
Jackson County,vap_aian,uss_16_dem_str,0.48239576714220106,0.17888025881906525,0.148917489324127,0.8106737219478406
Jackson County,vap_oth_b,uss_16_rep_por,0.48975453372674066,0.1680706197654922,0.1985206866959177,0.8158267819012337
Jackson County,vap_oth_b,uss_16_dem_str,0.5102454662732593,0.1680706197654922,0.18417321809876624,0.8014793133040823
Jackson County,vap_white,uss_18_rep_ren,0.6315201869067787,0.00770002633888947,0.6163747708994421,0.6462306293937675
Jackson County,vap_white,uss_18_dem_bro,0.36847981309322125,0.00770002633888947,0.3537693706062324,0.3836252291005578
Jackson County,vap_black,uss_18_rep_ren,0.4992529852339146,0.17589246891848953,0.17998881899926536,0.8317925268521351
Jackson County,vap_black,uss_18_dem_bro,0.5007470147660853,0.17589246891848953,0.16820747314786477,0.8200111810007344
Jackson County,vap_hisp,uss_18_rep_ren,0.4824241235611334,0.184461063765247,0.10753808996029368,0.8226453460664793
Jackson County,vap_hisp,uss_18_dem_bro,0.5175758764388666,0.184461063765247,0.17735465393352068,0.8924619100397063
Jackson County,vap_asian,uss_18_rep_ren,0.5005945789022316,0.1742420232235475,0.178143511255255,0.8235484498705371
Jackson County,vap_asian,uss_18_dem_bro,0.4994054210977683,0.1742420232235475,0.17645155012946276,0.821856488744745
Jackson County,vap_aian,uss_18_rep_ren,0.4877167821830588,0.1669067560480161,0.18098602502530783,0.8143759196687275
Jackson County,vap_aian,uss_18_dem_bro,0.5122832178169412,0.1669067560480161,0.1856240803312724,0.8190139749746921
Jackson County,vap_oth_b,uss_18_rep_ren,0.4980429536798397,0.1624724742395161,0.1923188928820601,0.8098969160260051
Jackson County,vap_oth_b,uss_18_dem_bro,0.5019570463201602,0.1624724742395161,0.1901030839739948,0.8076811071179398
Jackson County,vap_white,gov_18_rep_dew,0.7082394378185051,0.00772208572584918,0.6931117018404513,0.723222416961675
Jackson County,vap_white,gov_18_dem_cor,0.29176056218149493,0.00772208572584918,0.276777583038325,0.3068882981595487
Jackson County,vap_black,gov_18_rep_dew,0.5037418665044305,0.18349254573923576,0.1597983582680512,0.8517034237102858
Jackson County,vap_black,gov_18_dem_cor,0.4962581334955694,0.18349254573923576,0.14829657628971407,0.8402016417319487
Jackson County,vap_hisp,gov_18_rep_dew,0.5213063454670958,0.16702914419389067,0.19885287380505073,0.8211259969442964
Jackson County,vap_hisp,gov_18_dem_cor,0.47869365453290424,0.16702914419389067,0.17887400305570356,0.8011471261949493
Jackson County,vap_asian,gov_18_rep_dew,0.4991184543905777,0.1746623124970123,0.17517286174240257,0.8314948264125391
Jackson County,vap_asian,gov_18_dem_cor,0.5008815456094222,0.1746623124970123,0.1685051735874608,0.8248271382575973
Jackson County,vap_aian,gov_18_rep_dew,0.4926252208642688,0.17061840275868032,0.16989307126801245,0.8135587145131686
Jackson County,vap_aian,gov_18_dem_cor,0.5073747791357313,0.17061840275868032,0.18644128548683145,0.8301069287319875
Jackson County,vap_oth_b,gov_18_rep_dew,0.430809501894749,0.1629203572484545,0.1363523489393811,0.7541781984495944
Jackson County,vap_oth_b,gov_18_dem_cor,0.569190498105251,0.1629203572484545,0.24582180155040548,0.8636476510606185
Jackson County,vap_white,atg_18_rep_yos,0.7326106464052559,0.00799431050619177,0.716237332908536,0.7475035963093732
Jackson County,vap_white,atg_18_dem_det,0.26738935359474414,0.00799431050619177,0.25249640369062676,0.2837626670914639
Jackson County,vap_black,atg_18_rep_yos,0.48679355477846453,0.18351183171836025,0.14987392297867316,0.8307369253153347
Jackson County,vap_black,atg_18_dem_det,0.5132064452215354,0.18351183171836025,0.16926307468466514,0.8501260770213266
Jackson County,vap_hisp,atg_18_rep_yos,0.5184315008096653,0.19688816662377584,0.1760406957005212,0.8992321608930702
Jackson County,vap_hisp,atg_18_dem_det,0.48156849919033473,0.19688816662377584,0.10076783910692984,0.8239593042994788
Jackson County,vap_asian,atg_18_rep_yos,0.48329991892910623,0.17025157063331697,0.16310923633023156,0.8105450129322745
Jackson County,vap_asian,atg_18_dem_det,0.5167000810708937,0.17025157063331697,0.1894549870677253,0.8368907636697683
Jackson County,vap_aian,atg_18_rep_yos,0.4956057980730975,0.17047669866137843,0.16972649497808068,0.8210231921759314
Jackson County,vap_aian,atg_18_dem_det,0.5043942019269025,0.17047669866137843,0.17897680782406844,0.8302735050219192
Jackson County,vap_oth_b,atg_18_rep_yos,0.4869027657277867,0.18186267939861048,0.1603745792533572,0.8617775152087008
Jackson County,vap_oth_b,atg_18_dem_det,0.5130972342722132,0.18186267939861048,0.13822248479129903,0.8396254207466426
Jackson County,vap_white,sos_18_rep_lar,0.7098724972168893,0.00741240552084097,0.6954027075351689,0.7238995833804522
Jackson County,vap_white,sos_18_dem_cly,0.2901275027831107,0.00741240552084097,0.2761004166195477,0.3045972924648311
Jackson County,vap_black,sos_18_rep_lar,0.4819477297101823,0.18023521552448804,0.15521106658288636,0.8416538808732942
Jackson County,vap_black,sos_18_dem_cly,0.5180522702898176,0.18023521552448804,0.15834611912670568,0.8447889334171135
Jackson County,vap_hisp,sos_18_rep_lar,0.4571399539568606,0.17008067567026322,0.15565162855482065,0.7808964015488784
Jackson County,vap_hisp,sos_18_dem_cly,0.5428600460431394,0.17008067567026322,0.21910359845112148,0.8443483714451794
Jackson County,vap_asian,sos_18_rep_lar,0.5007276812191382,0.1776792904177374,0.1712558207365688,0.8641836927403316
Jackson County,vap_asian,sos_18_dem_cly,0.4992723187808617,0.1776792904177374,0.13581630725966817,0.8287441792634311
Jackson County,vap_aian,sos_18_rep_lar,0.49787852633079294,0.17332958851648883,0.1770739374193364,0.8253762969029732
Jackson County,vap_aian,sos_18_dem_cly,0.5021214736692071,0.17332958851648883,0.1746237030970269,0.8229260625806636
Jackson County,vap_oth_b,sos_18_rep_lar,0.454196675789236,0.1588644866355179,0.16518455543832103,0.7652490349942984
Jackson County,vap_oth_b,sos_18_dem_cly,0.5458033242107639,0.1588644866355179,0.2347509650057012,0.8348154445616788
Jackson County,vap_white,pre_20_rep_tru,0.7921358805428789,0.00667471247000964,0.7787060132203145,0.804614736393348
Jackson County,vap_white,pre_20_dem_bid,0.2078641194571211,0.00667471247000965,0.19538526360665195,0.22129398677968545
Jackson County,vap_black,pre_20_rep_tru,0.4844834044024934,0.17808746654656124,0.16040153969648915,0.8189704554529686
Jackson County,vap_black,pre_20_dem_bid,0.5155165955975065,0.17808746654656124,0.1810295445470312,0.8395984603035106
Jackson County,vap_hisp,pre_20_rep_tru,0.482520632958958,0.16615686365587648,0.1818617787910316,0.8136931916702411
Jackson County,vap_hisp,pre_20_dem_bid,0.517479367041042,0.16615686365587648,0.18630680832975885,0.8181382212089684
Jackson County,vap_asian,pre_20_rep_tru,0.48343641171476953,0.17351807669084005,0.15727311999653107,0.8098397301828627
Jackson County,vap_asian,pre_20_dem_bid,0.5165635882852304,0.17351807669084005,0.1901602698171369,0.842726880003469
Jackson County,vap_aian,pre_20_rep_tru,0.49890069993318503,0.16394324868658075,0.2007389479346856,0.8213134819963107
Jackson County,vap_aian,pre_20_dem_bid,0.501099300066815,0.16394324868658075,0.17868651800368923,0.7992610520653144
Jackson County,vap_oth_b,pre_20_rep_tru,0.4433680527755448,0.1616633990874768,0.1513245493959746,0.7696296066499138
Jackson County,vap_oth_b,pre_20_dem_bid,0.5566319472244551,0.1616633990874768,0.2303703933500859,0.8486754506040253
Jefferson County,vap_white,pre_16_rep_tru,0.723578636588691,0.00874000305132129,0.7053803393705151,0.7390534593428991
Jefferson County,vap_white,pre_16_dem_cli,0.2764213634113089,0.00874000305132129,0.26094654065710077,0.29461966062948475
Jefferson County,vap_black,pre_16_rep_tru,0.1691185810073563,0.07482846372620565,0.06449554214653484,0.3438304505331529
Jefferson County,vap_black,pre_16_dem_cli,0.8308814189926438,0.07482846372620565,0.6561695494668469,0.9355044578534653
Jefferson County,vap_hisp,pre_16_rep_tru,0.4314385896128391,0.16299440836904122,0.15059554140454476,0.7472934070928157
Jefferson County,vap_hisp,pre_16_dem_cli,0.5685614103871609,0.16299440836904122,0.2527065929071842,0.8494044585954551
Jefferson County,vap_asian,pre_16_rep_tru,0.487586781057799,0.1560471239798443,0.1957037374015847,0.791963593004359
Jefferson County,vap_asian,pre_16_dem_cli,0.5124132189422009,0.1560471239798443,0.20803640699564072,0.8042962625984151
Jefferson County,vap_aian,pre_16_rep_tru,0.531594172804375,0.170263504759497,0.21848244871422867,0.8630230133264822
Jefferson County,vap_aian,pre_16_dem_cli,0.4684058271956249,0.170263504759497,0.13697698667351765,0.7815175512857713
Jefferson County,vap_oth_b,pre_16_rep_tru,0.36240928190933464,0.14686744609237928,0.1157406683226799,0.6660791754845867
Jefferson County,vap_oth_b,pre_16_dem_cli,0.6375907180906653,0.14686744609237928,0.33392082451541316,0.8842593316773201
Jefferson County,vap_white,uss_16_rep_por,0.6734154677445158,0.00868860534120802,0.6565311305406096,0.6908893061457091
Jefferson County,vap_white,uss_16_dem_str,0.32658453225548423,0.00868860534120802,0.30911069385429096,0.34346886945939037
Jefferson County,vap_black,uss_16_rep_por,0.1455090267715867,0.07645116440894228,0.04386534072066687,0.3312591245038454
Jefferson County,vap_black,uss_16_dem_str,0.8544909732284134,0.07645116440894228,0.6687408754961546,0.9561346592793332
Jefferson County,vap_hisp,uss_16_rep_por,0.45558792359749783,0.16786823563693018,0.16620119088527496,0.7875810837894631
Jefferson County,vap_hisp,uss_16_dem_str,0.5444120764025021,0.16786823563693018,0.21241891621053696,0.8337988091147249
Jefferson County,vap_asian,uss_16_rep_por,0.5099477071813975,0.1672113789722103,0.18818803866963452,0.8171462570627129
Jefferson County,vap_asian,uss_16_dem_str,0.4900522928186024,0.1672113789722103,0.18285374293728696,0.8118119613303654
Jefferson County,vap_aian,uss_16_rep_por,0.5107377688344785,0.17151153103670988,0.18464965540251077,0.8213193323827719
Jefferson County,vap_aian,uss_16_dem_str,0.48926223116552137,0.17151153103670988,0.17868066761722787,0.8153503445974891
Jefferson County,vap_oth_b,uss_16_rep_por,0.3960320775834063,0.1520828418880389,0.13856105197806498,0.7177332040026612
Jefferson County,vap_oth_b,uss_16_dem_str,0.6039679224165936,0.1520828418880389,0.28226679599733845,0.861438948021935
Jefferson County,vap_white,uss_18_rep_ren,0.5451862157535724,0.00906136689726594,0.5262731451592093,0.5618529823977269
Jefferson County,vap_white,uss_18_dem_bro,0.45481378424642754,0.00906136689726594,0.4381470176022731,0.4737268548407908
Jefferson County,vap_black,uss_18_rep_ren,0.22150245383936623,0.09378484700616772,0.07807605268524843,0.4414914173434279
Jefferson County,vap_black,uss_18_dem_bro,0.7784975461606338,0.09378484700616772,0.558508582656572,0.9219239473147516
Jefferson County,vap_hisp,uss_18_rep_ren,0.4511599627442748,0.1692276278609173,0.16492084304624957,0.7821097270335843
Jefferson County,vap_hisp,uss_18_dem_bro,0.5488400372557252,0.1692276278609173,0.21789027296641575,0.8350791569537502
Jefferson County,vap_asian,uss_18_rep_ren,0.48536845237490944,0.16872583244687714,0.16715603164323903,0.7852405856269153
Jefferson County,vap_asian,uss_18_dem_bro,0.5146315476250904,0.16872583244687714,0.21475941437308457,0.832843968356761
Jefferson County,vap_aian,uss_18_rep_ren,0.5064644546600017,0.14995037501322317,0.2196204892552984,0.7805104152530372
Jefferson County,vap_aian,uss_18_dem_bro,0.49353554533999816,0.14995037501322314,0.21948958474696273,0.7803795107447015
Jefferson County,vap_oth_b,uss_18_rep_ren,0.4195353448795556,0.1508547318900249,0.16077702243474268,0.7208574514195403
Jefferson County,vap_oth_b,uss_18_dem_bro,0.5804646551204443,0.1508547318900249,0.27914254858045945,0.839222977565257
Jefferson County,vap_white,gov_18_rep_dew,0.6509045063181126,0.00856291553821509,0.632713671132455,0.6664798096564023
Jefferson County,vap_white,gov_18_dem_cor,0.34909549368188747,0.00856291553821509,0.33352019034359753,0.3672863288675449
Jefferson County,vap_black,gov_18_rep_dew,0.20163905775438823,0.0853987709518647,0.07585628540209038,0.4117959218656481
Jefferson County,vap_black,gov_18_dem_cor,0.7983609422456118,0.0853987709518647,0.5882040781343518,0.9241437145979096
Jefferson County,vap_hisp,gov_18_rep_dew,0.46358838826649695,0.16733034583965023,0.1484302341149764,0.7753785582881537
Jefferson County,vap_hisp,gov_18_dem_cor,0.536411611733503,0.1673303458396502,0.22462144171184625,0.8515697658850235
Jefferson County,vap_asian,gov_18_rep_dew,0.5267941417291477,0.17582740534685204,0.20550344672409895,0.8448097594059436
Jefferson County,vap_asian,gov_18_dem_cor,0.47320585827085226,0.17582740534685204,0.1551902405940563,0.7944965532759009
Jefferson County,vap_aian,gov_18_rep_dew,0.5068968506371577,0.15692391449359527,0.21414424411408908,0.8001767790379695
Jefferson County,vap_aian,gov_18_dem_cor,0.4931031493628421,0.15692391449359527,0.1998232209620304,0.7858557558859107
Jefferson County,vap_oth_b,gov_18_rep_dew,0.40516032636088967,0.14415816533016285,0.1717669486451362,0.719229986792423
Jefferson County,vap_oth_b,gov_18_dem_cor,0.5948396736391103,0.14415816533016285,0.2807700132075767,0.8282330513548636
Jefferson County,vap_white,atg_18_rep_yos,0.5997138494251247,0.00863125346151338,0.5815324562475351,0.6155717439712814
Jefferson County,vap_white,atg_18_dem_det,0.40028615057487527,0.00863125346151338,0.3844282560287185,0.418467543752465
Jefferson County,vap_black,atg_18_rep_yos,0.20811096796914463,0.08334451812437983,0.07647511223676567,0.3904506336638692
Jefferson County,vap_black,atg_18_dem_det,0.7918890320308554,0.08334451812437983,0.6095493663361308,0.9235248877632344
Jefferson County,vap_hisp,atg_18_rep_yos,0.4580256892334603,0.1579090817774573,0.1644474053491569,0.7565307135566341
Jefferson County,vap_hisp,atg_18_dem_det,0.5419743107665397,0.1579090817774573,0.2434692864433659,0.835552594650843
Jefferson County,vap_asian,atg_18_rep_yos,0.48082524875056065,0.17344064216113037,0.17857843238704382,0.8263057473987433
Jefferson County,vap_asian,atg_18_dem_det,0.5191747512494393,0.17344064216113037,0.17369425260125637,0.821421567612956
Jefferson County,vap_aian,atg_18_rep_yos,0.5052494398211609,0.16871024706901913,0.17539496287438985,0.8065466534087276
Jefferson County,vap_aian,atg_18_dem_det,0.494750560178839,0.16871024706901913,0.1934533465912723,0.82460503712561
Jefferson County,vap_oth_b,atg_18_rep_yos,0.4043052118297354,0.14519299762755689,0.173086826679119,0.7136895691600312
Jefferson County,vap_oth_b,atg_18_dem_det,0.5956947881702646,0.14519299762755689,0.2863104308399686,0.826913173320881
Jefferson County,vap_white,sos_18_rep_lar,0.6176583415186798,0.00909003395697036,0.5992283249720677,0.6341042318518461
Jefferson County,vap_white,sos_18_dem_cly,0.38234165848132023,0.00909003395697036,0.36589576814815394,0.4007716750279324
Jefferson County,vap_black,sos_18_rep_lar,0.1911403242540003,0.08028608069365045,0.06732382035346271,0.3697666639796475
Jefferson County,vap_black,sos_18_dem_cly,0.8088596757459997,0.08028608069365045,0.6302333360203526,0.9326761796465372
Jefferson County,vap_hisp,sos_18_rep_lar,0.4689198906479892,0.15739870092801528,0.16835298858378997,0.7861065309805626
Jefferson County,vap_hisp,sos_18_dem_cly,0.5310801093520108,0.15739870092801528,0.21389346901943737,0.83164701141621
Jefferson County,vap_asian,sos_18_rep_lar,0.5048597690255966,0.1721723105966384,0.18000425633158573,0.8369488603607439
Jefferson County,vap_asian,sos_18_dem_cly,0.49514023097440335,0.1721723105966384,0.16305113963925602,0.8199957436684142
Jefferson County,vap_aian,sos_18_rep_lar,0.4751018930481384,0.16203300234052115,0.1723795095979082,0.7797863190073171
Jefferson County,vap_aian,sos_18_dem_cly,0.5248981069518616,0.16203300234052115,0.22021368099268276,0.8276204904020916
Jefferson County,vap_oth_b,sos_18_rep_lar,0.4302753678647128,0.15053408496921136,0.17424372309401073,0.7370863928601215
Jefferson County,vap_oth_b,sos_18_dem_cly,0.5697246321352871,0.15053408496921136,0.26291360713987844,0.8257562769059891
Jefferson County,vap_white,pre_20_rep_tru,0.7391776085295795,0.00822335893679376,0.7221955335569523,0.7543323074737461
Jefferson County,vap_white,pre_20_dem_bid,0.2608223914704205,0.00822335893679376,0.2456676925262539,0.2778044664430478
Jefferson County,vap_black,pre_20_rep_tru,0.15405297621661382,0.07012741473397333,0.0516972393333425,0.315836013623374
Jefferson County,vap_black,pre_20_dem_bid,0.8459470237833863,0.07012741473397333,0.684163986376626,0.9483027606666576
Jefferson County,vap_hisp,pre_20_rep_tru,0.4139562667802272,0.16251876406625684,0.1386261117993403,0.7604984642283028
Jefferson County,vap_hisp,pre_20_dem_bid,0.5860437332197728,0.16251876406625684,0.23950153577169697,0.8613738882006597
Jefferson County,vap_asian,pre_20_rep_tru,0.4793540628079235,0.16591230511187016,0.17009153852674824,0.7907750891746135
Jefferson County,vap_asian,pre_20_dem_bid,0.5206459371920764,0.16591230511187016,0.20922491082538647,0.8299084614732516
Jefferson County,vap_aian,pre_20_rep_tru,0.4859808092487656,0.15960522270848343,0.17691464064194237,0.7864950577943531
Jefferson County,vap_aian,pre_20_dem_bid,0.5140191907512343,0.15960522270848343,0.2135049422056466,0.8230853593580576
Jefferson County,vap_oth_b,pre_20_rep_tru,0.3478728472957954,0.14930437731554602,0.0932183146697889,0.6526561482959522
Jefferson County,vap_oth_b,pre_20_dem_bid,0.6521271527042045,0.14930437731554602,0.34734385170404763,0.906781685330211
Knox County,vap_white,pre_16_rep_tru,0.7295657649004046,0.00545216485120472,0.7186361734014042,0.7399045116918462
Knox County,vap_white,pre_16_dem_cli,0.2704342350995955,0.00545216485120472,0.26009548830815393,0.2813638265985959
Knox County,vap_black,pre_16_rep_tru,0.30575171604339463,0.12348422611237504,0.10127343033033567,0.5792055969532206
Knox County,vap_black,pre_16_dem_cli,0.6942482839566053,0.12348422611237504,0.42079440304677934,0.8987265696696644
Knox County,vap_hisp,pre_16_rep_tru,0.24819163804887245,0.0980410712891133,0.09350940202473704,0.4641308628145616
Knox County,vap_hisp,pre_16_dem_cli,0.7518083619511275,0.0980410712891133,0.5358691371854384,0.9064905979752628
Knox County,vap_asian,pre_16_rep_tru,0.2400527604315123,0.10361926115959988,0.08259193707516478,0.4850492214272912
Knox County,vap_asian,pre_16_dem_cli,0.7599472395684875,0.10361926115959988,0.5149507785727084,0.917408062924835
Knox County,vap_aian,pre_16_rep_tru,0.5055283857745653,0.15880732744054782,0.21101448831851857,0.8117744621895528
Knox County,vap_aian,pre_16_dem_cli,0.49447161422543473,0.15880732744054782,0.1882255378104473,0.7889855116814811
Knox County,vap_oth_b,pre_16_rep_tru,0.25848510762405524,0.11183512388753056,0.08105866766481676,0.49812858676912086
Knox County,vap_oth_b,pre_16_dem_cli,0.7415148923759447,0.11183512388753056,0.501871413230879,0.9189413323351832
Knox County,vap_white,uss_16_rep_por,0.7568581656650932,0.00649410253248791,0.7425870165281819,0.7679583652213495
Knox County,vap_white,uss_16_dem_str,0.24314183433490685,0.00649410253248791,0.2320416347786506,0.2574129834718182
Knox County,vap_black,uss_16_rep_por,0.3856136596411585,0.14633773046333337,0.13896913119620294,0.6960136611441684
Knox County,vap_black,uss_16_dem_str,0.6143863403588414,0.14633773046333337,0.30398633885583165,0.8610308688037971
Knox County,vap_hisp,uss_16_rep_por,0.31765225330879215,0.12897688143751723,0.11770403017980804,0.607266158200328
Knox County,vap_hisp,uss_16_dem_str,0.6823477466912078,0.12897688143751723,0.3927338417996719,0.8822959698201919
Knox County,vap_asian,uss_16_rep_por,0.3266468828565539,0.14358159986786043,0.10842958462905734,0.6463208530198126
Knox County,vap_asian,uss_16_dem_str,0.6733531171434459,0.14358159986786043,0.3536791469801874,0.8915704153709424
Knox County,vap_aian,uss_16_rep_por,0.49580693441123064,0.17944325380453455,0.16627230813334068,0.8303891343766225
Knox County,vap_aian,uss_16_dem_str,0.5041930655887693,0.17944325380453455,0.16961086562337724,0.8337276918666592
Knox County,vap_oth_b,uss_16_rep_por,0.309022982015609,0.13872612155586211,0.1065038946229811,0.6443283485059973
Knox County,vap_oth_b,uss_16_dem_str,0.6909770179843909,0.13872612155586211,0.3556716514940025,0.8934961053770188
Knox County,vap_white,uss_18_rep_ren,0.6463218280134675,0.00567839942892449,0.6344020705482724,0.6567239750729247
Knox County,vap_white,uss_18_dem_bro,0.35367817198653256,0.00567839942892449,0.3432760249270753,0.36559792945172775
Knox County,vap_black,uss_18_rep_ren,0.2787207651294895,0.11588837937102137,0.10026525231672274,0.554967825073262
Knox County,vap_black,uss_18_dem_bro,0.7212792348705104,0.11588837937102137,0.4450321749267376,0.8997347476832771
Knox County,vap_hisp,uss_18_rep_ren,0.23133897784475221,0.1046066280325598,0.08730780667870583,0.491093435517272
Knox County,vap_hisp,uss_18_dem_bro,0.7686610221552478,0.1046066280325598,0.5089065644827278,0.912692193321294
Knox County,vap_asian,uss_18_rep_ren,0.21176335430012716,0.09783433266306676,0.06630417646347297,0.4339927182170591
Knox County,vap_asian,uss_18_dem_bro,0.7882366456998727,0.09783433266306676,0.5660072817829406,0.9336958235365268
Knox County,vap_aian,uss_18_rep_ren,0.5096792995434161,0.16676150616930038,0.19859743863423368,0.8163676256526888
Knox County,vap_aian,uss_18_dem_bro,0.4903207004565839,0.16676150616930038,0.1836323743473112,0.8014025613657662
Knox County,vap_oth_b,uss_18_rep_ren,0.30024317240023685,0.10590446922297256,0.1287110022344922,0.5296986520454525
Knox County,vap_oth_b,uss_18_dem_bro,0.6997568275997631,0.10590446922297256,0.47030134795454726,0.8712889977655077
Knox County,vap_white,gov_18_rep_dew,0.6944035521200606,0.00561526946289759,0.682866141445379,0.7049865065187533
Knox County,vap_white,gov_18_dem_cor,0.3055964478799395,0.00561526946289759,0.2950134934812468,0.317133858554621
Knox County,vap_black,gov_18_rep_dew,0.266627447062516,0.11813468741315744,0.08632101520460064,0.5283283149212035
Knox County,vap_black,gov_18_dem_cor,0.7333725529374839,0.11813468741315744,0.4716716850787966,0.9136789847953992
Knox County,vap_hisp,gov_18_rep_dew,0.23808171895944089,0.10267435297607425,0.08453986959902245,0.4723455675517888
Knox County,vap_hisp,gov_18_dem_cor,0.761918281040559,0.10267435297607425,0.5276544324482111,0.9154601304009776
Knox County,vap_asian,gov_18_rep_dew,0.23733243337826584,0.1046006491607662,0.07515374527674863,0.47937637313320625
Knox County,vap_asian,gov_18_dem_cor,0.7626675666217341,0.1046006491607662,0.5206236268667936,0.9248462547232512
Knox County,vap_aian,gov_18_rep_dew,0.5019168724052788,0.16323666233538947,0.18570484635942677,0.7985089974610596
Knox County,vap_aian,gov_18_dem_cor,0.4980831275947211,0.16323666233538947,0.2014910025389403,0.8142951536405733
Knox County,vap_oth_b,gov_18_rep_dew,0.26959156740762913,0.10772885339031742,0.10094134017744762,0.5022092366316221
Knox County,vap_oth_b,gov_18_dem_cor,0.7304084325923709,0.10772885339031742,0.4977907633683778,0.8990586598225523
Knox County,vap_white,atg_18_rep_yos,0.7072889669963135,0.00565883856165532,0.6955602711307608,0.7176243109876016
Knox County,vap_white,atg_18_dem_det,0.29271103300368656,0.00565883856165532,0.2823756890123984,0.3044397288692392
Knox County,vap_black,atg_18_rep_yos,0.3028933625524083,0.12758223257169624,0.10100888530635138,0.5870269988327961
Knox County,vap_black,atg_18_dem_det,0.6971066374475917,0.12758223257169624,0.4129730011672038,0.8989911146936486
Knox County,vap_hisp,atg_18_rep_yos,0.24619053790326345,0.09975275041179232,0.09166536670063063,0.468850451509245
Knox County,vap_hisp,atg_18_dem_det,0.7538094620967365,0.09975275041179232,0.5311495484907549,0.9083346332993693
Knox County,vap_asian,atg_18_rep_yos,0.24627387028448164,0.10720158480528924,0.08645655026089454,0.4878537651422404
Knox County,vap_asian,atg_18_dem_det,0.7537261297155182,0.10720158480528924,0.5121462348577595,0.9135434497391052
Knox County,vap_aian,atg_18_rep_yos,0.5009829278480803,0.1682797299358368,0.19120806734172135,0.823019312812135
Knox County,vap_aian,atg_18_dem_det,0.4990170721519197,0.1682797299358368,0.1769806871878648,0.8087919326582784
Knox County,vap_oth_b,atg_18_rep_yos,0.2894521668436161,0.11329589821370252,0.11161426554658932,0.5573000059030887
Knox County,vap_oth_b,atg_18_dem_det,0.7105478331563838,0.11329589821370252,0.4426999940969109,0.8883857344534106
Knox County,vap_white,sos_18_rep_lar,0.6994177794780693,0.00594434297332678,0.6866962820531458,0.7102959195368584
Knox County,vap_white,sos_18_dem_cly,0.3005822205219308,0.00594434297332678,0.28970408046314167,0.31330371794685424
Knox County,vap_black,sos_18_rep_lar,0.31522728986518717,0.12885478808767287,0.1111150864795406,0.6041596781788977
Knox County,vap_black,sos_18_dem_cly,0.6847727101348128,0.12885478808767287,0.3958403218211021,0.8888849135204593
Knox County,vap_hisp,sos_18_rep_lar,0.23056910074816944,0.09692775346385192,0.083533336528866,0.4523309245106553
Knox County,vap_hisp,sos_18_dem_cly,0.7694308992518305,0.09692775346385192,0.5476690754893446,0.916466663471134
Knox County,vap_asian,sos_18_rep_lar,0.19664865222567204,0.0986676416897716,0.05065974767129287,0.4194651435345544
Knox County,vap_asian,sos_18_dem_cly,0.8033513477743279,0.0986676416897716,0.5805348564654453,0.949340252328707
Knox County,vap_aian,sos_18_rep_lar,0.5019216092403608,0.16609782081237368,0.1873461670089647,0.8096683949653862
Knox County,vap_aian,sos_18_dem_cly,0.4980783907596392,0.16609782081237368,0.1903316050346136,0.8126538329910353
Knox County,vap_oth_b,sos_18_rep_lar,0.26837995283583016,0.12108192665056668,0.07913310703367607,0.5431583348650678
Knox County,vap_oth_b,sos_18_dem_cly,0.7316200471641698,0.12108192665056668,0.456841665134932,0.9208668929663238
Knox County,vap_white,pre_20_rep_tru,0.7362921839737955,0.00553933771174472,0.7247840229562984,0.7463012111940093
Knox County,vap_white,pre_20_dem_bid,0.2637078160262045,0.00553933771174472,0.2536987888059907,0.27521597704370165
Knox County,vap_black,pre_20_rep_tru,0.29844103420877766,0.13459471574600212,0.09055978334948243,0.59572743404877
Knox County,vap_black,pre_20_dem_bid,0.7015589657912222,0.13459471574600212,0.40427256595123007,0.9094402166505174
Knox County,vap_hisp,pre_20_rep_tru,0.2450846159239509,0.10717012206720546,0.07690874061308678,0.4867191458124734
Knox County,vap_hisp,pre_20_dem_bid,0.7549153840760491,0.10717012206720546,0.5132808541875266,0.9230912593869132
Knox County,vap_asian,pre_20_rep_tru,0.2176270136376817,0.1023359674878416,0.06139258561843993,0.4503045152453836
Knox County,vap_asian,pre_20_dem_bid,0.7823729863623182,0.1023359674878416,0.5496954847546163,0.93860741438156
Knox County,vap_aian,pre_20_rep_tru,0.5057955523371706,0.1709598578651734,0.19709177875967152,0.8472708602997386
Knox County,vap_aian,pre_20_dem_bid,0.4942044476628294,0.1709598578651734,0.15272913970026117,0.8029082212403283
Knox County,vap_oth_b,pre_20_rep_tru,0.3067990434410009,0.12287771842573995,0.1150443118725312,0.5852716629568622
Knox County,vap_oth_b,pre_20_dem_bid,0.693200956558999,0.12287771842573995,0.4147283370431377,0.8849556881274688
Lake County,vap_white,pre_16_rep_tru,0.62271794493053,0.00685438497146998,0.6091423819519561,0.6347309837996301
Lake County,vap_white,pre_16_dem_cli,0.37728205506946993,0.00685438497146998,0.36526901620036983,0.3908576180480438
Lake County,vap_black,pre_16_rep_tru,0.1143596490216148,0.03843467442263596,0.05426307561541618,0.20105504202186683
Lake County,vap_black,pre_16_dem_cli,0.8856403509783852,0.03843467442263596,0.798944957978133,0.9457369243845838
Lake County,vap_hisp,pre_16_rep_tru,0.1837916216620273,0.06063033609331757,0.08254627062207312,0.3177112635469805
Lake County,vap_hisp,pre_16_dem_cli,0.8162083783379728,0.06063033609331757,0.6822887364530196,0.9174537293779268
Lake County,vap_asian,pre_16_rep_tru,0.3295053818351875,0.13238818308419065,0.12055628765108,0.6168599070729212
Lake County,vap_asian,pre_16_dem_cli,0.6704946181648124,0.13238818308419065,0.3831400929270786,0.8794437123489199
Lake County,vap_aian,pre_16_rep_tru,0.4893467468616678,0.16540337801259675,0.17894510864464022,0.8227639126272683
Lake County,vap_aian,pre_16_dem_cli,0.5106532531383322,0.16540337801259675,0.17723608737273172,0.8210548913553598
Lake County,vap_oth_b,pre_16_rep_tru,0.38182567766182834,0.15367213144211506,0.15730807047405446,0.7099075434152518
Lake County,vap_oth_b,pre_16_dem_cli,0.6181743223381716,0.15367213144211506,0.29009245658474814,0.8426919295259454
Lake County,vap_white,uss_16_rep_por,0.6926762544592813,0.00598936970235159,0.6793307075244868,0.7028846321312832
Lake County,vap_white,uss_16_dem_str,0.3073237455407188,0.00598936970235159,0.29711536786871684,0.32066929247551323
Lake County,vap_black,uss_16_rep_por,0.14563967695653443,0.04802290569013024,0.06910886408236565,0.2519547648367843
Lake County,vap_black,uss_16_dem_str,0.8543603230434655,0.04802290569013024,0.7480452351632156,0.9308911359176344
Lake County,vap_hisp,uss_16_rep_por,0.22805410731783551,0.06740809463969093,0.105591272653847,0.3659121691701154
Lake County,vap_hisp,uss_16_dem_str,0.7719458926821645,0.06740809463969093,0.6340878308298845,0.8944087273461531
Lake County,vap_asian,uss_16_rep_por,0.367429281298056,0.12741273675963063,0.1436800224929063,0.6480869323469777
Lake County,vap_asian,uss_16_dem_str,0.6325707187019439,0.12741273675963063,0.3519130676530222,0.8563199775070935
Lake County,vap_aian,uss_16_rep_por,0.541233436649781,0.1614570996337376,0.23750410792608284,0.8280557479979157
Lake County,vap_aian,uss_16_dem_str,0.4587665633502191,0.1614570996337376,0.1719442520020842,0.7624958920739172
Lake County,vap_oth_b,uss_16_rep_por,0.320414857408401,0.12050380493683858,0.1322191085824778,0.5914837397508663
Lake County,vap_oth_b,uss_16_dem_str,0.679585142591599,0.12050380493683858,0.4085162602491333,0.8677808914175221
Lake County,vap_white,uss_18_rep_ren,0.5012103390881235,0.0064381528844282,0.4885366028366373,0.5126642468594813
Lake County,vap_white,uss_18_dem_bro,0.4987896609118764,0.0064381528844282,0.4873357531405187,0.5114633971633625
Lake County,vap_black,uss_18_rep_ren,0.12389691463263756,0.04171673202748988,0.05802379400947674,0.21603488437575208
Lake County,vap_black,uss_18_dem_bro,0.8761030853673625,0.04171673202748988,0.7839651156242479,0.9419762059905232
Lake County,vap_hisp,uss_18_rep_ren,0.2247460447990445,0.07146733155196128,0.1037898181293897,0.37657506415165926
Lake County,vap_hisp,uss_18_dem_bro,0.7752539552009555,0.07146733155196128,0.6234249358483407,0.8962101818706103
Lake County,vap_asian,uss_18_rep_ren,0.3236331547435275,0.1125026594864105,0.1392040398480286,0.577025504841252
Lake County,vap_asian,uss_18_dem_bro,0.6763668452564724,0.1125026594864105,0.4229744951587478,0.8607959601519714
Lake County,vap_aian,uss_18_rep_ren,0.4937825490958077,0.14575675832107432,0.21499371261878963,0.7756111108716679
Lake County,vap_aian,uss_18_dem_bro,0.5062174509041923,0.14575675832107432,0.22438888912833216,0.7850062873812104
Lake County,vap_oth_b,uss_18_rep_ren,0.4287671900502642,0.13330273451447333,0.19151903196338568,0.6882417338532789
Lake County,vap_oth_b,uss_18_dem_bro,0.5712328099497358,0.13330273451447333,0.31175826614672103,0.8084809680366143
Lake County,vap_white,gov_18_rep_dew,0.5836837972152199,0.00599387532494891,0.572582668509963,0.5951931569974119
Lake County,vap_white,gov_18_dem_cor,0.4163162027847801,0.00599387532494891,0.404806843002588,0.4274173314900369
Lake County,vap_black,gov_18_rep_dew,0.1320794163985887,0.0404202340094432,0.06152996324834123,0.22049870241600908
Lake County,vap_black,gov_18_dem_cor,0.8679205836014113,0.0404202340094432,0.7795012975839908,0.9384700367516589
Lake County,vap_hisp,gov_18_rep_dew,0.2386021163642177,0.06814656544286156,0.12653606637712866,0.3916751576258313
Lake County,vap_hisp,gov_18_dem_cor,0.7613978836357824,0.06814656544286156,0.6083248423741686,0.8734639336228714
Lake County,vap_asian,gov_18_rep_dew,0.30728096206760236,0.11357814008448731,0.12009321582753214,0.5303222363074274
Lake County,vap_asian,gov_18_dem_cor,0.6927190379323976,0.11357814008448731,0.4696777636925725,0.8799067841724677
Lake County,vap_aian,gov_18_rep_dew,0.480466682433528,0.15444552494507297,0.1922902312457196,0.7737059303891901
Lake County,vap_aian,gov_18_dem_cor,0.519533317566472,0.15444552494507297,0.22629406961080983,0.8077097687542806
Lake County,vap_oth_b,gov_18_rep_dew,0.3756609283792269,0.14258635569229672,0.126887857697712,0.6638388270019264
Lake County,vap_oth_b,gov_18_dem_cor,0.6243390716207731,0.14258635569229672,0.3361611729980736,0.873112142302288
Lake County,vap_white,atg_18_rep_yos,0.5641815367719398,0.00672928179143968,0.5507903822916447,0.575998097021365
Lake County,vap_white,atg_18_dem_det,0.43581846322806017,0.00672928179143968,0.424001902978635,0.4492096177083553
Lake County,vap_black,atg_18_rep_yos,0.11207337758262778,0.0421168142281936,0.04856277952653847,0.2110252153791565
Lake County,vap_black,atg_18_dem_det,0.8879266224173722,0.04211681422819359,0.7889747846208435,0.9514372204734616
Lake County,vap_hisp,atg_18_rep_yos,0.24707850171977416,0.08114520673293535,0.11584212298505386,0.42633967157944613
Lake County,vap_hisp,atg_18_dem_det,0.7529214982802259,0.08114520673293535,0.5736603284205539,0.8841578770149463
Lake County,vap_asian,atg_18_rep_yos,0.30163372295333535,0.11441787460096402,0.12343330336809588,0.5475930718373642
Lake County,vap_asian,atg_18_dem_det,0.6983662770466647,0.11441787460096402,0.4524069281626357,0.8765666966319041
Lake County,vap_aian,atg_18_rep_yos,0.4733731961386308,0.1599794684302863,0.17580673665312224,0.7863019495775094
Lake County,vap_aian,atg_18_dem_det,0.5266268038613693,0.1599794684302863,0.2136980504224907,0.8241932633468777
Lake County,vap_oth_b,atg_18_rep_yos,0.4340795819945073,0.16027097895447534,0.16908617110277438,0.7510496678230649
Lake County,vap_oth_b,atg_18_dem_det,0.5659204180054928,0.16027097895447534,0.24895033217693505,0.8309138288972256
Lake County,vap_white,sos_18_rep_lar,0.5690874899625217,0.00728851637804167,0.5547616159889005,0.5829278916080534
Lake County,vap_white,sos_18_dem_cly,0.4309125100374783,0.00728851637804167,0.4170721083919467,0.4452383840110994
Lake County,vap_black,sos_18_rep_lar,0.10226463039774455,0.03842922415113651,0.04560254511758313,0.19891047602236892
Lake County,vap_black,sos_18_dem_cly,0.8977353696022554,0.03842922415113651,0.8010895239776308,0.9543974548824168
Lake County,vap_hisp,sos_18_rep_lar,0.2312688227431449,0.07019374000261615,0.11298751453763742,0.3873318947613001
Lake County,vap_hisp,sos_18_dem_cly,0.7687311772568551,0.07019374000261615,0.6126681052387,0.8870124854623626
Lake County,vap_asian,sos_18_rep_lar,0.3393868477151719,0.1400929489388127,0.10974414982444576,0.6211563002568805
Lake County,vap_asian,sos_18_dem_cly,0.660613152284828,0.1400929489388127,0.3788436997431194,0.8902558501755542
Lake County,vap_aian,sos_18_rep_lar,0.5367173977666098,0.15170162748484234,0.24529933502917653,0.8235418445090803
Lake County,vap_aian,sos_18_dem_cly,0.46328260223339024,0.15170162748484234,0.17645815549091975,0.7547006649708234
Lake County,vap_oth_b,sos_18_rep_lar,0.3978026603736799,0.1681896442061435,0.1299715306825808,0.7488479414496547
Lake County,vap_oth_b,sos_18_dem_cly,0.60219733962632,0.1681896442061435,0.25115205855034517,0.8700284693174191
Lake County,vap_white,pre_20_rep_tru,0.6006978323014103,0.00683069707980769,0.586743754455258,0.6131122103989317
Lake County,vap_white,pre_20_dem_bid,0.39930216769858967,0.00683069707980769,0.3868877896010683,0.41325624554474194
Lake County,vap_black,pre_20_rep_tru,0.11744655905955027,0.04268455931951202,0.054861786839015,0.22575659419804425
Lake County,vap_black,pre_20_dem_bid,0.8825534409404497,0.04268455931951201,0.7742434058019557,0.9451382131609852
Lake County,vap_hisp,pre_20_rep_tru,0.2553742556039376,0.0830393170722536,0.10509674517186512,0.425752692696708
Lake County,vap_hisp,pre_20_dem_bid,0.7446257443960624,0.0830393170722536,0.574247307303292,0.8949032548281348
Lake County,vap_asian,pre_20_rep_tru,0.3417961948329132,0.13407956085084852,0.11189355443650488,0.6502363498853352
Lake County,vap_asian,pre_20_dem_bid,0.6582038051670868,0.13407956085084852,0.34976365011466476,0.888106445563495
Lake County,vap_aian,pre_20_rep_tru,0.41751622547318873,0.15628443049933868,0.12183224229189964,0.7239989902105514
Lake County,vap_aian,pre_20_dem_bid,0.5824837745268113,0.15628443049933868,0.27600100978944875,0.8781677577081002
Lake County,vap_oth_b,pre_20_rep_tru,0.4890439537135455,0.15732441315301063,0.19753187877303977,0.7857856286510396
Lake County,vap_oth_b,pre_20_dem_bid,0.5109560462864545,0.15732441315301063,0.2142143713489604,0.8024681212269601
Lawrence County,vap_white,pre_16_rep_tru,0.7445314397066217,0.00524206797907658,0.7339491727630302,0.754570660218608
Lawrence County,vap_white,pre_16_dem_cli,0.2554685602933783,0.00524206797907658,0.245429339781392,0.2660508272369698
Lawrence County,vap_black,pre_16_rep_tru,0.2914136664046778,0.11739433533990816,0.11052859188822065,0.5686743714336514
Lawrence County,vap_black,pre_16_dem_cli,0.7085863335953222,0.11739433533990816,0.43132562856634854,0.8894714081117794
Lawrence County,vap_hisp,pre_16_rep_tru,0.4704132494903048,0.15616291259866638,0.18160624660986877,0.7641376429243593
Lawrence County,vap_hisp,pre_16_dem_cli,0.5295867505096952,0.15616291259866638,0.23586235707564068,0.8183937533901313
Lawrence County,vap_asian,pre_16_rep_tru,0.5181127300447582,0.16614979687497816,0.19722024586352557,0.8175390643654099
Lawrence County,vap_asian,pre_16_dem_cli,0.4818872699552417,0.16614979687497816,0.18246093563458984,0.8027797541364742
Lawrence County,vap_aian,pre_16_rep_tru,0.4871767138391012,0.17922795292751634,0.16185467802355724,0.8246381701497737
Lawrence County,vap_aian,pre_16_dem_cli,0.5128232861608988,0.17922795292751634,0.17536182985022622,0.8381453219764425
Lawrence County,vap_oth_b,pre_16_rep_tru,0.14970010505084252,0.06051451157544685,0.06070957568059281,0.2900149054077355
Lawrence County,vap_oth_b,pre_16_dem_cli,0.8502998949491574,0.06051451157544686,0.7099850945922646,0.9392904243194072
Lawrence County,vap_white,uss_16_rep_por,0.6657591423767546,0.00702575889832407,0.6522612407474822,0.6794384238753949
Lawrence County,vap_white,uss_16_dem_str,0.33424085762324546,0.00702575889832407,0.32056157612460523,0.3477387592525179
Lawrence County,vap_black,uss_16_rep_por,0.2979401372761835,0.1110724878406804,0.11403445114729029,0.5525577159862958
Lawrence County,vap_black,uss_16_dem_str,0.7020598627238165,0.1110724878406804,0.44744228401370423,0.8859655488527098
Lawrence County,vap_hisp,uss_16_rep_por,0.4978943178858819,0.16193018889763944,0.21077930828154895,0.826959514874602
Lawrence County,vap_hisp,uss_16_dem_str,0.5021056821141181,0.1619301888976395,0.17304048512539807,0.7892206917184511
Lawrence County,vap_asian,uss_16_rep_por,0.48955717091732376,0.15997257249078417,0.20184144482489288,0.8059024146403084
Lawrence County,vap_asian,uss_16_dem_str,0.5104428290826761,0.15997257249078417,0.19409758535969135,0.798158555175107
Lawrence County,vap_aian,uss_16_rep_por,0.5131499581387988,0.16248861171024925,0.21242439821705503,0.8096713890557325
Lawrence County,vap_aian,uss_16_dem_str,0.4868500418612011,0.16248861171024925,0.19032861094426748,0.7875756017829448
Lawrence County,vap_oth_b,uss_16_rep_por,0.5113995077869099,0.15197677874649457,0.2001105526552111,0.7797669879974437
Lawrence County,vap_oth_b,uss_16_dem_str,0.4886004922130901,0.15197677874649457,0.22023301200255616,0.7998894473447888
Lawrence County,vap_white,uss_18_rep_ren,0.5937927969225634,0.00719702946803739,0.5796237434617527,0.6076191172196963
Lawrence County,vap_white,uss_18_dem_bro,0.40620720307743663,0.00719702946803739,0.39238088278030375,0.42037625653824734
Lawrence County,vap_black,uss_18_rep_ren,0.2910973280807402,0.11113880028865754,0.1182363349264572,0.556861653338666
Lawrence County,vap_black,uss_18_dem_bro,0.7089026719192598,0.11113880028865754,0.4431383466613339,0.8817636650735428
Lawrence County,vap_hisp,uss_18_rep_ren,0.4996837818956011,0.17450123984808694,0.17507568040348373,0.8200995940957467
Lawrence County,vap_hisp,uss_18_dem_bro,0.500316218104399,0.17450123984808694,0.17990040590425327,0.8249243195965161
Lawrence County,vap_asian,uss_18_rep_ren,0.4904306482177688,0.16078532769974724,0.1966392798829575,0.795590418643546
Lawrence County,vap_asian,uss_18_dem_bro,0.5095693517822311,0.16078532769974724,0.20440958135645385,0.8033607201170423
Lawrence County,vap_aian,uss_18_rep_ren,0.4903042486925163,0.1632943880092737,0.16249004358568736,0.7927311424641593
Lawrence County,vap_aian,uss_18_dem_bro,0.5096957513074837,0.1632943880092737,0.20726885753584048,0.8375099564143126
Lawrence County,vap_oth_b,uss_18_rep_ren,0.4710586499224901,0.14841476713779858,0.21100895126405392,0.7862244469596522
Lawrence County,vap_oth_b,uss_18_dem_bro,0.5289413500775099,0.14841476713779858,0.2137755530403478,0.7889910487359459
Lawrence County,vap_white,gov_18_rep_dew,0.6714962557569407,0.00765037506638161,0.6566466328669917,0.6860381519795765
Lawrence County,vap_white,gov_18_dem_cor,0.3285037442430593,0.00765037506638161,0.3139618480204236,0.34335336713300824
Lawrence County,vap_black,gov_18_rep_dew,0.3130186598966928,0.12226655420728788,0.11118477418450574,0.5818430875626439
Lawrence County,vap_black,gov_18_dem_cor,0.6869813401033072,0.12226655420728788,0.4181569124373559,0.8888152258154942
Lawrence County,vap_hisp,gov_18_rep_dew,0.46353452559722486,0.17782551653033987,0.1367213047718593,0.7898795501152527
Lawrence County,vap_hisp,gov_18_dem_cor,0.5364654744027751,0.17782551653033987,0.21012044988474732,0.8632786952281406
Lawrence County,vap_asian,gov_18_rep_dew,0.49788159569406065,0.18058193976639175,0.16238423230012644,0.8215940482259584
Lawrence County,vap_asian,gov_18_dem_cor,0.5021184043059393,0.18058193976639175,0.1784059517740415,0.8376157676998734
Lawrence County,vap_aian,gov_18_rep_dew,0.4849603991745293,0.17733121905555133,0.15190032060885025,0.8013684775259389
Lawrence County,vap_aian,gov_18_dem_cor,0.5150396008254706,0.17733121905555133,0.19863152247406107,0.8480996793911497
Lawrence County,vap_oth_b,gov_18_rep_dew,0.4168252665337871,0.1670171332728573,0.13566115681249394,0.7471824186626514
Lawrence County,vap_oth_b,gov_18_dem_cor,0.5831747334662128,0.1670171332728573,0.25281758133734855,0.8643388431875059
Lawrence County,vap_white,atg_18_rep_yos,0.678571601098598,0.00720087887445252,0.6636737392494797,0.6922015186464456
Lawrence County,vap_white,atg_18_dem_det,0.321428398901402,0.00720087887445252,0.30779848135355437,0.3363262607505203
Lawrence County,vap_black,atg_18_rep_yos,0.2764016246904464,0.12495311030364412,0.08317445899693142,0.5517340078783887
Lawrence County,vap_black,atg_18_dem_det,0.7235983753095536,0.12495311030364412,0.4482659921216112,0.9168255410030688
Lawrence County,vap_hisp,atg_18_rep_yos,0.5007482135766137,0.16877911652370697,0.1825540274046875,0.8170504846537354
Lawrence County,vap_hisp,atg_18_dem_det,0.4992517864233864,0.16877911652370697,0.18294951534626444,0.8174459725953125
Lawrence County,vap_asian,atg_18_rep_yos,0.4593594296234211,0.15639239829363857,0.16940892954085848,0.7572642171997205
Lawrence County,vap_asian,atg_18_dem_det,0.5406405703765789,0.15639239829363857,0.24273578280027935,0.8305910704591415
Lawrence County,vap_aian,atg_18_rep_yos,0.5005379842439832,0.16879302338086086,0.2053851635287948,0.850701242754007
Lawrence County,vap_aian,atg_18_dem_det,0.4994620157560167,0.16879302338086086,0.14929875724599284,0.7946148364712051
Lawrence County,vap_oth_b,atg_18_rep_yos,0.448317069294902,0.15885772308341548,0.17451268743425896,0.7745822419440307
Lawrence County,vap_oth_b,atg_18_dem_det,0.551682930705098,0.15885772308341548,0.2254177580559691,0.825487312565741
Lawrence County,vap_white,sos_18_rep_lar,0.6627418839512967,0.00769264534179401,0.6472107294562357,0.6772768938880652
Lawrence County,vap_white,sos_18_dem_cly,0.3372581160487033,0.00769264534179401,0.32272310611193483,0.35278927054376436
Lawrence County,vap_black,sos_18_rep_lar,0.2734955005100505,0.12499380890172426,0.0762973297440217,0.5468798740640135
Lawrence County,vap_black,sos_18_dem_cly,0.7265044994899496,0.12499380890172426,0.4531201259359866,0.9237026702559784
Lawrence County,vap_hisp,sos_18_rep_lar,0.4719997006233509,0.17257975307668671,0.16672905939644755,0.7938982760232279
Lawrence County,vap_hisp,sos_18_dem_cly,0.5280002993766492,0.17257975307668671,0.20610172397677212,0.8332709406035524
Lawrence County,vap_asian,sos_18_rep_lar,0.5051849719168934,0.15408093172149231,0.2080006196784125,0.7881803039561173
Lawrence County,vap_asian,sos_18_dem_cly,0.49481502808310657,0.15408093172149231,0.21181969604388265,0.7919993803215875
Lawrence County,vap_aian,sos_18_rep_lar,0.5295931209063774,0.15153597069710212,0.24876501458899383,0.8267190054114913
Lawrence County,vap_aian,sos_18_dem_cly,0.4704068790936225,0.15153597069710212,0.1732809945885085,0.7512349854110059
Lawrence County,vap_oth_b,sos_18_rep_lar,0.45149030897349024,0.15848855325371958,0.15383214009905136,0.7551882447903626
Lawrence County,vap_oth_b,sos_18_dem_cly,0.5485096910265097,0.15848855325371958,0.24481175520963724,0.8461678599009486
Lawrence County,vap_white,pre_20_rep_tru,0.7417237709134493,0.00715631247786652,0.7271327656399141,0.7545996994378533
Lawrence County,vap_white,pre_20_dem_bid,0.2582762290865507,0.00715631247786652,0.24540030056214676,0.27286723436008586
Lawrence County,vap_black,pre_20_rep_tru,0.2461586725682948,0.1265723617018346,0.05759854144271367,0.5285508883553753
Lawrence County,vap_black,pre_20_dem_bid,0.7538413274317052,0.1265723617018346,0.47144911164462466,0.9424014585572864
Lawrence County,vap_hisp,pre_20_rep_tru,0.49991541329698486,0.15555508596900533,0.2021859415974147,0.8109748690358907
Lawrence County,vap_hisp,pre_20_dem_bid,0.5000845867030151,0.15555508596900533,0.18902513096410936,0.7978140584025852
Lawrence County,vap_asian,pre_20_rep_tru,0.4738618367489382,0.16675518492674254,0.15161140217271282,0.7959440848844134
Lawrence County,vap_asian,pre_20_dem_bid,0.5261381632510617,0.16675518492674254,0.20405591511558632,0.8483885978272869
Lawrence County,vap_aian,pre_20_rep_tru,0.49972670035191535,0.15269363020590895,0.210488493153434,0.7800197900353074
Lawrence County,vap_aian,pre_20_dem_bid,0.5002732996480845,0.15269363020590895,0.21998020996469247,0.7895115068465658
Lawrence County,vap_oth_b,pre_20_rep_tru,0.42183881923851946,0.16442003047767517,0.13881353335793878,0.7450321215046007
Lawrence County,vap_oth_b,pre_20_dem_bid,0.5781611807614805,0.16442003047767517,0.25496787849539926,0.8611864666420611
Licking County,vap_white,pre_16_rep_tru,0.7069635417823846,0.00714201599360888,0.6930052314810923,0.7203705825011529
Licking County,vap_white,pre_16_dem_cli,0.2930364582176154,0.00714201599360888,0.27962941749884707,0.3069947685189078
Licking County,vap_black,pre_16_rep_tru,0.19853019478135817,0.07868629983343785,0.06957090341515809,0.3650423275465138
Licking County,vap_black,pre_16_dem_cli,0.8014698052186418,0.07868629983343785,0.6349576724534863,0.9304290965848416
Licking County,vap_hisp,pre_16_rep_tru,0.3642094002034026,0.12761350217990572,0.154952581077292,0.6414166488353215
Licking County,vap_hisp,pre_16_dem_cli,0.6357905997965974,0.12761350217990572,0.3585833511646783,0.845047418922708
Licking County,vap_asian,pre_16_rep_tru,0.18400150037376176,0.08825934286683029,0.05647062238779797,0.3829227714495746
Licking County,vap_asian,pre_16_dem_cli,0.8159984996262383,0.08825934286683029,0.6170772285504252,0.943529377612202
Licking County,vap_aian,pre_16_rep_tru,0.4807724727916815,0.15664333506915765,0.19970782286398947,0.7696901016803391
Licking County,vap_aian,pre_16_dem_cli,0.5192275272083184,0.15664333506915765,0.2303098983196605,0.8002921771360103
Licking County,vap_oth_b,pre_16_rep_tru,0.32548101866914053,0.1339938861104287,0.11117919983557366,0.6127029607790851
Licking County,vap_oth_b,pre_16_dem_cli,0.6745189813308594,0.1339938861104287,0.3872970392209148,0.8888208001644263
Licking County,vap_white,uss_16_rep_por,0.7543353737827021,0.00748607667421571,0.7384263834926128,0.7673831053426821
Licking County,vap_white,uss_16_dem_str,0.2456646262172979,0.00748607667421571,0.2326168946573179,0.26157361650738714
Licking County,vap_black,uss_16_rep_por,0.2433990315554957,0.08489832498987394,0.1028554709142221,0.41922069655162486
Licking County,vap_black,uss_16_dem_str,0.7566009684445043,0.08489832498987394,0.580779303448375,0.8971445290857778
Licking County,vap_hisp,uss_16_rep_por,0.3863650531293129,0.14270571110653538,0.150035001238606,0.711353215891133
Licking County,vap_hisp,uss_16_dem_str,0.6136349468706871,0.14270571110653538,0.2886467841088669,0.8499649987613939
Licking County,vap_asian,uss_16_rep_por,0.29934234847099794,0.10530653516368214,0.12425427299208372,0.5349937603557456
Licking County,vap_asian,uss_16_dem_str,0.7006576515290021,0.10530653516368214,0.4650062396442544,0.8757457270079163
Licking County,vap_aian,uss_16_rep_por,0.5008879523221772,0.18297179186713225,0.1476550247999513,0.8262025033578311
Licking County,vap_aian,uss_16_dem_str,0.49911204767782275,0.18297179186713225,0.1737974966421689,0.8523449752000485
Licking County,vap_oth_b,uss_16_rep_por,0.33163879572576443,0.13480384601618806,0.11472661658315242,0.6139348043710569
Licking County,vap_oth_b,uss_16_dem_str,0.6683612042742355,0.13480384601618806,0.38606519562894304,0.8852733834168475
Licking County,vap_white,uss_18_rep_ren,0.6139072389914807,0.00716917686004629,0.598582173132555,0.6269921822466542
Licking County,vap_white,uss_18_dem_bro,0.3860927610085193,0.00716917686004629,0.3730078177533459,0.4014178268674449
Licking County,vap_black,uss_18_rep_ren,0.16996638961908006,0.07237262195530138,0.06541300012649169,0.34283588534390136
Licking County,vap_black,uss_18_dem_bro,0.8300336103809198,0.07237262195530138,0.6571641146560985,0.9345869998735082
Licking County,vap_hisp,uss_18_rep_ren,0.34512810908135244,0.14521388883395112,0.11543649039881668,0.687949394700399
Licking County,vap_hisp,uss_18_dem_bro,0.6548718909186476,0.14521388883395112,0.3120506052996009,0.8845635096011834
Licking County,vap_asian,uss_18_rep_ren,0.18539997331380795,0.07954319885732007,0.06532825595740374,0.3657614787583609
Licking County,vap_asian,uss_18_dem_bro,0.8146000266861921,0.07954319885732007,0.6342385212416389,0.9346717440425965
Licking County,vap_aian,uss_18_rep_ren,0.5307911629475219,0.1891150112468677,0.18524145606804612,0.8819290379090321
Licking County,vap_aian,uss_18_dem_bro,0.4692088370524779,0.1891150112468677,0.11807096209096772,0.8147585439319537
Licking County,vap_oth_b,uss_18_rep_ren,0.32898156375946963,0.12733408068889873,0.11518626274401428,0.606653502826683
Licking County,vap_oth_b,uss_18_dem_bro,0.6710184362405304,0.12733408068889873,0.39334649717331704,0.8848137372559858
Licking County,vap_white,gov_18_rep_dew,0.6755403927814617,0.00716460447672394,0.6587413241825676,0.6871977970882789
Licking County,vap_white,gov_18_dem_cor,0.32445960721853834,0.00716460447672394,0.31280220291172117,0.34125867581743236
Licking County,vap_black,gov_18_rep_dew,0.1725126911050725,0.06164457988796409,0.07453720756225024,0.31204568296614577
Licking County,vap_black,gov_18_dem_cor,0.8274873088949275,0.06164457988796409,0.6879543170338541,0.9254627924377498
Licking County,vap_hisp,gov_18_rep_dew,0.346321522059335,0.13526828589856493,0.1225282175718234,0.6364285842593058
Licking County,vap_hisp,gov_18_dem_cor,0.653678477940665,0.13526828589856493,0.36357141574069424,0.8774717824281766
Licking County,vap_asian,gov_18_rep_dew,0.16916659903690384,0.079602618090514,0.05251829381410002,0.35045359533186676
Licking County,vap_asian,gov_18_dem_cor,0.8308334009630962,0.079602618090514,0.6495464046681331,0.9474817061859
Licking County,vap_aian,gov_18_rep_dew,0.5158838489848316,0.15772062127321193,0.20205119760842005,0.8078063400885962
Licking County,vap_aian,gov_18_dem_cor,0.4841161510151683,0.15772062127321193,0.19219365991140372,0.79794880239158
Licking County,vap_oth_b,gov_18_rep_dew,0.31685914757791883,0.12836531537019183,0.12950613178700704,0.6125922831254209
Licking County,vap_oth_b,gov_18_dem_cor,0.6831408524220811,0.12836531537019183,0.3874077168745789,0.870493868212993
Licking County,vap_white,atg_18_rep_yos,0.6940882696198106,0.00637696447991537,0.6809973068593741,0.7055002666168665
Licking County,vap_white,atg_18_dem_det,0.30591173038018943,0.00637696447991537,0.29449973338313357,0.3190026931406259
Licking County,vap_black,atg_18_rep_yos,0.13499742959353617,0.05739362706862776,0.05086050801548477,0.27177931857841847
Licking County,vap_black,atg_18_dem_det,0.8650025704064638,0.05739362706862776,0.7282206814215815,0.9491394919845152
Licking County,vap_hisp,atg_18_rep_yos,0.39661095782961153,0.14458346239432235,0.16209702792293798,0.7662309771798632
Licking County,vap_hisp,atg_18_dem_det,0.6033890421703885,0.14458346239432235,0.23376902282013687,0.8379029720770619
Licking County,vap_asian,atg_18_rep_yos,0.1989913510418786,0.08115717696049056,0.07729399994173064,0.38441234430011106
Licking County,vap_asian,atg_18_dem_det,0.8010086489581214,0.08115717696049056,0.6155876556998889,0.9227060000582692
Licking County,vap_aian,atg_18_rep_yos,0.5000913310849276,0.18841779481169452,0.14297685412104422,0.8416370430849669
Licking County,vap_aian,atg_18_dem_det,0.49990866891507224,0.18841779481169452,0.158362956915033,0.8570231458789558
Licking County,vap_oth_b,atg_18_rep_yos,0.3289550036327371,0.12290952341787915,0.13274787052651413,0.6009466369356775
Licking County,vap_oth_b,atg_18_dem_det,0.6710449963672629,0.12290952341787915,0.3990533630643223,0.867252129473486
Licking County,vap_white,sos_18_rep_lar,0.6761398583086603,0.00738407232988984,0.6609710188409972,0.6898808270914707
Licking County,vap_white,sos_18_dem_cly,0.32386014169133975,0.00738407232988984,0.31011917290852936,0.339028981159003
Licking County,vap_black,sos_18_rep_lar,0.16537652012262302,0.06870638542199145,0.06784610721887631,0.33325733755305925
Licking County,vap_black,sos_18_dem_cly,0.834623479877377,0.06870638542199145,0.6667426624469405,0.9321538927811236
Licking County,vap_hisp,sos_18_rep_lar,0.34594784233888554,0.14036658498620683,0.11606704630722582,0.6401895306593106
Licking County,vap_hisp,sos_18_dem_cly,0.6540521576611145,0.14036658498620683,0.3598104693406894,0.8839329536927741
Licking County,vap_asian,sos_18_rep_lar,0.19938296504817216,0.07162796881971671,0.08302590048850056,0.3658384865573354
Licking County,vap_asian,sos_18_dem_cly,0.8006170349518279,0.07162796881971671,0.6341615134426645,0.9169740995114994
Licking County,vap_aian,sos_18_rep_lar,0.5088640887470086,0.1518725370982013,0.23146199858644356,0.7969934799688563
Licking County,vap_aian,sos_18_dem_cly,0.4911359112529913,0.1518725370982013,0.2030065200311436,0.7685380014135563
Licking County,vap_oth_b,sos_18_rep_lar,0.33578833064521746,0.13116421528579628,0.12604968596814375,0.6282989226879101
Licking County,vap_oth_b,sos_18_dem_cly,0.6642116693547825,0.13116421528579628,0.37170107731208973,0.8739503140318563
Licking County,vap_white,pre_20_rep_tru,0.6972087244344253,0.00696655949513887,0.6833433316221227,0.7092706335701308
Licking County,vap_white,pre_20_dem_bid,0.3027912755655748,0.00696655949513887,0.29072936642986913,0.3166566683778773
Licking County,vap_black,pre_20_rep_tru,0.1424022359903967,0.05667135611015452,0.05313041728920387,0.27069507764336237
Licking County,vap_black,pre_20_dem_bid,0.8575977640096032,0.05667135611015452,0.7293049223566376,0.946869582710796
Licking County,vap_hisp,pre_20_rep_tru,0.38367635576888454,0.13829714658039727,0.15938560758021936,0.6936693580437994
Licking County,vap_hisp,pre_20_dem_bid,0.6163236442311155,0.13829714658039727,0.3063306419562005,0.8406143924197805
Licking County,vap_asian,pre_20_rep_tru,0.159854347555858,0.06371148132508278,0.06612390027901553,0.31450851070988584
Licking County,vap_asian,pre_20_dem_bid,0.8401456524441421,0.06371148132508278,0.6854914892901142,0.9338760997209844
Licking County,vap_aian,pre_20_rep_tru,0.5049429107106774,0.16374605807170384,0.2171596722272267,0.8305413621300533
Licking County,vap_aian,pre_20_dem_bid,0.4950570892893225,0.16374605807170384,0.1694586378699467,0.7828403277727727
Licking County,vap_oth_b,pre_20_rep_tru,0.3683743715863992,0.12946093863126207,0.15287827285886263,0.6339467032167025
Licking County,vap_oth_b,pre_20_dem_bid,0.6316256284136007,0.12946093863126204,0.3660532967832973,0.8471217271411374
Logan County,vap_white,pre_16_rep_tru,0.8049418230828413,0.00878577848381322,0.7869269000288486,0.8212752601039356
Logan County,vap_white,pre_16_dem_cli,0.19505817691715863,0.00878577848381322,0.17872473989606447,0.2130730999711513
Logan County,vap_black,pre_16_rep_tru,0.4343954255209878,0.168781041057596,0.13928089211036937,0.7835403726849879
Logan County,vap_black,pre_16_dem_cli,0.5656045744790121,0.168781041057596,0.21645962731501175,0.8607191078896304
Logan County,vap_hisp,pre_16_rep_tru,0.43246571512009,0.1646347503657535,0.15257610094474694,0.7650129849619215
Logan County,vap_hisp,pre_16_dem_cli,0.56753428487991,0.1646347503657535,0.2349870150380784,0.8474238990552531
Logan County,vap_asian,pre_16_rep_tru,0.46713058081407194,0.1679979498193516,0.1382510846055602,0.7765256873747746
Logan County,vap_asian,pre_16_dem_cli,0.5328694191859281,0.1679979498193516,0.22347431262522555,0.8617489153944399
Logan County,vap_aian,pre_16_rep_tru,0.4849127322757485,0.18220114407026608,0.14282247736255554,0.8221185420118942
Logan County,vap_aian,pre_16_dem_cli,0.5150872677242516,0.18220114407026608,0.17788145798810584,0.8571775226374444
Logan County,vap_oth_b,pre_16_rep_tru,0.4135787026867141,0.16765406401781613,0.12966458133004272,0.7650116031767237
Logan County,vap_oth_b,pre_16_dem_cli,0.586421297313286,0.16765406401781613,0.23498839682327607,0.8703354186699572
Logan County,vap_white,uss_16_rep_por,0.8600581896999744,0.00877844983459562,0.8423321468951019,0.8755645401687987
Logan County,vap_white,uss_16_dem_str,0.13994181030002562,0.00877844983459562,0.12443545983120138,0.15766785310489806
Logan County,vap_black,uss_16_rep_por,0.44206463615483726,0.17002705906770113,0.140897507622762,0.7829004053551242
Logan County,vap_black,uss_16_dem_str,0.5579353638451627,0.17002705906770113,0.21709959464487577,0.8591024923772378
Logan County,vap_hisp,uss_16_rep_por,0.4342487667378693,0.1660650285892884,0.1417528868694379,0.7613455553531906
Logan County,vap_hisp,uss_16_dem_str,0.5657512332621307,0.1660650285892884,0.23865444464680943,0.858247113130562
Logan County,vap_asian,uss_16_rep_por,0.48296069396293306,0.16877208831600765,0.15852971175751762,0.7879572483940397
Logan County,vap_asian,uss_16_dem_str,0.5170393060370669,0.16877208831600765,0.21204275160596023,0.8414702882424822
Logan County,vap_aian,uss_16_rep_por,0.5018099509025826,0.16997816657091727,0.18074554067523496,0.8156281920987403
Logan County,vap_aian,uss_16_dem_str,0.4981900490974175,0.16997816657091727,0.18437180790125984,0.819254459324765
Logan County,vap_oth_b,uss_16_rep_por,0.35335174160444777,0.1771231125185161,0.06903722998289813,0.710776148133595
Logan County,vap_oth_b,uss_16_dem_str,0.6466482583955522,0.1771231125185161,0.28922385186640504,0.9309627700171018
Logan County,vap_white,uss_18_rep_ren,0.6991456703946313,0.009021776623752,0.6818810684315394,0.7160876367527027
Logan County,vap_white,uss_18_dem_bro,0.3008543296053687,0.009021776623752,0.2839123632472973,0.31811893156846055
Logan County,vap_black,uss_18_rep_ren,0.47364269565613215,0.17029502271989053,0.1558912808473763,0.8054384112664839
Logan County,vap_black,uss_18_dem_bro,0.5263573043438677,0.17029502271989053,0.194561588733516,0.8441087191526235
Logan County,vap_hisp,uss_18_rep_ren,0.4404038879008964,0.1731126229844683,0.13518654547256315,0.7800586651020808
Logan County,vap_hisp,uss_18_dem_bro,0.5595961120991036,0.1731126229844683,0.21994133489791912,0.8648134545274366
Logan County,vap_asian,uss_18_rep_ren,0.5032237683301128,0.1636128314599115,0.20073304146608908,0.8081355779364343
Logan County,vap_asian,uss_18_dem_bro,0.4967762316698872,0.1636128314599115,0.19186442206356555,0.7992669585339107
Logan County,vap_aian,uss_18_rep_ren,0.4993425566358808,0.17569724313977272,0.16139324447742975,0.8140591713341742
Logan County,vap_aian,uss_18_dem_bro,0.5006574433641192,0.17569724313977272,0.18594082866582592,0.8386067555225702
Logan County,vap_oth_b,uss_18_rep_ren,0.4649625700303502,0.16697201994320754,0.16711801629539594,0.7895341923643562
Logan County,vap_oth_b,uss_18_dem_bro,0.5350374299696499,0.16697201994320754,0.21046580763564385,0.8328819837046041
Logan County,vap_white,gov_18_rep_dew,0.7708584014398575,0.00870505132568577,0.7530164359309849,0.786799718290666
Logan County,vap_white,gov_18_dem_cor,0.22914159856014252,0.00870505132568577,0.2132002817093339,0.24698356406901512
Logan County,vap_black,gov_18_rep_dew,0.40749401667999374,0.16942445292614783,0.11128238520694572,0.7534827509015748
Logan County,vap_black,gov_18_dem_cor,0.5925059833200063,0.16942445292614783,0.24651724909842512,0.8887176147930539
Logan County,vap_hisp,gov_18_rep_dew,0.4476356176256823,0.16789154218384386,0.15735662853226542,0.7839302355199026
Logan County,vap_hisp,gov_18_dem_cor,0.5523643823743177,0.16789154218384386,0.21606976448009732,0.8426433714677346
Logan County,vap_asian,gov_18_rep_dew,0.4849502880437556,0.1717726220311314,0.16154635248936153,0.8061180769693234
Logan County,vap_asian,gov_18_dem_cor,0.5150497119562444,0.1717726220311314,0.19388192303067636,0.8384536475106386
Logan County,vap_aian,gov_18_rep_dew,0.4891156014902005,0.16179625789270943,0.18063472556507051,0.7925726263611464
Logan County,vap_aian,gov_18_dem_cor,0.5108843985097996,0.16179625789270946,0.2074273736388535,0.8193652744349295
Logan County,vap_oth_b,gov_18_rep_dew,0.42754422710295725,0.1609650312674633,0.14484525931693015,0.7604014119153919
Logan County,vap_oth_b,gov_18_dem_cor,0.5724557728970427,0.1609650312674633,0.2395985880846083,0.85515474068307
Logan County,vap_white,atg_18_rep_yos,0.7830243867402044,0.00858345785597086,0.7652322245495109,0.7991790720409231
Logan County,vap_white,atg_18_dem_det,0.21697561325979564,0.00858345785597086,0.20082092795907688,0.234767775450489
Logan County,vap_black,atg_18_rep_yos,0.4355773357847,0.17913740120291702,0.123717968024702,0.7969769495482808
Logan County,vap_black,atg_18_dem_det,0.5644226642153,0.17913740120291702,0.20302305045171895,0.876282031975298
Logan County,vap_hisp,atg_18_rep_yos,0.421211824235133,0.16580569594971395,0.12607051676793216,0.7637994747945991
Logan County,vap_hisp,atg_18_dem_det,0.5787881757648671,0.16580569594971395,0.23620052520540089,0.8739294832320679
Logan County,vap_asian,atg_18_rep_yos,0.5002271845244914,0.18811603419925244,0.1611459188534762,0.8805133955894003
Logan County,vap_asian,atg_18_dem_det,0.49977281547550856,0.18811603419925244,0.11948660441059968,0.8388540811465238
Logan County,vap_aian,atg_18_rep_yos,0.4880980627786576,0.16291191573928102,0.19185391973318588,0.8124208419238187
Logan County,vap_aian,atg_18_dem_det,0.5119019372213425,0.16291191573928102,0.1875791580761813,0.8081460802668141
Logan County,vap_oth_b,atg_18_rep_yos,0.4322733253461756,0.15983941719986888,0.15640048222432135,0.7633430182596275
Logan County,vap_oth_b,atg_18_dem_det,0.5677266746538244,0.15983941719986888,0.23665698174037253,0.8435995177756785
Logan County,vap_white,sos_18_rep_lar,0.7727146922052633,0.00864026876007586,0.7554377694576238,0.7892236570750206
Logan County,vap_white,sos_18_dem_cly,0.22728530779473663,0.00864026876007586,0.21077634292497932,0.24456223054237616
Logan County,vap_black,sos_18_rep_lar,0.4635451756945895,0.18327513026887376,0.15208047481360149,0.840450157768821
Logan County,vap_black,sos_18_dem_cly,0.5364548243054105,0.18327513026887376,0.1595498422311788,0.8479195251863983
Logan County,vap_hisp,sos_18_rep_lar,0.4533480298874009,0.17319979457375032,0.1505034269288655,0.7925023868205097
Logan County,vap_hisp,sos_18_dem_cly,0.5466519701125991,0.17319979457375032,0.2074976131794902,0.8494965730711345
Logan County,vap_asian,sos_18_rep_lar,0.4695848816430449,0.16354884891516883,0.16441542979063703,0.7811958019309758
Logan County,vap_asian,sos_18_dem_cly,0.5304151183569551,0.16354884891516883,0.2188041980690242,0.8355845702093629
Logan County,vap_aian,sos_18_rep_lar,0.5075659138762983,0.16542511224316578,0.2099736459226656,0.8462202546361715
Logan County,vap_aian,sos_18_dem_cly,0.4924340861237017,0.16542511224316578,0.15377974536382863,0.7900263540773343
Logan County,vap_oth_b,sos_18_rep_lar,0.43870436529767143,0.16082835183741132,0.15080075643911076,0.7568988270948591
Logan County,vap_oth_b,sos_18_dem_cly,0.5612956347023286,0.16082835183741132,0.2431011729051406,0.8491992435608893
Logan County,vap_white,pre_20_rep_tru,0.8119933043727805,0.00878754039218674,0.7941622687639656,0.8274488813868709
Logan County,vap_white,pre_20_dem_bid,0.1880066956272195,0.00878754039218674,0.17255111861312908,0.20583773123603455
Logan County,vap_black,pre_20_rep_tru,0.4201827596451952,0.175452738626262,0.13487106840352442,0.789756365857294
Logan County,vap_black,pre_20_dem_bid,0.5798172403548048,0.175452738626262,0.21024363414270575,0.8651289315964754
Logan County,vap_hisp,pre_20_rep_tru,0.44843158482105466,0.17498716839691247,0.13625372981396258,0.7935449932191874
Logan County,vap_hisp,pre_20_dem_bid,0.5515684151789454,0.17498716839691247,0.20645500678081247,0.8637462701860374
Logan County,vap_asian,pre_20_rep_tru,0.4821982591129913,0.17733196433881204,0.15828905966806564,0.8237385355394238
Logan County,vap_asian,pre_20_dem_bid,0.5178017408870087,0.17733196433881204,0.17626146446057606,0.8417109403319345
Logan County,vap_aian,pre_20_rep_tru,0.48099800102320817,0.1644771296232609,0.16106529489750726,0.786472251723967
Logan County,vap_aian,pre_20_dem_bid,0.5190019989767919,0.1644771296232609,0.21352774827603296,0.8389347051024928
Logan County,vap_oth_b,pre_20_rep_tru,0.42181307782274335,0.1670204483336422,0.15276094104193508,0.7518669606989753
Logan County,vap_oth_b,pre_20_dem_bid,0.5781869221772566,0.1670204483336422,0.24813303930102465,0.847239058958065
Lorain County,vap_white,pre_16_rep_tru,0.5829433243031052,0.0045965740269539,0.5733539602243023,0.5913191735991656
Lorain County,vap_white,pre_16_dem_cli,0.4170566756968947,0.0045965740269539,0.4086808264008344,0.42664603977569776
Lorain County,vap_black,pre_16_rep_tru,0.07169362909135495,0.01991159424022496,0.03887750092150472,0.1188196455276438
Lorain County,vap_black,pre_16_dem_cli,0.928306370908645,0.01991159424022496,0.8811803544723562,0.9611224990784952
Lorain County,vap_hisp,pre_16_rep_tru,0.07763468087104623,0.02115900219390881,0.04366331030057709,0.12778775507992618
Lorain County,vap_hisp,pre_16_dem_cli,0.9223653191289538,0.02115900219390881,0.8722122449200739,0.9563366896994232
Lorain County,vap_asian,pre_16_rep_tru,0.24755111363673976,0.09114214348737312,0.10253840041481438,0.4326222155470162
Lorain County,vap_asian,pre_16_dem_cli,0.7524488863632601,0.09114214348737312,0.5673777844529837,0.8974615995851856
Lorain County,vap_aian,pre_16_rep_tru,0.4535347087014079,0.1424747358802603,0.1750246696219163,0.7264064154294372
Lorain County,vap_aian,pre_16_dem_cli,0.5464652912985921,0.1424747358802603,0.27359358457056276,0.8249753303780838
Lorain County,vap_oth_b,pre_16_rep_tru,0.1480100185277337,0.06686406323773683,0.06068585373384888,0.3045783073703167
Lorain County,vap_oth_b,pre_16_dem_cli,0.8519899814722662,0.06686406323773683,0.6954216926296832,0.9393141462661512
Lorain County,vap_white,uss_16_rep_por,0.6607748664851395,0.00491202583671666,0.6505039493760938,0.6694655302015247
Lorain County,vap_white,uss_16_dem_str,0.33922513351486056,0.00491202583671666,0.33053446979847545,0.3494960506239063
Lorain County,vap_black,uss_16_rep_por,0.0834215090750088,0.01838254537312647,0.05273707441045347,0.12369877456394716
Lorain County,vap_black,uss_16_dem_str,0.9165784909249912,0.01838254537312647,0.8763012254360528,0.9472629255895464
Lorain County,vap_hisp,uss_16_rep_por,0.0805343681227494,0.02148724816323028,0.04427183431630644,0.12935396710367011
Lorain County,vap_hisp,uss_16_dem_str,0.9194656318772506,0.02148724816323028,0.8706460328963299,0.9557281656836936
Lorain County,vap_asian,uss_16_rep_por,0.3109714752293989,0.1053494205267824,0.13711971465447736,0.5623411627967507
Lorain County,vap_asian,uss_16_dem_str,0.6890285247706011,0.1053494205267824,0.4376588372032491,0.8628802853455226
Lorain County,vap_aian,uss_16_rep_por,0.5185631725791428,0.17074366224351492,0.21703487915441297,0.8236856109920634
Lorain County,vap_aian,uss_16_dem_str,0.4814368274208573,0.17074366224351492,0.17631438900793645,0.7829651208455871
Lorain County,vap_oth_b,uss_16_rep_por,0.14701675153456295,0.07346157193723711,0.05398506745661272,0.3242480445905944
Lorain County,vap_oth_b,uss_16_dem_str,0.852983248465437,0.07346157193723711,0.6757519554094055,0.9460149325433872
Lorain County,vap_white,uss_18_rep_ren,0.46109432221571495,0.00421678189944946,0.4519605578491646,0.4685533087364726
Lorain County,vap_white,uss_18_dem_bro,0.5389056777842851,0.00421678189944946,0.5314466912635273,0.5480394421508353
Lorain County,vap_black,uss_18_rep_ren,0.06596719623769175,0.01985841295353714,0.03336880920760938,0.1107200050841402
Lorain County,vap_black,uss_18_dem_bro,0.934032803762308,0.01985841295353714,0.8892799949158597,0.9666311907923903
Lorain County,vap_hisp,uss_18_rep_ren,0.06365924575946698,0.01801084893054321,0.03633650878136073,0.10624254983902454
Lorain County,vap_hisp,uss_18_dem_bro,0.9363407542405332,0.01801084893054321,0.8937574501609755,0.9636634912186396
Lorain County,vap_asian,uss_18_rep_ren,0.25800591847504406,0.09848523174631774,0.10686522157874552,0.48232483382722385
Lorain County,vap_asian,uss_18_dem_bro,0.7419940815249558,0.09848523174631774,0.5176751661727759,0.8931347784212542
Lorain County,vap_aian,uss_18_rep_ren,0.4780596007066976,0.12805010574728046,0.2450227798722731,0.7466390953232132
Lorain County,vap_aian,uss_18_dem_bro,0.5219403992933024,0.12805010574728046,0.2533609046767869,0.7549772201277268
Lorain County,vap_oth_b,uss_18_rep_ren,0.1749281690319444,0.05995162455032919,0.08666175266671447,0.3205075419576059
Lorain County,vap_oth_b,uss_18_dem_bro,0.8250718309680556,0.05995162455032919,0.679492458042394,0.9133382473332856
Lorain County,vap_white,gov_18_rep_dew,0.539201319058807,0.0042397240558584,0.5306110431417127,0.5469690798460062
Lorain County,vap_white,gov_18_dem_cor,0.46079868094119303,0.0042397240558584,0.45303092015399377,0.4693889568582872
Lorain County,vap_black,gov_18_rep_dew,0.08363447827356524,0.02297074106743936,0.04768577645724604,0.1358854412958724
Lorain County,vap_black,gov_18_dem_cor,0.9163655217264348,0.02297074106743936,0.8641145587041276,0.952314223542754
Lorain County,vap_hisp,gov_18_rep_dew,0.05167730433170674,0.01652771988719568,0.02802877818263165,0.09277122429184372
Lorain County,vap_hisp,gov_18_dem_cor,0.9483226956682932,0.01652771988719568,0.9072287757081564,0.9719712218173684
Lorain County,vap_asian,gov_18_rep_dew,0.2137061189196213,0.08205553945960732,0.08902623493742542,0.40422830305759794
Lorain County,vap_asian,gov_18_dem_cor,0.7862938810803786,0.08205553945960732,0.5957716969424018,0.9109737650625744
Lorain County,vap_aian,gov_18_rep_dew,0.4589402693883341,0.18663389826857757,0.16993348690445226,0.8619994033538018
Lorain County,vap_aian,gov_18_dem_cor,0.541059730611666,0.18663389826857757,0.1380005966461984,0.8300665130955478
Lorain County,vap_oth_b,gov_18_rep_dew,0.15047664815629289,0.05721521001070986,0.06667178245565912,0.28194985394206235
Lorain County,vap_oth_b,gov_18_dem_cor,0.8495233518437071,0.05721521001070986,0.7180501460579375,0.9333282175443408
Lorain County,vap_white,atg_18_rep_yos,0.529129923537443,0.00476274388742378,0.518669125983539,0.5374249593384104
Lorain County,vap_white,atg_18_dem_det,0.4708700764625569,0.00476274388742378,0.4625750406615896,0.481330874016461
Lorain County,vap_black,atg_18_rep_yos,0.0669391693820986,0.01959228865795901,0.03643140229930129,0.11153913639962404
Lorain County,vap_black,atg_18_dem_det,0.9330608306179012,0.01959228865795901,0.8884608636003759,0.9635685977006988
Lorain County,vap_hisp,atg_18_rep_yos,0.0753507548719003,0.02237546671914722,0.04169562506400068,0.12846779988177426
Lorain County,vap_hisp,atg_18_dem_det,0.9246492451280998,0.02237546671914722,0.8715322001182257,0.9583043749359992
Lorain County,vap_asian,atg_18_rep_yos,0.2480555624800334,0.0964729919205015,0.10305719359886052,0.4744975994039487
Lorain County,vap_asian,atg_18_dem_det,0.7519444375199665,0.0964729919205015,0.5255024005960511,0.8969428064011394
Lorain County,vap_aian,atg_18_rep_yos,0.47091637272965864,0.15696679746656414,0.17865028045998285,0.7606566602646132
Lorain County,vap_aian,atg_18_dem_det,0.5290836272703414,0.15696679746656414,0.23934333973538685,0.8213497195400171
Lorain County,vap_oth_b,atg_18_rep_yos,0.1855498610073269,0.06740790474182203,0.08579530059969279,0.3385180149701273
Lorain County,vap_oth_b,atg_18_dem_det,0.814450138992673,0.06740790474182203,0.6614819850298725,0.9142046994003072
Lorain County,vap_white,sos_18_rep_lar,0.5286388329325837,0.00442543333723921,0.5197987032282321,0.5368722676200878
Lorain County,vap_white,sos_18_dem_cly,0.47136116706741626,0.00442543333723921,0.46312773237991217,0.4802012967717679
Lorain County,vap_black,sos_18_rep_lar,0.08334233040206156,0.02117252883958559,0.04687552743689352,0.1295563420498019
Lorain County,vap_black,sos_18_dem_cly,0.9166576695979384,0.02117252883958559,0.8704436579501981,0.9531244725631064
Lorain County,vap_hisp,sos_18_rep_lar,0.06738083202248216,0.02024390298561657,0.03607995305953628,0.11496159709725476
Lorain County,vap_hisp,sos_18_dem_cly,0.932619167977518,0.02024390298561657,0.8850384029027453,0.9639200469404636
Lorain County,vap_asian,sos_18_rep_lar,0.21648232504515064,0.0915825808295145,0.08011319108718679,0.427086135377111
Lorain County,vap_asian,sos_18_dem_cly,0.7835176749548493,0.0915825808295145,0.5729138646228888,0.9198868089128132
Lorain County,vap_aian,sos_18_rep_lar,0.4430745718716754,0.16896287081723765,0.15006311076586865,0.787667857135314
Lorain County,vap_aian,sos_18_dem_cly,0.5569254281283246,0.16896287081723765,0.212332142864686,0.8499368892341312
Lorain County,vap_oth_b,sos_18_rep_lar,0.1544791424182707,0.06647046561268556,0.06222782618938524,0.31092012106265177
Lorain County,vap_oth_b,sos_18_dem_cly,0.8455208575817292,0.06647046561268556,0.6890798789373481,0.9377721738106148
Lorain County,vap_white,pre_20_rep_tru,0.5800046151897309,0.00628084424648992,0.5667502723680221,0.5916718727498572
Lorain County,vap_white,pre_20_dem_bid,0.4199953848102691,0.00628084424648992,0.4083281272501429,0.43324972763197783
Lorain County,vap_black,pre_20_rep_tru,0.10812518848313742,0.03071558204673,0.06026636769443919,0.18065569003288692
Lorain County,vap_black,pre_20_dem_bid,0.8918748115168625,0.03071558204673,0.8193443099671129,0.9397336323055608
Lorain County,vap_hisp,pre_20_rep_tru,0.16277971033654648,0.03763100948859329,0.09964587826620996,0.24774377433562816
Lorain County,vap_hisp,pre_20_dem_bid,0.8372202896634536,0.03763100948859329,0.7522562256643719,0.9003541217337901
Lorain County,vap_asian,pre_20_rep_tru,0.23294513001564984,0.10031886768949844,0.08890416407745998,0.46725795167582346
Lorain County,vap_asian,pre_20_dem_bid,0.7670548699843501,0.10031886768949844,0.5327420483241765,0.91109583592254
Lorain County,vap_aian,pre_20_rep_tru,0.4991496995483274,0.15503407259053498,0.23840535165899995,0.8166009004285792
Lorain County,vap_aian,pre_20_dem_bid,0.5008503004516727,0.15503407259053498,0.1833990995714208,0.761594648341
Lorain County,vap_oth_b,pre_20_rep_tru,0.20196471672457325,0.07820888970833562,0.0898648095783779,0.39008449678876467
Lorain County,vap_oth_b,pre_20_dem_bid,0.7980352832754267,0.07820888970833562,0.6099155032112353,0.9101351904216222
Lucas County,vap_white,pre_16_rep_tru,0.5362110198720651,0.00344636263834898,0.5290556727604213,0.542720959447836
Lucas County,vap_white,pre_16_dem_cli,0.4637889801279349,0.00344636263834898,0.457279040552164,0.4709443272395787
Lucas County,vap_black,pre_16_rep_tru,0.01638631310784032,0.00335271884885781,0.01092357381594914,0.02418751395688773
Lucas County,vap_black,pre_16_dem_cli,0.9836136868921596,0.00335271884885781,0.9758124860431124,0.9890764261840508
Lucas County,vap_hisp,pre_16_rep_tru,0.06663176776936258,0.01788075353626629,0.03808175524807855,0.10724107837514348
Lucas County,vap_hisp,pre_16_dem_cli,0.9333682322306376,0.01788075353626629,0.8927589216248567,0.9619182447519216
Lucas County,vap_asian,pre_16_rep_tru,0.2549825456044402,0.10166052460216345,0.0989699518839978,0.4832072988578199
Lucas County,vap_asian,pre_16_dem_cli,0.7450174543955598,0.10166052460216345,0.5167927011421799,0.9010300481160022
Lucas County,vap_aian,pre_16_rep_tru,0.3208057751927869,0.12608433136631425,0.11672262991996972,0.5978205821924505
Lucas County,vap_aian,pre_16_dem_cli,0.6791942248072131,0.12608433136631425,0.40217941780754934,0.8832773700800304
Lucas County,vap_oth_b,pre_16_rep_tru,0.07949031901008258,0.02062133171664802,0.04849659495130846,0.1302181390237055
Lucas County,vap_oth_b,pre_16_dem_cli,0.9205096809899174,0.02062133171664802,0.8697818609762944,0.9515034050486916
Lucas County,vap_white,uss_16_rep_por,0.6304820345642497,0.00378401904034015,0.6231537674966889,0.637692861354795
Lucas County,vap_white,uss_16_dem_str,0.36951796543575033,0.00378401904034015,0.3623071386452051,0.3768462325033112
Lucas County,vap_black,uss_16_rep_por,0.02090641463895523,0.00380776655412858,0.01410993829185426,0.02906897827668131
Lucas County,vap_black,uss_16_dem_str,0.9790935853610448,0.00380776655412858,0.9709310217233188,0.9858900617081456
Lucas County,vap_hisp,uss_16_rep_por,0.06775671803664601,0.01749957457728245,0.03881781770867747,0.10835982095629064
Lucas County,vap_hisp,uss_16_dem_str,0.932243281963354,0.01749957457728245,0.8916401790437095,0.9611821822913228
Lucas County,vap_asian,uss_16_rep_por,0.3952460772394934,0.11609482218735774,0.18223792107017692,0.6315371930095945
Lucas County,vap_asian,uss_16_dem_str,0.6047539227605065,0.11609482218735774,0.36846280699040534,0.817762078929823
Lucas County,vap_aian,uss_16_rep_por,0.3681310588331356,0.14839064691001752,0.1283503875643272,0.7067653932843148
Lucas County,vap_aian,uss_16_dem_str,0.6318689411668644,0.14839064691001752,0.2932346067156853,0.8716496124356727
Lucas County,vap_oth_b,uss_16_rep_por,0.09449009513343012,0.02444717430552031,0.05609689959790241,0.15395521343372306
Lucas County,vap_oth_b,uss_16_dem_str,0.90550990486657,0.02444717430552031,0.8460447865662769,0.9439031004020976
Lucas County,vap_white,uss_18_rep_ren,0.42143473375347823,0.00334587686913218,0.4148191332883801,0.4277581501412051
Lucas County,vap_white,uss_18_dem_bro,0.5785652662465218,0.00334587686913218,0.5722418498587949,0.58518086671162
Lucas County,vap_black,uss_18_rep_ren,0.01700066112596448,0.00323320510149743,0.01170009848665994,0.02425283750645887
Lucas County,vap_black,uss_18_dem_bro,0.9829993388740356,0.00323320510149743,0.975747162493541,0.98829990151334
Lucas County,vap_hisp,uss_18_rep_ren,0.06653483246761789,0.01506385985904073,0.04156703124062738,0.10072215414190278
Lucas County,vap_hisp,uss_18_dem_bro,0.9334651675323822,0.01506385985904073,0.8992778458580972,0.9584329687593728
Lucas County,vap_asian,uss_18_rep_ren,0.2866308663796735,0.09067412024760772,0.12305738416615312,0.4716100968114113
Lucas County,vap_asian,uss_18_dem_bro,0.7133691336203265,0.09067412024760772,0.5283899031885888,0.8769426158338469
Lucas County,vap_aian,uss_18_rep_ren,0.3276325345841799,0.13820390835677251,0.12832243164959473,0.7199157318175049
Lucas County,vap_aian,uss_18_dem_bro,0.6723674654158202,0.13820390835677251,0.28008426818249504,0.8716775683504053
Lucas County,vap_oth_b,uss_18_rep_ren,0.08271490476692436,0.01948583568747692,0.05187805181406178,0.12914093254842335
Lucas County,vap_oth_b,uss_18_dem_bro,0.9172850952330756,0.01948583568747692,0.8708590674515766,0.9481219481859384
Lucas County,vap_white,gov_18_rep_dew,0.49292075691636594,0.00412142984818701,0.4844927456249606,0.5003298914683019
Lucas County,vap_white,gov_18_dem_cor,0.5070792430836341,0.00412142984818702,0.4996701085316982,0.5155072543750394
Lucas County,vap_black,gov_18_rep_dew,0.01833578095920569,0.00396197693284174,0.01221793587456765,0.02780522057879634
Lucas County,vap_black,gov_18_dem_cor,0.9816642190407944,0.00396197693284174,0.9721947794212036,0.9877820641254323
Lucas County,vap_hisp,gov_18_rep_dew,0.07330262671142657,0.01855254548909995,0.04477156644887249,0.11885628061641146
Lucas County,vap_hisp,gov_18_dem_cor,0.9266973732885736,0.01855254548909995,0.8811437193835884,0.9552284335511276
Lucas County,vap_asian,gov_18_rep_dew,0.2611190933215424,0.10664452675643302,0.08434429288531502,0.47825431303305194
Lucas County,vap_asian,gov_18_dem_cor,0.7388809066784575,0.10664452675643302,0.5217456869669479,0.9156557071146848
Lucas County,vap_aian,gov_18_rep_dew,0.4060549571884385,0.16006828720003488,0.17349118829066157,0.7326674031104746
Lucas County,vap_aian,gov_18_dem_cor,0.5939450428115616,0.16006828720003488,0.2673325968895253,0.8265088117093384
Lucas County,vap_oth_b,gov_18_rep_dew,0.10810061769422674,0.02738473726603361,0.063128469968529,0.16883210119798467
Lucas County,vap_oth_b,gov_18_dem_cor,0.8918993823057733,0.02738473726603361,0.8311678988020151,0.936871530031471
Lucas County,vap_white,atg_18_rep_yos,0.4980953878382974,0.00352732114591046,0.4907556466489604,0.5045752074135328
Lucas County,vap_white,atg_18_dem_det,0.5019046121617027,0.00352732114591046,0.4954247925864672,0.5092443533510396
Lucas County,vap_black,atg_18_rep_yos,0.01776609107418404,0.00322026177024512,0.0120531596251451,0.02479219501015796
Lucas County,vap_black,atg_18_dem_det,0.982233908925816,0.00322026177024512,0.975207804989842,0.9879468403748548
Lucas County,vap_hisp,atg_18_rep_yos,0.05821741167579227,0.01623993904740544,0.03331202859074419,0.09622994806864647
Lucas County,vap_hisp,atg_18_dem_det,0.9417825883242078,0.01623993904740544,0.9037700519313536,0.966687971409256
Lucas County,vap_asian,atg_18_rep_yos,0.2948831409042681,0.09348869400171224,0.1394047505912561,0.5026607717031
Lucas County,vap_asian,atg_18_dem_det,0.7051168590957319,0.09348869400171224,0.49733922829689986,0.8605952494087439
Lucas County,vap_aian,atg_18_rep_yos,0.36889941714437,0.12144195336793856,0.15979245537613504,0.6252720987761001
Lucas County,vap_aian,atg_18_dem_det,0.6311005828556301,0.12144195336793856,0.3747279012238998,0.8402075446238649
Lucas County,vap_oth_b,atg_18_rep_yos,0.08278375785300725,0.02161512607956433,0.04623556494998482,0.1310731160966498
Lucas County,vap_oth_b,atg_18_dem_det,0.9172162421469928,0.02161512607956433,0.8689268839033502,0.9537644350500152
Lucas County,vap_white,sos_18_rep_lar,0.49565696150782607,0.00379144245693178,0.48770113406606497,0.5025464463736782
Lucas County,vap_white,sos_18_dem_cly,0.5043430384921739,0.00379144245693178,0.4974535536263218,0.512298865933935
Lucas County,vap_black,sos_18_rep_lar,0.01797938271476683,0.00323507639416567,0.01231572525993628,0.02488034936627007
Lucas County,vap_black,sos_18_dem_cly,0.9820206172852332,0.00323507639416567,0.97511965063373,0.9876842747400636
Lucas County,vap_hisp,sos_18_rep_lar,0.07227701327987218,0.01794024626215488,0.04265105921093271,0.11252595297112455
Lucas County,vap_hisp,sos_18_dem_cly,0.927722986720128,0.01794024626215488,0.8874740470288756,0.9573489407890672
Lucas County,vap_asian,sos_18_rep_lar,0.32790302039549707,0.1003180456976164,0.14854193162100396,0.5593151677823207
Lucas County,vap_asian,sos_18_dem_cly,0.6720969796045029,0.1003180456976164,0.4406848322176792,0.851458068378996
Lucas County,vap_aian,sos_18_rep_lar,0.27751455987017265,0.11663693811061328,0.100092705910549,0.5370048589098576
Lucas County,vap_aian,sos_18_dem_cly,0.7224854401298274,0.11663693811061328,0.46299514109014234,0.899907294089451
Lucas County,vap_oth_b,sos_18_rep_lar,0.08792575876110645,0.02263566540860238,0.0517823689917888,0.14109012717112188
Lucas County,vap_oth_b,sos_18_dem_cly,0.9120742412388936,0.02263566540860238,0.8589098728288781,0.9482176310082112
Lucas County,vap_white,pre_20_rep_tru,0.5348375833390631,0.00360252981668959,0.52755773425238,0.5415527318404597
Lucas County,vap_white,pre_20_dem_bid,0.465162416660937,0.00360252981668959,0.45844726815954034,0.4724422657476201
Lucas County,vap_black,pre_20_rep_tru,0.0191948722458572,0.00337277206360445,0.01330064666024178,0.02654127132143948
Lucas County,vap_black,pre_20_dem_bid,0.9808051277541427,0.00337277206360445,0.9734587286785604,0.986699353339758
Lucas County,vap_hisp,pre_20_rep_tru,0.08054673794190917,0.02352911039996312,0.04251456564880819,0.1344826677816555
Lucas County,vap_hisp,pre_20_dem_bid,0.9194532620580907,0.02352911039996312,0.8655173322183446,0.9574854343511916
Lucas County,vap_asian,pre_20_rep_tru,0.19987259886456668,0.0771157535529192,0.0911089805040146,0.3946760964922746
Lucas County,vap_asian,pre_20_dem_bid,0.8001274011354332,0.0771157535529192,0.6053239035077252,0.9088910194959854
Lucas County,vap_aian,pre_20_rep_tru,0.342907004011437,0.12120470476224868,0.12649776052870865,0.588036086971374
Lucas County,vap_aian,pre_20_dem_bid,0.6570929959885631,0.12120470476224868,0.4119639130286259,0.8735022394712914
Lucas County,vap_oth_b,pre_20_rep_tru,0.09703751440699356,0.02902044465434922,0.0537472174653037,0.1623442476459504
Lucas County,vap_oth_b,pre_20_dem_bid,0.9029624855930064,0.02902044465434921,0.8376557523540495,0.9462527825346962
Madison County,vap_white,pre_16_rep_tru,0.7310059930400935,0.01036939857001292,0.7110650980642835,0.7511917756054928
Madison County,vap_white,pre_16_dem_cli,0.2689940069599065,0.01036939857001292,0.24880822439450737,0.28893490193571664
Madison County,vap_black,pre_16_rep_tru,0.5957719808108517,0.1415460033385294,0.333210356803908,0.8833421850127089
Madison County,vap_black,pre_16_dem_cli,0.4042280191891483,0.1415460033385294,0.11665781498729114,0.6667896431960919
Madison County,vap_hisp,pre_16_rep_tru,0.4874020177351108,0.1670629849473869,0.18035743997242057,0.7981073818559009
Madison County,vap_hisp,pre_16_dem_cli,0.5125979822648892,0.1670629849473869,0.20189261814409892,0.8196425600275793
Madison County,vap_asian,pre_16_rep_tru,0.5128424340317232,0.1842731799771855,0.16061024118657294,0.8487201185309312
Madison County,vap_asian,pre_16_dem_cli,0.4871575659682768,0.1842731799771855,0.15127988146906884,0.8393897588134271
Madison County,vap_aian,pre_16_rep_tru,0.5047285787600969,0.17749022628479094,0.1731704070136612,0.8386980925888113
Madison County,vap_aian,pre_16_dem_cli,0.4952714212399031,0.17749022628479094,0.1613019074111886,0.8268295929863387
Madison County,vap_oth_b,pre_16_rep_tru,0.43774954752303585,0.17125351937291616,0.15266527022524246,0.8004194200940773
Madison County,vap_oth_b,pre_16_dem_cli,0.5622504524769641,0.17125351937291616,0.19958057990592265,0.8473347297747573
Madison County,vap_white,uss_16_rep_por,0.7832669250867295,0.00989264036509959,0.7636092974447511,0.8019131613085393
Madison County,vap_white,uss_16_dem_str,0.21673307491327065,0.00989264036509959,0.19808683869146065,0.2363907025552488
Madison County,vap_black,uss_16_rep_por,0.6067110830204815,0.13537111130270998,0.35577837649767036,0.8740052690927356
Madison County,vap_black,uss_16_dem_str,0.39328891697951845,0.13537111130270998,0.1259947309072644,0.6442216235023295
Madison County,vap_hisp,uss_16_rep_por,0.4938859005290196,0.16809940689995714,0.18024420053992177,0.8142381437237092
Madison County,vap_hisp,uss_16_dem_str,0.5061140994709804,0.16809940689995714,0.18576185627629072,0.8197557994600781
Madison County,vap_asian,uss_16_rep_por,0.4728247026159732,0.1771935684247096,0.13568914328940615,0.8130717653794928
Madison County,vap_asian,uss_16_dem_str,0.5271752973840269,0.1771935684247096,0.1869282346205073,0.864310856710594
Madison County,vap_aian,uss_16_rep_por,0.4777963353193067,0.17751473264315318,0.15248765372039003,0.8136677427517813
Madison County,vap_aian,uss_16_dem_str,0.5222036646806933,0.17751473264315318,0.18633225724821875,0.8475123462796097
Madison County,vap_oth_b,uss_16_rep_por,0.4591904310695924,0.1665977941588093,0.1563482397269894,0.793830670583662
Madison County,vap_oth_b,uss_16_dem_str,0.5408095689304075,0.1665977941588093,0.20616932941633803,0.8436517602730106
Madison County,vap_white,uss_18_rep_ren,0.6417153359493222,0.01126920510117441,0.6191318536641675,0.6628497694979125
Madison County,vap_white,uss_18_dem_bro,0.35828466405067794,0.01126920510117441,0.3371502305020874,0.3808681463358326
Madison County,vap_black,uss_18_rep_ren,0.4959483235723818,0.17074995092106576,0.1745500486434367,0.8289356145417399
Madison County,vap_black,uss_18_dem_bro,0.5040516764276182,0.17074995092106576,0.17106438545826,0.8254499513565632
Madison County,vap_hisp,uss_18_rep_ren,0.5101479993805472,0.17680449647023525,0.17902710385989193,0.8405626124789018
Madison County,vap_hisp,uss_18_dem_bro,0.4898520006194528,0.17680449647023525,0.1594373875210981,0.8209728961401079
Madison County,vap_asian,uss_18_rep_ren,0.5137764636790123,0.17073031196855998,0.1893755542055987,0.8383876715839396
Madison County,vap_asian,uss_18_dem_bro,0.48622353632098775,0.17073031196855998,0.1616123284160605,0.8106244457944014
Madison County,vap_aian,uss_18_rep_ren,0.4954995416890146,0.17133961980886803,0.1714673527979016,0.8243450082774387
Madison County,vap_aian,uss_18_dem_bro,0.5045004583109854,0.17133961980886803,0.17565499172256127,0.8285326472020984
Madison County,vap_oth_b,uss_18_rep_ren,0.4823860551669648,0.17732107705391562,0.16163995959083996,0.828070614375543
Madison County,vap_oth_b,uss_18_dem_bro,0.5176139448330352,0.17732107705391562,0.1719293856244569,0.8383600404091601
Madison County,vap_white,gov_18_rep_dew,0.6925130775613679,0.01104000019310646,0.6704814017710996,0.7133893986719285
Madison County,vap_white,gov_18_dem_cor,0.30748692243863207,0.01104000019310646,0.28661060132807153,0.3295185982289005
Madison County,vap_black,gov_18_rep_dew,0.5288114250813623,0.16323971016331787,0.21072769505498776,0.8455121795416671
Madison County,vap_black,gov_18_dem_cor,0.4711885749186377,0.16323971016331787,0.1544878204583328,0.7892723049450122
Madison County,vap_hisp,gov_18_rep_dew,0.4830247531058002,0.1741236115760677,0.15655380865716528,0.8099878781573786
Madison County,vap_hisp,gov_18_dem_cor,0.5169752468941997,0.1741236115760677,0.1900121218426213,0.8434461913428346
Madison County,vap_asian,gov_18_rep_dew,0.49063425378602654,0.18072491147289335,0.15540210975403526,0.8283418494565518
Madison County,vap_asian,gov_18_dem_cor,0.5093657462139736,0.18072491147289335,0.17165815054344813,0.8445978902459649
Madison County,vap_aian,gov_18_rep_dew,0.505234341060076,0.1752870073110106,0.1742926147985834,0.8333278244757584
Madison County,vap_aian,gov_18_dem_cor,0.494765658939924,0.1752870073110106,0.16667217552424146,0.8257073852014166
Madison County,vap_oth_b,gov_18_rep_dew,0.467465895433944,0.17971020811118932,0.134129488543255,0.8148343546319091
Madison County,vap_oth_b,gov_18_dem_cor,0.532534104566056,0.17971020811118932,0.18516564536809077,0.865870511456745
Madison County,vap_white,atg_18_rep_yos,0.7271779985393461,0.01065479502671799,0.7066808625053665,0.748049439849095
Madison County,vap_white,atg_18_dem_det,0.272822001460654,0.01065479502671799,0.251950560150905,0.2933191374946335
Madison County,vap_black,atg_18_rep_yos,0.5779337745771216,0.15214221857492208,0.293681392809353,0.8670772670188993
Madison County,vap_black,atg_18_dem_det,0.4220662254228784,0.15214221857492208,0.13292273298110066,0.7063186071906469
Madison County,vap_hisp,atg_18_rep_yos,0.504541062114478,0.1704277583972751,0.18967911723275355,0.8323427839214343
Madison County,vap_hisp,atg_18_dem_det,0.4954589378855219,0.1704277583972751,0.16765721607856557,0.8103208827672463
Madison County,vap_asian,atg_18_rep_yos,0.4954454462656854,0.1860997446675336,0.15483958889441032,0.8519854861002769
Madison County,vap_asian,atg_18_dem_det,0.5045545537343147,0.1860997446675336,0.14801451389972314,0.8451604111055897
Madison County,vap_aian,atg_18_rep_yos,0.504126483109652,0.17660922055735895,0.16587597470377718,0.8321671362703831
Madison County,vap_aian,atg_18_dem_det,0.495873516890348,0.17660922055735895,0.16783286372961692,0.8341240252962228
Madison County,vap_oth_b,atg_18_rep_yos,0.4598702209938389,0.17437401769282043,0.1530397021105331,0.8028201200862638
Madison County,vap_oth_b,atg_18_dem_det,0.5401297790061611,0.17437401769282043,0.1971798799137359,0.8469602978894669
Madison County,vap_white,sos_18_rep_lar,0.7122332366378835,0.01064537915076673,0.690410653251789,0.7324662537476505
Madison County,vap_white,sos_18_dem_cly,0.28776676336211654,0.01064537915076673,0.26753374625234955,0.3095893467482111
Madison County,vap_black,sos_18_rep_lar,0.5325835226719264,0.15817166678354633,0.24527916957666016,0.8481293365393233
Madison County,vap_black,sos_18_dem_cly,0.4674164773280736,0.15817166678354633,0.1518706634606766,0.7547208304233397
Madison County,vap_hisp,sos_18_rep_lar,0.5119228691317447,0.17154744961566595,0.1858739710136617,0.825245895045359
Madison County,vap_hisp,sos_18_dem_cly,0.4880771308682552,0.17154744961566595,0.17475410495464097,0.8141260289863383
Madison County,vap_asian,sos_18_rep_lar,0.4975896754178427,0.17344606147479522,0.1673851094856209,0.8265627257748315
Madison County,vap_asian,sos_18_dem_cly,0.5024103245821574,0.17344606147479522,0.17343727422516858,0.8326148905143792
Madison County,vap_aian,sos_18_rep_lar,0.5081747719451755,0.1799863609891412,0.16330977749280706,0.8457878363369927
Madison County,vap_aian,sos_18_dem_cly,0.49182522805482465,0.1799863609891412,0.1542121636630074,0.8366902225071929
Madison County,vap_oth_b,sos_18_rep_lar,0.47003694327587026,0.1714607730639282,0.17087952711619978,0.820326015266444
Madison County,vap_oth_b,sos_18_dem_cly,0.5299630567241297,0.1714607730639282,0.17967398473355595,0.8291204728838002
Madison County,vap_white,pre_20_rep_tru,0.7330279192638637,0.01041617489283241,0.7125369064311433,0.7535071654526764
Madison County,vap_white,pre_20_dem_bid,0.2669720807361363,0.01041617489283241,0.24649283454732365,0.2874630935688567
Madison County,vap_black,pre_20_rep_tru,0.5871236194016217,0.14409023309402416,0.30755840299652026,0.8534736156538216
Madison County,vap_black,pre_20_dem_bid,0.4128763805983782,0.14409023309402416,0.14652638434617823,0.6924415970034796
Madison County,vap_hisp,pre_20_rep_tru,0.4795433671001301,0.17486428019922506,0.1477876476178022,0.8071811292883104
Madison County,vap_hisp,pre_20_dem_bid,0.5204566328998698,0.17486428019922506,0.19281887071168952,0.8522123523821978
Madison County,vap_asian,pre_20_rep_tru,0.4897496901133383,0.17269843996121106,0.16821936020558304,0.8253107714432684
Madison County,vap_asian,pre_20_dem_bid,0.5102503098866618,0.17269843996121106,0.1746892285567317,0.831780639794417
Madison County,vap_aian,pre_20_rep_tru,0.5035426954569453,0.1759060297721088,0.17864234341689675,0.8439495126003193
Madison County,vap_aian,pre_20_dem_bid,0.4964573045430547,0.1759060297721088,0.15605048739968083,0.8213576565831031
Madison County,vap_oth_b,pre_20_rep_tru,0.4658839900253691,0.16751603996930714,0.1613347865374071,0.7893186622297217
Madison County,vap_oth_b,pre_20_dem_bid,0.5341160099746308,0.16751603996930714,0.21068133777027823,0.8386652134625929
Mahoning County,vap_white,pre_16_rep_tru,0.5885779428003218,0.00311226575882651,0.5822297676846662,0.5943028040557445
Mahoning County,vap_white,pre_16_dem_cli,0.4114220571996781,0.00311226575882651,0.4056971959442554,0.4177702323153338
Mahoning County,vap_black,pre_16_rep_tru,0.02217066941693287,0.0057342873152735,0.01319595270744103,0.03559984172364929
Mahoning County,vap_black,pre_16_dem_cli,0.9778293305830672,0.0057342873152735,0.9644001582763508,0.9868040472925588
Mahoning County,vap_hisp,pre_16_rep_tru,0.057729995060441,0.01428665090235627,0.03400022034896091,0.08994774808948325
Mahoning County,vap_hisp,pre_16_dem_cli,0.942270004939559,0.01428665090235627,0.9100522519105168,0.965999779651039
Mahoning County,vap_asian,pre_16_rep_tru,0.38745640831698624,0.14250466874270282,0.16709391197108597,0.7201947541806208
Mahoning County,vap_asian,pre_16_dem_cli,0.6125435916830136,0.14250466874270282,0.27980524581937893,0.832906088028914
Mahoning County,vap_aian,pre_16_rep_tru,0.394248062002532,0.14732368506022694,0.12571520411143886,0.7046424683866622
Mahoning County,vap_aian,pre_16_dem_cli,0.6057519379974678,0.14732368506022694,0.29535753161333755,0.8742847958885609
Mahoning County,vap_oth_b,pre_16_rep_tru,0.12840161746035014,0.04299865283670884,0.06461061725164098,0.2310170810716708
Mahoning County,vap_oth_b,pre_16_dem_cli,0.8715983825396498,0.04299865283670884,0.7689829189283292,0.9353893827483588
Mahoning County,vap_white,uss_16_rep_por,0.6290092944607761,0.00318598937799216,0.6227694950820939,0.6351637877036257
Mahoning County,vap_white,uss_16_dem_str,0.37099070553922386,0.00318598937799216,0.3648362122963742,0.3772305049179061
Mahoning County,vap_black,uss_16_rep_por,0.0250653611257217,0.00561763248498557,0.01545464389978021,0.03776553612867173
Mahoning County,vap_black,uss_16_dem_str,0.9749346388742784,0.00561763248498557,0.9622344638713284,0.9845453561002198
Mahoning County,vap_hisp,uss_16_rep_por,0.06214852447902288,0.01512517214178528,0.03672943422027313,0.09489963407568372
Mahoning County,vap_hisp,uss_16_dem_str,0.9378514755209773,0.01512517214178528,0.9051003659243164,0.9632705657797268
Mahoning County,vap_asian,uss_16_rep_por,0.5044276779772051,0.14360244226550448,0.23569102106825188,0.7717237968131329
Mahoning County,vap_asian,uss_16_dem_str,0.4955723220227948,0.14360244226550448,0.2282762031868671,0.764308978931748
Mahoning County,vap_aian,uss_16_rep_por,0.4558763984664615,0.15808494028805284,0.18668397293942923,0.7586927504594307
Mahoning County,vap_aian,uss_16_dem_str,0.5441236015335383,0.15808494028805284,0.2413072495405692,0.8133160270605707
Mahoning County,vap_oth_b,uss_16_rep_por,0.16016331061330186,0.04810343480894823,0.08027717451435033,0.26525576233217724
Mahoning County,vap_oth_b,uss_16_dem_str,0.8398366893866981,0.04810343480894823,0.7347442376678227,0.9197228254856497
Mahoning County,vap_white,uss_18_rep_ren,0.4656533653890079,0.00348663618733386,0.4582634767628409,0.4720654449466497
Mahoning County,vap_white,uss_18_dem_bro,0.534346634610992,0.00348663618733386,0.5279345550533503,0.5417365232371592
Mahoning County,vap_black,uss_18_rep_ren,0.02379320739129802,0.0055418753260407,0.01443941061757307,0.03616120990108529
Mahoning County,vap_black,uss_18_dem_bro,0.976206792608702,0.0055418753260407,0.9638387900989148,0.9855605893824269
Mahoning County,vap_hisp,uss_18_rep_ren,0.06164867836788834,0.01505883107167236,0.03700962830699619,0.09442027964619722
Mahoning County,vap_hisp,uss_18_dem_bro,0.9383513216321115,0.01505883107167236,0.9055797203538029,0.9629903716930036
Mahoning County,vap_asian,uss_18_rep_ren,0.4958529008601454,0.16096475259338783,0.226600105724942,0.8099021719718495
Mahoning County,vap_asian,uss_18_dem_bro,0.5041470991398546,0.16096475259338783,0.19009782802815028,0.7733998942750578
Mahoning County,vap_aian,uss_18_rep_ren,0.4378913975349797,0.1471057278288357,0.1678022312219287,0.7339795603378455
Mahoning County,vap_aian,uss_18_dem_bro,0.5621086024650203,0.1471057278288357,0.26602043966215433,0.8321977687780712
Mahoning County,vap_oth_b,uss_18_rep_ren,0.15101808463996488,0.04736722969640013,0.0730256346589645,0.2512326331446496
Mahoning County,vap_oth_b,uss_18_dem_bro,0.8489819153600351,0.04736722969640013,0.7487673668553503,0.9269743653410356
Mahoning County,vap_white,gov_18_rep_dew,0.5170086027939416,0.00382059826499419,0.5088822469860599,0.5239150565556725
Mahoning County,vap_white,gov_18_dem_cor,0.4829913972060583,0.00382059826499419,0.47608494344432734,0.4911177530139399
Mahoning County,vap_black,gov_18_rep_dew,0.02487087766229225,0.00623364990878183,0.01451456998445333,0.038515494111256
Mahoning County,vap_black,gov_18_dem_cor,0.9751291223377078,0.00623364990878183,0.961484505888744,0.9854854300155468
Mahoning County,vap_hisp,gov_18_rep_dew,0.07010977509211884,0.01840677003514891,0.03949238717434023,0.11231983951302732
Mahoning County,vap_hisp,gov_18_dem_cor,0.9298902249078812,0.01840677003514891,0.8876801604869726,0.9605076128256598
Mahoning County,vap_asian,gov_18_rep_dew,0.4339876063107961,0.15584561568326752,0.14740511726936792,0.7179887332825783
Mahoning County,vap_asian,gov_18_dem_cor,0.5660123936892039,0.15584561568326752,0.28201126671742155,0.8525948827306321
Mahoning County,vap_aian,gov_18_rep_dew,0.4262425229698139,0.1465990273777361,0.1474774377650696,0.7161865033222251
Mahoning County,vap_aian,gov_18_dem_cor,0.5737574770301859,0.1465990273777361,0.2838134966777748,0.8525225622349303
Mahoning County,vap_oth_b,gov_18_rep_dew,0.165213400243818,0.06038889586252664,0.06925316664916646,0.30110505616034244
Mahoning County,vap_oth_b,gov_18_dem_cor,0.834786599756182,0.06038889586252664,0.6988949438396574,0.9307468333508336
Mahoning County,vap_white,atg_18_rep_yos,0.5589896770602282,0.00330149713901953,0.5521298962639026,0.5651974882126416
Mahoning County,vap_white,atg_18_dem_det,0.4410103229397718,0.00330149713901953,0.43480251178735824,0.4478701037360972
Mahoning County,vap_black,atg_18_rep_yos,0.02527045920390964,0.00600707805730262,0.01546384580066326,0.03892500520955248
Mahoning County,vap_black,atg_18_dem_det,0.9747295407960904,0.00600707805730262,0.9610749947904476,0.9845361541993368
Mahoning County,vap_hisp,atg_18_rep_yos,0.0633386937335757,0.01799962027756764,0.0344833050174729,0.10265850112032662
Mahoning County,vap_hisp,atg_18_dem_det,0.9366613062664244,0.01799962027756764,0.8973414988796733,0.9655166949825272
Mahoning County,vap_asian,atg_18_rep_yos,0.4128243814426758,0.15972465510634687,0.1385951169655974,0.7286257032174002
Mahoning County,vap_asian,atg_18_dem_det,0.5871756185573241,0.15972465510634687,0.27137429678259956,0.8614048830344027
Mahoning County,vap_aian,atg_18_rep_yos,0.4318666659706587,0.14059600388146648,0.1881318168277456,0.7145933956920107
Mahoning County,vap_aian,atg_18_dem_det,0.5681333340293412,0.14059600388146648,0.28540660430798925,0.8118681831722543
Mahoning County,vap_oth_b,atg_18_rep_yos,0.1159672796726172,0.04181183938846614,0.05367587118219086,0.2153268047930231
Mahoning County,vap_oth_b,atg_18_dem_det,0.8840327203273828,0.04181183938846614,0.784673195206977,0.9463241288178093
Mahoning County,vap_white,sos_18_rep_lar,0.559843257021161,0.00379474422049919,0.551819956342762,0.5668353752077722
Mahoning County,vap_white,sos_18_dem_cly,0.4401567429788389,0.00379474422049919,0.43316462479222784,0.4481800436572378
Mahoning County,vap_black,sos_18_rep_lar,0.0226898262314748,0.00532870287109987,0.01358193522598104,0.03457030556261478
Mahoning County,vap_black,sos_18_dem_cly,0.9773101737685252,0.00532870287109987,0.9654296944373852,0.986418064774019
Mahoning County,vap_hisp,sos_18_rep_lar,0.06013201096638306,0.01746538876290525,0.03325905210291072,0.10242407715958164
Mahoning County,vap_hisp,sos_18_dem_cly,0.9398679890336168,0.01746538876290525,0.8975759228404184,0.9667409478970892
Mahoning County,vap_asian,sos_18_rep_lar,0.3633332036186193,0.16056973838744862,0.10042169886201784,0.6962199057535607
Mahoning County,vap_asian,sos_18_dem_cly,0.6366667963813807,0.16056973838744862,0.3037800942464391,0.8995783011379822
Mahoning County,vap_aian,sos_18_rep_lar,0.41708131536750687,0.16509901384176637,0.15725906439892676,0.7672469535410965
Mahoning County,vap_aian,sos_18_dem_cly,0.5829186846324931,0.16509901384176637,0.2327530464589031,0.8427409356010731
Mahoning County,vap_oth_b,sos_18_rep_lar,0.15281886348683127,0.06299843260888517,0.0630399336187126,0.30566230457824917
Mahoning County,vap_oth_b,sos_18_dem_cly,0.8471811365131687,0.06299843260888517,0.6943376954217506,0.9369600663812876
Mahoning County,vap_white,pre_20_rep_tru,0.608097640284264,0.00442156446553393,0.5984392859006326,0.6155742486083197
Mahoning County,vap_white,pre_20_dem_bid,0.3919023597157359,0.00442156446553393,0.3844257513916802,0.4015607140993674
Mahoning County,vap_black,pre_20_rep_tru,0.02579647882274877,0.00629608565710424,0.01525989155461324,0.04010347205793656
Mahoning County,vap_black,pre_20_dem_bid,0.9742035211772512,0.00629608565710424,0.9598965279420636,0.9847401084453868
Mahoning County,vap_hisp,pre_20_rep_tru,0.06818715075858885,0.01816229993222649,0.03850741606275249,0.10824009311135782
Mahoning County,vap_hisp,pre_20_dem_bid,0.9318128492414112,0.01816229993222649,0.8917599068886422,0.9614925839372476
Mahoning County,vap_asian,pre_20_rep_tru,0.36236349489802583,0.15673090840797987,0.10008346806706944,0.6840290904802965
Mahoning County,vap_asian,pre_20_dem_bid,0.6376365051019741,0.15673090840797987,0.3159709095197034,0.8999165319329305
Mahoning County,vap_aian,pre_20_rep_tru,0.5019120087839931,0.1620680552667815,0.2091957840616932,0.828598352577992
Mahoning County,vap_aian,pre_20_dem_bid,0.4980879912160068,0.1620680552667815,0.17140164742200778,0.7908042159383067
Mahoning County,vap_oth_b,pre_20_rep_tru,0.19676726932890715,0.08449736843982966,0.07776484986753493,0.3912201657599444
Mahoning County,vap_oth_b,pre_20_dem_bid,0.8032327306710929,0.08449736843982966,0.6087798342400557,0.922235150132465
Marion County,vap_white,pre_16_rep_tru,0.7006724191626817,0.00800342026471401,0.6842193111257894,0.7153704256828459
Marion County,vap_white,pre_16_dem_cli,0.29932758083731825,0.00800342026471401,0.28462957431715397,0.3157806888742106
Marion County,vap_black,pre_16_rep_tru,0.2999515445960558,0.1083049693084072,0.1201832720090917,0.5465935919962358
Marion County,vap_black,pre_16_dem_cli,0.7000484554039441,0.1083049693084072,0.45340640800376403,0.8798167279909082
Marion County,vap_hisp,pre_16_rep_tru,0.42748701338844414,0.15897723498388436,0.1500202680009254,0.7460849233199591
Marion County,vap_hisp,pre_16_dem_cli,0.5725129866115558,0.15897723498388436,0.2539150766800409,0.8499797319990746
Marion County,vap_asian,pre_16_rep_tru,0.5142771144701243,0.16450165497041178,0.19917649850663505,0.8158609581428559
Marion County,vap_asian,pre_16_dem_cli,0.4857228855298758,0.16450165497041178,0.1841390418571441,0.800823501493365
Marion County,vap_aian,pre_16_rep_tru,0.5018812985745773,0.16733012915668327,0.19321419753519553,0.8144631547941129
Marion County,vap_aian,pre_16_dem_cli,0.49811870142542264,0.16733012915668327,0.18553684520588687,0.8067858024648044
Marion County,vap_oth_b,pre_16_rep_tru,0.46676302922368246,0.14510405252267655,0.22152661842333937,0.7664962594031712
Marion County,vap_oth_b,pre_16_dem_cli,0.5332369707763175,0.14510405252267655,0.23350374059682868,0.7784733815766605
Marion County,vap_white,uss_16_rep_por,0.7261715312891156,0.00815084804539116,0.7089970174081709,0.7414861300862235
Marion County,vap_white,uss_16_dem_str,0.27382846871088445,0.00815084804539116,0.2585138699137765,0.2910029825918291
Marion County,vap_black,uss_16_rep_por,0.29257572440421736,0.10597958166590356,0.12192311882952804,0.5216855932237837
Marion County,vap_black,uss_16_dem_str,0.7074242755957826,0.10597958166590356,0.4783144067762161,0.8780768811704718
Marion County,vap_hisp,uss_16_rep_por,0.40252534507023535,0.1670921714480918,0.1326678055362149,0.7471406544067135
Marion County,vap_hisp,uss_16_dem_str,0.5974746549297647,0.1670921714480918,0.2528593455932862,0.867332194463785
Marion County,vap_asian,uss_16_rep_por,0.49908756516924535,0.16105605877025952,0.18286441150783975,0.7977281979327231
Marion County,vap_asian,uss_16_dem_str,0.5009124348307548,0.16105605877025952,0.20227180206727685,0.8171355884921603
Marion County,vap_aian,uss_16_rep_por,0.48340815614129806,0.17012556994384795,0.15764796253678687,0.8008530487559274
Marion County,vap_aian,uss_16_dem_str,0.5165918438587019,0.17012556994384795,0.19914695124407256,0.842352037463213
Marion County,vap_oth_b,uss_16_rep_por,0.44297924275039086,0.1568792839563879,0.15515842497851645,0.7636021210415563
Marion County,vap_oth_b,uss_16_dem_str,0.5570207572496091,0.1568792839563879,0.2363978789584434,0.8448415750214835
Marion County,vap_white,uss_18_rep_ren,0.577054547837096,0.00868515973088523,0.5598940857033018,0.5937060588470483
Marion County,vap_white,uss_18_dem_bro,0.4229454521629041,0.00868515973088523,0.4062939411529518,0.4401059142966983
Marion County,vap_black,uss_18_rep_ren,0.33926261867810903,0.11488169525931988,0.1464461538296855,0.5836176948773505
Marion County,vap_black,uss_18_dem_bro,0.6607373813218909,0.11488169525931988,0.4163823051226494,0.8535538461703143
Marion County,vap_hisp,uss_18_rep_ren,0.4597920880067053,0.16202511325972835,0.17525397588088015,0.7805297826319062
Marion County,vap_hisp,uss_18_dem_bro,0.5402079119932948,0.16202511325972835,0.21947021736809377,0.8247460241191198
Marion County,vap_asian,uss_18_rep_ren,0.5217528560729268,0.1604854641673881,0.19891062462144007,0.8126499450041852
Marion County,vap_asian,uss_18_dem_bro,0.4782471439270733,0.1604854641673881,0.18735005499581484,0.80108937537856
Marion County,vap_aian,uss_18_rep_ren,0.5125130831541468,0.17550596932345605,0.1768400852094127,0.8328079518391966
Marion County,vap_aian,uss_18_dem_bro,0.4874869168458531,0.17550596932345605,0.16719204816080324,0.8231599147905871
Marion County,vap_oth_b,uss_18_rep_ren,0.4654528344364465,0.15839944099788797,0.18779591774491697,0.7803743350243784
Marion County,vap_oth_b,uss_18_dem_bro,0.5345471655635534,0.15839944099788797,0.21962566497562144,0.8122040822550831
Marion County,vap_white,gov_18_rep_dew,0.643419897255078,0.00878654465484087,0.6269208902161564,0.6611041388580665
Marion County,vap_white,gov_18_dem_cor,0.35658010274492213,0.00878654465484087,0.33889586114193365,0.3730791097838438
Marion County,vap_black,gov_18_rep_dew,0.3227279256999947,0.10949041862638095,0.14545199872362596,0.5695995191666323
Marion County,vap_black,gov_18_dem_cor,0.6772720743000052,0.10949041862638095,0.4304004808333675,0.8545480012763738
Marion County,vap_hisp,gov_18_rep_dew,0.43095700806653486,0.1624993752962295,0.13621540190035977,0.7638897766133627
Marion County,vap_hisp,gov_18_dem_cor,0.5690429919334651,0.1624993752962295,0.2361102233866369,0.8637845980996404
Marion County,vap_asian,gov_18_rep_dew,0.5230422606737479,0.17777045383375975,0.15794847229269712,0.827451542649461
Marion County,vap_asian,gov_18_dem_cor,0.4769577393262521,0.17777045383375975,0.17254845735053906,0.8420515277073027
Marion County,vap_aian,gov_18_rep_dew,0.5110185625566253,0.16104662107502832,0.1965968652840128,0.8267782237206786
Marion County,vap_aian,gov_18_dem_cor,0.4889814374433747,0.16104662107502832,0.17322177627932123,0.8034031347159871
Marion County,vap_oth_b,gov_18_rep_dew,0.42684449882966485,0.16936597779959456,0.141178380540468,0.7649734815331882
Marion County,vap_oth_b,gov_18_dem_cor,0.5731555011703352,0.16936597779959456,0.2350265184668117,0.858821619459532
Marion County,vap_white,atg_18_rep_yos,0.6601116123417631,0.00922897602498534,0.641656830723535,0.6773892641356664
Marion County,vap_white,atg_18_dem_det,0.3398883876582369,0.00922897602498534,0.32261073586433364,0.3583431692764651
Marion County,vap_black,atg_18_rep_yos,0.31115506560410816,0.11618423725167852,0.11128683868779222,0.5619503674895644
Marion County,vap_black,atg_18_dem_det,0.6888449343958918,0.11618423725167852,0.43804963251043544,0.8887131613122076
Marion County,vap_hisp,atg_18_rep_yos,0.4394676158917313,0.16092879564031487,0.15563784262617822,0.7607883213396356
Marion County,vap_hisp,atg_18_dem_det,0.5605323841082687,0.16092879564031487,0.2392116786603643,0.8443621573738217
Marion County,vap_asian,atg_18_rep_yos,0.5146990908838776,0.1946900063047572,0.1769020162200125,0.882996921879394
Marion County,vap_asian,atg_18_dem_det,0.4853009091161225,0.1946900063047572,0.11700307812060574,0.8230979837799874
Marion County,vap_aian,atg_18_rep_yos,0.5281512471208308,0.17382188111402344,0.20918902201024872,0.8523648733114862
Marion County,vap_aian,atg_18_dem_det,0.47184875287916905,0.17382188111402344,0.14763512668851358,0.790810977989751
Marion County,vap_oth_b,atg_18_rep_yos,0.4496519484059654,0.15681899583292613,0.1699371843348925,0.7609256923714532
Marion County,vap_oth_b,atg_18_dem_det,0.5503480515940345,0.15681899583292613,0.23907430762854656,0.8300628156651074
Marion County,vap_white,sos_18_rep_lar,0.6442087310707774,0.00862257529704644,0.6275415265653747,0.6600096246086204
Marion County,vap_white,sos_18_dem_cly,0.3557912689292227,0.00862257529704644,0.33999037539137955,0.3724584734346254
Marion County,vap_black,sos_18_rep_lar,0.30128542174999445,0.10506034031180728,0.11940663711397632,0.5224282501266151
Marion County,vap_black,sos_18_dem_cly,0.6987145782500054,0.10506034031180728,0.47757174987338474,0.8805933628860236
Marion County,vap_hisp,sos_18_rep_lar,0.4693594713873426,0.1534027083652972,0.19750201767804543,0.774211674558319
Marion County,vap_hisp,sos_18_dem_cly,0.5306405286126574,0.1534027083652972,0.22578832544168087,0.8024979823219545
Marion County,vap_asian,sos_18_rep_lar,0.5154805026333453,0.18323647972499887,0.1982554412678125,0.8974705578697072
Marion County,vap_asian,sos_18_dem_cly,0.48451949736665473,0.18323647972499887,0.10252944213029282,0.8017445587321875
Marion County,vap_aian,sos_18_rep_lar,0.47191826674185616,0.16729778147684152,0.16264166656854143,0.7943168631936759
Marion County,vap_aian,sos_18_dem_cly,0.5280817332581438,0.16729778147684152,0.20568313680632375,0.8373583334314583
Marion County,vap_oth_b,sos_18_rep_lar,0.4546497898477731,0.16079806636406002,0.17845250783894606,0.8026014832919104
Marion County,vap_oth_b,sos_18_dem_cly,0.5453502101522268,0.16079806636406002,0.1973985167080897,0.8215474921610539
Marion County,vap_white,pre_20_rep_tru,0.7153612212009064,0.00937085570490572,0.6966341611788003,0.7323376101662117
Marion County,vap_white,pre_20_dem_bid,0.2846387787990936,0.00937085570490572,0.26766238983378837,0.3033658388211998
Marion County,vap_black,pre_20_rep_tru,0.41180798911925137,0.12500485301919345,0.20467710203811013,0.6895204124354241
Marion County,vap_black,pre_20_dem_bid,0.5881920108807486,0.12500485301919345,0.31047958756457567,0.7953228979618897
Marion County,vap_hisp,pre_20_rep_tru,0.4782212086625114,0.15381820679161615,0.20656967208922855,0.77268732055994
Marion County,vap_hisp,pre_20_dem_bid,0.5217787913374886,0.15381820679161615,0.2273126794400599,0.7934303279107714
Marion County,vap_asian,pre_20_rep_tru,0.47788858966258946,0.16594746524394144,0.17036079108091273,0.8001544728859056
Marion County,vap_asian,pre_20_dem_bid,0.5221114103374106,0.16594746524394144,0.1998455271140943,0.8296392089190874
Marion County,vap_aian,pre_20_rep_tru,0.4723965194919135,0.15928701779579477,0.1826297628447315,0.7874570521314082
Marion County,vap_aian,pre_20_dem_bid,0.5276034805080864,0.15928701779579477,0.21254294786859165,0.8173702371552682
Marion County,vap_oth_b,pre_20_rep_tru,0.4475864266927627,0.1701506236955818,0.13931272103894704,0.7691681868494203
Marion County,vap_oth_b,pre_20_dem_bid,0.5524135733072373,0.1701506236955818,0.23083181315057957,0.8606872789610529
Medina County,vap_white,pre_16_rep_tru,0.6456392355408774,0.00732318460490503,0.6309317562747397,0.6592980078639579
Medina County,vap_white,pre_16_dem_cli,0.35436076445912257,0.00732318460490503,0.34070199213604224,0.3690682437252603
Medina County,vap_black,pre_16_rep_tru,0.37289474412530615,0.13748495438149888,0.1323743695147314,0.6624564633307316
Medina County,vap_black,pre_16_dem_cli,0.6271052558746938,0.13748495438149888,0.33754353666926823,0.8676256304852685
Medina County,vap_hisp,pre_16_rep_tru,0.4322540863183111,0.16638828205976863,0.1583211192358481,0.8109954365586114
Medina County,vap_hisp,pre_16_dem_cli,0.5677459136816889,0.16638828205976863,0.18900456344138855,0.8416788807641518
Medina County,vap_asian,pre_16_rep_tru,0.47173048987175387,0.17301536058943215,0.17522346898139374,0.8284478185771113
Medina County,vap_asian,pre_16_dem_cli,0.5282695101282461,0.17301536058943215,0.17155218142288875,0.8247765310186062
Medina County,vap_aian,pre_16_rep_tru,0.4499065514182349,0.1711360952904293,0.13291825087017245,0.7739827344909261
Medina County,vap_aian,pre_16_dem_cli,0.5500934485817651,0.1711360952904293,0.2260172655090738,0.8670817491298275
Medina County,vap_oth_b,pre_16_rep_tru,0.4123793345871189,0.1605363897395964,0.14755161114777152,0.7375890976833311
Medina County,vap_oth_b,pre_16_dem_cli,0.5876206654128812,0.1605363897395964,0.2624109023166686,0.8524483888522284
Medina County,vap_white,uss_16_rep_por,0.7169966087116421,0.00624785188083659,0.7041250690692963,0.7282685611964872
Medina County,vap_white,uss_16_dem_str,0.283003391288358,0.00624785188083659,0.27173143880351286,0.29587493093070383
Medina County,vap_black,uss_16_rep_por,0.33377832721041323,0.12982750854080774,0.12129363827620657,0.6146352274128569
Medina County,vap_black,uss_16_dem_str,0.6662216727895868,0.12982750854080774,0.3853647725871431,0.8787063617237932
Medina County,vap_hisp,uss_16_rep_por,0.3741996204026119,0.13426233644913255,0.1509679497412506,0.6663727856228272
Medina County,vap_hisp,uss_16_dem_str,0.6258003795973881,0.13426233644913255,0.33362721437717263,0.8490320502587494
Medina County,vap_asian,uss_16_rep_por,0.5023694789902521,0.16300332572167164,0.18757002898080985,0.7872068900536339
Medina County,vap_asian,uss_16_dem_str,0.4976305210097479,0.16300332572167164,0.2127931099463659,0.8124299710191901
Medina County,vap_aian,uss_16_rep_por,0.5160229741922744,0.15903787700689456,0.2095807097858197,0.7910539512610048
Medina County,vap_aian,uss_16_dem_str,0.4839770258077257,0.15903787700689456,0.2089460487389952,0.7904192902141804
Medina County,vap_oth_b,uss_16_rep_por,0.3689212852416236,0.16429900322743307,0.12269223873284991,0.7642949314936575
Medina County,vap_oth_b,uss_16_dem_str,0.6310787147583764,0.16429900322743307,0.23570506850634235,0.87730776126715
Medina County,vap_white,uss_18_rep_ren,0.543933789192446,0.00653381068685427,0.531208613617673,0.5565312475898387
Medina County,vap_white,uss_18_dem_bro,0.4560662108075541,0.00653381068685427,0.4434687524101613,0.468791386382327
Medina County,vap_black,uss_18_rep_ren,0.3638070961353373,0.12680495948117132,0.15282663325124657,0.6317850765847122
Medina County,vap_black,uss_18_dem_bro,0.6361929038646628,0.12680495948117132,0.3682149234152878,0.8471733667487533
Medina County,vap_hisp,uss_18_rep_ren,0.411472902880123,0.17051579606504896,0.12418750697234553,0.7421435682088876
Medina County,vap_hisp,uss_18_dem_bro,0.588527097119877,0.17051579606504896,0.25785643179111234,0.8758124930276544
Medina County,vap_asian,uss_18_rep_ren,0.4528847819599035,0.16515778335252398,0.142972470417649,0.7702760423348581
Medina County,vap_asian,uss_18_dem_bro,0.5471152180400964,0.16515778335252398,0.22972395766514184,0.8570275295823508
Medina County,vap_aian,uss_18_rep_ren,0.5066789158790199,0.14950540045250324,0.2248128450286929,0.7882229986174489
Medina County,vap_aian,uss_18_dem_bro,0.4933210841209801,0.14950540045250324,0.21177700138255104,0.7751871549713071
Medina County,vap_oth_b,uss_18_rep_ren,0.45636233387946895,0.14781269643162245,0.1876009369517732,0.7297493967898375
Medina County,vap_oth_b,uss_18_dem_bro,0.543637666120531,0.14781269643162245,0.2702506032101624,0.8123990630482267
Medina County,vap_white,gov_18_rep_dew,0.6050659019202378,0.00752409292338478,0.5902568583085147,0.6190969564164429
Medina County,vap_white,gov_18_dem_cor,0.39493409807976226,0.00752409292338478,0.3809030435835571,0.4097431416914852
Medina County,vap_black,gov_18_rep_dew,0.3555617026915805,0.13478476996739822,0.13307349794745288,0.6392206083759104
Medina County,vap_black,gov_18_dem_cor,0.6444382973084195,0.13478476996739822,0.3607793916240893,0.8669265020525471
Medina County,vap_hisp,gov_18_rep_dew,0.4552921167523366,0.16190968178465387,0.18011136357643817,0.7716263950321549
Medina County,vap_hisp,gov_18_dem_cor,0.5447078832476634,0.16190968178465387,0.22837360496784512,0.8198886364235619
Medina County,vap_asian,gov_18_rep_dew,0.47885856396616006,0.17003855328578404,0.1660121853511016,0.7996175448445483
Medina County,vap_asian,gov_18_dem_cor,0.5211414360338399,0.17003855328578404,0.2003824551554516,0.8339878146488982
Medina County,vap_aian,gov_18_rep_dew,0.46177331102548086,0.15674264506829524,0.18746018682681911,0.779840835940613
Medina County,vap_aian,gov_18_dem_cor,0.5382266889745192,0.15674264506829524,0.220159164059387,0.8125398131731808
Medina County,vap_oth_b,gov_18_rep_dew,0.441942425819205,0.17342358109165698,0.15241087932308472,0.8171672916910687
Medina County,vap_oth_b,gov_18_dem_cor,0.5580575741807949,0.17342358109165698,0.1828327083089311,0.8475891206769153
Medina County,vap_white,atg_18_rep_yos,0.5921488735933247,0.00731214150118976,0.5774125495547623,0.6053302390757617
Medina County,vap_white,atg_18_dem_det,0.4078511264066753,0.00731214150118976,0.39466976092423833,0.4225874504452378
Medina County,vap_black,atg_18_rep_yos,0.3827958208003244,0.15090002993951743,0.1517834899748876,0.7652356107885047
Medina County,vap_black,atg_18_dem_det,0.6172041791996755,0.15090002993951743,0.2347643892114954,0.8482165100251123
Medina County,vap_hisp,atg_18_rep_yos,0.4035769631204084,0.14933296900937854,0.13610652017886865,0.7278711716138369
Medina County,vap_hisp,atg_18_dem_det,0.5964230368795915,0.14933296900937854,0.2721288283861631,0.8638934798211313
Medina County,vap_asian,atg_18_rep_yos,0.4812993161846253,0.17175541092025096,0.19053714970590344,0.8228239260325616
Medina County,vap_asian,atg_18_dem_det,0.5187006838153747,0.17175541092025096,0.17717607396743837,0.8094628502940966
Medina County,vap_aian,atg_18_rep_yos,0.5357972411710626,0.1665122081289959,0.19019497524721404,0.8275413023731931
Medina County,vap_aian,atg_18_dem_det,0.46420275882893747,0.1665122081289959,0.17245869762680674,0.8098050247527858
Medina County,vap_oth_b,atg_18_rep_yos,0.4539882094064406,0.16199230854423788,0.1858584005300013,0.7583425674182014
Medina County,vap_oth_b,atg_18_dem_det,0.5460117905935594,0.16199230854423788,0.24165743258179856,0.8141415994699986
Medina County,vap_white,sos_18_rep_lar,0.6076366140198548,0.00671378850709313,0.5942717122481456,0.6205556704128786
Medina County,vap_white,sos_18_dem_cly,0.3923633859801452,0.00671378850709313,0.37944432958712143,0.40572828775185454
Medina County,vap_black,sos_18_rep_lar,0.3677698663653269,0.1340723082710299,0.1325430385152532,0.6427944998487525
Medina County,vap_black,sos_18_dem_cly,0.6322301336346731,0.1340723082710299,0.3572055001512475,0.8674569614847468
Medina County,vap_hisp,sos_18_rep_lar,0.34179473120869114,0.1818242159212017,0.07016392000986406,0.6693958688440605
Medina County,vap_hisp,sos_18_dem_cly,0.6582052687913089,0.1818242159212017,0.3306041311559395,0.929836079990136
Medina County,vap_asian,sos_18_rep_lar,0.47802432952859336,0.15498279225867234,0.19129375308111135,0.7877778364840534
Medina County,vap_asian,sos_18_dem_cly,0.5219756704714066,0.15498279225867234,0.21222216351594647,0.8087062469188887
Medina County,vap_aian,sos_18_rep_lar,0.4497817923107552,0.15720897309545076,0.1704676826740203,0.7701766956042154
Medina County,vap_aian,sos_18_dem_cly,0.5502182076892449,0.15720897309545076,0.2298233043957846,0.8295323173259799
Medina County,vap_oth_b,sos_18_rep_lar,0.4001551192269857,0.15799793888179073,0.13496978921611158,0.7098906082527908
Medina County,vap_oth_b,sos_18_dem_cly,0.5998448807730142,0.15799793888179073,0.29010939174720884,0.8650302107838882
Medina County,vap_white,pre_20_rep_tru,0.6340359645986636,0.00653795075575061,0.6213255432766045,0.6462983293529526
Medina County,vap_white,pre_20_dem_bid,0.3659640354013364,0.00653795075575061,0.3537016706470472,0.3786744567233955
Medina County,vap_black,pre_20_rep_tru,0.35025910140056477,0.1423414024237562,0.1075351092002804,0.6639452624827187
Medina County,vap_black,pre_20_dem_bid,0.6497408985994352,0.1423414024237562,0.33605473751728115,0.8924648907997196
Medina County,vap_hisp,pre_20_rep_tru,0.4240703832188338,0.1457077308878321,0.17759000791603025,0.7057013046872613
Medina County,vap_hisp,pre_20_dem_bid,0.5759296167811663,0.1457077308878321,0.29429869531273867,0.8224099920839698
Medina County,vap_asian,pre_20_rep_tru,0.4495512818815707,0.15592326533806272,0.17527921504017577,0.7713771698411737
Medina County,vap_asian,pre_20_dem_bid,0.5504487181184293,0.15592326533806272,0.22862283015882623,0.824720784959824
Medina County,vap_aian,pre_20_rep_tru,0.49332573094924925,0.15496324517305549,0.19466859466847392,0.7920424839473446
Medina County,vap_aian,pre_20_dem_bid,0.5066742690507509,0.15496324517305549,0.20795751605265553,0.805331405331526
Medina County,vap_oth_b,pre_20_rep_tru,0.42646353704415085,0.15065581000498993,0.15765294837379887,0.717894301850465
Medina County,vap_oth_b,pre_20_dem_bid,0.5735364629558491,0.15065581000498993,0.28210569814953473,0.842347051626201
Meigs County,vap_white,pre_16_rep_tru,0.7701883809734315,0.00719171569571994,0.7557933651246419,0.783779056359498
Meigs County,vap_white,pre_16_dem_cli,0.22981161902656855,0.00719171569571994,0.21622094364050204,0.24420663487535807
Meigs County,vap_black,pre_16_rep_tru,0.47814145115101975,0.1665567509538253,0.16926387855350825,0.8049298127877735
Meigs County,vap_black,pre_16_dem_cli,0.5218585488489802,0.1665567509538253,0.19507018721222627,0.8307361214464917
Meigs County,vap_hisp,pre_16_rep_tru,0.48219940523164995,0.17558703797417052,0.1707778688664659,0.818786570147378
Meigs County,vap_hisp,pre_16_dem_cli,0.51780059476835,0.17558703797417052,0.181213429852622,0.8292221311335342
Meigs County,vap_asian,pre_16_rep_tru,0.5339106744787178,0.2038515998085492,0.15157480353583896,0.9264983536986264
Meigs County,vap_asian,pre_16_dem_cli,0.46608932552128224,0.2038515998085492,0.07350164630137361,0.848425196464161
Meigs County,vap_aian,pre_16_rep_tru,0.4916325152839035,0.17917600413142343,0.14707488814807748,0.8257805837216177
Meigs County,vap_aian,pre_16_dem_cli,0.5083674847160965,0.17917600413142343,0.1742194162783822,0.8529251118519224
Meigs County,vap_oth_b,pre_16_rep_tru,0.47568523238820615,0.16869553323785852,0.17167171589554875,0.8034695094725242
Meigs County,vap_oth_b,pre_16_dem_cli,0.5243147676117937,0.16869553323785855,0.19653049052747568,0.828328284104451
Meigs County,vap_white,uss_16_rep_por,0.7025298410997306,0.00766845106644088,0.6876547365116474,0.7173073406453916
Meigs County,vap_white,uss_16_dem_str,0.2974701589002694,0.00766845106644088,0.2826926593546084,0.3123452634883525
Meigs County,vap_black,uss_16_rep_por,0.4811541106820182,0.18674014752271256,0.12126546934510478,0.8375085222848271
Meigs County,vap_black,uss_16_dem_str,0.5188458893179818,0.18674014752271256,0.16249147771517294,0.8787345306548952
Meigs County,vap_hisp,uss_16_rep_por,0.48350818842787857,0.1644092109504969,0.18172833759959944,0.8033414086696612
Meigs County,vap_hisp,uss_16_dem_str,0.5164918115721214,0.1644092109504969,0.19665859133033875,0.8182716624004006
Meigs County,vap_asian,uss_16_rep_por,0.5091223890990789,0.17712656483530448,0.16863511099713568,0.8332358369863894
Meigs County,vap_asian,uss_16_dem_str,0.4908776109009212,0.17712656483530448,0.16676416301361058,0.8313648890028643
Meigs County,vap_aian,uss_16_rep_por,0.5003842061045346,0.1775683241273996,0.16170501333681972,0.8376030294838427
Meigs County,vap_aian,uss_16_dem_str,0.4996157938954654,0.1775683241273996,0.16239697051615723,0.8382949866631797
Meigs County,vap_oth_b,uss_16_rep_por,0.46330291237250526,0.17698232243418152,0.11906355046510309,0.7881660734671827
Meigs County,vap_oth_b,uss_16_dem_str,0.5366970876274947,0.17698232243418152,0.21183392653281705,0.8809364495348969
Meigs County,vap_white,uss_18_rep_ren,0.6257159133228133,0.00817986823887997,0.6098637278251314,0.6414845370370735
Meigs County,vap_white,uss_18_dem_bro,0.3742840866771868,0.00817986823887997,0.35851546296292647,0.39013627217486846
Meigs County,vap_black,uss_18_rep_ren,0.4815994398438175,0.17671293284889442,0.159830929113251,0.8285923478323242
Meigs County,vap_black,uss_18_dem_bro,0.5184005601561825,0.17671293284889442,0.1714076521676757,0.840169070886749
Meigs County,vap_hisp,uss_18_rep_ren,0.5032927801733733,0.17153923424127746,0.19907860606690192,0.8677257772321849
Meigs County,vap_hisp,uss_18_dem_bro,0.49670721982662663,0.17153923424127746,0.13227422276781506,0.800921393933098
Meigs County,vap_asian,uss_18_rep_ren,0.4943145357801651,0.17135582917006045,0.17231935883689758,0.817936238785028
Meigs County,vap_asian,uss_18_dem_bro,0.5056854642198348,0.17135582917006045,0.18206376121497217,0.8276806411631024
Meigs County,vap_aian,uss_18_rep_ren,0.4879986393515467,0.16513180731947286,0.1805425884596588,0.8094870045409354
Meigs County,vap_aian,uss_18_dem_bro,0.5120013606484533,0.16513180731947286,0.19051299545906447,0.819457411540341
Meigs County,vap_oth_b,uss_18_rep_ren,0.48310696457835783,0.1753892000755846,0.16490988261860937,0.8234272843951721
Meigs County,vap_oth_b,uss_18_dem_bro,0.5168930354216421,0.1753892000755846,0.17657271560482785,0.8350901173813907
Meigs County,vap_white,gov_18_rep_dew,0.707265164601895,0.00806923492883688,0.6914094707692761,0.722905515721844
Meigs County,vap_white,gov_18_dem_cor,0.29273483539810496,0.00806923492883688,0.277094484278156,0.3085905292307241
Meigs County,vap_black,gov_18_rep_dew,0.4912557933982428,0.16969874928285766,0.16896035601388473,0.8117533766346889
Meigs County,vap_black,gov_18_dem_cor,0.5087442066017572,0.16969874928285766,0.1882466233653109,0.831039643986115
Meigs County,vap_hisp,gov_18_rep_dew,0.4812257755691603,0.17241877553192966,0.16769901306288226,0.8195100714131947
Meigs County,vap_hisp,gov_18_dem_cor,0.5187742244308396,0.17241877553192966,0.1804899285868053,0.8323009869371175
Meigs County,vap_asian,gov_18_rep_dew,0.5149808747065437,0.17629740839837826,0.1626557664540233,0.8331320399718877
Meigs County,vap_asian,gov_18_dem_cor,0.4850191252934563,0.17629740839837826,0.16686796002811224,0.8373442335459769
Meigs County,vap_aian,gov_18_rep_dew,0.4759533861805964,0.168868200269991,0.16203734639034595,0.808174614071086
Meigs County,vap_aian,gov_18_dem_cor,0.5240466138194035,0.168868200269991,0.19182538592891393,0.8379626536096539
Meigs County,vap_oth_b,gov_18_rep_dew,0.46679255244190465,0.17572223610226892,0.13897067735705185,0.7976737115151612
Meigs County,vap_oth_b,gov_18_dem_cor,0.5332074475580953,0.17572223610226892,0.20232628848483877,0.8610293226429481
Meigs County,vap_white,atg_18_rep_yos,0.7380331185508915,0.00780457298360936,0.7225644791060908,0.753117793283909
Meigs County,vap_white,atg_18_dem_det,0.2619668814491085,0.00780457298360936,0.2468822067160909,0.2774355208939092
Meigs County,vap_black,atg_18_rep_yos,0.47429237124096,0.1823859235494028,0.13965230478105378,0.8249632787814679
Meigs County,vap_black,atg_18_dem_det,0.52570762875904,0.1823859235494028,0.17503672121853195,0.8603476952189462
Meigs County,vap_hisp,atg_18_rep_yos,0.48839929120905506,0.17254641410290394,0.17227398404974067,0.8243664374295353
Meigs County,vap_hisp,atg_18_dem_det,0.5116007087909449,0.17254641410290394,0.1756335625704646,0.8277260159502593
Meigs County,vap_asian,atg_18_rep_yos,0.4959092577525529,0.17618646476215488,0.17450329051620933,0.8444998493997226
Meigs County,vap_asian,atg_18_dem_det,0.5040907422474472,0.17618646476215488,0.1555001506002775,0.8254967094837907
Meigs County,vap_aian,atg_18_rep_yos,0.4816345961675849,0.18315180496103073,0.15941335713311422,0.8378929852358519
Meigs County,vap_aian,atg_18_dem_det,0.5183654038324151,0.18315180496103073,0.16210701476414782,0.8405866428668859
Meigs County,vap_oth_b,atg_18_rep_yos,0.4555841106264642,0.16365252145127707,0.1667820788950512,0.798192113856924
Meigs County,vap_oth_b,atg_18_dem_det,0.5444158893735357,0.16365252145127707,0.20180788614307588,0.8332179211049487
Meigs County,vap_white,sos_18_rep_lar,0.7019232407579106,0.00799818879884974,0.6861082988916835,0.7173166328162351
Meigs County,vap_white,sos_18_dem_cly,0.29807675924208943,0.00799818879884974,0.28268336718376497,0.31389170110831655
Meigs County,vap_black,sos_18_rep_lar,0.4865395979519161,0.17259038381937447,0.15684957763583074,0.8255537541629846
Meigs County,vap_black,sos_18_dem_cly,0.5134604020480839,0.17259038381937447,0.1744462458370154,0.8431504223641693
Meigs County,vap_hisp,sos_18_rep_lar,0.5021268485840562,0.17066682048481932,0.18145025069419976,0.8139928772758379
Meigs County,vap_hisp,sos_18_dem_cly,0.4978731514159438,0.17066682048481932,0.186007122724162,0.8185497493057999
Meigs County,vap_asian,sos_18_rep_lar,0.5015096762480282,0.17327572946269862,0.17363563196008222,0.8166253616763883
Meigs County,vap_asian,sos_18_dem_cly,0.4984903237519719,0.17327572946269862,0.1833746383236117,0.8263643680399178
Meigs County,vap_aian,sos_18_rep_lar,0.5002625155308905,0.18677143192562537,0.15830256230003056,0.8678002893574915
Meigs County,vap_aian,sos_18_dem_cly,0.49973748446910954,0.18677143192562537,0.13219971064250838,0.8416974376999693
Meigs County,vap_oth_b,sos_18_rep_lar,0.4598786537015496,0.16612793965348763,0.16139900013139705,0.7816329333567654
Meigs County,vap_oth_b,sos_18_dem_cly,0.5401213462984503,0.16612793965348763,0.21836706664323455,0.8386009998686028
Meigs County,vap_white,pre_20_rep_tru,0.7789279493396967,0.00701281953065616,0.7646709910527917,0.7920384760545238
Meigs County,vap_white,pre_20_dem_bid,0.22107205066030336,0.00701281953065616,0.20796152394547623,0.23532900894720843
Meigs County,vap_black,pre_20_rep_tru,0.4793230725725321,0.18036845218123687,0.1503108641633711,0.8174338218720847
Meigs County,vap_black,pre_20_dem_bid,0.5206769274274679,0.18036845218123687,0.1825661781279153,0.8496891358366288
Meigs County,vap_hisp,pre_20_rep_tru,0.5262753829912894,0.18359986077381732,0.190331732732116,0.8892001321755456
Meigs County,vap_hisp,pre_20_dem_bid,0.47372461700871066,0.18359986077381732,0.1107998678244542,0.8096682672678839
Meigs County,vap_asian,pre_20_rep_tru,0.4888112452611914,0.1712363642744631,0.16746886618092402,0.8104249257599226
Meigs County,vap_asian,pre_20_dem_bid,0.5111887547388086,0.1712363642744631,0.18957507424007744,0.832531133819076
Meigs County,vap_aian,pre_20_rep_tru,0.4832204774924237,0.17652648850285063,0.15405241650513546,0.8230515069575144
Meigs County,vap_aian,pre_20_dem_bid,0.5167795225075763,0.17652648850285063,0.17694849304248553,0.8459475834948645
Meigs County,vap_oth_b,pre_20_rep_tru,0.45392697366599505,0.17038173087355404,0.15313210933012084,0.7970642623157578
Meigs County,vap_oth_b,pre_20_dem_bid,0.5460730263340049,0.17038173087355404,0.2029357376842421,0.8468678906698791
Mercer County,vap_white,pre_16_rep_tru,0.8542418825911638,0.0058632343569247,0.8419353152594213,0.864941850581607
Mercer County,vap_white,pre_16_dem_cli,0.14575811740883607,0.0058632343569247,0.13505814941839306,0.15806468474057858
Mercer County,vap_black,pre_16_rep_tru,0.46660995870790334,0.17931192323772,0.14632028554448231,0.8063486050013015
Mercer County,vap_black,pre_16_dem_cli,0.5333900412920966,0.17931192323772,0.1936513949986984,0.8536797144555176
Mercer County,vap_hisp,pre_16_rep_tru,0.4507257762546326,0.16780165522713783,0.1478824395178071,0.7640421950951148
Mercer County,vap_hisp,pre_16_dem_cli,0.5492742237453674,0.16780165522713783,0.23595780490488505,0.8521175604821927
Mercer County,vap_asian,pre_16_rep_tru,0.46714476140061,0.17226879966440273,0.14173683133994974,0.7858468057470006
Mercer County,vap_asian,pre_16_dem_cli,0.53285523859939,0.17226879966440273,0.2141531942529994,0.8582631686600503
Mercer County,vap_aian,pre_16_rep_tru,0.4838058759514308,0.19578665187043257,0.11320009093788916,0.8673696631293751
Mercer County,vap_aian,pre_16_dem_cli,0.5161941240485692,0.19578665187043257,0.1326303368706247,0.8867999090621106
Mercer County,vap_oth_b,pre_16_rep_tru,0.4095135300983912,0.16249077127402878,0.14527658230141496,0.759627108188956
Mercer County,vap_oth_b,pre_16_dem_cli,0.5904864699016089,0.16249077127402878,0.24037289181104404,0.8547234176985851
Mercer County,vap_white,uss_16_rep_por,0.8768985375802506,0.00590336591125063,0.8650113723776407,0.8876822884270958
Mercer County,vap_white,uss_16_dem_str,0.12310146241974936,0.00590336591125063,0.11231771157290416,0.1349886276223594
Mercer County,vap_black,uss_16_rep_por,0.49453564792362525,0.17880104803962416,0.1725556942898228,0.8609370566760338
Mercer County,vap_black,uss_16_dem_str,0.5054643520763746,0.17880104803962416,0.13906294332396613,0.8274443057101769
Mercer County,vap_hisp,uss_16_rep_por,0.4280340301808062,0.16829588037906415,0.14071688279155015,0.7719535719504267
Mercer County,vap_hisp,uss_16_dem_str,0.5719659698191938,0.16829588037906415,0.22804642804957315,0.8592831172084497
Mercer County,vap_asian,uss_16_rep_por,0.4712825838197577,0.18472034559666992,0.1476870529505008,0.8377481119095568
Mercer County,vap_asian,uss_16_dem_str,0.5287174161802423,0.18472034559666992,0.16225188809044322,0.8523129470494992
Mercer County,vap_aian,uss_16_rep_por,0.471198576304303,0.17128379205952923,0.1479037922397346,0.7985409602681163
Mercer County,vap_aian,uss_16_dem_str,0.5288014236956969,0.17128379205952923,0.2014590397318838,0.8520962077602651
Mercer County,vap_oth_b,uss_16_rep_por,0.35935395245173274,0.15975740424112375,0.10439207864699244,0.6913116800449499
Mercer County,vap_oth_b,uss_16_dem_str,0.6406460475482673,0.15975740424112375,0.3086883199550501,0.8956079213530075
Mercer County,vap_white,uss_18_rep_ren,0.7444738095355373,0.00647972031050008,0.7320029864713031,0.7569318008184802
Mercer County,vap_white,uss_18_dem_bro,0.2555261904644626,0.00647972031050008,0.24306819918151976,0.2679970135286968
Mercer County,vap_black,uss_18_rep_ren,0.4681739517912028,0.17912933290693872,0.14039013760834357,0.8284734102558858
Mercer County,vap_black,uss_18_dem_bro,0.5318260482087971,0.17912933290693872,0.17152658974411397,0.8596098623916564
Mercer County,vap_hisp,uss_18_rep_ren,0.4798753842409348,0.16977676496915153,0.1635865526469408,0.8039563789035411
Mercer County,vap_hisp,uss_18_dem_bro,0.5201246157590652,0.16977676496915153,0.19604362109645873,0.8364134473530591
Mercer County,vap_asian,uss_18_rep_ren,0.4944306461074481,0.18090144938237385,0.16205946214179456,0.8295694050194898
Mercer County,vap_asian,uss_18_dem_bro,0.5055693538925519,0.18090144938237385,0.17043059498051008,0.8379405378582053
Mercer County,vap_aian,uss_18_rep_ren,0.4920185992256902,0.17180399407157643,0.16941994971971164,0.8077278120085291
Mercer County,vap_aian,uss_18_dem_bro,0.5079814007743099,0.17180399407157643,0.19227218799147092,0.8305800502802881
Mercer County,vap_oth_b,uss_18_rep_ren,0.43855214566882833,0.1762485960126438,0.1454275277167672,0.8124290419222798
Mercer County,vap_oth_b,uss_18_dem_bro,0.5614478543311717,0.1762485960126438,0.1875709580777202,0.8545724722832327
Mercer County,vap_white,gov_18_rep_dew,0.8243486611315906,0.0058263307412597,0.8125530145839255,0.8352946335009636
Mercer County,vap_white,gov_18_dem_cor,0.17565133886840936,0.0058263307412597,0.16470536649903628,0.18744698541607452
Mercer County,vap_black,gov_18_rep_dew,0.49309628204015743,0.1807664139798056,0.15950237282321025,0.8496208101411273
Mercer County,vap_black,gov_18_dem_cor,0.5069037179598425,0.1807664139798056,0.15037918985887253,0.8404976271767896
Mercer County,vap_hisp,gov_18_rep_dew,0.4351535534833864,0.16191567332171852,0.13925321535092003,0.7473536911671581
Mercer County,vap_hisp,gov_18_dem_cor,0.5648464465166135,0.16191567332171852,0.2526463088328418,0.8607467846490799
Mercer County,vap_asian,gov_18_rep_dew,0.46355421220876675,0.16510563265045453,0.16702247233505074,0.7866104897580515
Mercer County,vap_asian,gov_18_dem_cor,0.5364457877912332,0.16510563265045453,0.2133895102419485,0.8329775276649491
Mercer County,vap_aian,gov_18_rep_dew,0.4809348071965037,0.1787689815421189,0.14061060360043753,0.8098609707056904
Mercer County,vap_aian,gov_18_dem_cor,0.5190651928034963,0.1787689815421189,0.19013902929430948,0.8593893963995626
Mercer County,vap_oth_b,gov_18_rep_dew,0.4113876565231862,0.1591342616810604,0.11968543527700536,0.7275625838602469
Mercer County,vap_oth_b,gov_18_dem_cor,0.5886123434768138,0.1591342616810604,0.27243741613975303,0.8803145647229946
Mercer County,vap_white,atg_18_rep_yos,0.822155281833878,0.00630734928878625,0.809255642011744,0.8340066449051697
Mercer County,vap_white,atg_18_dem_det,0.1778447181661219,0.00630734928878625,0.16599335509483007,0.19074435798825592
Mercer County,vap_black,atg_18_rep_yos,0.4676678048056892,0.1728050011114913,0.15030747005800024,0.8004354582772226
Mercer County,vap_black,atg_18_dem_det,0.5323321951943107,0.1728050011114913,0.19956454172277707,0.8496925299419996
Mercer County,vap_hisp,atg_18_rep_yos,0.4593519186810135,0.1794600249926239,0.16438004832101638,0.8343880467317851
Mercer County,vap_hisp,atg_18_dem_det,0.5406480813189865,0.1794600249926239,0.16561195326821482,0.8356199516789834
Mercer County,vap_asian,atg_18_rep_yos,0.48746826522095366,0.1725248164848828,0.1592151342170705,0.8095488223913605
Mercer County,vap_asian,atg_18_dem_det,0.5125317347790463,0.1725248164848828,0.19045117760863936,0.8407848657829295
Mercer County,vap_aian,atg_18_rep_yos,0.5102496051356604,0.1599192596848632,0.1918902676172264,0.810474693204274
Mercer County,vap_aian,atg_18_dem_det,0.4897503948643396,0.1599192596848632,0.18952530679572577,0.8081097323827736
Mercer County,vap_oth_b,atg_18_rep_yos,0.3769955075370244,0.16774504743313995,0.08621267565354482,0.7252857182103114
Mercer County,vap_oth_b,atg_18_dem_det,0.6230044924629756,0.16774504743313995,0.2747142817896885,0.9137873243464552
Mercer County,vap_white,sos_18_rep_lar,0.8168438669933606,0.00648812313134369,0.8033570727587368,0.8289185074902478
Mercer County,vap_white,sos_18_dem_cly,0.18315613300663927,0.00648812313134369,0.17108149250975216,0.1966429272412632
Mercer County,vap_black,sos_18_rep_lar,0.5073291827912938,0.17564467556053442,0.18153468898305605,0.8373245787669902
Mercer County,vap_black,sos_18_dem_cly,0.4926708172087061,0.17564467556053442,0.16267542123300968,0.8184653110169439
Mercer County,vap_hisp,sos_18_rep_lar,0.5279448414424575,0.20240105647982687,0.19631763521038553,0.9196635470087846
Mercer County,vap_hisp,sos_18_dem_cly,0.4720551585575425,0.20240105647982687,0.08033645299121527,0.8036823647896145
Mercer County,vap_asian,sos_18_rep_lar,0.4493495357956213,0.1659200356745803,0.14405953250300366,0.7782778015939263
Mercer County,vap_asian,sos_18_dem_cly,0.5506504642043787,0.1659200356745803,0.22172219840607357,0.8559404674969963
Mercer County,vap_aian,sos_18_rep_lar,0.4767716511683395,0.16720816350138654,0.16675982483518187,0.7973703352380136
Mercer County,vap_aian,sos_18_dem_cly,0.5232283488316605,0.16720816350138654,0.2026296647619864,0.8332401751648181
Mercer County,vap_oth_b,sos_18_rep_lar,0.4161058757097512,0.1508523346997036,0.14831841582915162,0.7386379262643277
Mercer County,vap_oth_b,sos_18_dem_cly,0.5838941242902488,0.1508523346997036,0.26136207373567233,0.8516815841708483
Mercer County,vap_white,pre_20_rep_tru,0.8463258611156553,0.0057826359473428,0.8343371641452063,0.8569131046458284
Mercer County,vap_white,pre_20_dem_bid,0.15367413888434456,0.0057826359473428,0.14308689535417154,0.16566283585479347
Mercer County,vap_black,pre_20_rep_tru,0.4663761402074379,0.17075989256280943,0.15698393605680935,0.8078440315859828
Mercer County,vap_black,pre_20_dem_bid,0.533623859792562,0.17075989256280943,0.19215596841401697,0.8430160639431904
Mercer County,vap_hisp,pre_20_rep_tru,0.4575146651409102,0.16363494115722732,0.160301309134832,0.77398076931229
Mercer County,vap_hisp,pre_20_dem_bid,0.5424853348590898,0.16363494115722732,0.2260192306877098,0.8396986908651678
Mercer County,vap_asian,pre_20_rep_tru,0.4680584270920118,0.17349486167137912,0.16991831645479988,0.8129408430785446
Mercer County,vap_asian,pre_20_dem_bid,0.5319415729079883,0.17349486167137912,0.18705915692145536,0.8300816835452
Mercer County,vap_aian,pre_20_rep_tru,0.4545798218054362,0.2073214931075769,0.06367684769941054,0.8239918328698543
Mercer County,vap_aian,pre_20_dem_bid,0.5454201781945638,0.2073214931075769,0.17600816713014558,0.9363231523005894
Mercer County,vap_oth_b,pre_20_rep_tru,0.3905587811076937,0.15917947164170637,0.135063743887621,0.7235407281131777
Mercer County,vap_oth_b,pre_20_dem_bid,0.6094412188923064,0.15917947164170637,0.2764592718868224,0.8649362561123791
Miami County,vap_white,pre_16_rep_tru,0.7685982651624177,0.00741421523120911,0.7539540332781858,0.78221147127432
Miami County,vap_white,pre_16_dem_cli,0.2314017348375823,0.00741421523120911,0.21778852872568,0.24604596672181425
Miami County,vap_black,pre_16_rep_tru,0.2644303827641179,0.13686308264405825,0.08160859811421796,0.5900092951760093
Miami County,vap_black,pre_16_dem_cli,0.7355696172358821,0.13686308264405825,0.4099907048239902,0.9183914018857818
Miami County,vap_hisp,pre_16_rep_tru,0.4180742575390745,0.17419941212791815,0.13065184499780805,0.7588503237996127
Miami County,vap_hisp,pre_16_dem_cli,0.5819257424609254,0.17419941212791815,0.24114967620038735,0.869348155002192
Miami County,vap_asian,pre_16_rep_tru,0.42341876052031474,0.1565220429987244,0.1426715986005423,0.7375645259061213
Miami County,vap_asian,pre_16_dem_cli,0.5765812394796852,0.1565220429987244,0.2624354740938785,0.8573284013994577
Miami County,vap_aian,pre_16_rep_tru,0.5051640509390243,0.1584904029749252,0.1895705921644187,0.7887259012834009
Miami County,vap_aian,pre_16_dem_cli,0.49483594906097567,0.1584904029749252,0.21127409871659897,0.8104294078355812
Miami County,vap_oth_b,pre_16_rep_tru,0.34031278361605055,0.14783929995430198,0.10947716717269264,0.6811734200285587
Miami County,vap_oth_b,pre_16_dem_cli,0.6596872163839493,0.14783929995430198,0.3188265799714411,0.8905228328273074
Miami County,vap_white,uss_16_rep_por,0.8527325988857932,0.00703136865209918,0.8360835521934902,0.8647625669037463
Miami County,vap_white,uss_16_dem_str,0.14726740111420686,0.00703136865209918,0.1352374330962538,0.16391644780650996
Miami County,vap_black,uss_16_rep_por,0.2992553403507436,0.12200918003961542,0.1098175215711216,0.5783190049582935
Miami County,vap_black,uss_16_dem_str,0.7007446596492564,0.12200918003961542,0.4216809950417064,0.8901824784288784
Miami County,vap_hisp,uss_16_rep_por,0.39111713530048114,0.13816692282842263,0.15969568541393117,0.6846874779642548
Miami County,vap_hisp,uss_16_dem_str,0.6088828646995188,0.13816692282842263,0.31531252203574506,0.8403043145860687
Miami County,vap_asian,uss_16_rep_por,0.512308977353714,0.14705707405318538,0.23100774753479325,0.8024972537710936
Miami County,vap_asian,uss_16_dem_str,0.487691022646286,0.14705707405318538,0.19750274622890637,0.7689922524652067
Miami County,vap_aian,uss_16_rep_por,0.5019602096144978,0.17039863429918617,0.191642902342544,0.8035472267396855
Miami County,vap_aian,uss_16_dem_str,0.4980397903855021,0.17039863429918617,0.1964527732603144,0.8083570976574558
Miami County,vap_oth_b,uss_16_rep_por,0.31882829560829024,0.13694292087398466,0.11812009648715552,0.658521375334659
Miami County,vap_oth_b,uss_16_dem_str,0.6811717043917097,0.13694292087398466,0.3414786246653407,0.8818799035128443
Miami County,vap_white,uss_18_rep_ren,0.6594428171954081,0.00819498754239817,0.6425641137927844,0.6741525712885235
Miami County,vap_white,uss_18_dem_bro,0.340557182804592,0.00819498754239817,0.32584742871147654,0.35743588620721556
Miami County,vap_black,uss_18_rep_ren,0.3112992832751445,0.12300525433670614,0.12005251251993997,0.5899013287615014
Miami County,vap_black,uss_18_dem_bro,0.6887007167248554,0.12300525433670614,0.4100986712384985,0.8799474874800599
Miami County,vap_hisp,uss_18_rep_ren,0.4256246440643041,0.15938535145578783,0.1562194144767406,0.7588961263604734
Miami County,vap_hisp,uss_18_dem_bro,0.5743753559356959,0.15938535145578783,0.2411038736395265,0.8437805855232593
Miami County,vap_asian,uss_18_rep_ren,0.4824477779934177,0.15201984470215252,0.19232953538800468,0.7663169163735274
Miami County,vap_asian,uss_18_dem_bro,0.5175522220065824,0.15201984470215252,0.2336830836264724,0.8076704646119951
Miami County,vap_aian,uss_18_rep_ren,0.5155687857653454,0.15936664386764746,0.21473901538565596,0.8195865370727016
Miami County,vap_aian,uss_18_dem_bro,0.4844312142346546,0.15936664386764746,0.18041346292729837,0.7852609846143439
Miami County,vap_oth_b,uss_18_rep_ren,0.3737319560896198,0.164832648520679,0.13008255544842254,0.814458937137131
Miami County,vap_oth_b,uss_18_dem_bro,0.6262680439103802,0.164832648520679,0.18554106286286892,0.8699174445515775
Miami County,vap_white,gov_18_rep_dew,0.7407482681809384,0.00735951369397784,0.7265247435363653,0.7546515871545694
Miami County,vap_white,gov_18_dem_cor,0.25925173181906164,0.00735951369397784,0.24534841284543063,0.27347525646363474
Miami County,vap_black,gov_18_rep_dew,0.31093997501327103,0.13739783209213102,0.11200146384554296,0.632977910059485
Miami County,vap_black,gov_18_dem_cor,0.6890600249867289,0.13739783209213102,0.3670220899405148,0.887998536154457
Miami County,vap_hisp,gov_18_rep_dew,0.4252293064886679,0.15659524376027448,0.1557657738922006,0.7533284226363993
Miami County,vap_hisp,gov_18_dem_cor,0.5747706935113321,0.15659524376027448,0.24667157736360065,0.8442342261077993
Miami County,vap_asian,gov_18_rep_dew,0.44037281847774407,0.1527780069546243,0.1493855489005971,0.7344117606168833
Miami County,vap_asian,gov_18_dem_cor,0.559627181522256,0.1527780069546243,0.26558823938311676,0.8506144510994029
Miami County,vap_aian,gov_18_rep_dew,0.49897523166237834,0.1712731647785101,0.16105788102660254,0.8010873041778894
Miami County,vap_aian,gov_18_dem_cor,0.5010247683376216,0.1712731647785101,0.1989126958221104,0.8389421189733974
Miami County,vap_oth_b,gov_18_rep_dew,0.37019337837303506,0.13991592974442774,0.14505412558172556,0.6963167553149223
Miami County,vap_oth_b,gov_18_dem_cor,0.6298066216269649,0.13991592974442774,0.3036832446850775,0.8549458744182742
Miami County,vap_white,atg_18_rep_yos,0.7412572201095706,0.00782187675351395,0.7243851601327628,0.7554160102583113
Miami County,vap_white,atg_18_dem_det,0.25874277989042943,0.00782187675351395,0.2445839897416888,0.2756148398672372
Miami County,vap_black,atg_18_rep_yos,0.28154993898985886,0.11780955706433588,0.100989479182581,0.5471130018995796
Miami County,vap_black,atg_18_dem_det,0.7184500610101411,0.11780955706433588,0.4528869981004204,0.8990105208174191
Miami County,vap_hisp,atg_18_rep_yos,0.4799231862576205,0.1942320665715127,0.166796634986922,0.9043334753704668
Miami County,vap_hisp,atg_18_dem_det,0.5200768137423796,0.1942320665715127,0.09566652462953296,0.8332033650130779
Miami County,vap_asian,atg_18_rep_yos,0.4288101704864319,0.15073767274914374,0.17049249637404035,0.7508096893738934
Miami County,vap_asian,atg_18_dem_det,0.5711898295135681,0.15073767274914374,0.24919031062610647,0.8295075036259595
Miami County,vap_aian,atg_18_rep_yos,0.45587452570453274,0.16149926659029518,0.16731821479905243,0.7610937615774361
Miami County,vap_aian,atg_18_dem_det,0.5441254742954672,0.16149926659029518,0.23890623842256367,0.8326817852009475
Miami County,vap_oth_b,atg_18_rep_yos,0.34778384990176614,0.158579189536875,0.10597432746488009,0.682838604388454
Miami County,vap_oth_b,atg_18_dem_det,0.6522161500982337,0.158579189536875,0.3171613956115458,0.8940256725351198
Miami County,vap_white,sos_18_rep_lar,0.7437978023527885,0.00731405326116375,0.7273399720499882,0.7564073126817553
Miami County,vap_white,sos_18_dem_cly,0.2562021976472116,0.00731405326116375,0.2435926873182448,0.2726600279500119
Miami County,vap_black,sos_18_rep_lar,0.3001017750990883,0.1292296952557972,0.098089661346823,0.599182272829164
Miami County,vap_black,sos_18_dem_cly,0.6998982249009117,0.1292296952557972,0.4008177271708357,0.901910338653177
Miami County,vap_hisp,sos_18_rep_lar,0.4095036518124073,0.147593814060316,0.16353487752870136,0.7388180882286592
Miami County,vap_hisp,sos_18_dem_cly,0.5904963481875927,0.147593814060316,0.2611819117713406,0.8364651224712986
Miami County,vap_asian,sos_18_rep_lar,0.46774157297866775,0.14692251526660818,0.20045460516470415,0.7522485958905243
Miami County,vap_asian,sos_18_dem_cly,0.5322584270213323,0.14692251526660818,0.2477514041094757,0.7995453948352957
Miami County,vap_aian,sos_18_rep_lar,0.4818838151482858,0.1592393030258131,0.18587458714580885,0.7811496902710717
Miami County,vap_aian,sos_18_dem_cly,0.5181161848517142,0.1592393030258131,0.21885030972892827,0.8141254128541909
Miami County,vap_oth_b,sos_18_rep_lar,0.32915383687290134,0.13913675075923365,0.1270258142710044,0.6498435242163668
Miami County,vap_oth_b,sos_18_dem_cly,0.6708461631270985,0.13913675075923365,0.3501564757836332,0.8729741857289955
Miami County,vap_white,pre_20_rep_tru,0.7569827244947879,0.00781874544191986,0.7404297530139734,0.7705876638530827
Miami County,vap_white,pre_20_dem_bid,0.24301727550521224,0.00781874544191986,0.2294123361469172,0.25957024698602676
Miami County,vap_black,pre_20_rep_tru,0.293421437195427,0.1103392500183515,0.12387155516218216,0.5459639609153393
Miami County,vap_black,pre_20_dem_bid,0.706578562804573,0.1103392500183515,0.4540360390846606,0.8761284448378176
Miami County,vap_hisp,pre_20_rep_tru,0.3956096387396999,0.17302013761815685,0.09932667293102254,0.744752340599025
Miami County,vap_hisp,pre_20_dem_bid,0.6043903612603,0.17302013761815685,0.255247659400975,0.9006733270689774
Miami County,vap_asian,pre_20_rep_tru,0.4009134492953296,0.1653243656759331,0.12146114419008838,0.7389991900490194
Miami County,vap_asian,pre_20_dem_bid,0.5990865507046703,0.1653243656759331,0.2610008099509805,0.8785388558099115
Miami County,vap_aian,pre_20_rep_tru,0.4633754814587098,0.181693802619438,0.1438498436278214,0.8033077349455365
Miami County,vap_aian,pre_20_dem_bid,0.5366245185412901,0.181693802619438,0.19669226505446336,0.8561501563721785
Miami County,vap_oth_b,pre_20_rep_tru,0.3453914959806931,0.1499529465344026,0.1126557445736754,0.6779985181536194
Miami County,vap_oth_b,pre_20_dem_bid,0.6546085040193068,0.1499529465344026,0.32200148184638033,0.8873442554263244
Monroe County,vap_white,pre_16_rep_tru,0.7610561730774061,0.00739610116081312,0.7466426119568281,0.7751994835327775
Monroe County,vap_white,pre_16_dem_cli,0.23894382692259392,0.00739610116081312,0.22480051646722257,0.2533573880431718
Monroe County,vap_black,pre_16_rep_tru,0.48351157753227025,0.18346994853205092,0.13453954359274206,0.8299292561402585
Monroe County,vap_black,pre_16_dem_cli,0.5164884224677297,0.18346994853205092,0.1700707438597415,0.8654604564072578
Monroe County,vap_hisp,pre_16_rep_tru,0.49483867605349113,0.1821011899416161,0.14705749497052795,0.8419404306979061
Monroe County,vap_hisp,pre_16_dem_cli,0.5051613239465088,0.1821011899416161,0.15805956930209372,0.8529425050294719
Monroe County,vap_asian,pre_16_rep_tru,0.49295322534086583,0.18925383644911553,0.13962533328368906,0.8506222419454457
Monroe County,vap_asian,pre_16_dem_cli,0.5070467746591342,0.18925383644911553,0.14937775805455408,0.8603746667163108
Monroe County,vap_aian,pre_16_rep_tru,0.49251221543848295,0.19418868191024877,0.13346408341849136,0.8636740575054497
Monroe County,vap_aian,pre_16_dem_cli,0.5074877845615171,0.19418868191024877,0.13632594249455035,0.8665359165815085
Monroe County,vap_oth_b,pre_16_rep_tru,0.4843136670419389,0.17788774993760376,0.15993646853678567,0.8493700495142179
Monroe County,vap_oth_b,pre_16_dem_cli,0.5156863329580611,0.17788774993760376,0.1506299504857821,0.8400635314632142
Monroe County,vap_white,uss_16_rep_por,0.6501171302164689,0.00806314305958742,0.63432659062155,0.6658794610875941
Monroe County,vap_white,uss_16_dem_str,0.34988286978353117,0.00806314305958742,0.3341205389124059,0.36567340937845005
Monroe County,vap_black,uss_16_rep_por,0.4714272838221803,0.19083593153634185,0.09554112515973588,0.8130083800875418
Monroe County,vap_black,uss_16_dem_str,0.5285727161778196,0.19083593153634185,0.18699161991245808,0.904458874840264
Monroe County,vap_hisp,uss_16_rep_por,0.4811049284809042,0.1836564717981699,0.13922919572637893,0.8295590409439854
Monroe County,vap_hisp,uss_16_dem_str,0.5188950715190958,0.1836564717981699,0.17044095905601456,0.8607708042736208
Monroe County,vap_asian,uss_16_rep_por,0.4966083422596048,0.19801661617276511,0.11908526704360373,0.857240638098273
Monroe County,vap_asian,uss_16_dem_str,0.5033916577403952,0.19801661617276511,0.14275936190172692,0.8809147329563963
Monroe County,vap_aian,uss_16_rep_por,0.4970268782971514,0.18416268394191812,0.14910112655987504,0.8450330218992324
Monroe County,vap_aian,uss_16_dem_str,0.5029731217028486,0.18416268394191812,0.15496697810076773,0.850898873440125
Monroe County,vap_oth_b,uss_16_rep_por,0.47664313600637986,0.17328278796781343,0.1551373595423068,0.8079847812289547
Monroe County,vap_oth_b,uss_16_dem_str,0.5233568639936201,0.17328278796781343,0.19201521877104524,0.8448626404576928
Monroe County,vap_white,uss_18_rep_ren,0.5293871515867169,0.00875842109591362,0.5119652523390413,0.5465959079851997
Monroe County,vap_white,uss_18_dem_bro,0.47061284841328305,0.00875842109591362,0.45340409201480025,0.4880347476609587
Monroe County,vap_black,uss_18_rep_ren,0.4899742044871241,0.1789191938821743,0.15000767677776047,0.8241589097393132
Monroe County,vap_black,uss_18_dem_bro,0.5100257955128759,0.1789191938821743,0.1758410902606866,0.8499923232222394
Monroe County,vap_hisp,uss_18_rep_ren,0.4801528123802246,0.18536993820396208,0.1531405744749273,0.8547263512871834
Monroe County,vap_hisp,uss_18_dem_bro,0.5198471876197753,0.18536993820396208,0.14527364871281637,0.8468594255250728
Monroe County,vap_asian,uss_18_rep_ren,0.4778208842271453,0.19056210769755916,0.1299170172304427,0.8424361959474995
Monroe County,vap_asian,uss_18_dem_bro,0.5221791157728547,0.19056210769755916,0.1575638040525004,0.8700829827695571
Monroe County,vap_aian,uss_18_rep_ren,0.5165916502985483,0.1847198769148074,0.16494401042903645,0.8596896889337571
Monroe County,vap_aian,uss_18_dem_bro,0.4834083497014518,0.1847198769148074,0.140310311066243,0.8350559895709634
Monroe County,vap_oth_b,uss_18_rep_ren,0.4884175620497611,0.16883588664670737,0.16897924141989557,0.8054813031627635
Monroe County,vap_oth_b,uss_18_dem_bro,0.5115824379502388,0.16883588664670737,0.19451869683723655,0.8310207585801042
Monroe County,vap_white,gov_18_rep_dew,0.6591986779956911,0.00868542501649708,0.6421516251252304,0.6760441190288305
Monroe County,vap_white,gov_18_dem_cor,0.34080132200430896,0.00868542501649708,0.32395588097116945,0.3578483748747697
Monroe County,vap_black,gov_18_rep_dew,0.5162036490817112,0.18501786615118965,0.15408974919038967,0.8560684395278549
Monroe County,vap_black,gov_18_dem_cor,0.4837963509182887,0.18501786615118965,0.14393156047214475,0.8459102508096102
Monroe County,vap_hisp,gov_18_rep_dew,0.493654938368669,0.18217888954000347,0.13816463995270956,0.8374925130822484
Monroe County,vap_hisp,gov_18_dem_cor,0.506345061631331,0.18217888954000347,0.1625074869177516,0.8618353600472902
Monroe County,vap_asian,gov_18_rep_dew,0.5032474411038735,0.19816043171592196,0.11996373694970784,0.8614977194938219
Monroe County,vap_asian,gov_18_dem_cor,0.49675255889612646,0.19816043171592196,0.13850228050617802,0.880036263050292
Monroe County,vap_aian,gov_18_rep_dew,0.5042657721613111,0.18515578250183665,0.15675262992719738,0.8568628644032462
Monroe County,vap_aian,gov_18_dem_cor,0.495734227838689,0.18515578250183665,0.1431371355967538,0.8432473700728026
Monroe County,vap_oth_b,gov_18_rep_dew,0.4771472193077003,0.1771235078036464,0.1441554638163819,0.8176318006313736
Monroe County,vap_oth_b,gov_18_dem_cor,0.5228527806922997,0.1771235078036464,0.1823681993686263,0.8558445361836178
Monroe County,vap_white,atg_18_rep_yos,0.604682240688309,0.00871198694975805,0.5873962001412854,0.6218809751956476
Monroe County,vap_white,atg_18_dem_det,0.39531775931169105,0.00871198694975805,0.3781190248043525,0.4126037998587147
Monroe County,vap_black,atg_18_rep_yos,0.4977690527432607,0.1833054242537926,0.15639530357441592,0.845175953073071
Monroe County,vap_black,atg_18_dem_det,0.5022309472567392,0.1833054242537926,0.15482404692692875,0.843604696425584
Monroe County,vap_hisp,atg_18_rep_yos,0.5195755739304879,0.1786317713267379,0.17844370370421855,0.8491806001711574
Monroe County,vap_hisp,atg_18_dem_det,0.480424426069512,0.1786317713267379,0.15081939982884257,0.8215562962957812
Monroe County,vap_asian,atg_18_rep_yos,0.5023101899469431,0.20375351119939591,0.1248284784933467,0.902343873242198
Monroe County,vap_asian,atg_18_dem_det,0.4976898100530569,0.20375351119939591,0.09765612675780176,0.8751715215066532
Monroe County,vap_aian,atg_18_rep_yos,0.4740935520767125,0.2104189520154052,0.06301875478064035,0.8540661607809484
Monroe County,vap_aian,atg_18_dem_det,0.5259064479232876,0.2104189520154052,0.14593383921905145,0.9369812452193595
Monroe County,vap_oth_b,atg_18_rep_yos,0.5097299651131985,0.17608261825693625,0.18073421856772232,0.8347614291640529
Monroe County,vap_oth_b,atg_18_dem_det,0.49027003488680154,0.17608261825693625,0.1652385708359471,0.8192657814322776
Monroe County,vap_white,sos_18_rep_lar,0.605551894727581,0.00876286366043309,0.5881065776290227,0.622344845139457
Monroe County,vap_white,sos_18_dem_cly,0.3944481052724191,0.00876286366043309,0.377655154860543,0.4118934223709772
Monroe County,vap_black,sos_18_rep_lar,0.49602276514554133,0.18448261725247783,0.15605042931969898,0.8553338572133593
Monroe County,vap_black,sos_18_dem_cly,0.5039772348544586,0.18448261725247783,0.1446661427866407,0.843949570680301
Monroe County,vap_hisp,sos_18_rep_lar,0.49359722881842855,0.17724043790017477,0.15573975746828128,0.8356433602415705
Monroe County,vap_hisp,sos_18_dem_cly,0.5064027711815714,0.17724043790017477,0.16435663975842932,0.8442602425317187
Monroe County,vap_asian,sos_18_rep_lar,0.4993654144362481,0.18639078787408844,0.13956818370437998,0.8417107083750249
Monroe County,vap_asian,sos_18_dem_cly,0.500634585563752,0.18639078787408844,0.15828929162497504,0.86043181629562
Monroe County,vap_aian,sos_18_rep_lar,0.4997249658714839,0.19030435440429871,0.13994729038587272,0.8509347587408708
Monroe County,vap_aian,sos_18_dem_cly,0.5002750341285161,0.19030435440429871,0.1490652412591292,0.8600527096141273
Monroe County,vap_oth_b,sos_18_rep_lar,0.4930835802604062,0.16883721344738947,0.1859692936060363,0.8107099516476396
Monroe County,vap_oth_b,sos_18_dem_cly,0.5069164197395938,0.16883721344738947,0.18929004835236035,0.8140307063939636
Monroe County,vap_white,pre_20_rep_tru,0.7870612961314529,0.00692356677284433,0.7735863022258841,0.8007291268937652
Monroe County,vap_white,pre_20_dem_bid,0.21293870386854713,0.00692356677284433,0.19927087310623487,0.22641369777411596
Monroe County,vap_black,pre_20_rep_tru,0.5051865621457204,0.186674471645855,0.15649705612921233,0.8585110305436656
Monroe County,vap_black,pre_20_dem_bid,0.4948134378542795,0.186674471645855,0.14148896945633424,0.8435029438707876
Monroe County,vap_hisp,pre_20_rep_tru,0.5076939705613084,0.19222398450944503,0.15202616762789592,0.8930342569312697
Monroe County,vap_hisp,pre_20_dem_bid,0.4923060294386916,0.19222398450944503,0.10696574306873027,0.8479738323721038
Monroe County,vap_asian,pre_20_rep_tru,0.4963975379129584,0.18738519184324348,0.1432976944669869,0.8506169096363552
Monroe County,vap_asian,pre_20_dem_bid,0.5036024620870416,0.18738519184324348,0.14938309036364472,0.8567023055330132
Monroe County,vap_aian,pre_20_rep_tru,0.501800275435663,0.19246626040425044,0.134386250693701,0.8621504952928777
Monroe County,vap_aian,pre_20_dem_bid,0.49819972456433714,0.19246626040425044,0.13784950470712243,0.865613749306299
Monroe County,vap_oth_b,pre_20_rep_tru,0.4727247553929717,0.17122386762678482,0.158185597027809,0.8105584457560765
Monroe County,vap_oth_b,pre_20_dem_bid,0.5272752446070282,0.17122386762678482,0.1894415542439233,0.841814402972191
Montgomery County,vap_white,pre_16_rep_tru,0.6833298699798853,0.00437847660413036,0.674215100966843,0.6911113036960549
Montgomery County,vap_white,pre_16_dem_cli,0.31667013002011457,0.00437847660413036,0.30888869630394505,0.32578489903315694
Montgomery County,vap_black,pre_16_rep_tru,0.01231538897645607,0.00243769546625588,0.00814304444939399,0.01791167624236802
Montgomery County,vap_black,pre_16_dem_cli,0.987684611023544,0.00243769546625588,0.982088323757632,0.991856955550606
Montgomery County,vap_hisp,pre_16_rep_tru,0.07966588831411711,0.01988659517807122,0.04707282596117987,0.12547368566031514
Montgomery County,vap_hisp,pre_16_dem_cli,0.920334111685883,0.01988659517807122,0.874526314339685,0.9529271740388202
Montgomery County,vap_asian,pre_16_rep_tru,0.3997405596052048,0.12241718235074,0.19710541086239391,0.661045436133782
Montgomery County,vap_asian,pre_16_dem_cli,0.6002594403947952,0.12241718235074,0.33895456386621786,0.802894589137606
Montgomery County,vap_aian,pre_16_rep_tru,0.3567338135397958,0.12984549744130394,0.14228794642920023,0.6618629686243273
Montgomery County,vap_aian,pre_16_dem_cli,0.6432661864602043,0.12984549744130397,0.3381370313756725,0.8577120535707997
Montgomery County,vap_oth_b,pre_16_rep_tru,0.07233648450758012,0.01804867051067849,0.04241756247740849,0.1121336221521171
Montgomery County,vap_oth_b,pre_16_dem_cli,0.92766351549242,0.01804867051067849,0.8878663778478829,0.9575824375225914
Montgomery County,vap_white,uss_16_rep_por,0.7889455431132468,0.00654141683060799,0.7742799571297623,0.8003204249617178
Montgomery County,vap_white,uss_16_dem_str,0.21105445688675312,0.00654141683060799,0.19967957503828215,0.22572004287023775
Montgomery County,vap_black,uss_16_rep_por,0.03584008125474901,0.00447288306982129,0.0275146890559492,0.04524313568847599
Montgomery County,vap_black,uss_16_dem_str,0.964159918745251,0.00447288306982129,0.954756864311524,0.9724853109440508
Montgomery County,vap_hisp,uss_16_rep_por,0.10079093124479443,0.02772161895679044,0.056404515646812,0.16381398287992402
Montgomery County,vap_hisp,uss_16_dem_str,0.8992090687552056,0.02772161895679044,0.836186017120076,0.943595484353188
Montgomery County,vap_asian,uss_16_rep_por,0.5349973434499268,0.10352213209584286,0.30667811104549064,0.7090995118153589
Montgomery County,vap_asian,uss_16_dem_str,0.4650026565500732,0.10352213209584286,0.2909004881846409,0.6933218889545092
Montgomery County,vap_aian,uss_16_rep_por,0.43649180316645503,0.1768260340171097,0.17609206803574215,0.8345311955884984
Montgomery County,vap_aian,uss_16_dem_str,0.563508196833545,0.1768260340171097,0.16546880441150155,0.8239079319642577
Montgomery County,vap_oth_b,uss_16_rep_por,0.19868472572552084,0.08772725167155815,0.07593133884548259,0.41319032751373175
Montgomery County,vap_oth_b,uss_16_dem_str,0.8013152742744791,0.08772725167155815,0.5868096724862683,0.9240686611545176
Montgomery County,vap_white,uss_18_rep_ren,0.5791793834361165,0.00442834927331401,0.5704913455318434,0.5874754161265405
Montgomery County,vap_white,uss_18_dem_bro,0.4208206165638835,0.00442834927331401,0.41252458387345936,0.42950865446815656
Montgomery County,vap_black,uss_18_rep_ren,0.01295456695629263,0.0026485320866026,0.00859189452142478,0.01886696048079447
Montgomery County,vap_black,uss_18_dem_bro,0.9870454330437074,0.0026485320866026,0.9811330395192056,0.9914081054785754
Montgomery County,vap_hisp,uss_18_rep_ren,0.08305078000506008,0.02138118424632226,0.04764747771566952,0.13014745871447014
Montgomery County,vap_hisp,uss_18_dem_bro,0.91694921999494,0.02138118424632226,0.8698525412855298,0.9523525222843304
Montgomery County,vap_asian,uss_18_rep_ren,0.4714948093541552,0.11756966112000368,0.26227414372746577,0.7017025803380672
Montgomery County,vap_asian,uss_18_dem_bro,0.5285051906458448,0.11756966112000368,0.29829741966193274,0.7377258562725342
Montgomery County,vap_aian,uss_18_rep_ren,0.42372709839049966,0.13806621137467098,0.2029151637479307,0.7170701067694074
Montgomery County,vap_aian,uss_18_dem_bro,0.5762729016095004,0.13806621137467098,0.2829298932305924,0.7970848362520694
Montgomery County,vap_oth_b,uss_18_rep_ren,0.07792076736491972,0.01861218945887962,0.04757910330805814,0.12062488880073892
Montgomery County,vap_oth_b,uss_18_dem_bro,0.9220792326350804,0.01861218945887962,0.8793751111992612,0.952420896691942
Montgomery County,vap_white,gov_18_rep_dew,0.6634661994682692,0.00476572097147018,0.653530801169721,0.671896273778496
Montgomery County,vap_white,gov_18_dem_cor,0.3365338005317307,0.00476572097147018,0.32810372622150386,0.346469198830279
Montgomery County,vap_black,gov_18_rep_dew,0.01712483057385606,0.00274935327498228,0.01221024220447438,0.02309518636479469
Montgomery County,vap_black,gov_18_dem_cor,0.982875169426144,0.00274935327498228,0.9769048136352052,0.9877897577955256
Montgomery County,vap_hisp,gov_18_rep_dew,0.13685666909196534,0.04229966377185511,0.06942995589441724,0.23522876815731444
Montgomery County,vap_hisp,gov_18_dem_cor,0.8631433309080347,0.04229966377185511,0.7647712318426856,0.9305700441055827
Montgomery County,vap_asian,gov_18_rep_dew,0.41183971729935054,0.11686156548476148,0.17699171811617867,0.6495588615605782
Montgomery County,vap_asian,gov_18_dem_cor,0.5881602827006495,0.11686156548476148,0.35044113843942193,0.8230082818838211
Montgomery County,vap_aian,gov_18_rep_dew,0.46073169231964795,0.15191520998609082,0.16872963175793967,0.7232482819566712
Montgomery County,vap_aian,gov_18_dem_cor,0.539268307680352,0.15191520998609082,0.2767517180433287,0.8312703682420602
Montgomery County,vap_oth_b,gov_18_rep_dew,0.09538322976839156,0.02499429769691753,0.05585443263316669,0.15515437558158698
Montgomery County,vap_oth_b,gov_18_dem_cor,0.9046167702316084,0.02499429769691753,0.8448456244184129,0.9441455673668332
Montgomery County,vap_white,atg_18_rep_yos,0.661511136274257,0.00412285979708998,0.6531650631702315,0.669254109577018
Montgomery County,vap_white,atg_18_dem_det,0.338488863725743,0.00412285979708998,0.33074589042298197,0.34683493682976846
Montgomery County,vap_black,atg_18_rep_yos,0.01580867785207223,0.00268699236752061,0.01116953962596356,0.02175100197480085
Montgomery County,vap_black,atg_18_dem_det,0.9841913221479278,0.00268699236752061,0.9782489980251992,0.9888304603740364
Montgomery County,vap_hisp,atg_18_rep_yos,0.11811801361628936,0.03883076013676909,0.05961790367009641,0.2061608017051428
Montgomery County,vap_hisp,atg_18_dem_det,0.8818819863837107,0.03883076013676909,0.7938391982948573,0.9403820963299035
Montgomery County,vap_asian,atg_18_rep_yos,0.43993312496201753,0.1130728096814276,0.22369746838475785,0.6777818141962622
Montgomery County,vap_asian,atg_18_dem_det,0.5600668750379825,0.1130728096814276,0.3222181858037377,0.7763025316152421
Montgomery County,vap_aian,atg_18_rep_yos,0.45143625552752575,0.13931118970747128,0.1855802476275155,0.783323322918332
Montgomery County,vap_aian,atg_18_dem_det,0.5485637444724742,0.13931118970747128,0.21667667708166796,0.8144197523724845
Montgomery County,vap_oth_b,atg_18_rep_yos,0.0923278868266008,0.02737263946521481,0.05130113787279414,0.16023403028975047
Montgomery County,vap_oth_b,atg_18_dem_det,0.9076721131733992,0.02737263946521481,0.8397659697102494,0.948698862127206
Montgomery County,vap_white,sos_18_rep_lar,0.6499060075334208,0.00498989047551268,0.6390650861349287,0.658723890912258
Montgomery County,vap_white,sos_18_dem_cly,0.35009399246657924,0.00498989047551268,0.34127610908774186,0.36093491386507126
Montgomery County,vap_black,sos_18_rep_lar,0.01370412825589796,0.00275959232959719,0.00906484942772939,0.01993585260613718
Montgomery County,vap_black,sos_18_dem_cly,0.986295871744102,0.00275959232959719,0.9800641473938628,0.9909351505722708
Montgomery County,vap_hisp,sos_18_rep_lar,0.11096129224392635,0.03181754902186892,0.06156690761559186,0.18219581285705777
Montgomery County,vap_hisp,sos_18_dem_cly,0.8890387077560737,0.03181754902186892,0.8178041871429423,0.938433092384408
Montgomery County,vap_asian,sos_18_rep_lar,0.5041104213202793,0.13560906886750715,0.25961139830296404,0.7537715768359358
Montgomery County,vap_asian,sos_18_dem_cly,0.4958895786797206,0.13560906886750715,0.24622842316406424,0.7403886016970357
Montgomery County,vap_aian,sos_18_rep_lar,0.3731860091752931,0.14658233266903606,0.1445399598845706,0.678556223868647
Montgomery County,vap_aian,sos_18_dem_cly,0.6268139908247069,0.1465823326690361,0.32144377613135294,0.8554600401154293
Montgomery County,vap_oth_b,sos_18_rep_lar,0.07146452326926638,0.02009765831690761,0.03837683621977574,0.11351453155286378
Montgomery County,vap_oth_b,sos_18_dem_cly,0.9285354767307336,0.02009765831690761,0.8864854684471362,0.9616231637802242
Montgomery County,vap_white,pre_20_rep_tru,0.6525889223429728,0.00402755804218529,0.6443930720677148,0.6600252779449873
Montgomery County,vap_white,pre_20_dem_bid,0.34741107765702717,0.00402755804218529,0.33997472205501267,0.3556069279322851
Montgomery County,vap_black,pre_20_rep_tru,0.01471475166779741,0.00296007171319965,0.00978324562504553,0.02144443777460521
Montgomery County,vap_black,pre_20_dem_bid,0.9852852483322028,0.00296007171319965,0.9785555622253947,0.9902167543749546
Montgomery County,vap_hisp,pre_20_rep_tru,0.11636289745700858,0.0463300846642844,0.05306033255945212,0.2342571221229466
Montgomery County,vap_hisp,pre_20_dem_bid,0.8836371025429914,0.0463300846642844,0.7657428778770533,0.9469396674405478
Montgomery County,vap_asian,pre_20_rep_tru,0.26165919674954535,0.07848889133629144,0.12702639928288856,0.4273128479352485
Montgomery County,vap_asian,pre_20_dem_bid,0.7383408032504546,0.07848889133629144,0.5726871520647515,0.8729736007171114
Montgomery County,vap_aian,pre_20_rep_tru,0.385788185103163,0.12874449674380656,0.1698105257891136,0.6477010129717466
Montgomery County,vap_aian,pre_20_dem_bid,0.6142118148968371,0.12874449674380656,0.35229898702825335,0.8301894742108864
Montgomery County,vap_oth_b,pre_20_rep_tru,0.08458013733291962,0.02219928361269345,0.04849209353453623,0.13583022644966714
Montgomery County,vap_oth_b,pre_20_dem_bid,0.9154198626670804,0.02219928361269345,0.8641697735503329,0.9515079064654636
Morgan County,vap_white,pre_16_rep_tru,0.7374243573718051,0.01188378481857043,0.7137495016717578,0.7604818242420097
Morgan County,vap_white,pre_16_dem_cli,0.2625756426281949,0.01188378481857043,0.23951817575799017,0.2862504983282423
Morgan County,vap_black,pre_16_rep_tru,0.46275262324973926,0.18867273436880388,0.12946292186961117,0.8417515645543903
Morgan County,vap_black,pre_16_dem_cli,0.5372473767502608,0.18867273436880388,0.15824843544560968,0.8705370781303888
Morgan County,vap_hisp,pre_16_rep_tru,0.4917151713292927,0.17849679480824152,0.14237280256837104,0.8133632896655006
Morgan County,vap_hisp,pre_16_dem_cli,0.5082848286707072,0.17849679480824152,0.1866367103344991,0.8576271974316289
Morgan County,vap_asian,pre_16_rep_tru,0.4893606103656313,0.19352392495404955,0.13506992319961034,0.8514791000186369
Morgan County,vap_asian,pre_16_dem_cli,0.5106393896343687,0.19352392495404955,0.14852089998136295,0.8649300768003897
Morgan County,vap_aian,pre_16_rep_tru,0.49385137237282595,0.1943037684119423,0.127466492424672,0.8678128620944706
Morgan County,vap_aian,pre_16_dem_cli,0.506148627627174,0.1943037684119423,0.1321871379055294,0.8725335075753279
Morgan County,vap_oth_b,pre_16_rep_tru,0.4807013566607754,0.16943423390867385,0.17446447302549906,0.8151128335406107
Morgan County,vap_oth_b,pre_16_dem_cli,0.5192986433392246,0.16943423390867385,0.18488716645938927,0.8255355269745009
Morgan County,vap_white,uss_16_rep_por,0.7375180594393028,0.01223483543048603,0.7130330639633047,0.7607541490341155
Morgan County,vap_white,uss_16_dem_str,0.26248194056069707,0.01223483543048603,0.23924585096588452,0.2869669360366953
Morgan County,vap_black,uss_16_rep_por,0.4656185107021242,0.1950822231625387,0.1146281791980994,0.8501785489919443
Morgan County,vap_black,uss_16_dem_str,0.5343814892978759,0.1950822231625387,0.14982145100805572,0.8853718208019006
Morgan County,vap_hisp,uss_16_rep_por,0.4962086602277041,0.17755275037005663,0.1668863825337098,0.831211770179408
Morgan County,vap_hisp,uss_16_dem_str,0.5037913397722958,0.17755275037005663,0.1687882298205917,0.8331136174662901
Morgan County,vap_asian,uss_16_rep_por,0.505013506802952,0.18458242828886823,0.16701477438632847,0.8558602811485329
Morgan County,vap_asian,uss_16_dem_str,0.49498649319704807,0.18458242828886823,0.1441397188514672,0.8329852256136715
Morgan County,vap_aian,uss_16_rep_por,0.4957073355938154,0.18627612064995655,0.14923911058212372,0.8491649773281449
Morgan County,vap_aian,uss_16_dem_str,0.5042926644061845,0.18627612064995655,0.150835022671855,0.8507608894178763
Morgan County,vap_oth_b,uss_16_rep_por,0.4755641327685856,0.1810198679788513,0.1381391689981704,0.8148645328141012
Morgan County,vap_oth_b,uss_16_dem_str,0.5244358672314143,0.1810198679788513,0.18513546718589868,0.8618608310018294
Morgan County,vap_white,uss_18_rep_ren,0.5806361562133393,0.01308587523982533,0.5552188713239787,0.6063992291178366
Morgan County,vap_white,uss_18_dem_bro,0.4193638437866607,0.01308587523982533,0.3936007708821634,0.4447811286760212
Morgan County,vap_black,uss_18_rep_ren,0.49518961647161014,0.19275177329257667,0.14308885217860268,0.8501109178120132
Morgan County,vap_black,uss_18_dem_bro,0.5048103835283899,0.19275177329257667,0.14988908218798677,0.8569111478213973
Morgan County,vap_hisp,uss_18_rep_ren,0.49440292509604344,0.17381173683506282,0.16501493256723634,0.82261058250463
Morgan County,vap_hisp,uss_18_dem_bro,0.5055970749039566,0.17381173683506282,0.1773894174953699,0.8349850674327637
Morgan County,vap_asian,uss_18_rep_ren,0.5005537746767903,0.19134311117741876,0.12679475789620973,0.8453266283672275
Morgan County,vap_asian,uss_18_dem_bro,0.4994462253232097,0.19134311117741876,0.15467337163277253,0.8732052421037902
Morgan County,vap_aian,uss_18_rep_ren,0.48085474779141024,0.1939110348337518,0.12291208341501254,0.8423186076932899
Morgan County,vap_aian,uss_18_dem_bro,0.5191452522085898,0.1939110348337518,0.15768139230670988,0.8770879165849873
Morgan County,vap_oth_b,uss_18_rep_ren,0.49354474137246646,0.17900867167011525,0.1603588721290767,0.8354039821936723
Morgan County,vap_oth_b,uss_18_dem_bro,0.5064552586275336,0.17900867167011525,0.1645960178063277,0.8396411278709234
Morgan County,vap_white,gov_18_rep_dew,0.6728895864011813,0.01268977357145787,0.6470709062140884,0.697045033116125
Morgan County,vap_white,gov_18_dem_cor,0.32711041359881865,0.01268977357145787,0.3029549668838749,0.35292909378591175
Morgan County,vap_black,gov_18_rep_dew,0.4686388417583679,0.1934259029467516,0.12915705447502615,0.844090165584821
Morgan County,vap_black,gov_18_dem_cor,0.5313611582416321,0.1934259029467516,0.15590983441517917,0.8708429455249738
Morgan County,vap_hisp,gov_18_rep_dew,0.4944831024273905,0.17661047318779394,0.16032260330851025,0.8243820089429105
Morgan County,vap_hisp,gov_18_dem_cor,0.5055168975726095,0.17661047318779394,0.1756179910570895,0.8396773966914896
Morgan County,vap_asian,gov_18_rep_dew,0.49443670740242135,0.18511180851695955,0.14677816637666638,0.8472292987823156
Morgan County,vap_asian,gov_18_dem_cor,0.5055632925975786,0.18511180851695955,0.15277070121768446,0.8532218336233336
Morgan County,vap_aian,gov_18_rep_dew,0.5121766133550134,0.18515108656061877,0.1713279244706762,0.8576893805426223
Morgan County,vap_aian,gov_18_dem_cor,0.48782338664498653,0.18515108656061877,0.14231061945737764,0.8286720755293235
Morgan County,vap_oth_b,gov_18_rep_dew,0.4861057096863625,0.17374465409150874,0.15919306369327116,0.8203347012531366
Morgan County,vap_oth_b,gov_18_dem_cor,0.5138942903136375,0.17374465409150874,0.17966529874686338,0.8408069363067289
Morgan County,vap_white,atg_18_rep_yos,0.6890685538817882,0.01306271828643377,0.6629559903710085,0.7138776720204493
Morgan County,vap_white,atg_18_dem_det,0.3109314461182117,0.01306271828643377,0.2861223279795507,0.3370440096289914
Morgan County,vap_black,atg_18_rep_yos,0.4620278094031272,0.19375820183679512,0.12005524201305036,0.8479324012240007
Morgan County,vap_black,atg_18_dem_det,0.5379721905968728,0.19375820183679512,0.1520675987759993,0.8799447579869497
Morgan County,vap_hisp,atg_18_rep_yos,0.47017629068411215,0.18650820951501296,0.12411202581726503,0.8227845862585524
Morgan County,vap_hisp,atg_18_dem_det,0.5298237093158878,0.18650820951501296,0.17721541374144745,0.8758879741827349
Morgan County,vap_asian,atg_18_rep_yos,0.49398358303710527,0.18443980253172543,0.14376427708934006,0.8327009101953222
Morgan County,vap_asian,atg_18_dem_det,0.5060164169628948,0.18443980253172543,0.16729908980467767,0.8562357229106599
Morgan County,vap_aian,atg_18_rep_yos,0.49619931472435314,0.18990224755197596,0.14186911883931427,0.8546598042451915
Morgan County,vap_aian,atg_18_dem_det,0.5038006852756468,0.18990224755197596,0.14534019575480842,0.8581308811606856
Morgan County,vap_oth_b,atg_18_rep_yos,0.4964432024943749,0.18311317075123024,0.16662208796344907,0.8539708750942833
Morgan County,vap_oth_b,atg_18_dem_det,0.5035567975056252,0.18311317075123024,0.14602912490571676,0.8333779120365509
Morgan County,vap_white,sos_18_rep_lar,0.6808872533398722,0.01302623880265148,0.6554546051987764,0.7060980905342825
Morgan County,vap_white,sos_18_dem_cly,0.3191127466601277,0.01302623880265148,0.2939019094657176,0.34454539480122337
Morgan County,vap_black,sos_18_rep_lar,0.4759425923678696,0.19948011097446833,0.1203824253244098,0.8574439899116983
Morgan County,vap_black,sos_18_dem_cly,0.5240574076321305,0.19948011097446833,0.14255601008830163,0.8796175746755902
Morgan County,vap_hisp,sos_18_rep_lar,0.5176299130855806,0.1806100968073508,0.1747504706038124,0.8590190776035493
Morgan County,vap_hisp,sos_18_dem_cly,0.4823700869144194,0.1806100968073508,0.1409809223964507,0.8252495293961873
Morgan County,vap_asian,sos_18_rep_lar,0.5059772230293046,0.19688111552027435,0.1358574959052576,0.879417904746341
Morgan County,vap_asian,sos_18_dem_cly,0.4940227769706954,0.19688111552027435,0.120582095253659,0.8641425040947426
Morgan County,vap_aian,sos_18_rep_lar,0.4978486726831191,0.19181715578337932,0.13901080808055952,0.8543600642888989
Morgan County,vap_aian,sos_18_dem_cly,0.5021513273168808,0.19181715578337932,0.14563993571110098,0.8609891919194405
Morgan County,vap_oth_b,sos_18_rep_lar,0.49272534151595593,0.17693384429837675,0.1596406332005708,0.8269625541705639
Morgan County,vap_oth_b,sos_18_dem_cly,0.5072746584840441,0.17693384429837675,0.17303744582943625,0.8403593667994292
Morgan County,vap_white,pre_20_rep_tru,0.7706827693877901,0.0118047742827747,0.7478937612512883,0.7938043968314065
Morgan County,vap_white,pre_20_dem_bid,0.22931723061220985,0.0118047742827747,0.20619560316859353,0.25210623874871163
Morgan County,vap_black,pre_20_rep_tru,0.4569772037309944,0.1891836119929684,0.127493242370049,0.8222055420739611
Morgan County,vap_black,pre_20_dem_bid,0.5430227962690056,0.1891836119929684,0.1777944579260389,0.8725067576299509
Morgan County,vap_hisp,pre_20_rep_tru,0.5003273028091111,0.17636155241197524,0.1742810180032757,0.8301982163782466
Morgan County,vap_hisp,pre_20_dem_bid,0.49967269719088886,0.17636155241197524,0.16980178362175327,0.8257189819967243
Morgan County,vap_asian,pre_20_rep_tru,0.4938639645721326,0.2007779618713988,0.12349542371287343,0.8908962533121003
Morgan County,vap_asian,pre_20_dem_bid,0.5061360354278674,0.2007779618713988,0.10910374668789972,0.8765045762871265
Morgan County,vap_aian,pre_20_rep_tru,0.5031008151963093,0.20375501025347484,0.1387246482225148,0.9021670530234084
Morgan County,vap_aian,pre_20_dem_bid,0.49689918480369066,0.20375501025347484,0.09783294697659142,0.8612753517774852
Morgan County,vap_oth_b,pre_20_rep_tru,0.46625528903791313,0.18469802783242045,0.12392497780757984,0.8216964633348636
Morgan County,vap_oth_b,pre_20_dem_bid,0.5337447109620869,0.18469802783242045,0.17830353666513638,0.8760750221924202
Morrow County,vap_white,pre_16_rep_tru,0.7745522500179953,0.00707115744275424,0.760132070084868,0.7879368261868218
Morrow County,vap_white,pre_16_dem_cli,0.2254477499820047,0.00707115744275424,0.21206317381317813,0.239867929915132
Morrow County,vap_black,pre_16_rep_tru,0.4672834173023721,0.17631895931467204,0.14803336795847266,0.7911217494974164
Morrow County,vap_black,pre_16_dem_cli,0.532716582697628,0.17631895931467204,0.20887825050258335,0.8519666320415273
Morrow County,vap_hisp,pre_16_rep_tru,0.4721510903155766,0.17459079880812842,0.15656983024056698,0.8057371111282343
Morrow County,vap_hisp,pre_16_dem_cli,0.5278489096844233,0.17459079880812842,0.19426288887176543,0.843430169759433
Morrow County,vap_asian,pre_16_rep_tru,0.500939618297373,0.17883055666253778,0.15588767057648595,0.8296321830684718
Morrow County,vap_asian,pre_16_dem_cli,0.49906038170262706,0.1788305566625378,0.17036781693152825,0.844112329423514
Morrow County,vap_aian,pre_16_rep_tru,0.5108553463114652,0.16877980963956013,0.18997763262947712,0.829359672695114
Morrow County,vap_aian,pre_16_dem_cli,0.48914465368853466,0.16877980963956013,0.17064032730488587,0.8100223673705229
Morrow County,vap_oth_b,pre_16_rep_tru,0.4438840150023908,0.16159411260335613,0.15995108130105734,0.7789540101134177
Morrow County,vap_oth_b,pre_16_dem_cli,0.5561159849976091,0.16159411260335613,0.2210459898865821,0.8400489186989425
Morrow County,vap_white,uss_16_rep_por,0.789765215907925,0.00705183080339131,0.7756004403546144,0.8033961206387434
Morrow County,vap_white,uss_16_dem_str,0.21023478409207497,0.00705183080339131,0.19660387936125645,0.22439955964538555
Morrow County,vap_black,uss_16_rep_por,0.4686014829733338,0.17363849808278273,0.12532904327643102,0.7917180370554737
Morrow County,vap_black,uss_16_dem_str,0.5313985170266662,0.17363849808278273,0.20828196294452636,0.8746709567235689
Morrow County,vap_hisp,uss_16_rep_por,0.45984505648475926,0.1669860581294022,0.1512028780702652,0.7940408488966596
Morrow County,vap_hisp,uss_16_dem_str,0.5401549435152407,0.1669860581294022,0.2059591511033403,0.8487971219297347
Morrow County,vap_asian,uss_16_rep_por,0.5043889963717888,0.17741726249639164,0.16919205854885586,0.8356791522998103
Morrow County,vap_asian,uss_16_dem_str,0.4956110036282113,0.17741726249639164,0.16432084770018987,0.8308079414511442
Morrow County,vap_aian,uss_16_rep_por,0.4708383764188568,0.16797946894197194,0.1683178081210103,0.7974709464444766
Morrow County,vap_aian,uss_16_dem_str,0.529161623581143,0.16797946894197194,0.20252905355552317,0.8316821918789896
Morrow County,vap_oth_b,uss_16_rep_por,0.4532749623673648,0.15948187678756756,0.1677221781236036,0.7748523606628731
Morrow County,vap_oth_b,uss_16_dem_str,0.5467250376326351,0.15948187678756756,0.22514763933712656,0.8322778218763962
Morrow County,vap_white,uss_18_rep_ren,0.6715778655045813,0.0076286858491195,0.656926345204011,0.6867575983259444
Morrow County,vap_white,uss_18_dem_bro,0.3284221344954186,0.0076286858491195,0.3132424016740556,0.34307365479598895
Morrow County,vap_black,uss_18_rep_ren,0.49706658776420065,0.16920916697062777,0.18588150326459105,0.818768151675624
Morrow County,vap_black,uss_18_dem_bro,0.5029334122357993,0.16920916697062777,0.18123184832437583,0.8141184967354089
Morrow County,vap_hisp,uss_18_rep_ren,0.4625383041942871,0.16673442064845911,0.15151574417630795,0.7735323188109485
Morrow County,vap_hisp,uss_18_dem_bro,0.5374616958057128,0.1667344206484591,0.22646768118905156,0.8484842558236919
Morrow County,vap_asian,uss_18_rep_ren,0.4512014619596899,0.17695867139567206,0.13444339146209938,0.7946736023480829
Morrow County,vap_asian,uss_18_dem_bro,0.5487985380403101,0.17695867139567206,0.20532639765191693,0.8655566085379005
Morrow County,vap_aian,uss_18_rep_ren,0.47897785965658185,0.17123110731935037,0.1624366406834936,0.8036799806708241
Morrow County,vap_aian,uss_18_dem_bro,0.5210221403434181,0.17123110731935037,0.1963200193291757,0.8375633593165062
Morrow County,vap_oth_b,uss_18_rep_ren,0.4879447501174512,0.16101960380500782,0.1822798397483032,0.7931981132649415
Morrow County,vap_oth_b,uss_18_dem_bro,0.5120552498825487,0.16101960380500782,0.20680188673505817,0.8177201602516967
Morrow County,vap_white,gov_18_rep_dew,0.7266630524766149,0.00815551270185536,0.7105721526168313,0.7422538554856126
Morrow County,vap_white,gov_18_dem_cor,0.2733369475233851,0.00815551270185536,0.25774614451438727,0.28942784738316873
Morrow County,vap_black,gov_18_rep_dew,0.4946997933149672,0.17467672342278376,0.17634894110125743,0.8374275228527012
Morrow County,vap_black,gov_18_dem_cor,0.5053002066850328,0.17467672342278376,0.16257247714729883,0.8236510588987425
Morrow County,vap_hisp,gov_18_rep_dew,0.4659661712256875,0.1754338771064692,0.1331322525017075,0.7977909622254332
Morrow County,vap_hisp,gov_18_dem_cor,0.5340338287743125,0.1754338771064692,0.20220903777456664,0.8668677474982923
Morrow County,vap_asian,gov_18_rep_dew,0.5071671270003281,0.17943633073967002,0.1563212955029284,0.8252116399202708
Morrow County,vap_asian,gov_18_dem_cor,0.492832872999672,0.17943633073967002,0.1747883600797292,0.8436787044970716
Morrow County,vap_aian,gov_18_rep_dew,0.5139731878451538,0.1619310102171101,0.20494183238573987,0.810316804037734
Morrow County,vap_aian,gov_18_dem_cor,0.48602681215484617,0.1619310102171101,0.18968319596226596,0.7950581676142598
Morrow County,vap_oth_b,gov_18_rep_dew,0.44285291086364525,0.192926952118657,0.09474757063797298,0.8159500628507212
Morrow County,vap_oth_b,gov_18_dem_cor,0.5571470891363546,0.192926952118657,0.18404993714927864,0.9052524293620268
Morrow County,vap_white,atg_18_rep_yos,0.7423928346613311,0.00718439846121623,0.727987552939402,0.7561095763948449
Morrow County,vap_white,atg_18_dem_det,0.2576071653386689,0.00718439846121623,0.24389042360515517,0.27201244706059796
Morrow County,vap_black,atg_18_rep_yos,0.4945219973862248,0.16812376897479028,0.18973747140276984,0.8275159968852839
Morrow County,vap_black,atg_18_dem_det,0.5054780026137752,0.16812376897479028,0.1724840031147161,0.81026252859723
Morrow County,vap_hisp,atg_18_rep_yos,0.4718449793447552,0.16680569258209288,0.16644098747770245,0.8017311559857158
Morrow County,vap_hisp,atg_18_dem_det,0.5281550206552448,0.16680569258209288,0.19826884401428396,0.8335590125222976
Morrow County,vap_asian,atg_18_rep_yos,0.4756519941320688,0.16698892478654004,0.17094056872044824,0.8001905218367794
Morrow County,vap_asian,atg_18_dem_det,0.5243480058679313,0.16698892478654004,0.19980947816322053,0.8290594312795518
Morrow County,vap_aian,atg_18_rep_yos,0.5004647530996882,0.1832063322688381,0.17906687820919323,0.880354807577534
Morrow County,vap_aian,atg_18_dem_det,0.4995352469003118,0.1832063322688381,0.11964519242246568,0.8209331217908067
Morrow County,vap_oth_b,atg_18_rep_yos,0.45129338670712105,0.15784632294299974,0.15665515024049603,0.7682007823572864
Morrow County,vap_oth_b,atg_18_dem_det,0.5487066132928788,0.15784632294299974,0.23179921764271336,0.8433448497595037
Morrow County,vap_white,sos_18_rep_lar,0.7341812248217812,0.00795793217947939,0.7186176378891731,0.7496821091448689
Morrow County,vap_white,sos_18_dem_cly,0.26581877517821884,0.00795793217947939,0.2503178908551312,0.28138236211082684
Morrow County,vap_black,sos_18_rep_lar,0.4799425649658573,0.17132216786269525,0.16122210705951856,0.8097720541695835
Morrow County,vap_black,sos_18_dem_cly,0.5200574350341427,0.17132216786269525,0.19022794583041647,0.8387778929404814
Morrow County,vap_hisp,sos_18_rep_lar,0.4776608537298237,0.1712409064059173,0.15148357055843945,0.8039574402811988
Morrow County,vap_hisp,sos_18_dem_cly,0.5223391462701763,0.1712409064059173,0.1960425597188012,0.8485164294415605
Morrow County,vap_asian,sos_18_rep_lar,0.5019679923637949,0.177305945504459,0.18298697757596347,0.8368469355011359
Morrow County,vap_asian,sos_18_dem_cly,0.4980320076362052,0.177305945504459,0.16315306449886433,0.8170130224240365
Morrow County,vap_aian,sos_18_rep_lar,0.5004455166542965,0.17524224280035886,0.17282024847439903,0.8561169816357368
Morrow County,vap_aian,sos_18_dem_cly,0.4995544833457034,0.17524224280035886,0.14388301836426312,0.827179751525601
Morrow County,vap_oth_b,sos_18_rep_lar,0.4471084189666582,0.1781083365537512,0.10544268737964158,0.7866135459697685
Morrow County,vap_oth_b,sos_18_dem_cly,0.5528915810333417,0.1781083365537512,0.2133864540302313,0.8945573126203582
Morrow County,vap_white,pre_20_rep_tru,0.7911643363170727,0.00698898036983285,0.7774956171163566,0.8043256468978546
Morrow County,vap_white,pre_20_dem_bid,0.20883566368292727,0.00698898036983285,0.1956743531021453,0.2225043828836434
Morrow County,vap_black,pre_20_rep_tru,0.478048694496586,0.17423951280228916,0.15242942632692033,0.7924112025294683
Morrow County,vap_black,pre_20_dem_bid,0.521951305503414,0.17423951280228916,0.2075887974705317,0.8475705736730795
Morrow County,vap_hisp,pre_20_rep_tru,0.4655499048699308,0.17092451262874023,0.15209568528113368,0.8039812220877665
Morrow County,vap_hisp,pre_20_dem_bid,0.5344500951300691,0.17092451262874023,0.19601877791223335,0.8479043147188663
Morrow County,vap_asian,pre_20_rep_tru,0.5104690604872176,0.16992750727288955,0.19670382601064093,0.8315823209243368
Morrow County,vap_asian,pre_20_dem_bid,0.4895309395127824,0.16992750727288955,0.1684176790756632,0.803296173989359
Morrow County,vap_aian,pre_20_rep_tru,0.5040566894073945,0.16953456819909996,0.1714466716884415,0.8157377709974445
Morrow County,vap_aian,pre_20_dem_bid,0.49594331059260555,0.16953456819909996,0.18426222900255532,0.8285533283115581
Morrow County,vap_oth_b,pre_20_rep_tru,0.4496899847371339,0.16623979444724402,0.15977655181250588,0.7921476209842332
Morrow County,vap_oth_b,pre_20_dem_bid,0.5503100152628659,0.16623979444724402,0.20785237901576675,0.840223448187494
Muskingum County,vap_white,pre_16_rep_tru,0.7261192004885063,0.0066915756107155,0.7121178439462534,0.7381030414103328
Muskingum County,vap_white,pre_16_dem_cli,0.27388079951149363,0.0066915756107155,0.2618969585896671,0.2878821560537465
Muskingum County,vap_black,pre_16_rep_tru,0.20849515551177653,0.08717395185260737,0.08246011604687696,0.4147769144369372
Muskingum County,vap_black,pre_16_dem_cli,0.7915048444882234,0.08717395185260737,0.5852230855630628,0.917539883953123
Muskingum County,vap_hisp,pre_16_rep_tru,0.4988827690981707,0.15058230535710734,0.2113260826470702,0.7802737743008276
Muskingum County,vap_hisp,pre_16_dem_cli,0.5011172309018294,0.15058230535710734,0.21972622569917236,0.7886739173529298
Muskingum County,vap_asian,pre_16_rep_tru,0.4493615764315374,0.1605587224730397,0.1711717654902156,0.7643325048268402
Muskingum County,vap_asian,pre_16_dem_cli,0.5506384235684625,0.1605587224730397,0.23566749517315963,0.8288282345097842
Muskingum County,vap_aian,pre_16_rep_tru,0.4886251274902298,0.17024204125279638,0.1761324652388338,0.818980290911171
Muskingum County,vap_aian,pre_16_dem_cli,0.5113748725097702,0.17024204125279638,0.1810197090888291,0.8238675347611663
Muskingum County,vap_oth_b,pre_16_rep_tru,0.325683295231837,0.13022280711042136,0.1056816516563279,0.6101689458561621
Muskingum County,vap_oth_b,pre_16_dem_cli,0.6743167047681631,0.13022280711042136,0.38983105414383784,0.8943183483436722
Muskingum County,vap_white,uss_16_rep_por,0.7875733701612034,0.0063988354917650396,0.7742936119848489,0.7992021307675192
Muskingum County,vap_white,uss_16_dem_str,0.21242662983879657,0.0063988354917650396,0.20079786923248075,0.22570638801515097
Muskingum County,vap_black,uss_16_rep_por,0.20763927498464188,0.0902238260758245,0.07785545542959907,0.4186510270185046
Muskingum County,vap_black,uss_16_dem_str,0.792360725015358,0.0902238260758245,0.5813489729814953,0.9221445445704008
Muskingum County,vap_hisp,uss_16_rep_por,0.4597084597757278,0.1595636814062443,0.17886213695987602,0.7767350020230256
Muskingum County,vap_hisp,uss_16_dem_str,0.5402915402242723,0.1595636814062443,0.22326499797697424,0.821137863040124
Muskingum County,vap_asian,uss_16_rep_por,0.465447641129835,0.15910614778935084,0.16639522498017364,0.7705583055329439
Muskingum County,vap_asian,uss_16_dem_str,0.534552358870165,0.15910614778935084,0.229441694467056,0.8336047750198262
Muskingum County,vap_aian,uss_16_rep_por,0.5113015222695468,0.1694063625073976,0.19634608515253568,0.8585989597078296
Muskingum County,vap_aian,uss_16_dem_str,0.4886984777304532,0.1694063625073976,0.1414010402921704,0.8036539148474644
Muskingum County,vap_oth_b,uss_16_rep_por,0.30040746952091746,0.11973882262735644,0.10873600261266916,0.5652334718710855
Muskingum County,vap_oth_b,uss_16_dem_str,0.6995925304790827,0.11973882262735644,0.4347665281289145,0.8912639973873309
Muskingum County,vap_white,uss_18_rep_ren,0.6030066150021213,0.00760450802899472,0.5865117580050649,0.616295393680605
Muskingum County,vap_white,uss_18_dem_bro,0.3969933849978786,0.00760450802899472,0.3837046063193949,0.41348824199493495
Muskingum County,vap_black,uss_18_rep_ren,0.19189188732763365,0.08916900129679219,0.05499188399418697,0.3903557086307321
Muskingum County,vap_black,uss_18_dem_bro,0.8081081126723663,0.08916900129679219,0.6096442913692678,0.9450081160058128
Muskingum County,vap_hisp,uss_18_rep_ren,0.4732834395866121,0.16513487903130067,0.15365381922704907,0.7769182126629637
Muskingum County,vap_hisp,uss_18_dem_bro,0.526716560413388,0.16513487903130067,0.2230817873370364,0.8463461807729509
Muskingum County,vap_asian,uss_18_rep_ren,0.4741926335431484,0.16540894492482014,0.17125600267759503,0.801340516187464
Muskingum County,vap_asian,uss_18_dem_bro,0.5258073664568516,0.16540894492482014,0.19865948381253584,0.8287439973224049
Muskingum County,vap_aian,uss_18_rep_ren,0.4995115414046099,0.16210905996657682,0.1971052205769864,0.8207569501491342
Muskingum County,vap_aian,uss_18_dem_bro,0.50048845859539,0.16210905996657682,0.17924304985086578,0.8028947794230136
Muskingum County,vap_oth_b,uss_18_rep_ren,0.30784779682975527,0.13869998803182174,0.10097170852754352,0.6553584867752156
Muskingum County,vap_oth_b,uss_18_dem_bro,0.6921522031702447,0.13869998803182174,0.3446415132247844,0.8990282914724566
Muskingum County,vap_white,gov_18_rep_dew,0.6966220036393049,0.00677236430605116,0.6828626652280056,0.7089732191106529
Muskingum County,vap_white,gov_18_dem_cor,0.30337799636069496,0.00677236430605116,0.2910267808893472,0.31713733477199424
Muskingum County,vap_black,gov_18_rep_dew,0.10348236618207064,0.05404938274186144,0.03779948393538421,0.2422920369332422
Muskingum County,vap_black,gov_18_dem_cor,0.8965176338179294,0.05404938274186144,0.7577079630667578,0.9622005160646157
Muskingum County,vap_hisp,gov_18_rep_dew,0.4677744720917185,0.15777077838435924,0.16607179444831907,0.7646594290296866
Muskingum County,vap_hisp,gov_18_dem_cor,0.5322255279082815,0.15777077838435924,0.23534057097031325,0.833928205551681
Muskingum County,vap_asian,gov_18_rep_dew,0.4868475831800944,0.1603990253754084,0.1945068361116004,0.7859732341612615
Muskingum County,vap_asian,gov_18_dem_cor,0.5131524168199055,0.1603990253754084,0.21402676583873848,0.8054931638883995
Muskingum County,vap_aian,gov_18_rep_dew,0.5061024107805029,0.18817367159764783,0.17955868865785743,0.8631754529922884
Muskingum County,vap_aian,gov_18_dem_cor,0.4938975892194971,0.18817367159764783,0.13682454700771146,0.8204413113421427
Muskingum County,vap_oth_b,gov_18_rep_dew,0.33566412060252665,0.13391578618659725,0.11729138663008906,0.6139966249512767
Muskingum County,vap_oth_b,gov_18_dem_cor,0.6643358793974734,0.13391578618659725,0.3860033750487232,0.8827086133699109
Muskingum County,vap_white,atg_18_rep_yos,0.6901638132817963,0.00742082151645212,0.674616948478543,0.7032679600837164
Muskingum County,vap_white,atg_18_dem_det,0.3098361867182036,0.00742082151645212,0.29673203991628355,0.32538305152145697
Muskingum County,vap_black,atg_18_rep_yos,0.22974489087096583,0.09659608101296256,0.09001945385216191,0.4655913264611116
Muskingum County,vap_black,atg_18_dem_det,0.7702551091290342,0.09659608101296256,0.5344086735388882,0.909980546147838
Muskingum County,vap_hisp,atg_18_rep_yos,0.4626348957839258,0.16055212456271836,0.17020216002162664,0.7774852246600132
Muskingum County,vap_hisp,atg_18_dem_det,0.5373651042160742,0.16055212456271836,0.2225147753399868,0.8297978399783733
Muskingum County,vap_asian,atg_18_rep_yos,0.5065765314948933,0.1572847221056815,0.2073999246864432,0.8020169861540567
Muskingum County,vap_asian,atg_18_dem_det,0.4934234685051066,0.1572847221056815,0.19798301384594325,0.7926000753135566
Muskingum County,vap_aian,atg_18_rep_yos,0.4886019846161794,0.17100151601458644,0.18351456696648508,0.8302825184811745
Muskingum County,vap_aian,atg_18_dem_det,0.5113980153838207,0.17100151601458644,0.16971748151882562,0.8164854330335148
Muskingum County,vap_oth_b,atg_18_rep_yos,0.33319612396444337,0.13509816853104464,0.10968033385146024,0.6223967208085596
Muskingum County,vap_oth_b,atg_18_dem_det,0.6668038760355567,0.13509816853104464,0.3776032791914403,0.8903196661485397
Muskingum County,vap_white,sos_18_rep_lar,0.695427570773794,0.00740180449521229,0.67900773784674,0.7086748898587951
Muskingum County,vap_white,sos_18_dem_cly,0.3045724292262059,0.00740180449521229,0.2913251101412048,0.32099226215325993
Muskingum County,vap_black,sos_18_rep_lar,0.2235316250880409,0.09092083181532888,0.08808507701569718,0.4424938926741024
Muskingum County,vap_black,sos_18_dem_cly,0.7764683749119591,0.09092083181532888,0.5575061073258976,0.9119149229843028
Muskingum County,vap_hisp,sos_18_rep_lar,0.4618420671377586,0.1667718325354425,0.17862634427314486,0.7919399709849989
Muskingum County,vap_hisp,sos_18_dem_cly,0.5381579328622415,0.1667718325354425,0.2080600290150011,0.8213736557268552
Muskingum County,vap_asian,sos_18_rep_lar,0.4847341226817106,0.16638901426254724,0.1845539893680462,0.818029459980492
Muskingum County,vap_asian,sos_18_dem_cly,0.5152658773182893,0.16638901426254724,0.18197054001950777,0.8154460106319534
Muskingum County,vap_aian,sos_18_rep_lar,0.48175020242746375,0.15583140487510652,0.19153639557709184,0.7703026681646074
Muskingum County,vap_aian,sos_18_dem_cly,0.5182497975725363,0.15583140487510652,0.2296973318353926,0.8084636044229081
Muskingum County,vap_oth_b,sos_18_rep_lar,0.34658081765873894,0.14324932044944724,0.1330787048042811,0.6920371388585325
Muskingum County,vap_oth_b,sos_18_dem_cly,0.6534191823412612,0.14324932044944724,0.30796286114146754,0.8669212951957189
Muskingum County,vap_white,pre_20_rep_tru,0.74381083667549,0.00748092634582945,0.7281152338208969,0.7569938953710936
Muskingum County,vap_white,pre_20_dem_bid,0.25618916332450997,0.00748092634582945,0.24300610462890632,0.271884766179103
Muskingum County,vap_black,pre_20_rep_tru,0.20282603329960633,0.08967542453100455,0.06950282844863451,0.41144536354999933
Muskingum County,vap_black,pre_20_dem_bid,0.7971739667003936,0.08967542453100455,0.5885546364500006,0.9304971715513656
Muskingum County,vap_hisp,pre_20_rep_tru,0.492134739609,0.16203636547198877,0.18208341395345037,0.8007186661039419
Muskingum County,vap_hisp,pre_20_dem_bid,0.507865260391,0.16203636547198877,0.19928133389605787,0.8179165860465497
Muskingum County,vap_asian,pre_20_rep_tru,0.3778531002384818,0.22975237290252373,0.05641651263353018,0.785016361728173
Muskingum County,vap_asian,pre_20_dem_bid,0.6221468997615182,0.22975237290252373,0.2149836382718269,0.9435834873664698
Muskingum County,vap_aian,pre_20_rep_tru,0.4859696500784447,0.17023305682436352,0.13812474737518818,0.8017306710729533
Muskingum County,vap_aian,pre_20_dem_bid,0.5140303499215553,0.17023305682436352,0.19826932892704663,0.8618752526248118
Muskingum County,vap_oth_b,pre_20_rep_tru,0.33753966978235156,0.13766119234544288,0.13111437269139256,0.6642282833456122
Muskingum County,vap_oth_b,pre_20_dem_bid,0.6624603302176485,0.13766119234544288,0.33577171665438776,0.8688856273086075
Noble County,vap_white,pre_16_rep_tru,0.8022794162909638,0.00819703056079191,0.7860912425583054,0.8182716753647997
Noble County,vap_white,pre_16_dem_cli,0.19772058370903617,0.00819703056079191,0.1817283246352001,0.21390875744169455
Noble County,vap_black,pre_16_rep_tru,0.5675052080563832,0.2330305758139452,0.1408900346661942,0.9737930075914506
Noble County,vap_black,pre_16_dem_cli,0.4324947919436168,0.2330305758139452,0.02620699240854951,0.8591099653338057
Noble County,vap_hisp,pre_16_rep_tru,0.49937155664335936,0.17849307670296466,0.170234955524757,0.8392793185489943
Noble County,vap_hisp,pre_16_dem_cli,0.5006284433566407,0.17849307670296466,0.16072068145100576,0.8297650444752431
Noble County,vap_asian,pre_16_rep_tru,0.49133317427107126,0.1992707795250925,0.12739346879808877,0.8686780419947014
Noble County,vap_asian,pre_16_dem_cli,0.5086668257289286,0.1992707795250925,0.13132195800529836,0.8726065312019111
Noble County,vap_aian,pre_16_rep_tru,0.5057846941139731,0.1820719174126988,0.15039273976998732,0.8434382539787489
Noble County,vap_aian,pre_16_dem_cli,0.49421530588602697,0.1820719174126988,0.15656174602125095,0.8496072602300127
Noble County,vap_oth_b,pre_16_rep_tru,0.47199015400092015,0.17510268588425434,0.14883169226864978,0.8078858851380302
Noble County,vap_oth_b,pre_16_dem_cli,0.5280098459990799,0.17510268588425434,0.19211411486196983,0.8511683077313502
Noble County,vap_white,uss_16_rep_por,0.7785917463742734,0.00842259957949256,0.7619837011406715,0.795015978770942
Noble County,vap_white,uss_16_dem_str,0.22140825362572653,0.00842259957949256,0.204984021229058,0.2380162988593285
Noble County,vap_black,uss_16_rep_por,0.5669824608135721,0.22854365129489343,0.13393948565470398,0.9667955653454724
Noble County,vap_black,uss_16_dem_str,0.4330175391864279,0.22854365129489343,0.03320443465452759,0.8660605143452959
Noble County,vap_hisp,uss_16_rep_por,0.4989221781258235,0.18335017394222583,0.15626048583192198,0.8399122990401211
Noble County,vap_hisp,uss_16_dem_str,0.5010778218741765,0.18335017394222583,0.1600877009598788,0.8437395141680781
Noble County,vap_asian,uss_16_rep_por,0.4914850502641429,0.20151598013563127,0.11406467473595668,0.8617814984087634
Noble County,vap_asian,uss_16_dem_str,0.508514949735857,0.20151598013563127,0.13821850159123644,0.8859353252640432
Noble County,vap_aian,uss_16_rep_por,0.5042585117889302,0.18054422984530344,0.16207141205820114,0.8440628710855654
Noble County,vap_aian,uss_16_dem_str,0.49574148821106984,0.18054422984530344,0.15593712891443465,0.8379285879417989
Noble County,vap_oth_b,uss_16_rep_por,0.5036515504886533,0.1803913580330793,0.16253754057633232,0.8437255723986294
Noble County,vap_oth_b,uss_16_dem_str,0.4963484495113467,0.1803913580330793,0.1562744276013705,0.8374624594236677
Noble County,vap_white,uss_18_rep_ren,0.6385451002095998,0.0098103967985195,0.6194781713007903,0.657764179552152
Noble County,vap_white,uss_18_dem_bro,0.3614548997904002,0.0098103967985195,0.34223582044784784,0.3805218286992096
Noble County,vap_black,uss_18_rep_ren,0.5163986411295831,0.26000313348612475,0.04437106794715872,0.9712042897822372
Noble County,vap_black,uss_18_dem_bro,0.4836013588704168,0.26000313348612475,0.02879571021776261,0.9556289320528412
Noble County,vap_hisp,uss_18_rep_ren,0.5096865006110259,0.18075097979313204,0.16098247120073816,0.8362074183611813
Noble County,vap_hisp,uss_18_dem_bro,0.49031349938897406,0.18075097979313204,0.16379258163881855,0.8390175287992618
Noble County,vap_asian,uss_18_rep_ren,0.5084101104991489,0.1913845012724117,0.16143283489371937,0.8636800495135034
Noble County,vap_asian,uss_18_dem_bro,0.49158988950085103,0.1913845012724117,0.1363199504864965,0.8385671651062806
Noble County,vap_aian,uss_18_rep_ren,0.5018272247361956,0.1881452204011434,0.1424456438736446,0.8515992202263807
Noble County,vap_aian,uss_18_dem_bro,0.4981727752638045,0.1881452204011434,0.1484007797736192,0.8575543561263553
Noble County,vap_oth_b,uss_18_rep_ren,0.4809422481215577,0.17362483925240316,0.15679009500275598,0.8140361213776164
Noble County,vap_oth_b,uss_18_dem_bro,0.5190577518784423,0.17362483925240316,0.1859638786223836,0.843209904997244
Noble County,vap_white,gov_18_rep_dew,0.7088979659085192,0.009561533923741,0.6899893042322559,0.7274656204780419
Noble County,vap_white,gov_18_dem_cor,0.2911020340914808,0.009561533923741,0.272534379521958,0.310010695767744
Noble County,vap_black,gov_18_rep_dew,0.5209341905630555,0.2554578582874292,0.04651240147317068,0.9659326528974322
Noble County,vap_black,gov_18_dem_cor,0.47906580943694455,0.2554578582874292,0.03406734710256751,0.9534875985268292
Noble County,vap_hisp,gov_18_rep_dew,0.5059943710930414,0.17426509905452472,0.18136320866493447,0.8346995133572107
Noble County,vap_hisp,gov_18_dem_cor,0.49400562890695865,0.17426509905452472,0.16530048664278943,0.8186367913350655
Noble County,vap_asian,gov_18_rep_dew,0.49384609353721887,0.19320930595069769,0.13805645098910144,0.8521226679138458
Noble County,vap_asian,gov_18_dem_cor,0.506153906462781,0.19320930595069769,0.14787733208615397,0.8619435490108984
Noble County,vap_aian,gov_18_rep_dew,0.471827224609543,0.18203933212751633,0.12782168245288555,0.8180687894034425
Noble County,vap_aian,gov_18_dem_cor,0.5281727753904569,0.18203933212751633,0.18193121059655748,0.8721783175471144
Noble County,vap_oth_b,gov_18_rep_dew,0.4589008759232692,0.17640755772268082,0.12724520598861447,0.7923134377248225
Noble County,vap_oth_b,gov_18_dem_cor,0.5410991240767308,0.17640755772268082,0.20768656227517737,0.8727547940113853
Noble County,vap_white,atg_18_rep_yos,0.7178563142234984,0.00926386350655529,0.6998042805928655,0.7357600528619886
Noble County,vap_white,atg_18_dem_det,0.28214368577650156,0.00926386350655529,0.2642399471380114,0.30019571940713446
Noble County,vap_black,atg_18_rep_yos,0.5701081899121518,0.24669085130105148,0.08524612390042217,0.9780664005170788
Noble County,vap_black,atg_18_dem_det,0.4298918100878481,0.24669085130105148,0.0219335994829211,0.9147538760995776
Noble County,vap_hisp,atg_18_rep_yos,0.5114772751575415,0.17883696651488165,0.17012544888755807,0.8398374941393005
Noble County,vap_hisp,atg_18_dem_det,0.4885227248424585,0.17883696651488165,0.1601625058606996,0.8298745511124418
Noble County,vap_asian,atg_18_rep_yos,0.5025531260488043,0.19782936160120787,0.1301733015392498,0.8683655438867526
Noble County,vap_asian,atg_18_dem_det,0.4974468739511956,0.19782936160120787,0.13163445611324717,0.8698266984607501
Noble County,vap_aian,atg_18_rep_yos,0.5086144230600823,0.17839118496687503,0.1625744678987241,0.844110796121395
Noble County,vap_aian,atg_18_dem_det,0.4913855769399177,0.17839118496687503,0.15588920387860508,0.8374255321012759
Noble County,vap_oth_b,atg_18_rep_yos,0.4959428610028965,0.17040329596887144,0.18240823598787648,0.8297558673008626
Noble County,vap_oth_b,atg_18_dem_det,0.5040571389971035,0.17040329596887144,0.17024413269913732,0.8175917640121235
Noble County,vap_white,sos_18_rep_lar,0.7060503375269384,0.00980151738173353,0.6866836518118851,0.7253798178324864
Noble County,vap_white,sos_18_dem_cly,0.29394966247306165,0.00980151738173353,0.2746201821675136,0.31331634818811505
Noble County,vap_black,sos_18_rep_lar,0.543116967318478,0.25559804423505156,0.04822153868605009,0.9727253695479304
Noble County,vap_black,sos_18_dem_cly,0.4568830326815219,0.25559804423505156,0.02727463045206939,0.9517784613139496
Noble County,vap_hisp,sos_18_rep_lar,0.511733862267676,0.18653236609733376,0.16111343882174514,0.8502451697542343
Noble County,vap_hisp,sos_18_dem_cly,0.488266137732324,0.18653236609733376,0.1497548302457657,0.8388865611782549
Noble County,vap_asian,sos_18_rep_lar,0.4876748938377269,0.19658173907772283,0.12601292011257245,0.8554659876641766
Noble County,vap_asian,sos_18_dem_cly,0.5123251061622731,0.19658173907772283,0.14453401233582322,0.8739870798874275
Noble County,vap_aian,sos_18_rep_lar,0.4933375264144592,0.18622191524657625,0.13292696957898073,0.8331919407833835
Noble County,vap_aian,sos_18_dem_cly,0.5066624735855408,0.18622191524657625,0.16680805921661643,0.8670730304210191
Noble County,vap_oth_b,sos_18_rep_lar,0.4756854594954793,0.1803505801498821,0.13674371647760553,0.81709222233748
Noble County,vap_oth_b,sos_18_dem_cly,0.5243145405045206,0.1803505801498821,0.1829077776625201,0.8632562835223944
Noble County,vap_white,pre_20_rep_tru,0.8318964771042268,0.00726755899339157,0.8174729830178452,0.8459140773141183
Noble County,vap_white,pre_20_dem_bid,0.16810352289577316,0.00726755899339157,0.15408592268588173,0.18252701698215476
Noble County,vap_black,pre_20_rep_tru,0.569050521836314,0.22241099579980017,0.1651216821543486,0.9663628914923742
Noble County,vap_black,pre_20_dem_bid,0.430949478163686,0.22241099579980017,0.03363710850762571,0.8348783178456513
Noble County,vap_hisp,pre_20_rep_tru,0.49185478830548474,0.17723005957934734,0.1630379016289867,0.8229419238646425
Noble County,vap_hisp,pre_20_dem_bid,0.5081452116945153,0.17723005957934734,0.17705807613535754,0.8369620983710132
Noble County,vap_asian,pre_20_rep_tru,0.494637626749715,0.19103450187930937,0.14078225842162817,0.8555515502584453
Noble County,vap_asian,pre_20_dem_bid,0.5053623732502849,0.19103450187930937,0.14444844974155455,0.8592177415783716
Noble County,vap_aian,pre_20_rep_tru,0.4977274428653517,0.1772422852965569,0.17351853244229004,0.83102684496192325
Noble County,vap_aian,pre_20_dem_bid,0.5022725571346484,0.1772422852965569,0.16897315503807686,0.8264814675577099
Noble County,vap_oth_b,pre_20_rep_tru,0.4786767684081816,0.16867919242199556,0.1692985407526126,0.8097953349069829
Noble County,vap_oth_b,pre_20_dem_bid,0.5213232315918185,0.16867919242199556,0.1902046650930171,0.8307014592473874
Ottawa County,vap_white,pre_16_rep_tru,0.6164712988909152,0.00962372385778969,0.5975609288566607,0.6347479224476368
Ottawa County,vap_white,pre_16_dem_cli,0.3835287011090848,0.00962372385778969,0.3652520775523632,0.4024390711433394
Ottawa County,vap_black,pre_16_rep_tru,0.4689467065335991,0.16670031552127756,0.1520090098456508,0.7787576166699465
Ottawa County,vap_black,pre_16_dem_cli,0.5310532934664008,0.16670031552127756,0.22124238333005333,0.8479909901543491
Ottawa County,vap_hisp,pre_16_rep_tru,0.4649108542121072,0.16247826828380607,0.16803211395864076,0.7833184291176858
Ottawa County,vap_hisp,pre_16_dem_cli,0.5350891457878929,0.16247826828380607,0.21668157088231416,0.8319678860413592
Ottawa County,vap_asian,pre_16_rep_tru,0.4942276907204808,0.1742319633277766,0.16209441647195805,0.8075645156154392
Ottawa County,vap_asian,pre_16_dem_cli,0.5057723092795193,0.1742319633277766,0.1924354843845608,0.8379055835280419
Ottawa County,vap_aian,pre_16_rep_tru,0.4987330473118983,0.16649524623271963,0.17394267134536956,0.8115957888063765
Ottawa County,vap_aian,pre_16_dem_cli,0.5012669526881016,0.16649524623271963,0.18840421119362352,0.8260573286546303
Ottawa County,vap_oth_b,pre_16_rep_tru,0.4683303342319549,0.16969403248152196,0.1625920085260777,0.7974000198842257
Ottawa County,vap_oth_b,pre_16_dem_cli,0.5316696657680451,0.16969403248152196,0.20259998011577424,0.8374079914739222
Ottawa County,vap_white,uss_16_rep_por,0.700889765713642,0.00914458805075727,0.6824432461305301,0.7181366231688275
Ottawa County,vap_white,uss_16_dem_str,0.299110234286358,0.00914458805075727,0.2818633768311724,0.3175567538694699
Ottawa County,vap_black,uss_16_rep_por,0.489216053876258,0.17809009936193695,0.1599306876767097,0.8149049627662011
Ottawa County,vap_black,uss_16_dem_str,0.510783946123742,0.17809009936193695,0.18509503723379872,0.8400693123232903
Ottawa County,vap_hisp,uss_16_rep_por,0.4200946910126081,0.15897696055571495,0.1407491875221916,0.741889082877161
Ottawa County,vap_hisp,uss_16_dem_str,0.579905308987392,0.15897696055571495,0.25811091712283907,0.8592508124778084
Ottawa County,vap_asian,uss_16_rep_por,0.48093597305326696,0.16577500889802205,0.17795650268190905,0.79517154155543
Ottawa County,vap_asian,uss_16_dem_str,0.519064026946733,0.16577500889802205,0.20482845844456996,0.822043497318091
Ottawa County,vap_aian,uss_16_rep_por,0.5042750331649838,0.1745986903739126,0.1637082903931298,0.8392260889010181
Ottawa County,vap_aian,uss_16_dem_str,0.49572496683501616,0.1745986903739126,0.1607739110989817,0.8362917096068702
Ottawa County,vap_oth_b,uss_16_rep_por,0.4944531218487555,0.168868656860082,0.18149634263565576,0.8234583223269439
Ottawa County,vap_oth_b,uss_16_dem_str,0.5055468781512445,0.168868656860082,0.176541677673056,0.8185036573643442
Ottawa County,vap_white,uss_18_rep_ren,0.4824520696973775,0.009787991327578,0.46305903802129944,0.5010651127348359
Ottawa County,vap_white,uss_18_dem_bro,0.5175479303026225,0.009787991327578,0.498934887265164,0.5369409619787006
Ottawa County,vap_black,uss_18_rep_ren,0.4843807174791101,0.18159259002350128,0.15281541214273373,0.8168581730790623
Ottawa County,vap_black,uss_18_dem_bro,0.51561928252089,0.18159259002350128,0.18314182692093764,0.847184587857266
Ottawa County,vap_hisp,uss_18_rep_ren,0.4142557852555311,0.18252030921619689,0.08138420921005665,0.7678186576897797
Ottawa County,vap_hisp,uss_18_dem_bro,0.585744214744469,0.18252030921619689,0.23218134231021992,0.9186157907899434
Ottawa County,vap_asian,uss_18_rep_ren,0.5205791210513445,0.16954719554477882,0.18689878141683297,0.8284762736500864
Ottawa County,vap_asian,uss_18_dem_bro,0.4794208789486556,0.16954719554477882,0.1715237263499136,0.8131012185831669
Ottawa County,vap_aian,uss_18_rep_ren,0.5009810358401542,0.18560988525427277,0.13117064657471728,0.8445300402778888
Ottawa County,vap_aian,uss_18_dem_bro,0.4990189641598458,0.18560988525427277,0.15546995972211122,0.8688293534252826
Ottawa County,vap_oth_b,uss_18_rep_ren,0.5118083828851311,0.16461220554796022,0.205256366869444,0.8311929747266759
Ottawa County,vap_oth_b,uss_18_dem_bro,0.4881916171148689,0.16461220554796022,0.16880702527332425,0.7947436331305561
Ottawa County,vap_white,gov_18_rep_dew,0.5710929690448916,0.00952980704119131,0.5522735712054911,0.5896930799874329
Ottawa County,vap_white,gov_18_dem_cor,0.4289070309551084,0.00952980704119131,0.41030692001256697,0.44772642879450886
Ottawa County,vap_black,gov_18_rep_dew,0.4539986106370476,0.1843856895683561,0.10214931058543612,0.820913579456638
Ottawa County,vap_black,gov_18_dem_cor,0.5460013893629524,0.1843856895683561,0.17908642054336188,0.8978506894145637
Ottawa County,vap_hisp,gov_18_rep_dew,0.42555549827463246,0.16871921215473357,0.11575389545830964,0.7599371001011629
Ottawa County,vap_hisp,gov_18_dem_cor,0.5744445017253675,0.16871921215473357,0.24006289989883697,0.8842461045416905
Ottawa County,vap_asian,gov_18_rep_dew,0.5121583142381855,0.18171494947876363,0.16575572722913115,0.8569840483792761
Ottawa County,vap_asian,gov_18_dem_cor,0.48784168576181464,0.18171494947876363,0.1430159516207239,0.834244272770869
Ottawa County,vap_aian,gov_18_rep_dew,0.49110329856312346,0.17178576660453626,0.17329255534152077,0.8207999803321224
Ottawa County,vap_aian,gov_18_dem_cor,0.5088967014368766,0.17178576660453626,0.17920001966787746,0.8267074446584791
Ottawa County,vap_oth_b,gov_18_rep_dew,0.4803367715690897,0.16166656740116472,0.18331506440872208,0.7930336134266134
Ottawa County,vap_oth_b,gov_18_dem_cor,0.5196632284309103,0.16166656740116472,0.20696638657338673,0.816684935591278
Ottawa County,vap_white,atg_18_rep_yos,0.577121495125987,0.00980683618128072,0.5569866514418779,0.5956578806476795
Ottawa County,vap_white,atg_18_dem_det,0.42287850487401296,0.00980683618128072,0.4043421193523205,0.4430133485581222
Ottawa County,vap_black,atg_18_rep_yos,0.4703610164528461,0.16077657180248325,0.16955370585122467,0.776947261083233
Ottawa County,vap_black,atg_18_dem_det,0.5296389835471539,0.16077657180248325,0.22305273891676689,0.8304462941487754
Ottawa County,vap_hisp,atg_18_rep_yos,0.4518438659077346,0.1750227862174167,0.150331275755747,0.8041192717916235
Ottawa County,vap_hisp,atg_18_dem_det,0.5481561340922655,0.1750227862174167,0.1958807282083765,0.849668724244253
Ottawa County,vap_asian,atg_18_rep_yos,0.5452349789123957,0.19499715030541329,0.1956662312106843,0.90497471829751
Ottawa County,vap_asian,atg_18_dem_det,0.4547650210876043,0.19499715030541329,0.09502528170249006,0.8043337687893156
Ottawa County,vap_aian,atg_18_rep_yos,0.5208239285891172,0.16974036453486038,0.18331710707389953,0.8237950702909844
Ottawa County,vap_aian,atg_18_dem_det,0.47917607141088286,0.16974036453486038,0.17620492970901563,0.8166828929261004
Ottawa County,vap_oth_b,atg_18_rep_yos,0.47749501376930376,0.1685622319753088,0.16624220365624606,0.8098993111228667
Ottawa County,vap_oth_b,atg_18_dem_det,0.5225049862306963,0.1685622319753088,0.19010068887713305,0.8337577963437539
Ottawa County,vap_white,sos_18_rep_lar,0.5781054015102831,0.00899303435107933,0.5606208065299764,0.595498097209733
Ottawa County,vap_white,sos_18_dem_cly,0.4218945984897169,0.00899303435107933,0.40450190279026704,0.4393791934700237
Ottawa County,vap_black,sos_18_rep_lar,0.47102838399238894,0.17012946970409806,0.15794189268679962,0.792857067450923
Ottawa County,vap_black,sos_18_dem_cly,0.5289716160076111,0.17012946970409806,0.20714293254907684,0.8420581073132004
Ottawa County,vap_hisp,sos_18_rep_lar,0.4373398621074635,0.1462806384713706,0.18363822900314355,0.7248998367223721
Ottawa County,vap_hisp,sos_18_dem_cly,0.5626601378925365,0.1462806384713706,0.27510016327762776,0.8163617709968565
Ottawa County,vap_asian,sos_18_rep_lar,0.4854288654490746,0.17108364686552838,0.1575301822614276,0.8034702642633149
Ottawa County,vap_asian,sos_18_dem_cly,0.5145711345509255,0.17108364686552838,0.19652973573668503,0.8424698177385723
Ottawa County,vap_aian,sos_18_rep_lar,0.513216626138058,0.17607122316103352,0.16197336157243591,0.8336705774433553
Ottawa County,vap_aian,sos_18_dem_cly,0.486783373861942,0.17607122316103352,0.16632942255664476,0.8380266384275639
Ottawa County,vap_oth_b,sos_18_rep_lar,0.4812756485806719,0.17210789167643922,0.14366975867234896,0.7900897325637102
Ottawa County,vap_oth_b,sos_18_dem_cly,0.5187243514193282,0.17210789167643922,0.2099102674362898,0.8563302413276509
Ottawa County,vap_white,pre_20_rep_tru,0.6325808465457856,0.00932582869163954,0.6141567379546494,0.6506291268574828
Ottawa County,vap_white,pre_20_dem_bid,0.36741915345421433,0.00932582869163954,0.3493708731425172,0.3858432620453506
Ottawa County,vap_black,pre_20_rep_tru,0.48628898486179534,0.1744313756813933,0.1536591399528406,0.8259409316652425
Ottawa County,vap_black,pre_20_dem_bid,0.5137110151382046,0.1744313756813933,0.17405906833475757,0.8463408600471594
Ottawa County,vap_hisp,pre_20_rep_tru,0.4514888490990375,0.16202402171895386,0.15672984389854194,0.7728088705397897
Ottawa County,vap_hisp,pre_20_dem_bid,0.5485111509009626,0.16202402171895386,0.22719112946021036,0.8432701561014582
Ottawa County,vap_asian,pre_20_rep_tru,0.5072071902415961,0.17635610448144567,0.1794512396253685,0.8415846855143649
Ottawa County,vap_asian,pre_20_dem_bid,0.4927928097584039,0.17635610448144567,0.15841531448563506,0.8205487603746316
Ottawa County,vap_aian,pre_20_rep_tru,0.5079747648045658,0.16530203739300545,0.19982865366495656,0.8289447691628236
Ottawa County,vap_aian,pre_20_dem_bid,0.49202523519543423,0.16530203739300545,0.17105523083717647,0.8001713463350435
Ottawa County,vap_oth_b,pre_20_rep_tru,0.4556111150309463,0.17000246817988962,0.1518734738199145,0.78663951580146
Ottawa County,vap_oth_b,pre_20_dem_bid,0.5443888849690537,0.17000246817988962,0.21336048419853984,0.8481265261800854
Paulding County,vap_white,pre_16_rep_tru,0.7858029880117313,0.01091495341503511,0.7649387300320261,0.8072538489683139
Paulding County,vap_white,pre_16_dem_cli,0.21419701198826868,0.01091495341503511,0.1927461510316861,0.235061269967974
Paulding County,vap_black,pre_16_rep_tru,0.4891865948483293,0.17838405863183027,0.15438268776209138,0.8279858070621552
Paulding County,vap_black,pre_16_dem_cli,0.5108134051516706,0.17838405863183027,0.17201419293784448,0.8456173122379085
Paulding County,vap_hisp,pre_16_rep_tru,0.4798306774318849,0.17749259687499294,0.1472660533729102,0.823456161292607
Paulding County,vap_hisp,pre_16_dem_cli,0.5201693225681151,0.17749259687499294,0.17654383870739274,0.8527339466270899
Paulding County,vap_asian,pre_16_rep_tru,0.5124295497254603,0.19338002146955252,0.13925419502263622,0.8670840524388204
Paulding County,vap_asian,pre_16_dem_cli,0.48757045027453977,0.19338002146955252,0.13291594756117942,0.860745804977364
Paulding County,vap_aian,pre_16_rep_tru,0.48951205900938904,0.18104713139408363,0.15337356748736125,0.8290751064186501
Paulding County,vap_aian,pre_16_dem_cli,0.510487940990611,0.18104713139408363,0.17092489358134952,0.8466264325126388
Paulding County,vap_oth_b,pre_16_rep_tru,0.4661921613828664,0.16866955983161927,0.1541228003077415,0.7870093149204247
Paulding County,vap_oth_b,pre_16_dem_cli,0.5338078386171337,0.16866955983161927,0.21299068507957525,0.8458771996922585
Paulding County,vap_white,uss_16_rep_por,0.7140177925183055,0.01081363027801234,0.6931215768619766,0.7346276206723801
Paulding County,vap_white,uss_16_dem_str,0.28598220748169445,0.01081363027801234,0.26537237932761987,0.3068784231380234
Paulding County,vap_black,uss_16_rep_por,0.49130769765767657,0.1801044851060773,0.15485460543307458,0.836643273231171
Paulding County,vap_black,uss_16_dem_str,0.5086923023423234,0.1801044851060773,0.16335672676882884,0.8451453945669254
Paulding County,vap_hisp,uss_16_rep_por,0.48687500841331577,0.16935873397089293,0.16761670568450435,0.8038519973824156
Paulding County,vap_hisp,uss_16_dem_str,0.5131249915866843,0.16935873397089293,0.19614800261758453,0.8323832943154957
Paulding County,vap_asian,uss_16_rep_por,0.5005384185850784,0.1953348377528742,0.12111506645674036,0.865640952547417
Paulding County,vap_asian,uss_16_dem_str,0.4994615814149216,0.1953348377528742,0.1343590474525829,0.8788849335432595
Paulding County,vap_aian,uss_16_rep_por,0.49930909399582135,0.1825104523476001,0.1649132735463966,0.8451539232101392
Paulding County,vap_aian,uss_16_dem_str,0.5006909060041786,0.1825104523476001,0.15484607678986065,0.8350867264536035
Paulding County,vap_oth_b,uss_16_rep_por,0.5028024413912939,0.17213167870394427,0.18231946290602016,0.8311848931275737
Paulding County,vap_oth_b,uss_16_dem_str,0.4971975586087061,0.17213167870394427,0.1688151068724264,0.8176805370939798
Paulding County,vap_white,uss_18_rep_ren,0.6979900484707533,0.0112535301762765,0.6759569114078668,0.71971729763533
Paulding County,vap_white,uss_18_dem_bro,0.3020099515292467,0.0112535301762765,0.28028270236466996,0.32404308859213304
Paulding County,vap_black,uss_18_rep_ren,0.5024984051174473,0.18515427236873175,0.15938900664913946,0.8575694213688703
Paulding County,vap_black,uss_18_dem_bro,0.49750159488255274,0.18515427236873175,0.14243057863112962,0.8406109933508604
Paulding County,vap_hisp,uss_18_rep_ren,0.4476601515295331,0.1747037451749477,0.13516639451140353,0.798047319751692
Paulding County,vap_hisp,uss_18_dem_bro,0.5523398484704669,0.1747037451749477,0.20195268024830795,0.8648336054885966
Paulding County,vap_asian,uss_18_rep_ren,0.5045514924985148,0.19172131129023656,0.13720986831600934,0.8561900455810886
Paulding County,vap_asian,uss_18_dem_bro,0.4954485075014851,0.19172131129023656,0.14380995441891095,0.8627901316839907
Paulding County,vap_aian,uss_18_rep_ren,0.5181887831786622,0.1807708152952295,0.1510634629294098,0.8551289270475954
Paulding County,vap_aian,uss_18_dem_bro,0.4818112168213378,0.1807708152952295,0.1448710729524046,0.8489365370705901
Paulding County,vap_oth_b,uss_18_rep_ren,0.47446786327257506,0.1702391147375495,0.1591215339667134,0.7936070917939777
Paulding County,vap_oth_b,uss_18_dem_bro,0.5255321367274249,0.1702391147375495,0.20639290820602235,0.8408784660332865
Paulding County,vap_white,gov_18_rep_dew,0.7286531558850764,0.01168970067474966,0.7054689479961389,0.7509516858817545
Paulding County,vap_white,gov_18_dem_cor,0.27134684411492366,0.01168970067474966,0.24904831411824557,0.2945310520038611
Paulding County,vap_black,gov_18_rep_dew,0.500162526356037,0.17771206575899168,0.16509759634466237,0.8329504574394923
Paulding County,vap_black,gov_18_dem_cor,0.499837473643963,0.17771206575899168,0.1670495425605077,0.8349024036553374
Paulding County,vap_hisp,gov_18_rep_dew,0.4745887974871385,0.16974395726024072,0.1607420718557068,0.8085631777204059
Paulding County,vap_hisp,gov_18_dem_cor,0.5254112025128616,0.16974395726024072,0.19143682227959397,0.8392579281442931
Paulding County,vap_asian,gov_18_rep_dew,0.5089433429258928,0.1878224669862171,0.14656237040806175,0.8592606707041746
Paulding County,vap_asian,gov_18_dem_cor,0.4910566570741072,0.1878224669862171,0.14073932929582533,0.8534376295919383
Paulding County,vap_aian,gov_18_rep_dew,0.4978350943523605,0.17686041725019946,0.17535282355230278,0.8321811410808613
Paulding County,vap_aian,gov_18_dem_cor,0.5021649056476395,0.17686041725019946,0.16781885891913886,0.82464717644769725
Paulding County,vap_oth_b,gov_18_rep_dew,0.4972095200474186,0.1822496167014963,0.14691262993492207,0.8348497205682589
Paulding County,vap_oth_b,gov_18_dem_cor,0.5027904799525814,0.1822496167014963,0.16515027943174107,0.8530873700650777
Paulding County,vap_white,atg_18_rep_yos,0.7444444365272194,0.0118619058690851,0.7217071887986092,0.7677426198370519
Paulding County,vap_white,atg_18_dem_det,0.2555555634727807,0.0118619058690851,0.23225738016294795,0.27829281120139077
Paulding County,vap_black,atg_18_rep_yos,0.4857957625109105,0.17303256783766055,0.15711290961632282,0.8152080218478821
Paulding County,vap_black,atg_18_dem_det,0.5142042374890895,0.17303256783766055,0.1847919781521177,0.8428870903836769
Paulding County,vap_hisp,atg_18_rep_yos,0.4545400947726756,0.1804115229333231,0.12221854401996345,0.8028440323596966
Paulding County,vap_hisp,atg_18_dem_det,0.5454599052273245,0.1804115229333231,0.1971559676403035,0.8777814559800365
Paulding County,vap_asian,atg_18_rep_yos,0.4829746465066379,0.1899632430832888,0.13257856006662766,0.8449325411217911
Paulding County,vap_asian,atg_18_dem_det,0.517025353493362,0.1899632430832888,0.15506745887820886,0.8674214399333722
Paulding County,vap_aian,atg_18_rep_yos,0.4978127563394594,0.1803714876427091,0.15481776674111727,0.8431549159741099
Paulding County,vap_aian,atg_18_dem_det,0.5021872436605407,0.1803714876427091,0.15684508402588998,0.8451822332588825
Paulding County,vap_oth_b,atg_18_rep_yos,0.47312809215498747,0.16948932162513514,0.1638843761225118,0.8009662066463902
Paulding County,vap_oth_b,atg_18_dem_det,0.5268719078450126,0.16948932162513514,0.1990337933536098,0.8361156238774882
Paulding County,vap_white,sos_18_rep_lar,0.7266473602002533,0.01177185235627123,0.7031109032370639,0.7494213405294359
Paulding County,vap_white,sos_18_dem_cly,0.2733526397997467,0.01177185235627123,0.2505786594705642,0.29688909676293607
Paulding County,vap_black,sos_18_rep_lar,0.49181104845753726,0.17767964094608027,0.16201247093289567,0.833358963902901
Paulding County,vap_black,sos_18_dem_cly,0.5081889515424627,0.17767964094608027,0.16664103609709893,0.8379875290671043
Paulding County,vap_hisp,sos_18_rep_lar,0.4781666532981471,0.17667649982837363,0.15753950739727282,0.8306953441768267
Paulding County,vap_hisp,sos_18_dem_cly,0.521833346701853,0.17667649982837363,0.16930465582317344,0.8424604926027272
Paulding County,vap_asian,sos_18_rep_lar,0.4872680331041149,0.19107265000830528,0.12909406197799905,0.8467171011700885
Paulding County,vap_asian,sos_18_dem_cly,0.5127319668958851,0.19107265000830528,0.15328289882991125,0.8709059380220009
Paulding County,vap_aian,sos_18_rep_lar,0.49805536877174506,0.1834852916560591,0.14917961709572958,0.8460986361061734
Paulding County,vap_aian,sos_18_dem_cly,0.501944631228255,0.1834852916560591,0.15390136389382647,0.8508203829042704
Paulding County,vap_oth_b,sos_18_rep_lar,0.4838028154717649,0.17027442741372992,0.1710560188975005,0.817975336722223
Paulding County,vap_oth_b,sos_18_dem_cly,0.5161971845282352,0.17027442741372992,0.18202466327777708,0.8289439811024994
Paulding County,vap_white,pre_20_rep_tru,0.7933270665035568,0.01083652125511563,0.7712858947747221,0.8137229544411916
Paulding County,vap_white,pre_20_dem_bid,0.20667293349644325,0.01083652125511563,0.18627704555880836,0.22871410522527777
Paulding County,vap_black,pre_20_rep_tru,0.4720685312206293,0.17799464543138982,0.1444509901457505,0.81256075155557
Paulding County,vap_black,pre_20_dem_bid,0.5279314687793706,0.17799464543138982,0.18743924844443,0.8555490098542494
Paulding County,vap_hisp,pre_20_rep_tru,0.44933822509746074,0.16858954824510963,0.14786303550969093,0.7869750440099955
Paulding County,vap_hisp,pre_20_dem_bid,0.5506617749025393,0.16858954824510963,0.21302495599000448,0.8521369644903091
Paulding County,vap_asian,pre_20_rep_tru,0.5062150813097892,0.19417989520164244,0.14445194646289206,0.8677012575511506
Paulding County,vap_asian,pre_20_dem_bid,0.4937849186902108,0.19417989520164244,0.1322987424488495,0.8555480535371079
Paulding County,vap_aian,pre_20_rep_tru,0.5012948199506659,0.18346171587719276,0.1494874578113172,0.8451865399132392
Paulding County,vap_aian,pre_20_dem_bid,0.4987051800493341,0.18346171587719276,0.15481346008676075,0.8505125421886828
Paulding County,vap_oth_b,pre_20_rep_tru,0.4692861107254672,0.17292229568048123,0.15246416159193552,0.8044719582155175
Paulding County,vap_oth_b,pre_20_dem_bid,0.5307138892745328,0.17292229568048123,0.19552804178448235,0.8475358384080645
Perry County,vap_white,pre_16_rep_tru,0.7188202875640733,0.0071222224345943,0.7045935749121085,0.7320973675319915
Perry County,vap_white,pre_16_dem_cli,0.28117971243592677,0.0071222224345943,0.26790263246800855,0.29540642508789156
Perry County,vap_black,pre_16_rep_tru,0.4828771930362893,0.17019972497666777,0.1657252371276132,0.8005729303550099
Perry County,vap_black,pre_16_dem_cli,0.5171228069637107,0.17019972497666777,0.19942706964499016,0.8342747628723868
Perry County,vap_hisp,pre_16_rep_tru,0.5030255740093419,0.1743299785800966,0.14605456309193826,0.8060529717412337
Perry County,vap_hisp,pre_16_dem_cli,0.4969744259906581,0.1743299785800966,0.19394702825876617,0.8539454369080617
Perry County,vap_asian,pre_16_rep_tru,0.5004917763242807,0.16819552638395072,0.1981656291093141,0.8294968977364281
Perry County,vap_asian,pre_16_dem_cli,0.4995082236757194,0.16819552638395072,0.17050310226357182,0.8018343708906859
Perry County,vap_aian,pre_16_rep_tru,0.4992914862707278,0.15936725047630704,0.1971838391167013,0.8046846485627419
Perry County,vap_aian,pre_16_dem_cli,0.5007085137292723,0.15936725047630704,0.19531535143725795,0.8028161608832987
Perry County,vap_oth_b,pre_16_rep_tru,0.439712056759518,0.16414136834054277,0.14778143668431976,0.7628829352909516
Perry County,vap_oth_b,pre_16_dem_cli,0.5602879432404821,0.16414136834054277,0.2371170647090481,0.8522185633156802
Perry County,vap_white,uss_16_rep_por,0.718329072019794,0.00707832181907044,0.7041141139129132,0.7315202378527285
Perry County,vap_white,uss_16_dem_str,0.281670927980206,0.00707832181907044,0.2684797621472717,0.2958858860870868
Perry County,vap_black,uss_16_rep_por,0.49094653533080407,0.17530346554643178,0.15596630479643628,0.8252947424106979
Perry County,vap_black,uss_16_dem_str,0.5090534646691959,0.17530346554643178,0.17470525758930175,0.8440336952035635
Perry County,vap_hisp,uss_16_rep_por,0.4844330624165932,0.1705019094184199,0.18457083556818593,0.8159226642135184
Perry County,vap_hisp,uss_16_dem_str,0.5155669375834068,0.1705019094184199,0.18407733578648136,0.8154291644318139
Perry County,vap_asian,uss_16_rep_por,0.5143784000908754,0.1819790673407758,0.16861551595267632,0.8404840387919177
Perry County,vap_asian,uss_16_dem_str,0.4856215999091246,0.1819790673407758,0.15951596120808192,0.8313844840473237
Perry County,vap_aian,uss_16_rep_por,0.4996768551173547,0.16439482124833907,0.17822572064806136,0.8022929511371084
Perry County,vap_aian,uss_16_dem_str,0.5003231448826453,0.16439482124833907,0.1977070488628916,0.8217742793519385
Perry County,vap_oth_b,uss_16_rep_por,0.4651911600524972,0.16238205658125618,0.18283611817554196,0.8110568321739695
Perry County,vap_oth_b,uss_16_dem_str,0.5348088399475028,0.16238205658125618,0.18894316782603043,0.8171638818244582
Perry County,vap_white,uss_18_rep_ren,0.5982666439261543,0.00843050676083473,0.5821199426037688,0.614560838874176
Perry County,vap_white,uss_18_dem_bro,0.4017333560738458,0.00843050676083473,0.3854391611258241,0.4178800573962312
Perry County,vap_black,uss_18_rep_ren,0.5197783964176261,0.1846141305384139,0.18589544686450557,0.8801317827936871
Perry County,vap_black,uss_18_dem_bro,0.4802216035823738,0.1846141305384139,0.11986821720631284,0.8141045531354942
Perry County,vap_hisp,uss_18_rep_ren,0.5113164677577099,0.1628460894242362,0.1902299281042839,0.8049346522101584
Perry County,vap_hisp,uss_18_dem_bro,0.4886835322422901,0.1628460894242362,0.19506534778984155,0.8097700718957159
Perry County,vap_asian,uss_18_rep_ren,0.5084687761602152,0.1673755107148589,0.1922196222695496,0.8230173599313022
Perry County,vap_asian,uss_18_dem_bro,0.4915312238397848,0.1673755107148589,0.17698264006869774,0.8077803777304504
Perry County,vap_aian,uss_18_rep_ren,0.5067408301177101,0.19522081737680452,0.10809512132094516,0.8566197953464223
Perry County,vap_aian,uss_18_dem_bro,0.4932591698822899,0.19522081737680452,0.1433802046535777,0.8919048786790548
Perry County,vap_oth_b,uss_18_rep_ren,0.41860004590373445,0.19147250730710172,0.07238333724709621,0.7697010497632916
Perry County,vap_oth_b,uss_18_dem_bro,0.5813999540962655,0.19147250730710172,0.2302989502367085,0.9276166627529036
Perry County,vap_white,gov_18_rep_dew,0.6640797592236997,0.00794103764462328,0.6484864353904998,0.6791880502569574
Perry County,vap_white,gov_18_dem_cor,0.3359202407763004,0.00794103764462328,0.32081194974304245,0.35151356460950023
Perry County,vap_black,gov_18_rep_dew,0.476503476200689,0.17411095045736266,0.14859901280954507,0.8043797381007017
Perry County,vap_black,gov_18_dem_cor,0.523496523799311,0.17411095045736266,0.19562026189929804,0.8514009871904545
Perry County,vap_hisp,gov_18_rep_dew,0.5086419526906987,0.15794029796926967,0.2146563353699648,0.8101708567804933
Perry County,vap_hisp,gov_18_dem_cor,0.4913580473093013,0.15794029796926967,0.18982914321950656,0.7853436646300351
Perry County,vap_asian,gov_18_rep_dew,0.506901810730444,0.17375992079749808,0.17987827537468018,0.84414796860728
Perry County,vap_asian,gov_18_dem_cor,0.493098189269556,0.17375992079749808,0.15585203139271994,0.8201217246253197
Perry County,vap_aian,gov_18_rep_dew,0.4934914304798908,0.16958624031511152,0.16679734428105436,0.8138567713042187
Perry County,vap_aian,gov_18_dem_cor,0.5065085695201093,0.16958624031511152,0.1861432286957812,0.8332026557189456
Perry County,vap_oth_b,gov_18_rep_dew,0.485566580392657,0.17060032937992328,0.18112080086141735,0.8119927239182313
Perry County,vap_oth_b,gov_18_dem_cor,0.514433419607343,0.17060032937992328,0.18800727608176868,0.8188791991385826
Perry County,vap_white,atg_18_rep_yos,0.6786468357476024,0.00760738815967021,0.6633596353760777,0.6929772152926807
Perry County,vap_white,atg_18_dem_det,0.32135316425239757,0.00760738815967021,0.30702278470731925,0.3366403646239223
Perry County,vap_black,atg_18_rep_yos,0.5006966168947796,0.16282711051788376,0.18542176116973036,0.80452641281794
Perry County,vap_black,atg_18_dem_det,0.4993033831052203,0.16282711051788376,0.19547358718205973,0.8145782388302695
Perry County,vap_hisp,atg_18_rep_yos,0.5224174879501984,0.17257004407741486,0.19334987750796953,0.8351515330583911
Perry County,vap_hisp,atg_18_dem_det,0.4775825120498015,0.17257004407741486,0.16484846694160882,0.8066501224920303
Perry County,vap_asian,atg_18_rep_yos,0.5189484875727769,0.17182707803983588,0.19341108886499403,0.8462390926182699
Perry County,vap_asian,atg_18_dem_det,0.48105151242722305,0.17182707803983588,0.15376090738173012,0.806588911135006
Perry County,vap_aian,atg_18_rep_yos,0.4882201567651052,0.17689055343101304,0.1420531255482281,0.8098401586582183
Perry County,vap_aian,atg_18_dem_det,0.5117798432348948,0.17689055343101304,0.19015984134178177,0.8579468744517719
Perry County,vap_oth_b,atg_18_rep_yos,0.4846257122700706,0.16085124291150257,0.1971429019958744,0.8134745903535663
Perry County,vap_oth_b,atg_18_dem_det,0.5153742877299294,0.16085124291150257,0.18652540964643355,0.8028570980041256
Perry County,vap_white,sos_18_rep_lar,0.6642451913253126,0.00765619081242909,0.6492827129752748,0.6788368190344234
Perry County,vap_white,sos_18_dem_cly,0.33575480867468743,0.00765619081242909,0.3211631809655766,0.3507172870247252
Perry County,vap_black,sos_18_rep_lar,0.5341096489367542,0.20120485247594097,0.16413516250463417,0.9003581974607371
Perry County,vap_black,sos_18_dem_cly,0.4658903510632457,0.20120485247594097,0.099641802539263,0.8358648374953656
Perry County,vap_hisp,sos_18_rep_lar,0.5185244376610514,0.17225204395183324,0.20646672004376185,0.8646338256447033
Perry County,vap_hisp,sos_18_dem_cly,0.4814755623389485,0.17225204395183324,0.13536617435529677,0.793533279956238
Perry County,vap_asian,sos_18_rep_lar,0.4853386506989562,0.17401632168904901,0.16568903276803404,0.8184547598649566
Perry County,vap_asian,sos_18_dem_cly,0.5146613493010438,0.17401632168904901,0.18154524013504345,0.8343109672319661
Perry County,vap_aian,sos_18_rep_lar,0.4971945505736934,0.16738420401458667,0.17858463416989007,0.823545462540526
Perry County,vap_aian,sos_18_dem_cly,0.5028054494263067,0.16738420401458667,0.17645453745947393,0.8214153658301099
Perry County,vap_oth_b,sos_18_rep_lar,0.48537253774478023,0.16418847898031527,0.1924286223140597,0.796637361553267
Perry County,vap_oth_b,sos_18_dem_cly,0.5146274622552198,0.16418847898031527,0.20336263844673297,0.8075713776859402
Perry County,vap_white,pre_20_rep_tru,0.7591869457423941,0.00708060203138189,0.7453097526361169,0.7722304904839523
Perry County,vap_white,pre_20_dem_bid,0.2408130542576059,0.00708060203138189,0.22776950951604769,0.2546902473638832
Perry County,vap_black,pre_20_rep_tru,0.5074010136061798,0.16951233852129982,0.1869565872468864,0.8227052591975478
Perry County,vap_black,pre_20_dem_bid,0.49259898639382016,0.16951233852129982,0.17729474080245225,0.8130434127531135
Perry County,vap_hisp,pre_20_rep_tru,0.4847118766195116,0.16165607704406543,0.17100635075958837,0.7836080823589279
Perry County,vap_hisp,pre_20_dem_bid,0.5152881233804883,0.16165607704406543,0.216391917641072,0.8289936492404116
Perry County,vap_asian,pre_20_rep_tru,0.5143824267799583,0.16981722531007404,0.181206322568936,0.8319349117485949
Perry County,vap_asian,pre_20_dem_bid,0.4856175732200418,0.16981722531007404,0.16806508825140523,0.8187936774310639
Perry County,vap_aian,pre_20_rep_tru,0.4892626723369877,0.1668167883784896,0.17708285435805157,0.8109530328012896
Perry County,vap_aian,pre_20_dem_bid,0.5107373276630123,0.1668167883784896,0.18904696719871028,0.8229171456419484
Perry County,vap_oth_b,pre_20_rep_tru,0.4560891212427409,0.1705104319941756,0.15493493888950846,0.7798236969239866
Perry County,vap_oth_b,pre_20_dem_bid,0.5439108787572591,0.1705104319941756,0.22017630307601344,0.8450650611104915
Pickaway County,vap_white,pre_16_rep_tru,0.7402052735488437,0.00851047437947255,0.7230919734310381,0.7558448757725649
Pickaway County,vap_white,pre_16_dem_cli,0.2597947264511563,0.00851047437947255,0.24415512422743504,0.27690802656896185
Pickaway County,vap_black,pre_16_rep_tru,0.5928632083855351,0.1387182333039072,0.32755509423515644,0.8584323030140006
Pickaway County,vap_black,pre_16_dem_cli,0.40713679161446487,0.1387182333039072,0.14156769698599941,0.6724449057648435
Pickaway County,vap_hisp,pre_16_rep_tru,0.48190462119737687,0.1796209812738442,0.15641609833411435,0.8309289716898991
Pickaway County,vap_hisp,pre_16_dem_cli,0.5180953788026231,0.1796209812738442,0.1690710283101007,0.8435839016658855
Pickaway County,vap_asian,pre_16_rep_tru,0.5063824817278858,0.1701912281369164,0.1849475553756558,0.8329407579554099
Pickaway County,vap_asian,pre_16_dem_cli,0.4936175182721141,0.1701912281369164,0.16705924204459008,0.8150524446243441
Pickaway County,vap_aian,pre_16_rep_tru,0.4954492569715784,0.16557979039385326,0.1806576105598083,0.8060627047832999
Pickaway County,vap_aian,pre_16_dem_cli,0.5045507430284216,0.16557979039385326,0.1939372952167,0.8193423894401919
Pickaway County,vap_oth_b,pre_16_rep_tru,0.45427604835912033,0.17163295731459982,0.1670058733395651,0.7965860940640019
Pickaway County,vap_oth_b,pre_16_dem_cli,0.5457239516408796,0.17163295731459982,0.203413905935998,0.8329941266604346
Pickaway County,vap_white,uss_16_rep_por,0.7662200851689331,0.00835387851969539,0.750287681077837,0.7825562296016039
Pickaway County,vap_white,uss_16_dem_str,0.23377991483106692,0.00835387851969539,0.2174437703983962,0.249712318922163
Pickaway County,vap_black,uss_16_rep_por,0.5571461120774648,0.1450596328225803,0.28522568014370786,0.8406613449173453
Pickaway County,vap_black,uss_16_dem_str,0.44285388792253527,0.1450596328225803,0.1593386550826547,0.714774319856292
Pickaway County,vap_hisp,uss_16_rep_por,0.4762256072944088,0.17025165140116105,0.16006132530709477,0.7993079882696544
Pickaway County,vap_hisp,uss_16_dem_str,0.5237743927055911,0.17025165140116105,0.2006920117303454,0.8399386746929047
Pickaway County,vap_asian,uss_16_rep_por,0.4697541027303456,0.16821827359439367,0.16936390139321528,0.7949260182818259
Pickaway County,vap_asian,uss_16_dem_str,0.5302458972696543,0.16821827359439367,0.2050739817181741,0.8306360986067846
Pickaway County,vap_aian,uss_16_rep_por,0.4920879400479924,0.16776303025272593,0.1795970370026924,0.8133976816955116
Pickaway County,vap_aian,uss_16_dem_str,0.5079120599520077,0.16776303025272593,0.1866023183044883,0.8204029629973075
Pickaway County,vap_oth_b,uss_16_rep_por,0.4375954447290861,0.16170662724991455,0.1577209629021122,0.7700435337603779
Pickaway County,vap_oth_b,uss_16_dem_str,0.5624045552709138,0.16170662724991455,0.22995646623962204,0.8422790370978877
Pickaway County,vap_white,uss_18_rep_ren,0.6303457281498187,0.00857985171281015,0.6135450977933431,0.6463016971864494
Pickaway County,vap_white,uss_18_dem_bro,0.36965427185018135,0.00857985171281015,0.35369830281355064,0.3864549022066569
Pickaway County,vap_black,uss_18_rep_ren,0.5313999501239357,0.1645626746931049,0.21713281438681556,0.846419000901622
Pickaway County,vap_black,uss_18_dem_bro,0.4686000498760643,0.1645626746931049,0.15358099909837772,0.7828671856131844
Pickaway County,vap_hisp,uss_18_rep_ren,0.4984061715018209,0.16457334317093866,0.1753797359877757,0.8024614721669862
Pickaway County,vap_hisp,uss_18_dem_bro,0.501593828498179,0.16457334317093866,0.19753852783301376,0.8246202640122241
Pickaway County,vap_asian,uss_18_rep_ren,0.5040945229678422,0.183899828632504,0.18541131544840045,0.8588456060985862
Pickaway County,vap_asian,uss_18_dem_bro,0.49590547703215776,0.183899828632504,0.14115439390141366,0.8145886845515993
Pickaway County,vap_aian,uss_18_rep_ren,0.48482053105492584,0.16122783202808738,0.1902244053772398,0.8152695362841776
Pickaway County,vap_aian,uss_18_dem_bro,0.5151794689450742,0.16122783202808738,0.1847304637158223,0.8097755946227603
Pickaway County,vap_oth_b,uss_18_rep_ren,0.49778000496592095,0.17218018844590335,0.17966934419593344,0.8326269071951259
Pickaway County,vap_oth_b,uss_18_dem_bro,0.502219995034079,0.17218018844590335,0.16737309280487409,0.8203306558040665
Pickaway County,vap_white,gov_18_rep_dew,0.6928969190937777,0.00863999544289616,0.676079999137413,0.7091834191390248
Pickaway County,vap_white,gov_18_dem_cor,0.30710308090622235,0.00863999544289616,0.2908165808609752,0.3239200008625869
Pickaway County,vap_black,gov_18_rep_dew,0.5122784574721161,0.16842990192288454,0.19839412868817627,0.8692340817088967
Pickaway County,vap_black,gov_18_dem_cor,0.48772154252788386,0.16842990192288454,0.1307659182911033,0.8016058713118236
Pickaway County,vap_hisp,gov_18_rep_dew,0.504404688039771,0.17625058160868007,0.18503948698821016,0.8640694640753709
Pickaway County,vap_hisp,gov_18_dem_cor,0.49559531196022893,0.17625058160868007,0.13593053592462898,0.8149605130117897
Pickaway County,vap_asian,gov_18_rep_dew,0.4951387585872198,0.16866721970673595,0.16493679324405422,0.8089125304410312
Pickaway County,vap_asian,gov_18_dem_cor,0.5048612414127802,0.16866721970673595,0.19108746955896871,0.8350632067559457
Pickaway County,vap_aian,gov_18_rep_dew,0.49235846473297507,0.17077247802589438,0.17344113850114495,0.8100238673914851
Pickaway County,vap_aian,gov_18_dem_cor,0.5076415352670249,0.17077247802589438,0.18997613260851487,0.826558861498855
Pickaway County,vap_oth_b,gov_18_rep_dew,0.4797152243288542,0.16133704058892798,0.19676324765573625,0.7989782179718491
Pickaway County,vap_oth_b,gov_18_dem_cor,0.5202847756711457,0.16133704058892798,0.20102178202815071,0.8032367523442636
Pickaway County,vap_white,atg_18_rep_yos,0.7199172761838698,0.00876623500100043,0.7025362059940287,0.736246774581623
Pickaway County,vap_white,atg_18_dem_det,0.2800827238161302,0.00876623500100043,0.26375322541837704,0.2974637940059713
Pickaway County,vap_black,atg_18_rep_yos,0.5172790261783093,0.15867802921846771,0.2192464623088628,0.83641993800451
Pickaway County,vap_black,atg_18_dem_det,0.4827209738216907,0.15867802921846771,0.16358006199549002,0.7807535376911369
Pickaway County,vap_hisp,atg_18_rep_yos,0.4797720052114024,0.16738491196492822,0.1909157698775688,0.8001558418438368
Pickaway County,vap_hisp,atg_18_dem_det,0.5202279947885975,0.16738491196492822,0.1998441581561631,0.8090842301224311
Pickaway County,vap_asian,atg_18_rep_yos,0.5117997105852089,0.1669687131510248,0.18472601227083724,0.8181067005775161
Pickaway County,vap_asian,atg_18_dem_det,0.48820028941479104,0.1669687131510248,0.18189329942248372,0.8152739877291622
Pickaway County,vap_aian,atg_18_rep_yos,0.49514113725030107,0.1685296199343055,0.18789138422752363,0.8156609700638509
Pickaway County,vap_aian,atg_18_dem_det,0.5048588627496989,0.1685296199343055,0.1843390299361491,0.8121086157724762
Pickaway County,vap_oth_b,atg_18_rep_yos,0.4334447618293863,0.15903827078313215,0.15570499770269633,0.752329484736885
Pickaway County,vap_oth_b,atg_18_dem_det,0.5665552381706136,0.15903827078313215,0.24767051526311504,0.8442950022973037
Pickaway County,vap_white,sos_18_rep_lar,0.7046004778407737,0.00925641275815937,0.6865258172192554,0.7219756064523544
Pickaway County,vap_white,sos_18_dem_cly,0.2953995221592262,0.00925641275815937,0.27802439354764563,0.31347418278074446
Pickaway County,vap_black,sos_18_rep_lar,0.5688089104265933,0.1426846296506781,0.2966523662935126,0.828528559355601
Pickaway County,vap_black,sos_18_dem_cly,0.4311910895734067,0.1426846296506781,0.1714714406443988,0.7033476337064873
Pickaway County,vap_hisp,sos_18_rep_lar,0.4612260063023728,0.16319742770494133,0.1503157839911217,0.774974027522275
Pickaway County,vap_hisp,sos_18_dem_cly,0.5387739936976271,0.16319742770494133,0.22502597247772504,0.8496842160088782
Pickaway County,vap_asian,sos_18_rep_lar,0.5734363312156627,0.19355354676127184,0.2080196145235823,0.9081763709062628
Pickaway County,vap_asian,sos_18_dem_cly,0.42656366878433727,0.19355354676127184,0.0918236290937372,0.7919803854764177
Pickaway County,vap_aian,sos_18_rep_lar,0.46212297074123154,0.166829159632643,0.1494853173928095,0.7745761733156821
Pickaway County,vap_aian,sos_18_dem_cly,0.5378770292587685,0.166829159632643,0.22542382668431796,0.8505146826071907
Pickaway County,vap_oth_b,sos_18_rep_lar,0.4707826794168394,0.1777545951336905,0.15813394255502122,0.8430733742122564
Pickaway County,vap_oth_b,sos_18_dem_cly,0.5292173205831606,0.1777545951336905,0.15692662578774358,0.8418660574449787
Pickaway County,vap_white,pre_20_rep_tru,0.7582751548524395,0.00823035434097687,0.7417559861796335,0.7730875132937477
Pickaway County,vap_white,pre_20_dem_bid,0.2417248451475605,0.00823035434097687,0.22691248670625233,0.25824401382036644
Pickaway County,vap_black,pre_20_rep_tru,0.5618239335556899,0.14046320755071995,0.2895018717088347,0.8250361496633314
Pickaway County,vap_black,pre_20_dem_bid,0.43817606644431006,0.14046320755071995,0.1749638503366686,0.7104981282911654
Pickaway County,vap_hisp,pre_20_rep_tru,0.474894269857408,0.1677935872086002,0.1614462397984053,0.7909457398490265
Pickaway County,vap_hisp,pre_20_dem_bid,0.5251057301425919,0.1677935872086002,0.20905426015097328,0.8385537602015947
Pickaway County,vap_asian,pre_20_rep_tru,0.5034670441953742,0.16886456810995543,0.2081981727121016,0.842114133681678
Pickaway County,vap_asian,pre_20_dem_bid,0.4965329558046257,0.16886456810995543,0.15788586631832202,0.7918018272878983
Pickaway County,vap_aian,pre_20_rep_tru,0.5100517971066673,0.17248722186364537,0.16629683852356064,0.8331243875791031
Pickaway County,vap_aian,pre_20_dem_bid,0.48994820289333274,0.17248722186364537,0.16687561242089705,0.8337031614764394
Pickaway County,vap_oth_b,pre_20_rep_tru,0.42965696113946567,0.16902550931300497,0.1494899437977856,0.7745082216231074
Pickaway County,vap_oth_b,pre_20_dem_bid,0.5703430388605343,0.16902550931300497,0.22549177837689252,0.8505100562022143
Pike County,vap_white,pre_16_rep_tru,0.6967890666498652,0.00840034754656311,0.6805337974623331,0.7126894517202822
Pike County,vap_white,pre_16_dem_cli,0.3032109333501349,0.00840034754656311,0.2873105482797178,0.31946620253766683
Pike County,vap_black,pre_16_rep_tru,0.4854104733738846,0.1834838467347252,0.13547145748324507,0.8317196617987836
Pike County,vap_black,pre_16_dem_cli,0.5145895266261155,0.1834838467347252,0.16828033820121616,0.8645285425167549
Pike County,vap_hisp,pre_16_rep_tru,0.49629060135991154,0.16990682808744895,0.16941177001868404,0.81413054562875
Pike County,vap_hisp,pre_16_dem_cli,0.5037093986400885,0.16990682808744895,0.18586945437125005,0.8305882299813157
Pike County,vap_asian,pre_16_rep_tru,0.49667656875005206,0.1757953540513037,0.16246847395829056,0.824306367587769
Pike County,vap_asian,pre_16_dem_cli,0.5033234312499479,0.1757953540513037,0.1756936324122309,0.8375315260417093
Pike County,vap_aian,pre_16_rep_tru,0.4954004997361467,0.17027213226052118,0.17011118420280874,0.8085576228188704
Pike County,vap_aian,pre_16_dem_cli,0.5045995002638533,0.17027213226052118,0.19144237718112952,0.8298888157971913
Pike County,vap_oth_b,pre_16_rep_tru,0.4649244957808172,0.17957800855795372,0.15219158774051247,0.8145775296915219
Pike County,vap_oth_b,pre_16_dem_cli,0.5350755042191828,0.17957800855795372,0.18542247030847803,0.8478084122594876
Pike County,vap_white,uss_16_rep_por,0.659937416618342,0.00819408428198894,0.6437410331516391,0.675812478610733
Pike County,vap_white,uss_16_dem_str,0.34006258338165807,0.00819408428198894,0.324187521389267,0.35625896684836106
Pike County,vap_black,uss_16_rep_por,0.4769173430423294,0.1787275270000992,0.14648741754315925,0.8161072827648322
Pike County,vap_black,uss_16_dem_str,0.5230826569576706,0.1787275270000992,0.18389271723516792,0.8535125824568407
Pike County,vap_hisp,uss_16_rep_por,0.538921566581523,0.20091853872873028,0.1851918459464357,0.9350374107717716
Pike County,vap_hisp,uss_16_dem_str,0.461078433418477,0.20091853872873028,0.06496258922822817,0.8148081540535642
Pike County,vap_asian,uss_16_rep_por,0.5128805530965184,0.1777891453585836,0.18407013088912216,0.8498698172036566
Pike County,vap_asian,uss_16_dem_str,0.4871194469034816,0.1777891453585836,0.15013018279634316,0.8159298691108778
Pike County,vap_aian,uss_16_rep_por,0.5290106201549483,0.1867796893885258,0.18122579547127607,0.8824432460269609
Pike County,vap_aian,uss_16_dem_str,0.4709893798450517,0.1867796893885258,0.11755675397303889,0.8187742045287238
Pike County,vap_oth_b,uss_16_rep_por,0.4983519782544987,0.16831412289858064,0.1899988870321887,0.8258902827790173
Pike County,vap_oth_b,uss_16_dem_str,0.5016480217455014,0.16831412289858064,0.17410971722098256,0.8100011129678112
Pike County,vap_white,uss_18_rep_ren,0.5551054003826928,0.00911479117116206,0.5369045712104756,0.5728343057313328
Pike County,vap_white,uss_18_dem_bro,0.4448945996173071,0.00911479117116206,0.4271656942686672,0.4630954287895243
Pike County,vap_black,uss_18_rep_ren,0.505586152421704,0.17824850717258003,0.17478239231412335,0.8423085803663098
Pike County,vap_black,uss_18_dem_bro,0.4944138475782961,0.17824850717258003,0.1576914196336904,0.8252176076858765
Pike County,vap_hisp,uss_18_rep_ren,0.4871905965848787,0.16370450188372723,0.1895204555375263,0.7994690484267641
Pike County,vap_hisp,uss_18_dem_bro,0.5128094034151213,0.16370450188372723,0.2005309515732357,0.8104795444624737
Pike County,vap_asian,uss_18_rep_ren,0.49430381963670467,0.18651459731587908,0.15258147354348486,0.839175804410458
Pike County,vap_asian,uss_18_dem_bro,0.5056961803632953,0.18651459731587908,0.16082419558954175,0.847418526456515
Pike County,vap_aian,uss_18_rep_ren,0.4897063609091219,0.1665802916108947,0.17818514916870304,0.7983030553730562
Pike County,vap_aian,uss_18_dem_bro,0.510293639090878,0.1665802916108947,0.2016969446269436,0.8218148508312967
Pike County,vap_oth_b,uss_18_rep_ren,0.49235049007475906,0.17662268570565448,0.17020281067525397,0.8411622225594374
Pike County,vap_oth_b,uss_18_dem_bro,0.5076495099252409,0.17662268570565448,0.15883777744056243,0.8297971893247458
Pike County,vap_white,gov_18_rep_dew,0.6270996662699614,0.00893404562269068,0.6095375490783146,0.6443091175524267
Pike County,vap_white,gov_18_dem_cor,0.3729003337300386,0.00893404562269068,0.3556908824475733,0.3904624509216855
Pike County,vap_black,gov_18_rep_dew,0.4850233396339397,0.19991258409339924,0.11617194710972176,0.8562350117174242
Pike County,vap_black,gov_18_dem_cor,0.5149766603660604,0.19991258409339924,0.14376498828257583,0.8838280528902782
Pike County,vap_hisp,gov_18_rep_dew,0.49709314724316694,0.17523093228508635,0.16263052762760433,0.8245580367069644
Pike County,vap_hisp,gov_18_dem_cor,0.502906852756833,0.17523093228508635,0.17544196329303552,0.8373694723723957
Pike County,vap_asian,gov_18_rep_dew,0.5007186591450172,0.1858006600633892,0.14872415343111856,0.8416296164726595
Pike County,vap_asian,gov_18_dem_cor,0.4992813408549827,0.1858006600633892,0.15837038352734026,0.8512758465688812
Pike County,vap_aian,gov_18_rep_dew,0.5044474413157578,0.17575067919047233,0.1850934203745987,0.8420307034403155
Pike County,vap_aian,gov_18_dem_cor,0.49555255868424214,0.17575067919047233,0.15796929655968456,0.8149065796254013
Pike County,vap_oth_b,gov_18_rep_dew,0.4958151262603169,0.171869986314094,0.17049601860688648,0.8327042513392782
Pike County,vap_oth_b,gov_18_dem_cor,0.5041848737396831,0.171869986314094,0.1672957486607216,0.8295039813931135
Pike County,vap_white,atg_18_rep_yos,0.6269976948910282,0.00855849298523177,0.6095686327651616,0.643336154672068
Pike County,vap_white,atg_18_dem_det,0.37300230510897187,0.00855849298523177,0.3566638453279321,0.39043136723483846
Pike County,vap_black,atg_18_rep_yos,0.49104690918687927,0.18059319260248397,0.15057218424175722,0.8328647633774837
Pike County,vap_black,atg_18_dem_det,0.5089530908131208,0.18059319260248397,0.16713523662251636,0.8494278157582427
Pike County,vap_hisp,atg_18_rep_yos,0.5008994438648248,0.19449759107457895,0.1286948335265803,0.8805354302267066
Pike County,vap_hisp,atg_18_dem_det,0.4991005561351752,0.19449759107457895,0.11946456977329337,0.8713051664734197
Pike County,vap_asian,atg_18_rep_yos,0.5007970568389543,0.17874242833671156,0.16467507275763552,0.8408144950195252
Pike County,vap_asian,atg_18_dem_det,0.49920294316104574,0.17874242833671156,0.1591855049804747,0.8353249272423645
Pike County,vap_aian,atg_18_rep_yos,0.5191772689994005,0.17069660588240201,0.20381791348588557,0.8499737662471639
Pike County,vap_aian,atg_18_dem_det,0.4808227310005994,0.17069660588240201,0.150026233752836,0.796182086514114
Pike County,vap_oth_b,atg_18_rep_yos,0.4542310320007586,0.16183202954649165,0.16447944966506445,0.781486797987023
Pike County,vap_oth_b,atg_18_dem_det,0.54576896799924135,0.16183202954649165,0.21851320201297683,0.8355205503349354
Pike County,vap_white,sos_18_rep_lar,0.6198536726828726,0.00901919081081932,0.6018406321111868,0.6371464006475712
Pike County,vap_white,sos_18_dem_cly,0.38014632731712744,0.00901919081081932,0.3628535993524289,0.3981593678888133
Pike County,vap_black,sos_18_rep_lar,0.4971296702862877,0.1835918441599197,0.14840324490531762,0.8292817207017186
Pike County,vap_black,sos_18_dem_cly,0.5028703297137124,0.1835918441599197,0.17071827929828143,0.8515967550946825
Pike County,vap_hisp,sos_18_rep_lar,0.4999283656868632,0.18598194580096317,0.13719520620764764,0.8481336463080326
Pike County,vap_hisp,sos_18_dem_cly,0.5000716343131368,0.18598194580096317,0.15186635369196738,0.8628047937923523
Pike County,vap_asian,sos_18_rep_lar,0.48572513051295896,0.17854112061363644,0.1495130195815474,0.8100395707138126
Pike County,vap_asian,sos_18_dem_cly,0.514274869487041,0.17854112061363644,0.18996042928618737,0.8504869804184524
Pike County,vap_aian,sos_18_rep_lar,0.4885851682854409,0.16840205248766318,0.1750653353722858,0.8159156429142214
Pike County,vap_aian,sos_18_dem_cly,0.511414831714559,0.16840205248766318,0.1840843570857783,0.824934664627714
Pike County,vap_oth_b,sos_18_rep_lar,0.47288368407262055,0.1750304004399,0.15496156962311286,0.8116264203163766
Pike County,vap_oth_b,sos_18_dem_cly,0.5271163159273795,0.1750304004399,0.1883735796836234,0.8450384303768872
Pike County,vap_white,pre_20_rep_tru,0.7604010426737611,0.00761860864346905,0.7455557538240962,0.7752624137989179
Pike County,vap_white,pre_20_dem_bid,0.23959895732623895,0.00761860864346905,0.22473758620108197,0.25444424617590394
Pike County,vap_black,pre_20_rep_tru,0.4900717394695581,0.17082473203730003,0.1730929463502746,0.8141138227214471
Pike County,vap_black,pre_20_dem_bid,0.5099282605304419,0.17082473203730003,0.185886177278553,0.8269070536497255
Pike County,vap_hisp,pre_20_rep_tru,0.48373229704329274,0.16816238203553918,0.16788410398991838,0.8069960191426135
Pike County,vap_hisp,pre_20_dem_bid,0.5162677029567073,0.16816238203553918,0.19300398085738635,0.8321158960100814
Pike County,vap_asian,pre_20_rep_tru,0.483342407789804,0.17405181292609406,0.15673745534777522,0.8148305717976607
Pike County,vap_asian,pre_20_dem_bid,0.5166575922101959,0.17405181292609406,0.1851694282023391,0.8432625446522247
Pike County,vap_aian,pre_20_rep_tru,0.4952163257831849,0.17127089163395215,0.1613422519623631,0.8157197968842981
Pike County,vap_aian,pre_20_dem_bid,0.504783674216815,0.17127089163395215,0.18428020311570167,0.8386577480376368
Pike County,vap_oth_b,pre_20_rep_tru,0.4715284298870795,0.16608499587033518,0.1674889378562074,0.7831534848882453
Pike County,vap_oth_b,pre_20_dem_bid,0.5284715701129206,0.16608499587033518,0.2168465151117546,0.8325110621437924
Portage County,vap_white,pre_16_rep_tru,0.5841361561150527,0.00788178424449918,0.5666195920964177,0.5977569879061337
Portage County,vap_white,pre_16_dem_cli,0.4158638438849473,0.00788178424449918,0.40224301209386615,0.4333804079035824
Portage County,vap_black,pre_16_rep_tru,0.13383982313809648,0.05098986060507612,0.05643889517787104,0.25191711342640666
Portage County,vap_black,pre_16_dem_cli,0.8661601768619034,0.05098986060507613,0.7480828865735932,0.943561104822129
Portage County,vap_hisp,pre_16_rep_tru,0.30445974608613474,0.12134200947018069,0.11124595113077304,0.5803667743566671
Portage County,vap_hisp,pre_16_dem_cli,0.6955402539138652,0.12134200947018069,0.4196332256433327,0.8887540488692269
Portage County,vap_asian,pre_16_rep_tru,0.22817335804238653,0.08911091005506289,0.08918403268156033,0.4327607732184201
Portage County,vap_asian,pre_16_dem_cli,0.7718266419576135,0.08911091005506289,0.56723922678158,0.9108159673184396
Portage County,vap_aian,pre_16_rep_tru,0.533449175467467,0.16301035838078826,0.22899044942839927,0.8514993526341512
Portage County,vap_aian,pre_16_dem_cli,0.46655082453253305,0.16301035838078826,0.14850064736584873,0.7710095505716006
Portage County,vap_oth_b,pre_16_rep_tru,0.3712560275312857,0.13911714576354356,0.1504762055126993,0.6996290889886374
Portage County,vap_oth_b,pre_16_dem_cli,0.6287439724687142,0.13911714576354356,0.3003709110113624,0.8495237944873005
Portage County,vap_white,uss_16_rep_por,0.6362781806291412,0.00862842967134501,0.6176985349053369,0.6518016697482919
Portage County,vap_white,uss_16_dem_str,0.3637218193708588,0.00862842967134501,0.3481983302517081,0.382301465094663
Portage County,vap_black,uss_16_rep_por,0.13784069602819937,0.06141203122950406,0.05340256778270212,0.2930549561044778
Portage County,vap_black,uss_16_dem_str,0.8621593039718005,0.06141203122950406,0.7069450438955222,0.946597432217298
Portage County,vap_hisp,uss_16_rep_por,0.3079980025337071,0.12587630954541637,0.12920759708170543,0.6037436587067091
Portage County,vap_hisp,uss_16_dem_str,0.6920019974662929,0.12587630954541637,0.3962563412932908,0.8707924029182945
Portage County,vap_asian,uss_16_rep_por,0.24266696611273064,0.0928665852468097,0.0961377987837584,0.4478375077881187
Portage County,vap_asian,uss_16_dem_str,0.7573330338872694,0.0928665852468097,0.5521624922118812,0.9038622012162416
Portage County,vap_aian,uss_16_rep_por,0.4360342528203899,0.16814054657682573,0.1359127278265363,0.7452722301310725
Portage County,vap_aian,uss_16_dem_str,0.5639657471796101,0.16814054657682573,0.2547277698689275,0.8640872721734635
Portage County,vap_oth_b,uss_16_rep_por,0.3707096822550808,0.15545371465018326,0.12284981272066758,0.725088993069296
Portage County,vap_oth_b,uss_16_dem_str,0.6292903177449191,0.15545371465018326,0.27491100693070397,0.8771501872793325
Portage County,vap_white,uss_18_rep_ren,0.4816657961604209,0.00831270343421556,0.4627756935869125,0.4962551636586458
Portage County,vap_white,uss_18_dem_bro,0.5183342038395791,0.00831270343421556,0.5037448363413541,0.5372243064130875
Portage County,vap_black,uss_18_rep_ren,0.1236329331202166,0.05649136088407506,0.04971229179136494,0.27187006558727755
Portage County,vap_black,uss_18_dem_bro,0.8763670668797834,0.05649136088407506,0.7281299344127223,0.9502877082086352
Portage County,vap_hisp,uss_18_rep_ren,0.33789473665264363,0.14877804750836454,0.1260489326092917,0.7226762715902754
Portage County,vap_hisp,uss_18_dem_bro,0.6621052633473563,0.14877804750836454,0.27732372840972447,0.8739510673907082
Portage County,vap_asian,uss_18_rep_ren,0.2198769447352184,0.08922265213605102,0.07739275202848059,0.41743492670374266
Portage County,vap_asian,uss_18_dem_bro,0.7801230552647817,0.08922265213605102,0.5825650732962572,0.9226072479715196
Portage County,vap_aian,uss_18_rep_ren,0.4965918297272264,0.1552568334614347,0.21216466233130815,0.8140777119703569
Portage County,vap_aian,uss_18_dem_bro,0.5034081702727736,0.1552568334614347,0.1859222880296428,0.7878353376686917
Portage County,vap_oth_b,uss_18_rep_ren,0.32233539070187667,0.13261715989741213,0.10641820453100652,0.6324409018337094
Portage County,vap_oth_b,uss_18_dem_bro,0.6776646092981233,0.1326171598974121,0.36755909816629057,0.8935817954689934
Portage County,vap_white,gov_18_rep_dew,0.5295569882670346,0.00799180117213991,0.5120077878173985,0.5421103818818216
Portage County,vap_white,gov_18_dem_cor,0.4704430117329653,0.00799180117213991,0.4578896181181784,0.4879922121826014
Portage County,vap_black,gov_18_rep_dew,0.14655996381519193,0.0598250127050347,0.05788617510750318,0.2901465653672209
Portage County,vap_black,gov_18_dem_cor,0.853440036184808,0.0598250127050347,0.709853434632779,0.9421138248924968
Portage County,vap_hisp,gov_18_rep_dew,0.2881823503078277,0.106919124073351,0.12821357893171473,0.5283338085801998
Portage County,vap_hisp,gov_18_dem_cor,0.7118176496921723,0.106919124073351,0.4716661914198001,0.8717864210682852
Portage County,vap_asian,gov_18_rep_dew,0.24790803626859387,0.08957746008365264,0.10850149998809824,0.444288700199669
Portage County,vap_asian,gov_18_dem_cor,0.7520919637314062,0.08957746008365264,0.555711299800331,0.8914985000119017
Portage County,vap_aian,gov_18_rep_dew,0.5068511582994609,0.15042300438768305,0.2176674919156433,0.7818284349112441
Portage County,vap_aian,gov_18_dem_cor,0.4931488417005391,0.15042300438768305,0.2181715650887559,0.7823325080843565
Portage County,vap_oth_b,gov_18_rep_dew,0.2554565140718514,0.15194394431202754,0.07269015731083166,0.6027916385773968
Portage County,vap_oth_b,gov_18_dem_cor,0.7445434859281486,0.15194394431202754,0.3972083614226029,0.9273098426891684
Portage County,vap_white,atg_18_rep_yos,0.5303964069231379,0.00819048883367286,0.5136952034704287,0.5451700022375155
Portage County,vap_white,atg_18_dem_det,0.46960359307686206,0.00819048883367286,0.45482999776248434,0.4863047965295711
Portage County,vap_black,atg_18_rep_yos,0.15083472050963587,0.06317099366710013,0.06843095020592284,0.32751052711680495
Portage County,vap_black,atg_18_dem_det,0.849165279490364,0.06317099366710013,0.672489472883195,0.9315690497940772
Portage County,vap_hisp,atg_18_rep_yos,0.2924546924675574,0.1366285089190559,0.09051048462857166,0.6013972106772296
Portage County,vap_hisp,atg_18_dem_det,0.7075453075324425,0.1366285089190559,0.3986027893227701,0.9094895153714282
Portage County,vap_asian,atg_18_rep_yos,0.20207387570225932,0.07865750079829809,0.08125146471837728,0.3855199352931004
Portage County,vap_asian,atg_18_dem_det,0.7979261242977407,0.07865750079829809,0.6144800647068996,0.9187485352816228
Portage County,vap_aian,atg_18_rep_yos,0.4549421713334038,0.16632917926858565,0.1348912543038238,0.7706402368311278
Portage County,vap_aian,atg_18_dem_det,0.5450578286665961,0.16632917926858565,0.22935976316887205,0.8651087456961762
Portage County,vap_oth_b,atg_18_rep_yos,0.3426467396319292,0.13568811204789505,0.113943288592863,0.604209470159901
Portage County,vap_oth_b,atg_18_dem_det,0.6573532603680707,0.13568811204789505,0.3957905298400988,0.8860567114071369
Portage County,vap_white,sos_18_rep_lar,0.49786992430855787,0.00790065697069117,0.4822842127109557,0.512237451696953
Portage County,vap_white,sos_18_dem_cly,0.5021300756914421,0.00790065697069117,0.48776254830304694,0.5177157872890442
Portage County,vap_black,sos_18_rep_lar,0.1301633480947042,0.05987896745716603,0.05129852693837864,0.28345489061671647
Portage County,vap_black,sos_18_dem_cly,0.8698366519052957,0.05987896745716603,0.7165451093832835,0.9487014730616212
Portage County,vap_hisp,sos_18_rep_lar,0.30383689984698586,0.1217209910995224,0.12089655855821664,0.5898184391492324
Portage County,vap_hisp,sos_18_dem_cly,0.6961631001530141,0.1217209910995224,0.4101815608507675,0.8791034414417833
Portage County,vap_asian,sos_18_rep_lar,0.1757738190306874,0.0839703957342303,0.05964710690159668,0.3843529238214052
Portage County,vap_asian,sos_18_dem_cly,0.8242261809693127,0.0839703957342303,0.6156470761785948,0.9403528930984032
Portage County,vap_aian,sos_18_rep_lar,0.4423698247692439,0.15140834469072406,0.18417205590585609,0.7474037552183933
Portage County,vap_aian,sos_18_dem_cly,0.5576301752307561,0.15140834469072406,0.25259624478160664,0.8158279440941438
Portage County,vap_oth_b,sos_18_rep_lar,0.3668345452131092,0.1348574488935361,0.14676510319249933,0.6497971835498294
Portage County,vap_oth_b,sos_18_dem_cly,0.6331654547868907,0.1348574488935361,0.3502028164501705,0.8532348968075005
Portage County,vap_white,pre_20_rep_tru,0.5888956742575946,0.00706803080485045,0.5733817207429242,0.6014332404140276
Portage County,vap_white,pre_20_dem_bid,0.41110432574240535,0.00706803080485045,0.3985667595859724,0.42661827925707574
Portage County,vap_black,pre_20_rep_tru,0.1239863885089792,0.0493731033590804,0.05421931011529344,0.2504881630507047
Portage County,vap_black,pre_20_dem_bid,0.8760136114910207,0.0493731033590804,0.7495118369492954,0.9457806898847064
Portage County,vap_hisp,pre_20_rep_tru,0.31272530553621924,0.1292914994785358,0.12406985582737552,0.6085192605507411
Portage County,vap_hisp,pre_20_dem_bid,0.6872746944637808,0.1292914994785358,0.3914807394492587,0.8759301441726245
Portage County,vap_asian,pre_20_rep_tru,0.231766226806177,0.08192844480739801,0.09364352683296125,0.4063330949164995
Portage County,vap_asian,pre_20_dem_bid,0.768233773193823,0.08192844480739801,0.5936669050835005,0.9063564731670388
Portage County,vap_aian,pre_20_rep_tru,0.4696749834695174,0.1464770870753073,0.212609962547398,0.801363417384702
Portage County,vap_aian,pre_20_dem_bid,0.5303250165304825,0.14647708707530732,0.1986365826152976,0.7873900374526018
Portage County,vap_oth_b,pre_20_rep_tru,0.368801024057041,0.12856664062016598,0.15067719100523116,0.6579087584778782
Portage County,vap_oth_b,pre_20_dem_bid,0.6311989759429589,0.12856664062016598,0.3420912415221218,0.8493228089947688
Preble County,vap_white,pre_16_rep_tru,0.7913887780253693,0.00630970943727273,0.778994426277905,0.8032142172407505
Preble County,vap_white,pre_16_dem_cli,0.20861122197463075,0.00630970943727273,0.19678578275924952,0.22100557372209495
Preble County,vap_black,pre_16_rep_tru,0.4908504250322513,0.15875386621253504,0.1905641952615828,0.7869194045864454
Preble County,vap_black,pre_16_dem_cli,0.5091495749677488,0.15875386621253504,0.21308059541355456,0.8094358047384173
Preble County,vap_hisp,pre_16_rep_tru,0.5235133392448379,0.17357046953882832,0.1934163428592862,0.8545043822767282
Preble County,vap_hisp,pre_16_dem_cli,0.4764866607551621,0.17357046953882832,0.14549561772327152,0.8065836571407136
Preble County,vap_asian,pre_16_rep_tru,0.4914032614325948,0.182971728750602,0.15861274198434314,0.8473942643387921
Preble County,vap_asian,pre_16_dem_cli,0.5085967385674052,0.18297172875060205,0.15260573566120766,0.8413872580156567
Preble County,vap_aian,pre_16_rep_tru,0.48954509032952725,0.1718799328885179,0.17322861714862198,0.8254276825434738
Preble County,vap_aian,pre_16_dem_cli,0.5104549096704727,0.17187993288851794,0.17457231745652604,0.8267713828513781
Preble County,vap_oth_b,pre_16_rep_tru,0.4461842375923566,0.156929406737239,0.1631513436741685,0.751713344790601
Preble County,vap_oth_b,pre_16_dem_cli,0.5538157624076433,0.156929406737239,0.24828665520939872,0.8368486563258314
Preble County,vap_white,uss_16_rep_por,0.8386940325047149,0.0064738340771598,0.8260507353064862,0.8504079096639986
Preble County,vap_white,uss_16_dem_str,0.16130596749528522,0.0064738340771598,0.14959209033600146,0.1739492646935139
Preble County,vap_black,uss_16_rep_por,0.47913479374775975,0.1776252717808403,0.14775975354487178,0.8162275400746596
Preble County,vap_black,uss_16_dem_str,0.5208652062522403,0.1776252717808403,0.18377245992534036,0.8522402464551283
Preble County,vap_hisp,uss_16_rep_por,0.4855396429280224,0.18048877486455384,0.16525729300365516,0.8349224112801388
Preble County,vap_hisp,uss_16_dem_str,0.5144603570719775,0.18048877486455384,0.16507758871986106,0.8347427069963447
Preble County,vap_asian,uss_16_rep_por,0.4939714615503911,0.159870591049134,0.18874647439135167,0.8104820680459109
Preble County,vap_asian,uss_16_dem_str,0.5060285384496088,0.159870591049134,0.1895179319540889,0.8112535256086483
Preble County,vap_aian,uss_16_rep_por,0.4897049238954519,0.16736674749421568,0.16827467519013994,0.8035871895672329
Preble County,vap_aian,uss_16_dem_str,0.510295076104548,0.16736674749421568,0.19641281043276712,0.83172532480986
Preble County,vap_oth_b,uss_16_rep_por,0.4082793603528352,0.16425515394761797,0.1189582439859342,0.7321238607336923
Preble County,vap_oth_b,uss_16_dem_str,0.5917206396471647,0.16425515394761797,0.26787613926630743,0.8810417560140658
Preble County,vap_white,uss_18_rep_ren,0.6882745433295951,0.00675878105909332,0.6751476937330398,0.7012525090117127
Preble County,vap_white,uss_18_dem_bro,0.31172545667040485,0.00675878105909332,0.2987474909882874,0.3248523062669602
Preble County,vap_black,uss_18_rep_ren,0.47098398382284223,0.19052015555839216,0.1169417965115999,0.8275266418427532
Preble County,vap_black,uss_18_dem_bro,0.5290160161771579,0.19052015555839216,0.1724733581572469,0.8830582034884
Preble County,vap_hisp,uss_18_rep_ren,0.4883047079504309,0.16927158702623132,0.18110524368170788,0.8312019652186247
Preble County,vap_hisp,uss_18_dem_bro,0.5116952920495691,0.16927158702623132,0.1687980347813752,0.8188947563182918
Preble County,vap_asian,uss_18_rep_ren,0.5014303780426164,0.15846722988264977,0.20430913405185372,0.797620049064853
Preble County,vap_asian,uss_18_dem_bro,0.4985696219573836,0.15846722988264977,0.2023799509351468,0.7956908659481461
Preble County,vap_aian,uss_18_rep_ren,0.5043966105659814,0.18333026765677415,0.14916861109054114,0.8349701445375837
Preble County,vap_aian,uss_18_dem_bro,0.4956033894340186,0.18333026765677415,0.16502985546241636,0.8508313889094588
Preble County,vap_oth_b,uss_18_rep_ren,0.49747488700669606,0.15708389256171357,0.2105536713054646,0.8037233058281438
Preble County,vap_oth_b,uss_18_dem_bro,0.5025251129933039,0.15708389256171357,0.19627669417185603,0.7894463286945352
Preble County,vap_white,gov_18_rep_dew,0.7617121602604192,0.00736471402747968,0.7469117375954453,0.7755049772491516
Preble County,vap_white,gov_18_dem_cor,0.23828783973958087,0.00736471402747968,0.2244950227508484,0.2530882624045547
Preble County,vap_black,gov_18_rep_dew,0.4847883113446537,0.16950624499707168,0.1817655704159445,0.8170038235693995
Preble County,vap_black,gov_18_dem_cor,0.5152116886553464,0.16950624499707168,0.18299617643060043,0.8182344295840553
Preble County,vap_hisp,gov_18_rep_dew,0.49304011488107286,0.17638136073281097,0.15899628880565314,0.8205654074038677
Preble County,vap_hisp,gov_18_dem_cor,0.5069598851189271,0.17638136073281097,0.17943459259613212,0.8410037111943468
Preble County,vap_asian,gov_18_rep_dew,0.5164179490932688,0.1692576357529175,0.19784493142344284,0.8280230705515897
Preble County,vap_asian,gov_18_dem_cor,0.4835820509067313,0.1692576357529175,0.1719769294484103,0.8021550685765573
Preble County,vap_aian,gov_18_rep_dew,0.4809813516078782,0.1658411356826143,0.1727384134360397,0.8085387527016159
Preble County,vap_aian,gov_18_dem_cor,0.5190186483921219,0.1658411356826143,0.1914612472983841,0.8272615865639603
Preble County,vap_oth_b,gov_18_rep_dew,0.4810884920929117,0.18862049195037373,0.15407616518117975,0.8816132173628658
Preble County,vap_oth_b,gov_18_dem_cor,0.5189115079070882,0.18862049195037373,0.11838678263713402,0.84592383481882
Preble County,vap_white,atg_18_rep_yos,0.7645935684035924,0.00682809513135881,0.7510868003635548,0.7773766025388198
Preble County,vap_white,atg_18_dem_det,0.2354064315964076,0.00682809513135881,0.22262339746118023,0.24891319963644531
Preble County,vap_black,atg_18_rep_yos,0.49877176132820894,0.1607205820285626,0.20525431895331944,0.8123533415807602
Preble County,vap_black,atg_18_dem_det,0.5012282386717911,0.1607205820285626,0.1876466584192397,0.7947456810466805
Preble County,vap_hisp,atg_18_rep_yos,0.4429337977947413,0.18938812444586944,0.09300945349804478,0.7757821310558161
Preble County,vap_hisp,atg_18_dem_det,0.5570662022052586,0.18938812444586944,0.2242178689441838,0.9069905465019552
Preble County,vap_asian,atg_18_rep_yos,0.4960926669741004,0.1612227934310381,0.19600436838279495,0.7999663587537967
Preble County,vap_asian,atg_18_dem_det,0.5039073330258996,0.1612227934310381,0.20003364124620313,0.8039956316172049
Preble County,vap_aian,atg_18_rep_yos,0.5630153559915843,0.2114775130122995,0.1783033286133838,0.9301684027430854
Preble County,vap_aian,atg_18_dem_det,0.43698464400841575,0.2114775130122995,0.06983159725691451,0.8216966713866163
Preble County,vap_oth_b,atg_18_rep_yos,0.4298955038966174,0.16158542077195348,0.16090205136020108,0.762711479099244
Preble County,vap_oth_b,atg_18_dem_det,0.5701044961033825,0.16158542077195348,0.23728852090075575,0.8390979486397988
Preble County,vap_white,sos_18_rep_lar,0.7619963826474316,0.00694648631257813,0.748332957101517,0.7752493840945446
Preble County,vap_white,sos_18_dem_cly,0.23800361735256845,0.00694648631257813,0.22475061590545536,0.25166704289848296
Preble County,vap_black,sos_18_rep_lar,0.510651363609074,0.17778871608102575,0.17740786212942583,0.8402634285101961
Preble County,vap_black,sos_18_dem_cly,0.4893486363909261,0.17778871608102575,0.15973657148980383,0.8225921378705741
Preble County,vap_hisp,sos_18_rep_lar,0.46898293990638606,0.163882509903423,0.15644494339474974,0.7897436547670472
Preble County,vap_hisp,sos_18_dem_cly,0.5310170600936138,0.163882509903423,0.2102563452329527,0.8435550566052502
Preble County,vap_asian,sos_18_rep_lar,0.4910632053314242,0.17103069532337095,0.18957433785496147,0.8386560076664686
Preble County,vap_asian,sos_18_dem_cly,0.5089367946685758,0.17103069532337095,0.1613439923335313,0.8104256621450384
Preble County,vap_aian,sos_18_rep_lar,0.5326450954219912,0.1771743876930313,0.21976601129273696,0.8966180069941999
Preble County,vap_aian,sos_18_dem_cly,0.4673549045780087,0.1771743876930313,0.1033819930058,0.780233988707263
Preble County,vap_oth_b,sos_18_rep_lar,0.4390065626310118,0.16580265418155216,0.1543042637887581,0.764928115439417
Preble County,vap_oth_b,sos_18_dem_cly,0.5609934373689882,0.16580265418155216,0.23507188456058295,0.8456957362112418
Preble County,vap_white,pre_20_rep_tru,0.8028243330530701,0.00645248670728221,0.7899097684245547,0.8146278198646738
Preble County,vap_white,pre_20_dem_bid,0.19717566694692995,0.00645248670728221,0.18537218013532625,0.21009023157544535
Preble County,vap_black,pre_20_rep_tru,0.492951805169092,0.16761595944552318,0.17438808852726762,0.8256136401093014
Preble County,vap_black,pre_20_dem_bid,0.5070481948309081,0.16761595944552318,0.17438635989069828,0.8256119114727323
Preble County,vap_hisp,pre_20_rep_tru,0.4898265526139264,0.1583138956264846,0.1997155750918787,0.7983318273688149
Preble County,vap_hisp,pre_20_dem_bid,0.5101734473860735,0.1583138956264846,0.2016681726311849,0.8002844249081211
Preble County,vap_asian,pre_20_rep_tru,0.4667151684472383,0.17176132320952056,0.1499657164059638,0.8039860173237664
Preble County,vap_asian,pre_20_dem_bid,0.5332848315527616,0.17176132320952056,0.19601398267623335,0.8500342835940362
Preble County,vap_aian,pre_20_rep_tru,0.4805903565394401,0.17408203267990194,0.13763700194463122,0.8094628870640185
Preble County,vap_aian,pre_20_dem_bid,0.5194096434605598,0.17408203267990194,0.1905371129359814,0.8623629980553686
Preble County,vap_oth_b,pre_20_rep_tru,0.4596745091479029,0.16605431758005829,0.16936518411620458,0.7938798620099382
Preble County,vap_oth_b,pre_20_dem_bid,0.540325490852097,0.16605431758005829,0.20612013799006176,0.8306348158837953
Putnam County,vap_white,pre_16_rep_tru,0.8640040141128568,0.00836756252643286,0.8464906938836324,0.8789626558730506
Putnam County,vap_white,pre_16_dem_cli,0.13599598588714332,0.00836756252643286,0.12103734412694936,0.15350930611636765
Putnam County,vap_black,pre_16_rep_tru,0.4926592304696307,0.18696273565159188,0.15184112838732636,0.8507770164538878
Putnam County,vap_black,pre_16_dem_cli,0.5073407695303693,0.18696273565159188,0.1492229835461122,0.8481588716126737
Putnam County,vap_hisp,pre_16_rep_tru,0.4111833149885223,0.15424190019128767,0.1537138117618849,0.7425015032469848
Putnam County,vap_hisp,pre_16_dem_cli,0.5888166850114777,0.15424190019128767,0.25749849675301495,0.846286188238115
Putnam County,vap_asian,pre_16_rep_tru,0.4868919914097886,0.18713592323957712,0.1379672495148297,0.8448432706788905
Putnam County,vap_asian,pre_16_dem_cli,0.5131080085902113,0.18713592323957712,0.15515672932110952,0.8620327504851701
Putnam County,vap_aian,pre_16_rep_tru,0.5273669691047879,0.17182694977093396,0.19705650472415204,0.842946080855743
Putnam County,vap_aian,pre_16_dem_cli,0.47263303089521225,0.17182694977093396,0.15705391914425698,0.8029434952758479
Putnam County,vap_oth_b,pre_16_rep_tru,0.45193727978289566,0.1673710947781883,0.14860577283118862,0.7835384806319748
Putnam County,vap_oth_b,pre_16_dem_cli,0.5480627202171042,0.1673710947781883,0.216461519368025,0.8513942271688112
Putnam County,vap_white,uss_16_rep_por,0.8885618026970897,0.00758807347009273,0.8722568535894754,0.9022283129195195
Putnam County,vap_white,uss_16_dem_str,0.11143819730291032,0.00758807347009273,0.09777168708048042,0.12774314641052475
Putnam County,vap_black,uss_16_rep_por,0.4743302553221021,0.18109558677280777,0.1456499716084771,0.8279233283065789
Putnam County,vap_black,uss_16_dem_str,0.5256697446778981,0.18109558677280777,0.17207667169342103,0.8543500283915229
Putnam County,vap_hisp,uss_16_rep_por,0.38351505829625826,0.13197193961897927,0.16479742258165295,0.6817069262930805
Putnam County,vap_hisp,uss_16_dem_str,0.6164849417037417,0.13197193961897927,0.3182930737069192,0.8352025774183469
Putnam County,vap_asian,uss_16_rep_por,0.4840507297268465,0.1866443462683572,0.1345786503231201,0.8367819598563663
Putnam County,vap_asian,uss_16_dem_str,0.5159492702731535,0.1866443462683572,0.1632180401436336,0.8654213496768797
Putnam County,vap_aian,uss_16_rep_por,0.4945547595401695,0.1805877928087546,0.15943431580589768,0.8247442694594151
Putnam County,vap_aian,uss_16_dem_str,0.5054452404598306,0.1805877928087546,0.17525573054058496,0.8405656841941024
Putnam County,vap_oth_b,uss_16_rep_por,0.4588045233761638,0.16889931245339235,0.151052152208032,0.7882891736304313
Putnam County,vap_oth_b,uss_16_dem_str,0.5411954766238362,0.16889931245339235,0.21171082636956864,0.8489478477919679
Putnam County,vap_white,uss_18_rep_ren,0.7185111664164903,0.00943911776773674,0.6996942288616678,0.736231522157435
Putnam County,vap_white,uss_18_dem_bro,0.28148883358350973,0.00943911776773674,0.26376847784256496,0.30030577113833223
Putnam County,vap_black,uss_18_rep_ren,0.5114119868874333,0.1766257816548599,0.17129297280084493,0.8383266541179439
Putnam County,vap_black,uss_18_dem_bro,0.4885880131125667,0.1766257816548599,0.16167334588205595,0.8287070271991549
Putnam County,vap_hisp,uss_18_rep_ren,0.427568985030486,0.16643954442331926,0.13249051191586125,0.7497830822025727
Putnam County,vap_hisp,uss_18_dem_bro,0.5724310149695139,0.16643954442331926,0.25021691779742716,0.8675094880841386
Putnam County,vap_asian,uss_18_rep_ren,0.4852022047020253,0.18494136739398687,0.14358457053968546,0.8377543612031118
Putnam County,vap_asian,uss_18_dem_bro,0.5147977952979748,0.18494136739398687,0.1622456387968882,0.8564154294603143
Putnam County,vap_aian,uss_18_rep_ren,0.5037643128921002,0.1838601072323445,0.16132580916728825,0.8602987398922406
Putnam County,vap_aian,uss_18_dem_bro,0.49623568710789984,0.1838601072323445,0.13970126010775935,0.8386741908327118
Putnam County,vap_oth_b,uss_18_rep_ren,0.4921825937914187,0.1701634324711627,0.17940543918999266,0.8108213446328589
Putnam County,vap_oth_b,uss_18_dem_bro,0.5078174062085812,0.1701634324711627,0.18917865536714104,0.8205945608100073
Putnam County,vap_white,gov_18_rep_dew,0.839671801296054,0.00855235342302487,0.8227470926448559,0.8558258888558865
Putnam County,vap_white,gov_18_dem_cor,0.160328198703946,0.00855235342302487,0.1441741111441135,0.17725290735514415
Putnam County,vap_black,gov_18_rep_dew,0.48838577285470247,0.1753895113780037,0.16024518289185752,0.8300560678466565
Putnam County,vap_black,gov_18_dem_cor,0.5116142271452976,0.1753895113780037,0.16994393215334358,0.8397548171081424
Putnam County,vap_hisp,gov_18_rep_dew,0.4130758131512142,0.15112469814874083,0.13264280973449,0.7110561506354931
Putnam County,vap_hisp,gov_18_dem_cor,0.5869241868487857,0.15112469814874083,0.2889438493645068,0.8673571902655098
Putnam County,vap_asian,gov_18_rep_dew,0.4989510470303042,0.1938800707285941,0.13733961156790292,0.8711559888061275
Putnam County,vap_asian,gov_18_dem_cor,0.5010489529696959,0.1938800707285941,0.12884401119387237,0.862660388432097
Putnam County,vap_aian,gov_18_rep_dew,0.4878134200364681,0.17615510995018016,0.16490680939306868,0.8198676249185207
Putnam County,vap_aian,gov_18_dem_cor,0.5121865799635319,0.17615510995018016,0.18013237508147917,0.8350931906069314
Putnam County,vap_oth_b,gov_18_rep_dew,0.48993822474710946,0.17092489215919618,0.17345391815945332,0.8178104853088243
Putnam County,vap_oth_b,gov_18_dem_cor,0.5100617752528904,0.17092489215919618,0.18218951469117572,0.8265460818405465
Putnam County,vap_white,atg_18_rep_yos,0.8332972149772333,0.0086887541438958,0.8156307953130375,0.8491242354704018
Putnam County,vap_white,atg_18_dem_det,0.1667027850227667,0.0086887541438958,0.1508757645295982,0.1843692046869624
Putnam County,vap_black,atg_18_rep_yos,0.5040415805468652,0.1767350327346785,0.16945001495622475,0.8308981540304086
Putnam County,vap_black,atg_18_dem_det,0.4959584194531349,0.1767350327346785,0.1691018459695914,0.8305499850437753
Putnam County,vap_hisp,atg_18_rep_yos,0.4211532461202197,0.15366451701064737,0.15462098279095696,0.7458054567967556
Putnam County,vap_hisp,atg_18_dem_det,0.5788467538797802,0.15366451701064737,0.25419454320324414,0.8453790172090428
Putnam County,vap_asian,atg_18_rep_yos,0.4770075690859899,0.17803146344163,0.15270107904200836,0.8151883895488604
Putnam County,vap_asian,atg_18_dem_det,0.5229924309140102,0.17803146344163,0.1848116104511392,0.8472989209579916
Putnam County,vap_aian,atg_18_rep_yos,0.4974416853380656,0.17566494704702657,0.16454241932290772,0.832003404511756
Putnam County,vap_aian,atg_18_dem_det,0.5025583146619345,0.17566494704702657,0.16799659548824403,0.8354575806770923
Putnam County,vap_oth_b,atg_18_rep_yos,0.47442125318831013,0.1742282883439311,0.14684370404443678,0.8128892452721203
Putnam County,vap_oth_b,atg_18_dem_det,0.5255787468116898,0.1742282883439311,0.18711075472787952,0.853156295955563
Putnam County,vap_white,sos_18_rep_lar,0.8433055467786047,0.00823496725343031,0.826259988024872,0.8579285524379104
Putnam County,vap_white,sos_18_dem_cly,0.1566944532213953,0.00823496725343031,0.1420714475620896,0.17374001197512792
Putnam County,vap_black,sos_18_rep_lar,0.4872204320062919,0.17212155754767566,0.16010766094308887,0.8121797162665834
Putnam County,vap_black,sos_18_dem_cly,0.512779567993708,0.17212155754767566,0.1878202837334166,0.8398923390569111
Putnam County,vap_hisp,sos_18_rep_lar,0.39075876058110864,0.14230106007657975,0.159217850743741,0.6979908310558623
Putnam County,vap_hisp,sos_18_dem_cly,0.6092412394188913,0.14230106007657975,0.3020091689441375,0.8407821492562589
Putnam County,vap_asian,sos_18_rep_lar,0.4866810797128278,0.18608267827233232,0.14003776515933883,0.8552072809112549
Putnam County,vap_asian,sos_18_dem_cly,0.5133189202871722,0.18608267827233232,0.14479271908874491,0.8599622348406613
Putnam County,vap_aian,sos_18_rep_lar,0.5011041886303685,0.17117431813145814,0.18769632127821148,0.8238225123099195
Putnam County,vap_aian,sos_18_dem_cly,0.4988958113696315,0.17117431813145814,0.17617748769008051,0.8123036787217882
Putnam County,vap_oth_b,sos_18_rep_lar,0.4575437667012931,0.1605246525500698,0.1559457299073236,0.7787566916064169
Putnam County,vap_oth_b,sos_18_dem_cly,0.5424562332987067,0.1605246525500698,0.22124330839358308,0.8440542700926762
Putnam County,vap_white,pre_20_rep_tru,0.8633019962013316,0.00793619227337559,0.8470406624543521,0.8778888110492526
Putnam County,vap_white,pre_20_dem_bid,0.13669800379866837,0.00793619227337559,0.12211118895074737,0.15295933754564808
Putnam County,vap_black,pre_20_rep_tru,0.5080379868037065,0.1804919413389288,0.16877047229497097,0.8475436170480605
Putnam County,vap_black,pre_20_dem_bid,0.4919620131962935,0.1804919413389288,0.15245638295193945,0.8312295277050289
Putnam County,vap_hisp,pre_20_rep_tru,0.4278101576341178,0.143188912299656,0.17833012637430126,0.7252129201184321
Putnam County,vap_hisp,pre_20_dem_bid,0.5721898423658821,0.143188912299656,0.2747870798815678,0.8216698736256988
Putnam County,vap_asian,pre_20_rep_tru,0.4678047125839515,0.17659386727049278,0.143237151695958,0.8116404837144294
Putnam County,vap_asian,pre_20_dem_bid,0.5321952874160485,0.17659386727049278,0.18835951628557063,0.8567628483040419
Putnam County,vap_aian,pre_20_rep_tru,0.5098313943337539,0.16916799538122268,0.1920243529377393,0.8287318833357206
Putnam County,vap_aian,pre_20_dem_bid,0.4901686056662461,0.16916799538122268,0.17126811666427935,0.8079756470622608
Putnam County,vap_oth_b,pre_20_rep_tru,0.4696520416774118,0.17315111813849582,0.16501570270243202,0.8195686900932908
Putnam County,vap_oth_b,pre_20_dem_bid,0.5303479583225881,0.17315111813849582,0.18043130990670864,0.8349842972975678
Richland County,vap_white,pre_16_rep_tru,0.7490848330499489,0.00619143600804184,0.7361631565377048,0.7603660077229517
Richland County,vap_white,pre_16_dem_cli,0.2509151669500511,0.00619143600804184,0.23963399227704835,0.2638368434622952
Richland County,vap_black,pre_16_rep_tru,0.11497789196192336,0.03224485521887898,0.06339929944137843,0.189211919502339
Richland County,vap_black,pre_16_dem_cli,0.8850221080380766,0.03224485521887898,0.8107880804976608,0.9366007005586215
Richland County,vap_hisp,pre_16_rep_tru,0.3728394730142697,0.14852099319301068,0.12995024861836363,0.7052594585276697
Richland County,vap_hisp,pre_16_dem_cli,0.6271605269857303,0.14852099319301068,0.2947405414723298,0.8700497513816363
Richland County,vap_asian,pre_16_rep_tru,0.47885062710580006,0.1497998026334765,0.20569330232613908,0.7564216967808417
Richland County,vap_asian,pre_16_dem_cli,0.5211493728941998,0.1497998026334765,0.24357830321915808,0.7943066976738608
Richland County,vap_aian,pre_16_rep_tru,0.484613602034752,0.16650006686785868,0.1893780340517295,0.8180910083014542
Richland County,vap_aian,pre_16_dem_cli,0.515386397965248,0.16650006686785868,0.18190899169854585,0.8106219659482704
Richland County,vap_oth_b,pre_16_rep_tru,0.2671630540778188,0.10108336184387216,0.10416686722946727,0.4877960479404231
Richland County,vap_oth_b,pre_16_dem_cli,0.7328369459221813,0.10108336184387216,0.5122039520595769,0.8958331327705326
Richland County,vap_white,uss_16_rep_por,0.7610157698617174,0.00648728626538023,0.7472366066805635,0.7730631087366278
Richland County,vap_white,uss_16_dem_str,0.23898423013828268,0.00648728626538023,0.22693689126337227,0.25276339331943654
Richland County,vap_black,uss_16_rep_por,0.1139664354532504,0.03560880197311381,0.05806686219927565,0.1980376765154
Richland County,vap_black,uss_16_dem_str,0.8860335645467495,0.03560880197311381,0.8019623234846,0.9419331378007244
Richland County,vap_hisp,uss_16_rep_por,0.3943648705291091,0.1511836063010165,0.14284490185544693,0.7455812682714025
Richland County,vap_hisp,uss_16_dem_str,0.6056351294708908,0.1511836063010165,0.2544187317285973,0.8571550981445529
Richland County,vap_asian,uss_16_rep_por,0.49150672247057586,0.16029420089334395,0.18072443498261137,0.7977039441650403
Richland County,vap_asian,uss_16_dem_str,0.5084932775294241,0.16029420089334395,0.2022960558349596,0.8192755650173884
Richland County,vap_aian,uss_16_rep_por,0.4680786214599385,0.15746297317330882,0.19027607030407584,0.7755474802662327
Richland County,vap_aian,uss_16_dem_str,0.5319213785400615,0.15746297317330882,0.2244525197337672,0.8097239296959241
Richland County,vap_oth_b,uss_16_rep_por,0.2693998973609848,0.11225699040766551,0.10204406093009144,0.5353766255133746
Richland County,vap_oth_b,uss_16_dem_str,0.7306001026390152,0.11225699040766551,0.4646233744866253,0.8979559390699086
Richland County,vap_white,uss_18_rep_ren,0.6325153304804964,0.00700256594299001,0.6167768159061224,0.6442142755245446
Richland County,vap_white,uss_18_dem_bro,0.3674846695195037,0.00700256594299001,0.3557857244754554,0.3832231840938775
Richland County,vap_black,uss_18_rep_ren,0.08583548945237385,0.03088082587947646,0.03874715137840093,0.15859471583292947
Richland County,vap_black,uss_18_dem_bro,0.9141645105476262,0.03088082587947646,0.8414052841670704,0.961252848621599
Richland County,vap_hisp,uss_18_rep_ren,0.4019364428541842,0.1598277782521821,0.11928985723699896,0.7319220287340441
Richland County,vap_hisp,uss_18_dem_bro,0.5980635571458158,0.1598277782521821,0.2680779712659558,0.8807101427630011
Richland County,vap_asian,uss_18_rep_ren,0.4778769067240568,0.1521805787085669,0.204119220811075,0.7662963373761449
Richland County,vap_asian,uss_18_dem_bro,0.5221230932759431,0.1521805787085669,0.23370366262385495,0.7958807791889249
Richland County,vap_aian,uss_18_rep_ren,0.48161148254484704,0.1590065919101711,0.17845503547021463,0.7645783061177898
Richland County,vap_aian,uss_18_dem_bro,0.5183885174551529,0.1590065919101711,0.23542169388221035,0.8215449645297853
Richland County,vap_oth_b,uss_18_rep_ren,0.31409511847601945,0.13068654251703413,0.11221437420439988,0.6017095344018424
Richland County,vap_oth_b,uss_18_dem_bro,0.6859048815239805,0.13068654251703413,0.3982904655981577,0.8877856257956
Richland County,vap_white,gov_18_rep_dew,0.7018342325394951,0.00632036126230286,0.6890919115206172,0.7132891527069067
Richland County,vap_white,gov_18_dem_cor,0.298165767460505,0.00632036126230286,0.2867108472930932,0.31090808847938284
Richland County,vap_black,gov_18_rep_dew,0.09901744027549866,0.03192858262015381,0.04520607028281619,0.17154205219427104
Richland County,vap_black,gov_18_dem_cor,0.9009825597245014,0.03192858262015381,0.8284579478057289,0.9547939297171836
Richland County,vap_hisp,gov_18_rep_dew,0.40310314098174826,0.14519068508725225,0.14339695550315631,0.6943818097085829
Richland County,vap_hisp,gov_18_dem_cor,0.5968968590182517,0.14519068508725225,0.30561819029141685,0.8566030444968435
Richland County,vap_asian,gov_18_rep_dew,0.46145656065114526,0.15919129488050462,0.15869033490315343,0.7585230754326935
Richland County,vap_asian,gov_18_dem_cor,0.5385434393488546,0.15919129488050462,0.2414769245673063,0.8413096650968465
Richland County,vap_aian,gov_18_rep_dew,0.4784817146328166,0.16597019443894484,0.17478533221903586,0.7842641247795786
Richland County,vap_aian,gov_18_dem_cor,0.5215182853671834,0.16597019443894484,0.21573587522042137,0.8252146677809641
Richland County,vap_oth_b,gov_18_rep_dew,0.285223007844068,0.11380956196817396,0.11625710492173652,0.5420619812812463
Richland County,vap_oth_b,gov_18_dem_cor,0.714776992155932,0.11380956196817396,0.45793801871875367,0.8837428950782635
Richland County,vap_white,atg_18_rep_yos,0.7045046459786514,0.00696571774826725,0.6893302492106508,0.7168747343310603
Richland County,vap_white,atg_18_dem_det,0.29549535402134863,0.00696571774826725,0.2831252656689397,0.3106697507893491
Richland County,vap_black,atg_18_rep_yos,0.08008345807427228,0.03108900009827077,0.02970854248088583,0.15079255218095453
Richland County,vap_black,atg_18_dem_det,0.9199165419257276,0.03108900009827077,0.8492074478190454,0.9702914575191142
Richland County,vap_hisp,atg_18_rep_yos,0.2529862316300107,0.16367621011067707,0.06014115920960369,0.6404777466016341
Richland County,vap_hisp,atg_18_dem_det,0.7470137683699892,0.16367621011067707,0.35952225339836547,0.9398588407903964
Richland County,vap_asian,atg_18_rep_yos,0.544299213231311,0.1675415666417766,0.23450201502675472,0.8836452136433235
Richland County,vap_asian,atg_18_dem_det,0.4557007867686889,0.1675415666417766,0.11635478635667636,0.7654979849732451
Richland County,vap_aian,atg_18_rep_yos,0.45696786717862153,0.1585865478124882,0.15660388730765254,0.7587395790108336
Richland County,vap_aian,atg_18_dem_det,0.5430321328213784,0.1585865478124882,0.2412604209891662,0.8433961126923474
Richland County,vap_oth_b,atg_18_rep_yos,0.27927725332158593,0.1188948529571281,0.1020884770824289,0.5545429794713406
Richland County,vap_oth_b,atg_18_dem_det,0.7207227466784141,0.1188948529571281,0.4454570205286591,0.8979115229175711
Richland County,vap_white,sos_18_rep_lar,0.7007417217832071,0.00736398959125851,0.6856796684295883,0.7144781101189345
Richland County,vap_white,sos_18_dem_cly,0.29925827821679285,0.00736398959125851,0.2855218898810656,0.3143203315704117
Richland County,vap_black,sos_18_rep_lar,0.09579488594857924,0.03214288414307583,0.04481619316671648,0.17090425387895944
Richland County,vap_black,sos_18_dem_cly,0.9042051140514208,0.03214288414307583,0.8290957461210404,0.9551838068332834
Richland County,vap_hisp,sos_18_rep_lar,0.3744799930831419,0.15945274508892313,0.11199955770851856,0.6885404555881772
Richland County,vap_hisp,sos_18_dem_cly,0.6255200069168579,0.15945274508892313,0.3114595444118226,0.8880004422914813
Richland County,vap_asian,sos_18_rep_lar,0.5042095010767896,0.1622968133551712,0.21738314101773665,0.8345595698350894
Richland County,vap_asian,sos_18_dem_cly,0.49579049892321025,0.1622968133551712,0.1654404301649105,0.7826168589822632
Richland County,vap_aian,sos_18_rep_lar,0.47137994604603134,0.16860760268057168,0.16363770567299588,0.8065063878770028
Richland County,vap_aian,sos_18_dem_cly,0.5286200539539686,0.16860760268057168,0.19349361212299704,0.836362294327004
Richland County,vap_oth_b,sos_18_rep_lar,0.2946616170882673,0.12718445684096774,0.0861557851400653,0.5637408147421835
Richland County,vap_oth_b,sos_18_dem_cly,0.7053383829117327,0.12718445684096774,0.4362591852578166,0.9138442148599348
Richland County,vap_white,pre_20_rep_tru,0.7597146297589302,0.00640205119370047,0.7457477870932906,0.7705685937932061
Richland County,vap_white,pre_20_dem_bid,0.24028537024106983,0.00640205119370047,0.22943140620679384,0.2542522129067095
Richland County,vap_black,pre_20_rep_tru,0.1279067342889435,0.03572090253834088,0.07064753500613857,0.2099686716324786
Richland County,vap_black,pre_20_dem_bid,0.8720932657110565,0.03572090253834088,0.7900313283675213,0.9293524649938616
Richland County,vap_hisp,pre_20_rep_tru,0.3690578980639189,0.1495699969849262,0.1203507044293788,0.7117780670810238
Richland County,vap_hisp,pre_20_dem_bid,0.630942101936081,0.1495699969849262,0.288221932918976,0.8796492955706211
Richland County,vap_asian,pre_20_rep_tru,0.42610848258156664,0.16893754535168498,0.1073676086858844,0.7471145008655972
Richland County,vap_asian,pre_20_dem_bid,0.5738915174184333,0.16893754535168498,0.2528854991344026,0.8926323913141154
Richland County,vap_aian,pre_20_rep_tru,0.4694130850811312,0.1528328232279535,0.1937566362724299,0.7978088151531236
Richland County,vap_aian,pre_20_dem_bid,0.5305869149188688,0.1528328232279535,0.20219118484687623,0.80624336372757
Richland County,vap_oth_b,pre_20_rep_tru,0.26760206374542667,0.12376156518861124,0.09122136273311542,0.5484912108382707
Richland County,vap_oth_b,pre_20_dem_bid,0.7323979362545734,0.12376156518861124,0.45150878916172926,0.9087786372668846
Ross County,vap_white,pre_16_rep_tru,0.6561549885790133,0.00892801251534477,0.6373707064716194,0.671957912941028
Ross County,vap_white,pre_16_dem_cli,0.3438450114209867,0.00892801251534477,0.3280420870589721,0.36262929352838047
Ross County,vap_black,pre_16_rep_tru,0.39252334330411615,0.12069418161528216,0.19406736954117543,0.6556255286233758
Ross County,vap_black,pre_16_dem_cli,0.6074766566958838,0.12069418161528216,0.3443744713766242,0.8059326304588246
Ross County,vap_hisp,pre_16_rep_tru,0.4772787470577712,0.16799682830663415,0.16118085902250442,0.7957281252557658
Ross County,vap_hisp,pre_16_dem_cli,0.5227212529422288,0.16799682830663415,0.20427187474423425,0.8388191409774954
Ross County,vap_asian,pre_16_rep_tru,0.5098907954477676,0.16633417005017875,0.1858539134725113,0.8218927514816892
Ross County,vap_asian,pre_16_dem_cli,0.4901092045522324,0.16633417005017875,0.1781072485183109,0.8141460865274885
Ross County,vap_aian,pre_16_rep_tru,0.4705490902688311,0.1707211732274676,0.13617308204971082,0.7771470406296728
Ross County,vap_aian,pre_16_dem_cli,0.5294509097311688,0.1707211732274676,0.2228529593703271,0.8638269179502891
Ross County,vap_oth_b,pre_16_rep_tru,0.39823216416754265,0.14356200936324454,0.1593938113888693,0.7147506176657532
Ross County,vap_oth_b,pre_16_dem_cli,0.6017678358324574,0.14356200936324454,0.28524938233424674,0.8406061886111308
Ross County,vap_white,uss_16_rep_por,0.6861302609917408,0.0097086367336612,0.6673434471697234,0.7045259853534926
Ross County,vap_white,uss_16_dem_str,0.31386973900825926,0.0097086367336612,0.2954740146465074,0.3326565528302766
Ross County,vap_black,uss_16_rep_por,0.4287083716310876,0.12382748281457136,0.18671750416037589,0.6748424603659632
Ross County,vap_black,uss_16_dem_str,0.5712916283689123,0.12382748281457136,0.3251575396340366,0.813282495839624
Ross County,vap_hisp,uss_16_rep_por,0.48974485687243896,0.15639085075194464,0.21095070472959404,0.8003497444299577
Ross County,vap_hisp,uss_16_dem_str,0.510255143127561,0.15639085075194464,0.19965025557004223,0.7890492952704058
Ross County,vap_asian,uss_16_rep_por,0.5106919638101641,0.16155712619080995,0.1969036830626044,0.8116273178954075
Ross County,vap_asian,uss_16_dem_str,0.4893080361898359,0.16155712619080995,0.18837268210459243,0.8030963169373955
Ross County,vap_aian,uss_16_rep_por,0.520524173702267,0.14823575074239362,0.2394380405307664,0.7931401375012895
Ross County,vap_aian,uss_16_dem_str,0.47947582629773294,0.14823575074239362,0.20685986249871052,0.7605619594692333
Ross County,vap_oth_b,uss_16_rep_por,0.3982262684598694,0.16131235802500854,0.1383643165344249,0.730760996390521
Ross County,vap_oth_b,uss_16_dem_str,0.6017737315401306,0.16131235802500854,0.2692390036094788,0.8616356834655752
Ross County,vap_white,uss_18_rep_ren,0.5525810927210318,0.00989481553215475,0.5327197839073762,0.571070751369978
Ross County,vap_white,uss_18_dem_bro,0.4474189072789682,0.00989481553215475,0.4289292486300219,0.467280216092624
Ross County,vap_black,uss_18_rep_ren,0.35416547849773905,0.13817846397922098,0.1363250467140699,0.6595897467296102
Ross County,vap_black,uss_18_dem_bro,0.645834521502261,0.13817846397922098,0.3404102532703896,0.8636749532859298
Ross County,vap_hisp,uss_18_rep_ren,0.4834869989203352,0.17173159284370706,0.16387567060136285,0.8117920166208271
Ross County,vap_hisp,uss_18_dem_bro,0.5165130010796648,0.17173159284370706,0.18820798337917288,0.836124329398637
Ross County,vap_asian,uss_18_rep_ren,0.483899603794941,0.15474528170756163,0.20311154740915105,0.7803781397921244
Ross County,vap_asian,uss_18_dem_bro,0.5161003962050589,0.15474528170756163,0.2196218602078755,0.7968884525908488
Ross County,vap_aian,uss_18_rep_ren,0.5061895791906116,0.16078736144334088,0.2002903583724388,0.8050728733809037
Ross County,vap_aian,uss_18_dem_bro,0.4938104208093883,0.16078736144334088,0.1949271266190959,0.7997096416275612
Ross County,vap_oth_b,uss_18_rep_ren,0.4582268435386227,0.15433580059466775,0.18087118156554507,0.763375592964471
Ross County,vap_oth_b,uss_18_dem_bro,0.5417731564613774,0.15433580059466775,0.23662440703552884,0.819128818434455
Ross County,vap_white,gov_18_rep_dew,0.6292022496849851,0.0108697882230407,0.6074772913208744,0.6492913763717599
Ross County,vap_white,gov_18_dem_cor,0.37079775031501494,0.0108697882230407,0.35070862362824007,0.3925227086791256
Ross County,vap_black,gov_18_rep_dew,0.3861264344444821,0.12976479590489362,0.16258964964182554,0.6803355434665835
Ross County,vap_black,gov_18_dem_cor,0.6138735655555179,0.12976479590489362,0.31966445653341635,0.8374103503581745
Ross County,vap_hisp,gov_18_rep_dew,0.46364817845588285,0.16065894182929052,0.1580665421935374,0.773896954999954
Ross County,vap_hisp,gov_18_dem_cor,0.5363518215441171,0.16065894182929052,0.22610304500004583,0.8419334578064626
Ross County,vap_asian,gov_18_rep_dew,0.4276104239926953,0.18456127483465157,0.11293865419580978,0.792613794680028
Ross County,vap_asian,gov_18_dem_cor,0.5723895760073047,0.18456127483465157,0.20738620531997204,0.8870613458041902
Ross County,vap_aian,gov_18_rep_dew,0.4934212933448871,0.17058996329485646,0.17518310476748833,0.8060111271365539
Ross County,vap_aian,gov_18_dem_cor,0.5065787066551128,0.17058996329485646,0.193988872863446,0.8248168952325114
Ross County,vap_oth_b,gov_18_rep_dew,0.42895308320022263,0.17735776877007536,0.12175274073047224,0.7957544956270011
Ross County,vap_oth_b,gov_18_dem_cor,0.5710469167997774,0.17735776877007536,0.204245504372999,0.8782472592695277
Ross County,vap_white,atg_18_rep_yos,0.6309350014249867,0.01003876760228143,0.6113694289703043,0.6496227120111439
Ross County,vap_white,atg_18_dem_det,0.36906499857501335,0.01003876760228143,0.35037728798885603,0.38863057102969567
Ross County,vap_black,atg_18_rep_yos,0.3928514708528854,0.13363509189555195,0.17534703350421943,0.6936295971974715
Ross County,vap_black,atg_18_dem_det,0.6071485291471145,0.13363509189555195,0.30637040280252825,0.8246529664957805
Ross County,vap_hisp,atg_18_rep_yos,0.5558488109429652,0.21869857089252648,0.19438282844537125,0.922583025023328
Ross County,vap_hisp,atg_18_dem_det,0.4441511890570348,0.21869857089252648,0.077416974976672,0.8056171715546285
Ross County,vap_asian,atg_18_rep_yos,0.5020613508617183,0.17174955324135327,0.19108787299506744,0.8298586748369513
Ross County,vap_asian,atg_18_dem_det,0.4979386491382817,0.17174955324135327,0.17014132516304858,0.8089121270049324
Ross County,vap_aian,atg_18_rep_yos,0.4703796910360897,0.1771460624422212,0.14864515604614395,0.8126858675187273
Ross County,vap_aian,atg_18_dem_det,0.5296203089639103,0.1771460624422212,0.18731413248127268,0.851354843953856
Ross County,vap_oth_b,atg_18_rep_yos,0.4032161884836856,0.15510374837526555,0.13223981187662096,0.7109218168968469
Ross County,vap_oth_b,atg_18_dem_det,0.5967838115163144,0.15510374837526555,0.28907818310315314,0.8677601881233791
Ross County,vap_white,sos_18_rep_lar,0.6188334058295448,0.00967160537002753,0.6000341839677721,0.6378051780841753
Ross County,vap_white,sos_18_dem_cly,0.3811665941704552,0.00967160537002753,0.3621948219158247,0.39996581603222775
Ross County,vap_black,sos_18_rep_lar,0.37473291307529727,0.12570738636555412,0.16291863334064932,0.644312238092618
Ross County,vap_black,sos_18_dem_cly,0.6252670869247027,0.12570738636555412,0.3556877619073819,0.8370813666593504
Ross County,vap_hisp,sos_18_rep_lar,0.4897157634005548,0.1444628079229498,0.23550078809973,0.7786471606671528
Ross County,vap_hisp,sos_18_dem_cly,0.5102842365994452,0.1444628079229498,0.22135283933284705,0.7644992119002699
Ross County,vap_asian,sos_18_rep_lar,0.49536381068080015,0.1706880808231487,0.17426583513570493,0.836076467202686
Ross County,vap_asian,sos_18_dem_cly,0.5046361893191998,0.1706880808231487,0.16392353279731384,0.8257341648642949
Ross County,vap_aian,sos_18_rep_lar,0.4857121872756111,0.17043348681050136,0.15698324814933717,0.7993971885382762
Ross County,vap_aian,sos_18_dem_cly,0.5142878127243888,0.17043348681050136,0.2006028114617237,0.8430167518506628
Ross County,vap_oth_b,sos_18_rep_lar,0.44802222700594385,0.1607291972400857,0.1582429839667628,0.773482282984104
Ross County,vap_oth_b,sos_18_dem_cly,0.5519777729940561,0.1607291972400857,0.226517717015896,0.8417570160332372
Ross County,vap_white,pre_20_rep_tru,0.6956043136727857,0.0091539238842643,0.6765567189307272,0.7124442510423884
Ross County,vap_white,pre_20_dem_bid,0.30439568632721425,0.0091539238842643,0.2875557489576116,0.32344328106927267
Ross County,vap_black,pre_20_rep_tru,0.3835503626950159,0.11495697619132748,0.1960648122714377,0.6437736735234995
Ross County,vap_black,pre_20_dem_bid,0.616449637304984,0.11495697619132748,0.35622632647650054,0.8039351877285621
Ross County,vap_hisp,pre_20_rep_tru,0.5140744449132739,0.1592099235577165,0.20035513649844391,0.8114787639468987
Ross County,vap_hisp,pre_20_dem_bid,0.485925555086726,0.1592099235577165,0.18852123605310123,0.7996448635015558
Ross County,vap_asian,pre_20_rep_tru,0.4862242501422108,0.175929294372169,0.15371860270327048,0.805955380803763
Ross County,vap_asian,pre_20_dem_bid,0.5137757498577892,0.175929294372169,0.1940446191962369,0.8462813972967295
Ross County,vap_aian,pre_20_rep_tru,0.5348193345672614,0.17159689267479453,0.1845403433751255,0.8485532427327543
Ross County,vap_aian,pre_20_dem_bid,0.46518066543273856,0.17159689267479453,0.15144675726724555,0.8154596566248744
Ross County,vap_oth_b,pre_20_rep_tru,0.4322623235909866,0.1508741525298801,0.18047372295901404,0.7463156952873953
Ross County,vap_oth_b,pre_20_dem_bid,0.5677376764090135,0.1508741525298801,0.2536843047126048,0.819526277040986
Sandusky County,vap_white,pre_16_rep_tru,0.6747457639770829,0.0113396405250834,0.6497638625193594,0.694289419624525
Sandusky County,vap_white,pre_16_dem_cli,0.32525423602291714,0.0113396405250834,0.305710580375475,0.35023613748064064
Sandusky County,vap_black,pre_16_rep_tru,0.2694997793426447,0.12887319908388287,0.07742153071312828,0.5725855122457724
Sandusky County,vap_black,pre_16_dem_cli,0.7305002206573554,0.12887319908388287,0.4274144877542277,0.9225784692868718
Sandusky County,vap_hisp,pre_16_rep_tru,0.19183795138357404,0.08529155352485233,0.06388910146398064,0.4014114967263897
Sandusky County,vap_hisp,pre_16_dem_cli,0.808162048616426,0.08529155352485233,0.5985885032736104,0.9361108985360193
Sandusky County,vap_asian,pre_16_rep_tru,0.4955332057992614,0.15616256618738297,0.20227164383621132,0.8000349436221661
Sandusky County,vap_asian,pre_16_dem_cli,0.5044667942007386,0.15616256618738297,0.19996505637783385,0.7977283561637886
Sandusky County,vap_aian,pre_16_rep_tru,0.49886912953941703,0.15621276357673192,0.19112089146363268,0.7981664102227399
Sandusky County,vap_aian,pre_16_dem_cli,0.501130870460583,0.15621276357673192,0.2018335897772598,0.8088791085363672
Sandusky County,vap_oth_b,pre_16_rep_tru,0.4259120117601685,0.15638543566792765,0.15428032164157585,0.7564379610394578
Sandusky County,vap_oth_b,pre_16_dem_cli,0.5740879882398314,0.15638543566792765,0.2435620389605421,0.845719678358424
Sandusky County,vap_white,uss_16_rep_por,0.7675154420255138,0.01095621923125717,0.7442000372492246,0.7873990200084425
Sandusky County,vap_white,uss_16_dem_str,0.23248455797448617,0.01095621923125717,0.21260097999155736,0.2557999627507754
Sandusky County,vap_black,uss_16_rep_por,0.28280915680477203,0.1207534398197825,0.09172827495964898,0.556083973466678
Sandusky County,vap_black,uss_16_dem_str,0.717190843195228,0.1207534398197825,0.4439160265333219,0.908271725040351
Sandusky County,vap_hisp,uss_16_rep_por,0.21077638398802456,0.08683003937586897,0.0763080851219721,0.408191827293547
Sandusky County,vap_hisp,uss_16_dem_str,0.7892236160119754,0.08683003937586897,0.5918081727064531,0.923691914878028
Sandusky County,vap_asian,uss_16_rep_por,0.5445997053432227,0.1893424173264993,0.1965398221339942,0.8978466904095395
Sandusky County,vap_asian,uss_16_dem_str,0.4554002946567774,0.1893424173264993,0.10215330959046053,0.8034601778660057
Sandusky County,vap_aian,uss_16_rep_por,0.5171777851130437,0.1747621787070817,0.19390538886873027,0.8423652241637583
Sandusky County,vap_aian,uss_16_dem_str,0.4828222148869563,0.1747621787070817,0.1576347758362417,0.8060946111312697
Sandusky County,vap_oth_b,uss_16_rep_por,0.42018116786701704,0.1567738469225751,0.14525195663013865,0.7330408587334927
Sandusky County,vap_oth_b,uss_16_dem_str,0.5798188321329829,0.1567738469225751,0.2669591412665073,0.8547480433698613
Sandusky County,vap_white,uss_18_rep_ren,0.5340893071491165,0.01173922749212149,0.5084428070851,0.5545381686362287
Sandusky County,vap_white,uss_18_dem_bro,0.4659106928508835,0.01173922749212149,0.4454618313637712,0.4915571929149
Sandusky County,vap_black,uss_18_rep_ren,0.2452712989443688,0.12516857183720667,0.06438148949967848,0.5225963845588101
Sandusky County,vap_black,uss_18_dem_bro,0.7547287010556313,0.12516857183720667,0.47740361544118987,0.9356185105003216
Sandusky County,vap_hisp,uss_18_rep_ren,0.21508954316762943,0.09002193814759328,0.08425141677652061,0.43624507140374047
Sandusky County,vap_hisp,uss_18_dem_bro,0.7849104568323706,0.09002193814759328,0.5637549285962595,0.9157485832234796
Sandusky County,vap_asian,uss_18_rep_ren,0.4776281053601807,0.1659171947462956,0.16929650834964952,0.8060447578365724
Sandusky County,vap_asian,uss_18_dem_bro,0.5223718946398193,0.1659171947462956,0.1939552421634275,0.8307034916503504
Sandusky County,vap_aian,uss_18_rep_ren,0.5065593403403855,0.17842333595284446,0.17059251486684418,0.8359657584882526
Sandusky County,vap_aian,uss_18_dem_bro,0.49344065965961453,0.17842333595284446,0.16403424151174728,0.8294074851331559
Sandusky County,vap_oth_b,uss_18_rep_ren,0.4012437710486098,0.1557050977863783,0.14958329592600028,0.7187900770484015
Sandusky County,vap_oth_b,uss_18_dem_bro,0.5987562289513901,0.1557050977863783,0.2812099229515984,0.8504167040739997
Sandusky County,vap_white,gov_18_rep_dew,0.6261637797487767,0.0123979429752123,0.5999466490617674,0.6478416031756393
Sandusky County,vap_white,gov_18_dem_cor,0.3738362202512233,0.0123979429752123,0.35215839682436056,0.40005335093823263
Sandusky County,vap_black,gov_18_rep_dew,0.3293444827400336,0.13291340672733537,0.11547806848632454,0.6312964529097475
Sandusky County,vap_black,gov_18_dem_cor,0.6706555172599664,0.13291340672733537,0.3687035470902523,0.8845219315136754
Sandusky County,vap_hisp,gov_18_rep_dew,0.22365256396117303,0.09873341013045188,0.07643653076801633,0.45851336427028927
Sandusky County,vap_hisp,gov_18_dem_cor,0.7763474360388269,0.09873341013045188,0.5414866357297107,0.9235634692319836
Sandusky County,vap_asian,gov_18_rep_dew,0.4891435952664886,0.16996301681590703,0.17321535580245087,0.8166305333676818
Sandusky County,vap_asian,gov_18_dem_cor,0.5108564047335113,0.16996301681590703,0.18336946663231812,0.8267846441975492
Sandusky County,vap_aian,gov_18_rep_dew,0.4682235811830261,0.166932875236967,0.170350258558145,0.8132090919618514
Sandusky County,vap_aian,gov_18_dem_cor,0.531776418816974,0.166932875236967,0.18679090803814863,0.8296497414418551
Sandusky County,vap_oth_b,gov_18_rep_dew,0.4056466726746851,0.1778180459701347,0.0976344476714302,0.758404600791392
Sandusky County,vap_oth_b,gov_18_dem_cor,0.5943533273253148,0.1778180459701347,0.24159539920860776,0.9023655523285696
Sandusky County,vap_white,atg_18_rep_yos,0.6440827182825895,0.01147830149269888,0.6185048932938303,0.6634471012056906
Sandusky County,vap_white,atg_18_dem_det,0.35591728171741055,0.01147830149269888,0.33655289879430944,0.38149510670616976
Sandusky County,vap_black,atg_18_rep_yos,0.29836133914936647,0.13439587248917614,0.08199387889188672,0.578798709360186
Sandusky County,vap_black,atg_18_dem_det,0.7016386608506335,0.13439587248917614,0.421201290639814,0.9180061211081132
Sandusky County,vap_hisp,atg_18_rep_yos,0.17529717303852865,0.08798662547930626,0.05658558960977139,0.39639323303470153
Sandusky County,vap_hisp,atg_18_dem_det,0.8247028269614713,0.08798662547930626,0.6036067669652984,0.9434144103902286
Sandusky County,vap_asian,atg_18_rep_yos,0.4951521116898674,0.16864220791685938,0.17019469728345665,0.7987938474960183
Sandusky County,vap_asian,atg_18_dem_det,0.5048478883101326,0.16864220791685938,0.2012061525039814,0.8298053027165432
Sandusky County,vap_aian,atg_18_rep_yos,0.48570268910685344,0.177986902869358,0.1710737632746619,0.8273312660189025
Sandusky County,vap_aian,atg_18_dem_det,0.5142973108931466,0.177986902869358,0.1726687339810975,0.828926236725338
Sandusky County,vap_oth_b,atg_18_rep_yos,0.4031670933324308,0.15387436903999427,0.12420735386460054,0.7270387056922673
Sandusky County,vap_oth_b,atg_18_dem_det,0.5968329066675692,0.15387436903999427,0.2729612943077323,0.8757926461353994
Sandusky County,vap_white,sos_18_rep_lar,0.6380229843266328,0.01218493818687169,0.6125222421746067,0.659665921461272
Sandusky County,vap_white,sos_18_dem_cly,0.3619770156733671,0.01218493818687169,0.3403340785387279,0.3874777578253934
Sandusky County,vap_black,sos_18_rep_lar,0.3178980882761035,0.12802040984030114,0.1230884380876851,0.6146869124744633
Sandusky County,vap_black,sos_18_dem_cly,0.6821019117238966,0.12802040984030114,0.3853130875255367,0.876911561912315
Sandusky County,vap_hisp,sos_18_rep_lar,0.2093316530366296,0.09936473179266864,0.06041236021159411,0.4339692568843857
Sandusky County,vap_hisp,sos_18_dem_cly,0.7906683469633704,0.09936473179266864,0.5660307431156142,0.939587639788406
Sandusky County,vap_asian,sos_18_rep_lar,0.4885788571262028,0.18830025322437197,0.13707128975028302,0.8464456454648381
Sandusky County,vap_asian,sos_18_dem_cly,0.5114211428737973,0.18830025322437197,0.15355435453516153,0.8629287102497168
Sandusky County,vap_aian,sos_18_rep_lar,0.5137215546664952,0.17775023671371706,0.16702631032299883,0.8360047562627693
Sandusky County,vap_aian,sos_18_dem_cly,0.4862784453335049,0.17775023671371706,0.16399524373723087,0.8329736896770011
Sandusky County,vap_oth_b,sos_18_rep_lar,0.4120375710445803,0.15640865858453035,0.15360123335053288,0.7419377153503587
Sandusky County,vap_oth_b,sos_18_dem_cly,0.5879624289554196,0.15640865858453035,0.2580622846496411,0.846398766649467
Sandusky County,vap_white,pre_20_rep_tru,0.6964803703707985,0.01149210693144967,0.6701156771332613,0.7158816382940912
Sandusky County,vap_white,pre_20_dem_bid,0.3035196296292015,0.01149210693144967,0.2841183617059088,0.3298843228667387
Sandusky County,vap_black,pre_20_rep_tru,0.2998630913913289,0.13929037406884617,0.08951680895940693,0.6286740857663374
Sandusky County,vap_black,pre_20_dem_bid,0.7001369086086712,0.13929037406884617,0.3713259142336624,0.910483191040593
Sandusky County,vap_hisp,pre_20_rep_tru,0.19255371209551067,0.0907972342010163,0.0728105065132218,0.44313692614807415
Sandusky County,vap_hisp,pre_20_dem_bid,0.8074462879044894,0.0907972342010163,0.5568630738519258,0.9271894934867784
Sandusky County,vap_asian,pre_20_rep_tru,0.4678709407882975,0.165561212192649,0.17198239793266315,0.7889532149165859
Sandusky County,vap_asian,pre_20_dem_bid,0.5321290592117024,0.165561212192649,0.21104678508341387,0.8280176020673369
Sandusky County,vap_aian,pre_20_rep_tru,0.5025277109396755,0.15552322296586546,0.20614056734651515,0.7927126589236234
Sandusky County,vap_aian,pre_20_dem_bid,0.4974722890603245,0.15552322296586546,0.20728734107637625,0.7938594326534848
Sandusky County,vap_oth_b,pre_20_rep_tru,0.39342162883107223,0.1593051317550089,0.12298784377041518,0.7374098663057786
Sandusky County,vap_oth_b,pre_20_dem_bid,0.6065783711689277,0.1593051317550089,0.262590133694221,0.8770121562295847
Scioto County,vap_white,pre_16_rep_tru,0.705492290422467,0.00735717310166224,0.6895202556538694,0.7181329757656211
Scioto County,vap_white,pre_16_dem_cli,0.29450770957753303,0.00735717310166224,0.28186702423437887,0.3104797443461306
Scioto County,vap_black,pre_16_rep_tru,0.3766218067253914,0.1008310006537343,0.20517942561875577,0.5919935663658362
Scioto County,vap_black,pre_16_dem_cli,0.6233781932746085,0.1008310006537343,0.40800643363416367,0.7948205743812442
Scioto County,vap_hisp,pre_16_rep_tru,0.44258815514669314,0.176743002184047,0.14058125345152697,0.8103889583852134
Scioto County,vap_hisp,pre_16_dem_cli,0.5574118448533069,0.176743002184047,0.1896110416147865,0.8594187465484728
Scioto County,vap_asian,pre_16_rep_tru,0.49278112848324407,0.15012981700048988,0.2134516202390963,0.779586502831657
Scioto County,vap_asian,pre_16_dem_cli,0.5072188715167559,0.15012981700048988,0.2204134971683428,0.7865483797609037
Scioto County,vap_aian,pre_16_rep_tru,0.4986925383158195,0.16751014414878074,0.1951135101378265,0.8268538226767599
Scioto County,vap_aian,pre_16_dem_cli,0.5013074616841804,0.16751014414878074,0.17314617732323992,0.8048864898621734
Scioto County,vap_oth_b,pre_16_rep_tru,0.3903270462215133,0.1567350262249624,0.13903028337852336,0.7206638250360015
Scioto County,vap_oth_b,pre_16_dem_cli,0.6096729537784866,0.1567350262249624,0.27933617496399843,0.8609697166214765
Scioto County,vap_white,uss_16_rep_por,0.6649959022163429,0.00705133094580757,0.6502153750105645,0.6777219992197403
Scioto County,vap_white,uss_16_dem_str,0.3350040977836571,0.00705133094580757,0.3222780007802596,0.34978462498943536
Scioto County,vap_black,uss_16_rep_por,0.3428599158132471,0.10625075456175084,0.16295244759852465,0.5754823662353161
Scioto County,vap_black,uss_16_dem_str,0.657140084186753,0.10625075456175084,0.4245176337646838,0.8370475524014753
Scioto County,vap_hisp,uss_16_rep_por,0.43193485055532793,0.1578928732706348,0.1442874263116135,0.744211158353354
Scioto County,vap_hisp,uss_16_dem_str,0.568065149444672,0.1578928732706348,0.2557888416466458,0.8557125736883863
Scioto County,vap_asian,uss_16_rep_por,0.4203941417484075,0.20415066384070168,0.08271941375090433,0.7971895670192173
Scioto County,vap_asian,uss_16_dem_str,0.5796058582515925,0.20415066384070168,0.2028104329807827,0.9172805862490958
Scioto County,vap_aian,uss_16_rep_por,0.5069016335905892,0.17242381994245226,0.165269256841004,0.798720491934461
Scioto County,vap_aian,uss_16_dem_str,0.49309836640941074,0.17242381994245226,0.20127950806553896,0.8347307431589959
Scioto County,vap_oth_b,uss_16_rep_por,0.3878416297434236,0.15040359404625273,0.14695888693841974,0.7210757058146471
Scioto County,vap_oth_b,uss_16_dem_str,0.6121583702565763,0.15040359404625273,0.27892429418535286,0.8530411130615803
Scioto County,vap_white,uss_18_rep_ren,0.5519145699489851,0.00759903972392412,0.5362496622854104,0.5658833885977603
Scioto County,vap_white,uss_18_dem_bro,0.4480854300510148,0.00759903972392412,0.4341166114022396,0.4637503377145896
Scioto County,vap_black,uss_18_rep_ren,0.3279196752235976,0.10000800062414648,0.15981396757766275,0.5377861066682706
Scioto County,vap_black,uss_18_dem_bro,0.6720803247764023,0.10000800062414648,0.4622138933317292,0.8401860324223371
Scioto County,vap_hisp,uss_18_rep_ren,0.4527127254545808,0.16255694091184966,0.15686625403542756,0.7621258453334071
Scioto County,vap_hisp,uss_18_dem_bro,0.5472872745454191,0.16255694091184966,0.23787415466659276,0.8431337459645724
Scioto County,vap_asian,uss_18_rep_ren,0.4559700283048727,0.17144845001764691,0.1402845420876785,0.7854944927912578
Scioto County,vap_asian,uss_18_dem_bro,0.5440299716951273,0.17144845001764691,0.21450550720874229,0.8597154579123213
Scioto County,vap_aian,uss_18_rep_ren,0.44481129840080186,0.15842015922157315,0.1732441077966682,0.7664359453247395
Scioto County,vap_aian,uss_18_dem_bro,0.5551887015991981,0.15842015922157315,0.2335640546752604,0.8267558922033316
Scioto County,vap_oth_b,uss_18_rep_ren,0.4157076819942695,0.17068101602117747,0.1301238217655768,0.7827661417282286
Scioto County,vap_oth_b,uss_18_dem_bro,0.5842923180057303,0.17068101602117747,0.21723385827177147,0.869876178234423
Scioto County,vap_white,gov_18_rep_dew,0.627096491604224,0.00724999799796199,0.6123249451258032,0.6406666810961562
Scioto County,vap_white,gov_18_dem_cor,0.372903508395776,0.00724999799796198,0.35933331890384373,0.38767505487419673
Scioto County,vap_black,gov_18_rep_dew,0.3691185730714054,0.1000082580670928,0.1984638875404836,0.5816273373547725
Scioto County,vap_black,gov_18_dem_cor,0.6308814269285946,0.1000082580670928,0.41837266264522743,0.8015361124595163
Scioto County,vap_hisp,gov_18_rep_dew,0.4372719879589639,0.15582039639335116,0.15667931864112003,0.7397749115475123
Scioto County,vap_hisp,gov_18_dem_cor,0.5627280120410361,0.15582039639335116,0.26022508845248765,0.8433206813588798
Scioto County,vap_asian,gov_18_rep_dew,0.46236805570525186,0.16656465270174398,0.16247935361783664,0.7928177836546331
Scioto County,vap_asian,gov_18_dem_cor,0.5376319442947483,0.16656465270174398,0.20718221634536696,0.8375206463821634
Scioto County,vap_aian,gov_18_rep_dew,0.46387331218769273,0.16000613348241607,0.17930016033359888,0.7961686253097151
Scioto County,vap_aian,gov_18_dem_cor,0.5361266878123072,0.16000613348241607,0.20383137469028476,0.820699839666401
Scioto County,vap_oth_b,gov_18_rep_dew,0.4156222874682921,0.16014516858535854,0.14160319083380826,0.7594612190509185
Scioto County,vap_oth_b,gov_18_dem_cor,0.5843777125317079,0.16014516858535854,0.24053878094908143,0.8583968091661915
Scioto County,vap_white,atg_18_rep_yos,0.6433674211560138,0.00740042016945004,0.6280369596941915,0.6569049072152652
Scioto County,vap_white,atg_18_dem_det,0.35663257884398625,0.00740042016945004,0.34309509278473466,0.3719630403058085
Scioto County,vap_black,atg_18_rep_yos,0.3749230433176186,0.10211067925271504,0.19140475889233857,0.5899208235394231
Scioto County,vap_black,atg_18_dem_det,0.6250769566823814,0.10211067925271504,0.4100791764605768,0.8085952411076613
Scioto County,vap_hisp,atg_18_rep_yos,0.4441363096725672,0.1595302155592421,0.15849263898163948,0.7663501674617897
Scioto County,vap_hisp,atg_18_dem_det,0.5558636903274327,0.1595302155592421,0.23364983253821012,0.8415073610183605
Scioto County,vap_asian,atg_18_rep_yos,0.4924647589851987,0.15984633124474326,0.21473348619007973,0.8081862177156983
Scioto County,vap_asian,atg_18_dem_det,0.5075352410148013,0.15984633124474326,0.19181378228430168,0.7852665138099204
Scioto County,vap_aian,atg_18_rep_yos,0.46145785104368053,0.1635459959684815,0.16679321143666118,0.796499194165878
Scioto County,vap_aian,atg_18_dem_det,0.5385421489563195,0.1635459959684815,0.20350080583412192,0.8332067885633387
Scioto County,vap_oth_b,atg_18_rep_yos,0.43752169020222126,0.164535406283023,0.166918158181678,0.7764020290842396
Scioto County,vap_oth_b,atg_18_dem_det,0.5624783097977787,0.164535406283023,0.2235979709157602,0.8330818418183219
Scioto County,vap_white,sos_18_rep_lar,0.6246647707386819,0.00758937242448863,0.6098114704876975,0.6391487603319906
Scioto County,vap_white,sos_18_dem_cly,0.3753352292613181,0.00758937242448863,0.36085123966800936,0.39018852951230254
Scioto County,vap_black,sos_18_rep_lar,0.3395956576304722,0.10579992142748856,0.15953866045050277,0.5731713037071074
Scioto County,vap_black,sos_18_dem_cly,0.6604043423695278,0.10579992142748856,0.4268286962928924,0.8404613395494972
Scioto County,vap_hisp,sos_18_rep_lar,0.46787431705778143,0.16595107752901544,0.15818067776497752,0.8005965314602035
Scioto County,vap_hisp,sos_18_dem_cly,0.5321256829422185,0.16595107752901544,0.19940346853979624,0.8418193222350222
Scioto County,vap_asian,sos_18_rep_lar,0.5117646521671075,0.16542019424349327,0.2097853402483076,0.8313367652989215
Scioto County,vap_asian,sos_18_dem_cly,0.48823534783289246,0.16542019424349327,0.16866323470107855,0.7902146597516925
Scioto County,vap_aian,sos_18_rep_lar,0.4796258599068943,0.16098353716605696,0.19024351676677165,0.7862885774918822
Scioto County,vap_aian,sos_18_dem_cly,0.5203741400931056,0.16098353716605696,0.21371142250811784,0.8097564832332281
Scioto County,vap_oth_b,sos_18_rep_lar,0.4331739678758628,0.1598245914258996,0.14879736462334442,0.7469779003946238
Scioto County,vap_oth_b,sos_18_dem_cly,0.5668260321241371,0.1598245914258996,0.253022099605376,0.8512026353766554
Scioto County,vap_white,pre_20_rep_tru,0.7270308058345831,0.0065518824204745,0.713777428591145,0.7388400289052309
Scioto County,vap_white,pre_20_dem_bid,0.27296919416541676,0.0065518824204745,0.261159971094769,0.2862225714088549
Scioto County,vap_black,pre_20_rep_tru,0.3952696290275431,0.09806030698360792,0.23095926888158624,0.6085166104754068
Scioto County,vap_black,pre_20_dem_bid,0.6047303709724569,0.09806030698360792,0.39148338952459305,0.7690407311184136
Scioto County,vap_hisp,pre_20_rep_tru,0.4682266879740956,0.17255081121348903,0.13157519058258976,0.793600084760423
Scioto County,vap_hisp,pre_20_dem_bid,0.5317733120259043,0.17255081121348903,0.20639991523957707,0.8684248094174103
Scioto County,vap_asian,pre_20_rep_tru,0.47143477672840167,0.1756087329553733,0.15486303637472598,0.8076882636216383
Scioto County,vap_asian,pre_20_dem_bid,0.5285652232715984,0.1756087329553733,0.19231173637836135,0.845136963625274
Scioto County,vap_aian,pre_20_rep_tru,0.4752706988222916,0.1687989531565711,0.1837092293967354,0.8002839526945225
Scioto County,vap_aian,pre_20_dem_bid,0.5247293011777083,0.1687989531565711,0.19971604730547757,0.8162907706032643
Scioto County,vap_oth_b,pre_20_rep_tru,0.3655758987920358,0.14869298966451858,0.12338615417824786,0.6691180702166002
Scioto County,vap_oth_b,pre_20_dem_bid,0.6344241012079641,0.14869298966451858,0.3308819297833997,0.8766138458217521
Seneca County,vap_white,pre_16_rep_tru,0.6970926389649235,0.00957683259322662,0.6765525122453997,0.7144418610792886
Seneca County,vap_white,pre_16_dem_cli,0.3029073610350765,0.00957683259322662,0.28555813892071125,0.32344748775460025
Seneca County,vap_black,pre_16_rep_tru,0.34088921748311823,0.15567461994217935,0.10085775816063015,0.6852342110029789
Seneca County,vap_black,pre_16_dem_cli,0.6591107825168817,0.15567461994217935,0.3147657889970212,0.8991422418393697
Seneca County,vap_hisp,pre_16_rep_tru,0.33122417923195896,0.14554270086882914,0.10716329712736092,0.6416863937192187
Seneca County,vap_hisp,pre_16_dem_cli,0.6687758207680411,0.14554270086882914,0.35831360628078124,0.892836702872639
Seneca County,vap_asian,pre_16_rep_tru,0.4734781207726259,0.15482023656172372,0.18181704726480427,0.7611251456445952
Seneca County,vap_asian,pre_16_dem_cli,0.526521879227374,0.15482023656172372,0.23887485435540465,0.8181829527351956
Seneca County,vap_aian,pre_16_rep_tru,0.5150754535181031,0.172277410284594,0.17621864080910044,0.817083331319198
Seneca County,vap_aian,pre_16_dem_cli,0.4849245464818968,0.172277410284594,0.18291666868080184,0.8237813591908992
Seneca County,vap_oth_b,pre_16_rep_tru,0.44799130974081625,0.1736785395395967,0.12967865914094318,0.7905253718303071
Seneca County,vap_oth_b,pre_16_dem_cli,0.5520086902591838,0.1736785395395967,0.2094746281696929,0.8703213408590569
Seneca County,vap_white,uss_16_rep_por,0.7591378457459951,0.00859415616597622,0.7412345940943136,0.7752044154601612
Seneca County,vap_white,uss_16_dem_str,0.24086215425400492,0.00859415616597622,0.2247955845398389,0.2587654059056862
Seneca County,vap_black,uss_16_rep_por,0.33529484974735824,0.14659418662224788,0.08746854286666636,0.6452289224408492
Seneca County,vap_black,uss_16_dem_str,0.6647051502526418,0.14659418662224788,0.35477107755915077,0.9125314571333336
Seneca County,vap_hisp,uss_16_rep_por,0.3091932939067062,0.12883192259434287,0.1004402102606373,0.5985497072923797
Seneca County,vap_hisp,uss_16_dem_str,0.6908067060932938,0.12883192259434287,0.40145029270762034,0.8995597897393627
Seneca County,vap_asian,uss_16_rep_por,0.47653005046605507,0.1815245945732034,0.11980551761301587,0.8199147964574661
Seneca County,vap_asian,uss_16_dem_str,0.5234699495339449,0.1815245945732034,0.18008520354253388,0.8801944823869841
Seneca County,vap_aian,uss_16_rep_por,0.5064885727151986,0.16517708061221667,0.1990083464549632,0.8120740655999543
Seneca County,vap_aian,uss_16_dem_str,0.4935114272848013,0.16517708061221667,0.1879259344000456,0.8009916535450368
Seneca County,vap_oth_b,uss_16_rep_por,0.3971428260609363,0.16008041003787682,0.11806821259951354,0.746276237737321
Seneca County,vap_oth_b,uss_16_dem_str,0.6028571739390637,0.16008041003787682,0.25372376226267895,0.8819317874004864
Seneca County,vap_white,uss_18_rep_ren,0.5461497257431885,0.00951272044314304,0.526010290236247,0.5634182272003319
Seneca County,vap_white,uss_18_dem_bro,0.4538502742568114,0.00951272044314304,0.436581772799668,0.4739897097637528
Seneca County,vap_black,uss_18_rep_ren,0.3820837059324933,0.16291591589420804,0.11952803820910826,0.7355970912037133
Seneca County,vap_black,uss_18_dem_bro,0.6179162940675067,0.16291591589420804,0.2644029087962867,0.8804719617908917
Seneca County,vap_hisp,uss_18_rep_ren,0.3452012305446284,0.14218974194166792,0.11514322474007314,0.6507571283767437
Seneca County,vap_hisp,uss_18_dem_bro,0.6547987694553715,0.14218974194166792,0.3492428716232561,0.8848567752599269
Seneca County,vap_asian,uss_18_rep_ren,0.4606119529228325,0.16198832700987362,0.16164838791370018,0.7795949985961633
Seneca County,vap_asian,uss_18_dem_bro,0.5393880470771675,0.16198832700987362,0.22040500140383665,0.8383516120862997
Seneca County,vap_aian,uss_18_rep_ren,0.4803858835589035,0.16628357497075233,0.17564489186608873,0.800409386499664
Seneca County,vap_aian,uss_18_dem_bro,0.5196141164410963,0.16628357497075233,0.1995906135003359,0.8243551081339112
Seneca County,vap_oth_b,uss_18_rep_ren,0.4346528167259716,0.16554109783920767,0.1274639169856807,0.757877052021824
Seneca County,vap_oth_b,uss_18_dem_bro,0.5653471832740284,0.16554109783920767,0.24212294797817596,0.8725360830143193
Seneca County,vap_white,gov_18_rep_dew,0.6644247356227415,0.00966772007703877,0.6440969140076491,0.6814046901748185
Seneca County,vap_white,gov_18_dem_cor,0.33557526437725843,0.00966772007703877,0.3185953098251815,0.3559030859923509
Seneca County,vap_black,gov_18_rep_dew,0.3155491713688527,0.1411924295960388,0.09748315611266388,0.629908558312219
Seneca County,vap_black,gov_18_dem_cor,0.6844508286311473,0.1411924295960388,0.37009144168778074,0.902516843887336
Seneca County,vap_hisp,gov_18_rep_dew,0.3257293931658431,0.13637969905958722,0.10452580634058092,0.6384656988269651
Seneca County,vap_hisp,gov_18_dem_cor,0.6742706068341568,0.13637969905958722,0.36153430117303464,0.8954741936594188
Seneca County,vap_asian,gov_18_rep_dew,0.5181244653885121,0.17643746257977783,0.20783055817153087,0.8913633559134267
Seneca County,vap_asian,gov_18_dem_cor,0.4818755346114879,0.17643746257977783,0.10863664408657324,0.792169441828469
Seneca County,vap_aian,gov_18_rep_dew,0.5225000957238394,0.1674356600607754,0.19878665903641915,0.8350106368504596
Seneca County,vap_aian,gov_18_dem_cor,0.4774999042761606,0.1674356600607754,0.1649893631495403,0.8012133409635809
Seneca County,vap_oth_b,gov_18_rep_dew,0.406327647977876,0.16136439337699562,0.12335722239391406,0.7243051234580271
Seneca County,vap_oth_b,gov_18_dem_cor,0.593672352022124,0.16136439337699562,0.27569487654197294,0.876642777606086
Seneca County,vap_white,atg_18_rep_yos,0.6622436899113264,0.00936426543755803,0.6435138293106084,0.6798375579064391
Seneca County,vap_white,atg_18_dem_det,0.3377563100886736,0.00936426543755803,0.32016244209356104,0.3564861706893916
Seneca County,vap_black,atg_18_rep_yos,0.3384927855652043,0.13830748839145415,0.11371518116767282,0.6278971652950784
Seneca County,vap_black,atg_18_dem_det,0.6615072144347958,0.13830748839145415,0.3721028347049214,0.8862848188323271
Seneca County,vap_hisp,atg_18_rep_yos,0.32286532592310735,0.13525870307450497,0.093088955814112,0.6082740616085668
Seneca County,vap_hisp,atg_18_dem_det,0.6771346740768927,0.13525870307450497,0.39172593839143305,0.906911044185888
Seneca County,vap_asian,atg_18_rep_yos,0.49470884097245493,0.1744787091382095,0.18722058657777907,0.8286962666919188
Seneca County,vap_asian,atg_18_dem_det,0.5052911590275451,0.1744787091382095,0.17130373330808127,0.8127794134222208
Seneca County,vap_aian,atg_18_rep_yos,0.5220972260096202,0.1615248333802704,0.19869503253031637,0.8134611798139598
Seneca County,vap_aian,atg_18_dem_det,0.47790277399037984,0.1615248333802704,0.18653882018603996,0.8013049674696835
Seneca County,vap_oth_b,atg_18_rep_yos,0.4052897960619029,0.16624113333807708,0.13905217770507866,0.7533314264778531
Seneca County,vap_oth_b,atg_18_dem_det,0.594710203938097,0.16624113333807708,0.24666857352214677,0.8609478222949213
Seneca County,vap_white,sos_18_rep_lar,0.6553132589595645,0.00944643367834839,0.636217098152259,0.6725998611214423
Seneca County,vap_white,sos_18_dem_cly,0.34468674104043545,0.00944643367834839,0.32740013887855757,0.36378290184774087
Seneca County,vap_black,sos_18_rep_lar,0.3695180732192668,0.15576660549417454,0.10837576225410184,0.6951521604159204
Seneca County,vap_black,sos_18_dem_cly,0.6304819267807332,0.15576660549417454,0.3048478395840795,0.8916242377458979
Seneca County,vap_hisp,sos_18_rep_lar,0.3113222895391265,0.13659148083523118,0.09143257044045314,0.6069123026654099
Seneca County,vap_hisp,sos_18_dem_cly,0.6886777104608734,0.13659148083523118,0.39308769733459015,0.9085674295595468
Seneca County,vap_asian,sos_18_rep_lar,0.47036935880763137,0.16603266783531423,0.16748331212743667,0.7920468995385318
Seneca County,vap_asian,sos_18_dem_cly,0.5296306411923686,0.16603266783531423,0.2079531004614682,0.8325166878725633
Seneca County,vap_aian,sos_18_rep_lar,0.47877201395603386,0.16304557663395225,0.18074824189241803,0.7828815996723874
Seneca County,vap_aian,sos_18_dem_cly,0.521227986043966,0.16304557663395225,0.21711840032761257,0.8192517581075818
Seneca County,vap_oth_b,sos_18_rep_lar,0.4482673296508062,0.17459580585898082,0.14427719602976138,0.7872065466891586
Seneca County,vap_oth_b,sos_18_dem_cly,0.5517326703491938,0.17459580585898082,0.2127934533108412,0.8557228039702386
Seneca County,vap_white,pre_20_rep_tru,0.7069079858042568,0.00838401872078275,0.6896848107077158,0.7221640672242321
Seneca County,vap_white,pre_20_dem_bid,0.2930920141957431,0.00838401872078275,0.27783593277576796,0.31031518929228413
Seneca County,vap_black,pre_20_rep_tru,0.3411518855451856,0.1536760645649062,0.1011668095119343,0.6902424916160098
Seneca County,vap_black,pre_20_dem_bid,0.6588481144548144,0.1536760645649062,0.30975750838399035,0.8988331904880658
Seneca County,vap_hisp,pre_20_rep_tru,0.30778827705268147,0.14503705247323287,0.08963808010709462,0.6350633373152074
Seneca County,vap_hisp,pre_20_dem_bid,0.6922117229473185,0.14503705247323287,0.3649366626847923,0.9103619198929052
Seneca County,vap_asian,pre_20_rep_tru,0.43723661047621426,0.15680944733207797,0.16644428591755245,0.7685603232002658
Seneca County,vap_asian,pre_20_dem_bid,0.5627633895237857,0.15680944733207797,0.23143967679973404,0.8335557140824474
Seneca County,vap_aian,pre_20_rep_tru,0.49708978768418455,0.16055382115309308,0.2010157857677965,0.8104811748965893
Seneca County,vap_aian,pre_20_dem_bid,0.5029102123158153,0.16055382115309308,0.1895188251034105,0.7989842142322034
Seneca County,vap_oth_b,pre_20_rep_tru,0.42197560200346457,0.1614491440331961,0.15894127198362007,0.7574732925364611
Seneca County,vap_oth_b,pre_20_dem_bid,0.5780243979965355,0.1614491440331961,0.24252670746353877,0.8410587280163799
Shelby County,vap_white,pre_16_rep_tru,0.8364498590511042,0.00693253938722752,0.8228774064802136,0.8496193544722523
Shelby County,vap_white,pre_16_dem_cli,0.16355014094889572,0.00693253938722752,0.1503806455277476,0.1771225935197864
Shelby County,vap_black,pre_16_rep_tru,0.4305542054570972,0.16877940416116038,0.14278706093660715,0.7764701556084207
Shelby County,vap_black,pre_16_dem_cli,0.5694457945429028,0.16877940416116038,0.22352984439157925,0.8572129390633928
Shelby County,vap_hisp,pre_16_rep_tru,0.4423871662621611,0.16672958007668595,0.14152282446786227,0.7805134579955794
Shelby County,vap_hisp,pre_16_dem_cli,0.5576128337378389,0.16672958007668595,0.21948654200442055,0.8584771755321376
Shelby County,vap_asian,pre_16_rep_tru,0.4676638219648597,0.16752164402422004,0.1622999030383781,0.8011974949104611
Shelby County,vap_asian,pre_16_dem_cli,0.5323361780351403,0.16752164402422004,0.19880250508953887,0.837700096961622
Shelby County,vap_aian,pre_16_rep_tru,0.48926035520489486,0.17542766772027943,0.15337599331911092,0.8141336298699101
Shelby County,vap_aian,pre_16_dem_cli,0.5107396447951051,0.17542766772027943,0.18586637013008991,0.8466240066808889
Shelby County,vap_oth_b,pre_16_rep_tru,0.4081039504583439,0.17431744347929817,0.12065888085984658,0.7804395377133088
Shelby County,vap_oth_b,pre_16_dem_cli,0.5918960495416561,0.17431744347929817,0.2195604622866912,0.8793411191401534
Shelby County,vap_white,uss_16_rep_por,0.8872342474849036,0.00664478274829697,0.8742322802707577,0.9000681318748378
Shelby County,vap_white,uss_16_dem_str,0.11276575251509634,0.00664478274829697,0.09993186812516226,0.1257677197292423
Shelby County,vap_black,uss_16_rep_por,0.4087002774875545,0.17202338292019603,0.11446100489100287,0.7530774231207927
Shelby County,vap_black,uss_16_dem_str,0.5912997225124456,0.17202338292019603,0.24692257687920727,0.8855389951089973
Shelby County,vap_hisp,uss_16_rep_por,0.4320706748488334,0.17307260052515455,0.13154141927514815,0.7744525022580732
Shelby County,vap_hisp,uss_16_dem_str,0.5679293251511666,0.17307260052515455,0.2255474977419267,0.8684585807248517
Shelby County,vap_asian,uss_16_rep_por,0.4602587739993575,0.1878038887561096,0.1303205257402372,0.8333981976489829
Shelby County,vap_asian,uss_16_dem_str,0.5397412260006426,0.1878038887561096,0.16660180235101665,0.8696794742597628
Shelby County,vap_aian,uss_16_rep_por,0.47483660566471336,0.18982632963658796,0.11268769632170995,0.8328437378572628
Shelby County,vap_aian,uss_16_dem_str,0.5251633943352867,0.18982632963658796,0.1671562621427371,0.88731230367829
Shelby County,vap_oth_b,uss_16_rep_por,0.3724526226501086,0.1615068574176248,0.0952826801190893,0.701287208555295
Shelby County,vap_oth_b,uss_16_dem_str,0.6275473773498914,0.1615068574176248,0.298712791444705,0.9047173198809104
Shelby County,vap_white,uss_18_rep_ren,0.7345253488295161,0.00702461087075316,0.7201096319830129,0.7478499370654673
Shelby County,vap_white,uss_18_dem_bro,0.2654746511704839,0.00702461087075316,0.2521500629345327,0.2798903680169871
Shelby County,vap_black,uss_18_rep_ren,0.4308121831000432,0.17131748378688863,0.12989666862052884,0.7571688900265647
Shelby County,vap_black,uss_18_dem_bro,0.5691878168999569,0.17131748378688863,0.24283110997343527,0.870103331379471
Shelby County,vap_hisp,uss_18_rep_ren,0.4484771153247792,0.15930958614081667,0.1606696912669194,0.77086219050326
Shelby County,vap_hisp,uss_18_dem_bro,0.5515228846752207,0.15930958614081667,0.22913780949674004,0.8393303087330805
Shelby County,vap_asian,uss_18_rep_ren,0.4749635347391471,0.17685740585327497,0.15056166534361182,0.8223849808941364
Shelby County,vap_asian,uss_18_dem_bro,0.5250364652608529,0.17685740585327497,0.17761501910586353,0.8494383346563882
Shelby County,vap_aian,uss_18_rep_ren,0.5059143974126442,0.16368604818155688,0.19907687178016764,0.8189665716896282
Shelby County,vap_aian,uss_18_dem_bro,0.4940856025873558,0.16368604818155688,0.18103342831037172,0.8009231282198324
Shelby County,vap_oth_b,uss_18_rep_ren,0.4463791172517897,0.16543653486230256,0.16896658203205314,0.7784614715852956
Shelby County,vap_oth_b,uss_18_dem_bro,0.5536208827482103,0.16543653486230256,0.22153852841470403,0.8310334179679468
Shelby County,vap_white,gov_18_rep_dew,0.7924183498626279,0.00667020832628105,0.7791482433247814,0.8051323133782795
Shelby County,vap_white,gov_18_dem_cor,0.20758165013737212,0.00667020832628105,0.19486768662172052,0.22085175667521847
Shelby County,vap_black,gov_18_rep_dew,0.4223314322507578,0.16497321708940757,0.14598618433026395,0.7733096712399693
Shelby County,vap_black,gov_18_dem_cor,0.5776685677492422,0.16497321708940757,0.2266903287600308,0.854013815669736
Shelby County,vap_hisp,gov_18_rep_dew,0.4629144423985559,0.16344997750843493,0.15516137885120612,0.7637281634706455
Shelby County,vap_hisp,gov_18_dem_cor,0.537085557601444,0.16344997750843493,0.2362718365293544,0.8448386211487936
Shelby County,vap_asian,gov_18_rep_dew,0.47957229429547266,0.17152854775082477,0.1538384582086171,0.8015178614943229
Shelby County,vap_asian,gov_18_dem_cor,0.5204277057045273,0.17152854775082477,0.19848213850567703,0.8461615417913828
Shelby County,vap_aian,gov_18_rep_dew,0.4682893238517175,0.1747145647314019,0.1409200883508158,0.7935763095335118
Shelby County,vap_aian,gov_18_dem_cor,0.5317106761482825,0.1747145647314019,0.2064236904664882,0.8590799116491842
Shelby County,vap_oth_b,gov_18_rep_dew,0.4355352339808143,0.16275740169986916,0.15916188601504783,0.7857785174651531
Shelby County,vap_oth_b,gov_18_dem_cor,0.5644647660191857,0.16275740169986916,0.2142214825348468,0.8408381139849521
Shelby County,vap_white,atg_18_rep_yos,0.8115175817220341,0.00787291598761245,0.7953066210678711,0.826702242755709
Shelby County,vap_white,atg_18_dem_det,0.1884824182779659,0.00787291598761245,0.17329775724429103,0.2046933789321289
Shelby County,vap_black,atg_18_rep_yos,0.40432010834109594,0.16037245774415115,0.12416902889446307,0.7274455989295121
Shelby County,vap_black,atg_18_dem_det,0.5956798916589041,0.16037245774415115,0.2725544010704877,0.8758309711055369
Shelby County,vap_hisp,atg_18_rep_yos,0.4605360485058083,0.1640240594496761,0.1715089102496723,0.7944429646259521
Shelby County,vap_hisp,atg_18_dem_det,0.5394639514941917,0.1640240594496761,0.20555703537404776,0.8284910897503277
Shelby County,vap_asian,atg_18_rep_yos,0.4728518767868369,0.20151811065396497,0.11793145822593262,0.8987864373427762
Shelby County,vap_asian,atg_18_dem_det,0.5271481232131632,0.20151811065396497,0.10121356265722388,0.8820685417740673
Shelby County,vap_aian,atg_18_rep_yos,0.4780404657793485,0.18592995531836867,0.11970977657658909,0.8230145375649245
Shelby County,vap_aian,atg_18_dem_det,0.5219595342206516,0.18592995531836867,0.1769854624350754,0.8802902234234109
Shelby County,vap_oth_b,atg_18_rep_yos,0.4143456978158479,0.18219282163884049,0.0878657240926814,0.7956630273858939
Shelby County,vap_oth_b,atg_18_dem_det,0.585654302184152,0.18219282163884049,0.20433697261410577,0.9121342759073188
Shelby County,vap_white,sos_18_rep_lar,0.8109116874787283,0.00687805925082593,0.7971286940800099,0.8239255331061216
Shelby County,vap_white,sos_18_dem_cly,0.18908831252127167,0.00687805925082593,0.1760744668938784,0.20287130591999017
Shelby County,vap_black,sos_18_rep_lar,0.4208833783062561,0.171735342361511,0.1341807561747533,0.7911415922706259
Shelby County,vap_black,sos_18_dem_cly,0.5791166216937439,0.171735342361511,0.20885840772937403,0.8658192438252466
Shelby County,vap_hisp,sos_18_rep_lar,0.4500533907098181,0.15769915595627354,0.16204394337805697,0.7667604720798304
Shelby County,vap_hisp,sos_18_dem_cly,0.5499466092901819,0.15769915595627354,0.2332395279201694,0.8379560566219428
Shelby County,vap_asian,sos_18_rep_lar,0.47277778618553834,0.18119150707864903,0.14971282126815733,0.8297108116837779
Shelby County,vap_asian,sos_18_dem_cly,0.5272222138144617,0.18119150707864903,0.170289188316222,0.8502871787318426
Shelby County,vap_aian,sos_18_rep_lar,0.4797580526047986,0.1668984034171553,0.17733186004703574,0.8054499464718129
Shelby County,vap_aian,sos_18_dem_cly,0.5202419473952015,0.1668984034171553,0.19455005352818713,0.8226681399529641
Shelby County,vap_oth_b,sos_18_rep_lar,0.4122436045640152,0.16454027791998732,0.13314478216283868,0.7510835798707283
Shelby County,vap_oth_b,sos_18_dem_cly,0.5877563954359848,0.16454027791998732,0.2489164201292716,0.8668552178371612
Shelby County,vap_white,pre_20_rep_tru,0.8451580314685795,0.00651486256724966,0.8319952078895397,0.8567568893863282
Shelby County,vap_white,pre_20_dem_bid,0.15484196853142057,0.00651486256724966,0.14324311061367187,0.1680047921104603
Shelby County,vap_black,pre_20_rep_tru,0.43049524825276914,0.17064990370587912,0.1439719808568179,0.7711959681933472
Shelby County,vap_black,pre_20_dem_bid,0.5695047517472309,0.17064990370587912,0.2288040318066527,0.856028019143182
Shelby County,vap_hisp,pre_20_rep_tru,0.44654438519381107,0.16631203454969698,0.1531129942533697,0.7711575811555841
Shelby County,vap_hisp,pre_20_dem_bid,0.5534556148061889,0.16631203454969698,0.22884241884441583,0.8468870057466302
Shelby County,vap_asian,pre_20_rep_tru,0.4514249472566608,0.17236605375534328,0.14000015377892552,0.792112039902985
Shelby County,vap_asian,pre_20_dem_bid,0.5485750527433393,0.17236605375534328,0.20788796009701505,0.8599998462210743
Shelby County,vap_aian,pre_20_rep_tru,0.5114172389757499,0.1747106195170409,0.1865662071963228,0.8454446021904574
Shelby County,vap_aian,pre_20_dem_bid,0.4885827610242502,0.1747106195170409,0.15455539780954258,0.8134337928036771
Shelby County,vap_oth_b,pre_20_rep_tru,0.3900919749102942,0.1655940322839329,0.1239670074729728,0.7461154613738077
Shelby County,vap_oth_b,pre_20_dem_bid,0.6099080250897058,0.1655940322839329,0.2538845386261922,0.8760329925270272
Stark County,vap_white,pre_16_rep_tru,0.6527896758664358,0.00328905655814623,0.6450433605957236,0.658296784934628
Stark County,vap_white,pre_16_dem_cli,0.3472103241335642,0.00328905655814623,0.3417032150653721,0.35495663940427635
Stark County,vap_black,pre_16_rep_tru,0.03876086021434201,0.00922796450779781,0.02352505120681414,0.05902135492057413
Stark County,vap_black,pre_16_dem_cli,0.961239139785658,0.00922796450779781,0.940978645079426,0.9764749487931856
Stark County,vap_hisp,pre_16_rep_tru,0.13626028008726712,0.05058833087611112,0.05991126194696912,0.25183706179777027
Stark County,vap_hisp,pre_16_dem_cli,0.8637397199127329,0.05058833087611111,0.7481629382022297,0.9400887380530312
Stark County,vap_asian,pre_16_rep_tru,0.46920975671606946,0.15629905402078623,0.21090511422814096,0.803202285320855
Stark County,vap_asian,pre_16_dem_cli,0.5307902432839305,0.15629905402078623,0.19679771467914475,0.7890948857718589
Stark County,vap_aian,pre_16_rep_tru,0.4302142826283814,0.14420264358598714,0.1794775675219241,0.6882479340949256
Stark County,vap_aian,pre_16_dem_cli,0.5697857173716185,0.14420264358598714,0.31175206590507426,0.8205224324780759
Stark County,vap_oth_b,pre_16_rep_tru,0.11073479287056996,0.03859720511533588,0.0580199094791082,0.2046195688157959
Stark County,vap_oth_b,pre_16_dem_cli,0.88926520712943,0.03859720511533588,0.7953804311842041,0.941980090520892
Stark County,vap_white,uss_16_rep_por,0.706784512251907,0.00271230667748653,0.7010360390628569,0.7117771483869023
Stark County,vap_white,uss_16_dem_str,0.29321548774809303,0.00271230667748653,0.28822285161309763,0.29896396093714306
Stark County,vap_black,uss_16_rep_por,0.03783561623070904,0.00874461078456828,0.0226894291788694,0.05622203235426638
Stark County,vap_black,uss_16_dem_str,0.962164383769291,0.00874461078456828,0.9437779676457336,0.9773105708211308
Stark County,vap_hisp,uss_16_rep_por,0.11750627114011832,0.04272827255225474,0.05383550699090406,0.2199691074030304
Stark County,vap_hisp,uss_16_dem_str,0.8824937288598818,0.04272827255225474,0.7800308925969697,0.946164493009096
Stark County,vap_asian,uss_16_rep_por,0.6318131259604332,0.1258232833703912,0.37356779183100813,0.8346599099464544
Stark County,vap_asian,uss_16_dem_str,0.3681868740395669,0.1258232833703912,0.1653400900535454,0.6264322081689917
Stark County,vap_aian,uss_16_rep_por,0.4802463641183688,0.15999974119239052,0.1695595853986343,0.7663099697570505
Stark County,vap_aian,uss_16_dem_str,0.5197536358816311,0.15999974119239052,0.23369003024294943,0.8304404146013656
Stark County,vap_oth_b,uss_16_rep_por,0.10818017273626666,0.03192378045471023,0.05943553230749367,0.1825417426570551
Stark County,vap_oth_b,uss_16_dem_str,0.8918198272637334,0.03192378045471022,0.817458257342945,0.9405644676925063
Stark County,vap_white,uss_18_rep_ren,0.5508871385795149,0.00300957307613587,0.5445040533503112,0.5563904595492987
Stark County,vap_white,uss_18_dem_bro,0.4491128614204851,0.00300957307613587,0.4436095404507013,0.45549594664968895
Stark County,vap_black,uss_18_rep_ren,0.03618097933223273,0.00938340518038589,0.02108616133994833,0.05738160963166259
Stark County,vap_black,uss_18_dem_bro,0.9638190206677671,0.00938340518038589,0.9426183903683376,0.9789138386600515
Stark County,vap_hisp,uss_18_rep_ren,0.12135343751474242,0.03812430229796921,0.06414254096545986,0.2143332196770477
Stark County,vap_hisp,uss_18_dem_bro,0.8786465624852576,0.03812430229796921,0.7856667803229522,0.9358574590345402
Stark County,vap_asian,uss_18_rep_ren,0.6092690864080942,0.12756055312641523,0.33095335422755223,0.8199380354944138
Stark County,vap_asian,uss_18_dem_bro,0.3907309135919058,0.12756055312641523,0.18006196450558631,0.6690466457724478
Stark County,vap_aian,uss_18_rep_ren,0.43867536322700823,0.1654050279658393,0.18172680713125777,0.8203383286767768
Stark County,vap_aian,uss_18_dem_bro,0.5613246367729917,0.1654050279658393,0.17966167132322292,0.8182731928687421
Stark County,vap_oth_b,uss_18_rep_ren,0.11993221380164114,0.04027091958876252,0.06156058994412987,0.21915971899223397
Stark County,vap_oth_b,uss_18_dem_bro,0.8800677861983589,0.04027091958876252,0.780840281007766,0.9384394100558704
Stark County,vap_white,gov_18_rep_dew,0.6070320981480298,0.00284894122449332,0.6011466104060298,0.6124215730524962
Stark County,vap_white,gov_18_dem_cor,0.39296790185197017,0.00284894122449332,0.3875784269475038,0.3988533895939701
Stark County,vap_black,gov_18_rep_dew,0.0382294483825533,0.00896945702109415,0.0231282428552623,0.05782233883137926
Stark County,vap_black,gov_18_dem_cor,0.9617705516174468,0.00896945702109416,0.9421776611686208,0.9768717571447376
Stark County,vap_hisp,gov_18_rep_dew,0.138794858876758,0.03981991290961888,0.06910158769679581,0.224651681438554
Stark County,vap_hisp,gov_18_dem_cor,0.8612051411232421,0.03981991290961888,0.7753483185614459,0.9308984123032042
Stark County,vap_asian,gov_18_rep_dew,0.5817576975721437,0.13600632037089555,0.32712805452245197,0.8278380074256263
Stark County,vap_asian,gov_18_dem_cor,0.4182423024278563,0.13600632037089555,0.17216199257437362,0.672871945477548
Stark County,vap_aian,gov_18_rep_dew,0.40911058120692945,0.14036402523708394,0.14166354766328315,0.6734915734369116
Stark County,vap_aian,gov_18_dem_cor,0.5908894187930706,0.14036402523708394,0.32650842656308837,0.8583364523367168
Stark County,vap_oth_b,gov_18_rep_dew,0.08790343478185711,0.02697436443011908,0.04831811761863505,0.1561916907868387
Stark County,vap_oth_b,gov_18_dem_cor,0.912096565218143,0.02697436443011908,0.8438083092131613,0.951681882381365
Stark County,vap_white,atg_18_rep_yos,0.6043734499347347,0.00326561471778172,0.5974943274436709,0.6103864808346798
Stark County,vap_white,atg_18_dem_det,0.3956265500652652,0.00326561471778172,0.3896135191653202,0.4025056725563291
Stark County,vap_black,atg_18_rep_yos,0.03863660228638541,0.00940424767815971,0.02249051687250381,0.05970354877701808
Stark County,vap_black,atg_18_dem_det,0.9613633977136146,0.00940424767815971,0.940296451222982,0.9775094831274962
Stark County,vap_hisp,atg_18_rep_yos,0.12972669437363915,0.04766777762595461,0.05957894680617277,0.2349566174720906
Stark County,vap_hisp,atg_18_dem_det,0.8702733056263608,0.04766777762595461,0.7650433825279094,0.9404210531938272
Stark County,vap_asian,atg_18_rep_yos,0.6083488651601104,0.14037936255006753,0.3075334162606687,0.8414647317325527
Stark County,vap_asian,atg_18_dem_det,0.3916511348398896,0.14037936255006753,0.15853526826744738,0.6924665837393311
Stark County,vap_aian,atg_18_rep_yos,0.3613075486589746,0.1354671409034956,0.11999445725254408,0.6416320730280113
Stark County,vap_aian,atg_18_dem_det,0.6386924513410254,0.1354671409034956,0.3583679269719885,0.8800055427474558
Stark County,vap_oth_b,atg_18_rep_yos,0.11321634974905688,0.03846235340229893,0.05951748611257287,0.21646515450506304
Stark County,vap_oth_b,atg_18_dem_det,0.8867836502509432,0.03846235340229893,0.7835348454949371,0.9404825138874272
Stark County,vap_white,sos_18_rep_lar,0.6075172110804572,0.00292917895663228,0.6017716365779467,0.6130350987380174
Stark County,vap_white,sos_18_dem_cly,0.39248278891954275,0.00292917895663228,0.38696490126198263,0.3982283634220533
Stark County,vap_black,sos_18_rep_lar,0.0431395889884258,0.00983938387811357,0.0270104239562064,0.06595719467471496
Stark County,vap_black,sos_18_dem_cly,0.9568604110115742,0.00983938387811357,0.934042805325285,0.9729895760437935
Stark County,vap_hisp,sos_18_rep_lar,0.14152418111425677,0.04738967865388952,0.06685308875625849,0.2540560314619235
Stark County,vap_hisp,sos_18_dem_cly,0.8584758188857433,0.04738967865388952,0.7459439685380764,0.9331469112437416
Stark County,vap_asian,sos_18_rep_lar,0.6921203864723343,0.14135451003869243,0.3785983871444577,0.9023741739424838
Stark County,vap_asian,sos_18_dem_cly,0.3078796135276657,0.14135451003869243,0.0976258260575162,0.6214016128555423
Stark County,vap_aian,sos_18_rep_lar,0.43738758920020576,0.1411151663370504,0.19080347229868452,0.7352839840187232
Stark County,vap_aian,sos_18_dem_cly,0.5626124107997942,0.1411151663370504,0.26471601598127664,0.8091965277013154
Stark County,vap_oth_b,sos_18_rep_lar,0.1197996946009383,0.0328039975196304,0.06689664636710681,0.18977088599106792
Stark County,vap_oth_b,sos_18_dem_cly,0.8802003053990617,0.0328039975196304,0.8102291140089322,0.9331033536328932
Stark County,vap_white,pre_20_rep_tru,0.6538083390921996,0.00361931294826698,0.6467560833875777,0.6603197018018224
Stark County,vap_white,pre_20_dem_bid,0.34619166090780035,0.00361931294826698,0.33968029819817747,0.3532439166124223
Stark County,vap_black,pre_20_rep_tru,0.03949323698926565,0.01023748496706977,0.02277672986883446,0.06197731577785
Stark County,vap_black,pre_20_dem_bid,0.9605067630107345,0.01023748496706977,0.93802268422215,0.9772232701311656
Stark County,vap_hisp,pre_20_rep_tru,0.15566208609554735,0.05342069267712595,0.08278055874285171,0.28643463905782157
Stark County,vap_hisp,pre_20_dem_bid,0.8443379139044527,0.05342069267712595,0.7135653609421784,0.9172194412571484
Stark County,vap_asian,pre_20_rep_tru,0.4004125587666261,0.1618910599527734,0.1457745561085233,0.7469797699138386
Stark County,vap_asian,pre_20_dem_bid,0.5995874412333739,0.1618910599527734,0.25302023008616126,0.8542254438914767
Stark County,vap_aian,pre_20_rep_tru,0.4876529690586253,0.1649013357341884,0.14559079986415005,0.7913738207615718
Stark County,vap_aian,pre_20_dem_bid,0.5123470309413747,0.1649013357341884,0.20862617923842777,0.8544092001358496
Stark County,vap_oth_b,pre_20_rep_tru,0.13162738054983078,0.04395051957689488,0.06356177704623275,0.23085251274406188
Stark County,vap_oth_b,pre_20_dem_bid,0.8683726194501693,0.04395051957689488,0.7691474872559382,0.9364382229537672
Summit County,vap_white,pre_16_rep_tru,0.5618469414235546,0.00249150005306992,0.5566515526109141,0.5664151854515291
Summit County,vap_white,pre_16_dem_cli,0.4381530585764452,0.00249150005306992,0.4335848145484707,0.44334844738908585
Summit County,vap_black,pre_16_rep_tru,0.02052659071415089,0.0042256492508468,0.01321118381127524,0.02951404326669228
Summit County,vap_black,pre_16_dem_cli,0.979473409285849,0.0042256492508468,0.9704859567333076,0.9867888161887246
Summit County,vap_hisp,pre_16_rep_tru,0.09653072113499324,0.02382214689401619,0.05789047708515248,0.1535274335144663
Summit County,vap_hisp,pre_16_dem_cli,0.9034692788650068,0.02382214689401619,0.8464725664855338,0.9421095229148476
Summit County,vap_asian,pre_16_rep_tru,0.16064422176288523,0.03822907770245042,0.0938677493809726,0.24199114493020105
Summit County,vap_asian,pre_16_dem_cli,0.8393557782371147,0.03822907770245042,0.758008855069799,0.9061322506190274
Summit County,vap_aian,pre_16_rep_tru,0.37593489112681994,0.14238219531653418,0.15071074560124612,0.6748849222574949
Summit County,vap_aian,pre_16_dem_cli,0.62406510887318,0.14238219531653418,0.3251150777425051,0.8492892543987539
Summit County,vap_oth_b,pre_16_rep_tru,0.07692453358277856,0.02034235230425359,0.04297305142282418,0.12295875986545766
Summit County,vap_oth_b,pre_16_dem_cli,0.9230754664172216,0.02034235230425359,0.8770412401345423,0.957026948577176
Summit County,vap_white,uss_16_rep_por,0.6387109198163994,0.00323284626957862,0.6317106657659628,0.6442549217565938
Summit County,vap_white,uss_16_dem_str,0.36128908018360056,0.00323284626957862,0.35574507824340607,0.36828933423403715
Summit County,vap_black,uss_16_rep_por,0.01937894774807481,0.0039473831624601,0.01296331597482208,0.0283194271052671
Summit County,vap_black,uss_16_dem_str,0.9806210522519252,0.0039473831624601,0.9716805728947328,0.987036684025178
Summit County,vap_hisp,uss_16_rep_por,0.0945048973102381,0.02685242529716412,0.0525753686092372,0.15262655034977984
Summit County,vap_hisp,uss_16_dem_str,0.905495102689762,0.02685242529716412,0.8473734496502202,0.9474246313907628
Summit County,vap_asian,uss_16_rep_por,0.2538709980243974,0.06187985049649638,0.15049743704399443,0.3898575914019829
Summit County,vap_asian,uss_16_dem_str,0.7461290019756026,0.06187985049649638,0.610142408598017,0.8495025629560056
Summit County,vap_aian,uss_16_rep_por,0.3687648328179243,0.1445402286333163,0.16661333302486253,0.7015720413249321
Summit County,vap_aian,uss_16_dem_str,0.6312351671820756,0.1445402286333163,0.29842795867506783,0.8333866669751374
Summit County,vap_oth_b,uss_16_rep_por,0.07926425419237464,0.01893819095545451,0.04782355230014896,0.12005510103257172
Summit County,vap_oth_b,uss_16_dem_str,0.9207357458076254,0.0189381909554545,0.8799448989674282,0.9521764476998512
Summit County,vap_white,uss_18_rep_ren,0.4750078942421007,0.00268456006708412,0.4696868040870619,0.4800710266188918
Summit County,vap_white,uss_18_dem_bro,0.5249921057578991,0.00268456006708412,0.5199289733811081,0.530313195912938
Summit County,vap_black,uss_18_rep_ren,0.01850053355620629,0.00387319684353839,0.01218791162967694,0.02689163174906909
Summit County,vap_black,uss_18_dem_bro,0.9814994664437936,0.00387319684353839,0.9731083682509308,0.987812088370323
Summit County,vap_hisp,uss_18_rep_ren,0.101762460226844,0.0288315459150979,0.05930728185376378,0.17227751303672287
Summit County,vap_hisp,uss_18_dem_bro,0.8982375397731561,0.0288315459150979,0.8277224869632772,0.9406927181462365
Summit County,vap_asian,uss_18_rep_ren,0.14292703669245796,0.03843573785343297,0.08203664087061611,0.23156135060654515
Summit County,vap_asian,uss_18_dem_bro,0.857072963307542,0.03843573785343297,0.7684386493934549,0.917963359129384
Summit County,vap_aian,uss_18_rep_ren,0.3352131448506355,0.13417245055254276,0.1095506421430054,0.638609519964634
Summit County,vap_aian,uss_18_dem_bro,0.6647868551493644,0.13417245055254276,0.3613904800353658,0.8904493578569944
Summit County,vap_oth_b,uss_18_rep_ren,0.07915944541592579,0.02121106031805031,0.04609703882026893,0.1299910991637041
Summit County,vap_oth_b,uss_18_dem_bro,0.9208405545840742,0.02121106031805031,0.8700089008362959,0.953902961179731
Summit County,vap_white,gov_18_rep_dew,0.517929641067768,0.00264797707302343,0.5124705770534375,0.5228459111916628
Summit County,vap_white,gov_18_dem_cor,0.48207035893223193,0.00264797707302343,0.4771540888083371,0.4875294229465624
Summit County,vap_black,gov_18_rep_dew,0.02028786886620006,0.00369365718317159,0.01385740303952183,0.02834805403572533
Summit County,vap_black,gov_18_dem_cor,0.9797121311337998,0.00369365718317159,0.9716519459642744,0.9861425969604782
Summit County,vap_hisp,gov_18_rep_dew,0.09054606852357289,0.02361069655452256,0.05245968185311214,0.1436835321243285
Summit County,vap_hisp,gov_18_dem_cor,0.9094539314764272,0.02361069655452256,0.8563164678756716,0.947540318146888
Summit County,vap_asian,gov_18_rep_dew,0.187151387835452,0.04283327058516779,0.10894156051108644,0.2692031211400844
Summit County,vap_asian,gov_18_dem_cor,0.812848612164548,0.04283327058516779,0.7307968788599154,0.8910584394889135
Summit County,vap_aian,gov_18_rep_dew,0.397541771449285,0.12688360724247083,0.17460962017432324,0.65618354003734225
Summit County,vap_aian,gov_18_dem_cor,0.6024582285507151,0.12688360724247083,0.34381645996265764,0.8253903798256766
Summit County,vap_oth_b,gov_18_rep_dew,0.08932976542742763,0.02410008476435338,0.05408453170497528,0.1463462725576498
Summit County,vap_oth_b,gov_18_dem_cor,0.9106702345725723,0.02410008476435337,0.8536537274423501,0.9459154682950248
Summit County,vap_white,atg_18_rep_yos,0.5207261414049906,0.00270949120016182,0.515257238785028,0.5257760786448402
Summit County,vap_white,atg_18_dem_det,0.4792738585950092,0.00270949120016182,0.47422392135515967,0.4847427612149718
Summit County,vap_black,atg_18_rep_yos,0.02082556505681236,0.00395586043821811,0.01427460914955293,0.0295655179148274
Summit County,vap_black,atg_18_dem_det,0.9791744349431876,0.0039558604382181,0.9704344820851726,0.985725390850447
Summit County,vap_hisp,atg_18_rep_yos,0.09916093085174374,0.02887341226889416,0.05240684343956116,0.16798951583463706
Summit County,vap_hisp,atg_18_dem_det,0.9008390691482564,0.02887341226889416,0.832010484165363,0.947593156560439
Summit County,vap_asian,atg_18_rep_yos,0.17706622314261897,0.04062372335104147,0.10559669342747384,0.2596016301531714
Summit County,vap_asian,atg_18_dem_det,0.822933776857381,0.04062372335104147,0.7403983698468285,0.8944033065725261
Summit County,vap_aian,atg_18_rep_yos,0.40886724723787377,0.13243773980107532,0.2108065914968127,0.6900305941993201
Summit County,vap_aian,atg_18_dem_det,0.5911327527621262,0.13243773980107532,0.30996940580067994,0.7891934085031873
Summit County,vap_oth_b,atg_18_rep_yos,0.08721387145883983,0.02326987431221992,0.05072753088475756,0.14072239752120116
Summit County,vap_oth_b,atg_18_dem_det,0.9127861285411604,0.02326987431221992,0.8592776024787988,0.9492724691152424
Summit County,vap_white,sos_18_rep_lar,0.5439444562864613,0.00266941909635019,0.5384168454672418,0.5490119759651158
Summit County,vap_white,sos_18_dem_cly,0.4560555437135387,0.00266941909635019,0.4509880240348841,0.46158315453275817
Summit County,vap_black,sos_18_rep_lar,0.0192536919839981,0.00344592830278581,0.01317085782886527,0.0264341303393545
Summit County,vap_black,sos_18_dem_cly,0.9807463080160018,0.00344592830278581,0.9735658696606454,0.9868291421711348
Summit County,vap_hisp,sos_18_rep_lar,0.10117239273348728,0.03020455914711845,0.05478869030523416,0.17202237105190044
Summit County,vap_hisp,sos_18_dem_cly,0.8988276072665128,0.03020455914711845,0.8279776289480995,0.945211309694766
Summit County,vap_asian,sos_18_rep_lar,0.16432762665751996,0.04440856299202601,0.08812003949973062,0.2623354975395925
Summit County,vap_asian,sos_18_dem_cly,0.83567237334248,0.04440856299202601,0.7376645024604074,0.9118799605002692
Summit County,vap_aian,sos_18_rep_lar,0.380418267151974,0.13746972948228833,0.16398950997319528,0.6735388316476155
Summit County,vap_aian,sos_18_dem_cly,0.619581732848026,0.13746972948228833,0.3264611683523843,0.8360104900268047
Summit County,vap_oth_b,sos_18_rep_lar,0.07572170154529775,0.01883686545068769,0.04551953829395402,0.11734353288129756
Summit County,vap_oth_b,sos_18_dem_cly,0.9242782984547022,0.01883686545068769,0.8826564671187025,0.954480461706046
Summit County,vap_white,pre_20_rep_tru,0.548176023205582,0.00310137720588821,0.5417684000985958,0.5538983189507328
Summit County,vap_white,pre_20_dem_bid,0.4518239767944179,0.00310137720588822,0.4461016810492671,0.4582315999014041
Summit County,vap_black,pre_20_rep_tru,0.02262397517884917,0.00441920555318331,0.01519655584929139,0.03256733250087935
Summit County,vap_black,pre_20_dem_bid,0.9773760248211508,0.00441920555318331,0.9674326674991204,0.9848034441507084
Summit County,vap_hisp,pre_20_rep_tru,0.13038580659354757,0.04949244482548133,0.058824226639313,0.24310251123521337
Summit County,vap_hisp,pre_20_dem_bid,0.8696141934064525,0.04949244482548133,0.7568974887647868,0.9411757733606873
Summit County,vap_asian,pre_20_rep_tru,0.1896248723463128,0.05067330731589244,0.10078229769125747,0.30409116992814345
Summit County,vap_asian,pre_20_dem_bid,0.8103751276536871,0.05067330731589244,0.6959088300718563,0.8992177023087425
Summit County,vap_aian,pre_20_rep_tru,0.4564433323551613,0.15739293159469406,0.19151825492226712,0.7682177209834117
Summit County,vap_aian,pre_20_dem_bid,0.5435566676448387,0.15739293159469406,0.23178227901658813,0.8084817450777328
Summit County,vap_oth_b,pre_20_rep_tru,0.1137234328238607,0.03144496675754065,0.06437746794927059,0.19012660285344693
Summit County,vap_oth_b,pre_20_dem_bid,0.8862765671761393,0.03144496675754065,0.8098733971465532,0.9356225320507294
Trumbull County,vap_white,pre_16_rep_tru,0.5895940384754734,0.00479876600317473,0.5789066319286776,0.5973569643544012
Trumbull County,vap_white,pre_16_dem_cli,0.41040596152452646,0.00479876600317473,0.4026430356455986,0.4210933680713224
Trumbull County,vap_black,pre_16_rep_tru,0.05223070804315104,0.01726420838501318,0.02660374888513813,0.09479702454718376
Trumbull County,vap_black,pre_16_dem_cli,0.947769291956849,0.01726420838501318,0.9052029754528162,0.9733962511148616
Trumbull County,vap_hisp,pre_16_rep_tru,0.24830945317842196,0.09169002263305062,0.09280978998479077,0.44121133653251066
Trumbull County,vap_hisp,pre_16_dem_cli,0.7516905468215781,0.09169002263305062,0.5587886634674893,0.9071902100152094
Trumbull County,vap_asian,pre_16_rep_tru,0.49011726827415464,0.19409837936865149,0.17487509132258094,0.891373004732372
Trumbull County,vap_asian,pre_16_dem_cli,0.5098827317258454,0.19409837936865149,0.10862699526762788,0.8251249086774188
Trumbull County,vap_aian,pre_16_rep_tru,0.487244690154101,0.1734431595555415,0.17556959765007477,0.8240538268635468
Trumbull County,vap_aian,pre_16_dem_cli,0.5127553098458989,0.1734431595555415,0.17594617313645308,0.824430402349925
Trumbull County,vap_oth_b,pre_16_rep_tru,0.21029117798855143,0.08860111303464982,0.09220430401767608,0.40698046554614287
Trumbull County,vap_oth_b,pre_16_dem_cli,0.7897088220114484,0.08860111303464982,0.5930195344538571,0.9077956959823236
Trumbull County,vap_white,uss_16_rep_por,0.6245718723393776,0.00456895665402056,0.6148035530296813,0.6327247066743428
Trumbull County,vap_white,uss_16_dem_str,0.3754281276606223,0.00456895665402056,0.3672752933256572,0.3851964469703187
Trumbull County,vap_black,uss_16_rep_por,0.04503834236907089,0.01451335646733942,0.02198683111252991,0.08051957921570761
Trumbull County,vap_black,uss_16_dem_str,0.9549616576309292,0.01451335646733942,0.9194804207842924,0.97801316888747
Trumbull County,vap_hisp,uss_16_rep_por,0.2642850109596659,0.11964404549203038,0.10183644039443757,0.5495477220295392
Trumbull County,vap_hisp,uss_16_dem_str,0.7357149890403342,0.11964404549203038,0.4504522779704607,0.8981635596055625
Trumbull County,vap_asian,uss_16_rep_por,0.44725476586684176,0.16321829847391395,0.17076378764431038,0.7798586138316576
Trumbull County,vap_asian,uss_16_dem_str,0.5527452341331582,0.16321829847391395,0.2201413861683423,0.8292362123556895
Trumbull County,vap_aian,uss_16_rep_por,0.47376024070448536,0.17601590857357144,0.1773660765447307,0.8186844681993255
Trumbull County,vap_aian,uss_16_dem_str,0.5262397592955146,0.17601590857357144,0.1813155318006743,0.8226339234552692
Trumbull County,vap_oth_b,uss_16_rep_por,0.21764996818181231,0.07963963467793699,0.08936021484370206,0.38237311552984177
Trumbull County,vap_oth_b,uss_16_dem_str,0.7823500318181876,0.07963963467793699,0.6176268844701579,0.9106397851562978
Trumbull County,vap_white,uss_18_rep_ren,0.4574597066427769,0.00490222227938593,0.44653813370957457,0.4658412246467782
Trumbull County,vap_white,uss_18_dem_bro,0.5425402933572231,0.00490222227938593,0.5341587753532218,0.5534618662904254
Trumbull County,vap_black,uss_18_rep_ren,0.0517721282360253,0.01465078070502561,0.02745943984959258,0.08472324345862133
Trumbull County,vap_black,uss_18_dem_bro,0.9482278717639748,0.01465078070502561,0.9152767565413789,0.9725405601504074
Trumbull County,vap_hisp,uss_18_rep_ren,0.26370112737173157,0.13710929133587865,0.09349581996185773,0.6688952956320944
Trumbull County,vap_hisp,uss_18_dem_bro,0.7362988726282685,0.13710929133587865,0.3311047043679057,0.9065041800381424
Trumbull County,vap_asian,uss_18_rep_ren,0.4735171650930149,0.15454204158256438,0.1864149477055064,0.7733145635896507
Trumbull County,vap_asian,uss_18_dem_bro,0.5264828349069851,0.15454204158256438,0.2266854364103492,0.8135850522944936
Trumbull County,vap_aian,uss_18_rep_ren,0.45776709318099224,0.1669581334246087,0.16671140396556822,0.7925599496112313
Trumbull County,vap_aian,uss_18_dem_bro,0.5422329068190077,0.1669581334246087,0.2074400503887683,0.8332885960344317
Trumbull County,vap_oth_b,uss_18_rep_ren,0.22048997132321904,0.07922949020442359,0.09808394687542454,0.4031046227242721
Trumbull County,vap_oth_b,uss_18_dem_bro,0.7795100286767809,0.07922949020442359,0.5968953772757276,0.9019160531245752
Trumbull County,vap_white,gov_18_rep_dew,0.5126889419050766,0.00464022576803671,0.502925095407008,0.5214417239837849
Trumbull County,vap_white,gov_18_dem_cor,0.48731105809492337,0.00464022576803671,0.47855827601621514,0.497074904592992
Trumbull County,vap_black,gov_18_rep_dew,0.05128601051428198,0.0163886159634659,0.02747733943345358,0.09159341794705898
Trumbull County,vap_black,gov_18_dem_cor,0.948713989485718,0.01638861596346591,0.908406582052941,0.9725226605665463
Trumbull County,vap_hisp,gov_18_rep_dew,0.300796069014337,0.12782444418892627,0.09246028355500184,0.5870999342542611
Trumbull County,vap_hisp,gov_18_dem_cor,0.6992039309856631,0.12782444418892627,0.4129000657457389,0.9075397164449984
Trumbull County,vap_asian,gov_18_rep_dew,0.4465119342465289,0.14718433636261077,0.17759786556336105,0.7343302950940759
Trumbull County,vap_asian,gov_18_dem_cor,0.5534880657534711,0.14718433636261077,0.2656697049059241,0.8224021344366389
Trumbull County,vap_aian,gov_18_rep_dew,0.5077103083663468,0.1727537607515972,0.17949488667822966,0.8055781635939567
Trumbull County,vap_aian,gov_18_dem_cor,0.4922896916336531,0.1727537607515972,0.1944218364060431,0.82050511332177
Trumbull County,vap_oth_b,gov_18_rep_dew,0.21696023237017592,0.08063273597538556,0.09337417403240916,0.41359315670151575
Trumbull County,vap_oth_b,gov_18_dem_cor,0.783039767629824,0.08063273597538556,0.5864068432984841,0.9066258259675908
Trumbull County,vap_white,atg_18_rep_yos,0.5298064262590746,0.00469637747422463,0.5193474839905022,0.5377325179576145
Trumbull County,vap_white,atg_18_dem_det,0.47019357374092535,0.00469637747422463,0.46226748204238555,0.4806525160094976
Trumbull County,vap_black,atg_18_rep_yos,0.05329074301759098,0.01588621663009183,0.0271224145218841,0.08992100604831875
Trumbull County,vap_black,atg_18_dem_det,0.946709256982409,0.01588621663009183,0.9100789939516812,0.972877585478116
Trumbull County,vap_hisp,atg_18_rep_yos,0.2874797029638827,0.11464979000919938,0.111891482123967,0.541910987382119
Trumbull County,vap_hisp,atg_18_dem_det,0.7125202970361173,0.11464979000919938,0.458089012617881,0.888108517876033
Trumbull County,vap_asian,atg_18_rep_yos,0.4474447228613382,0.157719117841766,0.18983304626263992,0.7823058022387264
Trumbull County,vap_asian,atg_18_dem_det,0.5525552771386618,0.157719117841766,0.2176941977612736,0.81016695373736
Trumbull County,vap_aian,atg_18_rep_yos,0.48175706627449544,0.1695416918015237,0.1692414845278367,0.8056952254972646
Trumbull County,vap_aian,atg_18_dem_det,0.5182429337255046,0.1695416918015237,0.19430477450273503,0.8307585154721632
Trumbull County,vap_oth_b,atg_18_rep_yos,0.1684116138077486,0.08036522993302,0.06435735552478238,0.3837218666125701
Trumbull County,vap_oth_b,atg_18_dem_det,0.8315883861922513,0.08036522993302,0.6162781333874299,0.9356426444752176
Trumbull County,vap_white,sos_18_rep_lar,0.5434828730897838,0.00520884480186681,0.5325526018728765,0.5526014912258893
Trumbull County,vap_white,sos_18_dem_cly,0.4565171269102162,0.00520884480186681,0.44739850877411064,0.4674473981271235
Trumbull County,vap_black,sos_18_rep_lar,0.04938330295756248,0.01486160465821808,0.02532927612218286,0.0833864346806796
Trumbull County,vap_black,sos_18_dem_cly,0.9506166970424376,0.01486160465821808,0.9166135653193204,0.9746707238778172
Trumbull County,vap_hisp,sos_18_rep_lar,0.27969521768452693,0.11462026948811148,0.10931069421582176,0.551442936320499
Trumbull County,vap_hisp,sos_18_dem_cly,0.7203047823154731,0.11462026948811148,0.44855706367950104,0.8906893057841783
Trumbull County,vap_asian,sos_18_rep_lar,0.49019665034236154,0.1530625730684496,0.20099072198775153,0.7786575299851923
Trumbull County,vap_asian,sos_18_dem_cly,0.5098033496576385,0.1530625730684496,0.22134247001480767,0.7990092780122485
Trumbull County,vap_aian,sos_18_rep_lar,0.4536864921202816,0.15710556859894234,0.16452433379119008,0.8035486472774077
Trumbull County,vap_aian,sos_18_dem_cly,0.5463135078797183,0.15710556859894234,0.19645135272259223,0.8354756662088098
Trumbull County,vap_oth_b,sos_18_rep_lar,0.23902703346262136,0.09455121777028848,0.10263861362788482,0.4567512950798849
Trumbull County,vap_oth_b,sos_18_dem_cly,0.7609729665373786,0.09455121777028848,0.543248704920115,0.897361386372115
Trumbull County,vap_white,pre_20_rep_tru,0.6101200417563574,0.00492396977195888,0.5996336150516469,0.618851821343115
Trumbull County,vap_white,pre_20_dem_bid,0.3898799582436426,0.00492396977195888,0.381148178656885,0.40036638494835314
Trumbull County,vap_black,pre_20_rep_tru,0.05199693574174572,0.01709441684356303,0.0249845100367315,0.09061055588987996
Trumbull County,vap_black,pre_20_dem_bid,0.9480030642582544,0.01709441684356303,0.90938944411012,0.9750154899632684
Trumbull County,vap_hisp,pre_20_rep_tru,0.2692129753764283,0.11127122155779896,0.10308160470995335,0.5449970199350315
Trumbull County,vap_hisp,pre_20_dem_bid,0.7307870246235718,0.11127122155779896,0.4550029800649686,0.8969183952900467
Trumbull County,vap_asian,pre_20_rep_tru,0.4093307138883834,0.13570931927791977,0.17060875149876373,0.6803092910724694
Trumbull County,vap_asian,pre_20_dem_bid,0.5906692861116166,0.13570931927791977,0.3196907089275306,0.8293912485012362
Trumbull County,vap_aian,pre_20_rep_tru,0.4988902128560735,0.14767790183294832,0.23001504098755293,0.7977373815728922
Trumbull County,vap_aian,pre_20_dem_bid,0.5011097871439264,0.14767790183294832,0.2022626184271078,0.7699849590124468
Trumbull County,vap_oth_b,pre_20_rep_tru,0.22129645869397285,0.08426932478704477,0.09108142526852672,0.4164800902423615
Trumbull County,vap_oth_b,pre_20_dem_bid,0.778703541306027,0.08426932478704477,0.5835199097576383,0.9089185747314732
Tuscarawas County,vap_white,pre_16_rep_tru,0.7041782088425693,0.00631722994975988,0.6912952062321135,0.7159128981613395
Tuscarawas County,vap_white,pre_16_dem_cli,0.29582179115743074,0.00631722994975988,0.2840871018386606,0.3087047937678865
Tuscarawas County,vap_black,pre_16_rep_tru,0.43800126771660863,0.16705344767696848,0.14867354905015315,0.7634232727262789
Tuscarawas County,vap_black,pre_16_dem_cli,0.5619987322833914,0.16705344767696848,0.23657672727372103,0.8513264509498467
Tuscarawas County,vap_hisp,pre_16_rep_tru,0.29551296559826706,0.11269312605435124,0.11231037741673144,0.543951644097965
Tuscarawas County,vap_hisp,pre_16_dem_cli,0.7044870344017329,0.11269312605435124,0.45604835590203496,0.8876896225832686
Tuscarawas County,vap_asian,pre_16_rep_tru,0.513900125749919,0.15765304246179218,0.22276423328585584,0.8182436982236476
Tuscarawas County,vap_asian,pre_16_dem_cli,0.48609987425008094,0.15765304246179218,0.1817563017763522,0.7772357667141441
Tuscarawas County,vap_aian,pre_16_rep_tru,0.5008475803406374,0.1734940912402845,0.18100001370858443,0.8132413648543205
Tuscarawas County,vap_aian,pre_16_dem_cli,0.4991524196593627,0.1734940912402845,0.18675863514567936,0.8189999862914155
Tuscarawas County,vap_oth_b,pre_16_rep_tru,0.4663241473437609,0.1552769538466261,0.19741145961278125,0.7758980178314355
Tuscarawas County,vap_oth_b,pre_16_dem_cli,0.5336758526562391,0.1552769538466261,0.2241019821685643,0.8025885403872186
Tuscarawas County,vap_white,uss_16_rep_por,0.7242228238325421,0.00706340431036604,0.7098795206525945,0.7369821478650372
Tuscarawas County,vap_white,uss_16_dem_str,0.27577717616745795,0.00706340431036604,0.2630178521349629,0.29012047934740554
Tuscarawas County,vap_black,uss_16_rep_por,0.42695612102883673,0.16379803697198633,0.17122125521851267,0.767343231662551
Tuscarawas County,vap_black,uss_16_dem_str,0.5730438789711632,0.16379803697198633,0.2326567683374488,0.8287787447814874
Tuscarawas County,vap_hisp,uss_16_rep_por,0.29578107693201566,0.1123832970716412,0.11362943841400198,0.5411167135014834
Tuscarawas County,vap_hisp,uss_16_dem_str,0.7042189230679843,0.1123832970716412,0.4588832864985166,0.8863705615859981
Tuscarawas County,vap_asian,uss_16_rep_por,0.4510521571007852,0.16127986305128247,0.16064155671961025,0.7645648628229327
Tuscarawas County,vap_asian,uss_16_dem_str,0.5489478428992147,0.16127986305128247,0.2354351371770671,0.8393584432803896
Tuscarawas County,vap_aian,uss_16_rep_por,0.5050670030828761,0.17951054178642284,0.1633453262840225,0.8301227708056134
Tuscarawas County,vap_aian,uss_16_dem_str,0.49493299691712384,0.17951054178642284,0.16987722919438655,0.8366546737159775
Tuscarawas County,vap_oth_b,uss_16_rep_por,0.4224526002867443,0.16509757835491978,0.1547250224244001,0.7402341328408882
Tuscarawas County,vap_oth_b,uss_16_dem_str,0.5775473997132555,0.16509757835491978,0.25976586715911165,0.8452749775755999
Tuscarawas County,vap_white,uss_18_rep_ren,0.5706103490589228,0.00787977204561464,0.554428976878646,0.5846994106769563
Tuscarawas County,vap_white,uss_18_dem_bro,0.4293896509410773,0.00787977204561464,0.41530058932304376,0.44557102312135394
Tuscarawas County,vap_black,uss_18_rep_ren,0.4209389491651649,0.16117251476450897,0.1385876231328376,0.7398991074612895
Tuscarawas County,vap_black,uss_18_dem_bro,0.5790610508348351,0.16117251476450897,0.2601008925387104,0.8614123768671622
Tuscarawas County,vap_hisp,uss_18_rep_ren,0.2729388684244231,0.11300556878636776,0.08740645674125248,0.5264525347660924
Tuscarawas County,vap_hisp,uss_18_dem_bro,0.7270611315755768,0.11300556878636776,0.4735474652339075,0.9125935432587476
Tuscarawas County,vap_asian,uss_18_rep_ren,0.4521587166222147,0.16786620188704487,0.15940016254933626,0.7797160924653791
Tuscarawas County,vap_asian,uss_18_dem_bro,0.5478412833777851,0.16786620188704487,0.22028390753462068,0.8405998374506637
Tuscarawas County,vap_aian,uss_18_rep_ren,0.4717884856507138,0.17235852100558452,0.13206356216132237,0.8008856053496646
Tuscarawas County,vap_aian,uss_18_dem_bro,0.5282115143492861,0.17235852100558452,0.19911439465033548,0.8679364378386776
Tuscarawas County,vap_oth_b,uss_18_rep_ren,0.4259536568471596,0.17653001909513089,0.1360252533971954,0.7913508544019678
Tuscarawas County,vap_oth_b,uss_18_dem_bro,0.5740463431528403,0.17653001909513089,0.20864914559803213,0.8639747466028045
Tuscarawas County,vap_white,gov_18_rep_dew,0.632919693740912,0.00731722545219516,0.6181893782656003,0.6464244216594528
Tuscarawas County,vap_white,gov_18_dem_cor,0.3670803062590881,0.00731722545219516,0.3535755783405473,0.3818106217343997
Tuscarawas County,vap_black,gov_18_rep_dew,0.4758639698416393,0.1722969855035074,0.14214536745275605,0.7973592249060888
Tuscarawas County,vap_black,gov_18_dem_cor,0.5241360301583606,0.1722969855035074,0.20264077509391104,0.8578546325472438
Tuscarawas County,vap_hisp,gov_18_rep_dew,0.27712854362119993,0.12150145661164648,0.09663835221383443,0.5505227196278907
Tuscarawas County,vap_hisp,gov_18_dem_cor,0.7228714563788001,0.12150145661164648,0.4494772803721093,0.9033616477861656
Tuscarawas County,vap_asian,gov_18_rep_dew,0.47049780238979144,0.16431779094013907,0.17643932272195245,0.7848457523040143
Tuscarawas County,vap_asian,gov_18_dem_cor,0.5295021976102084,0.16431779094013907,0.2151542476959855,0.8235606772780473
Tuscarawas County,vap_aian,gov_18_rep_dew,0.513583726910636,0.1605477695461454,0.21115829993150464,0.8031504847634108
Tuscarawas County,vap_aian,gov_18_dem_cor,0.4864162730893639,0.1605477695461454,0.19684951523658903,0.7888417000684953
Tuscarawas County,vap_oth_b,gov_18_rep_dew,0.4469088753275858,0.16722788667194405,0.14793778629865167,0.7701125495773774
Tuscarawas County,vap_oth_b,gov_18_dem_cor,0.5530911246724142,0.16722788667194405,0.22988745042262249,0.852062213701348
Tuscarawas County,vap_white,atg_18_rep_yos,0.6339536763777567,0.00695368488010236,0.6196376601974407,0.6465151692522579
Tuscarawas County,vap_white,atg_18_dem_det,0.3660463236222434,0.00695368488010236,0.35348483074774223,0.3803623398025594
Tuscarawas County,vap_black,atg_18_rep_yos,0.4282440633598613,0.1466598083844457,0.1673148905245055,0.724917142668889
Tuscarawas County,vap_black,atg_18_dem_det,0.5717559366401387,0.1466598083844457,0.2750828573311109,0.8326851094754945
Tuscarawas County,vap_hisp,atg_18_rep_yos,0.26974955607527973,0.10980941013722008,0.09767590200889512,0.5081769890410149
Tuscarawas County,vap_hisp,atg_18_dem_det,0.7302504439247203,0.10980941013722008,0.491823010958985,0.9023240979911048
Tuscarawas County,vap_asian,atg_18_rep_yos,0.4902843234851756,0.1507877082379654,0.22023516554619052,0.7844390861563999
Tuscarawas County,vap_asian,atg_18_dem_det,0.5097156765148243,0.1507877082379654,0.2155609138435999,0.7797648344538094
Tuscarawas County,vap_aian,atg_18_rep_yos,0.48525489255404425,0.15898785469554907,0.20597670176581104,0.8117415109459644
Tuscarawas County,vap_aian,atg_18_dem_det,0.5147451074459557,0.15898785469554907,0.18825848905403547,0.794023298234189
Tuscarawas County,vap_oth_b,atg_18_rep_yos,0.4625330620451398,0.16385680150757545,0.16622753802171794,0.7806727177946012
Tuscarawas County,vap_oth_b,atg_18_dem_det,0.5374669379548601,0.16385680150757545,0.21932728220539863,0.8337724619782818
Tuscarawas County,vap_white,sos_18_rep_lar,0.6343929715505721,0.00795164950057879,0.6186441195884204,0.6490172375548074
Tuscarawas County,vap_white,sos_18_dem_cly,0.365607028449428,0.00795164950057879,0.35098276244519266,0.3813558804115797
Tuscarawas County,vap_black,sos_18_rep_lar,0.4293266570459757,0.15454965504965487,0.15968746558697255,0.7282533336531543
Tuscarawas County,vap_black,sos_18_dem_cly,0.5706733429540243,0.15454965504965487,0.2717466663468457,0.8403125344130273
Tuscarawas County,vap_hisp,sos_18_rep_lar,0.28219777292389064,0.1079713970182515,0.11305130174588558,0.5323896667962447
Tuscarawas County,vap_hisp,sos_18_dem_cly,0.7178022270761093,0.1079713970182515,0.46761033320375534,0.8869486982541143
Tuscarawas County,vap_asian,sos_18_rep_lar,0.46389364466760774,0.17265491958866055,0.15539112121027626,0.792450643479904
Tuscarawas County,vap_asian,sos_18_dem_cly,0.5361063553323921,0.17265491958866055,0.2075493565200959,0.8446088787897236
Tuscarawas County,vap_aian,sos_18_rep_lar,0.49249534657183985,0.18929183063890884,0.1326115245262876,0.8200231196263924
Tuscarawas County,vap_aian,sos_18_dem_cly,0.5075046534281601,0.18929183063890884,0.17997688037360768,0.8673884754737123
Tuscarawas County,vap_oth_b,sos_18_rep_lar,0.34306525708132657,0.19721220519864668,0.06720764893618172,0.7466015700247856
Tuscarawas County,vap_oth_b,sos_18_dem_cly,0.6569347429186734,0.19721220519864668,0.2533984299752143,0.9327923510638182
Tuscarawas County,vap_white,pre_20_rep_tru,0.7255282742855226,0.00642099458363738,0.7124018284259868,0.7381290915102348
Tuscarawas County,vap_white,pre_20_dem_bid,0.2744717257144775,0.00642099458363738,0.26187090848976546,0.28759817157401335
Tuscarawas County,vap_black,pre_20_rep_tru,0.4263629993198916,0.17734623024357718,0.1252594161300596,0.7686539475109107
Tuscarawas County,vap_black,pre_20_dem_bid,0.5736370006801084,0.17734623024357718,0.23134605248908915,0.8747405838699404
Tuscarawas County,vap_hisp,pre_20_rep_tru,0.22544219966887097,0.09357415311878146,0.0834815248344742,0.4384271518314879
Tuscarawas County,vap_hisp,pre_20_dem_bid,0.774557800331129,0.09357415311878146,0.561572848168512,0.9165184751655258
Tuscarawas County,vap_asian,pre_20_rep_tru,0.47619909444562064,0.16399593267932447,0.1810372165946308,0.8005787845951361
Tuscarawas County,vap_asian,pre_20_dem_bid,0.5238009055543793,0.16399593267932447,0.1994212154048638,0.8189627834053691
Tuscarawas County,vap_aian,pre_20_rep_tru,0.4748885003331002,0.16026913804783355,0.16820460902543544,0.7860417962324275
Tuscarawas County,vap_aian,pre_20_dem_bid,0.5251114996668997,0.16026913804783355,0.21395820376757188,0.8317953909745646
Tuscarawas County,vap_oth_b,pre_20_rep_tru,0.435066267339186,0.15273844560538194,0.1585122582721171,0.7315842000596171
Tuscarawas County,vap_oth_b,pre_20_dem_bid,0.5649337326608139,0.15273844560538194,0.2684157999403828,0.8414877417278828
Union County,vap_white,pre_16_rep_tru,0.7497964304109924,0.00926567898267424,0.7315415557588052,0.7679430914497194
Union County,vap_white,pre_16_dem_cli,0.2502035695890075,0.00926567898267424,0.2320569085502805,0.26845844424119486
Union County,vap_black,pre_16_rep_tru,0.47522259061039407,0.17133240665523627,0.16603069601840564,0.8096009743827197
Union County,vap_black,pre_16_dem_cli,0.5247774093896059,0.17133240665523627,0.19039902561728017,0.8339693039815942
Union County,vap_hisp,pre_16_rep_tru,0.4425689378700583,0.16108965333625228,0.15397997046834025,0.7750923318538598
Union County,vap_hisp,pre_16_dem_cli,0.5574310621299418,0.16108965333625228,0.22490766814614027,0.8460200295316596
Union County,vap_asian,pre_16_rep_tru,0.2705272089798145,0.10014316104366948,0.10024291298325604,0.4796754785424367
Union County,vap_asian,pre_16_dem_cli,0.7294727910201856,0.10014316104366948,0.5203245214575634,0.899757087016744
Union County,vap_aian,pre_16_rep_tru,0.5041144898755342,0.1648166825154889,0.21008257229218796,0.8222108178276116
Union County,vap_aian,pre_16_dem_cli,0.4958855101244658,0.1648166825154889,0.17778918217238823,0.7899174277078121
Union County,vap_oth_b,pre_16_rep_tru,0.45292854516720826,0.16922686439163986,0.15503536899212397,0.8017570565810704
Union County,vap_oth_b,pre_16_dem_cli,0.5470714548327917,0.16922686439163986,0.19824294341892948,0.8449646310078757
Union County,vap_white,uss_16_rep_por,0.8080830003507898,0.0095218563783864,0.7890872039694331,0.8256511072251856
Union County,vap_white,uss_16_dem_str,0.19191699964921016,0.0095218563783864,0.17434889277481425,0.2109127960305669
Union County,vap_black,uss_16_rep_por,0.4644672700794345,0.16890644098438187,0.14560420704323893,0.801336181908597
Union County,vap_black,uss_16_dem_str,0.5355327299205654,0.16890644098438187,0.198663818091403,0.854395792956761
Union County,vap_hisp,uss_16_rep_por,0.44662189833471966,0.16226945760075334,0.15346720779857156,0.7634350172142459
Union County,vap_hisp,uss_16_dem_str,0.5533781016652803,0.16226945760075334,0.2365649827857543,0.8465327922014284
Union County,vap_asian,uss_16_rep_por,0.5132774189649758,0.09519451540170888,0.3293282238168361,0.7030214826948402
Union County,vap_asian,uss_16_dem_str,0.4867225810350243,0.09519451540170888,0.29697851730515984,0.670671776183164
Union County,vap_aian,uss_16_rep_por,0.5280003508628236,0.17091426815421934,0.20276403674090424,0.8424973126634872
Union County,vap_aian,uss_16_dem_str,0.4719996491371764,0.17091426815421934,0.1575026873365127,0.7972359632590956
Union County,vap_oth_b,uss_16_rep_por,0.4413054674722644,0.17212541722216476,0.14685538500815443,0.8009523101137958
Union County,vap_oth_b,uss_16_dem_str,0.5586945325277356,0.17212541722216476,0.19904768988620436,0.8531446149918456
Union County,vap_white,uss_18_rep_ren,0.660169490456302,0.01051306328689589,0.6388719069272166,0.6799728863975949
Union County,vap_white,uss_18_dem_bro,0.339830509543698,0.01051306328689589,0.320027113602405,0.3611280930727833
Union County,vap_black,uss_18_rep_ren,0.4653856135077824,0.16578491961559813,0.17630458436567523,0.7904595837855861
Union County,vap_black,uss_18_dem_bro,0.5346143864922176,0.16578491961559813,0.20954041621441377,0.8236954156343246
Union County,vap_hisp,uss_18_rep_ren,0.4555939500936835,0.1695624701927496,0.14020204403466205,0.7835695620145501
Union County,vap_hisp,uss_18_dem_bro,0.5444060499063166,0.1695624701927496,0.21643043798544992,0.8597979559653379
Union County,vap_asian,uss_18_rep_ren,0.2783356839542122,0.10266129561053408,0.10746918098283335,0.5017173243322574
Union County,vap_asian,uss_18_dem_bro,0.7216643160457878,0.10266129561053408,0.4982826756677425,0.8925308190171665
Union County,vap_aian,uss_18_rep_ren,0.5198153428824768,0.1629449425134467,0.2023249270540816,0.8230939761216464
Union County,vap_aian,uss_18_dem_bro,0.4801846571175232,0.1629449425134467,0.17690602387835358,0.7976750729459184
Union County,vap_oth_b,uss_18_rep_ren,0.4817327480341322,0.16973086942499774,0.170140210303414,0.8084305945027043
Union County,vap_oth_b,uss_18_dem_bro,0.5182672519658679,0.16973086942499774,0.1915694054972955,0.829859789696586
Union County,vap_white,gov_18_rep_dew,0.7182501570235681,0.00947422934135016,0.6994664169542776,0.7365186616069174
Union County,vap_white,gov_18_dem_cor,0.2817498429764319,0.00947422934135016,0.2634813383930826,0.3005335830457224
Union County,vap_black,gov_18_rep_dew,0.4626369341842899,0.16049669324223442,0.16990196483458586,0.7772208904326616
Union County,vap_black,gov_18_dem_cor,0.53736306581571,0.16049669324223442,0.22277910956733832,0.8300980351654141
Union County,vap_hisp,gov_18_rep_dew,0.44027595481558635,0.1609112664451579,0.15995130619255452,0.7645860233432631
Union County,vap_hisp,gov_18_dem_cor,0.5597240451844137,0.1609112664451579,0.23541397665673663,0.8400486938074455
Union County,vap_asian,gov_18_rep_dew,0.29213225619246574,0.09591624087983452,0.12211647659075756,0.5004760783013655
Union County,vap_asian,gov_18_dem_cor,0.7078677438075343,0.09591624087983452,0.4995239216986343,0.8778835234092424
Union County,vap_aian,gov_18_rep_dew,0.4921886952641925,0.1693904926757938,0.17744444210292698,0.8192120888841466
Union County,vap_aian,gov_18_dem_cor,0.5078113047358075,0.1693904926757938,0.1807879111158532,0.8225555578970729
Union County,vap_oth_b,gov_18_rep_dew,0.4579234923291486,0.16964447887478326,0.16470117120824135,0.8096877546172827
Union County,vap_oth_b,gov_18_dem_cor,0.5420765076708515,0.16964447887478326,0.1903122453827172,0.8352988287917585
Union County,vap_white,atg_18_rep_yos,0.7374390235753195,0.01008116068469936,0.7179845240291133,0.7563809511806556
Union County,vap_white,atg_18_dem_det,0.26256097642468046,0.01008116068469936,0.24361904881934443,0.2820154759708867
Union County,vap_black,atg_18_rep_yos,0.46059410975431136,0.1741687904262008,0.14961241201579348,0.8042949824788682
Union County,vap_black,atg_18_dem_det,0.5394058902456886,0.1741687904262008,0.1957050175211317,0.8503875879842067
Union County,vap_hisp,atg_18_rep_yos,0.44868262942620335,0.1647082379076809,0.1456528588674052,0.7775381969329026
Union County,vap_hisp,atg_18_dem_det,0.5513173705737967,0.1647082379076809,0.22246180306709729,0.8543471411325949
Union County,vap_asian,atg_18_rep_yos,0.2854122629035077,0.09814353821922482,0.11706437726775948,0.4895316098973169
Union County,vap_asian,atg_18_dem_det,0.7145877370964924,0.09814353821922482,0.510468390102683,0.8829356227322405
Union County,vap_aian,atg_18_rep_yos,0.5071254005148805,0.1664435865102543,0.1871177015875683,0.812705026686575
Union County,vap_aian,atg_18_dem_det,0.4928745994851194,0.1664435865102543,0.18729497331342512,0.8128822984124318
Union County,vap_oth_b,atg_18_rep_yos,0.4555326407692247,0.17208702070929752,0.1575019207928522,0.7822529276365876
Union County,vap_oth_b,atg_18_dem_det,0.5444673592307754,0.17208702070929752,0.21774707236341223,0.8424980792071478
Union County,vap_white,sos_18_rep_lar,0.7263371823891922,0.00916271989387478,0.7082996043072015,0.7439717537921738
Union County,vap_white,sos_18_dem_cly,0.27366281761080785,0.00916271989387477,0.25602824620782616,0.2917003956927985
Union County,vap_black,sos_18_rep_lar,0.4737973076993391,0.1725372852785625,0.1672842513596874,0.8326818622827612
Union County,vap_black,sos_18_dem_cly,0.526202692300661,0.1725372852785625,0.1673181377172386,0.8327157486403126
Union County,vap_hisp,sos_18_rep_lar,0.4476981801991834,0.15118720051933057,0.19805185778754592,0.758909943705813
Union County,vap_hisp,sos_18_dem_cly,0.5523018198008167,0.15118720051933057,0.241090056294187,0.801948142212454
Union County,vap_asian,sos_18_rep_lar,0.2730212163732232,0.09133070726468596,0.1179693928850727,0.4704277509705386
Union County,vap_asian,sos_18_dem_cly,0.7269787836267768,0.09133070726468596,0.5295722490294614,0.8820306071149273
Union County,vap_aian,sos_18_rep_lar,0.4845547379045886,0.156987583970419,0.19874946282136163,0.7966441908395653
Union County,vap_aian,sos_18_dem_cly,0.5154452620954114,0.156987583970419,0.2033558091604347,0.8012505371786384
Union County,vap_oth_b,sos_18_rep_lar,0.4656011888176746,0.1589707738328139,0.1685913619583509,0.770916813811509
Union County,vap_oth_b,sos_18_dem_cly,0.5343988111823254,0.1589707738328139,0.22908318618849088,0.8314086380416491
Union County,vap_white,pre_20_rep_tru,0.7200115805432507,0.0091725267463336,0.7020470926088793,0.7372592398132017
Union County,vap_white,pre_20_dem_bid,0.27998841945674935,0.0091725267463336,0.2627407601867983,0.2979529073911208
Union County,vap_black,pre_20_rep_tru,0.46315822115566085,0.17088808117343168,0.15905434672872465,0.7957444203176282
Union County,vap_black,pre_20_dem_bid,0.5368417788443391,0.17088808117343168,0.20425557968237185,0.8409456532712754
Union County,vap_hisp,pre_20_rep_tru,0.41920871357801975,0.16997319788919854,0.11980119452261864,0.7525423334038166
Union County,vap_hisp,pre_20_dem_bid,0.5807912864219803,0.16997319788919854,0.24745766659618332,0.8801988054773813
Union County,vap_asian,pre_20_rep_tru,0.2053899486549842,0.08708958689066766,0.0664975210139557,0.39205827605015053
Union County,vap_asian,pre_20_dem_bid,0.7946100513450158,0.08708958689066768,0.6079417239498495,0.9335024789860442
Union County,vap_aian,pre_20_rep_tru,0.5103208610791301,0.18089592358793335,0.1661235179406747,0.84051116625559
Union County,vap_aian,pre_20_dem_bid,0.4896791389208699,0.18089592358793335,0.15948883374441003,0.8338764820593253
Union County,vap_oth_b,pre_20_rep_tru,0.4689725292572021,0.16019472149231195,0.1866500987189474,0.7957304791808636
Union County,vap_oth_b,pre_20_dem_bid,0.5310274707427979,0.16019472149231198,0.2042695208191364,0.8133499012810523
Van Wert County,vap_white,pre_16_rep_tru,0.8174401280224135,0.00842392547596837,0.8003891488990245,0.8336571109248988
Van Wert County,vap_white,pre_16_dem_cli,0.18255987197758644,0.00842392547596837,0.16634288907510109,0.19961085110097543
Van Wert County,vap_black,pre_16_rep_tru,0.4529463045239298,0.1697156379313126,0.13965838618103035,0.7834399861517624
Van Wert County,vap_black,pre_16_dem_cli,0.5470536954760703,0.1697156379313126,0.21656001384823767,0.8603416138189699
Van Wert County,vap_hisp,pre_16_rep_tru,0.3988139148572488,0.15562826240812103,0.13804161611654628,0.7196252596160087
Van Wert County,vap_hisp,pre_16_dem_cli,0.6011860851427512,0.15562826240812103,0.28037474038399135,0.8619583838834537
Van Wert County,vap_asian,pre_16_rep_tru,0.4620407203065153,0.17601885547146257,0.13551983108024718,0.8048829875628024
Van Wert County,vap_asian,pre_16_dem_cli,0.5379592796934848,0.17601885547146257,0.1951170124371977,0.8644801689197528
Van Wert County,vap_aian,pre_16_rep_tru,0.4977842169119358,0.1809500624398416,0.18901964632509327,0.8556002051958802
Van Wert County,vap_aian,pre_16_dem_cli,0.5022157830880642,0.1809500624398416,0.14439979480411963,0.8109803536749068
Van Wert County,vap_oth_b,pre_16_rep_tru,0.4286765352984634,0.1639850257346555,0.14457448195769468,0.7566137109002885
Van Wert County,vap_oth_b,pre_16_dem_cli,0.5713234647015365,0.16398502573465548,0.2433862890997113,0.8554255180423052
Van Wert County,vap_white,uss_16_rep_por,0.8009603744324163,0.00846042531501706,0.7842395222075227,0.8169498718296555
Van Wert County,vap_white,uss_16_dem_str,0.19903962556758367,0.00846042531501706,0.18305012817034447,0.2157604777924772
Van Wert County,vap_black,uss_16_rep_por,0.46783119924414746,0.16411044846587575,0.16462613756033762,0.7866384570961328
Van Wert County,vap_black,uss_16_dem_str,0.5321688007558526,0.16411044846587575,0.2133615429038674,0.8353738624396623
Van Wert County,vap_hisp,uss_16_rep_por,0.42952474182265565,0.1585738637545488,0.1486254200548586,0.7554142883983351
Van Wert County,vap_hisp,uss_16_dem_str,0.5704752581773443,0.1585738637545488,0.2445857116016649,0.8513745799451412
Van Wert County,vap_asian,uss_16_rep_por,0.48167741619780213,0.1699020122113571,0.16488520352122257,0.7987886454342487
Van Wert County,vap_asian,uss_16_dem_str,0.518322583802198,0.1699020122113571,0.20121135456575143,0.8351147964787775
Van Wert County,vap_aian,uss_16_rep_por,0.506041380525564,0.16706209641002143,0.197847564904836,0.8240291335695248
Van Wert County,vap_aian,uss_16_dem_str,0.493958619474436,0.16706209641002143,0.17597086643047513,0.8021524350951641
Van Wert County,vap_oth_b,uss_16_rep_por,0.4369924205850127,0.16896654643963271,0.14292859609701655,0.7780869529586284
Van Wert County,vap_oth_b,uss_16_dem_str,0.5630075794149872,0.16896654643963271,0.22191304704137144,0.8570714039029832
Van Wert County,vap_white,uss_18_rep_ren,0.7268550859802977,0.00930834956247731,0.7085927207887633,0.7447189177830982
Van Wert County,vap_white,uss_18_dem_bro,0.2731449140197022,0.00930834956247731,0.2552810822169016,0.2914072792112366
Van Wert County,vap_black,uss_18_rep_ren,0.48490577939177104,0.166487141966355,0.1700111073294657,0.8055199689877269
Van Wert County,vap_black,uss_18_dem_bro,0.5150942206082291,0.166487141966355,0.19448003101227315,0.8299888926705344
Van Wert County,vap_hisp,uss_18_rep_ren,0.4529181729712338,0.17439152178866227,0.14176417026788343,0.8138421069387447
Van Wert County,vap_hisp,uss_18_dem_bro,0.5470818270287663,0.17439152178866227,0.18615789306125513,0.8582358297321167
Van Wert County,vap_asian,uss_18_rep_ren,0.5050231040397085,0.1641928737275748,0.20305573117127887,0.8257286750116871
Van Wert County,vap_asian,uss_18_dem_bro,0.4949768959602916,0.1641928737275748,0.1742713249883128,0.7969442688287212
Van Wert County,vap_aian,uss_18_rep_ren,0.5049542172059074,0.16757986895823743,0.19514942111433453,0.8258594999843255
Van Wert County,vap_aian,uss_18_dem_bro,0.4950457827940927,0.16757986895823743,0.1741405000156745,0.8048505788856656
Van Wert County,vap_oth_b,uss_18_rep_ren,0.4580901728198338,0.15924382437972243,0.17942280866066748,0.7664847299754474
Van Wert County,vap_oth_b,uss_18_dem_bro,0.5419098271801661,0.15924382437972243,0.23351527002455255,0.8205771913393324
Van Wert County,vap_white,gov_18_rep_dew,0.7963110877550531,0.00852502351355173,0.7796841302769429,0.8124061718626815
Van Wert County,vap_white,gov_18_dem_cor,0.2036889122449468,0.00852502351355173,0.18759382813731837,0.22031586972305697
Van Wert County,vap_black,gov_18_rep_dew,0.4246088832236981,0.17533830298425193,0.11312023745007307,0.7797668870268185
Van Wert County,vap_black,gov_18_dem_cor,0.575391116776302,0.17533830298425193,0.22023311297318143,0.8868797625499271
Van Wert County,vap_hisp,gov_18_rep_dew,0.4279111205240175,0.16021761993723022,0.1490867355941575,0.7564978564807799
Van Wert County,vap_hisp,gov_18_dem_cor,0.5720888794759826,0.16021761993723022,0.24350214351921984,0.8509132644058425
Van Wert County,vap_asian,gov_18_rep_dew,0.5101965068899171,0.17257648630491307,0.16791919186901386,0.8250763449234434
Van Wert County,vap_asian,gov_18_dem_cor,0.489803493110083,0.17257648630491307,0.17492365507655666,0.8320808081309861
Van Wert County,vap_aian,gov_18_rep_dew,0.4888459790116667,0.16059525939328975,0.19106901620350575,0.7906689463273749
Van Wert County,vap_aian,gov_18_dem_cor,0.5111540209883333,0.16059525939328975,0.20933105367262508,0.8089309837964942
Van Wert County,vap_oth_b,gov_18_rep_dew,0.4515483191902435,0.16663418648303466,0.15508809841365384,0.7867699672246178
Van Wert County,vap_oth_b,gov_18_dem_cor,0.5484516808097564,0.16663418648303466,0.213230032775382,0.8449119015863461
Van Wert County,vap_white,atg_18_rep_yos,0.7957694051083813,0.00908833144251755,0.7781450511035548,0.8128355531797654
Van Wert County,vap_white,atg_18_dem_det,0.20423059489161857,0.00908833144251755,0.18716444682023464,0.221854948896445
Van Wert County,vap_black,atg_18_rep_yos,0.4443733749414104,0.16969502025433977,0.14273553389360574,0.7706638588491133
Van Wert County,vap_black,atg_18_dem_det,0.5556266250585897,0.16969502025433977,0.2293361411508868,0.8572644661063944
Van Wert County,vap_hisp,atg_18_rep_yos,0.43316727900464463,0.16340835000540224,0.14272093700946012,0.7605643074651303
Van Wert County,vap_hisp,atg_18_dem_det,0.5668327209953554,0.16340835000540224,0.23943569253486977,0.8572790629905398
Van Wert County,vap_asian,atg_18_rep_yos,0.504624038144502,0.1786956732799786,0.17759037540575703,0.8701097279191556
Van Wert County,vap_asian,atg_18_dem_det,0.49537596185549815,0.1786956732799786,0.12989027208084436,0.822409624594243
Van Wert County,vap_aian,atg_18_rep_yos,0.4764844377786384,0.16710535307491045,0.16548008115045254,0.803839061337163
Van Wert County,vap_aian,atg_18_dem_det,0.5235155622213616,0.16710535307491045,0.1961609386628369,0.8345199188495473
Van Wert County,vap_oth_b,atg_18_rep_yos,0.4505792351319417,0.16945371016363422,0.1525921389413842,0.7997944622750147
Van Wert County,vap_oth_b,atg_18_dem_det,0.5494207648680582,0.16945371016363422,0.20020553772498495,0.8474078610586155
Van Wert County,vap_white,sos_18_rep_lar,0.7918397047716138,0.00909795531907969,0.7735537862210115,0.8086978813575553
Van Wert County,vap_white,sos_18_dem_cly,0.2081602952283861,0.00909795531907969,0.19130211864244467,0.22644621377898852
Van Wert County,vap_black,sos_18_rep_lar,0.46607900136367025,0.1822719172189285,0.11612474157524325,0.8119016234758648
Van Wert County,vap_black,sos_18_dem_cly,0.5339209986363298,0.1822719172189285,0.18809837652413505,0.8838752584247569
Van Wert County,vap_hisp,sos_18_rep_lar,0.4298898268855744,0.16504280374913324,0.1504564800872109,0.7621451231322499
Van Wert County,vap_hisp,sos_18_dem_cly,0.5701101731144257,0.16504280374913324,0.2378548768677501,0.8495435199127892
Van Wert County,vap_asian,sos_18_rep_lar,0.4712089397574009,0.17484435753855543,0.1443017913043892,0.8005216995384509
Van Wert County,vap_asian,sos_18_dem_cly,0.5287910602425991,0.17484435753855543,0.19947830046154916,0.8556982086956109
Van Wert County,vap_aian,sos_18_rep_lar,0.5070657866454485,0.17711879161472013,0.1775513939876782,0.8353384597846497
Van Wert County,vap_aian,sos_18_dem_cly,0.49293421335455145,0.17711879161472013,0.16466154021535037,0.8224486060123218
Van Wert County,vap_oth_b,sos_18_rep_lar,0.44843522169765176,0.17007060041701777,0.15084842829070308,0.7890002441047723
Van Wert County,vap_oth_b,sos_18_dem_cly,0.5515647783023482,0.17007060041701777,0.2109997558952275,0.8491515717092968
Van Wert County,vap_white,pre_20_rep_tru,0.8130601360139091,0.00817492780418413,0.7964370630720143,0.8282651797687465
Van Wert County,vap_white,pre_20_dem_bid,0.18693986398609075,0.00817492780418413,0.17173482023125333,0.20356293692798563
Van Wert County,vap_black,pre_20_rep_tru,0.4750999586068501,0.17493402413713954,0.14989824529858758,0.8113270731898181
Van Wert County,vap_black,pre_20_dem_bid,0.5249000413931499,0.17493402413713954,0.1886729268101817,0.8501017547014124
Van Wert County,vap_hisp,pre_20_rep_tru,0.3946395533943378,0.15026991778496476,0.15134816109077673,0.7319109821557791
Van Wert County,vap_hisp,pre_20_dem_bid,0.6053604466056621,0.15026991778496476,0.2680890178442206,0.8486518389092232
Van Wert County,vap_asian,pre_20_rep_tru,0.49725542431797337,0.16304867931447575,0.1863547150937634,0.8019497298466532
Van Wert County,vap_asian,pre_20_dem_bid,0.5027445756820267,0.16304867931447575,0.1980502701533468,0.8136452849062368
Van Wert County,vap_aian,pre_20_rep_tru,0.49114446755467384,0.18095063008795575,0.16616909368073185,0.8460433886010549
Van Wert County,vap_aian,pre_20_dem_bid,0.5088555324453262,0.18095063008795575,0.15395661139894493,0.833830906319268
Van Wert County,vap_oth_b,pre_20_rep_tru,0.41379900172543976,0.16420562533319316,0.1427061100776849,0.758518789888396
Van Wert County,vap_oth_b,pre_20_dem_bid,0.5862009982745602,0.16420562533319316,0.24148121011160387,0.8572938899223149
Vinton County,vap_white,pre_16_rep_tru,0.7343973591375788,0.00929485942118509,0.7161540879011246,0.7525192803457389
Vinton County,vap_white,pre_16_dem_cli,0.2656026408624213,0.00929485942118509,0.2474807196542613,0.2838459120988755
Vinton County,vap_black,pre_16_rep_tru,0.48702982536479567,0.19438350583853908,0.12006990668797844,0.8479042871277196
Vinton County,vap_black,pre_16_dem_cli,0.5129701746352042,0.19438350583853908,0.15209571287228016,0.8799300933120214
Vinton County,vap_hisp,pre_16_rep_tru,0.49730397792556474,0.18089439336070132,0.1586509619322517,0.8299490624279124
Vinton County,vap_hisp,pre_16_dem_cli,0.5026960220744352,0.18089439336070132,0.17005093757208728,0.8413490380677482
Vinton County,vap_asian,pre_16_rep_tru,0.5097591158266689,0.18480739308660657,0.16367048514163357,0.8591105360888253
Vinton County,vap_asian,pre_16_dem_cli,0.4902408841733312,0.18480739308660657,0.14088946391117457,0.8363295148583664
Vinton County,vap_aian,pre_16_rep_tru,0.5103288733645871,0.18950232370363612,0.1548353119683353,0.8690089231284107
Vinton County,vap_aian,pre_16_dem_cli,0.4896711266354129,0.18950232370363612,0.1309910768715893,0.8451646880316643
Vinton County,vap_oth_b,pre_16_rep_tru,0.4690067517728381,0.17299608206756362,0.15156682839775898,0.8003363715495599
Vinton County,vap_oth_b,pre_16_dem_cli,0.5309932482271619,0.17299608206756362,0.19966362845044,0.8484331716022411
Vinton County,vap_white,uss_16_rep_por,0.6816397374956686,0.00973157375298749,0.6621162452389503,0.7001222874868931
Vinton County,vap_white,uss_16_dem_str,0.31836026250433147,0.00973157375298749,0.299877712513107,0.3378837547610497
Vinton County,vap_black,uss_16_rep_por,0.49451306482706536,0.20436479160668175,0.114686560747098,0.8735433372915413
Vinton County,vap_black,uss_16_dem_str,0.5054869351729345,0.20436479160668175,0.12645666270845843,0.8853134392529017
Vinton County,vap_hisp,uss_16_rep_por,0.5180960318227836,0.17901398115690031,0.17835843898476442,0.8475795733158665
Vinton County,vap_hisp,uss_16_dem_str,0.4819039681772164,0.17901398115690031,0.1524204266841334,0.8216415610152354
Vinton County,vap_asian,uss_16_rep_por,0.486778615205252,0.19124841802336648,0.12823408049811474,0.8377820156503938
Vinton County,vap_asian,uss_16_dem_str,0.513221384794748,0.19124841802336648,0.16221798434960613,0.8717659195018852
Vinton County,vap_aian,uss_16_rep_por,0.47968145286668146,0.17944297186469657,0.147736773088743,0.8214690007017464
Vinton County,vap_aian,uss_16_dem_str,0.5203185471333185,0.17944297186469657,0.17853099929825342,0.8522632269112569
Vinton County,vap_oth_b,uss_16_rep_por,0.487579839187892,0.18003460595190807,0.14777448137056942,0.8283622873891772
Vinton County,vap_oth_b,uss_16_dem_str,0.512420160812108,0.18003460595190807,0.17163771261082275,0.8522255186294304
Vinton County,vap_white,uss_18_rep_ren,0.5910398374790913,0.01065852092401476,0.5703347224949429,0.6116265887919068
Vinton County,vap_white,uss_18_dem_bro,0.4089601625209088,0.01065852092401476,0.3883734112080931,0.4296652775050573
Vinton County,vap_black,uss_18_rep_ren,0.4863616592995834,0.18977791150978665,0.1374437119658528,0.8433228711435511
Vinton County,vap_black,uss_18_dem_bro,0.5136383407004165,0.18977791150978665,0.1566771288564486,0.8625562880341469
Vinton County,vap_hisp,uss_18_rep_ren,0.4940665490531169,0.1923464455953227,0.12277884246739595,0.8586939187177257
Vinton County,vap_hisp,uss_18_dem_bro,0.5059334509468831,0.1923464455953227,0.14130608128227426,0.877221157532604
Vinton County,vap_asian,uss_18_rep_ren,0.4939330053900491,0.187488166134983,0.13415122844002406,0.8455698020618118
Vinton County,vap_asian,uss_18_dem_bro,0.506066994609951,0.187488166134983,0.15443019793818824,0.865848771559976
Vinton County,vap_aian,uss_18_rep_ren,0.48110715679687854,0.18872124337930984,0.13610317029382102,0.8474927533014656
Vinton County,vap_aian,uss_18_dem_bro,0.5188928432031215,0.18872124337930984,0.1525072466985342,0.8638968297061786
Vinton County,vap_oth_b,uss_18_rep_ren,0.48443854228917094,0.17159806792498997,0.16204534386729613,0.8215998334504806
Vinton County,vap_oth_b,uss_18_dem_bro,0.5155614577108291,0.17159806792498997,0.17840016654951932,0.8379546561327038
Vinton County,vap_white,gov_18_rep_dew,0.6497893390209079,0.01058113409293615,0.6291755204245315,0.6703668840208309
Vinton County,vap_white,gov_18_dem_cor,0.3502106609790922,0.01058113409293615,0.3296331159791693,0.3708244795754685
Vinton County,vap_black,gov_18_rep_dew,0.4876870855213747,0.18781931300596896,0.14131957306499296,0.8447725043824468
Vinton County,vap_black,gov_18_dem_cor,0.5123129144786253,0.18781931300596896,0.155227495617553,0.8586804269350069
Vinton County,vap_hisp,gov_18_rep_dew,0.516408493732208,0.1834327223486076,0.1675304339886469,0.8555852066716734
Vinton County,vap_hisp,gov_18_dem_cor,0.483591506267792,0.1834327223486076,0.14441479332832655,0.832469566011353
Vinton County,vap_asian,gov_18_rep_dew,0.513254888896542,0.1848325637924735,0.152117692034744,0.8503569059747949
Vinton County,vap_asian,gov_18_dem_cor,0.486745111103458,0.1848325637924735,0.14964309402520518,0.8478823079652559
Vinton County,vap_aian,gov_18_rep_dew,0.4948067848124189,0.1862920972608179,0.1357550598095405,0.8421585188501274
Vinton County,vap_aian,gov_18_dem_cor,0.5051932151875811,0.1862920972608179,0.1578414811498725,0.8642449401904595
Vinton County,vap_oth_b,gov_18_rep_dew,0.5079437291314803,0.17201208374135715,0.17589096859013312,0.8376059896349581
Vinton County,vap_oth_b,gov_18_dem_cor,0.4920562708685196,0.17201208374135715,0.16239401036504178,0.8241090314098667
Vinton County,vap_white,atg_18_rep_yos,0.677678621214691,0.01047613493375184,0.6572651931642236,0.6978222534524554
Vinton County,vap_white,atg_18_dem_det,0.32232137878530914,0.01047613493375184,0.3021777465475447,0.34273480683577645
Vinton County,vap_black,atg_18_rep_yos,0.4959716272528696,0.19284752774274855,0.1347565618921332,0.8500977628901579
Vinton County,vap_black,atg_18_dem_det,0.5040283727471303,0.19284752774274855,0.14990223710984185,0.8652434381078666
Vinton County,vap_hisp,atg_18_rep_yos,0.49982215398346097,0.1901098594887482,0.1392604167916567,0.8478594505309721
Vinton County,vap_hisp,atg_18_dem_det,0.500177846016539,0.1901098594887482,0.15214054946902789,0.8607395832083432
Vinton County,vap_asian,atg_18_rep_yos,0.5005689996939995,0.1865902443496261,0.13554470624953993,0.8510417398213219
Vinton County,vap_asian,atg_18_dem_det,0.4994310003060005,0.1865902443496261,0.14895826017867808,0.86445529375046
Vinton County,vap_aian,atg_18_rep_yos,0.5253679933904495,0.19672711576484195,0.1440851389775856,0.8841841212623597
Vinton County,vap_aian,atg_18_dem_det,0.47463200660955046,0.19672711576484195,0.11581587873764004,0.8559148610224142
Vinton County,vap_oth_b,atg_18_rep_yos,0.4799825248659533,0.16893041425339494,0.1729444699024188,0.8008061673607818
Vinton County,vap_oth_b,atg_18_dem_det,0.5200174751340467,0.16893041425339494,0.19919383263921803,0.8270555300975811
Vinton County,vap_white,sos_18_rep_lar,0.6540635797916283,0.01077121619072902,0.6326619981690952,0.6749972029181327
Vinton County,vap_white,sos_18_dem_cly,0.3459364202083718,0.01077121619072902,0.32500279708186747,0.36733800183090487
Vinton County,vap_black,sos_18_rep_lar,0.516151971468092,0.18691397903746443,0.1695247657168325,0.8681590364317885
Vinton County,vap_black,sos_18_dem_cly,0.4838480285319079,0.18691397903746443,0.13184096356821134,0.8304752342831674
Vinton County,vap_hisp,sos_18_rep_lar,0.5083096768849714,0.18893008351251184,0.13999840927825452,0.8484879597932272
Vinton County,vap_hisp,sos_18_dem_cly,0.4916903231150286,0.18893008351251184,0.1515120402067727,0.8600015907217452
Vinton County,vap_asian,sos_18_rep_lar,0.4897746406557856,0.18594159124321075,0.14393887511292908,0.8452916358851477
Vinton County,vap_asian,sos_18_dem_cly,0.5102253593442144,0.18594159124321075,0.15470836411485236,0.856061124887071
Vinton County,vap_aian,sos_18_rep_lar,0.4764156763513257,0.2011940948139825,0.08826433079177178,0.8579919254915359
Vinton County,vap_aian,sos_18_dem_cly,0.5235843236486742,0.2011940948139825,0.14200807450846406,0.911735669208228
Vinton County,vap_oth_b,sos_18_rep_lar,0.4773485892630745,0.17723119257153985,0.153626715563061,0.8240769637202685
Vinton County,vap_oth_b,sos_18_dem_cly,0.5226514107369254,0.17723119257153985,0.1759230362797315,0.8463732844369388
Vinton County,vap_white,pre_20_rep_tru,0.7784469588993758,0.00875485102374383,0.76131002555549,0.7955382308991037
Vinton County,vap_white,pre_20_dem_bid,0.2215530411006244,0.00875485102374383,0.20446176910089628,0.23868997444451015
Vinton County,vap_black,pre_20_rep_tru,0.5048914272619457,0.18954546716589032,0.13812813065901983,0.8626585019049134
Vinton County,vap_black,pre_20_dem_bid,0.4951085727380542,0.18954546716589032,0.13734149809508645,0.8618718693409799
Vinton County,vap_hisp,pre_20_rep_tru,0.48913193075025824,0.18867498250829187,0.1326684939934103,0.8434728013749447
Vinton County,vap_hisp,pre_20_dem_bid,0.5108680692497418,0.18867498250829187,0.15652719862505524,0.8673315060065896
Vinton County,vap_asian,pre_20_rep_tru,0.49845671173312767,0.1834565999876724,0.14931025543601512,0.8465577092798046
Vinton County,vap_asian,pre_20_dem_bid,0.5015432882668723,0.1834565999876724,0.1534422907201954,0.8506897445639846
Vinton County,vap_aian,pre_20_rep_tru,0.4906488426789843,0.19286912050227295,0.13122630368576854,0.8571512500025897
Vinton County,vap_aian,pre_20_dem_bid,0.5093511573210157,0.19286912050227295,0.14284874999741023,0.8687736963142314
Vinton County,vap_oth_b,pre_20_rep_tru,0.475101178562546,0.178132574895198,0.14759741801259213,0.8073530510547975
Vinton County,vap_oth_b,pre_20_dem_bid,0.524898821437454,0.178132574895198,0.19264694894520223,0.8524025819874078
Warren County,vap_white,pre_16_rep_tru,0.7707571815067118,0.00731351837169695,0.756721577200285,0.7849601076534407
Warren County,vap_white,pre_16_dem_cli,0.2292428184932882,0.00731351837169695,0.2150398923465593,0.2432784227997151
Warren County,vap_black,pre_16_rep_tru,0.4181603697092701,0.1086255278713644,0.2309948044287226,0.6391549420049122
Warren County,vap_black,pre_16_dem_cli,0.5818396302907299,0.1086255278713644,0.3608450579950878,0.7690051955712773
Warren County,vap_hisp,pre_16_rep_tru,0.27967366725528797,0.12217760102055984,0.10216990968619684,0.6154471808137899
Warren County,vap_hisp,pre_16_dem_cli,0.720326332744712,0.12217760102055984,0.3845528191862099,0.897830090313803
Warren County,vap_asian,pre_16_rep_tru,0.14758509822740254,0.03826158868204739,0.08467905861691391,0.23663274652523889
Warren County,vap_asian,pre_16_dem_cli,0.8524149017725974,0.03826158868204739,0.7633672534747611,0.915320941383086
Warren County,vap_aian,pre_16_rep_tru,0.5436779809300728,0.1678175552719625,0.2350273262998709,0.8389449352766998
Warren County,vap_aian,pre_16_dem_cli,0.45632201906992714,0.1678175552719625,0.16105506472330008,0.7649726737001291
Warren County,vap_oth_b,pre_16_rep_tru,0.3860685338089207,0.15970079893750247,0.12501853245325165,0.7089683310077517
Warren County,vap_oth_b,pre_16_dem_cli,0.6139314661910793,0.15970079893750247,0.29103166899224825,0.8749814675467483
Warren County,vap_white,uss_16_rep_por,0.8548665807379401,0.00658748395582566,0.8400577670790985,0.8663450379756408
Warren County,vap_white,uss_16_dem_str,0.14513341926205997,0.00658748395582566,0.1336549620243593,0.1599422329209015
Warren County,vap_black,uss_16_rep_por,0.4585292808180472,0.1167001759459574,0.24823248723766209,0.7015755195545829
Warren County,vap_black,uss_16_dem_str,0.5414707191819529,0.1167001759459574,0.2984244804454172,0.7517675127623379
Warren County,vap_hisp,uss_16_rep_por,0.3101405307791338,0.1113093284668795,0.13271825891102773,0.5439554935693587
Warren County,vap_hisp,uss_16_dem_str,0.6898594692208662,0.1113093284668795,0.45604450643064126,0.867281741088972
Warren County,vap_asian,uss_16_rep_por,0.42007892229088334,0.04314756686713947,0.33658935031433046,0.5057862240357586
Warren County,vap_asian,uss_16_dem_str,0.5799210777091166,0.04314756686713947,0.49421377596424143,0.6634106496856694
Warren County,vap_aian,uss_16_rep_por,0.5495954390148681,0.16128119298994076,0.2336274987843843,0.8439667730781452
Warren County,vap_aian,uss_16_dem_str,0.4504045609851318,0.16128119298994076,0.15603322692185473,0.7663725012156157
Warren County,vap_oth_b,uss_16_rep_por,0.228996258594231,0.11222543620684718,0.08344680069615586,0.5052619730918464
Warren County,vap_oth_b,uss_16_dem_str,0.771003741405769,0.11222543620684718,0.4947380269081532,0.9165531993038442
Warren County,vap_white,uss_18_rep_ren,0.7065832913777357,0.00839110344777168,0.6879814498269381,0.7218112481295726
Warren County,vap_white,uss_18_dem_bro,0.2934167086222644,0.00839110344777168,0.27818875187042735,0.31201855017306185
Warren County,vap_black,uss_18_rep_ren,0.4235323565530041,0.1062771205173596,0.2458616447704449,0.6657104276956705
Warren County,vap_black,uss_18_dem_bro,0.576467643446996,0.1062771205173596,0.33428957230432954,0.7541383552295552
Warren County,vap_hisp,uss_18_rep_ren,0.26809626640713186,0.12435039993761814,0.08817077555160548,0.5550338781367934
Warren County,vap_hisp,uss_18_dem_bro,0.7319037335928681,0.12435039993761814,0.4449661218632065,0.9118292244483944
Warren County,vap_asian,uss_18_rep_ren,0.10815263918036194,0.02826432648891384,0.06105709317930223,0.16987465217617115
Warren County,vap_asian,uss_18_dem_bro,0.891847360819638,0.02826432648891384,0.830125347823829,0.9389429068206976
Warren County,vap_aian,uss_18_rep_ren,0.5450700464159967,0.16262790354823747,0.1951728733501704,0.8293409754365898
Warren County,vap_aian,uss_18_dem_bro,0.4549299535840032,0.16262790354823747,0.1706590245634101,0.8048271266498296
Warren County,vap_oth_b,uss_18_rep_ren,0.3927998162833369,0.13343686807707622,0.1642527335186157,0.6729718476161456
Warren County,vap_oth_b,uss_18_dem_bro,0.6072001837166631,0.13343686807707622,0.3270281523838544,0.8357472664813843
Warren County,vap_white,gov_18_rep_dew,0.7555019374719382,0.0074045953752618,0.7392845772484553,0.7688490722881007
Warren County,vap_white,gov_18_dem_cor,0.2444980625280619,0.0074045953752618,0.23115092771189927,0.26071542275154475
Warren County,vap_black,gov_18_rep_dew,0.43144595404261904,0.11610975349900832,0.23474623803042113,0.6858801430067052
Warren County,vap_black,gov_18_dem_cor,0.568554045957381,0.11610975349900832,0.31411985699329475,0.7652537619695788
Warren County,vap_hisp,gov_18_rep_dew,0.2737330406087282,0.10104099795023136,0.11652003884702158,0.5080460338644681
Warren County,vap_hisp,gov_18_dem_cor,0.7262669593912717,0.10104099795023136,0.4919539661355318,0.8834799611529782
Warren County,vap_asian,gov_18_rep_dew,0.14759219475569751,0.03465699627574914,0.08706430013308233,0.22232859164297636
Warren County,vap_asian,gov_18_dem_cor,0.8524078052443025,0.03465699627574914,0.7776714083570236,0.9129356998669176
Warren County,vap_aian,gov_18_rep_dew,0.48725882674233945,0.15658363197180128,0.1924062071265709,0.783914826205617
Warren County,vap_aian,gov_18_dem_cor,0.5127411732576606,0.15658363197180128,0.21608517379438288,0.807593792873429
Warren County,vap_oth_b,gov_18_rep_dew,0.3557113528981162,0.15045666295097995,0.1327932344176715,0.6902748912191836
Warren County,vap_oth_b,gov_18_dem_cor,0.6442886471018838,0.15045666295097995,0.3097251087808163,0.8672067655823285
Warren County,vap_white,atg_18_rep_yos,0.7510393702539153,0.00702931404595763,0.7366127911691952,0.7638373313184382
Warren County,vap_white,atg_18_dem_det,0.2489606297460847,0.00702931404595763,0.23616266868156183,0.2633872088308049
Warren County,vap_black,atg_18_rep_yos,0.4290332910823826,0.11896638823695614,0.2322250327142163,0.6802172924400655
Warren County,vap_black,atg_18_dem_det,0.5709667089176175,0.11896638823695614,0.3197827075599344,0.7677749672857838
Warren County,vap_hisp,atg_18_rep_yos,0.26754471927221507,0.11486367243732618,0.10322802818980058,0.5460076133238525
Warren County,vap_hisp,atg_18_dem_det,0.7324552807277849,0.11486367243732618,0.4539923866761475,0.8967719718101994
Warren County,vap_asian,atg_18_rep_yos,0.1415161673419661,0.04147260252180138,0.07669275503289046,0.23566262805128368
Warren County,vap_asian,atg_18_dem_det,0.8584838326580339,0.04147260252180138,0.7643373719487162,0.9233072449671094
Warren County,vap_aian,atg_18_rep_yos,0.4927257423287113,0.15690858000946498,0.19906254524758987,0.7800163654297428
Warren County,vap_aian,atg_18_dem_det,0.5072742576712886,0.15690858000946498,0.21998363457025716,0.80093745475241
Warren County,vap_oth_b,atg_18_rep_yos,0.34506204529468626,0.13983987411997922,0.1181947803460108,0.633706553805724
Warren County,vap_oth_b,atg_18_dem_det,0.6549379547053137,0.13983987411997922,0.3662934461942758,0.8818052196539892
Warren County,vap_white,sos_18_rep_lar,0.7486610038172592,0.00758560118387181,0.7337470548367907,0.7624356140025397
Warren County,vap_white,sos_18_dem_cly,0.2513389961827408,0.00758560118387181,0.2375643859974604,0.26625294516320935
Warren County,vap_black,sos_18_rep_lar,0.3972252832133764,0.11187483586075436,0.19385458253442545,0.6138377965726993
Warren County,vap_black,sos_18_dem_cly,0.6027747167866236,0.11187483586075436,0.38616220342730057,0.8061454174655747
Warren County,vap_hisp,sos_18_rep_lar,0.300411238436484,0.12262993698846678,0.12117374115926612,0.5858456933673922
Warren County,vap_hisp,sos_18_dem_cly,0.6995887615635159,0.12262993698846678,0.4141543066326075,0.8788262588407338
Warren County,vap_asian,sos_18_rep_lar,0.13677408437914956,0.03517214720246322,0.07072806474028963,0.20893530245472583
Warren County,vap_asian,sos_18_dem_cly,0.8632259156208504,0.03517214720246323,0.7910646975452741,0.9292719352597104
Warren County,vap_aian,sos_18_rep_lar,0.47419170873708594,0.1870652994519207,0.14287054598362506,0.815680547045575
Warren County,vap_aian,sos_18_dem_cly,0.525808291262914,0.1870652994519207,0.18431945295442476,0.8571294540163747
Warren County,vap_oth_b,sos_18_rep_lar,0.3717480759607624,0.15360039677191067,0.10864869129636512,0.6646779215436464
Warren County,vap_oth_b,sos_18_dem_cly,0.6282519240392376,0.15360039677191067,0.33532207845635353,0.8913513087036349
Warren County,vap_white,pre_20_rep_tru,0.7304585695706551,0.00786375306843561,0.7137413329122861,0.7444537582687485
Warren County,vap_white,pre_20_dem_bid,0.2695414304293449,0.00786375306843561,0.2555462417312515,0.28625866708771386
Warren County,vap_black,pre_20_rep_tru,0.39892041271987205,0.09876596984007358,0.24784495774048695,0.639535067392467
Warren County,vap_black,pre_20_dem_bid,0.601079587280128,0.09876596984007358,0.360464932607533,0.7521550422595129
Warren County,vap_hisp,pre_20_rep_tru,0.2463526441254122,0.11692585855758098,0.0827465497977491,0.5466520612401503
Warren County,vap_hisp,pre_20_dem_bid,0.7536473558745878,0.11692585855758098,0.45334793875984947,0.9172534502022508
Warren County,vap_asian,pre_20_rep_tru,0.08181300129065543,0.02289157464914786,0.04448657937887234,0.13251974291940294
Warren County,vap_asian,pre_20_dem_bid,0.9181869987093444,0.02289157464914786,0.867480257080597,0.9555134206211274
Warren County,vap_aian,pre_20_rep_tru,0.600521594787605,0.21926428470042433,0.1799709516100552,0.9149126659561962
Warren County,vap_aian,pre_20_dem_bid,0.3994784052123949,0.21926428470042433,0.08508733404380349,0.8200290483899446
Warren County,vap_oth_b,pre_20_rep_tru,0.4163368475854415,0.16483457669434498,0.14362682662727708,0.8046173101051272
Warren County,vap_oth_b,pre_20_dem_bid,0.5836631524145585,0.16483457669434498,0.1953826898948726,0.8563731733727228
Washington County,vap_white,pre_16_rep_tru,0.7366505454894071,0.00706913569015725,0.7225076917395287,0.7498321206810606
Washington County,vap_white,pre_16_dem_cli,0.2633494545105929,0.00706913569015725,0.2501678793189394,0.2774923082604715
Washington County,vap_black,pre_16_rep_tru,0.482821388126596,0.1625810549227595,0.19050589317418645,0.8027883166271205
Washington County,vap_black,pre_16_dem_cli,0.5171786118734041,0.16258105492275948,0.1972116833728796,0.8094941068258136
Washington County,vap_hisp,pre_16_rep_tru,0.47331236490230666,0.16713596055926708,0.17359049558015477,0.8145491626410506
Washington County,vap_hisp,pre_16_dem_cli,0.5266876350976933,0.16713596055926708,0.18545083735894935,0.8264095044198452
Washington County,vap_asian,pre_16_rep_tru,0.4378143196791616,0.18340607207224804,0.11469641763134672,0.8052197705517851
Washington County,vap_asian,pre_16_dem_cli,0.5621856803208385,0.18340607207224804,0.19478022944821488,0.8853035823686531
Washington County,vap_aian,pre_16_rep_tru,0.4786885540326968,0.15632152845269068,0.1937622973269599,0.7774640499102823
Washington County,vap_aian,pre_16_dem_cli,0.5213114459673032,0.15632152845269068,0.2225359500897177,0.80623770267304
Washington County,vap_oth_b,pre_16_rep_tru,0.4345865927165031,0.1506607389004253,0.16743573019074812,0.7403758811586751
Washington County,vap_oth_b,pre_16_dem_cli,0.5654134072834969,0.1506607389004253,0.2596241188413247,0.8325642698092517
Washington County,vap_white,uss_16_rep_por,0.657374951009983,0.0070869751279862,0.6432305026359789,0.6710399391331711
Washington County,vap_white,uss_16_dem_str,0.342625048990017,0.0070869751279862,0.328960060866829,0.356769497364021
Washington County,vap_black,uss_16_rep_por,0.4284856072857801,0.16436566621996945,0.1283025509989726,0.7568916735737964
Washington County,vap_black,uss_16_dem_str,0.5715143927142199,0.16436566621996945,0.2431083264262036,0.8716974490010274
Washington County,vap_hisp,uss_16_rep_por,0.46026836997781,0.15813608714015073,0.1755778684434074,0.7730496460630367
Washington County,vap_hisp,uss_16_dem_str,0.53973163002219,0.15813608714015073,0.2269503539369632,0.8244221315565927
Washington County,vap_asian,uss_16_rep_por,0.4350282193492947,0.1783064738953909,0.13265789881679993,0.8089289923563103
Washington County,vap_asian,uss_16_dem_str,0.5649717806507053,0.1783064738953909,0.19107100764368984,0.8673421011832002
Washington County,vap_aian,uss_16_rep_por,0.492838154307243,0.1653545556643109,0.192489385879268,0.8193062713792477
Washington County,vap_aian,uss_16_dem_str,0.507161845692757,0.1653545556643109,0.18069372862075236,0.807510614120732
Washington County,vap_oth_b,uss_16_rep_por,0.4566761013776128,0.16593421696479396,0.14498855712162892,0.7806725484106853
Washington County,vap_oth_b,uss_16_dem_str,0.5433238986223872,0.16593421696479396,0.2193274515893147,0.8550114428783709
Washington County,vap_white,uss_18_rep_ren,0.6076121432042304,0.0079537939029626,0.5923481507638522,0.6229932326254094
Washington County,vap_white,uss_18_dem_bro,0.3923878567957696,0.0079537939029626,0.3770067673745907,0.40765184923614795
Washington County,vap_black,uss_18_rep_ren,0.4218671481144754,0.16412058380545191,0.13990144081412992,0.7686644375212487
Washington County,vap_black,uss_18_dem_bro,0.5781328518855247,0.16412058380545191,0.23133556247875123,0.8600985591858699
Washington County,vap_hisp,uss_18_rep_ren,0.45036416775906024,0.16791078538919055,0.16662877781233504,0.809600075768708
Washington County,vap_hisp,uss_18_dem_bro,0.5496358322409398,0.16791078538919055,0.19039992423129204,0.833371222187665
Washington County,vap_asian,uss_18_rep_ren,0.41957609887477343,0.1758915824950141,0.12978801149222355,0.7847852509024152
Washington County,vap_asian,uss_18_dem_bro,0.5804239011252266,0.1758915824950141,0.21521474909758484,0.8702119885077765
Washington County,vap_aian,uss_18_rep_ren,0.5182825049218838,0.17067492834803685,0.19008007088662263,0.818020595866734
Washington County,vap_aian,uss_18_dem_bro,0.48171749507811623,0.17067492834803685,0.1819794041332659,0.8099199291133773
Washington County,vap_oth_b,uss_18_rep_ren,0.46053940855648345,0.18255967260237024,0.1340857102107688,0.802235077354407
Washington County,vap_oth_b,uss_18_dem_bro,0.5394605914435165,0.18255967260237024,0.19776492264559295,0.8659142897892312
Washington County,vap_white,gov_18_rep_dew,0.6977478874231737,0.00753804790126264,0.6825443315845896,0.7117035214325285
Washington County,vap_white,gov_18_dem_cor,0.3022521125768263,0.00753804790126264,0.28829647856747154,0.31745566841541034
Washington County,vap_black,gov_18_rep_dew,0.43121353379945454,0.1575264633096014,0.15084428675350842,0.7458484320534275
Washington County,vap_black,gov_18_dem_cor,0.5687864662005455,0.1575264633096014,0.25415156794657234,0.8491557132464915
Washington County,vap_hisp,gov_18_rep_dew,0.45636909594161407,0.16149028349631833,0.1539114381850016,0.768776694663659
Washington County,vap_hisp,gov_18_dem_cor,0.543630904058386,0.16149028349631833,0.2312233053363408,0.8460885618149983
Washington County,vap_asian,gov_18_rep_dew,0.4244276994668452,0.16812845453315717,0.13267203862012328,0.7727391478424372
Washington County,vap_asian,gov_18_dem_cor,0.5755723005331549,0.16812845453315717,0.22726085215756267,0.8673279613798769
Washington County,vap_aian,gov_18_rep_dew,0.505711205036148,0.16702204126527734,0.18956142382604035,0.8160434655900975
Washington County,vap_aian,gov_18_dem_cor,0.494288794963852,0.16702204126527734,0.1839565344099023,0.8104385761739598
Washington County,vap_oth_b,gov_18_rep_dew,0.4297291144337408,0.16685285840517397,0.14494860128978798,0.7570024273114977
Washington County,vap_oth_b,gov_18_dem_cor,0.5702708855662592,0.16685285840517397,0.24299757268850225,0.855051398710212
Washington County,vap_white,atg_18_rep_yos,0.6864211208320794,0.00754950582457345,0.6716710046683334,0.7002877782349116
Washington County,vap_white,atg_18_dem_det,0.3135788791679206,0.00754950582457345,0.2997122217650886,0.3283289953316666
Washington County,vap_black,atg_18_rep_yos,0.4392884997273045,0.17027676016907206,0.1366650356838627,0.7756765658321889
Washington County,vap_black,atg_18_dem_det,0.5607115002726956,0.17027676016907206,0.22432343416781103,0.8633349643161373
Washington County,vap_hisp,atg_18_rep_yos,0.4533366341945804,0.16195599739414168,0.16134253836965456,0.7744517430787113
Washington County,vap_hisp,atg_18_dem_det,0.5466633658054196,0.16195599739414168,0.2255482569212884,0.8386574616303454
Washington County,vap_asian,atg_18_rep_yos,0.412143712371308,0.1719741420212113,0.128829351351545,0.7673465428803407
Washington County,vap_asian,atg_18_dem_det,0.587856287628692,0.1719741420212113,0.23265345711965932,0.871170648648455
Washington County,vap_aian,atg_18_rep_yos,0.5073080333039043,0.17885214897912502,0.1852365136282676,0.8703088448122989
Washington County,vap_aian,atg_18_dem_det,0.4926919666960957,0.17885214897912502,0.1296911551877011,0.8147634863717323
Washington County,vap_oth_b,atg_18_rep_yos,0.4512076709474901,0.17113577039035183,0.15671020054884646,0.7784235850829091
Washington County,vap_oth_b,atg_18_dem_det,0.5487923290525099,0.17113577039035183,0.22157641491709093,0.8432897994511535
Washington County,vap_white,sos_18_rep_lar,0.6701478257922305,0.00794250828215882,0.653905427671979,0.6847671974761977
Washington County,vap_white,sos_18_dem_cly,0.32985217420776947,0.00794250828215882,0.3152328025238024,0.34609457232802104
Washington County,vap_black,sos_18_rep_lar,0.4606274296158265,0.1716987655603109,0.16227517562899824,0.811582311979518
Washington County,vap_black,sos_18_dem_cly,0.5393725703841735,0.1716987655603109,0.188417688020482,0.8377248243710017
Washington County,vap_hisp,sos_18_rep_lar,0.4803296827749963,0.16070921785472864,0.18503839603591896,0.7863921337028689
Washington County,vap_hisp,sos_18_dem_cly,0.5196703172250038,0.16070921785472864,0.21360786629713105,0.8149616039640811
Washington County,vap_asian,sos_18_rep_lar,0.4578977166017992,0.1874779369505017,0.11648958550881186,0.8080370378914323
Washington County,vap_asian,sos_18_dem_cly,0.5421022833982008,0.1874779369505017,0.19196296210856775,0.8835104144911881
Washington County,vap_aian,sos_18_rep_lar,0.4956634274351938,0.1657343323742115,0.18010334188595264,0.8037213636663969
Washington County,vap_aian,sos_18_dem_cly,0.5043365725648061,0.1657343323742115,0.19627863633360307,0.8198966581140474
Washington County,vap_oth_b,sos_18_rep_lar,0.5009219445078277,0.18343583076729345,0.19096828147788825,0.8978122481148272
Washington County,vap_oth_b,sos_18_dem_cly,0.4990780554921723,0.18343583076729345,0.10218775188517272,0.8090317185221116
Washington County,vap_white,pre_20_rep_tru,0.7262967796522112,0.00797274327201702,0.7107565942298779,0.7409082054945444
Washington County,vap_white,pre_20_dem_bid,0.2737032203477889,0.00797274327201702,0.25909179450545555,0.28924340577012214
Washington County,vap_black,pre_20_rep_tru,0.4340469369876822,0.1608743725162409,0.15202591054807443,0.7719299287046582
Washington County,vap_black,pre_20_dem_bid,0.5659530630123178,0.1608743725162409,0.22807007129534176,0.8479740894519254
Washington County,vap_hisp,pre_20_rep_tru,0.4557205424491001,0.17330198457164295,0.14600393551343707,0.782722763541287
Washington County,vap_hisp,pre_20_dem_bid,0.5442794575509,0.17330198457164295,0.21727723645871297,0.853996064486563
Washington County,vap_asian,pre_20_rep_tru,0.445178640735291,0.18507924796619435,0.1301458397428893,0.8209386776825228
Washington County,vap_asian,pre_20_dem_bid,0.554821359264709,0.18507924796619435,0.17906132231747715,0.8698541602571107
Washington County,vap_aian,pre_20_rep_tru,0.5179950432234778,0.1709991161158353,0.205178555796929,0.841647368227487
Washington County,vap_aian,pre_20_dem_bid,0.4820049567765222,0.1709991161158353,0.15835263177251313,0.794821444203071
Washington County,vap_oth_b,pre_20_rep_tru,0.3869535363863353,0.18824841785519372,0.07754374230089137,0.7490124545562664
Washington County,vap_oth_b,pre_20_dem_bid,0.6130464636136647,0.18824841785519372,0.2509875454437335,0.9224562576991084
Wayne County,vap_white,pre_16_rep_tru,0.7046291311104933,0.00756283595011838,0.6893550699097708,0.7190262811661837
Wayne County,vap_white,pre_16_dem_cli,0.29537086888950675,0.00756283595011838,0.28097371883381633,0.31064493009022925
Wayne County,vap_black,pre_16_rep_tru,0.36653901560656826,0.14405621776980876,0.12405082651794552,0.6744826217148033
Wayne County,vap_black,pre_16_dem_cli,0.6334609843934317,0.14405621776980876,0.32551737828519667,0.8759491734820544
Wayne County,vap_hisp,pre_16_rep_tru,0.400550032676231,0.1764506907735327,0.1036524710115332,0.767630327787034
Wayne County,vap_hisp,pre_16_dem_cli,0.5994499673237691,0.1764506907735327,0.2323696722129658,0.8963475289884668
Wayne County,vap_asian,pre_16_rep_tru,0.4510355602051899,0.16677046377477495,0.1430110840788004,0.7728512222311354
Wayne County,vap_asian,pre_16_dem_cli,0.54896443979481,0.16677046377477495,0.22714877776886447,0.8569889159211994
Wayne County,vap_aian,pre_16_rep_tru,0.5113588434927265,0.15928347398462478,0.2157603169372453,0.8399576081464695
Wayne County,vap_aian,pre_16_dem_cli,0.4886411565072734,0.15928347398462478,0.1600423918535304,0.7842396830627547
Wayne County,vap_oth_b,pre_16_rep_tru,0.3798583811081039,0.1562253670098867,0.11010996408678878,0.6933999953972915
Wayne County,vap_oth_b,pre_16_dem_cli,0.620141618891896,0.1562253670098867,0.3066000046027084,0.8898900359132113
Wayne County,vap_white,uss_16_rep_por,0.7500447438527934,0.00728261552320025,0.7355174145444102,0.7634081967182437
Wayne County,vap_white,uss_16_dem_str,0.2499552561472066,0.00728261552320025,0.2365918032817563,0.26448258545558984
Wayne County,vap_black,uss_16_rep_por,0.3644749474613734,0.14020809980663002,0.1329080825660657,0.6627335413896781
Wayne County,vap_black,uss_16_dem_str,0.6355250525386266,0.14020809980663002,0.33726645861032173,0.8670919174339341
Wayne County,vap_hisp,uss_16_rep_por,0.4353782989576319,0.175092053926115,0.16071141834949418,0.8149182538320239
Wayne County,vap_hisp,uss_16_dem_str,0.5646217010423681,0.175092053926115,0.185081746167976,0.8392885816505058
Wayne County,vap_asian,uss_16_rep_por,0.4254246452514182,0.16099136919055196,0.14891664725592296,0.7541059137852206
Wayne County,vap_asian,uss_16_dem_str,0.5745753547485818,0.16099136919055196,0.2458940862147792,0.851083352744077
Wayne County,vap_aian,uss_16_rep_por,0.4860997933332927,0.16595321552759842,0.17627070495723793,0.8045661490113256
Wayne County,vap_aian,uss_16_dem_str,0.5139002066667073,0.16595321552759842,0.1954338509886744,0.8237292950427619
Wayne County,vap_oth_b,uss_16_rep_por,0.3750911577477395,0.1514026424448184,0.1409550545038359,0.7186932392856298
Wayne County,vap_oth_b,uss_16_dem_str,0.6249088422522604,0.1514026424448184,0.28130676071437005,0.8590449454961641
Wayne County,vap_white,uss_18_rep_ren,0.6246365945880893,0.00790387018289083,0.6083918215946799,0.6389491385725722
Wayne County,vap_white,uss_18_dem_bro,0.3753634054119107,0.00790387018289083,0.3610508614274278,0.3916081784053201
Wayne County,vap_black,uss_18_rep_ren,0.3602636941854641,0.15130775731666,0.10935393851285434,0.6762404644088127
Wayne County,vap_black,uss_18_dem_bro,0.6397363058145359,0.15130775731666,0.32375953559118714,0.8906460614871455
Wayne County,vap_hisp,uss_18_rep_ren,0.4448849446314022,0.15753975704575487,0.16276441015852147,0.7554546628506038
Wayne County,vap_hisp,uss_18_dem_bro,0.5551150553685978,0.15753975704575487,0.24454533714939616,0.8372355898414786
Wayne County,vap_asian,uss_18_rep_ren,0.4892845662203271,0.1678369798450513,0.1721687162792723,0.8048734284924026
Wayne County,vap_asian,uss_18_dem_bro,0.5107154337796728,0.1678369798450513,0.1951265715075973,0.8278312837207277
Wayne County,vap_aian,uss_18_rep_ren,0.5015487140078686,0.16172500133064838,0.19394934571837724,0.8030416057626449
Wayne County,vap_aian,uss_18_dem_bro,0.4984512859921314,0.16172500133064838,0.1969583942373551,0.8060506542816225
Wayne County,vap_oth_b,uss_18_rep_ren,0.43774561699002007,0.16936662230556518,0.15154023779748432,0.7828094816824173
Wayne County,vap_oth_b,uss_18_dem_bro,0.5622543830099799,0.16936662230556518,0.2171905183175826,0.8484597622025156
Wayne County,vap_white,gov_18_rep_dew,0.6713174101454192,0.00704980445799655,0.6556000765988627,0.6835184102541556
Wayne County,vap_white,gov_18_dem_cor,0.32868258985458076,0.00704980445799655,0.3164815897458444,0.3443999234011374
Wayne County,vap_black,gov_18_rep_dew,0.2943114089464618,0.1496622958297752,0.06952822142031324,0.6390170437530553
Wayne County,vap_black,gov_18_dem_cor,0.7056885910535382,0.1496622958297752,0.3609829562469445,0.9304717785796868
Wayne County,vap_hisp,gov_18_rep_dew,0.4432198522323534,0.1569045222161586,0.16679873811432494,0.7592080779033437
Wayne County,vap_hisp,gov_18_dem_cor,0.5567801477676466,0.1569045222161586,0.2407919220966564,0.8332012618856752
Wayne County,vap_asian,gov_18_rep_dew,0.4266386751918048,0.1619499143479326,0.16429854289401014,0.7640788287686111
Wayne County,vap_asian,gov_18_dem_cor,0.5733613248081951,0.1619499143479326,0.23592117123138875,0.8357014571059898
Wayne County,vap_aian,gov_18_rep_dew,0.5200199938589372,0.1632459544624535,0.22822885499560297,0.8509833671529712
Wayne County,vap_aian,gov_18_dem_cor,0.4799800061410629,0.1632459544624535,0.14901663284702865,0.7717711450043971
Wayne County,vap_oth_b,gov_18_rep_dew,0.3953929930272923,0.15258804622023248,0.14581404854853425,0.7148910880552761
Wayne County,vap_oth_b,gov_18_dem_cor,0.6046070069727076,0.15258804622023248,0.28510891194472365,0.8541859514514656
Wayne County,vap_white,atg_18_rep_yos,0.6682166359386739,0.00747457340510644,0.6533144805563447,0.6825294361891968
Wayne County,vap_white,atg_18_dem_det,0.3317833640613262,0.00747457340510644,0.31747056381080324,0.34668551944365533
Wayne County,vap_black,atg_18_rep_yos,0.4183289791028555,0.20734944418305215,0.1215362782977483,0.8776524393220355
Wayne County,vap_black,atg_18_dem_det,0.5816710208971444,0.20734944418305215,0.12234756067796423,0.8784637217022516
Wayne County,vap_hisp,atg_18_rep_yos,0.4587368946000145,0.16677151181200112,0.16436430108447284,0.7755963182112842
Wayne County,vap_hisp,atg_18_dem_det,0.5412631053999856,0.16677151181200112,0.2244036817887156,0.8356356989155272
Wayne County,vap_asian,atg_18_rep_yos,0.4331900485774073,0.1727349017753999,0.13552666236620833,0.7798583901427963
Wayne County,vap_asian,atg_18_dem_det,0.5668099514225927,0.1727349017753999,0.22014160985720355,0.8644733376337916
Wayne County,vap_aian,atg_18_rep_yos,0.5100828117256571,0.16051553688820228,0.20860078248819225,0.8133006667311736
Wayne County,vap_aian,atg_18_dem_det,0.4899171882743429,0.16051553688820228,0.18669933326882623,0.7913992175118078
Wayne County,vap_oth_b,atg_18_rep_yos,0.4282610245538495,0.15827133234775836,0.16018255585395955,0.7608915548250367
Wayne County,vap_oth_b,atg_18_dem_det,0.5717389754461504,0.15827133234775836,0.23910844517496316,0.8398174441460403
Wayne County,vap_white,sos_18_rep_lar,0.6774730724084674,0.0075701199544847,0.6619553796705495,0.6909588028766611
Wayne County,vap_white,sos_18_dem_cly,0.3225269275915326,0.0075701199544847,0.309041197123339,0.3380446203294507
Wayne County,vap_black,sos_18_rep_lar,0.3533353921668215,0.15968167551228207,0.09933230995809912,0.7105311300023718
Wayne County,vap_black,sos_18_dem_cly,0.6466646078331785,0.15968167551228207,0.28946886999762794,0.9006676900419008
Wayne County,vap_hisp,sos_18_rep_lar,0.41790414266572273,0.16320082870043892,0.15042887408068156,0.7673998769170282
Wayne County,vap_hisp,sos_18_dem_cly,0.5820958573342774,0.1632008287004389,0.23260012308297187,0.8495711259193184
Wayne County,vap_asian,sos_18_rep_lar,0.4753269959669589,0.16541219263065837,0.17895395727818927,0.8145900429480036
Wayne County,vap_asian,sos_18_dem_cly,0.5246730040330411,0.16541219263065837,0.18540995705199617,0.8210460427218106
Wayne County,vap_aian,sos_18_rep_lar,0.4899804816459275,0.16952666712070039,0.1786938844450115,0.8030743779221607
Wayne County,vap_aian,sos_18_dem_cly,0.5100195183540724,0.16952666712070039,0.19692562207783904,0.8213061155549884
Wayne County,vap_oth_b,sos_18_rep_lar,0.41611929515569984,0.16511840825964905,0.1508316793935935,0.7598986051746756
Wayne County,vap_oth_b,sos_18_dem_cly,0.5838807048443001,0.16511840825964905,0.24010139482532417,0.8491683206064066
Wayne County,vap_white,pre_20_rep_tru,0.7076664811959539,0.00730888381551973,0.6935021259935058,0.721707643539644
Wayne County,vap_white,pre_20_dem_bid,0.2923335188040462,0.00730888381551973,0.278292356460356,0.30649787400649425
Wayne County,vap_black,pre_20_rep_tru,0.40128828211319995,0.1528649101439701,0.14167378964531965,0.717123876280856
Wayne County,vap_black,pre_20_dem_bid,0.5987117178868,0.1528649101439701,0.2828761237191439,0.8583262103546803
Wayne County,vap_hisp,pre_20_rep_tru,0.4498261728316801,0.1723892368026563,0.16954422301693928,0.8450259224719918
Wayne County,vap_hisp,pre_20_dem_bid,0.55017382716832,0.1723892368026563,0.1549740775280081,0.8304557769830607
Wayne County,vap_asian,pre_20_rep_tru,0.45585879639055127,0.17829570064079464,0.16061684690246786,0.8514087221478048
Wayne County,vap_asian,pre_20_dem_bid,0.5441412036094486,0.17829570064079464,0.14859127785219503,0.8393831530975322
Wayne County,vap_aian,pre_20_rep_tru,0.4692025436662122,0.1867019259659602,0.14565062932843648,0.8197418620522645
Wayne County,vap_aian,pre_20_dem_bid,0.5307974563337878,0.1867019259659602,0.1802581379477354,0.8543493706715636
Wayne County,vap_oth_b,pre_20_rep_tru,0.4139630662286151,0.14587122744538206,0.166990700710566,0.7305106671904217
Wayne County,vap_oth_b,pre_20_dem_bid,0.5860369337713848,0.14587122744538206,0.2694893328095781,0.8330092992894339
Williams County,vap_white,pre_16_rep_tru,0.7538707276621418,0.00988803611875231,0.734454413620615,0.7728836826195504
Williams County,vap_white,pre_16_dem_cli,0.2461292723378581,0.00988803611875231,0.22711631738044957,0.26554558637938497
Williams County,vap_black,pre_16_rep_tru,0.5327946599531531,0.21109471212586572,0.13384583197658542,0.9021893141691302
Williams County,vap_black,pre_16_dem_cli,0.4672053400468469,0.21109471212586572,0.09781068583086965,0.8661541680234146
Williams County,vap_hisp,pre_16_rep_tru,0.4655077805426429,0.1621581953105764,0.17427938802500464,0.7815982785493261
Williams County,vap_hisp,pre_16_dem_cli,0.534492219457357,0.1621581953105764,0.21840172145067385,0.8257206119749952
Williams County,vap_asian,pre_16_rep_tru,0.5112612439655114,0.17199332919052232,0.1894426871867797,0.8366745217264813
Williams County,vap_asian,pre_16_dem_cli,0.48873875603448863,0.1719933291905223,0.1633254782735187,0.8105573128132204
Williams County,vap_aian,pre_16_rep_tru,0.4993276538218432,0.16733384169179957,0.1930430862812654,0.8255735870963612
Williams County,vap_aian,pre_16_dem_cli,0.5006723461781567,0.16733384169179957,0.17442641290363847,0.8069569137187345
Williams County,vap_oth_b,pre_16_rep_tru,0.49456056287878186,0.17769693669360437,0.17267231923158777,0.8414455697415556
Williams County,vap_oth_b,pre_16_dem_cli,0.5054394371212182,0.17769693669360437,0.15855443025844443,0.8273276807684122
Williams County,vap_white,uss_16_rep_por,0.7913012582066623,0.01090441263890906,0.7698025840545695,0.8113514907226015
Williams County,vap_white,uss_16_dem_str,0.2086987417933376,0.01090441263890906,0.1886485092773985,0.23019741594543044
Williams County,vap_black,uss_16_rep_por,0.5378967447031702,0.2013662700921656,0.14671698114479395,0.8868047370282691
Williams County,vap_black,uss_16_dem_str,0.46210325529682983,0.2013662700921656,0.11319526297173096,0.8532830188552061
Williams County,vap_hisp,uss_16_rep_por,0.49190980138585305,0.1919845483138663,0.15329707907407647,0.8945383341729878
Williams County,vap_hisp,uss_16_dem_str,0.5080901986141468,0.1919845483138663,0.1054616658270121,0.8467029209259235
Williams County,vap_asian,uss_16_rep_por,0.5135810745755626,0.1849776706287471,0.17612922859474114,0.8564342879058179
Williams County,vap_asian,uss_16_dem_str,0.48641892542443743,0.1849776706287471,0.14356571209418206,0.8238707714052588
Williams County,vap_aian,uss_16_rep_por,0.4804404835547778,0.1687634432061129,0.16628918452658287,0.7998324197266214
Williams County,vap_aian,uss_16_dem_str,0.5195595164452221,0.1687634432061129,0.20016758027337855,0.8337108154734171
Williams County,vap_oth_b,uss_16_rep_por,0.4767785139228683,0.1721791265549201,0.16926641174154494,0.8253375758349892
Williams County,vap_oth_b,uss_16_dem_str,0.5232214860771318,0.1721791265549201,0.17466242416501085,0.830733588258455
Williams County,vap_white,uss_18_rep_ren,0.6103691486760549,0.010183907788373,0.5910214918704632,0.6300055297235605
Williams County,vap_white,uss_18_dem_bro,0.38963085132394504,0.010183907788373,0.3699944702764395,0.40897850812953673
Williams County,vap_black,uss_18_rep_ren,0.5132708993303782,0.20955037398677284,0.1187972290031571,0.8813306514082573
Williams County,vap_black,uss_18_dem_bro,0.4867291006696219,0.20955037398677284,0.11866934859174276,0.8812027709968429
Williams County,vap_hisp,uss_18_rep_ren,0.48361683630734376,0.16962119222162347,0.16157254727548465,0.7957169761805487
Williams County,vap_hisp,uss_18_dem_bro,0.5163831636926561,0.16962119222162347,0.20428302381945113,0.838427452724515
Williams County,vap_asian,uss_18_rep_ren,0.4841259391959269,0.16796103481455446,0.17204836212776262,0.804145612121453
Williams County,vap_asian,uss_18_dem_bro,0.5158740608040732,0.16796103481455446,0.19585438787854703,0.8279516378722375
Williams County,vap_aian,uss_18_rep_ren,0.5178923788601559,0.1727930348625819,0.19741241404775833,0.8488944815727988
Williams County,vap_aian,uss_18_dem_bro,0.482107621139844,0.1727930348625819,0.15110551842720107,0.8025875859522417
Williams County,vap_oth_b,uss_18_rep_ren,0.4769879157381832,0.16394202363626154,0.16433933210037316,0.7805561850828253
Williams County,vap_oth_b,uss_18_dem_bro,0.5230120842618169,0.16394202363626154,0.21944381491717468,0.8356606678996268
Williams County,vap_white,gov_18_rep_dew,0.7405068670371175,0.01041510959502319,0.7203185687794226,0.7607630859951678
Williams County,vap_white,gov_18_dem_cor,0.25949313296288234,0.01041510959502319,0.23923691400483207,0.27968143122057737
Williams County,vap_black,gov_18_rep_dew,0.5837083361208161,0.1998411547171718,0.17513499115621212,0.9120227175333824
Williams County,vap_black,gov_18_dem_cor,0.4162916638791839,0.1998411547171718,0.08797728246661743,0.8248650088437879
Williams County,vap_hisp,gov_18_rep_dew,0.4563044515415155,0.17502692528928618,0.13582481871502694,0.7943287097542804
Williams County,vap_hisp,gov_18_dem_cor,0.5436955484584843,0.17502692528928618,0.2056712902457195,0.8641751812849731
Williams County,vap_asian,gov_18_rep_dew,0.48164246643578623,0.17915990948015578,0.146058195662723,0.8156200750035754
Williams County,vap_asian,gov_18_dem_cor,0.5183575335642139,0.17915990948015578,0.1843799249964247,0.853941804337277
Williams County,vap_aian,gov_18_rep_dew,0.5074123931926392,0.17193196067266583,0.1886725970343434,0.8326147806712793
Williams County,vap_aian,gov_18_dem_cor,0.4925876068073607,0.17193196067266583,0.1673852193287205,0.8113274029656564
Williams County,vap_oth_b,gov_18_rep_dew,0.4859961904215626,0.1711721708554784,0.1662942117308972,0.8105891996585003
Williams County,vap_oth_b,gov_18_dem_cor,0.5140038095784374,0.1711721708554784,0.18941080034149957,0.8337057882691027
Williams County,vap_white,atg_18_rep_yos,0.7280902326281148,0.00986520021970364,0.7088609585938248,0.7467017729918309
Williams County,vap_white,atg_18_dem_det,0.2719097673718851,0.00986520021970364,0.253298227008169,0.2911390414061751
Williams County,vap_black,atg_18_rep_yos,0.5613201553042547,0.20931025940560463,0.1308480540203499,0.900606286990569
Williams County,vap_black,atg_18_dem_det,0.43867984469574534,0.20931025940560463,0.0993937130094311,0.86915194597965
Williams County,vap_hisp,atg_18_rep_yos,0.48451752061675546,0.16717031164221552,0.17530797444343707,0.8105061828085778
Williams County,vap_hisp,atg_18_dem_det,0.5154824793832444,0.16717031164221552,0.18949381719142216,0.8246920255565627
Williams County,vap_asian,atg_18_rep_yos,0.49507048844660406,0.1703530360873636,0.17543734390348828,0.8210671785500159
Williams County,vap_asian,atg_18_dem_det,0.504929511553396,0.1703530360873636,0.1789328214499842,0.8245626560965118
Williams County,vap_aian,atg_18_rep_yos,0.4969607995617419,0.17738272932270124,0.15559849703833953,0.8305903163754818
Williams County,vap_aian,atg_18_dem_det,0.503039200438258,0.17738272932270124,0.16940968362451825,0.8444015029616604
Williams County,vap_oth_b,atg_18_rep_yos,0.46779023146905313,0.16480427936909972,0.1616570575212394,0.793611431242192
Williams County,vap_oth_b,atg_18_dem_det,0.5322097685309469,0.16480427936909972,0.206388568757808,0.8383429424787606
Williams County,vap_white,sos_18_rep_lar,0.724425739736586,0.01021216794149821,0.7043918178362313,0.744372502466762
Williams County,vap_white,sos_18_dem_cly,0.2755742602634139,0.01021216794149821,0.25562749753323794,0.2956081821637686
Williams County,vap_black,sos_18_rep_lar,0.5281305789515379,0.2083537206536628,0.1404553490845751,0.9061185043395468
Williams County,vap_black,sos_18_dem_cly,0.47186942104846213,0.2083537206536628,0.09388149566045333,0.859544650915425
Williams County,vap_hisp,sos_18_rep_lar,0.4933124487969719,0.17145612949279615,0.15226480466394085,0.8080642151687645
Williams County,vap_hisp,sos_18_dem_cly,0.506687551203028,0.17145612949279615,0.19193578483123544,0.847735195336059
Williams County,vap_asian,sos_18_rep_lar,0.4927357177668192,0.16960672790800538,0.1686333453507377,0.8177329470639076
Williams County,vap_asian,sos_18_dem_cly,0.5072642822331809,0.16960672790800538,0.18226705293609247,0.8313666546492623
Williams County,vap_aian,sos_18_rep_lar,0.4924534444633592,0.1873882000829107,0.15263612169764584,0.8575961159455656
Williams County,vap_aian,sos_18_dem_cly,0.5075465555366407,0.1873882000829107,0.14240388405443405,0.847363878302354
Williams County,vap_oth_b,sos_18_rep_lar,0.49153820931880327,0.16537550033848325,0.1820041247500629,0.8004181157044434
Williams County,vap_oth_b,sos_18_dem_cly,0.5084617906811968,0.16537550033848325,0.19958188429555632,0.8179958752499371
Williams County,vap_white,pre_20_rep_tru,0.7595846832838458,0.01022342345135152,0.7385140262675517,0.7781542392166776
Williams County,vap_white,pre_20_dem_bid,0.24041531671615415,0.01022342345135152,0.2218457607833224,0.2614859737324482
Williams County,vap_black,pre_20_rep_tru,0.535367611772281,0.19757731143104323,0.15015700635702992,0.886617546278008
Williams County,vap_black,pre_20_dem_bid,0.464632388227719,0.19757731143104323,0.11338245372199188,0.8498429936429701
Williams County,vap_hisp,pre_20_rep_tru,0.4740192761491611,0.17679228694478774,0.15638138425140416,0.8253307063375274
Williams County,vap_hisp,pre_20_dem_bid,0.5259807238508388,0.17679228694478774,0.1746692936624725,0.8436186157485956
Williams County,vap_asian,pre_20_rep_tru,0.5144766128488965,0.17565632067609033,0.18672723466326815,0.8371819179735444
Williams County,vap_asian,pre_20_dem_bid,0.48552338715110355,0.17565632067609033,0.16281808202645562,0.8132727653367319
Williams County,vap_aian,pre_20_rep_tru,0.48840407041453615,0.17519946222481517,0.16306490015433417,0.8146412036725954
Williams County,vap_aian,pre_20_dem_bid,0.5115959295854637,0.17519946222481517,0.18535879632740448,0.8369350998456656
Williams County,vap_oth_b,pre_20_rep_tru,0.46574348387073544,0.1716106229610545,0.160989568949991,0.8058007228096088
Williams County,vap_oth_b,pre_20_dem_bid,0.5342565161292646,0.1716106229610545,0.19419927719039123,0.839010431050009
Wood County,vap_white,pre_16_rep_tru,0.5761400132894342,0.01075281658752919,0.555468410441743,0.5948690402067303
Wood County,vap_white,pre_16_dem_cli,0.4238599867105658,0.01075281658752919,0.40513095979326985,0.4445315895582569
Wood County,vap_black,pre_16_rep_tru,0.2411657184681997,0.10272704397873728,0.08430705649366224,0.4802526141424736
Wood County,vap_black,pre_16_dem_cli,0.7588342815318003,0.10272704397873728,0.5197473858575262,0.9156929435063376
Wood County,vap_hisp,pre_16_rep_tru,0.3530367100344706,0.13409645252943725,0.12351881962780913,0.6359580900666741
Wood County,vap_hisp,pre_16_dem_cli,0.6469632899655294,0.13409645252943725,0.36404190993332575,0.8764811803721909
Wood County,vap_asian,pre_16_rep_tru,0.391986154328765,0.1609724500776958,0.13133642553236016,0.7111821650290173
Wood County,vap_asian,pre_16_dem_cli,0.6080138456712351,0.16097245007769584,0.2888178349709827,0.8686635744676398
Wood County,vap_aian,pre_16_rep_tru,0.5119046427492692,0.15921245763975744,0.19279569327328988,0.8118337060523075
Wood County,vap_aian,pre_16_dem_cli,0.4880953572507308,0.15921245763975744,0.1881662939476925,0.8072043067267098
Wood County,vap_oth_b,pre_16_rep_tru,0.3168181038361203,0.15800453804289116,0.08672633376055455,0.6596995788668459
Wood County,vap_oth_b,pre_16_dem_cli,0.6831818961638797,0.15800453804289116,0.34030042113315395,0.9132736662394454
Wood County,vap_white,uss_16_rep_por,0.6656148550169121,0.01012759254991583,0.6449408134527687,0.6842914626829165
Wood County,vap_white,uss_16_dem_str,0.33438514498308786,0.01012759254991583,0.3157085373170835,0.35505918654723134
Wood County,vap_black,uss_16_rep_por,0.26090688228577313,0.10986992265090352,0.098838108793089,0.5204899528974529
Wood County,vap_black,uss_16_dem_str,0.7390931177142269,0.10986992265090352,0.47951004710254713,0.901161891206911
Wood County,vap_hisp,uss_16_rep_por,0.3267900281337381,0.11911514694799648,0.12521382663335995,0.5982275798102539
Wood County,vap_hisp,uss_16_dem_str,0.673209971866262,0.11911514694799648,0.4017724201897461,0.8747861733666401
Wood County,vap_asian,uss_16_rep_por,0.46027578551372694,0.15079887723958138,0.1807200107221439,0.737693001710307
Wood County,vap_asian,uss_16_dem_str,0.5397242144862731,0.15079887723958138,0.26230699828969284,0.8192799892778561
Wood County,vap_aian,uss_16_rep_por,0.4717025912115671,0.16669929980551482,0.1599743237507391,0.7826558534491551
Wood County,vap_aian,uss_16_dem_str,0.5282974087884329,0.16669929980551482,0.21734414655084489,0.8400256762492607
Wood County,vap_oth_b,uss_16_rep_por,0.35178187237221475,0.16101405906010105,0.10078223220589248,0.6995070200823653
Wood County,vap_oth_b,uss_16_dem_str,0.6482181276277852,0.16101405906010105,0.30049297991763446,0.8992177677941076
Wood County,vap_white,uss_18_rep_ren,0.45256978624328303,0.00983208472899417,0.43292251406874854,0.4707265133953958
Wood County,vap_white,uss_18_dem_bro,0.547430213756717,0.00983208472899417,0.5292734866046043,0.5670774859312514
Wood County,vap_black,uss_18_rep_ren,0.2351170189394644,0.09293447349592786,0.09297844577570188,0.462941690440034
Wood County,vap_black,uss_18_dem_bro,0.7648829810605356,0.09293447349592786,0.5370583095599658,0.907021554224298
Wood County,vap_hisp,uss_18_rep_ren,0.3246110551932946,0.11549014846312236,0.1373793023442658,0.586349337310349
Wood County,vap_hisp,uss_18_dem_bro,0.6753889448067054,0.11549014846312236,0.4136506626896511,0.8626206976557341
Wood County,vap_asian,uss_18_rep_ren,0.420753210908871,0.1662995586691637,0.14571558183996408,0.7829066270257452
Wood County,vap_asian,uss_18_dem_bro,0.5792467890911289,0.1662995586691637,0.21709337297425457,0.8542844181600358
Wood County,vap_aian,uss_18_rep_ren,0.4955872858632216,0.1622110238800777,0.19675911968167975,0.8008258650203741
Wood County,vap_aian,uss_18_dem_bro,0.5044127141367784,0.1622110238800777,0.19917413497962583,0.8032408803183201
Wood County,vap_oth_b,uss_18_rep_ren,0.39165882090912346,0.14304574599107903,0.15361111537776276,0.7071598965209341
Wood County,vap_oth_b,uss_18_dem_bro,0.6083411790908765,0.14304574599107903,0.2928401034790658,0.8463888846222372
Wood County,vap_white,gov_18_rep_dew,0.5417829203266257,0.01081030148916102,0.5197384614683516,0.5606397783852168
Wood County,vap_white,gov_18_dem_cor,0.4582170796733743,0.01081030148916101,0.4393602216147831,0.4802615385316484
Wood County,vap_black,gov_18_rep_dew,0.21963850273761393,0.10461764040214323,0.07077863103576978,0.46270269856823815
Wood County,vap_black,gov_18_dem_cor,0.7803614972623861,0.10461764040214323,0.5372973014317618,0.9292213689642302
Wood County,vap_hisp,gov_18_rep_dew,0.3172299318151205,0.13577872374950928,0.09951169500624348,0.5940802397316901
Wood County,vap_hisp,gov_18_dem_cor,0.6827700681848795,0.13577872374950928,0.4059197602683099,0.9004883049937564
Wood County,vap_asian,gov_18_rep_dew,0.3783053947961445,0.15663872554034505,0.0937827758809772,0.7016365813363231
Wood County,vap_asian,gov_18_dem_cor,0.6216946052038554,0.15663872554034505,0.2983634186636767,0.9062172241190226
Wood County,vap_aian,gov_18_rep_dew,0.5100992157844234,0.1761547978466979,0.17608293694788854,0.8272494062934558
Wood County,vap_aian,gov_18_dem_cor,0.48990078421557653,0.1761547978466979,0.1727505937065441,0.8239170630521114
Wood County,vap_oth_b,gov_18_rep_dew,0.36623725268709856,0.140953573807511,0.1304123552481139,0.6684256350191728
Wood County,vap_oth_b,gov_18_dem_cor,0.6337627473129014,0.140953573807511,0.331574364980827,0.869587644751886
Wood County,vap_white,atg_18_rep_yos,0.54464406537140575,0.01039883515586117,0.5235070830288371,0.5650920460984988
Wood County,vap_white,atg_18_dem_det,0.4553559346285942,0.01039883515586117,0.4349079539015012,0.47649291697116286
Wood County,vap_black,atg_18_rep_yos,0.2083337769455763,0.10600556063901034,0.06112799871101705,0.45614842872568256
Wood County,vap_black,atg_18_dem_det,0.7916662230544237,0.10600556063901034,0.5438515712743175,0.938872001288983
Wood County,vap_hisp,atg_18_rep_yos,0.3133337780348133,0.12395151193564584,0.11551746440879485,0.6111671595443557
Wood County,vap_hisp,atg_18_dem_det,0.6866662219651867,0.12395151193564584,0.388832840455644,0.8844825355912053
Wood County,vap_asian,atg_18_rep_yos,0.39342410370895886,0.15786196205905598,0.1195871991885358,0.700813381103982
Wood County,vap_asian,atg_18_dem_det,0.6065758962910411,0.15786196205905598,0.2991866188960179,0.8804128008114643
Wood County,vap_aian,atg_18_rep_yos,0.4985887017613503,0.1669912642357707,0.18876972238116532,0.8092700247093543
Wood County,vap_aian,atg_18_dem_det,0.5014112982386497,0.1669912642357707,0.19072997529064567,0.8112302776188348
Wood County,vap_oth_b,atg_18_rep_yos,0.3631636676805192,0.1385439907194016,0.12600026613292198,0.6526046254650115
Wood County,vap_oth_b,atg_18_dem_det,0.6368363323194807,0.1385439907194016,0.3473953745349883,0.873999733867078
Wood County,vap_white,sos_18_rep_lar,0.5478861310135522,0.01045405090263597,0.5263013703384347,0.5670505494631727
Wood County,vap_white,sos_18_dem_cly,0.4521138689864478,0.01045405090263596,0.4329494505368273,0.47369862966156534
Wood County,vap_black,sos_18_rep_lar,0.241456334167966,0.10066416627488764,0.09397029201929188,0.47905117012321746
Wood County,vap_black,sos_18_dem_cly,0.758543665832034,0.10066416627488764,0.5209488298767825,0.906029707980708
Wood County,vap_hisp,sos_18_rep_lar,0.2952297480952913,0.1251068546759021,0.09913399295973786,0.5586866715329469
Wood County,vap_hisp,sos_18_dem_cly,0.7047702519047088,0.1251068546759021,0.4413133284670532,0.9008660070402622
Wood County,vap_asian,sos_18_rep_lar,0.415730505923259,0.1657670580557838,0.13369676645420328,0.7455835495278502
Wood County,vap_asian,sos_18_dem_cly,0.584269494076741,0.1657670580557838,0.2544164504721497,0.8663032335457966
Wood County,vap_aian,sos_18_rep_lar,0.3331806142101228,0.22966834952214205,0.05581338149985441,0.8185214949992329
Wood County,vap_aian,sos_18_dem_cly,0.6668193857898772,0.22966834952214205,0.18147850500076695,0.9441866185001456
Wood County,vap_oth_b,sos_18_rep_lar,0.3544306835744386,0.14680884939867128,0.1305784859011435,0.6919540476346123
Wood County,vap_oth_b,sos_18_dem_cly,0.6455693164255614,0.14680884939867128,0.3080459523653875,0.8694215140988564
Wood County,vap_white,pre_20_rep_tru,0.5658310290674913,0.01121903030031728,0.543899671943493,0.5865333475663774
Wood County,vap_white,pre_20_dem_bid,0.4341689709325087,0.01121903030031728,0.41346665243362263,0.45610032805650697
Wood County,vap_black,pre_20_rep_tru,0.2348222918904708,0.10246891476305676,0.07653567829286112,0.46919740008290534
Wood County,vap_black,pre_20_dem_bid,0.7651777081095292,0.10246891476305676,0.5308025999170944,0.923464321707139
Wood County,vap_hisp,pre_20_rep_tru,0.28237114613990305,0.14900590937230454,0.06956445988310057,0.5886119368442727
Wood County,vap_hisp,pre_20_dem_bid,0.717628853860097,0.14900590937230454,0.41138806315572735,0.9304355401168994
Wood County,vap_asian,pre_20_rep_tru,0.3541294450766441,0.14972078843493605,0.11052891329745174,0.6712777705962752
Wood County,vap_asian,pre_20_dem_bid,0.6458705549233559,0.14972078843493605,0.32872222940372475,0.8894710867025483
Wood County,vap_aian,pre_20_rep_tru,0.533736585136466,0.16267483409627653,0.22302214999498612,0.8492865087546491
Wood County,vap_aian,pre_20_dem_bid,0.4662634148635339,0.16267483409627653,0.1507134912453509,0.7769778500050138
Wood County,vap_oth_b,pre_20_rep_tru,0.3787196805999641,0.15768930084059438,0.1434583384644243,0.7201588352104661
Wood County,vap_oth_b,pre_20_dem_bid,0.6212803194000359,0.15768930084059438,0.2798411647895338,0.8565416615355755
Wyandot County,vap_white,pre_16_rep_tru,0.7678622787714856,0.00791130436659243,0.7518184533644603,0.7827916747284283
Wyandot County,vap_white,pre_16_dem_cli,0.23213772122851445,0.00791130436659243,0.2172083252715717,0.2481815466355396
Wyandot County,vap_black,pre_16_rep_tru,0.502536519094839,0.18405545405618107,0.15940713476129614,0.8512368471092473
Wyandot County,vap_black,pre_16_dem_cli,0.4974634809051611,0.18405545405618107,0.14876315289075284,0.8405928652387038
Wyandot County,vap_hisp,pre_16_rep_tru,0.4792218293203804,0.1831685091600992,0.14825306376470757,0.8648358008597531
Wyandot County,vap_hisp,pre_16_dem_cli,0.5207781706796196,0.1831685091600992,0.13516419914024683,0.8517469362352924
Wyandot County,vap_asian,pre_16_rep_tru,0.4785867664517496,0.17659112190788667,0.1571292635260542,0.8293917742111065
Wyandot County,vap_asian,pre_16_dem_cli,0.5214132335482504,0.17659112190788667,0.17060822578889337,0.8428707364739457
Wyandot County,vap_aian,pre_16_rep_tru,0.4722690718736884,0.185451474110925,0.12877936416144264,0.8189546934645898
Wyandot County,vap_aian,pre_16_dem_cli,0.5277309281263115,0.185451474110925,0.18104530653540996,0.8712206358385572
Wyandot County,vap_oth_b,pre_16_rep_tru,0.4744535727393392,0.16693424215215535,0.16518764846529513,0.8008202314140628
Wyandot County,vap_oth_b,pre_16_dem_cli,0.5255464272606608,0.16693424215215535,0.19917976858593725,0.8348123515347049
Wyandot County,vap_white,uss_16_rep_por,0.8035997881819261,0.00743118275961388,0.7889237189343976,0.8178345561550273
Wyandot County,vap_white,uss_16_dem_str,0.19640021181807388,0.00743118275961388,0.1821654438449729,0.2110762810656024
Wyandot County,vap_black,uss_16_rep_por,0.4940532265144636,0.17863105969361023,0.1577848518473039,0.8256948476303709
Wyandot County,vap_black,uss_16_dem_str,0.5059467734855365,0.17863105969361023,0.17430515236962904,0.8422151481526963
Wyandot County,vap_hisp,uss_16_rep_por,0.4543093727995453,0.17067873991681548,0.143624449285219,0.7908858028163915
Wyandot County,vap_hisp,uss_16_dem_str,0.5456906272004547,0.17067873991681548,0.20911419718360816,0.8563755507147809
Wyandot County,vap_asian,uss_16_rep_por,0.48760663363940127,0.1811181441507742,0.1542588193257227,0.8373026184059654
Wyandot County,vap_asian,uss_16_dem_str,0.5123933663605986,0.1811181441507742,0.16269738159403446,0.8457411806742773
Wyandot County,vap_aian,uss_16_rep_por,0.5009471730927534,0.18658577158952588,0.14659707605666256,0.8528101745248684
Wyandot County,vap_aian,uss_16_dem_str,0.4990528269072466,0.18658577158952588,0.14718982547513096,0.8534029239433375
Wyandot County,vap_oth_b,uss_16_rep_por,0.45702789044697806,0.16882369403680758,0.15481053237522868,0.7773491390634459
Wyandot County,vap_oth_b,uss_16_dem_str,0.542972109553022,0.16882369403680758,0.222650860936554,0.8451894676247713
Wyandot County,vap_white,uss_18_rep_ren,0.6363232256467285,0.00823661108104075,0.6202569329116266,0.6523208115124276
Wyandot County,vap_white,uss_18_dem_bro,0.3636767743532716,0.00823661108104075,0.34767918848757234,0.37974306708837335
Wyandot County,vap_black,uss_18_rep_ren,0.500719142325101,0.18160958340246247,0.16410109420058577,0.8463287354216674
Wyandot County,vap_black,uss_18_dem_bro,0.4992808576748992,0.1816095834024625,0.15367126457833233,0.8358989057994143
Wyandot County,vap_hisp,uss_18_rep_ren,0.47619278067551535,0.17597137246583514,0.15542440164292376,0.807183667960657
Wyandot County,vap_hisp,uss_18_dem_bro,0.5238072193244846,0.17597137246583514,0.19281633203934295,0.8445755983570762
Wyandot County,vap_asian,uss_18_rep_ren,0.49174369645591703,0.17455069025124256,0.1614683979083097,0.8213949293093836
Wyandot County,vap_asian,uss_18_dem_bro,0.5082563035440829,0.17455069025124256,0.17860507069061635,0.8385316020916903
Wyandot County,vap_aian,uss_18_rep_ren,0.5142216610675223,0.17991671815998941,0.16580572360448034,0.8444746749651137
Wyandot County,vap_aian,uss_18_dem_bro,0.4857783389324777,0.17991671815998941,0.15552532503488617,0.8341942763955192
Wyandot County,vap_oth_b,uss_18_rep_ren,0.48993772535349434,0.16875083250151504,0.16834797013205888,0.8080105885423255
Wyandot County,vap_oth_b,uss_18_dem_bro,0.5100622746465057,0.16875083250151504,0.1919894114576744,0.8316520298679411
Wyandot County,vap_white,gov_18_rep_dew,0.7258223894884114,0.00822563204827368,0.7098544251687473,0.7418205995724273
Wyandot County,vap_white,gov_18_dem_cor,0.2741776105115887,0.00822563204827368,0.2581794004275727,0.2901455748312528
Wyandot County,vap_black,gov_18_rep_dew,0.4897203818453976,0.17916731222255142,0.1552261707105086,0.8252787567108468
Wyandot County,vap_black,gov_18_dem_cor,0.5102796181546025,0.17916731222255142,0.17472124328915306,0.8447738292894915
Wyandot County,vap_hisp,gov_18_rep_dew,0.48552832866677587,0.1726220839479451,0.16744756817960135,0.8146414525900596
Wyandot County,vap_hisp,gov_18_dem_cor,0.5144716713332241,0.1726220839479451,0.18535854740994037,0.8325524318203986
Wyandot County,vap_asian,gov_18_rep_dew,0.48104128539466634,0.17364277397424324,0.15774804985794988,0.8154281194262659
Wyandot County,vap_asian,gov_18_dem_cor,0.5189587146053336,0.17364277397424324,0.18457188057373403,0.84225195014205
Wyandot County,vap_aian,gov_18_rep_dew,0.5008714329304015,0.18446418594503303,0.1464733630654641,0.8402770259710721
Wyandot County,vap_aian,gov_18_dem_cor,0.49912856706959846,0.18446418594503303,0.15972297402892768,0.8535266369345359
Wyandot County,vap_oth_b,gov_18_rep_dew,0.4830563340716671,0.16781453219409637,0.16192472456340903,0.7928384647969529
Wyandot County,vap_oth_b,gov_18_dem_cor,0.516943665928333,0.16781453219409637,0.2071615352030472,0.8380752754365909
Wyandot County,vap_white,atg_18_rep_yos,0.7266052164697924,0.00821690032728321,0.7105292757905478,0.7423597214692969
Wyandot County,vap_white,atg_18_dem_det,0.27339478353020763,0.00821690032728321,0.25764027853070315,0.28947072420945225
Wyandot County,vap_black,atg_18_rep_yos,0.4922470537729556,0.17502688336866082,0.15949073187938845,0.8232777178649302
Wyandot County,vap_black,atg_18_dem_det,0.5077529462270446,0.17502688336866082,0.17672228213506974,0.8405092681206117
Wyandot County,vap_hisp,atg_18_rep_yos,0.4974632524199392,0.18502540259468092,0.15573038688413632,0.8534819390350069
Wyandot County,vap_hisp,atg_18_dem_det,0.5025367475800607,0.18502540259468092,0.14651806096499295,0.8442696131158636
Wyandot County,vap_asian,atg_18_rep_yos,0.4972108829156965,0.1828588913303713,0.16770903825205177,0.862959942096461
Wyandot County,vap_asian,atg_18_dem_det,0.5027891170843034,0.1828588913303713,0.1370400579035388,0.8322909617479481
Wyandot County,vap_aian,atg_18_rep_yos,0.4964917180587772,0.18213866615015867,0.14783566525732744,0.8419155273878423
Wyandot County,vap_aian,atg_18_dem_det,0.5035082819412228,0.18213866615015867,0.1580844726121575,0.8521643347426725
Wyandot County,vap_oth_b,atg_18_rep_yos,0.4803002300661454,0.1648406637878837,0.17849191686866356,0.8026429916083354
Wyandot County,vap_oth_b,atg_18_dem_det,0.5196997699338546,0.1648406637878837,0.1973570083916645,0.8215080831313364
Wyandot County,vap_white,sos_18_rep_lar,0.7279338542389877,0.00817098646120309,0.7116841173993818,0.7437538842804748
Wyandot County,vap_white,sos_18_dem_cly,0.27206614576101235,0.00817098646120309,0.2562461157195253,0.28831588260061825
Wyandot County,vap_black,sos_18_rep_lar,0.4971488822987432,0.17757432479802354,0.1654748163620923,0.8358584184417569
Wyandot County,vap_black,sos_18_dem_cly,0.5028511177012569,0.17757432479802354,0.1641415815582433,0.8345251836379077
Wyandot County,vap_hisp,sos_18_rep_lar,0.4689695681935691,0.16743760596209592,0.16857972953367362,0.7942913169973912
Wyandot County,vap_hisp,sos_18_dem_cly,0.531030431806431,0.16743760596209592,0.2057086830026088,0.8314202704663264
Wyandot County,vap_asian,sos_18_rep_lar,0.492488384749058,0.17677232331390602,0.16720883490406976,0.8292084815023142
Wyandot County,vap_asian,sos_18_dem_cly,0.507511615250942,0.17677232331390602,0.17079151849768578,0.8327911650959301
Wyandot County,vap_aian,sos_18_rep_lar,0.4942896326829205,0.18314660677960645,0.1401284570177379,0.8315643295154486
Wyandot County,vap_aian,sos_18_dem_cly,0.5057103673170795,0.18314660677960645,0.1684356704845512,0.8598715429822621
Wyandot County,vap_oth_b,sos_18_rep_lar,0.4540618040934395,0.1856420784183317,0.11956565702887868,0.823488836032738
Wyandot County,vap_oth_b,sos_18_dem_cly,0.5459381959065606,0.1856420784183317,0.1765111639672619,0.8804343429711212
Wyandot County,vap_white,pre_20_rep_tru,0.7768408002798493,0.00713139077690913,0.7627452184145465,0.7907945471200978
Wyandot County,vap_white,pre_20_dem_bid,0.22315919972015075,0.00713139077690913,0.20920545287990236,0.2372547815854536
Wyandot County,vap_black,pre_20_rep_tru,0.4699434803554937,0.18471726791127177,0.11378193218687076,0.8171283383008275
Wyandot County,vap_black,pre_20_dem_bid,0.5300565196445064,0.18471726791127177,0.1828716616991725,0.8862180678131293
Wyandot County,vap_hisp,pre_20_rep_tru,0.47110495009770975,0.1700401983116846,0.16744144622902665,0.815248006891591
Wyandot County,vap_hisp,pre_20_dem_bid,0.5288950499022902,0.1700401983116846,0.1847519931084088,0.8325585537709733
Wyandot County,vap_asian,pre_20_rep_tru,0.4898870687816398,0.16909269894806703,0.16634232096453996,0.8101850393595579
Wyandot County,vap_asian,pre_20_dem_bid,0.5101129312183602,0.16909269894806703,0.1898149606404421,0.8336576790354598
Wyandot County,vap_aian,pre_20_rep_tru,0.4922741458024876,0.18343541169370553,0.14780712917599728,0.8415069640514373
Wyandot County,vap_aian,pre_20_dem_bid,0.5077258541975124,0.18343541169370553,0.15849303594856257,0.8521928708240026
Wyandot County,vap_oth_b,pre_20_rep_tru,0.4686000601160909,0.1702680065187939,0.15287025958771247,0.7942207949927841
Wyandot County,vap_oth_b,pre_20_dem_bid,0.5313999398839092,0.1702680065187939,0.2057792050072159,0.8471297404122875
001,vap_white,pre_24_dem_har,0.15718993770099454,0.00624282177070621,0.14515545297316573,0.1694962892818138
001,vap_white,pre_24_rep_tru,0.8428100622990056,0.00624282177070621,0.8305037107181863,0.8548445470268343
001,vap_black,pre_24_dem_har,0.4922853203226357,0.18976123619551968,0.15180132093052065,0.8573455358240852
001,vap_black,pre_24_rep_tru,0.5077146796773644,0.18976123619551968,0.14265446417591487,0.8481986790694794
001,vap_hisp,pre_24_dem_har,0.5160654248544124,0.18029515296166643,0.16640976066539293,0.8619316824714909
001,vap_hisp,pre_24_rep_tru,0.4839345751455875,0.18029515296166643,0.13806831752850898,0.8335902393346071
001,vap_asian,pre_24_dem_har,0.5111849340852072,0.17728724379226135,0.17808575952193756,0.8399866149540632
001,vap_asian,pre_24_rep_tru,0.4888150659147929,0.17728724379226135,0.16001338504593676,0.8219142404780623
001,vap_aian,pre_24_dem_har,0.5266355119023578,0.19427109043972685,0.13852391772930558,0.8809041915570979
001,vap_aian,pre_24_rep_tru,0.4733644880976424,0.19427109043972685,0.1190958084429022,0.8614760822706944
001,vap_oth_b,pre_24_dem_har,0.5483389480197799,0.16710309651395133,0.21976429984271115,0.8674048822760874
001,vap_oth_b,pre_24_rep_tru,0.45166105198022,0.16710309651395133,0.13259511772391253,0.7802357001572884
003,vap_white,pre_24_dem_har,0.17860156377412564,0.00675764677149601,0.16555228487813486,0.1918494262055156
003,vap_white,pre_24_rep_tru,0.8213984362258744,0.00675764677149601,0.8081505737944843,0.8344477151218652
003,vap_black,pre_24_dem_har,0.9324156931449096,0.02324890247932096,0.8780271883671859,0.9686257373891858
003,vap_black,pre_24_rep_tru,0.06758430685509052,0.02324890247932096,0.03137426261081418,0.1219728116328143
003,vap_hisp,pre_24_dem_har,0.6685543816849948,0.13243511717366405,0.3706633796148891,0.8675853418344586
003,vap_hisp,pre_24_rep_tru,0.3314456183150053,0.13243511717366405,0.13241465816554157,0.629336620385111
003,vap_asian,pre_24_dem_har,0.6059076041121904,0.16095830617316445,0.26213105261780356,0.8833325017050658
003,vap_asian,pre_24_rep_tru,0.3940923958878097,0.16095830617316445,0.11666749829493409,0.7378689473821965
003,vap_aian,pre_24_dem_har,0.5049799583127249,0.15658692323016335,0.21166745955000932,0.8062314316744564
003,vap_aian,pre_24_rep_tru,0.495020041687275,0.15658692323016335,0.19376856832554343,0.7883325404499906
003,vap_oth_b,pre_24_dem_har,0.7487138029031789,0.10430713977004864,0.5199004153117712,0.9139892268399864
003,vap_oth_b,pre_24_rep_tru,0.25128619709682115,0.10430713977004864,0.08601077316001352,0.4800995846882288
005,vap_white,pre_24_dem_har,0.2333164960517373,0.00649115451271951,0.2210217875493776,0.2460598057392508
005,vap_white,pre_24_rep_tru,0.7666835039482627,0.00649115451271951,0.7539401942607491,0.7789782124506224
005,vap_black,pre_24_dem_har,0.5255173353565082,0.17550877357675063,0.1817943901384426,0.8422890533001218
005,vap_black,pre_24_rep_tru,0.47448266464349176,0.17550877357675063,0.157710946699878,0.8182056098615573
005,vap_hisp,pre_24_dem_har,0.5327003077218081,0.1626804181050633,0.2123320820624983,0.8236457984453115
005,vap_hisp,pre_24_rep_tru,0.46729969227819185,0.1626804181050633,0.17635420155468842,0.7876679179375015
005,vap_asian,pre_24_dem_har,0.5202896715957342,0.1742120184175719,0.19280374556920343,0.8361933433110196
005,vap_asian,pre_24_rep_tru,0.4797103284042656,0.1742120184175719,0.16380665668898028,0.8071962544307965
005,vap_aian,pre_24_dem_har,0.4878873425988375,0.17732659140718,0.1599104139060846,0.8217818951300357
005,vap_aian,pre_24_rep_tru,0.5121126574011626,0.17732659140718,0.17821810486996414,0.8400895860939154
005,vap_oth_b,pre_24_dem_har,0.5311800634752812,0.16040395671056357,0.2133640655348802,0.8166435892689006
005,vap_oth_b,pre_24_rep_tru,0.46881993652471865,0.16040395671056357,0.18335641073109923,0.7866359344651196
007,vap_white,pre_24_dem_har,0.3263507520619649,0.0093694586905563,0.3114541176989992,0.347141687182344
007,vap_white,pre_24_rep_tru,0.6736492479380352,0.00936945869055629,0.652858312817656,0.6885458823010008
007,vap_black,pre_24_dem_har,0.6415221152174823,0.10356505473336432,0.41262815597608465,0.810990513832496
007,vap_black,pre_24_rep_tru,0.3584778847825177,0.10356505473336432,0.1890094861675039,0.5873718440239151
007,vap_hisp,pre_24_dem_har,0.7945478282899969,0.08453325856968023,0.6025181448915968,0.918847019498356
007,vap_hisp,pre_24_rep_tru,0.2054521717100029,0.08453325856968023,0.08115298050164403,0.3974818551084032
007,vap_asian,pre_24_dem_har,0.5119480566685337,0.1726542842043367,0.19926221175043385,0.8313038620762474
007,vap_asian,pre_24_rep_tru,0.48805194333146623,0.1726542842043367,0.16869613792375238,0.8007377882495659
007,vap_aian,pre_24_dem_har,0.5028898919280286,0.16758372928313128,0.1821216029533503,0.8052766456239803
007,vap_aian,pre_24_rep_tru,0.4971101080719715,0.16758372928313128,0.19472335437601976,0.8178783970466497
007,vap_oth_b,pre_24_dem_har,0.6371070030801844,0.1778530588152238,0.21244208521260735,0.9041231614014046
007,vap_oth_b,pre_24_rep_tru,0.3628929969198155,0.1778530588152238,0.0958768385985952,0.7875579147873927
009,vap_white,pre_24_dem_har,0.578017312201016,0.01072200739577293,0.5579202499917392,0.5992277010300183
009,vap_white,pre_24_rep_tru,0.421982687798984,0.01072200739577293,0.4007722989699817,0.44207975000826094
009,vap_black,pre_24_dem_har,0.6695968869859891,0.13610747600926468,0.3593173001847182,0.8909408894030811
009,vap_black,pre_24_rep_tru,0.3304031130140108,0.13610747600926468,0.10905911059691886,0.6406826998152816
009,vap_hisp,pre_24_dem_har,0.556155279965402,0.15768291844054338,0.23808111616820957,0.8332425068255422
009,vap_hisp,pre_24_rep_tru,0.443844720034598,0.15768291844054338,0.16675749317445765,0.7619188838317902
009,vap_asian,pre_24_dem_har,0.584311710166559,0.16253979589077958,0.2562426383179919,0.8681671201279582
009,vap_asian,pre_24_rep_tru,0.41568828983344086,0.16253979589077958,0.13183287987204173,0.7437573616820081
009,vap_aian,pre_24_dem_har,0.5019295961514108,0.1658477316786427,0.19424076816792568,0.8165184758285242
009,vap_aian,pre_24_rep_tru,0.4980704038485893,0.1658477316786427,0.18348152417147576,0.8057592318320743
009,vap_oth_b,pre_24_dem_har,0.5418111553073347,0.16084738081650865,0.2215587748548349,0.8167563158424105
009,vap_oth_b,pre_24_rep_tru,0.45818884469266535,0.16084738081650865,0.18324368415758951,0.7784412251451651
011,vap_white,pre_24_dem_har,0.15290457908068808,0.00594479852785432,0.14153099590110674,0.1643186007488096
011,vap_white,pre_24_rep_tru,0.847095420919312,0.00594479852785432,0.8356813992511907,0.8584690040988935
011,vap_black,pre_24_dem_har,0.5045121986635881,0.16174840813933636,0.1997724099885212,0.7991357561205178
011,vap_black,pre_24_rep_tru,0.4954878013364119,0.16174840813933636,0.2008642438794822,0.8002275900114787
011,vap_hisp,pre_24_dem_har,0.5654318454154533,0.1654471955927857,0.24737831293552673,0.8668513103018356
011,vap_hisp,pre_24_rep_tru,0.4345681545845467,0.1654471955927857,0.13314868969816396,0.7526216870644732
011,vap_asian,pre_24_dem_har,0.5372567210027761,0.17013295722825525,0.2060885333173138,0.8418170409602386
011,vap_asian,pre_24_rep_tru,0.4627432789972239,0.17013295722825525,0.15818295903976126,0.7939114666826861
011,vap_aian,pre_24_dem_har,0.5132604244418922,0.1743023292290341,0.18116401271413707,0.8502328754151735
011,vap_aian,pre_24_rep_tru,0.4867395755581077,0.1743023292290341,0.14976712458482655,0.8188359872858628
011,vap_oth_b,pre_24_dem_har,0.5637775689286952,0.16468306773769317,0.24522382360635253,0.8423516123239823
011,vap_oth_b,pre_24_rep_tru,0.4362224310713048,0.16468306773769317,0.15764838767601774,0.7547761763936476
013,vap_white,pre_24_dem_har,0.2443885349096793,0.00667453386689522,0.23220216938905316,0.25784394240274783
013,vap_white,pre_24_rep_tru,0.7556114650903206,0.00667453386689522,0.742156057597252,0.7677978306109466
013,vap_black,pre_24_dem_har,0.4818027741504241,0.1349928832165156,0.16852740581551384,0.7103810961009123
013,vap_black,pre_24_rep_tru,0.5181972258495758,0.1349928832165156,0.28961890389908757,0.831472594184486
013,vap_hisp,pre_24_dem_har,0.5298864431940553,0.16721123684803088,0.1850714522757508,0.8158445534565838
013,vap_hisp,pre_24_rep_tru,0.47011355680594463,0.16721123684803088,0.18415544654341617,0.814928547724249
013,vap_asian,pre_24_dem_har,0.4819753489283124,0.1679083413982105,0.183607362005204,0.7928441792818913
013,vap_asian,pre_24_rep_tru,0.5180246510716876,0.1679083413982105,0.20715582071810865,0.8163926379947959
013,vap_aian,pre_24_dem_har,0.4938562090958916,0.17350517386951464,0.1823127153760824,0.8257170507211381
013,vap_aian,pre_24_rep_tru,0.5061437909041084,0.17350517386951464,0.17428294927886187,0.8176872846239176
013,vap_oth_b,pre_24_dem_har,0.5928055609574218,0.1528063812766731,0.2800939736445365,0.8612458811835305
013,vap_oth_b,pre_24_rep_tru,0.4071944390425782,0.1528063812766731,0.13875411881646948,0.7199060263554634
015,vap_white,pre_24_dem_har,0.1714720781646793,0.00693276264380732,0.15872431823414654,0.18546651828739144
015,vap_white,pre_24_rep_tru,0.8285279218353208,0.00693276264380732,0.8145334817126086,0.8412756817658534
015,vap_black,pre_24_dem_har,0.530019660242969,0.18024012150328383,0.1742387730001528,0.8454387215761087
015,vap_black,pre_24_rep_tru,0.469980339757031,0.18024012150328383,0.1545612784238911,0.8257612269998471
015,vap_hisp,pre_24_dem_har,0.5193542057719875,0.16737170091022557,0.1951945656335272,0.8224670526249758
015,vap_hisp,pre_24_rep_tru,0.48064579422801246,0.16737170091022557,0.17753294737502398,0.8048054343664727
015,vap_asian,pre_24_dem_har,0.5034512611954662,0.17411086943127538,0.1755282329952227,0.8231685128815748
015,vap_asian,pre_24_rep_tru,0.4965487388045337,0.17411086943127538,0.17683148711842497,0.8244717670047773
015,vap_aian,pre_24_dem_har,0.48831733413447304,0.17525673983978154,0.168975973670708,0.8323778845845148
015,vap_aian,pre_24_rep_tru,0.5116826658655269,0.17525673983978154,0.16762211541548505,0.831024026329292
015,vap_oth_b,pre_24_dem_har,0.5414689820855653,0.16848049728560993,0.201919109149664,0.8261034019598271
015,vap_oth_b,pre_24_rep_tru,0.4585310179144349,0.16848049728560993,0.17389659804017302,0.7980808908503361
017,vap_white,pre_24_dem_har,0.26951646970827636,0.00692562592977783,0.25800689688923106,0.2857458863252046
017,vap_white,pre_24_rep_tru,0.7304835302917236,0.00692562592977783,0.7142541136747953,0.7419931031107689
017,vap_black,pre_24_dem_har,0.9145425496182464,0.02192564570979385,0.8710586345295679,0.9510843626083924
017,vap_black,pre_24_rep_tru,0.08545745038175356,0.02192564570979385,0.04891563739160741,0.12894136547043208
017,vap_hisp,pre_24_dem_har,0.6933645980869173,0.06164498537762893,0.5736836376037343,0.8147946839286807
017,vap_hisp,pre_24_rep_tru,0.30663540191308264,0.06164498537762893,0.1852053160713193,0.4263163623962656
017,vap_asian,pre_24_dem_har,0.8796380791713643,0.04061998101326029,0.782364673231054,0.9395982291944774
017,vap_asian,pre_24_rep_tru,0.12036192082863574,0.04061998101326029,0.06040177080552274,0.21763532676894592
017,vap_aian,pre_24_dem_har,0.4370111259458673,0.16962424917631783,0.15148677025483154,0.74473894428178
017,vap_aian,pre_24_rep_tru,0.5629888740541328,0.16962424917631783,0.25526105571822005,0.8485132297451685
017,vap_oth_b,pre_24_dem_har,0.6861449850079998,0.1168899658310826,0.3902120882581638,0.8548680900447077
017,vap_oth_b,pre_24_rep_tru,0.3138550149920003,0.1168899658310826,0.14513190995529246,0.609787911741836
019,vap_white,pre_24_dem_har,0.2040305381291152,0.0073109539921749,0.190400472245672,0.218777419156328
019,vap_white,pre_24_rep_tru,0.7959694618708848,0.0073109539921749,0.7812225808436719,0.8095995277543281
019,vap_black,pre_24_dem_har,0.5005341731653281,0.1872972150203301,0.13903523744814847,0.8391356609799047
019,vap_black,pre_24_rep_tru,0.49946582683467194,0.1872972150203301,0.16086433902009525,0.8609647625518514
019,vap_hisp,pre_24_dem_har,0.4634027472504507,0.19224920259520803,0.09191067142361896,0.8033465377109864
019,vap_hisp,pre_24_rep_tru,0.5365972527495493,0.19224920259520803,0.1966534622890134,0.908089328576381
019,vap_asian,pre_24_dem_har,0.5083730554223146,0.18565603827381977,0.16325417420075122,0.8602470048554827
019,vap_asian,pre_24_rep_tru,0.49162694457768547,0.18565603827381977,0.13975299514451728,0.8367458257992486
019,vap_aian,pre_24_dem_har,0.5024431225448778,0.17031265388768843,0.1928923164512912,0.8473786612666243
019,vap_aian,pre_24_rep_tru,0.4975568774551223,0.17031265388768843,0.15262133873337572,0.8071076835487088
019,vap_oth_b,pre_24_dem_har,0.5253933308235634,0.1696265500995369,0.18300110146666837,0.8305030188785749
019,vap_oth_b,pre_24_rep_tru,0.47460666917643646,0.1696265500995369,0.1694969811214249,0.8169988985333315
021,vap_white,pre_24_dem_har,0.2185236291154409,0.00980419943713989,0.2016980456965476,0.23795309624617697
021,vap_white,pre_24_rep_tru,0.781476370884559,0.00980419943713989,0.7620469037538229,0.7983019543034525
021,vap_black,pre_24_dem_har,0.5590830727348621,0.16621574752411664,0.22493298724147937,0.8489188779512964
021,vap_black,pre_24_rep_tru,0.4409169272651378,0.16621574752411664,0.15108112204870366,0.7750670127585205
021,vap_hisp,pre_24_dem_har,0.501657508195544,0.1700944079233089,0.1777777277550097,0.8181844494348379
021,vap_hisp,pre_24_rep_tru,0.49834249180445594,0.1700944079233089,0.18181555056516205,0.8222222722449903
021,vap_asian,pre_24_dem_har,0.5146889584197428,0.17004233214901107,0.18526870662430445,0.8339685618561854
021,vap_asian,pre_24_rep_tru,0.4853110415802571,0.17004233214901107,0.16603143814381455,0.8147312933756956
021,vap_aian,pre_24_dem_har,0.5114245693071391,0.17339030359259058,0.17743139034675176,0.837977274864771
021,vap_aian,pre_24_rep_tru,0.48857543069286097,0.17339030359259058,0.16202272513522897,0.8225686096532483
021,vap_oth_b,pre_24_dem_har,0.6586117791042724,0.2057069776465972,0.2539326449824484,0.946057614830368
021,vap_oth_b,pre_24_rep_tru,0.3413882208957276,0.2057069776465972,0.05394238516963173,0.7460673550175516
023,vap_white,pre_24_dem_har,0.28867274377772006,0.00981532662945196,0.2717082647968656,0.30956042689656654
023,vap_white,pre_24_rep_tru,0.7113272562222799,0.00981532662945196,0.6904395731034333,0.7282917352031343
023,vap_black,pre_24_dem_har,0.9247594035308732,0.0254431995182153,0.8671391415983618,0.9632281058576954
023,vap_black,pre_24_rep_tru,0.07524059646912662,0.0254431995182153,0.03677189414230446,0.132860858401638
023,vap_hisp,pre_24_dem_har,0.6211739770281256,0.16073403627275648,0.2687616703444281,0.8972990333164454
023,vap_hisp,pre_24_rep_tru,0.37882602297187445,0.16073403627275648,0.10270096668355452,0.731238329655572
023,vap_asian,pre_24_dem_har,0.5466797551043887,0.1634198279854102,0.24529285790973676,0.8427597405118514
023,vap_asian,pre_24_rep_tru,0.4533202448956113,0.1634198279854102,0.15724025948814857,0.7547071420902632
023,vap_aian,pre_24_dem_har,0.5038029075679178,0.16125524649099035,0.2047426960751809,0.8045438633583956
023,vap_aian,pre_24_rep_tru,0.49619709243208215,0.16125524649099035,0.19545613664160424,0.7952573039248191
023,vap_oth_b,pre_24_dem_har,0.7702642745985206,0.13577021221272653,0.4243011886383228,0.9380822559739648
023,vap_oth_b,pre_24_rep_tru,0.22973572540147932,0.13577021221272653,0.06191774402603527,0.5756988113616771
025,vap_white,pre_24_dem_har,0.2933331200258236,0.00751719835582248,0.2799062584353996,0.30721341586010953
025,vap_white,pre_24_rep_tru,0.7066668799741764,0.00751719835582248,0.6927865841398906,0.7200937415646003
025,vap_black,pre_24_dem_har,0.6692111209827298,0.14007274036227876,0.3561163779816402,0.8759141076056284
025,vap_black,pre_24_rep_tru,0.3307888790172702,0.14007274036227876,0.12408589239437158,0.6438836220183597
025,vap_hisp,pre_24_dem_har,0.6060419744714172,0.1484840083153958,0.28024481791501793,0.8429365292623495
025,vap_hisp,pre_24_rep_tru,0.3939580255285828,0.1484840083153958,0.1570634707376505,0.719755182084982
025,vap_asian,pre_24_dem_har,0.6837450185891744,0.11469201189772273,0.437600881310735,0.8788481873747518
025,vap_asian,pre_24_rep_tru,0.31625498141082564,0.11469201189772273,0.12115181262524805,0.562399118689265
025,vap_aian,pre_24_dem_har,0.4724832150056657,0.1686549801569849,0.1677996975437335,0.8025877836540539
025,vap_aian,pre_24_rep_tru,0.5275167849943342,0.1686549801569849,0.19741221634594588,0.8322003024562663
025,vap_oth_b,pre_24_dem_har,0.4619956746902339,0.17750658175263043,0.15340411447790425,0.8019525017223771
025,vap_oth_b,pre_24_rep_tru,0.538004325309766,0.17750658175263043,0.19804749827762289,0.8465958855220956
027,vap_white,pre_24_dem_har,0.20740348108602585,0.00778163082249383,0.1922034310036655,0.2223401753252421
027,vap_white,pre_24_rep_tru,0.7925965189139742,0.00778163082249383,0.7776598246747579,0.8077965689963345
027,vap_black,pre_24_dem_har,0.5819066254095279,0.1750112619089588,0.2072468647285015,0.8569374708959122
027,vap_black,pre_24_rep_tru,0.41809337459047213,0.1750112619089588,0.14306252910408776,0.7927531352714985
027,vap_hisp,pre_24_dem_har,0.49423388191708223,0.16472133836515485,0.1729807737437298,0.7979111690330468
027,vap_hisp,pre_24_rep_tru,0.5057661180829177,0.16472133836515485,0.20208883096695307,0.8270192262562701
027,vap_asian,pre_24_dem_har,0.5112886131025628,0.1925855401410024,0.10498438586516956,0.8353318082813856
027,vap_asian,pre_24_rep_tru,0.4887113868974373,0.1925855401410024,0.16466819171861435,0.8950156141348304
027,vap_aian,pre_24_dem_har,0.5352028867554268,0.17129053922112286,0.1931574977942074,0.8409287825787379
027,vap_aian,pre_24_rep_tru,0.4647971132445732,0.17129053922112286,0.1590712174212621,0.8068425022057922
027,vap_oth_b,pre_24_dem_har,0.5688394951477725,0.16202648002784484,0.23842576240822955,0.8556593887579115
027,vap_oth_b,pre_24_rep_tru,0.43116050485222746,0.16202648002784484,0.14434061124208838,0.7615742375917705
029,vap_white,pre_24_dem_har,0.23277864649063895,0.00538390540744313,0.2233086844493277,0.24401176088031343
029,vap_white,pre_24_rep_tru,0.767221353509361,0.00538390540744313,0.7559882391196866,0.7766913155506724
029,vap_black,pre_24_dem_har,0.4137669722718172,0.12667602471932676,0.1740160892338643,0.6693356273284022
029,vap_black,pre_24_rep_tru,0.5862330277281829,0.12667602471932676,0.33066437267159765,0.8259839107661358
029,vap_hisp,pre_24_dem_har,0.5758233443965092,0.14943747514469533,0.2723299110278531,0.8452000283570454
029,vap_hisp,pre_24_rep_tru,0.4241766556034909,0.14943747514469533,0.1547999716429546,0.727670088972147
029,vap_asian,pre_24_dem_har,0.5054563933966129,0.1500429428458795,0.23155563917752536,0.7949842951724558
029,vap_asian,pre_24_rep_tru,0.4945436066033872,0.1500429428458795,0.2050157048275441,0.7684443608224746
029,vap_aian,pre_24_dem_har,0.5111496684781787,0.16317855072292864,0.19354619304214815,0.7955166305886107
029,vap_aian,pre_24_rep_tru,0.4888503315218212,0.16317855072292867,0.20448336941138923,0.8064538069578516
029,vap_oth_b,pre_24_dem_har,0.6399014338172602,0.12535901714073977,0.357895106751429,0.8483242110058455
029,vap_oth_b,pre_24_rep_tru,0.36009856618273983,0.12535901714073977,0.15167578899415443,0.642104893248571
031,vap_white,pre_24_dem_har,0.22561421257347336,0.00652622315322482,0.213030500933118,0.23837535255405923
031,vap_white,pre_24_rep_tru,0.7743857874265266,0.00652622315322482,0.7616246474459407,0.7869694990668821
031,vap_black,pre_24_dem_har,0.5238592853039424,0.17415542362432804,0.20526468811079268,0.8562589131196503
031,vap_black,pre_24_rep_tru,0.4761407146960575,0.17415542362432804,0.14374108688034967,0.7947353118892073
031,vap_hisp,pre_24_dem_har,0.510586907447733,0.16586684596061985,0.20352840473483189,0.8228548443549097
031,vap_hisp,pre_24_rep_tru,0.48941309255226695,0.16586684596061985,0.1771451556450903,0.796471595265168
031,vap_asian,pre_24_dem_har,0.5107082365934292,0.19183366092068385,0.14882709845476758,0.862030879240794
031,vap_asian,pre_24_rep_tru,0.4892917634065708,0.19183366092068385,0.13796912075920603,0.8511729015452324
031,vap_aian,pre_24_dem_har,0.5091608781888166,0.17908339664331424,0.1719972999781073,0.8443157210168982
031,vap_aian,pre_24_rep_tru,0.4908391218111834,0.17908339664331424,0.1556842789831016,0.8280027000218926
031,vap_oth_b,pre_24_dem_har,0.5366989955009828,0.16950103214286433,0.20937279548645304,0.8402704832946629
031,vap_oth_b,pre_24_rep_tru,0.4633010044990172,0.16950103214286433,0.15972951670533703,0.7906272045135468
033,vap_white,pre_24_dem_har,0.22032090673253807,0.00637509333429717,0.2080172091475817,0.23312457608833895
033,vap_white,pre_24_rep_tru,0.779679093267462,0.00637509333429717,0.7668754239116611,0.7919827908524184
033,vap_black,pre_24_dem_har,0.5160985165720444,0.17845414946543903,0.18584262981653887,0.8464834733653999
033,vap_black,pre_24_rep_tru,0.4839014834279557,0.17845414946543903,0.15351652663460022,0.8141573701834611
033,vap_hisp,pre_24_dem_har,0.5146783344018738,0.17723018500490317,0.16863781403547037,0.8307189662507417
033,vap_hisp,pre_24_rep_tru,0.4853216655981262,0.17723018500490317,0.16928103374925826,0.8313621859645297
033,vap_asian,pre_24_dem_har,0.4997441867257176,0.1772495205648094,0.1541762467207114,0.8366116298434966
033,vap_asian,pre_24_rep_tru,0.5002558132742823,0.1772495205648094,0.16338837015650326,0.8458237532792885
033,vap_aian,pre_24_dem_har,0.5021993793756608,0.1844674202837983,0.15290658386935935,0.8623781498404949
033,vap_aian,pre_24_rep_tru,0.4978006206243392,0.1844674202837983,0.1376218501595051,0.8470934161306406
033,vap_oth_b,pre_24_dem_har,0.510821127697102,0.16258742300391382,0.1783594553022447,0.808239954148282
033,vap_oth_b,pre_24_rep_tru,0.489178872302898,0.16258742300391382,0.19176004585171796,0.8216405446977552
035,vap_white,pre_24_dem_har,0.5383865698124589,0.00426974692320943,0.5300408478031396,0.5469237789027518
035,vap_white,pre_24_rep_tru,0.4616134301875409,0.00426974692320943,0.453076221097248,0.46995915219686024
035,vap_black,pre_24_dem_har,0.9682560968111068,0.00238620146191205,0.9638683801025404,0.9732050698530068
035,vap_black,pre_24_rep_tru,0.03174390318889308,0.00238620146191205,0.02679493014699312,0.03613161989745979
035,vap_hisp,pre_24_dem_har,0.6315291781847299,0.03252750108548605,0.5680256606074595,0.6941604263607948
035,vap_hisp,pre_24_rep_tru,0.36847082181527013,0.03252750108548605,0.3058395736392052,0.43197433939254054
035,vap_asian,pre_24_dem_har,0.8662182962163105,0.02956886775154331,0.8028086492429676,0.9213964012431632
035,vap_asian,pre_24_rep_tru,0.1337817037836895,0.02956886775154331,0.0786035987568368,0.19719135075703248
035,vap_aian,pre_24_dem_har,0.4520886590981269,0.1604803509574385,0.18332317070887344,0.7397871320396324
035,vap_aian,pre_24_rep_tru,0.5479113409018732,0.1604803509574385,0.26021286796036747,0.8166768292911265
035,vap_oth_b,pre_24_dem_har,0.7754840247882542,0.05946607306072538,0.647732709171173,0.876009798353747
035,vap_oth_b,pre_24_rep_tru,0.2245159752117458,0.05946607306072538,0.12399020164625305,0.35226729082882685
037,vap_white,pre_24_dem_har,0.1602076141251995,0.00547810389465604,0.14981536770523363,0.17093590713462603
037,vap_white,pre_24_rep_tru,0.8397923858748004,0.00547810389465604,0.8290640928653739,0.8501846322947663
037,vap_black,pre_24_dem_har,0.5206639209889806,0.173952447784702,0.179743356396533,0.8385689816263383
037,vap_black,pre_24_rep_tru,0.47933607901101943,0.173952447784702,0.16143101837366167,0.820256643603467
037,vap_hisp,pre_24_dem_har,0.5337502742421946,0.1596196041532066,0.2251950381882447,0.8304915759985013
037,vap_hisp,pre_24_rep_tru,0.46624972575780543,0.1596196041532066,0.16950842400149846,0.7748049618117551
037,vap_asian,pre_24_dem_har,0.5096157822615303,0.16527560346889988,0.1905805171119765,0.8161623041762656
037,vap_asian,pre_24_rep_tru,0.49038421773846974,0.16527560346889988,0.18383769582373427,0.8094194828880233
037,vap_aian,pre_24_dem_har,0.5435370242914271,0.17992771415286232,0.20151581447613945,0.8644228215908091
037,vap_aian,pre_24_rep_tru,0.4564629757085729,0.17992771415286232,0.13557717840919087,0.7984841855238605
037,vap_oth_b,pre_24_dem_har,0.596438833295037,0.15652229105531645,0.2900763391609805,0.8652623192457902
037,vap_oth_b,pre_24_rep_tru,0.4035611667049631,0.15652229105531645,0.13473768075420992,0.7099236608390196
039,vap_white,pre_24_dem_har,0.24644808771863227,0.01506733248265061,0.22272831194901527,0.280690216187378
039,vap_white,pre_24_rep_tru,0.7535519122813678,0.01506733248265061,0.7193097838126219,0.7772716880509848
039,vap_black,pre_24_dem_har,0.5167128891855877,0.1798550665983606,0.15404118968834707,0.8405280446852084
039,vap_black,pre_24_rep_tru,0.4832871108144123,0.1798550665983606,0.15947195531479166,0.8459588103116529
039,vap_hisp,pre_24_dem_har,0.7045212076654205,0.14191880298064485,0.3619777274920371,0.9073116618835296
039,vap_hisp,pre_24_rep_tru,0.29547879233457963,0.14191880298064485,0.09268833811647048,0.638022272507963
039,vap_asian,pre_24_dem_har,0.5036214825895333,0.1679932558740974,0.1910272283849855,0.8122287010410604
039,vap_asian,pre_24_rep_tru,0.49637851741046674,0.1679932558740974,0.18777129895893965,0.8089727716150146
039,vap_aian,pre_24_dem_har,0.5199594783320785,0.1681251814564149,0.19637176207536727,0.8337045291892443
039,vap_aian,pre_24_rep_tru,0.48004052166792144,0.1681251814564149,0.16629547081075555,0.8036282379246327
039,vap_oth_b,pre_24_dem_har,0.5225938238828328,0.17105008833082222,0.16500654742827156,0.8219319339098506
039,vap_oth_b,pre_24_rep_tru,0.4774061761171672,0.17105008833082222,0.17806806609014936,0.8349934525717283
041,vap_white,pre_24_dem_har,0.41187712765732,0.00761326674324797,0.3975058746494659,0.4268346374589712
041,vap_white,pre_24_rep_tru,0.58812287234268,0.00761326674324797,0.5731653625410288,0.602494125350534
041,vap_black,pre_24_dem_har,0.7813220640048962,0.08212510218019221,0.6004403611630302,0.9052557347030032
041,vap_black,pre_24_rep_tru,0.2186779359951037,0.08212510218019221,0.09474426529699664,0.3995596388369697
041,vap_hisp,pre_24_dem_har,0.6501235361275032,0.12352313638503185,0.3999171254129083,0.8655824384505084
041,vap_hisp,pre_24_rep_tru,0.34987646387249677,0.12352313638503185,0.13441756154949155,0.6000828745870915
041,vap_asian,pre_24_dem_har,0.850893944521245,0.04494985694721597,0.752541412500266,0.9235343225429152
041,vap_asian,pre_24_rep_tru,0.1491060554787549,0.04494985694721597,0.07646567745708481,0.24745858749973385
041,vap_aian,pre_24_dem_har,0.4822367210412604,0.1611563022188677,0.1733820851834484,0.7946906127164874
041,vap_aian,pre_24_rep_tru,0.5177632789587395,0.1611563022188677,0.2053093872835124,0.8266179148165514
041,vap_oth_b,pre_24_dem_har,0.544266841767811,0.16786310519389022,0.20120930261344788,0.8288214170300582
041,vap_oth_b,pre_24_rep_tru,0.455733158232189,0.16786310519389022,0.1711785829699418,0.7987906973865522
043,vap_white,pre_24_dem_har,0.3826323661034411,0.00980310002891283,0.3646685727691128,0.40371118146144946
043,vap_white,pre_24_rep_tru,0.6173676338965589,0.00980310002891283,0.5962888185385504,0.6353314272308871
043,vap_black,pre_24_dem_har,0.8920872084846493,0.05260523584944143,0.769872285884405,0.9637239999942282
043,vap_black,pre_24_rep_tru,0.10791279151535065,0.05260523584944143,0.03627600000577173,0.2301277141155947
043,vap_hisp,pre_24_dem_har,0.5735816083729994,0.14793369456615824,0.2754587392071855,0.8377326703354746
043,vap_hisp,pre_24_rep_tru,0.4264183916270006,0.14793369456615824,0.16226732966452545,0.7245412607928144
043,vap_asian,pre_24_dem_har,0.5193020294231588,0.18086802000098567,0.17234464220394802,0.8459400388636364
043,vap_asian,pre_24_rep_tru,0.4806979705768412,0.18086802000098567,0.15405996113636358,0.8276553577960519
043,vap_aian,pre_24_dem_har,0.5006501174234714,0.16163634021014353,0.203175494867709,0.8087396353186053
043,vap_aian,pre_24_rep_tru,0.49934988257652846,0.16163634021014353,0.191260364681394,0.7968245051322908
043,vap_oth_b,pre_24_dem_har,0.5920170880175458,0.16448593495285865,0.24461140216388308,0.8667312141000644
043,vap_oth_b,pre_24_rep_tru,0.40798291198245407,0.16448593495285865,0.13326878589993543,0.7553885978361168
045,vap_white,pre_24_dem_har,0.3142260044985637,0.00757559868158992,0.3012955449711794,0.33111685210129893
045,vap_white,pre_24_rep_tru,0.6857739955014363,0.00757559868158992,0.668883147898701,0.6987044550288205
045,vap_black,pre_24_dem_har,0.8801707910017175,0.03473845071674887,0.7975600272025677,0.9341369499149204
045,vap_black,pre_24_rep_tru,0.11982920899828256,0.03473845071674887,0.06586305008507974,0.20243997279743217
045,vap_hisp,pre_24_dem_har,0.6687291055478632,0.12997737501277756,0.39314471846097554,0.8867501765672499
045,vap_hisp,pre_24_rep_tru,0.33127089445213675,0.12997737501277756,0.11324982343275022,0.6068552815390243
045,vap_asian,pre_24_dem_har,0.764778129044503,0.09331332515942414,0.5331821036468697,0.8971216558599389
045,vap_asian,pre_24_rep_tru,0.23522187095549693,0.09331332515942414,0.10287834414006104,0.4668178963531302
045,vap_aian,pre_24_dem_har,0.5120587071467849,0.15003338707495356,0.21624391746409927,0.7901952368278974
045,vap_aian,pre_24_rep_tru,0.4879412928532151,0.15003338707495356,0.20980476317210248,0.7837560825359007
045,vap_oth_b,pre_24_dem_har,0.6091688654758948,0.14579391603377656,0.27178089751564766,0.8353972587934988
045,vap_oth_b,pre_24_rep_tru,0.3908311345241051,0.14579391603377656,0.16460274120650123,0.7282191024843522
047,vap_white,pre_24_dem_har,0.2012194109043593,0.00893135608469885,0.18456562611799993,0.21919212062495935
047,vap_white,pre_24_rep_tru,0.7987805890956406,0.00893135608469885,0.7808078793750406,0.815434373882
047,vap_black,pre_24_dem_har,0.5412931207112147,0.166688445668961,0.19391182309263963,0.8308876404984331
047,vap_black,pre_24_rep_tru,0.4587068792887852,0.166688445668961,0.16911235950156683,0.8060881769073603
047,vap_hisp,pre_24_dem_har,0.5361490410897305,0.17856466530134857,0.19016607242476635,0.8566471201407175
047,vap_hisp,pre_24_rep_tru,0.4638509589102695,0.17856466530134857,0.14335287985928233,0.8098339275752335
047,vap_asian,pre_24_dem_har,0.5140080216702851,0.17889963568358608,0.18553815347755748,0.859939783775068
047,vap_asian,pre_24_rep_tru,0.48599197832971475,0.17889963568358608,0.1400602162249319,0.8144618465224424
047,vap_aian,pre_24_dem_har,0.49652742560107466,0.18189795008924772,0.1590314104162946,0.8431688892110163
047,vap_aian,pre_24_rep_tru,0.5034725743989252,0.18189795008924772,0.1568311107889837,0.8409685895837051
047,vap_oth_b,pre_24_dem_har,0.5415072792616725,0.16316793458816747,0.1976974680680408,0.824096436628512
047,vap_oth_b,pre_24_rep_tru,0.4584927207383274,0.16316793458816747,0.17590356337148802,0.8023025319319591
049,vap_white,pre_24_dem_har,0.5763578618448966,0.00515372672769696,0.5668799500982461,0.586530089659395
049,vap_white,pre_24_rep_tru,0.4236421381551034,0.00515372672769696,0.413469910340605,0.43312004990175373
049,vap_black,pre_24_dem_har,0.9521968421830612,0.00591034479681426,0.9400636652679054,0.9636808722980346
049,vap_black,pre_24_rep_tru,0.04780315781693865,0.00591034479681426,0.03631912770196532,0.05993633473209452
049,vap_hisp,pre_24_dem_har,0.3534987705983839,0.05368183820838931,0.24325371920498992,0.4543983163557873
049,vap_hisp,pre_24_rep_tru,0.6465012294016161,0.05368183820838931,0.5456016836442128,0.75674628079501
049,vap_asian,pre_24_dem_har,0.6392076322140726,0.04387366394567574,0.545597424807215,0.7183539116567681
049,vap_asian,pre_24_rep_tru,0.3607923677859274,0.04387366394567574,0.28164608834323185,0.454402575192785
049,vap_aian,pre_24_dem_har,0.6078388076664186,0.11663051557794972,0.3606070293437293,0.8184030030565855
049,vap_aian,pre_24_rep_tru,0.3921611923335814,0.11663051557794972,0.18159699694341447,0.6393929706562707
049,vap_oth_b,pre_24_dem_har,0.8049544746751637,0.06484028187507844,0.6577446485288946,0.9153950423966764
049,vap_oth_b,pre_24_rep_tru,0.1950455253248363,0.06484028187507844,0.08460495760332352,0.34225535147110536
051,vap_white,pre_24_dem_har,0.2515334141925244,0.01613899049357159,0.22060789874014716,0.28096086441984375
051,vap_white,pre_24_rep_tru,0.7484665858074756,0.01613899049357159,0.7190391355801562,0.7793921012598529
051,vap_black,pre_24_dem_har,0.4981392512475894,0.17832720765225127,0.16494980182072258,0.8309576090896554
051,vap_black,pre_24_rep_tru,0.5018607487524106,0.17832720765225127,0.1690423909103444,0.8350501981792773
051,vap_hisp,pre_24_dem_har,0.5976635473271907,0.18255591223989379,0.26087374710332506,0.9283244021146252
051,vap_hisp,pre_24_rep_tru,0.4023364526728091,0.18255591223989379,0.07167559788537453,0.7391262528966749
051,vap_asian,pre_24_dem_har,0.4963361767523046,0.1742698746273202,0.16669460416279058,0.8194726758464513
051,vap_asian,pre_24_rep_tru,0.5036638232476953,0.1742698746273202,0.1805273241535486,0.8333053958372094
051,vap_aian,pre_24_dem_har,0.4890776823966622,0.1727220405608772,0.16299535467177298,0.807088514816348
051,vap_aian,pre_24_rep_tru,0.5109223176033377,0.1727220405608772,0.19291148518365195,0.837004645328227
051,vap_oth_b,pre_24_dem_har,0.5401360161504766,0.16732916591653535,0.22439330229361265,0.8445751475032164
051,vap_oth_b,pre_24_rep_tru,0.4598639838495235,0.16732916591653535,0.15542485249678328,0.7756066977063873
053,vap_white,pre_24_dem_har,0.1747582289471581,0.00826289036861282,0.15890472049850252,0.19068333740895796
053,vap_white,pre_24_rep_tru,0.8252417710528419,0.00826289036861282,0.8093166625910418,0.8410952795014974
053,vap_black,pre_24_dem_har,0.5352424264476551,0.1728362853382591,0.18302173887659243,0.8451315408651567
053,vap_black,pre_24_rep_tru,0.46475757355234487,0.1728362853382591,0.15486845913484323,0.8169782611234074
053,vap_hisp,pre_24_dem_har,0.510975385045338,0.1718198500650167,0.17849107964554087,0.8231006999018929
053,vap_hisp,pre_24_rep_tru,0.489024614954662,0.1718198500650167,0.17689930009810706,0.8215089203544591
053,vap_asian,pre_24_dem_har,0.519634556448569,0.18526053353389516,0.18020539260896817,0.8787828116681208
053,vap_asian,pre_24_rep_tru,0.480365443551431,0.18526053353389516,0.1212171883318792,0.8197946073910318
053,vap_aian,pre_24_dem_har,0.5003704301314327,0.17774859695972078,0.17980497906477186,0.8505787640439569
053,vap_aian,pre_24_rep_tru,0.4996295698685674,0.17774859695972078,0.14942123595604304,0.820195020935228
053,vap_oth_b,pre_24_dem_har,0.5611750502551719,0.16562085206739513,0.23717496586979872,0.8574431013069598
053,vap_oth_b,pre_24_rep_tru,0.4388249497448281,0.16562085206739513,0.1425568986930401,0.7628250341302012
055,vap_white,pre_24_dem_har,0.3559110429206135,0.00608370300462834,0.3436291453051383,0.3672651328389527
055,vap_white,pre_24_rep_tru,0.6440889570793864,0.00608370300462834,0.6327348671610472,0.6563708546948617
055,vap_black,pre_24_dem_har,0.6135701807870412,0.1756549142407955,0.24686235739131912,0.9070533222531364
055,vap_black,pre_24_rep_tru,0.3864298192129588,0.1756549142407955,0.09294667774686367,0.7531376426086807
055,vap_hisp,pre_24_dem_har,0.53137047172149,0.1610530296027925,0.2100167247654395,0.8224013001823386
055,vap_hisp,pre_24_rep_tru,0.46862952827851007,0.1610530296027925,0.17759869981766138,0.7899832752345606
055,vap_asian,pre_24_dem_har,0.5671747349049332,0.1976217324052316,0.16962061323659083,0.9055725529037502
055,vap_asian,pre_24_rep_tru,0.4328252650950667,0.1976217324052316,0.09442744709624984,0.8303793867634092
055,vap_aian,pre_24_dem_har,0.5142099265375456,0.16555458577099294,0.18364148647401676,0.81512997483807
055,vap_aian,pre_24_rep_tru,0.4857900734624544,0.16555458577099294,0.18487002516192996,0.8163585135259832
055,vap_oth_b,pre_24_dem_har,0.5179350245679442,0.1592222207854106,0.21606201618645596,0.8158977828874083
055,vap_oth_b,pre_24_rep_tru,0.48206497543205584,0.1592222207854106,0.18410221711259167,0.783937983813544
057,vap_white,pre_24_dem_har,0.32346327426439153,0.00783632953309157,0.30821597966090253,0.339291481042206
057,vap_white,pre_24_rep_tru,0.6765367257356084,0.00783632953309157,0.660708518957794,0.6917840203390976
057,vap_black,pre_24_dem_har,0.7892014505696653,0.04891467968756653,0.6855502977273238,0.8747439668203072
057,vap_black,pre_24_rep_tru,0.21079854943033471,0.04891467968756653,0.1252560331796928,0.31444970227267616
057,vap_hisp,pre_24_dem_har,0.7432791654384647,0.10947186834903824,0.4512178959383395,0.8896253474085007
057,vap_hisp,pre_24_rep_tru,0.2567208345615352,0.10947186834903824,0.11037465259149912,0.5487821040616601
057,vap_asian,pre_24_dem_har,0.7044926664230369,0.1089579642627916,0.4665057354722982,0.8833499221596225
057,vap_asian,pre_24_rep_tru,0.2955073335769632,0.1089579642627916,0.11665007784037752,0.5334942645277019
057,vap_aian,pre_24_dem_har,0.5251633058708537,0.18054160999115457,0.17208303551007686,0.8383831786679367
057,vap_aian,pre_24_rep_tru,0.4748366941291463,0.18054160999115457,0.16161682133206337,0.8279169644899231
057,vap_oth_b,pre_24_dem_har,0.7512147911159357,0.09205595292174414,0.5417770915564775,0.8961865132041398
057,vap_oth_b,pre_24_rep_tru,0.24878520888406427,0.09205595292174414,0.10381348679586022,0.45822290844352254
059,vap_white,pre_24_dem_har,0.2201544355971589,0.00745871179717884,0.20637103582627073,0.23535762303089175
059,vap_white,pre_24_rep_tru,0.7798455644028411,0.00745871179717884,0.7646423769691082,0.7936289641737292
059,vap_black,pre_24_dem_har,0.5437937128191632,0.16878649911080124,0.2048020743099599,0.8374126769087636
059,vap_black,pre_24_rep_tru,0.4562062871808368,0.16878649911080124,0.1625873230912362,0.79519792569004
059,vap_hisp,pre_24_dem_har,0.5073620077993873,0.15879590658491388,0.20856202704996135,0.8023343844287845
059,vap_hisp,pre_24_rep_tru,0.49263799220061255,0.15879590658491388,0.19766561557121537,0.7914379729500385
059,vap_asian,pre_24_dem_har,0.5012012671169211,0.1654589584241771,0.1814813017177832,0.8045429881765581
059,vap_asian,pre_24_rep_tru,0.49879873288307885,0.1654589584241771,0.19545701182344177,0.8185186982822168
059,vap_aian,pre_24_dem_har,0.5051397692424564,0.1724640898565966,0.18876844600252068,0.8444966893879425
059,vap_aian,pre_24_rep_tru,0.4948602307575436,0.1724640898565966,0.15550331061205727,0.8112315539974793
059,vap_oth_b,pre_24_dem_har,0.5645375213343363,0.16324228263883891,0.22839516899859127,0.8530883409077479
059,vap_oth_b,pre_24_rep_tru,0.43546247866566373,0.16324228263883891,0.14691165909225196,0.7716048310014086
061,vap_white,pre_24_dem_har,0.4333521128710681,0.00398513405034512,0.4262487965885855,0.441787652775206
061,vap_white,pre_24_rep_tru,0.5666478871289319,0.00398513405034512,0.5582123472247941,0.5737512034114145
061,vap_black,pre_24_dem_har,0.97293193016383,0.0037288919724601,0.9649560733618724,0.9794442186211206
061,vap_black,pre_24_rep_tru,0.02706806983616995,0.0037288919724601,0.02055578137887928,0.03504392663812768
061,vap_hisp,pre_24_dem_har,0.760853383228123,0.05692017120079067,0.6268475834783469,0.8615951186975431
061,vap_hisp,pre_24_rep_tru,0.2391466167718769,0.05692017120079067,0.13840488130245698,0.3731524165216528
061,vap_asian,pre_24_dem_har,0.8661023375412518,0.04721348193500004,0.748148742630063,0.9355256184684416
061,vap_asian,pre_24_rep_tru,0.13389766245874832,0.04721348193500004,0.06447438153155854,0.2518512573699371
061,vap_aian,pre_24_dem_har,0.4632683189899746,0.1481285507201927,0.19354332385137984,0.722885293820967
061,vap_aian,pre_24_rep_tru,0.5367316810100253,0.1481285507201927,0.2771147061790329,0.8064566761486199
061,vap_oth_b,pre_24_dem_har,0.8399945830236846,0.05759563687729192,0.6933342425129122,0.9196089992741044
061,vap_oth_b,pre_24_rep_tru,0.1600054169763153,0.05759563687729192,0.08039100072589545,0.30666575748708763
063,vap_white,pre_24_dem_har,0.2747704215273542,0.01075097453805613,0.2558030441784287,0.2980548021919224
063,vap_white,pre_24_rep_tru,0.7252295784726458,0.01075097453805613,0.7019451978080777,0.7441969558215714
063,vap_black,pre_24_dem_har,0.6055515353445776,0.14735610370760518,0.2986175341162375,0.8546794850313785
063,vap_black,pre_24_rep_tru,0.3944484646554224,0.14735610370760518,0.14532051496862158,0.7013824658837624
063,vap_hisp,pre_24_dem_har,0.6742140175172121,0.14987893935312066,0.3159493377349856,0.9033697396987864
063,vap_hisp,pre_24_rep_tru,0.3257859824827879,0.14987893935312066,0.0966302603012136,0.6840506622650143
063,vap_asian,pre_24_dem_har,0.5721372779086988,0.1722752388324823,0.23858153388501743,0.8761298461863324
063,vap_asian,pre_24_rep_tru,0.4278627220913012,0.1722752388324823,0.12387015381366764,0.7614184661149825
063,vap_aian,pre_24_dem_har,0.5019684278840195,0.16237641508305128,0.1907452539174156,0.8087512326483408
063,vap_aian,pre_24_rep_tru,0.4980315721159804,0.16237641508305128,0.19124876735165927,0.8092547460825843
063,vap_oth_b,pre_24_dem_har,0.5378569227768045,0.16873828739679844,0.18721479682440853,0.8315128939475706
063,vap_oth_b,pre_24_rep_tru,0.4621430772231955,0.16873828739679844,0.16848710605242928,0.8127852031755914
065,vap_white,pre_24_dem_har,0.1953907838770048,0.00706337066944143,0.18191567766685457,0.2093405035541212
065,vap_white,pre_24_rep_tru,0.8046092161229952,0.00706337066944143,0.7906594964458787,0.8180843223331455
065,vap_black,pre_24_dem_har,0.5095848122901708,0.17920786994769827,0.17128723540261945,0.849381812697966
065,vap_black,pre_24_rep_tru,0.4904151877098292,0.17920786994769827,0.1506181873020339,0.8287127645973806
065,vap_hisp,pre_24_dem_har,0.5391801530854256,0.170085296819101,0.2141945512373933,0.8514557275685158
065,vap_hisp,pre_24_rep_tru,0.46081984691457434,0.170085296819101,0.14854427243148408,0.7858054487626065
065,vap_asian,pre_24_dem_har,0.5031060689741855,0.17768047346974444,0.1748825416943371,0.8326417317725486
065,vap_asian,pre_24_rep_tru,0.4968939310258145,0.17768047346974444,0.1673582682274513,0.825117458305663
065,vap_aian,pre_24_dem_har,0.5163893733750403,0.17731300092245775,0.17688335666439242,0.8498538316124354
065,vap_aian,pre_24_rep_tru,0.4836106266249596,0.17731300092245775,0.15014616838756462,0.8231166433356075
065,vap_oth_b,pre_24_dem_har,0.5505261618103832,0.16693542832086997,0.21388699507134923,0.8462868083026983
065,vap_oth_b,pre_24_rep_tru,0.4494738381896169,0.16693542832086997,0.1537131916973017,0.7861130049286507
067,vap_white,pre_24_dem_har,0.19463231197316772,0.00926189477442283,0.17714811380514145,0.21321397887617496
067,vap_white,pre_24_rep_tru,0.8053676880268323,0.00926189477442283,0.7867860211238251,0.8228518861948586
067,vap_black,pre_24_dem_har,0.5279859798160269,0.2092976996152596,0.12551522164966103,0.9073096758765284
067,vap_black,pre_24_rep_tru,0.47201402018397304,0.2092976996152596,0.09269032412347152,0.874484778350339
067,vap_hisp,pre_24_dem_har,0.4908444275228949,0.18205941334232076,0.14537153210352471,0.8330722017732689
067,vap_hisp,pre_24_rep_tru,0.5091555724771051,0.18205941334232076,0.16692779822673104,0.8546284678964754
067,vap_asian,pre_24_dem_har,0.4895218973845514,0.1876599898280199,0.1360856778213551,0.839880115859343
067,vap_asian,pre_24_rep_tru,0.5104781026154487,0.1876599898280199,0.16011988414065714,0.8639143221786448
067,vap_aian,pre_24_dem_har,0.5041761614880886,0.20275930640280548,0.12222438306024334,0.8711024898158627
067,vap_aian,pre_24_rep_tru,0.49582383851191136,0.20275930640280548,0.12889751018413706,0.8777756169397565
067,vap_oth_b,pre_24_dem_har,0.5204327687592851,0.17766207102326298,0.15816965191042495,0.8464477987503594
067,vap_oth_b,pre_24_rep_tru,0.479567231240715,0.17766207102326298,0.1535522012496406,0.8418303480895746
069,vap_white,pre_24_dem_har,0.2287026010462932,0.0134862906702816,0.20279815382547955,0.2546884247983557
069,vap_white,pre_24_rep_tru,0.7712973989537069,0.0134862906702816,0.7453115752016443,0.7972018461745204
069,vap_black,pre_24_dem_har,0.5028594421965747,0.18700731971013207,0.14465837750086663,0.8445986366387722
069,vap_black,pre_24_rep_tru,0.49714055780342525,0.18700731971013207,0.15540136336122767,0.8553416224991333
069,vap_hisp,pre_24_dem_har,0.5675378252462636,0.17493847609099764,0.22997330598839255,0.8731562242983674
069,vap_hisp,pre_24_rep_tru,0.43246217475373633,0.17493847609099764,0.12684377570163244,0.7700266940116074
069,vap_asian,pre_24_dem_har,0.5170231864164551,0.17969531980515213,0.17984975725649407,0.8577925541302857
069,vap_asian,pre_24_rep_tru,0.48297681358354494,0.17969531980515213,0.14220744586971437,0.8201502427435059
069,vap_aian,pre_24_dem_har,0.4991278804354773,0.17748602872260383,0.15887490169158625,0.8226522925790101
069,vap_aian,pre_24_rep_tru,0.5008721195645227,0.17748602872260383,0.1773477074209899,0.8411250983084138
069,vap_oth_b,pre_24_dem_har,0.6418577502110747,0.222137708303692,0.1935956916270203,0.9551296886802734
069,vap_oth_b,pre_24_rep_tru,0.3581422497889253,0.222137708303692,0.0448703113197266,0.8064043083729796
071,vap_white,pre_24_dem_har,0.16070299107351663,0.00727949297243586,0.147009902525111,0.17506236771670405
071,vap_white,pre_24_rep_tru,0.8392970089264834,0.00727949297243586,0.8249376322832959,0.852990097474889
071,vap_black,pre_24_dem_har,0.5383666555149467,0.18212014354970016,0.18876199624749432,0.8709225443991563
071,vap_black,pre_24_rep_tru,0.4616333444850534,0.18212014354970016,0.1290774556008436,0.8112380037525057
071,vap_hisp,pre_24_dem_har,0.5195402806869441,0.16225284785730362,0.2222276139002735,0.8298028173461315
071,vap_hisp,pre_24_rep_tru,0.48045971931305587,0.16225284785730362,0.17019718265386846,0.7777723860997263
071,vap_asian,pre_24_dem_har,0.4929843858319003,0.19421125042518927,0.1112176044612832,0.8561619321432474
071,vap_asian,pre_24_rep_tru,0.5070156141680998,0.19421125042518927,0.14383806785675268,0.8887823955387169
071,vap_aian,pre_24_dem_har,0.5085433770654091,0.16279177271380732,0.1885902036991687,0.8028957117746356
071,vap_aian,pre_24_rep_tru,0.4914566229345909,0.16279177271380732,0.1971042882253644,0.8114097963008312
071,vap_oth_b,pre_24_dem_har,0.5984471179260417,0.17688027189681638,0.25493812973094143,0.9112488924196452
071,vap_oth_b,pre_24_rep_tru,0.4015528820739584,0.17688027189681638,0.08875110758035493,0.7450618702690585
073,vap_white,pre_24_dem_har,0.26393283768251363,0.00769598061101509,0.2489855825477663,0.2786746538455496
073,vap_white,pre_24_rep_tru,0.7360671623174864,0.00769598061101509,0.7213253461544503,0.7510144174522336
073,vap_black,pre_24_dem_har,0.5192985880364798,0.17355458751205388,0.1909069438221153,0.8489628856589719
073,vap_black,pre_24_rep_tru,0.4807014119635202,0.17355458751205388,0.15103711434102796,0.8090930561778846
073,vap_hisp,pre_24_dem_har,0.5051139068728226,0.1701456324610484,0.16825373490183726,0.8138298501080117
073,vap_hisp,pre_24_rep_tru,0.4948860931271773,0.1701456324610484,0.1861701498919881,0.8317462650981626
073,vap_asian,pre_24_dem_har,0.4859587630908674,0.17232027601035152,0.16490717830710808,0.8119997288504968
073,vap_asian,pre_24_rep_tru,0.5140412369091326,0.17232027601035152,0.18800027114950316,0.8350928216928919
073,vap_aian,pre_24_dem_har,0.4964377066997645,0.1747852646594397,0.17334355558557893,0.8314963308111724
073,vap_aian,pre_24_rep_tru,0.5035622933002355,0.1747852646594397,0.16850366918882767,0.8266564444144211
073,vap_oth_b,pre_24_dem_har,0.5245944970229561,0.18206913111346337,0.18875900999151157,0.8767617042188438
073,vap_oth_b,pre_24_rep_tru,0.4754055029770438,0.18206913111346337,0.12323829578115604,0.8112409900084883
075,vap_white,pre_24_dem_har,0.13036159203157088,0.00512214560785251,0.12066138200784526,0.1407421230954604
075,vap_white,pre_24_rep_tru,0.8696384079684292,0.00512214560785251,0.8592578769045397,0.8793386179921547
075,vap_black,pre_24_dem_har,0.5172167296809224,0.1888291362597443,0.15824693468842552,0.8657040780242046
075,vap_black,pre_24_rep_tru,0.48278327031907775,0.1888291362597443,0.13429592197579543,0.8417530653115745
075,vap_hisp,pre_24_dem_har,0.5401296696540853,0.16807670544827094,0.2080001968596484,0.8384464617103248
075,vap_hisp,pre_24_rep_tru,0.4598703303459148,0.16807670544827097,0.16155353828967534,0.7919998031403516
075,vap_asian,pre_24_dem_har,0.49520831927464726,0.18305087422628633,0.14623735157456677,0.8340885421453568
075,vap_asian,pre_24_rep_tru,0.5047916807253527,0.18305087422628633,0.16591145785464326,0.853762648425433
075,vap_aian,pre_24_dem_har,0.4959280729546736,0.18201806461758324,0.1563208640887845,0.8404053675220204
075,vap_aian,pre_24_rep_tru,0.5040719270453264,0.18201806461758324,0.1595946324779797,0.8436791359112155
075,vap_oth_b,pre_24_dem_har,0.5451979613825202,0.17593429035121563,0.20458283637314825,0.8714517413174692
075,vap_oth_b,pre_24_rep_tru,0.45480203861747986,0.17593429035121563,0.12854825868253078,0.7954171636268513
077,vap_white,pre_24_dem_har,0.24761513230144708,0.01097817782841547,0.22704080153964615,0.2688999003284232
077,vap_white,pre_24_rep_tru,0.7523848676985528,0.01097817782841547,0.7311000996715769,0.7729591984603538
077,vap_black,pre_24_dem_har,0.5279267760470023,0.163258776458518,0.19112355709481432,0.8114747209077188
077,vap_black,pre_24_rep_tru,0.4720732239529977,0.16325877645851802,0.1885252790922812,0.8088764429051857
077,vap_hisp,pre_24_dem_har,0.5347852582536883,0.15206757449493533,0.21713583335987188,0.8177002399983204
077,vap_hisp,pre_24_rep_tru,0.46521474174631167,0.15206757449493533,0.18229976000167947,0.782864166640128
077,vap_asian,pre_24_dem_har,0.5132349886724027,0.17001258690489038,0.19856770779215127,0.816850570084233
077,vap_asian,pre_24_rep_tru,0.4867650113275972,0.17001258690489038,0.18314942991576685,0.8014322922078485
077,vap_aian,pre_24_dem_har,0.48132470972063274,0.17087768158662597,0.1680895026349218,0.8157056868269471
077,vap_aian,pre_24_rep_tru,0.5186752902793673,0.17087768158662597,0.18429431317305284,0.8319104973650779
077,vap_oth_b,pre_24_dem_har,0.5495392775986941,0.16898922365868313,0.22996271489037637,0.8467400662085468
077,vap_oth_b,pre_24_rep_tru,0.45046072240130586,0.16898922365868313,0.1532599337914531,0.7700372851096233
079,vap_white,pre_24_dem_har,0.1901574236362733,0.00639099852745722,0.17795547267559025,0.20256405668848423
079,vap_white,pre_24_rep_tru,0.8098425763637267,0.00639099852745722,0.7974359433115157,0.8220445273244097
079,vap_black,pre_24_dem_har,0.49624114191859714,0.17414156643071171,0.1737920163418157,0.8185031651247743
079,vap_black,pre_24_rep_tru,0.5037588580814027,0.17414156643071171,0.1814968348752254,0.826207983658184
079,vap_hisp,pre_24_dem_har,0.5359330932715025,0.170876405324302,0.1830991337036223,0.8328043179365573
079,vap_hisp,pre_24_rep_tru,0.4640669067284975,0.170876405324302,0.16719568206344268,0.8169008662963776
079,vap_asian,pre_24_dem_har,0.5102083899056336,0.16882482164869272,0.18667426117773472,0.8240447662336642
079,vap_asian,pre_24_rep_tru,0.48979161009436634,0.16882482164869272,0.1759552337663358,0.8133257388222652
079,vap_aian,pre_24_dem_har,0.5162278228134374,0.17754943415260616,0.1661830960806047,0.838343822452827
079,vap_aian,pre_24_rep_tru,0.4837721771865626,0.17754943415260616,0.16165617754717268,0.8338169039193952
079,vap_oth_b,pre_24_dem_har,0.5466471076333944,0.15130439259190645,0.25114942233663595,0.8131998960558456
079,vap_oth_b,pre_24_rep_tru,0.4533528923666055,0.15130439259190645,0.18680010394415428,0.7488505776633639
081,vap_white,pre_24_dem_har,0.23294621527517784,0.00976488795852894,0.21660713453801375,0.2538898634151789
081,vap_white,pre_24_rep_tru,0.7670537847248221,0.00976488795852894,0.7461101365848213,0.7833928654619863
081,vap_black,pre_24_dem_har,0.806742380135727,0.08192027336779971,0.6230637295006716,0.9313999397221112
081,vap_black,pre_24_rep_tru,0.19325761986427312,0.08192027336779971,0.0686000602778889,0.37693627049932826
081,vap_hisp,pre_24_dem_har,0.5964346464262961,0.18052220928483595,0.24489556805560375,0.911175714772962
081,vap_hisp,pre_24_rep_tru,0.4035653535737039,0.18052220928483595,0.08882428522703788,0.7551044319443961
081,vap_asian,pre_24_dem_har,0.5235527776171286,0.1693635430845782,0.20451766014534356,0.8321605662573505
081,vap_asian,pre_24_rep_tru,0.4764472223828713,0.1693635430845782,0.16783943374264942,0.7954823398546563
081,vap_aian,pre_24_dem_har,0.4960263104895783,0.16355603672073762,0.17968403811231262,0.7929091257761515
081,vap_aian,pre_24_rep_tru,0.5039736895104215,0.16355603672073762,0.2070908742238485,0.8203159618876873
081,vap_oth_b,pre_24_dem_har,0.675076303578268,0.18410171300730813,0.2780162695442206,0.93400435747583
081,vap_oth_b,pre_24_rep_tru,0.3249236964217319,0.18410171300730813,0.06599564252416995,0.7219837304557793
083,vap_white,pre_24_dem_har,0.2582352724113122,0.00515169952723207,0.2487719003035856,0.26916474977757066
083,vap_white,pre_24_rep_tru,0.7417647275886878,0.00515169952723207,0.7308352502224293,0.7512280996964144
083,vap_black,pre_24_dem_har,0.6996841349270435,0.1377145076339749,0.39199753802944537,0.9168140634969572
083,vap_black,pre_24_rep_tru,0.30031586507295643,0.1377145076339749,0.08318593650304267,0.6080024619705545
083,vap_hisp,pre_24_dem_har,0.7614151898839728,0.09584309374244136,0.5454414714690538,0.907208983559504
083,vap_hisp,pre_24_rep_tru,0.23858481011602717,0.09584309374244136,0.09279101644049612,0.45455852853094614
083,vap_asian,pre_24_dem_har,0.8155019993758481,0.1079407612306208,0.5636849970061372,0.9591906525490768
083,vap_asian,pre_24_rep_tru,0.18449800062415175,0.1079407612306208,0.04080934745092305,0.4363150029938627
083,vap_aian,pre_24_dem_har,0.48122206892470554,0.1735811072284602,0.1698392440320879,0.8036825355720503
083,vap_aian,pre_24_rep_tru,0.5187779310752945,0.1735811072284602,0.19631746442794956,0.8301607559679121
083,vap_oth_b,pre_24_dem_har,0.7254060131789484,0.10982357448516596,0.48316294318480985,0.9014895994952868
083,vap_oth_b,pre_24_rep_tru,0.27459398682105157,0.10982357448516596,0.09851040050471316,0.5168370568151901
085,vap_white,pre_24_dem_har,0.39887316166783615,0.00752348348180286,0.38491779585135966,0.41330495127279065
085,vap_white,pre_24_rep_tru,0.6011268383321638,0.00752348348180286,0.5866950487272093,0.6150822041486402
085,vap_black,pre_24_dem_har,0.8871163099205335,0.04187881774925618,0.7885428557160397,0.9475796081924104
085,vap_black,pre_24_rep_tru,0.11288369007946655,0.04187881774925618,0.05242039180758948,0.21145714428396023
085,vap_hisp,pre_24_dem_har,0.6389384725344144,0.09094027223225788,0.4504155511193015,0.8058905059891696
085,vap_hisp,pre_24_rep_tru,0.3610615274655857,0.09094027223225788,0.19410949401083036,0.5495844488806986
085,vap_asian,pre_24_dem_har,0.711524804183171,0.1196503949712336,0.4280759185678544,0.8928698929545817
085,vap_asian,pre_24_rep_tru,0.2884751958168289,0.1196503949712336,0.10713010704541814,0.5719240814321453
085,vap_aian,pre_24_dem_har,0.4981880029724941,0.1749627116693839,0.21331277216145195,0.8328420535050192
085,vap_aian,pre_24_rep_tru,0.501811997027506,0.1749627116693839,0.16715794649498092,0.786687227838548
085,vap_oth_b,pre_24_dem_har,0.5184765793117544,0.17601465398904811,0.1954573943479932,0.8345435580781491
085,vap_oth_b,pre_24_rep_tru,0.4815234206882455,0.17601465398904811,0.16545644192185083,0.8045426056520066
087,vap_white,pre_24_dem_har,0.23165068833693955,0.00697434054129217,0.21865595461188983,0.24604184316845265
087,vap_white,pre_24_rep_tru,0.7683493116630605,0.00697434054129217,0.7539581568315473,0.7813440453881103
087,vap_black,pre_24_dem_har,0.7325384358258515,0.1377402515990113,0.394515239628019,0.9234794986414722
087,vap_black,pre_24_rep_tru,0.26746156417414846,0.1377402515990113,0.07652050135852795,0.6054847603719811
087,vap_hisp,pre_24_dem_har,0.54390994937584,0.15053981119866788,0.24718848548117903,0.8246482331117895
087,vap_hisp,pre_24_rep_tru,0.45609005062416,0.15053981119866788,0.17535176688821058,0.7528115145188209
087,vap_asian,pre_24_dem_har,0.5311221407116625,0.15696690581154685,0.22891733633118144,0.8088847887884297
087,vap_asian,pre_24_rep_tru,0.46887785928833736,0.15696690581154685,0.19111521121157016,0.7710826636688184
087,vap_aian,pre_24_dem_har,0.48150898011759985,0.15589218896138488,0.1870251275200882,0.7811745217936227
087,vap_aian,pre_24_rep_tru,0.5184910198824001,0.15589218896138488,0.21882547820637732,0.8129748724799116
087,vap_oth_b,pre_24_dem_har,0.6150395213372346,0.15243498587957643,0.312020365484044,0.8737606924877069
087,vap_oth_b,pre_24_rep_tru,0.3849604786627654,0.15243498587957643,0.126239307512293,0.6879796345159559
089,vap_white,pre_24_dem_har,0.2939897007362855,0.00704037692378308,0.28163235621684707,0.3106624812473571
089,vap_white,pre_24_rep_tru,0.7060102992637145,0.00704037692378308,0.6893375187526428,0.7183676437831529
089,vap_black,pre_24_dem_har,0.8439831980640261,0.06247686296906407,0.700007569281106,0.9367849491004222
089,vap_black,pre_24_rep_tru,0.15601680193597384,0.06247686296906407,0.06321505089957784,0.29999243071889387
089,vap_hisp,pre_24_dem_har,0.6681260983215265,0.1347121723309588,0.3837366874969681,0.8882986668440378
089,vap_hisp,pre_24_rep_tru,0.3318739016784735,0.1347121723309588,0.1117013331559624,0.6162633125030319
089,vap_asian,pre_24_dem_har,0.7922294981556958,0.08079449479294651,0.602318951075816,0.9175494969945838
089,vap_asian,pre_24_rep_tru,0.20777050184430423,0.08079449479294651,0.08245050300541625,0.397681048924184
089,vap_aian,pre_24_dem_har,0.4753628045647552,0.16133804025975057,0.1836090693891179,0.775059999198422
089,vap_aian,pre_24_rep_tru,0.5246371954352447,0.16133804025975057,0.22494000080157792,0.8163909306108817
089,vap_oth_b,pre_24_dem_har,0.6814789211064046,0.13596148570692335,0.3802800286324551,0.8990680584868614
089,vap_oth_b,pre_24_rep_tru,0.3185210788935954,0.13596148570692335,0.10093194151313845,0.6197199713675448
091,vap_white,pre_24_dem_har,0.18580534954301925,0.00889878886161418,0.16915949047294657,0.20344356063488792
091,vap_white,pre_24_rep_tru,0.8141946504569807,0.00889878886161418,0.7965564393651121,0.8308405095270534
091,vap_black,pre_24_dem_har,0.5728768990903994,0.16924498571171806,0.2349328035210102,0.8729048675906735
091,vap_black,pre_24_rep_tru,0.42712310090960054,0.16924498571171806,0.12709513240932652,0.7650671964789897
091,vap_hisp,pre_24_dem_har,0.5451972952672837,0.1709223267861216,0.20042351548796108,0.8456111329011712
091,vap_hisp,pre_24_rep_tru,0.4548027047327164,0.1709223267861216,0.1543888670988289,0.799576484512039
091,vap_asian,pre_24_dem_har,0.49635113216297266,0.16914249533561995,0.16795493446763882,0.8103059557902598
091,vap_asian,pre_24_rep_tru,0.5036488678370273,0.16914249533561995,0.18969404420973987,0.8320450655323612
091,vap_aian,pre_24_dem_har,0.4932287444144398,0.17724424533796013,0.1704001464397129,0.8301986585019904
091,vap_aian,pre_24_rep_tru,0.5067712555855601,0.17724424533796013,0.16980134149800963,0.8295998535602872
091,vap_oth_b,pre_24_dem_har,0.5623515747754332,0.17250664559157544,0.22005274348704712,0.8503637844526462
091,vap_oth_b,pre_24_rep_tru,0.4376484252245668,0.17250664559157544,0.14963621554735393,0.7799472565129527
093,vap_white,pre_24_dem_har,0.41238710386097777,0.00664281195355492,0.39964183818531457,0.42642047906415254
093,vap_white,pre_24_rep_tru,0.5876128961390222,0.00664281195355492,0.5735795209358475,0.6003581618146855
093,vap_black,pre_24_dem_har,0.862110273563216,0.04092849241735505,0.7682529142740413,0.9271142027976408
093,vap_black,pre_24_rep_tru,0.13788972643678393,0.04092849241735505,0.072885797202359,0.23174708572595865
093,vap_hisp,pre_24_dem_har,0.7299614807841347,0.0499591043865043,0.6296636452325554,0.8241442467377782
093,vap_hisp,pre_24_rep_tru,0.27003851921586536,0.0499591043865043,0.17585575326222172,0.37033635476744464
093,vap_asian,pre_24_dem_har,0.7750831416806957,0.08411806997238877,0.578936629746206,0.905509541910998
093,vap_asian,pre_24_rep_tru,0.22491685831930425,0.08411806997238877,0.094490458089002,0.4210633702537939
093,vap_aian,pre_24_dem_har,0.5545399945201273,0.16631453070678337,0.2538381687191545,0.8624037720815307
093,vap_aian,pre_24_rep_tru,0.4454600054798728,0.16631453070678337,0.13759622791846932,0.7461618312808453
093,vap_oth_b,pre_24_dem_har,0.7800735359442984,0.08857007844763996,0.5672572171841507,0.9113976849535528
093,vap_oth_b,pre_24_rep_tru,0.21992646405570165,0.08857007844763996,0.08860231504644701,0.43274278281584927
095,vap_white,pre_24_dem_har,0.4507217825323668,0.00533660742340041,0.4414497786805078,0.4630503665347346
095,vap_white,pre_24_rep_tru,0.5492782174676332,0.00533660742340041,0.5369496334652654,0.5585502213194923
095,vap_black,pre_24_dem_har,0.9704059029403088,0.00495563401718328,0.9599116771051016,0.9792358487889672
095,vap_black,pre_24_rep_tru,0.02959409705969118,0.00495563401718328,0.02076415121103292,0.04008832289489843
095,vap_hisp,pre_24_dem_har,0.8327996183913106,0.04834907443902418,0.7125139930182758,0.9080954434669246
095,vap_hisp,pre_24_rep_tru,0.16720038160868952,0.04834907443902418,0.0919045565330754,0.2874860069817244
095,vap_asian,pre_24_dem_har,0.8147961952036371,0.07504050123162077,0.6301752563919304,0.9257645009186176
095,vap_asian,pre_24_rep_tru,0.1852038047963629,0.07504050123162077,0.07423549908138243,0.3698247436080694
095,vap_aian,pre_24_dem_har,0.6431144963318672,0.119906728053392,0.408067678537716,0.8552404652947291
095,vap_aian,pre_24_rep_tru,0.3568855036681328,0.119906728053392,0.14475953470527098,0.591932321462284
095,vap_oth_b,pre_24_dem_har,0.8476347780966377,0.05639545151092702,0.7081589930933936,0.9272090057100116
095,vap_oth_b,pre_24_rep_tru,0.1523652219033623,0.05639545151092702,0.07279099428998813,0.29184100690660636
097,vap_white,pre_24_dem_har,0.2515330083074689,0.01038654000779244,0.23206611481452968,0.27238731359882234
097,vap_white,pre_24_rep_tru,0.7484669916925312,0.01038654000779244,0.7276126864011777,0.7679338851854703
097,vap_black,pre_24_dem_har,0.4044370669763363,0.1368132259894891,0.1317551721444209,0.6556450722979368
097,vap_black,pre_24_rep_tru,0.5955629330236636,0.1368132259894891,0.34435492770206294,0.8682448278555789
097,vap_hisp,pre_24_dem_har,0.5287420281891146,0.16878393290846075,0.1993982445404995,0.8440523096899989
097,vap_hisp,pre_24_rep_tru,0.4712579718108853,0.16878393290846075,0.15594769031000097,0.8006017554595004
097,vap_asian,pre_24_dem_har,0.5405233426448921,0.18103642285787205,0.186570681644742,0.8773304349484613
097,vap_asian,pre_24_rep_tru,0.459476657355108,0.18103642285787205,0.1226695650515389,0.813429318355258
097,vap_aian,pre_24_dem_har,0.5066789369660201,0.18367401530870403,0.16265150783527613,0.847891094992499
097,vap_aian,pre_24_rep_tru,0.4933210630339801,0.18367401530870403,0.15210890500750085,0.837348492164724
097,vap_oth_b,pre_24_dem_har,0.5088981557482297,0.1799362508255812,0.14767315827270597,0.8306082499880248
097,vap_oth_b,pre_24_rep_tru,0.4911018442517702,0.1799362508255812,0.1693917500119751,0.852326841727294
099,vap_white,pre_24_dem_har,0.362691334911876,0.0046965191767413,0.3541238350357638,0.3730933485679872
099,vap_white,pre_24_rep_tru,0.6373086650881239,0.0046965191767413,0.6269066514320126,0.6458761649642363
099,vap_black,pre_24_dem_har,0.9622690821699283,0.00821503916978338,0.9448364803436072,0.976750528005112
099,vap_black,pre_24_rep_tru,0.03773091783007166,0.00821503916978338,0.02324947199488788,0.05516351965639299
099,vap_hisp,pre_24_dem_har,0.8547920714982381,0.04291968180459882,0.75104327168494,0.9206702343748396
099,vap_hisp,pre_24_rep_tru,0.1452079285017619,0.04291968180459882,0.07932976562516043,0.2489567283150599
099,vap_asian,pre_24_dem_har,0.5917944297589284,0.1425312224365374,0.27881231302179776,0.8300233402191294
099,vap_asian,pre_24_rep_tru,0.4082055702410716,0.1425312224365374,0.16997665978087045,0.7211876869782021
099,vap_aian,pre_24_dem_har,0.5282320953832016,0.15318927443333685,0.19829648340039968,0.7891004725355283
099,vap_aian,pre_24_rep_tru,0.4717679046167983,0.15318927443333685,0.21089952746447163,0.8017035165996002
099,vap_oth_b,pre_24_dem_har,0.6951667659010881,0.11120556933024024,0.42779408832847365,0.8743049765142639
099,vap_oth_b,pre_24_rep_tru,0.304833234098912,0.11120556933024024,0.12569502348573616,0.5722059116715259
101,vap_white,pre_24_dem_har,0.2681517985428649,0.00911855748781405,0.25101390390969663,0.2869295229656507
101,vap_white,pre_24_rep_tru,0.7318482014571351,0.00911855748781405,0.7130704770343494,0.7489860960903034
101,vap_black,pre_24_dem_har,0.6398767956251689,0.13515547094670732,0.35269750278098544,0.8877506422357719
101,vap_black,pre_24_rep_tru,0.3601232043748311,0.13515547094670732,0.11224935776422804,0.64730249721901445
101,vap_hisp,pre_24_dem_har,0.554163324550247,0.16847997235737022,0.21441119913992995,0.8521537495843168
101,vap_hisp,pre_24_rep_tru,0.44583667544975303,0.16847997235737022,0.14784625041568306,0.78558880086007
101,vap_asian,pre_24_dem_har,0.542049015097452,0.16039766316935175,0.2416370676965119,0.8463746857525932
101,vap_asian,pre_24_rep_tru,0.4579509849025481,0.16039766316935175,0.15362531424740697,0.758362932303488
101,vap_aian,pre_24_dem_har,0.5168513741490642,0.17408657944851927,0.17691423723040525,0.8362388332392077
101,vap_aian,pre_24_rep_tru,0.4831486258509357,0.17408657944851927,0.1637611667607921,0.8230857627695947
101,vap_oth_b,pre_24_dem_har,0.5465141782984815,0.15385050409944298,0.2223337507475684,0.8185214049901868
101,vap_oth_b,pre_24_rep_tru,0.4534858217015185,0.15385050409944298,0.1814785950098133,0.7776662492524316
103,vap_white,pre_24_dem_har,0.35879159679556455,0.00630536569281402,0.3480905432413571,0.37257723765818657
103,vap_white,pre_24_rep_tru,0.6412084032044355,0.00630536569281402,0.6274227623418135,0.651909456758643
103,vap_black,pre_24_dem_har,0.6279159831798332,0.14715427662247416,0.3111938040257666,0.8779441786151447
103,vap_black,pre_24_rep_tru,0.3720840168201668,0.14715427662247416,0.12205582138485528,0.6888061959742333
103,vap_hisp,pre_24_dem_har,0.5816560054104623,0.1425745253600904,0.27122191416162567,0.8164078902397441
103,vap_hisp,pre_24_rep_tru,0.41834399458953775,0.1425745253600904,0.18359210976025572,0.7287780858383743
103,vap_asian,pre_24_dem_har,0.583118440082896,0.15635718684539263,0.22669747081459288,0.8575036756138975
103,vap_asian,pre_24_rep_tru,0.4168815599171039,0.15635718684539263,0.14249632438610252,0.7733025291854068
103,vap_aian,pre_24_dem_har,0.5127764118142434,0.15530720262444098,0.22022699300704843,0.8052970058254187
103,vap_aian,pre_24_rep_tru,0.4872235881857567,0.15530720262444098,0.19470299417458128,0.7797730069929516
103,vap_oth_b,pre_24_dem_har,0.5671732605053179,0.16053499473137575,0.19741139695270143,0.8357259832273236
103,vap_oth_b,pre_24_rep_tru,0.432826739494682,0.16053499473137575,0.1642740167726764,0.8025886030472984
105,vap_white,pre_24_dem_har,0.2053078720816437,0.00697469385294292,0.19189252501120976,0.21890607591470376
105,vap_white,pre_24_rep_tru,0.7946921279183563,0.00697469385294292,0.7810939240852963,0.8081074749887903
105,vap_black,pre_24_dem_har,0.5088027623717694,0.1797246391693135,0.1723672934907353,0.8543796002017526
105,vap_black,pre_24_rep_tru,0.49119723762823064,0.1797246391693135,0.14562039979824729,0.8276327065092646
105,vap_hisp,pre_24_dem_har,0.5270536024079652,0.17712886583384876,0.17356669573972577,0.8469698376862397
105,vap_hisp,pre_24_rep_tru,0.4729463975920348,0.17712886583384876,0.1530301623137603,0.8264333042602738
105,vap_asian,pre_24_dem_har,0.4977619384388769,0.1776289813709918,0.153571641256891,0.8263005103169951
105,vap_asian,pre_24_rep_tru,0.5022380615611232,0.1776289813709918,0.1736994896830048,0.8464283587431091
105,vap_aian,pre_24_dem_har,0.5042997868700035,0.17962498668273594,0.17407537611192633,0.8481540912240983
105,vap_aian,pre_24_rep_tru,0.4957002131299964,0.17962498668273594,0.1518459087759016,0.8259246238880735
105,vap_oth_b,pre_24_dem_har,0.5320070751046596,0.1651260887648114,0.22071686133960736,0.8298673693683107
105,vap_oth_b,pre_24_rep_tru,0.4679929248953404,0.1651260887648114,0.17013263063168912,0.7792831386603926
107,vap_white,pre_24_dem_har,0.14460611146771263,0.00573512264437988,0.13396087621125383,0.15643724518083346
107,vap_white,pre_24_rep_tru,0.8553938885322873,0.00573512264437988,0.8435627548191664,0.8660391237887461
107,vap_black,pre_24_dem_har,0.5321352004506907,0.17267034571770032,0.1999617463087433,0.8421292549528291
107,vap_black,pre_24_rep_tru,0.4678647995493092,0.17267034571770032,0.15787074504717075,0.8000382536912566
107,vap_hisp,pre_24_dem_har,0.5677991117824482,0.16752503802295496,0.22718427976414932,0.871537467926788
107,vap_hisp,pre_24_rep_tru,0.43220088821755176,0.16752503802295496,0.1284625320732118,0.7728157202358507
107,vap_asian,pre_24_dem_har,0.5218286293038967,0.17561706911464772,0.18218501617496569,0.8476150422056009
107,vap_asian,pre_24_rep_tru,0.47817137069610327,0.17561706911464772,0.15238495779439906,0.8178149838250344
107,vap_aian,pre_24_dem_har,0.5006080345514666,0.17772222598964232,0.17491118391169094,0.8392385178507032
107,vap_aian,pre_24_rep_tru,0.4993919654485334,0.17772222598964232,0.16076148214929672,0.8250888160883091
107,vap_oth_b,pre_24_dem_har,0.596011739259125,0.1612408291329226,0.2512549732794059,0.8748271736059579
107,vap_oth_b,pre_24_rep_tru,0.4039882607408751,0.1612408291329226,0.12517282639404212,0.7487450267205941
109,vap_white,pre_24_dem_har,0.23708554519576164,0.00710616072193499,0.22451262120964072,0.25223239846627254
109,vap_white,pre_24_rep_tru,0.7629144548042385,0.00710616072193499,0.7477676015337275,0.7754873787903593
109,vap_black,pre_24_dem_har,0.6810580070889574,0.13525516680496039,0.34674155783304234,0.8880045302423324
109,vap_black,pre_24_rep_tru,0.31894199291104264,0.13525516680496039,0.11199546975766764,0.6532584421669575
109,vap_hisp,pre_24_dem_har,0.610187280148743,0.1558801312373097,0.2810989177234744,0.862097873639998
109,vap_hisp,pre_24_rep_tru,0.389812719851257,0.1558801312373097,0.13790212636000196,0.7189010822765255
109,vap_asian,pre_24_dem_har,0.5865546187887534,0.1478050473456972,0.27922645995536965,0.8324306704568533
109,vap_asian,pre_24_rep_tru,0.4134453812112466,0.1478050473456972,0.1675693295431467,0.7207735400446303
109,vap_aian,pre_24_dem_har,0.4992583971137531,0.15960474090244717,0.19185118847298957,0.799071351127682
109,vap_aian,pre_24_rep_tru,0.5007416028862469,0.15960474090244717,0.20092864887231796,0.8081488115270103
109,vap_oth_b,pre_24_dem_har,0.6520166673388611,0.15183897748024863,0.2745917435050864,0.8683160538954422
109,vap_oth_b,pre_24_rep_tru,0.3479833326611388,0.15183897748024863,0.13168394610455755,0.7254082564949131
111,vap_white,pre_24_dem_har,0.18103167148057828,0.00670174212261015,0.16806005235502616,0.19412482943245363
111,vap_white,pre_24_rep_tru,0.8189683285194217,0.00670174212261015,0.8058751705675463,0.8319399476449737
111,vap_black,pre_24_dem_har,0.5123026754514766,0.18345233242855435,0.16304751913011284,0.8638299079444973
111,vap_black,pre_24_rep_tru,0.4876973245485233,0.18345233242855435,0.13617009205550262,0.8369524808698872
111,vap_hisp,pre_24_dem_har,0.4983140077613785,0.18757704795137983,0.12909947914951023,0.8446781842062684
111,vap_hisp,pre_24_rep_tru,0.5016859922386214,0.18757704795137983,0.15532181579373108,0.8709005208504897
111,vap_asian,pre_24_dem_har,0.49654672383969584,0.1913764626802827,0.13934914270515497,0.8524233307122986
111,vap_asian,pre_24_rep_tru,0.5034532761603041,0.1913764626802827,0.1475766692877014,0.8606508572948447
111,vap_aian,pre_24_dem_har,0.4991260648499158,0.19248029653428173,0.14143302286718107,0.8620907888925402
111,vap_aian,pre_24_rep_tru,0.5008739351500844,0.19248029653428173,0.1379092111074598,0.8585669771328189
111,vap_oth_b,pre_24_dem_har,0.4908944574179952,0.17481462281762855,0.17256627584856535,0.83498579141924
111,vap_oth_b,pre_24_rep_tru,0.5091055425820048,0.17481462281762855,0.1650142085807599,0.8274337241514346
113,vap_white,pre_24_dem_har,0.36324857294031104,0.00533153440676584,0.353395771449621,0.37435216595780946
113,vap_white,pre_24_rep_tru,0.6367514270596889,0.00533153440676584,0.6256478340421905,0.6466042285503789
113,vap_black,pre_24_dem_har,0.9713279228713556,0.00393368701605784,0.963138377294372,0.9784491292527088
113,vap_black,pre_24_rep_tru,0.02867207712864459,0.00393368701605784,0.02155087074729137,0.03686162270562809
113,vap_hisp,pre_24_dem_har,0.7924724557788648,0.0706833049553621,0.6218438872427652,0.9108803260759342
113,vap_hisp,pre_24_rep_tru,0.20752754422113528,0.0706833049553621,0.08911967392406586,0.3781561127572348
113,vap_asian,pre_24_dem_har,0.7209985439659827,0.09316432195675033,0.5144288630553077,0.885882996724177
113,vap_asian,pre_24_rep_tru,0.27900145603401727,0.09316432195675033,0.1141170032758228,0.4855711369446923
113,vap_aian,pre_24_dem_har,0.5696591477713764,0.16044345862171142,0.23211733017955127,0.8439665027595101
113,vap_aian,pre_24_rep_tru,0.4303408522286236,0.16044345862171142,0.15603349724049004,0.7678826698204485
113,vap_oth_b,pre_24_dem_har,0.7334955043339788,0.07077089847460138,0.5824413253421852,0.8511712677771507
113,vap_oth_b,pre_24_rep_tru,0.2665044956660212,0.07077089847460138,0.14882873222284926,0.4175586746578147
115,vap_white,pre_24_dem_har,0.2047043790686132,0.01220803448860018,0.1813752072333706,0.22875547525275963
115,vap_white,pre_24_rep_tru,0.7952956209313867,0.01220803448860018,0.7712445247472403,0.8186247927666293
115,vap_black,pre_24_dem_har,0.5372253658727534,0.20065788167688065,0.16785827782793275,0.8943029343140079
115,vap_black,pre_24_rep_tru,0.46277463412724673,0.20065788167688065,0.10569706568599216,0.83214172217206706
115,vap_hisp,pre_24_dem_har,0.5083007443480263,0.18488208901610795,0.1640744558202124,0.8678964264882425
115,vap_hisp,pre_24_rep_tru,0.49169925565197375,0.18488208901610795,0.13210357351175758,0.8359255441797876
115,vap_asian,pre_24_dem_har,0.5005578113010042,0.1844769262355792,0.15068955842474774,0.8432734274762097
115,vap_asian,pre_24_rep_tru,0.4994421886989958,0.1844769262355792,0.15672657252379024,0.8493104415752523
115,vap_aian,pre_24_dem_har,0.5002034507723675,0.19135100594226304,0.14243533210135031,0.862293384199261
115,vap_aian,pre_24_rep_tru,0.4997965492276325,0.19135100594226304,0.13770661580073887,0.8575646678986495
115,vap_oth_b,pre_24_dem_har,0.5420138542014931,0.18318151689537132,0.16213138981923056,0.8629355231860133
115,vap_oth_b,pre_24_rep_tru,0.45798614579850694,0.18318151689537132,0.13706447681398673,0.8378686101807695
117,vap_white,pre_24_dem_har,0.20378566612017257,0.00716335690932211,0.19031541136808852,0.21763685249917616
117,vap_white,pre_24_rep_tru,0.7962143338798274,0.00716335690932211,0.7823631475008239,0.8096845886319115
117,vap_black,pre_24_dem_har,0.510281067880426,0.169389956207109,0.17590250439736474,0.8236828034129937
117,vap_black,pre_24_rep_tru,0.4897189321195739,0.169389956207109,0.1763171965870063,0.8240974956026351
117,vap_hisp,pre_24_dem_har,0.512693383348444,0.17397454707487622,0.18361864726466315,0.8322818767363455
117,vap_hisp,pre_24_rep_tru,0.48730661665155595,0.17397454707487622,0.16771812326365443,0.8163813527353367
117,vap_asian,pre_24_dem_har,0.497542971462805,0.16693882521747272,0.1934020111096667,0.8096011884299261
117,vap_asian,pre_24_rep_tru,0.502457028537195,0.16693882521747272,0.19039881157007393,0.8065979888903332
117,vap_aian,pre_24_dem_har,0.5068501046006935,0.1701296402021325,0.19086322205483872,0.8303017712081296
117,vap_aian,pre_24_rep_tru,0.4931498953993064,0.1701296402021325,0.1696982287918702,0.8091367779451611
117,vap_oth_b,pre_24_dem_har,0.5514451564661809,0.1691100384386847,0.2133851317124449,0.8371016524143846
117,vap_oth_b,pre_24_rep_tru,0.4485548435338191,0.1691100384386847,0.1628983475856152,0.7866148682875551
119,vap_white,pre_24_dem_har,0.23735633066206577,0.00756328587432423,0.22395185960141056,0.253942833699157
119,vap_white,pre_24_rep_tru,0.7626436693379341,0.00756328587432423,0.7460571663008428,0.7760481403985894
119,vap_black,pre_24_dem_har,0.7819591138047087,0.0923687228691436,0.5665880206085355,0.9190948157437664
119,vap_black,pre_24_rep_tru,0.2180408861952912,0.0923687228691436,0.08090518425623339,0.4334119793914646
119,vap_hisp,pre_24_dem_har,0.519739688299745,0.15988688695630113,0.20222413807550677,0.8194535293465552
119,vap_hisp,pre_24_rep_tru,0.48026031170025496,0.15988688695630113,0.1805464706534447,0.7977758619244932
119,vap_asian,pre_24_dem_har,0.5178651880393531,0.1701713575745559,0.16892107591953448,0.8283586042355385
119,vap_asian,pre_24_rep_tru,0.4821348119606468,0.1701713575745559,0.17164139576446125,0.8310789240804652
119,vap_aian,pre_24_dem_har,0.5311842965919371,0.16913482139973565,0.19129385263584855,0.8483866521334773
119,vap_aian,pre_24_rep_tru,0.4688157034080629,0.16913482139973565,0.1516133478665226,0.8087061473641515
119,vap_oth_b,pre_24_dem_har,0.6185645745600843,0.14815225305089227,0.29830785185228054,0.865592213819501
119,vap_oth_b,pre_24_rep_tru,0.38143542543991577,0.14815225305089227,0.13440778618049895,0.7016921481477194
121,vap_white,pre_24_dem_har,0.1549980993364799,0.00747241788400023,0.14049625074968972,0.16965977177365998
121,vap_white,pre_24_rep_tru,0.8450019006635201,0.00747241788400023,0.83034022822634,0.8595037492503104
121,vap_black,pre_24_dem_har,0.46863082780715903,0.2301239065566188,0.04134670789514317,0.8723720799298927
121,vap_black,pre_24_rep_tru,0.531369172192841,0.2301239065566188,0.12762792007010715,0.9586532921048568
121,vap_hisp,pre_24_dem_har,0.5096098034026277,0.1826052774531736,0.1631170049455593,0.8473938753843157
121,vap_hisp,pre_24_rep_tru,0.49039019659737226,0.1826052774531736,0.1526061246156844,0.8368829950544406
121,vap_asian,pre_24_dem_har,0.4980734087235903,0.19802198350188369,0.12865988312801516,0.8629593819431409
121,vap_asian,pre_24_rep_tru,0.5019265912764096,0.19802198350188369,0.137040618056859,0.8713401168719844
121,vap_aian,pre_24_dem_har,0.48706053983575287,0.1836177255828021,0.15107103904755328,0.8487629125037396
121,vap_aian,pre_24_rep_tru,0.5129394601642472,0.1836177255828021,0.15123708749626025,0.8489289609524466
121,vap_oth_b,pre_24_dem_har,0.5410333527022396,0.17131644555963563,0.20352063170221743,0.856719838647879
121,vap_oth_b,pre_24_rep_tru,0.4589666472977604,0.17131644555963563,0.14328016135212107,0.7964793682977825
123,vap_white,pre_24_dem_har,0.3618808293360128,0.00916553243591972,0.3445733186279883,0.38032719478250687
123,vap_white,pre_24_rep_tru,0.6381191706639872,0.00916553243591972,0.6196728052174931,0.6554266813720118
123,vap_black,pre_24_dem_har,0.5281033680852183,0.16646414192254863,0.20889537477690176,0.8267200585748552
123,vap_black,pre_24_rep_tru,0.4718966319147817,0.16646414192254863,0.17327994142514477,0.7911046252230982
123,vap_hisp,pre_24_dem_har,0.5108968008235095,0.16514984880177402,0.16537739212635727,0.8080823500010222
123,vap_hisp,pre_24_rep_tru,0.48910319917649053,0.16514984880177402,0.19191764999897776,0.8346226078736427
123,vap_asian,pre_24_dem_har,0.5181297498211019,0.1720056506860769,0.1918886487554532,0.8550668886342161
123,vap_asian,pre_24_rep_tru,0.4818702501788981,0.1720056506860769,0.14493311136578388,0.8081113512445467
123,vap_aian,pre_24_dem_har,0.5213755848506493,0.17498377525781855,0.19007098025121927,0.8486908355637378
123,vap_aian,pre_24_rep_tru,0.4786244151493508,0.17498377525781855,0.1513091644362622,0.8099290197487807
123,vap_oth_b,pre_24_dem_har,0.5341359352978983,0.17061866338636822,0.20842196032627483,0.8632463868001738
123,vap_oth_b,pre_24_rep_tru,0.4658640647021018,0.17061866338636822,0.13675361319982618,0.7915780396737251
125,vap_white,pre_24_dem_har,0.18345013695046763,0.01107815096062168,0.1623913203015471,0.20548890948020515
125,vap_white,pre_24_rep_tru,0.8165498630495324,0.01107815096062168,0.7945110905197948,0.837608679698453
125,vap_black,pre_24_dem_har,0.5131594282377218,0.1698936538942456,0.19031750112938817,0.8258435719085004
125,vap_black,pre_24_rep_tru,0.48684057176227824,0.1698936538942456,0.17415642809149937,0.8096824988706118
125,vap_hisp,pre_24_dem_har,0.5534146764917826,0.17728899336519555,0.186403049881562,0.8691436258266074
125,vap_hisp,pre_24_rep_tru,0.4465853235082176,0.17728899336519555,0.13085637417339227,0.8135969501184378
125,vap_asian,pre_24_dem_har,0.5044242521024672,0.19184669071771476,0.14331526729609723,0.8598216663246682
125,vap_asian,pre_24_rep_tru,0.4955757478975328,0.19184669071771476,0.14017833367533172,0.8566847327039027
125,vap_aian,pre_24_dem_har,0.5014411387426665,0.17998779341526844,0.17011322711798854,0.8369257261277689
125,vap_aian,pre_24_rep_tru,0.4985588612573336,0.17998779341526844,0.16307427387223108,0.8298867728820114
125,vap_oth_b,pre_24_dem_har,0.5272227839235274,0.179093194264221,0.18608856581722208,0.8513215448910788
125,vap_oth_b,pre_24_rep_tru,0.4727772160764726,0.179093194264221,0.14867845510892105,0.813911434182778
127,vap_white,pre_24_dem_har,0.20835999277177647,0.00755358787976144,0.1957643402827268,0.2241099156843893
127,vap_white,pre_24_rep_tru,0.7916400072282236,0.00755358787976144,0.7758900843156107,0.8042356597172732
127,vap_black,pre_24_dem_har,0.5050198476244675,0.16986475346409058,0.176525691574181,0.819661675409951
127,vap_black,pre_24_rep_tru,0.4949801523755325,0.16986475346409058,0.1803383245900488,0.823474308425819
127,vap_hisp,pre_24_dem_har,0.5211642401373313,0.16373266338871473,0.20710702527399,0.8244025730680007
127,vap_hisp,pre_24_rep_tru,0.47883575986266863,0.16373266338871473,0.1755974269319992,0.7928929747260098
127,vap_asian,pre_24_dem_har,0.49672236317824464,0.1807724598152508,0.16018217487130693,0.8412664044577558
127,vap_asian,pre_24_rep_tru,0.5032776368217554,0.1807724598152508,0.15873359554224406,0.8398178251286929
127,vap_aian,pre_24_dem_har,0.4893047051043832,0.16897768333213475,0.17333398142781475,0.8083526086439553
127,vap_aian,pre_24_rep_tru,0.5106952948956168,0.16897768333213475,0.19164739135604475,0.8266660185721852
127,vap_oth_b,pre_24_dem_har,0.6999280652417506,0.18795361315576883,0.2954499773112803,0.9455784528413989
127,vap_oth_b,pre_24_rep_tru,0.3000719347582495,0.18795361315576883,0.05442154715860125,0.7045500226887197
129,vap_white,pre_24_dem_har,0.23209927148307485,0.0087834545129308,0.21657602075021548,0.25019055707725996
129,vap_white,pre_24_rep_tru,0.7679007285169251,0.00878345451293079,0.74980944292274,0.7834239792497845
129,vap_black,pre_24_dem_har,0.47362068663507967,0.13434634837292972,0.20209299694278224,0.7175431390858098
129,vap_black,pre_24_rep_tru,0.5263793133649204,0.13434634837292972,0.2824568609141902,0.7979070030572176
129,vap_hisp,pre_24_dem_har,0.5136421267955759,0.15724633166362129,0.20920821462645017,0.8025360593958989
129,vap_hisp,pre_24_rep_tru,0.486357873204424,0.15724633166362129,0.19746394060410097,0.7907917853735499
129,vap_asian,pre_24_dem_har,0.4993036562606571,0.1694764058682582,0.18059067706202409,0.835178264418172
129,vap_asian,pre_24_rep_tru,0.5006963437393428,0.1694764058682582,0.16482173558182797,0.8194093229379757
129,vap_aian,pre_24_dem_har,0.5093306371330801,0.159810626419819,0.20903064383800227,0.8109002406542949
129,vap_aian,pre_24_rep_tru,0.49066936286692,0.159810626419819,0.18909975934570503,0.7909693561619978
129,vap_oth_b,pre_24_dem_har,0.5842391692386438,0.17754639937682323,0.2085910266671568,0.8771188945405359
129,vap_oth_b,pre_24_rep_tru,0.4157608307613561,0.17754639937682323,0.12288110545946412,0.791408973332843
131,vap_white,pre_24_dem_har,0.21723679514258015,0.0078735876645831,0.2027253449547415,0.23277132504215475
131,vap_white,pre_24_rep_tru,0.7827632048574199,0.0078735876645831,0.7672286749578453,0.7972746550452585
131,vap_black,pre_24_dem_har,0.513605976732828,0.18139970269442504,0.17647650647624716,0.8520162517598887
131,vap_black,pre_24_rep_tru,0.48639402326717207,0.18139970269442504,0.14798374824011132,0.8235234935237528
131,vap_hisp,pre_24_dem_har,0.5181266511634915,0.16774841035410046,0.19297086253520437,0.8249760242939984
131,vap_hisp,pre_24_rep_tru,0.48187334883650845,0.16774841035410046,0.17502397570600148,0.8070291374647957
131,vap_asian,pre_24_dem_har,0.4933317566140802,0.18140659475380488,0.16497268644462798,0.8427599691636685
131,vap_asian,pre_24_rep_tru,0.5066682433859198,0.18140659475380488,0.1572400308363314,0.8350273135553719
131,vap_aian,pre_24_dem_har,0.5147205439474271,0.1792009664110521,0.1741520920825999,0.8479865049996382
131,vap_aian,pre_24_rep_tru,0.48527945605257294,0.1792009664110521,0.15201349500036124,0.8258479079174
131,vap_oth_b,pre_24_dem_har,0.5269482908516326,0.17644364286554265,0.1679953476759667,0.8379061409283287
131,vap_oth_b,pre_24_rep_tru,0.4730517091483674,0.17644364286554265,0.1620938590716713,0.8320046523240332
133,vap_white,pre_24_dem_har,0.3954120874035167,0.00704629085687577,0.38216029502169285,0.40978661066715755
133,vap_white,pre_24_rep_tru,0.6045879125964834,0.00704629085687577,0.5902133893328424,0.6178397049783071
133,vap_black,pre_24_dem_har,0.8297199917344477,0.06843283210343787,0.6638488502618554,0.9320782483514494
133,vap_black,pre_24_rep_tru,0.17028000826555229,0.06843283210343787,0.0679217516485506,0.3361511497381445
133,vap_hisp,pre_24_dem_har,0.6824780643834256,0.13426744868578336,0.3833775445154073,0.8970090656194359
133,vap_hisp,pre_24_rep_tru,0.3175219356165744,0.13426744868578336,0.10299093438056402,0.6166224554845925
133,vap_asian,pre_24_dem_har,0.7825434963187511,0.09450763143083211,0.5499802599394152,0.9179454873381598
133,vap_asian,pre_24_rep_tru,0.21745650368124891,0.09450763143083211,0.08205451266184015,0.4500197400605848
133,vap_aian,pre_24_dem_har,0.513107164044233,0.16722844682083648,0.22418223207158872,0.8426018877291829
133,vap_aian,pre_24_rep_tru,0.486892835955767,0.16722844682083648,0.157398112270817,0.7758177679284112
133,vap_oth_b,pre_24_dem_har,0.6384127892570042,0.124092879983774,0.3811015030581634,0.8550385324884766
133,vap_oth_b,pre_24_rep_tru,0.3615872107429959,0.124092879983774,0.14496146751152336,0.6188984969418366
135,vap_white,pre_24_dem_har,0.18643270115275967,0.00664734684177471,0.17402588797330118,0.19943638661742205
135,vap_white,pre_24_rep_tru,0.8135672988472403,0.00664734684177471,0.800563613382578,0.8259741120266989
135,vap_black,pre_24_dem_har,0.5587743704396134,0.17998224732289883,0.2120727597014017,0.8967744888159633
135,vap_black,pre_24_rep_tru,0.44122562956038663,0.17998224732289883,0.1032255111840366,0.7879272402985984
135,vap_hisp,pre_24_dem_har,0.4716978020300833,0.1716265630982577,0.1383355825060927,0.7900078083866738
135,vap_hisp,pre_24_rep_tru,0.5283021979699166,0.1716265630982577,0.209992191613326,0.8616644174939072
135,vap_asian,pre_24_dem_har,0.4961890884992003,0.1781045993529936,0.15051583307900265,0.8264847631016369
135,vap_asian,pre_24_rep_tru,0.5038109115007996,0.1781045993529936,0.17351523689836298,0.8494841669209973
135,vap_aian,pre_24_dem_har,0.5073747231806571,0.17494062840720057,0.18556678302843965,0.844027569367087
135,vap_aian,pre_24_rep_tru,0.4926252768193428,0.17494062840720057,0.1559724306329129,0.8144332169715605
135,vap_oth_b,pre_24_dem_har,0.6039656273661115,0.17482090663435745,0.25213841780547536,0.9056950791099826
135,vap_oth_b,pre_24_rep_tru,0.3960343726338885,0.17482090663435745,0.09430492089001734,0.7478615821945245
137,vap_white,pre_24_dem_har,0.1276164073289227,0.00767520055743496,0.11395121462477208,0.14413053559316416
137,vap_white,pre_24_rep_tru,0.8723835926710773,0.00767520055743496,0.855869464406836,0.886048785375228
137,vap_black,pre_24_dem_har,0.5096550611846221,0.18050650733292456,0.1651806160718124,0.8405379800484007
137,vap_black,pre_24_rep_tru,0.4903449388153779,0.18050650733292456,0.1594620199515993,0.8348193839281874
137,vap_hisp,pre_24_dem_har,0.5509120521052728,0.13567092699212482,0.25946865574287126,0.7918214279850795
137,vap_hisp,pre_24_rep_tru,0.4490879478947271,0.13567092699212482,0.2081785720149205,0.7405313442571286
137,vap_asian,pre_24_dem_har,0.5048609769949818,0.1791276342709553,0.16630957897407414,0.8393531287417987
137,vap_asian,pre_24_rep_tru,0.4951390230050183,0.1791276342709553,0.16064687125820115,0.8336904210259259
137,vap_aian,pre_24_dem_har,0.5234552782552246,0.1692562372111073,0.1910412805312301,0.8391078599236053
137,vap_aian,pre_24_rep_tru,0.4765447217447754,0.1692562372111073,0.1608921400763947,0.8089587194687698
137,vap_oth_b,pre_24_dem_har,0.5465371501679908,0.16159195508742016,0.22179330601065503,0.8419556229388957
137,vap_oth_b,pre_24_rep_tru,0.4534628498320092,0.16159195508742016,0.15804437706110416,0.7782066939893448
139,vap_white,pre_24_dem_har,0.23009891889052791,0.0068449095034641,0.21814814387315165,0.2446653926127642
139,vap_white,pre_24_rep_tru,0.7699010811094721,0.0068449095034641,0.7553346073872358,0.7818518561268484
139,vap_black,pre_24_dem_har,0.8649476922541647,0.03702260146308297,0.7811658401214102,0.9246305330590704
139,vap_black,pre_24_rep_tru,0.1350523077458353,0.03702260146308297,0.07536946694092961,0.21883415987858973
139,vap_hisp,pre_24_dem_har,0.6130858252706359,0.15720659586940258,0.3067213018587102,0.8976716330614077
139,vap_hisp,pre_24_rep_tru,0.386914174729364,0.15720659586940258,0.10232836693859218,0.6932786981412896
139,vap_asian,pre_24_dem_har,0.5593286175805771,0.15280138298573917,0.24589319881914232,0.8217413538931496
139,vap_asian,pre_24_rep_tru,0.4406713824194229,0.15280138298573917,0.17825864610685013,0.7541068011808574
139,vap_aian,pre_24_dem_har,0.5279087449659032,0.15217696988396764,0.23118649511280565,0.8142568189280441
139,vap_aian,pre_24_rep_tru,0.47209125503409666,0.15217696988396764,0.1857431810719557,0.7688135048871942
139,vap_oth_b,pre_24_dem_har,0.6961500298485859,0.12887050807578584,0.3979949317063581,0.8853430865949753
139,vap_oth_b,pre_24_rep_tru,0.3038499701514142,0.12887050807578584,0.11465691340502468,0.602005068293642
141,vap_white,pre_24_dem_har,0.2830905398065181,0.00962034356888403,0.26513641570130736,0.301990483625897
141,vap_white,pre_24_rep_tru,0.7169094601934819,0.00962034356888403,0.6980095163741031,0.7348635842986927
141,vap_black,pre_24_dem_har,0.6291817627181014,0.11639569363946418,0.3634048156927931,0.8123598558058787
141,vap_black,pre_24_rep_tru,0.37081823728189856,0.11639569363946418,0.1876401441941212,0.6365951843072065
141,vap_hisp,pre_24_dem_har,0.49073126497327896,0.15971635139302476,0.1970725619692392,0.783474776324784
141,vap_hisp,pre_24_rep_tru,0.509268735026721,0.15971635139302476,0.21652522367521584,0.8029274380307605
141,vap_asian,pre_24_dem_har,0.5224578776379019,0.1750839273705754,0.19766390452532465,0.8346131462163513
141,vap_asian,pre_24_rep_tru,0.47754212236209814,0.1750839273705754,0.16538685378364873,0.8023360954746751
141,vap_aian,pre_24_dem_har,0.490877353239529,0.16105618779320438,0.1904314820085453,0.7758550740670362
141,vap_aian,pre_24_rep_tru,0.5091226467604709,0.16105618779320438,0.22414492593296356,0.8095685179914546
141,vap_oth_b,pre_24_dem_har,0.5667240096087557,0.16939127989880048,0.2157297435629973,0.8472112333752405
141,vap_oth_b,pre_24_rep_tru,0.4332759903912443,0.16939127989880048,0.15278876662475935,0.7842702564370025
143,vap_white,pre_24_dem_har,0.2885470728839492,0.01114900840032936,0.26842596335339525,0.31177368886477513
143,vap_white,pre_24_rep_tru,0.7114529271160508,0.01114900840032936,0.6882263111352249,0.7315740366466046
143,vap_black,pre_24_dem_har,0.7335368117940426,0.13120492741420509,0.4179388869057208,0.925425567494482
143,vap_black,pre_24_rep_tru,0.2664631882059575,0.13120492741420509,0.07457443250551808,0.582061113094279
143,vap_hisp,pre_24_dem_har,0.7919006053230032,0.08093679770419342,0.6060249339664999,0.918130568156296
143,vap_hisp,pre_24_rep_tru,0.20809939467699687,0.08093679770419342,0.08186943184370385,0.39397506603349985
143,vap_asian,pre_24_dem_har,0.5322348593331193,0.16329460372926707,0.21427672833072267,0.8349108046119231
143,vap_asian,pre_24_rep_tru,0.4677651406668807,0.16329460372926707,0.16508919538807668,0.7857232716692772
143,vap_aian,pre_24_dem_har,0.5000199981232988,0.16541199457249683,0.20242329800238135,0.8117290783752309
143,vap_aian,pre_24_rep_tru,0.4999800018767012,0.16541199457249683,0.18827092162476905,0.7975767019976185
143,vap_oth_b,pre_24_dem_har,0.5867982146185693,0.15316415072717382,0.28627104083999294,0.8606884741491467
143,vap_oth_b,pre_24_rep_tru,0.41320178538143065,0.15316415072717382,0.1393115258508532,0.713728959160007
145,vap_white,pre_24_dem_har,0.24636971601144783,0.00683059232728164,0.23426748661090627,0.2607299195521422
145,vap_white,pre_24_rep_tru,0.7536302839885521,0.00683059232728164,0.7392700804478579,0.7657325133890936
145,vap_black,pre_24_dem_har,0.4995984104503663,0.10878320195012682,0.25701337375497196,0.6839505941421238
145,vap_black,pre_24_rep_tru,0.5004015895496337,0.10878320195012682,0.3160494058578761,0.7429866262450281
145,vap_hisp,pre_24_dem_har,0.5764100252032551,0.158186529555672,0.2636101538201825,0.8526982526361977
145,vap_hisp,pre_24_rep_tru,0.4235899747967448,0.158186529555672,0.1473017473638022,0.7363898461798175
145,vap_asian,pre_24_dem_har,0.5306591030906768,0.16852230703238283,0.18480572188649963,0.8179554698558714
145,vap_asian,pre_24_rep_tru,0.4693408969093233,0.16852230703238283,0.1820445301441285,0.8151942781135002
145,vap_aian,pre_24_dem_har,0.5275899043940062,0.17591882910573428,0.17913738669918008,0.8222186698391837
145,vap_aian,pre_24_rep_tru,0.4724100956059937,0.17591882910573428,0.1777813301608161,0.8208626133008198
145,vap_oth_b,pre_24_dem_har,0.5981869598919146,0.1475678419350641,0.2950699106347678,0.8355621270585692
145,vap_oth_b,pre_24_rep_tru,0.4018130401080853,0.1475678419350641,0.16443787294143056,0.704930089365232
147,vap_white,pre_24_dem_har,0.27844422884787257,0.00997925587609404,0.26006876175849297,0.2981206987546302
147,vap_white,pre_24_rep_tru,0.7215557711521274,0.00997925587609404,0.7018793012453697,0.739931238241507
147,vap_black,pre_24_dem_har,0.6192229918390196,0.15774189150412693,0.28242359964437797,0.8813400413267806
147,vap_black,pre_24_rep_tru,0.3807770081609804,0.15774189150412693,0.11865995867321932,0.7175764003556221
147,vap_hisp,pre_24_dem_har,0.6528917457835263,0.1556062783800235,0.31883363224758327,0.8973373653608886
147,vap_hisp,pre_24_rep_tru,0.34710825421647373,0.1556062783800235,0.10266263463911136,0.6811663677524167
147,vap_asian,pre_24_dem_har,0.4947017253709931,0.1664231771577425,0.16097973137339555,0.7974026875099184
147,vap_asian,pre_24_rep_tru,0.5052982746290068,0.1664231771577425,0.20259731249008156,0.8390202686266044
147,vap_aian,pre_24_dem_har,0.5021487846515054,0.16446137331429697,0.185095571195618,0.8068329348663233
147,vap_aian,pre_24_rep_tru,0.49785121534849464,0.16446137331429697,0.19316706513367657,0.814904428804382
147,vap_oth_b,pre_24_dem_har,0.562408082273041,0.17128392287147187,0.2125964731907848,0.8554844737597438
147,vap_oth_b,pre_24_rep_tru,0.4375919177269591,0.17128392287147187,0.14451552624025624,0.7874035268092152
149,vap_white,pre_24_dem_har,0.14997448199286073,0.00656136227120516,0.13766248027492314,0.16276696969070148
149,vap_white,pre_24_rep_tru,0.8500255180071393,0.00656136227120516,0.8372330303092984,0.8623375197250768
149,vap_black,pre_24_dem_har,0.5797040846075806,0.16445361674586423,0.2567821661817134,0.8662749918013443
149,vap_black,pre_24_rep_tru,0.4202959153924194,0.16445361674586423,0.13372500819865576,0.7432178338182865
149,vap_hisp,pre_24_dem_har,0.5517772841977894,0.16034294029251528,0.2374784993019524,0.847162400570893
149,vap_hisp,pre_24_rep_tru,0.44822271580221057,0.16034294029251528,0.1528375994291068,0.7625215006980475
149,vap_asian,pre_24_dem_har,0.537558333281491,0.1704254467182461,0.21754645886900725,0.8549529011199191
149,vap_asian,pre_24_rep_tru,0.462441666718509,0.1704254467182461,0.14504709888008097,0.7824535411309926
149,vap_aian,pre_24_dem_har,0.4972175158063096,0.1850262131882696,0.15159154964359026,0.8404910968671208
149,vap_aian,pre_24_rep_tru,0.5027824841936904,0.1850262131882696,0.15950890313287924,0.8484084503564097
149,vap_oth_b,pre_24_dem_har,0.5854739460895552,0.15785847419097998,0.2633401321801831,0.8619554869174368
149,vap_oth_b,pre_24_rep_tru,0.4145260539104449,0.15785847419097998,0.13804451308256316,0.7366598678198165
151,vap_white,pre_24_dem_har,0.3309628469324345,0.00427720902667875,0.32388170274997613,0.34061326604933634
151,vap_white,pre_24_rep_tru,0.6690371530675655,0.00427720902667875,0.6593867339506635,0.6761182972500237
151,vap_black,pre_24_dem_har,0.9454801752864268,0.01502139347188319,0.908759580482814,0.9679950859418696
151,vap_black,pre_24_rep_tru,0.05451982471357305,0.01502139347188319,0.03200491405813052,0.09124041951718594
151,vap_hisp,pre_24_dem_har,0.7974056686197311,0.08077105682422724,0.6181460499718536,0.9193044382283514
151,vap_hisp,pre_24_rep_tru,0.20259433138026897,0.08077105682422724,0.08069556177164873,0.38185395002814626
151,vap_asian,pre_24_dem_har,0.691777292225489,0.10712963499897796,0.44822881504232687,0.8602331712270892
151,vap_asian,pre_24_rep_tru,0.308222707774511,0.10712963499897796,0.13976682877291058,0.5517711849576731
151,vap_aian,pre_24_dem_har,0.5334279438224238,0.14989876622951517,0.24789818968449137,0.8535605498375107
151,vap_aian,pre_24_rep_tru,0.46657205617757613,0.14989876622951517,0.1464394501624891,0.7521018103155086
151,vap_oth_b,pre_24_dem_har,0.8212157362973933,0.07410287108932187,0.6415911432820146,0.9191670950238834
151,vap_oth_b,pre_24_rep_tru,0.17878426370260675,0.07410287108932187,0.0808329049761166,0.35840885671798545
153,vap_white,pre_24_dem_har,0.4550308012402148,0.00539455450997138,0.4454614696441558,0.46506862138490235
153,vap_white,pre_24_rep_tru,0.5449691987597851,0.00539455450997138,0.5349313786150975,0.5545385303558441
153,vap_black,pre_24_dem_har,0.9651266215661832,0.00604920481271079,0.9516044526227612,0.975237400322482
153,vap_black,pre_24_rep_tru,0.03487337843381674,0.00604920481271079,0.02476259967751799,0.04839554737723866
153,vap_hisp,pre_24_dem_har,0.7714411508418424,0.09561660688225626,0.5270765616490756,0.9040585839165276
153,vap_hisp,pre_24_rep_tru,0.2285588491581577,0.09561660688225626,0.0959414160834725,0.4729234383509244
153,vap_asian,pre_24_dem_har,0.7047894235295247,0.06237470192443491,0.5831211575784631,0.820975766867317
153,vap_asian,pre_24_rep_tru,0.29521057647047533,0.06237470192443491,0.179024233132683,0.4168788424215368
153,vap_aian,pre_24_dem_har,0.5620159780074374,0.14504945849058562,0.277086171117138,0.8208876561027073
153,vap_aian,pre_24_rep_tru,0.43798402199256253,0.14504945849058562,0.1791123438972925,0.7229138288828618
153,vap_oth_b,pre_24_dem_har,0.6926975840888402,0.0976746039222894,0.49500507734552385,0.8470302818957258
153,vap_oth_b,pre_24_rep_tru,0.30730241591115987,0.0976746039222894,0.15296971810427404,0.5049949226544762
155,vap_white,pre_24_dem_har,0.3591494786828017,0.00465892669580251,0.3502136571901251,0.36834953804811493
155,vap_white,pre_24_rep_tru,0.6408505213171982,0.00465892669580251,0.631650461951885,0.6497863428098749
155,vap_black,pre_24_dem_har,0.936692483144354,0.01934407504356056,0.8941776637283978,0.9693587967952122
155,vap_black,pre_24_rep_tru,0.06330751685564606,0.01934407504356056,0.03064120320478773,0.10582233627160212
155,vap_hisp,pre_24_dem_har,0.7242361354832586,0.10176702193505154,0.4741790456782561,0.880187639761629
155,vap_hisp,pre_24_rep_tru,0.2757638645167415,0.10176702193505154,0.11981236023837114,0.5258209543217439
155,vap_asian,pre_24_dem_har,0.5621882253023323,0.17589022285703854,0.17366396275853008,0.8370456731871918
155,vap_asian,pre_24_rep_tru,0.43781177469766774,0.17589022285703854,0.16295432681280816,0.82633603724147
155,vap_aian,pre_24_dem_har,0.5056583202007946,0.162316223689053,0.21383902441863317,0.8109835798105369
155,vap_aian,pre_24_rep_tru,0.4943416797992053,0.162316223689053,0.189016420189463,0.7861609755813668
155,vap_oth_b,pre_24_dem_har,0.7525193738537105,0.08760136734266928,0.5609108752088456,0.8997246170513385
155,vap_oth_b,pre_24_rep_tru,0.2474806261462894,0.08760136734266928,0.10027538294866138,0.43908912479115425
157,vap_white,pre_24_dem_har,0.2547072545324565,0.00672654399016065,0.24302188094407623,0.2690203601629585
157,vap_white,pre_24_rep_tru,0.7452927454675435,0.00672654399016065,0.7309796398370415,0.7569781190559238
157,vap_black,pre_24_dem_har,0.5331290646816566,0.16801529446813387,0.19355523413308004,0.8232373767106558
157,vap_black,pre_24_rep_tru,0.46687093531834334,0.16801529446813387,0.17676262328934414,0.8064447658669198
157,vap_hisp,pre_24_dem_har,0.8146083121980418,0.11456319963789528,0.5482206480108013,0.9586432632315902
157,vap_hisp,pre_24_rep_tru,0.18539168780195828,0.11456319963789528,0.04135673676840982,0.45177935198919855
157,vap_asian,pre_24_dem_har,0.5427282734510042,0.1614104473300803,0.19630857665480228,0.8272405346818147
157,vap_asian,pre_24_rep_tru,0.4572717265489957,0.1614104473300803,0.17275946531818526,0.8036914233451976
157,vap_aian,pre_24_dem_har,0.5123449576058732,0.15366639681153055,0.20455177121536564,0.7835726863133559
157,vap_aian,pre_24_rep_tru,0.4876550423941268,0.15366639681153055,0.2164273136866441,0.7954482287846343
157,vap_oth_b,pre_24_dem_har,0.6208008675475344,0.1888207862681548,0.2353550339013465,0.9157029970706788
157,vap_oth_b,pre_24_rep_tru,0.3791991324524656,0.1888207862681548,0.08429700292932091,0.7646449660986535
159,vap_white,pre_24_dem_har,0.2837280042737172,0.00860998024723004,0.26714785960552223,0.300968690209668
159,vap_white,pre_24_rep_tru,0.7162719957262828,0.00860998024723004,0.699031309790332,0.7328521403944778
159,vap_black,pre_24_dem_har,0.5672523696958975,0.16429212317447808,0.23561379992012463,0.8553424352719875
159,vap_black,pre_24_rep_tru,0.43274763030410246,0.16429212317447808,0.14465756472801247,0.7643862000798753
159,vap_hisp,pre_24_dem_har,0.5664907248482091,0.15738747675630357,0.2529832090908123,0.844080753564618
159,vap_hisp,pre_24_rep_tru,0.433509275151791,0.15738747675630357,0.155919246435382,0.7470167909091875
159,vap_asian,pre_24_dem_har,0.7870946653791486,0.0820908358810177,0.6033902133318441,0.9186801576221252
159,vap_asian,pre_24_rep_tru,0.21290533462085143,0.0820908358810177,0.08131984237787485,0.3966097866681559
159,vap_aian,pre_24_dem_har,0.4958143471813078,0.16706248468576235,0.1704698563363143,0.8048490178090915
159,vap_aian,pre_24_rep_tru,0.5041856528186922,0.16706248468576235,0.1951509821909086,0.8295301436636857
159,vap_oth_b,pre_24_dem_har,0.5382031074115073,0.146866396149489,0.24570620611525423,0.8054664366000656
159,vap_oth_b,pre_24_rep_tru,0.4617968925884927,0.146866396149489,0.19453356339993425,0.7542937938847458
161,vap_white,pre_24_dem_har,0.18301502961827176,0.00816516056801033,0.1672287321028776,0.1988221896034995
161,vap_white,pre_24_rep_tru,0.8169849703817282,0.00816516056801033,0.8011778103965004,0.8327712678971224
161,vap_black,pre_24_dem_har,0.5225834089093885,0.18181471665575297,0.16196091596406884,0.8387742352415894
161,vap_black,pre_24_rep_tru,0.4774165910906116,0.18181471665575297,0.16122576475841066,0.8380390840359311
161,vap_hisp,pre_24_dem_har,0.6099595145056882,0.15734695826766815,0.2855543075515629,0.8917408671304863
161,vap_hisp,pre_24_rep_tru,0.3900404854943118,0.15734695826766815,0.1082591328695137,0.7144456924484371
161,vap_asian,pre_24_dem_har,0.5334118912982992,0.1653215423557715,0.21527934963207657,0.8336087296789675
161,vap_asian,pre_24_rep_tru,0.4665881087017008,0.1653215423557715,0.16639127032103254,0.7847206503679236
161,vap_aian,pre_24_dem_har,0.5155772972155552,0.16788899726106635,0.19002093833608508,0.8214184286134473
161,vap_aian,pre_24_rep_tru,0.4844227027844449,0.16788899726106635,0.17858157138655273,0.8099790616639149
161,vap_oth_b,pre_24_dem_har,0.5354264417696261,0.16587224686895957,0.2221383376376385,0.8415132087533115
161,vap_oth_b,pre_24_rep_tru,0.46457355823037383,0.16587224686895957,0.15848679124668838,0.7778616623623614
163,vap_white,pre_24_dem_har,0.20280769186598047,0.00946858383092485,0.185001147942314,0.22133477454767497
163,vap_white,pre_24_rep_tru,0.7971923081340196,0.00946858383092485,0.7786652254523251,0.8149988520576861
163,vap_black,pre_24_dem_har,0.5101647318571229,0.18976802890281705,0.14689613184579042,0.8570310191313191
163,vap_black,pre_24_rep_tru,0.48983526814287703,0.18976802890281705,0.14296898086868076,0.8531038681542095
163,vap_hisp,pre_24_dem_har,0.5062963693096751,0.17573671743608787,0.17778102858292644,0.8473534348784613
163,vap_hisp,pre_24_rep_tru,0.4937036306903248,0.17573671743608787,0.1526465651215388,0.8222189714170736
163,vap_asian,pre_24_dem_har,0.5059564014720009,0.17952269021718523,0.17148270157425424,0.8458144787773204
163,vap_asian,pre_24_rep_tru,0.4940435985279991,0.17952269021718523,0.15418552122267962,0.8285172984257458
163,vap_aian,pre_24_dem_har,0.48366596913519416,0.19103226975497103,0.12532298047342638,0.8433296703385469
163,vap_aian,pre_24_rep_tru,0.5163340308648058,0.19103226975497103,0.15667032966145306,0.8746770195265735
163,vap_oth_b,pre_24_dem_har,0.4369917270213768,0.2201922031401908,0.05097912692568912,0.8104736293636547
163,vap_oth_b,pre_24_rep_tru,0.5630082729786231,0.2201922031401908,0.1895263706363452,0.9490208730743108
165,vap_white,pre_24_dem_har,0.2707846401822113,0.00849826027482292,0.2548695144843705,0.28772187839313357
165,vap_white,pre_24_rep_tru,0.7292153598177887,0.00849826027482292,0.7122781216068663,0.7451304855156295
165,vap_black,pre_24_dem_har,0.6070965465907747,0.10097148368010345,0.3905481562395619,0.7887117018341374
165,vap_black,pre_24_rep_tru,0.3929034534092253,0.10097148368010345,0.2112882981658626,0.609451843760438
165,vap_hisp,pre_24_dem_har,0.7146791369787586,0.11755456468686376,0.4520663371299329,0.8902515387517487
165,vap_hisp,pre_24_rep_tru,0.28532086302124127,0.11755456468686376,0.10974846124825118,0.547933662870067
165,vap_asian,pre_24_dem_har,0.8955714103544173,0.0300527497614406,0.8272723654498659,0.9438203446446112
165,vap_asian,pre_24_rep_tru,0.1044285896455826,0.0300527497614406,0.05617965535538866,0.17272763455013387
165,vap_aian,pre_24_dem_har,0.5022567116794816,0.18250155950935812,0.14270796937095642,0.8411337160293199
165,vap_aian,pre_24_rep_tru,0.49774328832051834,0.18250155950935812,0.15886628397068006,0.8572920306290435
165,vap_oth_b,pre_24_dem_har,0.6115228754226139,0.16997112961486108,0.2883185086200849,0.900490951447984
165,vap_oth_b,pre_24_rep_tru,0.38847712457738615,0.16997112961486108,0.09950904855201594,0.7116814913799149
167,vap_white,pre_24_dem_har,0.2624356958315273,0.00672580935781074,0.24922916867511136,0.27566086540487567
167,vap_white,pre_24_rep_tru,0.7375643041684727,0.00672580935781074,0.7243391345951244,0.7507708313248888
167,vap_black,pre_24_dem_har,0.5813551892997009,0.174000860744569,0.2336649551811736,0.8930341727665114
167,vap_black,pre_24_rep_tru,0.4186448107002992,0.174000860744569,0.1069658272334886,0.7663350448188263
167,vap_hisp,pre_24_dem_har,0.5507118526000245,0.1631820046040049,0.23476652038287105,0.8310685239377261
167,vap_hisp,pre_24_rep_tru,0.4492881473999754,0.1631820046040049,0.16893147606227377,0.7652334796171291
167,vap_asian,pre_24_dem_har,0.5986429756231598,0.17070455480971947,0.24706826771572488,0.883580786190028
167,vap_asian,pre_24_rep_tru,0.4013570243768401,0.17070455480971947,0.11641921380997187,0.7529317322842751
167,vap_aian,pre_24_dem_har,0.4914904310175886,0.16959186797445608,0.17712203307113325,0.8061074193979729
167,vap_aian,pre_24_rep_tru,0.5085095689824114,0.16959186797445608,0.19389258060202696,0.8228779669288666
167,vap_oth_b,pre_24_dem_har,0.5626474935620764,0.1530350212876865,0.2650756907705459,0.844526410077401
167,vap_oth_b,pre_24_rep_tru,0.4373525064379235,0.1530350212876865,0.15547358992259888,0.734924309229454
169,vap_white,pre_24_dem_har,0.2806517730375821,0.00713314987647715,0.26726239630518517,0.2952507210009707
169,vap_white,pre_24_rep_tru,0.719348226962418,0.00713314987647715,0.7047492789990293,0.7327376036948149
169,vap_black,pre_24_dem_har,0.6090641506489278,0.17735480011242227,0.19917821899335963,0.8775122145853322
169,vap_black,pre_24_rep_tru,0.3909358493510722,0.17735480011242227,0.12248778541466768,0.8008217810066403
169,vap_hisp,pre_24_dem_har,0.5427160135388454,0.1601306314380629,0.2218200169151572,0.8261099728307841
169,vap_hisp,pre_24_rep_tru,0.4572839864611547,0.1601306314380629,0.17389002716921595,0.7781799830848427
169,vap_asian,pre_24_dem_har,0.5767507835762875,0.17026185488172155,0.21827297883403896,0.8690807027713294
169,vap_asian,pre_24_rep_tru,0.4232492164237124,0.17026185488172155,0.13091929722867046,0.7817270211659609
169,vap_aian,pre_24_dem_har,0.4821331494509163,0.1628017180336556,0.17580832768362803,0.7820577564941191
169,vap_aian,pre_24_rep_tru,0.5178668505490837,0.1628017180336556,0.21794224350588084,0.8241916723163718
169,vap_oth_b,pre_24_dem_har,0.5730230388316092,0.1527217001957736,0.267007090723418,0.8513971223248783
169,vap_oth_b,pre_24_rep_tru,0.4269769611683907,0.1527217001957736,0.14860287767512162,0.7329929092765819
171,vap_white,pre_24_dem_har,0.23070301329759743,0.00900519756942771,0.21276212127161667,0.24830850059738957
171,vap_white,pre_24_rep_tru,0.7692969867024024,0.00900519756942771,0.7516914994026104,0.7872378787283832
171,vap_black,pre_24_dem_har,0.43566907290754847,0.20103316059468007,0.08951170881824401,0.8369870963285543
171,vap_black,pre_24_rep_tru,0.5643309270924516,0.20103316059468007,0.16301290367144575,0.910488291181756
171,vap_hisp,pre_24_dem_har,0.5402177379244435,0.16078436067626575,0.24083153661899065,0.8414402078271662
171,vap_hisp,pre_24_rep_tru,0.4597822620755564,0.16078436067626575,0.15855979217283364,0.7591684633810092
171,vap_asian,pre_24_dem_har,0.514519247731834,0.17201448433380437,0.1881397312581424,0.8348781345581262
171,vap_asian,pre_24_rep_tru,0.485480752268166,0.17201448433380437,0.16512186544187368,0.8118602687418577
171,vap_aian,pre_24_dem_har,0.5212850857394011,0.17625398798909311,0.19591227884883228,0.8702587322438989
171,vap_aian,pre_24_rep_tru,0.47871491426059887,0.17625398798909311,0.1297412677561008,0.8040877211511676
171,vap_oth_b,pre_24_dem_har,0.5454769263080135,0.16159897060142736,0.2196833496219627,0.8385266981897073
171,vap_oth_b,pre_24_rep_tru,0.4545230736919866,0.16159897060142736,0.16147330181029282,0.7803166503780374
173,vap_white,pre_24_dem_har,0.4255045703209581,0.01044348489044708,0.40489395839099734,0.4453432708396778
173,vap_white,pre_24_rep_tru,0.5744954296790419,0.01044348489044708,0.5546567291603222,0.5951060416090026
173,vap_black,pre_24_dem_har,0.7589766699655821,0.09825865343846205,0.5364399916285102,0.9034767440962084
173,vap_black,pre_24_rep_tru,0.24102333003441792,0.09825865343846205,0.09652325590379182,0.46356000837148986
173,vap_hisp,pre_24_dem_har,0.6175558038847246,0.14065015196057645,0.3181805320860016,0.8544535876230913
173,vap_hisp,pre_24_rep_tru,0.3824441961152754,0.14065015196057645,0.14554641237690888,0.6818194679139983
173,vap_asian,pre_24_dem_har,0.6337084500653922,0.14849123863716096,0.3026931600343123,0.8709753573567142
173,vap_asian,pre_24_rep_tru,0.3662915499346077,0.14849123863716096,0.12902464264328578,0.6973068399656875
173,vap_aian,pre_24_dem_har,0.4932013767181592,0.16577878782107874,0.17555524273845866,0.8086381425696132
173,vap_aian,pre_24_rep_tru,0.5067986232818408,0.16577878782107874,0.19136185743038656,0.8244447572615412
173,vap_oth_b,pre_24_dem_har,0.6252870803765326,0.1576048641702519,0.2842870688597446,0.8796137863843981
173,vap_oth_b,pre_24_rep_tru,0.37471291962346737,0.1576048641702519,0.1203862136156018,0.7157129311402554
175,vap_white,pre_24_dem_har,0.21871152624540743,0.00728154783230815,0.2047266449651629,0.23295018758022065
175,vap_white,pre_24_rep_tru,0.7812884737545925,0.00728154783230815,0.7670498124197794,0.7952733550348372
175,vap_black,pre_24_dem_har,0.5128682090804576,0.1822518445073769,0.1680791840762965,0.8625582634378394
175,vap_black,pre_24_rep_tru,0.4871317909195425,0.1822518445073769,0.13744173656216055,0.8319208159237035
175,vap_hisp,pre_24_dem_har,0.5443788266722901,0.17964391779102284,0.18862559074356328,0.8574936032763468
175,vap_hisp,pre_24_rep_tru,0.4556211733277099,0.17964391779102284,0.1425063967236531,0.8113744092564367
175,vap_asian,pre_24_dem_har,0.5310188703085805,0.17850239663390377,0.195158946250103,0.8633224889601816
175,vap_asian,pre_24_rep_tru,0.4689811296914194,0.17850239663390377,0.13667751103981812,0.8048410537498968
175,vap_aian,pre_24_dem_har,0.5164382858728238,0.1836529154589718,0.1702467974485236,0.8574932182536067
175,vap_aian,pre_24_rep_tru,0.48356171412717613,0.1836529154589718,0.14250678174639328,0.8297532025514764
175,vap_oth_b,pre_24_dem_har,0.5021598307331819,0.1714943654594006,0.18034066399260315,0.8159304245847454
175,vap_oth_b,pre_24_rep_tru,0.49784016926681807,0.1714943654594006,0.1840695754152546,0.8196593360073967
