county,race,cand,mean,sd,ci_95_lower,ci_95_upper
Adams County,vap_white,pre_16_dem_cli,0.2835274851684323,0.01047487325323449,0.26301791493665067,0.3052742885479645
Adams County,vap_white,pre_16_rep_tru,0.7164725148315677,0.01047487325323449,0.6947257114520354,0.7369820850633493
Adams County,vap_black,pre_16_dem_cli,0.5771989629285644,0.15749359526075613,0.23775217871554669,0.8465691375354587
Adams County,vap_black,pre_16_rep_tru,0.4228010370714355,0.15749359526075613,0.1534308624645412,0.7622478212844531
Adams County,vap_hisp,pre_16_dem_cli,0.5909030291409336,0.11478418155788582,0.35061813622224675,0.7898405778076731
Adams County,vap_hisp,pre_16_rep_tru,0.4090969708590664,0.11478418155788582,0.21015942219232683,0.6493818637777529
Adams County,vap_asian,pre_16_dem_cli,0.5658342995044138,0.1670515477802619,0.2123518301261016,0.8556691054622891
Adams County,vap_asian,pre_16_rep_tru,0.4341657004955862,0.1670515477802619,0.14433089453771086,0.7876481698738983
Adams County,vap_aian,pre_16_dem_cli,0.5257545210682658,0.17474265083577575,0.18148611267911008,0.8584889313398336
Adams County,vap_aian,pre_16_rep_tru,0.4742454789317342,0.17474265083577575,0.14151106866016638,0.8185138873208898
Adams County,vap_oth_b,pre_16_dem_cli,0.5625815842198992,0.15903879149663447,0.2483045581073176,0.8418931791996824
Adams County,vap_oth_b,pre_16_rep_tru,0.4374184157801008,0.15903879149663447,0.15810682080031715,0.7516954418926821
Adams County,vap_white,uss_16_dem_mcg,0.29804443921403156,0.01054317294295677,0.27925219936563134,0.3199923615346654
Adams County,vap_white,uss_16_rep_too,0.7019555607859684,0.01054317294295677,0.6800076384653345,0.7207478006343686
Adams County,vap_black,uss_16_dem_mcg,0.5771118268415008,0.15834139443307593,0.2584109806864177,0.8490887759200022
Adams County,vap_black,uss_16_rep_too,0.4228881731584992,0.15834139443307593,0.15091122407999763,0.7415890193135822
Adams County,vap_hisp,uss_16_dem_mcg,0.5887570581056147,0.12174394793716196,0.3283760198555577,0.7972268382803361
Adams County,vap_hisp,uss_16_rep_too,0.4112429418943853,0.12174394793716196,0.20277316171966375,0.6716239801444425
Adams County,vap_asian,uss_16_dem_mcg,0.5596922278070561,0.16704336092603334,0.21894948771919123,0.8405514002256925
Adams County,vap_asian,uss_16_rep_too,0.4403077721929439,0.16704336092603334,0.15944859977430753,0.7810505122808087
Adams County,vap_aian,uss_16_dem_mcg,0.5310837874543372,0.16778985483019093,0.20968506654582816,0.8366659261449622
Adams County,vap_aian,uss_16_rep_too,0.4689162125456629,0.16778985483019093,0.1633340738550378,0.7903149334541718
Adams County,vap_oth_b,uss_16_dem_mcg,0.5559852360250561,0.1702704010335186,0.20190387135308527,0.8529447945508007
Adams County,vap_oth_b,uss_16_rep_too,0.4440147639749438,0.1702704010335186,0.1470552054491992,0.7980961286469145
Adams County,vap_white,atg_16_dem_sha,0.3043063917616649,0.01120040205803119,0.2831057926916715,0.3271214815224008
Adams County,vap_white,atg_16_rep_raf,0.6956936082383351,0.01120040205803119,0.6728785184775992,0.7168942073083284
Adams County,vap_black,atg_16_dem_sha,0.5863691562637264,0.1618350798053127,0.24822589357655017,0.8566901442654331
Adams County,vap_black,atg_16_rep_raf,0.4136308437362736,0.1618350798053127,0.14330985573456667,0.7517741064234498
Adams County,vap_hisp,atg_16_dem_sha,0.5664021205636119,0.12774675901972815,0.30224792689146296,0.791289623503424
Adams County,vap_hisp,atg_16_rep_raf,0.433597879436388,0.12774675901972815,0.20871037649657603,0.6977520731085372
Adams County,vap_asian,atg_16_dem_sha,0.5592063000597365,0.1510735841741558,0.23918104134806817,0.8259889835573032
Adams County,vap_asian,atg_16_rep_raf,0.4407936999402635,0.1510735841741558,0.17401101644269665,0.7608189586519319
Adams County,vap_aian,atg_16_dem_sha,0.5233639024183911,0.17018824034300098,0.1853775401047011,0.8347827400051981
Adams County,vap_aian,atg_16_rep_raf,0.4766360975816088,0.17018824034300098,0.16521725999480183,0.8146224598952989
Adams County,vap_oth_b,atg_16_dem_sha,0.544532436134612,0.15305778007204876,0.2602289470018303,0.8316602636492202
Adams County,vap_oth_b,atg_16_rep_raf,0.45546756386538795,0.1530577800720488,0.16833973635077948,0.7397710529981696
Adams County,vap_white,uss_18_dem_cas,0.3726387553343384,0.01187680644965745,0.35049757856595326,0.397576651929947
Adams County,vap_white,uss_18_rep_bar,0.6273612446656616,0.01187680644965745,0.602423348070053,0.6495024214340468
Adams County,vap_black,uss_18_dem_cas,0.5894316121691631,0.16678867573959674,0.2442024155303999,0.86941520260658
Adams County,vap_black,uss_18_rep_bar,0.41056838783083693,0.16678867573959674,0.13058479739341983,0.7557975844696
Adams County,vap_hisp,uss_18_dem_cas,0.6040383152973958,0.132157470737279,0.33170139587230574,0.8361330460744003
Adams County,vap_hisp,uss_18_rep_bar,0.3959616847026042,0.132157470737279,0.16386695392559966,0.6682986041276943
Adams County,vap_asian,uss_18_dem_cas,0.5563822413032975,0.1676843928106988,0.20551782441566627,0.8400704495742096
Adams County,vap_asian,uss_18_rep_bar,0.4436177586967025,0.1676843928106988,0.15992955042579018,0.7944821755843335
Adams County,vap_aian,uss_18_dem_cas,0.5157975922994796,0.17639811648141576,0.1811217507795313,0.8423394203836445
Adams County,vap_aian,uss_18_rep_bar,0.4842024077005204,0.17639811648141576,0.15766057961635557,0.8188782492204687
Adams County,vap_oth_b,uss_18_dem_cas,0.5604626383862673,0.15910222293615842,0.24291858713767445,0.85298376925038
Adams County,vap_oth_b,uss_18_rep_bar,0.43953736161373264,0.15910222293615842,0.1470162307496198,0.7570814128623254
Adams County,vap_white,gov_18_dem_wol,0.3972636633314896,0.01139158755113561,0.3765663792414526,0.4198633225113676
Adams County,vap_white,gov_18_rep_wag,0.6027363366685103,0.01139158755113561,0.5801366774886324,0.6234336207585474
Adams County,vap_black,gov_18_dem_wol,0.5920138530116463,0.1565462677152209,0.2648161859988837,0.8695688404252068
Adams County,vap_black,gov_18_rep_wag,0.40798614698835367,0.1565462677152209,0.1304311595747931,0.7351838140011161
Adams County,vap_hisp,gov_18_dem_wol,0.6454747422602206,0.12851722588206574,0.37659620798250376,0.862270845502398
Adams County,vap_hisp,gov_18_rep_wag,0.35452525773977944,0.12851722588206574,0.13772915449760206,0.6234037920174963
Adams County,vap_asian,gov_18_dem_wol,0.5616905848151135,0.1494931118138318,0.25213864344629466,0.8289306022838105
Adams County,vap_asian,gov_18_rep_wag,0.4383094151848865,0.1494931118138318,0.1710693977161893,0.747861356553705
Adams County,vap_aian,gov_18_dem_wol,0.505114655389461,0.1580019481064782,0.215497556094341,0.8081452469727585
Adams County,vap_aian,gov_18_rep_wag,0.49488534461053896,0.1580019481064782,0.19185475302724156,0.7845024439056589
Adams County,vap_oth_b,gov_18_dem_wol,0.5545186648741445,0.1583423496364494,0.238049805542253,0.8240474848805361
Adams County,vap_oth_b,gov_18_rep_wag,0.4454813351258554,0.1583423496364494,0.17595251511946383,0.7619501944577468
Adams County,vap_white,pre_20_dem_bid,0.3082778816992838,0.01176540532287903,0.2859514651257209,0.33176894768172666
Adams County,vap_white,pre_20_rep_tru,0.6917221183007162,0.01176540532287903,0.6682310523182734,0.7140485348742791
Adams County,vap_black,pre_20_dem_bid,0.5745478904908491,0.1596183548329253,0.2462420284031548,0.8528208875974231
Adams County,vap_black,pre_20_rep_tru,0.42545210950915086,0.1596183548329253,0.14717911240257692,0.7537579715968451
Adams County,vap_hisp,pre_20_dem_bid,0.555312146824063,0.13268145309338902,0.295105399608248,0.7853517262386702
Adams County,vap_hisp,pre_20_rep_tru,0.444687853175937,0.13268145309338902,0.21464827376132983,0.704894600391752
Adams County,vap_asian,pre_20_dem_bid,0.5901569056678173,0.16784675851937408,0.23391768008794853,0.8776814825322502
Adams County,vap_asian,pre_20_rep_tru,0.40984309433218263,0.16784675851937408,0.1223185174677496,0.7660823199120513
Adams County,vap_aian,pre_20_dem_bid,0.5222218717948722,0.1692675359503542,0.19691634489874488,0.8301430627667943
Adams County,vap_aian,pre_20_rep_tru,0.4777781282051277,0.1692675359503542,0.16985693723320577,0.8030836551012549
Adams County,vap_oth_b,pre_20_dem_bid,0.556417088695109,0.1635760052229253,0.2271401511582344,0.8554184989024726
Adams County,vap_oth_b,pre_20_rep_tru,0.44358291130489097,0.1635760052229253,0.14458150109752735,0.7728598488417654
Adams County,vap_white,atg_20_dem_sha,0.3068401300869724,0.01111436393433513,0.28603770311013094,0.33022134411046666
Adams County,vap_white,atg_20_rep_hei,0.6931598699130276,0.01111436393433513,0.6697786558895333,0.713962296889869
Adams County,vap_black,atg_20_dem_sha,0.5823441571325443,0.15839072588065276,0.24786043548586292,0.85163097869613
Adams County,vap_black,atg_20_rep_hei,0.41765584286745566,0.15839072588065276,0.14836902130386975,0.7521395645141371
Adams County,vap_hisp,atg_20_dem_sha,0.5947133701017298,0.12502610786130583,0.3501840361090486,0.8288879174739366
Adams County,vap_hisp,atg_20_rep_hei,0.40528662989827025,0.12502610786130583,0.17111208252606325,0.6498159638909513
Adams County,vap_asian,atg_20_dem_sha,0.5764685323241084,0.15762359376148474,0.23908249669331932,0.8421036431567502
Adams County,vap_asian,atg_20_rep_hei,0.4235314676758915,0.15762359376148474,0.15789635684324957,0.7609175033066806
Adams County,vap_aian,atg_20_dem_sha,0.4779652917049944,0.18163772163548195,0.13786027541251716,0.816094173745137
Adams County,vap_aian,atg_20_rep_hei,0.5220347082950055,0.18163772163548195,0.18390582625486288,0.8621397245874828
Adams County,vap_oth_b,atg_20_dem_sha,0.5600365406977964,0.15763369718261164,0.2412957539565998,0.8418376047918514
Adams County,vap_oth_b,atg_20_rep_hei,0.43996345930220354,0.15763369718261164,0.15816239520814843,0.7587042460434001
Allegheny County,vap_white,pre_16_dem_cli,0.4983896369052882,0.00134901654537456,0.4959321710926553,0.5012512347483505
Allegheny County,vap_white,pre_16_rep_tru,0.5016103630947117,0.00134901654537456,0.49874876525164946,0.5040678289073448
Allegheny County,vap_black,pre_16_dem_cli,0.9874752931844109,0.0016279854900694,0.9839983786005176,0.9903136973411732
Allegheny County,vap_black,pre_16_rep_tru,0.01252470681558918,0.0016279854900694,0.00968630265882681,0.01600162139948236
Allegheny County,vap_hisp,pre_16_dem_cli,0.9320152421410282,0.0138943795531486,0.9005406175498504,0.9548941052291604
Allegheny County,vap_hisp,pre_16_rep_tru,0.0679847578589718,0.0138943795531486,0.04510589477083945,0.0994593824501496
Allegheny County,vap_asian,pre_16_dem_cli,0.9262177246497793,0.01168698439727826,0.9020693251386644,0.947526823637388
Allegheny County,vap_asian,pre_16_rep_tru,0.07378227535022068,0.01168698439727826,0.05247317636261198,0.09793067486133548
Allegheny County,vap_aian,pre_16_dem_cli,0.7696991218729182,0.06751160027224437,0.6363912399645918,0.8886612390995157
Allegheny County,vap_aian,pre_16_rep_tru,0.2303008781270818,0.06751160027224437,0.11133876090048432,0.363608760035408
Allegheny County,vap_oth_b,pre_16_dem_cli,0.943987231016239,0.01039283350153934,0.9204797893005928,0.9607115838625996
Allegheny County,vap_oth_b,pre_16_rep_tru,0.05601276898376091,0.01039283350153934,0.03928841613740042,0.07952021069940693
Allegheny County,vap_white,uss_16_dem_mcg,0.4971549402714619,0.00134805357503642,0.494499354602,0.4997711871587778
Allegheny County,vap_white,uss_16_rep_too,0.5028450597285381,0.00134805357503642,0.5002288128412222,0.5055006453979999
Allegheny County,vap_black,uss_16_dem_mcg,0.987844205518046,0.0014876044120765,0.9847540158469916,0.9907058358276908
Allegheny County,vap_black,uss_16_rep_too,0.01215579448195399,0.0014876044120765,0.00929416417230911,0.01524598415300855
Allegheny County,vap_hisp,uss_16_dem_mcg,0.9308458935190538,0.01456840063106248,0.901123961124428,0.9568641907710662
Allegheny County,vap_hisp,uss_16_rep_too,0.06915410648094625,0.01456840063106248,0.04313580922893381,0.09887603887557192
Allegheny County,vap_asian,uss_16_dem_mcg,0.8887888538093991,0.01672150350258846,0.8556721078834112,0.918347294809188
Allegheny County,vap_asian,uss_16_rep_too,0.11121114619060088,0.01672150350258846,0.08165270519081193,0.14432789211658867
Allegheny County,vap_aian,uss_16_dem_mcg,0.8049250907184097,0.06724559032345985,0.6284321526936916,0.9000709745551244
Allegheny County,vap_aian,uss_16_rep_too,0.19507490928159035,0.06724559032345985,0.09992902544487556,0.3715678473063083
Allegheny County,vap_oth_b,uss_16_dem_mcg,0.944837811679204,0.01042835613370265,0.923854577941054,0.9639000399599676
Allegheny County,vap_oth_b,uss_16_rep_too,0.05516218832079583,0.01042835613370265,0.03609996004003244,0.07614542205894602
Allegheny County,vap_white,atg_16_dem_sha,0.5220674224709074,0.00156282384894915,0.5191597252169649,0.5251647611160347
Allegheny County,vap_white,atg_16_rep_raf,0.4779325775290925,0.00156282384894915,0.4748352388839653,0.4808402747830351
Allegheny County,vap_black,atg_16_dem_sha,0.9887083178997366,0.00137888105765222,0.9858755625184892,0.9912582529139412
Allegheny County,vap_black,atg_16_rep_raf,0.01129168210026344,0.00137888105765222,0.00874174708605896,0.01412443748151105
Allegheny County,vap_hisp,atg_16_dem_sha,0.9363384860883452,0.01312548862661687,0.9075141994529092,0.95867215452984
Allegheny County,vap_hisp,atg_16_rep_raf,0.06366151391165475,0.01312548862661687,0.04132784547015999,0.09248580054709088
Allegheny County,vap_asian,atg_16_dem_sha,0.8847507374512656,0.01908122270431916,0.8433455412205529,0.9154551427444132
Allegheny County,vap_asian,atg_16_rep_raf,0.11524926254873429,0.01908122270431916,0.084544857255586775,0.15665445877944695
Allegheny County,vap_aian,atg_16_dem_sha,0.7909306999820989,0.08124799884712063,0.6221439903703571,0.906296342943007
Allegheny County,vap_aian,atg_16_rep_raf,0.20906930001790117,0.08124799884712063,0.09370365705699292,0.37785600962964294
Allegheny County,vap_oth_b,atg_16_dem_sha,0.9456296624099612,0.01361903227067588,0.9129319970561356,0.9656044731414334
Allegheny County,vap_oth_b,atg_16_rep_raf,0.05437033759003866,0.01361903227067588,0.03439552685856657,0.08706800294386428
Allegheny County,vap_white,uss_18_dem_cas,0.6101627348955163,0.00120423916166291,0.607884301094739,0.6125708518483702
Allegheny County,vap_white,uss_18_rep_bar,0.3898372651044837,0.00120423916166291,0.3874291481516297,0.3921156989052611
Allegheny County,vap_black,uss_18_dem_cas,0.9881058473091998,0.00152755513545783,0.984923528172636,0.9907709509687428
Allegheny County,vap_black,uss_18_rep_bar,0.0118941526908002,0.00152755513545783,0.00922904903125712,0.01507647182736397
Allegheny County,vap_hisp,uss_18_dem_cas,0.936925445384103,0.01241942250308571,0.9088819635497244,0.9570421286758024
Allegheny County,vap_hisp,uss_18_rep_bar,0.06307455461589694,0.01241942250308571,0.04295787132419768,0.09111803645027564
Allegheny County,vap_asian,uss_18_dem_cas,0.9345208566631418,0.01104673769040632,0.9124954628078068,0.95415933665311
Allegheny County,vap_asian,uss_18_rep_bar,0.06547914333685825,0.01104673769040632,0.04584066334689005,0.08750453719219302
Allegheny County,vap_aian,uss_18_dem_cas,0.7956071184897403,0.05915312104503178,0.6688372212892464,0.8932477235113074
Allegheny County,vap_aian,uss_18_rep_bar,0.20439288151025972,0.05915312104503178,0.1067522764886926,0.33116277871075367
Allegheny County,vap_oth_b,uss_18_dem_cas,0.9477526803813556,0.00927764477462952,0.9249817223218192,0.9638029243817324
Allegheny County,vap_oth_b,uss_18_rep_bar,0.05224731961864441,0.00927764477462952,0.03619707561826733,0.0750182776781809
Allegheny County,vap_white,gov_18_dem_wol,0.6271831534941332,0.00119649044347606,0.6248490346908169,0.6295366401154258
Allegheny County,vap_white,gov_18_rep_wag,0.3728168465058667,0.00119649044347606,0.3704633598845743,0.3751509653091833
Allegheny County,vap_black,gov_18_dem_wol,0.9882130275099704,0.00135985340958275,0.9853482059070536,0.9906683756725252
Allegheny County,vap_black,gov_18_rep_wag,0.0117869724900295,0.00135985340958275,0.00933162432747494,0.01465179409294644
Allegheny County,vap_hisp,gov_18_dem_wol,0.9411197264786636,0.01134150669560147,0.9184295622842584,0.9619593318059064
Allegheny County,vap_hisp,gov_18_rep_wag,0.05888027352133652,0.01134150669560147,0.03804066819409358,0.08157043771574177
Allegheny County,vap_asian,gov_18_dem_wol,0.9337912581816624,0.01211330059615342,0.9087671957739611,0.9544112488648872
Allegheny County,vap_asian,gov_18_rep_wag,0.06620874181833769,0.01211330059615342,0.04558875113511284,0.09123280422603872
Allegheny County,vap_aian,gov_18_dem_wol,0.812325787344725,0.06349439209039698,0.6852352704701478,0.9141699761093496
Allegheny County,vap_aian,gov_18_rep_wag,0.18767421265527492,0.06349439209039698,0.08583002389065034,0.3147647295298522
Allegheny County,vap_oth_b,gov_18_dem_wol,0.9492357188721636,0.00869951756807995,0.9304143038962958,0.9636698878013396
Allegheny County,vap_oth_b,gov_18_rep_wag,0.05076428112783623,0.00869951756807995,0.03633011219866019,0.06958569610370419
Allegheny County,vap_white,pre_20_dem_bid,0.5274821022611478,0.00127552648326925,0.5251346163447984,0.5301589442231336
Allegheny County,vap_white,pre_20_rep_tru,0.4725178977388522,0.00127552648326925,0.46984105577686647,0.4748653836552016
Allegheny County,vap_black,pre_20_dem_bid,0.9825688629961348,0.00174661750907826,0.9787585914535868,0.985781645980812
Allegheny County,vap_black,pre_20_rep_tru,0.01743113700386528,0.00174661750907826,0.01421835401918812,0.02124140854641317
Allegheny County,vap_hisp,pre_20_dem_bid,0.9373283410474827,0.013865364099957,0.9043303408909412,0.96027856368621
Allegheny County,vap_hisp,pre_20_rep_tru,0.06267165895251715,0.013865364099957,0.03972143631379006,0.09566965910905872
Allegheny County,vap_asian,pre_20_dem_bid,0.9329431569858156,0.01134670290830759,0.9077320120476694,0.9532846415354276
Allegheny County,vap_asian,pre_20_rep_tru,0.06705684301418431,0.01134670290830759,0.04671535846457253,0.09226798795233064
Allegheny County,vap_aian,pre_20_dem_bid,0.6964709698879438,0.09498968301138289,0.4785966261064586,0.8638467786705867
Allegheny County,vap_aian,pre_20_rep_tru,0.30352903011205623,0.09498968301138289,0.13615322132941338,0.5214033738935415
Allegheny County,vap_oth_b,pre_20_dem_bid,0.93867603491912,0.0140873879573417,0.9063485671119518,0.963481111767848
Allegheny County,vap_oth_b,pre_20_rep_tru,0.06132396508087996,0.0140873879573417,0.03651888823215214,0.09365143288804824
Allegheny County,vap_white,atg_20_dem_sha,0.5831065356410842,0.00135347109813079,0.5805665789251621,0.5858284840223782
Allegheny County,vap_white,atg_20_rep_hei,0.41689346435891583,0.00135347109813079,0.4141715159776218,0.41943342107483794
Allegheny County,vap_black,atg_20_dem_sha,0.9856931764581456,0.00160395072960247,0.9822910905596792,0.9885609818880138
Allegheny County,vap_black,atg_20_rep_hei,0.01430682354185439,0.00160395072960247,0.01143901811198613,0.01770890944032067
Allegheny County,vap_hisp,atg_20_dem_sha,0.9325201118916232,0.01362756834379645,0.90347132659183,0.95455932553059
Allegheny County,vap_hisp,atg_20_rep_hei,0.06747988810837667,0.01362756834379645,0.04544067446940994,0.09652867340817003
Allegheny County,vap_asian,atg_20_dem_sha,0.9268196008177388,0.01345973262717173,0.8962466436807364,0.9504906030784
Allegheny County,vap_asian,atg_20_rep_hei,0.07318039918226116,0.01345973262717173,0.04950939692159997,0.10375335631926363
Allegheny County,vap_aian,atg_20_dem_sha,0.7282263104607902,0.07607167742443614,0.5426831028343563,0.8303448685106658
Allegheny County,vap_aian,atg_20_rep_hei,0.2717736895392097,0.07607167742443614,0.16965513148933414,0.4573168971656437
Allegheny County,vap_oth_b,atg_20_dem_sha,0.9369772420898884,0.01327533926795016,0.906563981608301,0.9577671751273928
Allegheny County,vap_oth_b,atg_20_rep_hei,0.06302275791011147,0.01327533926795016,0.04223282487260717,0.09343601839169896
Armstrong County,vap_white,pre_16_dem_cli,0.21717873143330804,0.00533252281314118,0.20705905709185876,0.2276831639316353
Armstrong County,vap_white,pre_16_rep_tru,0.782821268566692,0.00533252281314118,0.7723168360683648,0.7929409429081412
Armstrong County,vap_black,pre_16_dem_cli,0.5490823057412433,0.1646168507351766,0.2241753818431528,0.8404212251936732
Armstrong County,vap_black,pre_16_rep_tru,0.4509176942587567,0.1646168507351766,0.15957877480632668,0.7758246181568473
Armstrong County,vap_hisp,pre_16_dem_cli,0.5273206916361075,0.16004946607786277,0.19401908368480048,0.8038988216953724
Armstrong County,vap_hisp,pre_16_rep_tru,0.4726793083638925,0.16004946607786277,0.1961011783046276,0.8059809163151995
Armstrong County,vap_asian,pre_16_dem_cli,0.5017855927346784,0.17476063799954236,0.17253419016411042,0.8307098961043066
Armstrong County,vap_asian,pre_16_rep_tru,0.4982144072653216,0.17476063799954236,0.16929010389569296,0.8274658098358895
Armstrong County,vap_aian,pre_16_dem_cli,0.4905383229243116,0.16630322999231814,0.15369416238799266,0.7940047302909236
Armstrong County,vap_aian,pre_16_rep_tru,0.5094616770756883,0.16630322999231814,0.2059952697090764,0.8463058376120072
Armstrong County,vap_oth_b,pre_16_dem_cli,0.5950105133660151,0.155240067494863,0.28544677017769593,0.8752991429103164
Armstrong County,vap_oth_b,pre_16_rep_tru,0.40498948663398504,0.155240067494863,0.12470085708968362,0.7145532298223041
Armstrong County,vap_white,uss_16_dem_mcg,0.2759966368021502,0.00587284608899345,0.2649927318123954,0.2878945662079338
Armstrong County,vap_white,uss_16_rep_too,0.7240033631978499,0.00587284608899345,0.7121054337920661,0.7350072681876046
Armstrong County,vap_black,uss_16_dem_mcg,0.5390474210379202,0.1654206511828724,0.21961940014726256,0.8359131724427306
Armstrong County,vap_black,uss_16_rep_too,0.4609525789620798,0.1654206511828724,0.16408682755726953,0.7803805998527373
Armstrong County,vap_hisp,uss_16_dem_mcg,0.5229105489971964,0.1695777389023319,0.20458649939708445,0.8352923771643688
Armstrong County,vap_hisp,uss_16_rep_too,0.4770894510028037,0.1695777389023319,0.16470762283563112,0.7954135006029155
Armstrong County,vap_asian,uss_16_dem_mcg,0.4989124537978597,0.16234138605759013,0.18912360343658968,0.8045412151466967
Armstrong County,vap_asian,uss_16_rep_too,0.5010875462021402,0.16234138605759013,0.19545878485330312,0.8108763965634103
Armstrong County,vap_aian,uss_16_dem_mcg,0.5220953802838453,0.1682328110922786,0.19425727018106112,0.8375802034621465
Armstrong County,vap_aian,uss_16_rep_too,0.4779046197161547,0.1682328110922786,0.16241979653785343,0.8057427298189388
Armstrong County,vap_oth_b,uss_16_dem_mcg,0.5565696385247538,0.17938299194931126,0.17612902098257857,0.8756021151192968
Armstrong County,vap_oth_b,uss_16_rep_too,0.4434303614752462,0.17938299194931126,0.1243978848807034,0.8238709790174215
Armstrong County,vap_white,atg_16_dem_sha,0.3273498828301072,0.00566235948669816,0.316646797018313,0.33863694265908556
Armstrong County,vap_white,atg_16_rep_raf,0.6726501171698929,0.00566235948669816,0.6613630573409144,0.6833532029816871
Armstrong County,vap_black,atg_16_dem_sha,0.5512595500938978,0.17061784139168684,0.20580848452770392,0.8519224355533264
Armstrong County,vap_black,atg_16_rep_raf,0.4487404499061022,0.17061784139168684,0.1480775644466736,0.7941915154722959
Armstrong County,vap_hisp,atg_16_dem_sha,0.4722195640441843,0.16858224256822468,0.163396400507626,0.802848829124291
Armstrong County,vap_hisp,atg_16_rep_raf,0.5277804359558157,0.16858224256822468,0.1971511708757088,0.836603599492374
Armstrong County,vap_asian,atg_16_dem_sha,0.5173011134643306,0.18050997062053736,0.16950094787695513,0.8583375209804858
Armstrong County,vap_asian,atg_16_rep_raf,0.4826988865356694,0.18050997062053736,0.14166247901951412,0.8304990521230449
Armstrong County,vap_aian,atg_16_dem_sha,0.49538139592314273,0.17047153798255166,0.17289687310802765,0.8216101722573198
Armstrong County,vap_aian,atg_16_rep_raf,0.5046186040768572,0.17047153798255166,0.17838982774268008,0.8271031268919722
Armstrong County,vap_oth_b,atg_16_dem_sha,0.5373303340672309,0.15336318711257907,0.22691848369588577,0.8132957090849213
Armstrong County,vap_oth_b,atg_16_rep_raf,0.4626696659327692,0.15336318711257907,0.18670429091507876,0.7730815163041143
Armstrong County,vap_white,uss_18_dem_cas,0.34926001263246204,0.00598150229027755,0.3379339667144966,0.3614116661766182
Armstrong County,vap_white,uss_18_rep_bar,0.650739987367538,0.00598150229027755,0.638588333823382,0.6620660332855034
Armstrong County,vap_black,uss_18_dem_cas,0.49649461365482994,0.1901976979722032,0.10476219785849082,0.8251453568510678
Armstrong County,vap_black,uss_18_rep_bar,0.5035053863451701,0.1901976979722032,0.17485464314893226,0.895237802141509
Armstrong County,vap_hisp,uss_18_dem_cas,0.5437475979430889,0.1654384873125914,0.2109178475165095,0.8283060088655759
Armstrong County,vap_hisp,uss_18_rep_bar,0.4562524020569111,0.1654384873125914,0.17169399113442405,0.7890821524834906
Armstrong County,vap_asian,uss_18_dem_cas,0.5153266718658421,0.17152704633311883,0.19795283955413148,0.8509844760775492
Armstrong County,vap_asian,uss_18_rep_bar,0.48467332813415775,0.17152704633311883,0.14901552392245077,0.8020471604458684
Armstrong County,vap_aian,uss_18_dem_cas,0.5262454904117583,0.17823500555566063,0.19618519417882865,0.854629618178759
Armstrong County,vap_aian,uss_18_rep_bar,0.4737545095882416,0.17823500555566063,0.14537038182124065,0.8038148058211712
Armstrong County,vap_oth_b,uss_18_dem_cas,0.5185706579439884,0.16369444495315422,0.16769721004904806,0.8025341648629638
Armstrong County,vap_oth_b,uss_18_rep_bar,0.4814293420560117,0.16369444495315422,0.1974658351370362,0.8323027899509519
Armstrong County,vap_white,gov_18_dem_wol,0.35519221472017937,0.00604097499628149,0.34371570717042665,0.36721084285055816
Armstrong County,vap_white,gov_18_rep_wag,0.6448077852798207,0.00604097499628149,0.6327891571494418,0.6562842928295733
Armstrong County,vap_black,gov_18_dem_wol,0.529487460711617,0.15918182911590872,0.2206235507043824,0.8137878048894044
Armstrong County,vap_black,gov_18_rep_wag,0.47051253928838305,0.15918182911590872,0.1862121951105956,0.7793764492956176
Armstrong County,vap_hisp,gov_18_dem_wol,0.5070906416044056,0.1642939434095388,0.19851683681965773,0.8105536858438085
Armstrong County,vap_hisp,gov_18_rep_wag,0.4929093583955943,0.1642939434095388,0.1894463141561914,0.8014831631803423
Armstrong County,vap_asian,gov_18_dem_wol,0.4996223539765366,0.18170531480306804,0.17571208954473225,0.8416033482292862
Armstrong County,vap_asian,gov_18_rep_wag,0.5003776460234634,0.18170531480306804,0.15839665177071371,0.8242879104552677
Armstrong County,vap_aian,gov_18_dem_wol,0.49355894289685537,0.16443606366229124,0.2059305946384998,0.8288950229385035
Armstrong County,vap_aian,gov_18_rep_wag,0.5064410571031446,0.16443606366229124,0.17110497706149635,0.7940694053615001
Armstrong County,vap_oth_b,gov_18_dem_wol,0.5235573403261968,0.1639242734942128,0.20358653673766983,0.8113789766141754
Armstrong County,vap_oth_b,gov_18_rep_wag,0.4764426596738033,0.1639242734942128,0.18862102338582465,0.79641346326233
Armstrong County,vap_white,pre_20_dem_bid,0.2160331468654014,0.00552997383524781,0.20616546592483512,0.22725738783075647
Armstrong County,vap_white,pre_20_rep_tru,0.7839668531345987,0.00552997383524781,0.7727426121692436,0.793834534075165
Armstrong County,vap_black,pre_20_dem_bid,0.5291661108316645,0.16527754882441192,0.20257465658369309,0.8383707230134048
Armstrong County,vap_black,pre_20_rep_tru,0.47083388916833546,0.16527754882441192,0.1616292769865953,0.7974253434163069
Armstrong County,vap_hisp,pre_20_dem_bid,0.5213764562522084,0.16347472398603233,0.20468364390262103,0.8105189505823074
Armstrong County,vap_hisp,pre_20_rep_tru,0.4786235437477916,0.16347472398603233,0.18948104941769264,0.7953163560973788
Armstrong County,vap_asian,pre_20_dem_bid,0.5018918015709541,0.16852306908677814,0.1829556762604126,0.8120356593582239
Armstrong County,vap_asian,pre_20_rep_tru,0.4981081984290458,0.16852306908677814,0.18796434064177597,0.8170443237395874
Armstrong County,vap_aian,pre_20_dem_bid,0.4856505010502331,0.17257633992717594,0.1681585872532069,0.8096584174245268
Armstrong County,vap_aian,pre_20_rep_tru,0.5143494989497668,0.17257633992717594,0.19034158257547307,0.831841412746793
Armstrong County,vap_oth_b,pre_20_dem_bid,0.5608854513421496,0.17698026609197215,0.20712628476781456,0.8492028128865249
Armstrong County,vap_oth_b,pre_20_rep_tru,0.4391145486578504,0.17698026609197215,0.15079718711347517,0.7928737152321854
Armstrong County,vap_white,atg_20_dem_sha,0.288105501449602,0.00536952166638948,0.2775674113356951,0.2984650625732301
Armstrong County,vap_white,atg_20_rep_hei,0.7118944985503981,0.00536952166638948,0.7015349374267701,0.7224325886643049
Armstrong County,vap_black,atg_20_dem_sha,0.5246940946483365,0.16498736894435148,0.20128253978789107,0.8243826643161444
Armstrong County,vap_black,atg_20_rep_hei,0.4753059053516635,0.16498736894435148,0.17561733568385565,0.7987174602121091
Armstrong County,vap_hisp,atg_20_dem_sha,0.5195903146231435,0.14767962036844612,0.2507840789794015,0.800677373197311
Armstrong County,vap_hisp,atg_20_rep_hei,0.4804096853768565,0.14767962036844612,0.1993226268026886,0.7492159210205983
Armstrong County,vap_asian,atg_20_dem_sha,0.5293968829205037,0.1654651632860086,0.19276648398742605,0.8147853187873757
Armstrong County,vap_asian,atg_20_rep_hei,0.4706031170794963,0.1654651632860086,0.1852146812126242,0.8072335160125739
Armstrong County,vap_aian,atg_20_dem_sha,0.47546087487620986,0.17444361958862303,0.1575017102196341,0.8215222725813611
Armstrong County,vap_aian,atg_20_rep_hei,0.5245391251237901,0.17444361958862303,0.1784777274186388,0.8424982897803659
Armstrong County,vap_oth_b,atg_20_dem_sha,0.5551077616300917,0.15704459658364428,0.26229082351056077,0.8679890320986992
Armstrong County,vap_oth_b,atg_20_rep_hei,0.4448922383699084,0.15704459658364428,0.1320109679013008,0.7377091764894392
Beaver County,vap_white,pre_16_dem_cli,0.35710210003658593,0.00482895451735003,0.3482638552752322,0.3674356352729421
Beaver County,vap_white,pre_16_rep_tru,0.6428978999634141,0.00482895451735003,0.6325643647270578,0.6517361447247677
Beaver County,vap_black,pre_16_dem_cli,0.9565560135326364,0.01531453471543937,0.9193286319318684,0.979737448444038
Beaver County,vap_black,pre_16_rep_tru,0.04344398646736336,0.01531453471543937,0.02026255155596195,0.08067136806813154
Beaver County,vap_hisp,pre_16_dem_cli,0.7753386483118061,0.0870379350306174,0.5827850816293436,0.9060878825043468
Beaver County,vap_hisp,pre_16_rep_tru,0.22466135168819393,0.0870379350306174,0.09391211749565326,0.4172149183706564
Beaver County,vap_asian,pre_16_dem_cli,0.541533994801375,0.15006976777636863,0.2407123125833479,0.8064784586608644
Beaver County,vap_asian,pre_16_rep_tru,0.4584660051986249,0.15006976777636863,0.19352154133913543,0.759287687416652
Beaver County,vap_aian,pre_16_dem_cli,0.5019279159943878,0.1600974538602034,0.19681479744170396,0.8023365991018644
Beaver County,vap_aian,pre_16_rep_tru,0.4980720840056122,0.1600974538602034,0.1976634008981357,0.8031852025582961
Beaver County,vap_oth_b,pre_16_dem_cli,0.8118349293288832,0.07222060554717677,0.6476174283322019,0.9236618056900224
Beaver County,vap_oth_b,pre_16_rep_tru,0.1881650706711167,0.07222060554717677,0.07633819430997744,0.3523825716677981
Beaver County,vap_white,uss_16_dem_mcg,0.4043668539777171,0.00465619390114442,0.39554567046202094,0.4140250396289058
Beaver County,vap_white,uss_16_rep_too,0.5956331460222829,0.00465619390114442,0.5859749603710942,0.6044543295379791
Beaver County,vap_black,uss_16_dem_mcg,0.951169653358567,0.01474330992104694,0.9156684945898304,0.9752936062779868
Beaver County,vap_black,uss_16_rep_too,0.04883034664143293,0.01474330992104695,0.02470639372201312,0.08433150541016952
Beaver County,vap_hisp,uss_16_dem_mcg,0.754143734843371,0.08688857123410716,0.5547059506976638,0.8969764635201657
Beaver County,vap_hisp,uss_16_rep_too,0.2458562651566289,0.08688857123410716,0.1030235364798342,0.44529404930233607
Beaver County,vap_asian,uss_16_dem_mcg,0.502840764596661,0.16757980637880912,0.1987422657150044,0.8308836130841413
Beaver County,vap_asian,uss_16_rep_too,0.4971592354033389,0.16757980637880912,0.16911638691585873,0.8012577342849954
Beaver County,vap_aian,uss_16_dem_mcg,0.5259047575232425,0.15594336652935364,0.21955780803766944,0.8147033492444645
Beaver County,vap_aian,uss_16_rep_too,0.4740952424767575,0.15594336652935364,0.18529665075553536,0.7804421919623306
Beaver County,vap_oth_b,uss_16_dem_mcg,0.8079922807746437,0.07085571022221801,0.6434172189581864,0.9154559101054618
Beaver County,vap_oth_b,uss_16_rep_too,0.1920077192253563,0.07085571022221801,0.08454408989453821,0.3565827810418134
Beaver County,vap_white,atg_16_dem_sha,0.44365187677186224,0.00457626709419934,0.4352466497500837,0.4532424322758434
Beaver County,vap_white,atg_16_rep_raf,0.5563481232281378,0.00457626709419934,0.5467575677241565,0.5647533502499164
Beaver County,vap_black,atg_16_dem_sha,0.943143792586809,0.01749419772434976,0.9023970292996376,0.9706475138252024
Beaver County,vap_black,atg_16_rep_raf,0.05685620741319094,0.01749419772434976,0.02935248617479732,0.09760297070036238
Beaver County,vap_hisp,atg_16_dem_sha,0.762277883838388,0.0908367787479381,0.5610560020984355,0.9007969156541124
Beaver County,vap_hisp,atg_16_rep_raf,0.23772211616161196,0.09083677874793808,0.09920308434588766,0.43894399790156446
Beaver County,vap_asian,atg_16_dem_sha,0.5332458981527177,0.15165460072137607,0.24910822415001777,0.8050290600308795
Beaver County,vap_asian,atg_16_rep_raf,0.4667541018472822,0.15165460072137607,0.1949709399691204,0.7508917758499821
Beaver County,vap_aian,atg_16_dem_sha,0.5008187908729113,0.17703882884686897,0.14920537720062096,0.83125755145843
Beaver County,vap_aian,atg_16_rep_raf,0.49918120912708885,0.17703882884686897,0.16874244854156994,0.8507946227993791
Beaver County,vap_oth_b,atg_16_dem_sha,0.811887690384146,0.06962727154355348,0.654171572853167,0.916748324193148
Beaver County,vap_oth_b,atg_16_rep_raf,0.18811230961585407,0.06962727154355348,0.08325167580685194,0.3458284271468328
Beaver County,vap_white,uss_18_dem_cas,0.4985022302899768,0.0048576526215986,0.48954727701904555,0.5088585947133855
Beaver County,vap_white,uss_18_rep_bar,0.5014977697100232,0.0048576526215986,0.49114140528661454,0.5104527229809543
Beaver County,vap_black,uss_18_dem_cas,0.9457353793491476,0.01721489702909612,0.9059551595898174,0.9721430547838712
Beaver County,vap_black,uss_18_rep_bar,0.05426462065085227,0.01721489702909612,0.02785694521612861,0.09404484041018252
Beaver County,vap_hisp,uss_18_dem_cas,0.7768386412930266,0.08303650921400592,0.5790832158545428,0.9029695352137448
Beaver County,vap_hisp,uss_18_rep_bar,0.22316135870697337,0.08303650921400592,0.09703046478625516,0.42091678414545713
Beaver County,vap_asian,uss_18_dem_cas,0.5228724391666175,0.16368996640373004,0.21428877749303923,0.8278825083239227
Beaver County,vap_asian,uss_18_rep_bar,0.4771275608333824,0.16368996640373004,0.17211749167607712,0.7857112225069607
Beaver County,vap_aian,uss_18_dem_cas,0.5049779531877555,0.17188988054927706,0.16361916172862873,0.8179814951638891
Beaver County,vap_aian,uss_18_rep_bar,0.4950220468122445,0.17188988054927706,0.18201850483611073,0.8363808382713713
Beaver County,vap_oth_b,uss_18_dem_cas,0.7987227407751598,0.07349856670118696,0.6295923825813249,0.914862146408252
Beaver County,vap_oth_b,uss_18_rep_bar,0.2012772592248402,0.07349856670118696,0.08513785359174808,0.3704076174186751
Beaver County,vap_white,gov_18_dem_wol,0.5215743632069182,0.0051497638663178,0.5120857235997919,0.5322394769979392
Beaver County,vap_white,gov_18_rep_wag,0.47842563679308175,0.0051497638663178,0.4677605230020609,0.48791427640020807
Beaver County,vap_black,gov_18_dem_wol,0.9508221531280806,0.0169322876883318,0.9109507365102756,0.976637084671473
Beaver County,vap_black,gov_18_rep_wag,0.04917784687191936,0.0169322876883318,0.02336291532852695,0.08904926348972443
Beaver County,vap_hisp,gov_18_dem_wol,0.7415656455898972,0.11895578675245436,0.4602268223361376,0.9150497093100622
Beaver County,vap_hisp,gov_18_rep_wag,0.2584343544101027,0.11895578675245436,0.0849502906899376,0.5397731776638623
Beaver County,vap_asian,gov_18_dem_wol,0.5599894468345178,0.1522651759744679,0.2525077595791372,0.8198521211025341
Beaver County,vap_asian,gov_18_rep_wag,0.44001055316548215,0.1522651759744679,0.1801478788974657,0.7474922404208626
Beaver County,vap_aian,gov_18_dem_wol,0.5222862385452887,0.17647698252694688,0.1691260258565452,0.8256199663510588
Beaver County,vap_aian,gov_18_rep_wag,0.4777137614547114,0.17647698252694688,0.17438003364894122,0.8308739741434547
Beaver County,vap_oth_b,gov_18_dem_wol,0.7976371825041317,0.07680265628530773,0.6122440501959661,0.9124364254824116
Beaver County,vap_oth_b,gov_18_rep_wag,0.2023628174958683,0.07680265628530773,0.08756357451758828,0.38775594980403383
Beaver County,vap_white,pre_20_dem_bid,0.365442843177319,0.00481784498841507,0.35669429720459495,0.3753319718430083
Beaver County,vap_white,pre_20_rep_tru,0.634557156822681,0.00481784498841507,0.6246680281569916,0.6433057027954052
Beaver County,vap_black,pre_20_dem_bid,0.9466890102187148,0.01647070525717536,0.9105298836047386,0.9739150078350016
Beaver County,vap_black,pre_20_rep_tru,0.05331098978128529,0.01647070525717536,0.02608499216499837,0.08947011639526123
Beaver County,vap_hisp,pre_20_dem_bid,0.7585755061154402,0.0976221022533154,0.5369031103378237,0.904641635494794
Beaver County,vap_hisp,pre_20_rep_tru,0.24142449388455975,0.0976221022533154,0.095358364505206,0.4630968896621762
Beaver County,vap_asian,pre_20_dem_bid,0.5145990221469906,0.1595988410254359,0.2330504882933277,0.8296400640024776
Beaver County,vap_asian,pre_20_rep_tru,0.4854009778530094,0.1595988410254359,0.1703599359975224,0.7669495117066722
Beaver County,vap_aian,pre_20_dem_bid,0.5174486868913958,0.16213477429983805,0.21016529438086667,0.8121542040939845
Beaver County,vap_aian,pre_20_rep_tru,0.4825513131086043,0.16213477429983805,0.1878457959060155,0.7898347056191334
Beaver County,vap_oth_b,pre_20_dem_bid,0.793595116862106,0.07506919341288712,0.6333779093014378,0.9128672276582162
Beaver County,vap_oth_b,pre_20_rep_tru,0.20640488313789393,0.07506919341288712,0.08713277234178372,0.36662209069856216
Beaver County,vap_white,atg_20_dem_sha,0.4453911460888424,0.00489585653092036,0.4366996940399408,0.4558589062843954
Beaver County,vap_white,atg_20_rep_hei,0.5546088539111576,0.00489585653092036,0.5441410937156046,0.5633003059600591
Beaver County,vap_black,atg_20_dem_sha,0.9490050339957776,0.01615106518546566,0.9134196112986848,0.9754913798787184
Beaver County,vap_black,atg_20_rep_hei,0.05099496600422228,0.01615106518546566,0.02450862012128168,0.08658038870131499
Beaver County,vap_hisp,atg_20_dem_sha,0.7833787878578098,0.09362901672233792,0.5658466475123007,0.9124362107141086
Beaver County,vap_hisp,atg_20_rep_hei,0.21662121214219013,0.09362901672233792,0.08756378928589142,0.4341533524876991
Beaver County,vap_asian,atg_20_dem_sha,0.5126948266355846,0.16314760978588183,0.201361959882797,0.8005934093124562
Beaver County,vap_asian,atg_20_rep_hei,0.48730517336441537,0.16314760978588183,0.19940659068754377,0.798638040117203
Beaver County,vap_aian,atg_20_dem_sha,0.48240091069637325,0.1794988564461873,0.16620409347665077,0.8224887715081081
Beaver County,vap_aian,atg_20_rep_hei,0.5175990893036267,0.1794988564461873,0.17751122849189188,0.8337959065233493
Beaver County,vap_oth_b,atg_20_dem_sha,0.8064881751792562,0.07751661437578172,0.6232397042437674,0.9198977506262328
Beaver County,vap_oth_b,atg_20_rep_hei,0.19351182482074375,0.07751661437578172,0.08010224937376709,0.3767602957562326
Bedford County,vap_white,pre_16_dem_cli,0.14535874813754524,0.00562667033334711,0.13455525165769736,0.15682207464062076
Bedford County,vap_white,pre_16_rep_tru,0.8546412518624548,0.00562667033334711,0.8431779253593792,0.8654447483423027
Bedford County,vap_black,pre_16_dem_cli,0.5195432456707113,0.16666037371390716,0.1949864352551518,0.8154808579791138
Bedford County,vap_black,pre_16_rep_tru,0.48045675432928864,0.16666037371390716,0.1845191420208859,0.8050135647448481
Bedford County,vap_hisp,pre_16_dem_cli,0.5181687963134877,0.17507584690128075,0.17228811659685891,0.8349858615988854
Bedford County,vap_hisp,pre_16_rep_tru,0.4818312036865123,0.17507584690128075,0.16501413840111445,0.827711883403141
Bedford County,vap_asian,pre_16_dem_cli,0.5037686684241793,0.18560846439474277,0.164645417662008,0.8395552829429147
Bedford County,vap_asian,pre_16_rep_tru,0.4962313315758206,0.18560846439474277,0.16044471705708535,0.8353545823379919
Bedford County,vap_aian,pre_16_dem_cli,0.5119960868560695,0.1742491022220916,0.1765256604806652,0.8323461757100967
Bedford County,vap_aian,pre_16_rep_tru,0.4880039131439306,0.1742491022220916,0.16765382428990327,0.8234743395193349
Bedford County,vap_oth_b,pre_16_dem_cli,0.5761089022564556,0.15899339381008715,0.24779685672098903,0.8638645736019742
Bedford County,vap_oth_b,pre_16_rep_tru,0.42389109774354433,0.15899339381008715,0.13613542639802564,0.752203143279011
Bedford County,vap_white,uss_16_dem_mcg,0.1958653813026579,0.00617909257987275,0.1841232894978448,0.20799445724931648
Bedford County,vap_white,uss_16_rep_too,0.8041346186973422,0.00617909257987275,0.7920055427506836,0.8158767105021552
Bedford County,vap_black,uss_16_dem_mcg,0.48713458705709006,0.17133365015189345,0.17388445217212026,0.8076881101794314
Bedford County,vap_black,uss_16_rep_too,0.5128654129429099,0.17133365015189345,0.1923118898205685,0.8261155478278797
Bedford County,vap_hisp,uss_16_dem_mcg,0.5138109202473096,0.1704471372399557,0.1745320916903645,0.8373547581458973
Bedford County,vap_hisp,uss_16_rep_too,0.4861890797526904,0.1704471372399557,0.1626452418541025,0.8254679083096353
Bedford County,vap_asian,uss_16_dem_mcg,0.4775365746558316,0.1676144066357,0.16566898016460604,0.7947732879646431
Bedford County,vap_asian,uss_16_rep_too,0.5224634253441683,0.1676144066357,0.205226712035357,0.8343310198353938
Bedford County,vap_aian,uss_16_dem_mcg,0.5143385787744006,0.1632817290440026,0.20462984235334272,0.8154714595619965
Bedford County,vap_aian,uss_16_rep_too,0.48566142122559947,0.1632817290440026,0.18452854043800343,0.7953701576466569
Bedford County,vap_oth_b,uss_16_dem_mcg,0.5689686229569084,0.16071625106937712,0.2570635300354211,0.854736087936621
Bedford County,vap_oth_b,uss_16_rep_too,0.4310313770430916,0.16071625106937712,0.14526391206337885,0.7429364699645787
Bedford County,vap_white,atg_16_dem_sha,0.23207195770887631,0.00642158198551944,0.21962173329549067,0.24464853969050543
Bedford County,vap_white,atg_16_rep_raf,0.7679280422911237,0.00642158198551943,0.7553514603094946,0.7803782667045093
Bedford County,vap_black,atg_16_dem_sha,0.5003389989323563,0.17005719544574016,0.18853429586245915,0.8276992798075975
Bedford County,vap_black,atg_16_rep_raf,0.4996610010676436,0.17005719544574016,0.1723007201924023,0.8114657041375407
Bedford County,vap_hisp,atg_16_dem_sha,0.5435749220200167,0.1701678704090827,0.21272002280440483,0.8413638886985044
Bedford County,vap_hisp,atg_16_rep_raf,0.4564250779799834,0.1701678704090827,0.15863611130149555,0.7872799771955951
Bedford County,vap_asian,atg_16_dem_sha,0.48766052710133223,0.17351037048826914,0.1740953093172365,0.8145414779916348
Bedford County,vap_asian,atg_16_rep_raf,0.5123394728986678,0.17351037048826914,0.18545852200836496,0.8259046906827634
Bedford County,vap_aian,atg_16_dem_sha,0.5138599801060839,0.18046249167341627,0.1599348314155994,0.8330368768220694
Bedford County,vap_aian,atg_16_rep_raf,0.4861400198939161,0.18046249167341627,0.16696312317793066,0.8400651685844007
Bedford County,vap_oth_b,atg_16_dem_sha,0.54680084058469125,0.1585293125768808,0.2334156120898414,0.8370732525020177
Bedford County,vap_oth_b,atg_16_rep_raf,0.4531991594153087,0.1585293125768808,0.16292674749798236,0.7665843879101585
Bedford County,vap_white,uss_18_dem_cas,0.24549557191340748,0.00703368479829997,0.23192372772076172,0.2591955962661237
Bedford County,vap_white,uss_18_rep_bar,0.7545044280865926,0.00703368479829997,0.7408044037338762,0.7680762722792384
Bedford County,vap_black,uss_18_dem_cas,0.4850864106757405,0.16364720579736716,0.1833913945729171,0.794408028044725
Bedford County,vap_black,uss_18_rep_bar,0.5149135893242595,0.16364720579736716,0.20559197195527495,0.816608605427083
Bedford County,vap_hisp,uss_18_dem_cas,0.5204569583200819,0.16909861825113845,0.19513467286872724,0.8335698103833543
Bedford County,vap_hisp,uss_18_rep_bar,0.47954304167991807,0.16909861825113845,0.16643018961664555,0.8048653271312726
Bedford County,vap_asian,uss_18_dem_cas,0.5007532410133875,0.1620359261842065,0.18473024235044908,0.7998826218934639
Bedford County,vap_asian,uss_18_rep_bar,0.4992467589866125,0.1620359261842065,0.20011737810653593,0.8152697576495508
Bedford County,vap_aian,uss_18_dem_cas,0.5093935712402377,0.1797137216744305,0.18359632206249837,0.8688970099726471
Bedford County,vap_aian,uss_18_rep_bar,0.4906064287597624,0.1797137216744305,0.1311029900273529,0.8164036779375016
Bedford County,vap_oth_b,uss_18_dem_cas,0.5201119043418515,0.17251818041111003,0.19211162081722957,0.8253210988787235
Bedford County,vap_oth_b,uss_18_rep_bar,0.4798880956581485,0.17251818041111003,0.17467890112127626,0.8078883791827702
Bedford County,vap_white,gov_18_dem_wol,0.22948733225946577,0.00680800980952201,0.21608242279657972,0.2427814510382142
Bedford County,vap_white,gov_18_rep_wag,0.7705126677405343,0.00680800980952201,0.7572185489617858,0.7839175772034203
Bedford County,vap_black,gov_18_dem_wol,0.5255781822172421,0.16787924578773172,0.20166480818041535,0.844077611244735
Bedford County,vap_black,gov_18_rep_wag,0.4744218177827579,0.16787924578773172,0.15592238875526507,0.7983351918195845
Bedford County,vap_hisp,gov_18_dem_wol,0.4958711845819376,0.16694100494713954,0.18414936537902943,0.8077601413194032
Bedford County,vap_hisp,gov_18_rep_wag,0.5041288154180623,0.16694100494713954,0.19223985868059656,0.8158506346209705
Bedford County,vap_asian,gov_18_dem_wol,0.48337003517243265,0.17007395146248813,0.16561177654579154,0.8046898282400248
Bedford County,vap_asian,gov_18_rep_wag,0.5166299648275673,0.17007395146248813,0.19531017175997523,0.8343882234542085
Bedford County,vap_aian,gov_18_dem_wol,0.5218779308994702,0.15421059842839355,0.22309103564963376,0.8078716429807097
Bedford County,vap_aian,gov_18_rep_wag,0.47812206910052985,0.15421059842839355,0.19212835701929012,0.7769089643503663
Bedford County,vap_oth_b,gov_18_dem_wol,0.5515435408193854,0.16479221811572534,0.23131251483979004,0.8546315725436268
Bedford County,vap_oth_b,gov_18_rep_wag,0.4484564591806146,0.16479221811572534,0.1453684274563731,0.7686874851602099
Bedford County,vap_white,pre_20_dem_bid,0.1398223928295868,0.00572977442335949,0.1291563160949314,0.15115360461006982
Bedford County,vap_white,pre_20_rep_tru,0.8601776071704132,0.00572977442335949,0.8488463953899302,0.8708436839050687
Bedford County,vap_black,pre_20_dem_bid,0.5105443828747654,0.17891024491395782,0.16894569162015757,0.8493125049206843
Bedford County,vap_black,pre_20_rep_tru,0.4894556171252345,0.17891024491395782,0.15068749507931545,0.8310543083798424
Bedford County,vap_hisp,pre_20_dem_bid,0.5517978457803225,0.17045552272894296,0.2091616120062566,0.8505197361868708
Bedford County,vap_hisp,pre_20_rep_tru,0.4482021542196774,0.17045552272894296,0.14948026381312915,0.7908383879937434
Bedford County,vap_asian,pre_20_dem_bid,0.4945825088152541,0.17984274125029895,0.15340934103618983,0.8327587665691886
Bedford County,vap_asian,pre_20_rep_tru,0.5054174911847459,0.17984274125029895,0.16724123343081146,0.8465906589638101
Bedford County,vap_aian,pre_20_dem_bid,0.5132740666557984,0.17138441809763488,0.18546826234580815,0.8336603396990312
Bedford County,vap_aian,pre_20_rep_tru,0.4867259333442016,0.17138441809763488,0.16633966030096867,0.8145317376541918
Bedford County,vap_oth_b,pre_20_dem_bid,0.5608537785997787,0.16285126589205176,0.24155009513746928,0.8533502156069737
Bedford County,vap_oth_b,pre_20_rep_tru,0.4391462214002213,0.16285126589205176,0.14664978439302628,0.7584499048625306
Bedford County,vap_white,atg_20_dem_sha,0.16424901817876378,0.00607519316411966,0.15244199079577758,0.1760418818904188
Bedford County,vap_white,atg_20_rep_hei,0.8357509818212363,0.00607519316411966,0.8239581181095812,0.8475580092042224
Bedford County,vap_black,atg_20_dem_sha,0.5130445200365047,0.16274024135687762,0.1922187967902365,0.8045590109923173
Bedford County,vap_black,atg_20_rep_hei,0.48695547996349525,0.16274024135687762,0.1954409890076826,0.8077812032097632
Bedford County,vap_hisp,atg_20_dem_sha,0.525476265538056,0.18381618821590257,0.1371782323950612,0.8337643183904806
Bedford County,vap_hisp,atg_20_rep_hei,0.474523734461944,0.18381618821590257,0.16623568160951926,0.8628217676049388
Bedford County,vap_asian,atg_20_dem_sha,0.5064806061538508,0.18106393110462515,0.14925157711407486,0.8375456465743024
Bedford County,vap_asian,atg_20_rep_hei,0.4935193938461491,0.18106393110462515,0.16245435342569756,0.850748422885925
Bedford County,vap_aian,atg_20_dem_sha,0.5197741128322019,0.19039404819530295,0.1859633990582359,0.887870541776612
Bedford County,vap_aian,atg_20_rep_hei,0.4802258871677982,0.19039404819530295,0.11212945822338792,0.8140366009417641
Bedford County,vap_oth_b,atg_20_dem_sha,0.5525079046207847,0.17417960762158444,0.2166005217262125,0.8685227600745866
Bedford County,vap_oth_b,atg_20_rep_hei,0.4474920953792153,0.17417960762158444,0.13147723992541335,0.7833994782737873
Berks County,vap_white,pre_16_dem_cli,0.31155789869353784,0.00492090828767091,0.3021442182706934,0.320671009558837
Berks County,vap_white,pre_16_rep_tru,0.6884421013064621,0.00492090828767091,0.6793289904411629,0.6978557817293065
Berks County,vap_black,pre_16_dem_cli,0.908334947586028,0.02911550034302148,0.8359931052398635,0.9516149504828214
Berks County,vap_black,pre_16_rep_tru,0.09166505241397206,0.02911550034302148,0.04838504951717867,0.16400689476013658
Berks County,vap_hisp,pre_16_dem_cli,0.9671820791467872,0.00531092003001338,0.9560178846388512,0.9769225181301452
Berks County,vap_hisp,pre_16_rep_tru,0.03281792085321298,0.00531092003001338,0.02307748186985494,0.04398211536114872
Berks County,vap_asian,pre_16_dem_cli,0.6348848484049062,0.14010723402664982,0.3267585281302855,0.8581851598534936
Berks County,vap_asian,pre_16_rep_tru,0.3651151515950938,0.14010723402664982,0.14181484014650633,0.6732414718697143
Berks County,vap_aian,pre_16_dem_cli,0.513007565453761,0.15107256196912233,0.2390976758672422,0.7904534390181992
Berks County,vap_aian,pre_16_rep_tru,0.48699243454623903,0.15107256196912233,0.20954656098180072,0.7609023241327578
Berks County,vap_oth_b,pre_16_dem_cli,0.6591294293996768,0.11894662538032288,0.41200497659850216,0.8649761098657529
Berks County,vap_oth_b,pre_16_rep_tru,0.3408705706003233,0.11894662538032288,0.1350238901342471,0.5879950234014979
Berks County,vap_white,uss_16_dem_mcg,0.318096325014799,0.00561041839347685,0.30769306240702027,0.32885818622133456
Berks County,vap_white,uss_16_rep_too,0.681903674985201,0.00561041839347685,0.6711418137786654,0.6923069375929798
Berks County,vap_black,uss_16_dem_mcg,0.8708042275416146,0.03896419745242445,0.7832747862655698,0.9324817560522192
Berks County,vap_black,uss_16_rep_too,0.12919577245838534,0.03896419745242445,0.06751824394778089,0.21672521373443024
Berks County,vap_hisp,uss_16_dem_mcg,0.958354883624458,0.00674040389564713,0.9447282941946608,0.9709565414690592
Berks County,vap_hisp,uss_16_rep_too,0.04164511637554197,0.00674040389564713,0.02904345853094086,0.0552717058053393
Berks County,vap_asian,uss_16_dem_mcg,0.7228696047862915,0.15036881649494058,0.3783364657577412,0.9202417480030064
Berks County,vap_asian,uss_16_rep_too,0.2771303952137085,0.15036881649494058,0.07975825199699345,0.6216635342422586
Berks County,vap_aian,uss_16_dem_mcg,0.5080688332922186,0.15714274291901095,0.24090727648607899,0.8201984179178977
Berks County,vap_aian,uss_16_rep_too,0.4919311667077815,0.15714274291901095,0.1798015820821024,0.7590927235139209
Berks County,vap_oth_b,uss_16_dem_mcg,0.5897855499704905,0.15171320854495648,0.27397578299397934,0.8406379911385577
Berks County,vap_oth_b,uss_16_rep_too,0.4102144500295095,0.15171320854495648,0.15936200886144228,0.7260242170060206
Berks County,vap_white,atg_16_dem_sha,0.3526250856888799,0.00597705207362605,0.3415393410118678,0.36430976666503434
Berks County,vap_white,atg_16_rep_raf,0.64737491431112,0.00597705207362605,0.6356902333349657,0.6584606589881322
Berks County,vap_black,atg_16_dem_sha,0.8787759361568389,0.05068949102523262,0.7501806664129111,0.9455491620269784
Berks County,vap_black,atg_16_rep_raf,0.12122406384316103,0.05068949102523261,0.05445083797302146,0.24981933358708872
Berks County,vap_hisp,atg_16_dem_sha,0.9640047300553966,0.00637124057527649,0.9506008402698768,0.9755328756432222
Berks County,vap_hisp,atg_16_rep_raf,0.0359952699446035,0.00637124057527649,0.02446712435677782,0.04939915973012341
Berks County,vap_asian,atg_16_dem_sha,0.546096166713357,0.16028796362882555,0.23868400646687105,0.8392101830368698
Berks County,vap_asian,atg_16_rep_raf,0.45390383328664297,0.16028796362882555,0.1607898169631301,0.761315993533129
Berks County,vap_aian,atg_16_dem_sha,0.5042506842113553,0.15066105032786073,0.20354440017681277,0.7801407239340498
Berks County,vap_aian,atg_16_rep_raf,0.4957493157886447,0.15066105032786073,0.21985927606595004,0.7964555998231873
Berks County,vap_oth_b,atg_16_dem_sha,0.5458483658941575,0.15506984745611585,0.2724305444902652,0.8293289362088091
Berks County,vap_oth_b,atg_16_rep_raf,0.4541516341058426,0.15506984745611585,0.1706710637911909,0.7275694555097347
Berks County,vap_white,uss_18_dem_cas,0.42075505126575585,0.00541423717459708,0.41082557311348006,0.4315492220367784
Berks County,vap_white,uss_18_rep_bar,0.5792449487342441,0.00541423717459708,0.5684507779632217,0.5891744268865199
Berks County,vap_black,uss_18_dem_cas,0.8957016914972546,0.03661023247633208,0.8052416103669691,0.9485577033164404
Berks County,vap_black,uss_18_rep_bar,0.10429830850274532,0.03661023247633208,0.05144229668355948,0.19475838963303088
Berks County,vap_hisp,uss_18_dem_cas,0.9695884582324072,0.00579298044890256,0.9570797017087872,0.9794570100074896
Berks County,vap_hisp,uss_18_rep_bar,0.03041154176759275,0.00579298044890256,0.02054298999251037,0.04292029829121289
Berks County,vap_asian,uss_18_dem_cas,0.6689757669709251,0.12520171213080403,0.3626395345379549,0.8577873042313876
Berks County,vap_asian,uss_18_rep_bar,0.33102423302907485,0.12520171213080403,0.14221269576861237,0.6373604654620451
Berks County,vap_aian,uss_18_dem_cas,0.543897413006261,0.16039600615097369,0.2204743302993205,0.823551894973608
Berks County,vap_aian,uss_18_rep_bar,0.456102586993739,0.16039600615097369,0.1764481050263919,0.7795256697006793
Berks County,vap_oth_b,uss_18_dem_cas,0.5706796854738043,0.1304156442767297,0.30716146795149263,0.7997172113597556
Berks County,vap_oth_b,uss_18_rep_bar,0.4293203145261957,0.1304156442767297,0.2002827886402443,0.6928385320485073
Berks County,vap_white,gov_18_dem_wol,0.439797800175681,0.005769097613983,0.42909234118386447,0.4510452471415757
Berks County,vap_white,gov_18_rep_wag,0.560202199824319,0.005769097613983,0.5489547528584243,0.5709076588161355
Berks County,vap_black,gov_18_dem_wol,0.8790922140185783,0.03978771350173487,0.7837120709214408,0.9384987018818244
Berks County,vap_black,gov_18_rep_wag,0.12090778598142164,0.03978771350173487,0.06150129811817559,0.21628792907855915
Berks County,vap_hisp,gov_18_dem_wol,0.9667426609382463,0.005869755339547,0.9545951204201426,0.9775771085490704
Berks County,vap_hisp,gov_18_rep_wag,0.03325733906175365,0.005869755339547,0.02242289145092958,0.04540487957985741
Berks County,vap_asian,gov_18_dem_wol,0.6894396018669405,0.12524263386389248,0.4220155254940281,0.8803403774776475
Berks County,vap_asian,gov_18_rep_wag,0.3105603981330595,0.12524263386389248,0.11965962252235246,0.5779844745059719
Berks County,vap_aian,gov_18_dem_wol,0.5271118529853862,0.1602920416133218,0.2225830239970346,0.8145633601185075
Berks County,vap_aian,gov_18_rep_wag,0.4728881470146138,0.1602920416133218,0.18543663988149256,0.7774169760029653
Berks County,vap_oth_b,gov_18_dem_wol,0.6300826415022589,0.15176570178779503,0.35386313550956744,0.8874228439095844
Berks County,vap_oth_b,gov_18_rep_wag,0.3699173584977411,0.15176570178779503,0.11257715609041564,0.6461368644904326
Berks County,vap_white,pre_20_dem_bid,0.3584370563319032,0.00560399589066584,0.347829796220694,0.36949909067839537
Berks County,vap_white,pre_20_rep_tru,0.6415629436680969,0.00560399589066584,0.6305009093216045,0.6521702037793059
Berks County,vap_black,pre_20_dem_bid,0.7836289875202207,0.09598454034749422,0.5373468113216632,0.9074929921965968
Berks County,vap_black,pre_20_rep_tru,0.2163710124797792,0.09598454034749422,0.09250700780340317,0.46265318867833666
Berks County,vap_hisp,pre_20_dem_bid,0.8670757871698471,0.01639359380326845,0.8377741345399597,0.9031975003160544
Berks County,vap_hisp,pre_20_rep_tru,0.1329242128301529,0.01639359380326845,0.09680249968394546,0.16222586546004025
Berks County,vap_asian,pre_20_dem_bid,0.7200302235089714,0.09855413340554484,0.49269027817277294,0.8859630578238558
Berks County,vap_asian,pre_20_rep_tru,0.27996977649102855,0.09855413340554484,0.11403694217614412,0.5073097218272269
Berks County,vap_aian,pre_20_dem_bid,0.5218296009493207,0.14895006353913776,0.23445859885815404,0.7813391152003946
Berks County,vap_aian,pre_20_rep_tru,0.47817039905067926,0.14895006353913776,0.21866088479960535,0.7655414011418458
Berks County,vap_oth_b,pre_20_dem_bid,0.5410596107974334,0.1409451694875106,0.26896230559015777,0.7881861536826348
Berks County,vap_oth_b,pre_20_rep_tru,0.4589403892025667,0.1409451694875106,0.2118138463173652,0.7310376944098421
Berks County,vap_white,atg_20_dem_sha,0.3670108530180932,0.0068503182227298,0.3559622835382723,0.3817381694069279
Berks County,vap_white,atg_20_rep_hei,0.6329891469819068,0.0068503182227298,0.6182618305930722,0.6440377164617277
Berks County,vap_black,atg_20_dem_sha,0.799691699999817,0.06880819965410932,0.6492962647073369,0.910193502499571
Berks County,vap_black,atg_20_rep_hei,0.200308300000183,0.06880819965410932,0.08980649750042918,0.35070373529266285
Berks County,vap_hisp,atg_20_dem_sha,0.9043618457004552,0.01321962918991771,0.8797474514392938,0.9299783831597556
Berks County,vap_hisp,atg_20_rep_hei,0.09563815429954475,0.01321962918991771,0.07002161684024455,0.12025254856070612
Berks County,vap_asian,atg_20_dem_sha,0.7127676358046079,0.11679792696954032,0.4669556886793955,0.9087897706054212
Berks County,vap_asian,atg_20_rep_hei,0.2872323641953921,0.11679792696954032,0.09121022939457896,0.5330443113206045
Berks County,vap_aian,atg_20_dem_sha,0.5603886654670598,0.16417512306259688,0.22373609598052197,0.8294206849594659
Berks County,vap_aian,atg_20_rep_hei,0.43961133453294027,0.16417512306259688,0.17057931504053403,0.7762639040194781
Berks County,vap_oth_b,atg_20_dem_sha,0.6735986262115434,0.19876833673150657,0.24497422013563208,0.9305886750481268
Berks County,vap_oth_b,atg_20_rep_hei,0.32640137378845663,0.19876833673150657,0.06941132495187317,0.7550257798643679
Blair County,vap_white,pre_16_dem_cli,0.2489109285519467,0.0059537384290851,0.2383307373939118,0.26138665770623715
Blair County,vap_white,pre_16_rep_tru,0.7510890714480533,0.0059537384290851,0.7386133422937627,0.761669262606088
Blair County,vap_black,pre_16_dem_cli,0.7150372708231298,0.12612486045419571,0.4097610223921612,0.9033546309406146
Blair County,vap_black,pre_16_rep_tru,0.28496272917687004,0.12612486045419571,0.09664536905938528,0.5902389776078387
Blair County,vap_hisp,pre_16_dem_cli,0.5354862179660526,0.15441126431061564,0.22577756962233,0.8027048000473992
Blair County,vap_hisp,pre_16_rep_tru,0.4645137820339475,0.15441126431061564,0.1972951999526007,0.77422243037767
Blair County,vap_asian,pre_16_dem_cli,0.5220662039497715,0.17882203594612217,0.18424437222549503,0.8471820190126178
Blair County,vap_asian,pre_16_rep_tru,0.47793379605022845,0.17882203594612217,0.15281798098738217,0.8157556277745046
Blair County,vap_aian,pre_16_dem_cli,0.5053616061114936,0.16918323119195133,0.18393927649794656,0.8199550187476543
Blair County,vap_aian,pre_16_rep_tru,0.49463839388850633,0.16918323119195133,0.1800449812523458,0.816060723502053
Blair County,vap_oth_b,pre_16_dem_cli,0.6582269172192519,0.13186273766046713,0.3354779484008446,0.858302598001978
Blair County,vap_oth_b,pre_16_rep_tru,0.3417730827807482,0.13186273766046713,0.14169740199802203,0.6645220515991553
Blair County,vap_white,uss_16_dem_mcg,0.28245859538296425,0.00650572326240311,0.27118514051773007,0.2962002350923439
Blair County,vap_white,uss_16_rep_too,0.7175414046170356,0.00650572326240311,0.7037997649076561,0.72881485948227
Blair County,vap_black,uss_16_dem_mcg,0.7240199775790662,0.11633275863811052,0.4667807623903677,0.9104547173242246
Blair County,vap_black,uss_16_rep_too,0.2759800224209337,0.11633275863811052,0.0895452826757753,0.5332192376096322
Blair County,vap_hisp,uss_16_dem_mcg,0.5488113353853193,0.1468203548806868,0.23048283865814193,0.7970481634544297
Blair County,vap_hisp,uss_16_rep_too,0.4511886646146807,0.1468203548806868,0.2029518365455703,0.769517161341858
Blair County,vap_asian,uss_16_dem_mcg,0.5294381952404069,0.17403646249040847,0.1882474432901481,0.8465711917360692
Blair County,vap_asian,uss_16_rep_too,0.470561804759593,0.17403646249040847,0.1534288082639305,0.8117525567098518
Blair County,vap_aian,uss_16_dem_mcg,0.4864769451255696,0.17574184673718787,0.13808437105530028,0.790484881888077
Blair County,vap_aian,uss_16_rep_too,0.5135230548744304,0.17574184673718787,0.2095151181119229,0.8619156289446998
Blair County,vap_oth_b,uss_16_dem_mcg,0.6365612130522736,0.16021054867463086,0.23699169431228903,0.877202032112056
Blair County,vap_oth_b,uss_16_rep_too,0.3634387869477264,0.16021054867463086,0.12279796788794396,0.7630083056877109
Blair County,vap_white,atg_16_dem_sha,0.30536688735658013,0.00599574781383297,0.29429103656800926,0.3178024327640798
Blair County,vap_white,atg_16_rep_raf,0.6946331126434198,0.00599574781383297,0.6821975672359202,0.7057089634319905
Blair County,vap_black,atg_16_dem_sha,0.7254780564658381,0.10085236029894276,0.5031428554232105,0.8822050430953164
Blair County,vap_black,atg_16_rep_raf,0.2745219435341618,0.10085236029894276,0.11779495690468345,0.49685714457678953
Blair County,vap_hisp,atg_16_dem_sha,0.5535269983814833,0.15605196499882368,0.25558747600146753,0.8472189718589782
Blair County,vap_hisp,atg_16_rep_raf,0.4464730016185168,0.15605196499882368,0.15278102814102182,0.7444125239985325
Blair County,vap_asian,atg_16_dem_sha,0.5372185603835898,0.15968340991346835,0.23319243670276277,0.8398164477306941
Blair County,vap_asian,atg_16_rep_raf,0.4627814396164101,0.15968340991346835,0.16018355226930583,0.7668075632972372
Blair County,vap_aian,atg_16_dem_sha,0.5107708294974593,0.15837900273599356,0.2183491188112495,0.8083438079872115
Blair County,vap_aian,atg_16_rep_raf,0.4892291705025406,0.15837900273599356,0.1916561920127883,0.7816508811887505
Blair County,vap_oth_b,atg_16_dem_sha,0.6684071693693923,0.13575966929843397,0.36243439609457206,0.8839287538692462
Blair County,vap_oth_b,atg_16_rep_raf,0.3315928306306078,0.13575966929843397,0.11607124613075376,0.6375656039054278
Blair County,vap_white,uss_18_dem_cas,0.3423624022183145,0.0063585362377353,0.3309838893394075,0.35566952737551766
Blair County,vap_white,uss_18_rep_bar,0.6576375977816854,0.0063585362377353,0.6443304726244823,0.6690161106605925
Blair County,vap_black,uss_18_dem_cas,0.6768292236494373,0.12730094388034374,0.3916230113339,0.8773693480262067
Blair County,vap_black,uss_18_rep_bar,0.3231707763505626,0.12730094388034374,0.12263065197379308,0.6083769886660999
Blair County,vap_hisp,uss_18_dem_cas,0.5524175841384169,0.156407387326918,0.25340229664678227,0.8323030744242984
Blair County,vap_hisp,uss_18_rep_bar,0.4475824158615831,0.156407387326918,0.16769692557570165,0.7465977033532177
Blair County,vap_asian,uss_18_dem_cas,0.5173082594333012,0.14682081888957335,0.23597897871199727,0.7944937487364261
Blair County,vap_asian,uss_18_rep_bar,0.4826917405666987,0.14682081888957335,0.20550625126357375,0.7640210212880026
Blair County,vap_aian,uss_18_dem_cas,0.5070239351120195,0.1978063858626877,0.1463197482460973,0.8734790915049352
Blair County,vap_aian,uss_18_rep_bar,0.4929760648879805,0.1978063858626877,0.12652090849506473,0.8536802517539026
Blair County,vap_oth_b,uss_18_dem_cas,0.6235170082424459,0.1529069963239207,0.27888603120746114,0.8628792398935666
Blair County,vap_oth_b,uss_18_rep_bar,0.3764829917575542,0.1529069963239207,0.13712076010643337,0.721113968792539
Blair County,vap_white,gov_18_dem_wol,0.33573599186379965,0.00564949493773877,0.3251460958090862,0.3470599077458485
Blair County,vap_white,gov_18_rep_wag,0.6642640081362002,0.00564949493773877,0.6529400922541514,0.6748539041909136
Blair County,vap_black,gov_18_dem_wol,0.691705124499297,0.12535148044150196,0.4143642490168373,0.8861167649979322
Blair County,vap_black,gov_18_rep_wag,0.3082948755007029,0.12535148044150196,0.11388323500206789,0.5856357509831626
Blair County,vap_hisp,gov_18_dem_wol,0.5633097248729735,0.152000917914858,0.24501443159780387,0.8326600278407236
Blair County,vap_hisp,gov_18_rep_wag,0.4366902751270266,0.152000917914858,0.16733997215927648,0.7549855684021961
Blair County,vap_asian,gov_18_dem_wol,0.5386283183175579,0.16229006452591258,0.2203575445612617,0.8257898040877101
Blair County,vap_asian,gov_18_rep_wag,0.4613716816824421,0.16229006452591258,0.17421019591228992,0.779642455438738
Blair County,vap_aian,gov_18_dem_wol,0.5206127625122452,0.15855953321749064,0.2171460446297627,0.8261205575968035
Blair County,vap_aian,gov_18_rep_wag,0.47938723748775475,0.15855953321749064,0.17387944240319636,0.7828539553702373
Blair County,vap_oth_b,gov_18_dem_wol,0.6250711924772016,0.13647205175869792,0.32456269490152145,0.8597387523231759
Blair County,vap_oth_b,gov_18_rep_wag,0.37492880752279856,0.13647205175869795,0.1402612476768241,0.6754373050984784
Blair County,vap_white,pre_20_dem_bid,0.2649102522800411,0.0071567750640725,0.2525182343075432,0.2795798029857463
Blair County,vap_white,pre_20_rep_tru,0.7350897477199588,0.0071567750640725,0.7204201970142535,0.7474817656924568
Blair County,vap_black,pre_20_dem_bid,0.6836751173438087,0.12559723693742783,0.3914939388740856,0.8777207143833404
Blair County,vap_black,pre_20_rep_tru,0.31632488265619124,0.12559723693742783,0.12227928561665947,0.6085060611259144
Blair County,vap_hisp,pre_20_dem_bid,0.5446757931435157,0.15424109266139338,0.24648074582476365,0.8179924355268736
Blair County,vap_hisp,pre_20_rep_tru,0.4553242068564845,0.15424109266139338,0.1820075644731264,0.7535192541752365
Blair County,vap_asian,pre_20_dem_bid,0.5598710393024995,0.16434966502067103,0.24002273991852568,0.8660035925112481
Blair County,vap_asian,pre_20_rep_tru,0.44012896069750046,0.16434966502067103,0.13399640748875172,0.7599772600814743
Blair County,vap_aian,pre_20_dem_bid,0.5126453775018652,0.16041716276768123,0.20858565041784888,0.8095309135833814
Blair County,vap_aian,pre_20_rep_tru,0.4873546224981348,0.16041716276768123,0.19046908641661825,0.791414349582151
Blair County,vap_oth_b,pre_20_dem_bid,0.6593564010648844,0.17091388271786034,0.2761996609266534,0.9261983665615112
Blair County,vap_oth_b,pre_20_rep_tru,0.3406435989351157,0.17091388271786034,0.07380163343848871,0.7238003390733466
Blair County,vap_white,atg_20_dem_sha,0.27137692034891403,0.0057679979414532,0.2612354442187874,0.28352936711424087
Blair County,vap_white,atg_20_rep_hei,0.7286230796510859,0.0057679979414532,0.7164706328857591,0.7387645557812124
Blair County,vap_black,atg_20_dem_sha,0.7020754145390969,0.11510534346089976,0.4520099748006884,0.8901713055060606
Blair County,vap_black,atg_20_rep_hei,0.29792458546090295,0.11510534346089976,0.1098286944939392,0.5479900251993114
Blair County,vap_hisp,atg_20_dem_sha,0.533802399485636,0.15635517459884132,0.22379912720392744,0.8090872900239501
Blair County,vap_hisp,atg_20_rep_hei,0.466197600514364,0.15635517459884132,0.19091270997605003,0.7762008727960726
Blair County,vap_asian,atg_20_dem_sha,0.5331202040861172,0.16030010295507047,0.227196617118546,0.818437762723088
Blair County,vap_asian,atg_20_rep_hei,0.4668797959138829,0.16030010295507047,0.18156223727691193,0.7728033828814538
Blair County,vap_aian,atg_20_dem_sha,0.5359156449853375,0.1620117450606103,0.21997191900398128,0.828645895002891
Blair County,vap_aian,atg_20_rep_hei,0.4640843550146625,0.1620117450606103,0.17135410499710885,0.7800280809960186
Blair County,vap_oth_b,atg_20_dem_sha,0.6397815017681268,0.1408208120378224,0.32814137611102695,0.8679395719793319
Blair County,vap_oth_b,atg_20_rep_hei,0.3602184982318733,0.1408208120378224,0.13206042802066814,0.6718586238889729
Bradford County,vap_white,pre_16_dem_cli,0.24136401240604116,0.00709911920728493,0.22752567058253667,0.2548809689647414
Bradford County,vap_white,pre_16_rep_tru,0.7586359875939588,0.00709911920728493,0.7451190310352587,0.7724743294174632
Bradford County,vap_black,pre_16_dem_cli,0.5427942322246023,0.18330330681945003,0.20431570047070316,0.8913909079120603
Bradford County,vap_black,pre_16_rep_tru,0.4572057677753976,0.18330330681945003,0.10860909208793948,0.7956842995292965
Bradford County,vap_hisp,pre_16_dem_cli,0.5671848067589003,0.1710259890906013,0.23016272674800345,0.8717358679893253
Bradford County,vap_hisp,pre_16_rep_tru,0.43281519324109974,0.1710259890906013,0.12826413201067466,0.7698372732519967
Bradford County,vap_asian,pre_16_dem_cli,0.5513031192044215,0.1607421979113372,0.22639570676643272,0.8327189887296157
Bradford County,vap_asian,pre_16_rep_tru,0.44869688079557846,0.1607421979113372,0.16728101127038422,0.7736042932335672
Bradford County,vap_aian,pre_16_dem_cli,0.5012640911162369,0.16282317317589415,0.1913247751552455,0.8034982435531501
Bradford County,vap_aian,pre_16_rep_tru,0.4987359088837631,0.16282317317589415,0.19650175644684983,0.8086752248447544
Bradford County,vap_oth_b,pre_16_dem_cli,0.518656771204394,0.16013664354188967,0.2270641068603536,0.8284032878807476
Bradford County,vap_oth_b,pre_16_rep_tru,0.481343228795606,0.16013664354188967,0.17159671211925245,0.7729358931396464
Bradford County,vap_white,uss_16_dem_mcg,0.28318714671958384,0.00733721284251322,0.2689826552874378,0.2975666904470106
Bradford County,vap_white,uss_16_rep_too,0.7168128532804161,0.00733721284251322,0.7024333095529892,0.7310173447125622
Bradford County,vap_black,uss_16_dem_mcg,0.48854745144951994,0.19016814537787863,0.11874293558411964,0.8102551575678288
Bradford County,vap_black,uss_16_rep_too,0.51145254855048,0.19016814537787863,0.18974484243217105,0.8812570644158804
Bradford County,vap_hisp,uss_16_dem_mcg,0.5694171158602133,0.16067764942415524,0.24379941330761493,0.8513665531615384
Bradford County,vap_hisp,uss_16_rep_too,0.4305828841397867,0.16067764942415524,0.14863344683846155,0.7562005866923849
Bradford County,vap_asian,uss_16_dem_mcg,0.5689101333257469,0.1593078949805732,0.2497912115300757,0.837835361235868
Bradford County,vap_asian,uss_16_rep_too,0.4310898666742531,0.1593078949805732,0.1621646387641321,0.7502087884699242
Bradford County,vap_aian,uss_16_dem_mcg,0.5207651819139006,0.16295340307934425,0.21190275118224255,0.8288289484153595
Bradford County,vap_aian,uss_16_rep_too,0.4792348180860994,0.16295340307934425,0.17117105158464033,0.7880972488177572
Bradford County,vap_oth_b,uss_16_dem_mcg,0.5489677068107017,0.15826642944056352,0.23229595410777748,0.8477356206442539
Bradford County,vap_oth_b,uss_16_rep_too,0.45103229318929833,0.15826642944056352,0.152264379355746,0.7677040458922224
Bradford County,vap_white,atg_16_dem_sha,0.2779292829214864,0.0071129036675624,0.26371071414949443,0.2917145095739318
Bradford County,vap_white,atg_16_rep_raf,0.7220707170785136,0.0071129036675624,0.7082854904260681,0.7362892858505056
Bradford County,vap_black,atg_16_dem_sha,0.5527041473530783,0.15524533039894556,0.23646245619835152,0.8322580896084926
Bradford County,vap_black,atg_16_rep_raf,0.4472958526469216,0.15524533039894556,0.1677419103915073,0.7635375438016484
Bradford County,vap_hisp,atg_16_dem_sha,0.5184548214614078,0.1640070722373659,0.20509077672997475,0.8237022091093523
Bradford County,vap_hisp,atg_16_rep_raf,0.4815451785385922,0.1640070722373659,0.1762977908906475,0.7949092232700251
Bradford County,vap_asian,atg_16_dem_sha,0.5676466667124496,0.16285475177526984,0.2552731201934705,0.8675302528608088
Bradford County,vap_asian,atg_16_rep_raf,0.4323533332875504,0.16285475177526984,0.1324697471391912,0.7447268798065292
Bradford County,vap_aian,atg_16_dem_sha,0.5140309091590909,0.16337966758255856,0.18789162499416723,0.8040085143289993
Bradford County,vap_aian,atg_16_rep_raf,0.4859690908409091,0.16337966758255856,0.1959914856710004,0.8121083750058326
Bradford County,vap_oth_b,atg_16_dem_sha,0.5676213335511497,0.15224136982918057,0.26348161792943586,0.8448420637494434
Bradford County,vap_oth_b,atg_16_rep_raf,0.43237866644885026,0.15224136982918057,0.15515793625055654,0.7365183820705641
Bradford County,vap_white,uss_18_dem_cas,0.33581017418601683,0.00794999989531896,0.3206759227983994,0.35138757945496224
Bradford County,vap_white,uss_18_rep_bar,0.6641898258139831,0.00794999989531896,0.6486124205450378,0.6793240772016005
Bradford County,vap_black,uss_18_dem_cas,0.51078049894838,0.16530202437110136,0.18909585381152175,0.8104628451262533
Bradford County,vap_black,uss_18_rep_bar,0.4892195010516199,0.16530202437110136,0.1895371548737465,0.8109041461884778
Bradford County,vap_hisp,uss_18_dem_cas,0.5398664536543732,0.17065383172054438,0.21478157582832408,0.8534288516206099
Bradford County,vap_hisp,uss_18_rep_bar,0.4601335463456267,0.17065383172054438,0.14657114837939006,0.785218424171676
Bradford County,vap_asian,uss_18_dem_cas,0.5427258920431537,0.16636617272255497,0.2153144552482311,0.8308524555267265
Bradford County,vap_asian,uss_18_rep_bar,0.45727410795684625,0.16636617272255497,0.16914754447327346,0.7846855447517689
Bradford County,vap_aian,uss_18_dem_cas,0.4888311764462819,0.18040678207596209,0.1731533896918501,0.8337453364287896
Bradford County,vap_aian,uss_18_rep_bar,0.5111688235537182,0.18040678207596209,0.16625466357121035,0.82684661030815
Bradford County,vap_oth_b,uss_18_dem_cas,0.5562476494063502,0.17451334914932548,0.22615493494596203,0.8856116481412503
Bradford County,vap_oth_b,uss_18_rep_bar,0.44375235059364976,0.17451334914932548,0.11438835185874956,0.7738450650540379
Bradford County,vap_white,gov_18_dem_wol,0.3330033338513672,0.00772386771560565,0.31861331619202954,0.34874309230946116
Bradford County,vap_white,gov_18_rep_wag,0.6669966661486327,0.00772386771560565,0.6512569076905388,0.6813866838079705
Bradford County,vap_black,gov_18_dem_wol,0.5448219917931835,0.1679277421137685,0.2041207425332454,0.8426010966921372
Bradford County,vap_black,gov_18_rep_wag,0.4551780082068164,0.1679277421137685,0.15739890330786246,0.7958792574667543
Bradford County,vap_hisp,gov_18_dem_wol,0.5432701955954352,0.17100269826403852,0.2167254161192674,0.8705707463116417
Bradford County,vap_hisp,gov_18_rep_wag,0.45672980440456473,0.17100269826403852,0.12942925368835845,0.7832745838807325
Bradford County,vap_asian,gov_18_dem_wol,0.5335955835289883,0.1739544497183494,0.1825957543394639,0.8281458960088177
Bradford County,vap_asian,gov_18_rep_wag,0.4664044164710117,0.1739544497183494,0.17185410399118195,0.8174042456605357
Bradford County,vap_aian,gov_18_dem_wol,0.4536450536235118,0.19281149823453445,0.06707212555346496,0.7794788730778562
Bradford County,vap_aian,gov_18_rep_wag,0.5463549463764882,0.19281149823453445,0.22052112692214368,0.932927874446535
Bradford County,vap_oth_b,gov_18_dem_wol,0.5174800804950058,0.16594984620037945,0.17554515180600824,0.8070950477479524
Bradford County,vap_oth_b,gov_18_rep_wag,0.4825199195049941,0.16594984620037945,0.19290495225204743,0.8244548481939917
Bradford County,vap_white,pre_20_dem_bid,0.24393392985236015,0.00717517437802327,0.23077671759790935,0.2579417346319189
Bradford County,vap_white,pre_20_rep_tru,0.7560660701476398,0.00717517437802327,0.742058265368081,0.7692232824020906
Bradford County,vap_black,pre_20_dem_bid,0.5745065676470823,0.15893973268104153,0.27651579371310603,0.8679837229024298
Bradford County,vap_black,pre_20_rep_tru,0.42549343235291753,0.15893973268104153,0.13201627709757016,0.7234842062868939
Bradford County,vap_hisp,pre_20_dem_bid,0.5494746503452053,0.16735975089992405,0.21472728548566497,0.8635138378205844
Bradford County,vap_hisp,pre_20_rep_tru,0.4505253496547947,0.16735975089992405,0.13648616217941556,0.7852727145143349
Bradford County,vap_asian,pre_20_dem_bid,0.587865419792436,0.1735183495338335,0.2256286438017232,0.8750885640298766
Bradford County,vap_asian,pre_20_rep_tru,0.4121345802075639,0.1735183495338335,0.12491143597012348,0.7743713561982767
Bradford County,vap_aian,pre_20_dem_bid,0.5285720716274017,0.17335482871436936,0.1975714148001394,0.8660066870926513
Bradford County,vap_aian,pre_20_rep_tru,0.47142792837259834,0.17335482871436936,0.1339933129073487,0.8024285851998605
Bradford County,vap_oth_b,pre_20_dem_bid,0.5879052341223244,0.16316147767700437,0.2605188516737161,0.8586787098866328
Bradford County,vap_oth_b,pre_20_rep_tru,0.4120947658776756,0.16316147767700437,0.14132129011336725,0.7394811483262838
Bradford County,vap_white,atg_20_dem_sha,0.25425487109349376,0.0078648626808388,0.2405169871656394,0.27110586060288366
Bradford County,vap_white,atg_20_rep_hei,0.7457451289065061,0.0078648626808388,0.7288941393971162,0.7594830128343605
Bradford County,vap_black,atg_20_dem_sha,0.5459038534667737,0.1668385250074183,0.2049623205150101,0.818418072013208
Bradford County,vap_black,atg_20_rep_hei,0.45409614653322616,0.1668385250074183,0.18158192798679176,0.7950376794849897
Bradford County,vap_hisp,atg_20_dem_sha,0.5504572106205161,0.1598888662691597,0.22821182176135107,0.8416683801172711
Bradford County,vap_hisp,atg_20_rep_hei,0.44954278937948383,0.1598888662691597,0.15833161988272884,0.7717881782386486
Bradford County,vap_asian,atg_20_dem_sha,0.499712199581846,0.19553809621699011,0.10673482765161796,0.8241059345524254
Bradford County,vap_asian,atg_20_rep_hei,0.500287800418154,0.19553809621699011,0.17589406544757427,0.893265172348382
Bradford County,vap_aian,atg_20_dem_sha,0.5462226644669665,0.1854640580477432,0.1849206786178036,0.8840274596833992
Bradford County,vap_aian,atg_20_rep_hei,0.4537773355330335,0.1854640580477432,0.11597254031660058,0.8150793213821964
Bradford County,vap_oth_b,atg_20_dem_sha,0.572188963962437,0.16804266534265888,0.21861648397189615,0.8532780486089593
Bradford County,vap_oth_b,atg_20_rep_hei,0.427811036037563,0.16804266534265888,0.14672195139104066,0.7813835160281039
Bucks County,vap_white,pre_16_dem_cli,0.4546781512512172,0.00517455807038047,0.4457519460731202,0.4663900314276387
Bucks County,vap_white,pre_16_rep_tru,0.5453218487487829,0.00517455807038047,0.5336099685723613,0.5542480539268797
Bucks County,vap_black,pre_16_dem_cli,0.8843832577874824,0.0325592272308269,0.810216126829381,0.9375302020514934
Bucks County,vap_black,pre_16_rep_tru,0.11561674221251762,0.0325592272308269,0.06246979794850664,0.1897838731706191
Bucks County,vap_hisp,pre_16_dem_cli,0.8403982569435691,0.04881957809018562,0.736683790426907,0.922201191227362
Bucks County,vap_hisp,pre_16_rep_tru,0.15960174305643088,0.04881957809018562,0.07779880877263777,0.2633162095730928
Bucks County,vap_asian,pre_16_dem_cli,0.7424708035260783,0.05436660415807054,0.6271552509016776,0.8399647236503155
Bucks County,vap_asian,pre_16_rep_tru,0.25752919647392164,0.05436660415807053,0.1600352763496844,0.3728447490983222
Bucks County,vap_aian,pre_16_dem_cli,0.4901357964965308,0.16138593724470712,0.19216578746318552,0.795472520302018
Bucks County,vap_aian,pre_16_rep_tru,0.5098642035034692,0.16138593724470712,0.2045274796979819,0.8078342125368143
Bucks County,vap_oth_b,pre_16_dem_cli,0.6344615174234234,0.11336583270100543,0.41366957232580687,0.8458374152188018
Bucks County,vap_oth_b,pre_16_rep_tru,0.3655384825765766,0.11336583270100543,0.15416258478119818,0.5863304276741932
Bucks County,vap_white,uss_16_dem_mcg,0.4203456170906374,0.00580494201554344,0.4097963874623908,0.4329388001254125
Bucks County,vap_white,uss_16_rep_too,0.5796543829093627,0.00580494201554344,0.5670611998745875,0.5902036125376092
Bucks County,vap_black,uss_16_dem_mcg,0.9077706335179354,0.02815853230613931,0.8447115794683426,0.9508093885448652
Bucks County,vap_black,uss_16_rep_too,0.09222936648206465,0.02815853230613931,0.0491906114551349,0.15528842053165745
Bucks County,vap_hisp,uss_16_dem_mcg,0.896684716584585,0.03325545074754818,0.8130072025599512,0.948596550528779
Bucks County,vap_hisp,uss_16_rep_too,0.10331528341541484,0.03325545074754818,0.0514034494712209,0.1869927974400488
Bucks County,vap_asian,uss_16_dem_mcg,0.6387549400720017,0.07368230635106054,0.4736343534241588,0.7752486175217539
Bucks County,vap_asian,uss_16_rep_too,0.3612450599279982,0.07368230635106054,0.22475138247824608,0.5263656465758411
Bucks County,vap_aian,uss_16_dem_mcg,0.4744652264136311,0.15121907464917742,0.20784308041621496,0.7498221985665795
Bucks County,vap_aian,uss_16_rep_too,0.5255347735863688,0.15121907464917742,0.25017780143342044,0.7921569195837849
Bucks County,vap_oth_b,uss_16_dem_mcg,0.7405320356632299,0.11585853917000162,0.4803109324134132,0.9010158775539422
Bucks County,vap_oth_b,uss_16_rep_too,0.25946796433677005,0.11585853917000162,0.09898412244605788,0.5196890675865867
Bucks County,vap_white,atg_16_dem_sha,0.46336235953188687,0.00523620925262103,0.4536150140136817,0.4741790142091264
Bucks County,vap_white,atg_16_rep_raf,0.5366376404681131,0.00523620925262103,0.5258209857908737,0.54638498598631835
Bucks County,vap_black,atg_16_dem_sha,0.938481602287408,0.01839043602915794,0.8901605422294435,0.9650905301327511
Bucks County,vap_black,atg_16_rep_raf,0.06151839771259196,0.01839043602915794,0.03490946986724881,0.1098394577705564
Bucks County,vap_hisp,atg_16_dem_sha,0.890013597313938,0.03253966366603623,0.815297024551431,0.942711556532534
Bucks County,vap_hisp,atg_16_rep_raf,0.10998640268606194,0.03253966366603623,0.05728844346746574,0.18470297544856887
Bucks County,vap_asian,atg_16_dem_sha,0.6472923015933034,0.07296649593280782,0.499495408963905,0.7832236990241089
Bucks County,vap_asian,atg_16_rep_raf,0.3527076984066965,0.07296649593280782,0.2167763009758909,0.500504591036095
Bucks County,vap_aian,atg_16_dem_sha,0.5669779929763228,0.1742439996364289,0.22702457169507756,0.8389364655270454
Bucks County,vap_aian,atg_16_rep_raf,0.4330220070236771,0.1742439996364289,0.16106353447295443,0.7729754283049224
Bucks County,vap_oth_b,atg_16_dem_sha,0.74651138358902,0.11576202276797444,0.4386449376759726,0.900682263283127
Bucks County,vap_oth_b,atg_16_rep_raf,0.25348861641097997,0.11576202276797444,0.09931773671687308,0.5613550623240273
Bucks County,vap_white,uss_18_dem_cas,0.5379606719536767,0.00559817849807421,0.5285714642255861,0.5503299634933756
Bucks County,vap_white,uss_18_rep_bar,0.4620393280463233,0.00559817849807421,0.44967003650662457,0.471428535774414
Bucks County,vap_black,uss_18_dem_cas,0.9131507428774326,0.02717223785509077,0.8504594387160026,0.9541182907759416
Bucks County,vap_black,uss_18_rep_bar,0.0868492571225675,0.02717223785509077,0.04588170922405851,0.1495405612839973
Bucks County,vap_hisp,uss_18_dem_cas,0.9056311827551062,0.02925604586463353,0.833019256875967,0.9480676783294244
Bucks County,vap_hisp,uss_18_rep_bar,0.09436881724489364,0.02925604586463353,0.05193232167057542,0.1669807431240329
Bucks County,vap_asian,uss_18_dem_cas,0.6746552637388327,0.07022218972362643,0.5384506387462993,0.8174515414660131
Bucks County,vap_asian,uss_18_rep_bar,0.3253447362611673,0.07022218972362643,0.1825484585339869,0.4615493612537005
Bucks County,vap_aian,uss_18_dem_cas,0.4994926466792235,0.17151123130914456,0.2043466664618516,0.805028949106717
Bucks County,vap_aian,uss_18_rep_bar,0.5005073533207764,0.17151123130914456,0.19497105089328295,0.7956533335381483
Bucks County,vap_oth_b,uss_18_dem_cas,0.6834998813617066,0.12670887502410133,0.3816205903565077,0.8738215258635702
Bucks County,vap_oth_b,uss_18_rep_bar,0.31650011863829336,0.1267088750241013,0.12617847413642977,0.6183794096434924
Bucks County,vap_white,gov_18_dem_wol,0.5623779104546247,0.00572841867467037,0.5518793344940489,0.574318137111896
Bucks County,vap_white,gov_18_rep_wag,0.4376220895453753,0.00572841867467037,0.425681862888104,0.44812066550595103
Bucks County,vap_black,gov_18_dem_wol,0.9310766833394202,0.02168949996325886,0.8788239425657057,0.9622766030767204
Bucks County,vap_black,gov_18_rep_wag,0.06892331666057987,0.02168949996325886,0.03772339692327952,0.12117605743429435
Bucks County,vap_hisp,gov_18_dem_wol,0.8916339349768253,0.03217164817658757,0.8202339964577993,0.9387033477810466
Bucks County,vap_hisp,gov_18_rep_wag,0.10836606502317464,0.03217164817658757,0.06129665221895334,0.17976600354220068
Bucks County,vap_asian,gov_18_dem_wol,0.6902019617466479,0.06965485091344467,0.5475762168967784,0.8314500114175772
Bucks County,vap_asian,gov_18_rep_wag,0.30979803825335206,0.06965485091344467,0.16854998858242276,0.4524237831032216
Bucks County,vap_aian,gov_18_dem_wol,0.5327589356439714,0.16899348662610647,0.20616391593302943,0.8369581235688142
Bucks County,vap_aian,gov_18_rep_wag,0.4672410643560285,0.16899348662610647,0.16304187643118573,0.7938360840669704
Bucks County,vap_oth_b,gov_18_dem_wol,0.6885003877091811,0.12562621536492782,0.3873750788855791,0.8957181089936913
Bucks County,vap_oth_b,gov_18_rep_wag,0.3114996122908189,0.12562621536492782,0.1042818910063087,0.6126249211144209
Bucks County,vap_white,pre_20_dem_bid,0.4870231993449502,0.00852848300717967,0.47014660752241066,0.503891758648877
Bucks County,vap_white,pre_20_rep_tru,0.5129768006550498,0.00852848300717967,0.49610824135112297,0.5298533924775894
Bucks County,vap_black,pre_20_dem_bid,0.875798531200483,0.03915521209147738,0.7887249852519768,0.9391181098405894
Bucks County,vap_black,pre_20_rep_tru,0.124201468799517,0.03915521209147738,0.06088189015941065,0.2112750147480233
Bucks County,vap_hisp,pre_20_dem_bid,0.7643587862342812,0.06771799610313917,0.6161056222390214,0.8802566602925943
Bucks County,vap_hisp,pre_20_rep_tru,0.2356412137657187,0.06771799610313917,0.11974333970740551,0.38389437776097846
Bucks County,vap_asian,pre_20_dem_bid,0.6439763668395144,0.08226694495117848,0.4791733853651651,0.7966060394839188
Bucks County,vap_asian,pre_20_rep_tru,0.3560236331604856,0.08226694495117848,0.20339396051608105,0.5208266146348347
Bucks County,vap_aian,pre_20_dem_bid,0.4766195765081827,0.15593514038593753,0.16046017917660024,0.7787340648036635
Bucks County,vap_aian,pre_20_rep_tru,0.5233804234918172,0.15593514038593753,0.2212659351963365,0.8395398208233996
Bucks County,vap_oth_b,pre_20_dem_bid,0.5268149761748654,0.1650526181860987,0.17391309102394847,0.801779743268809
Bucks County,vap_oth_b,pre_20_rep_tru,0.4731850238251346,0.1650526181860987,0.19822025673119115,0.8260869089760514
Bucks County,vap_white,atg_20_dem_sha,0.48485510348785327,0.00605471372167302,0.47370891775578305,0.4973631377552627
Bucks County,vap_white,atg_20_rep_hei,0.5151448965121468,0.00605471372167302,0.5026368622447374,0.5262910822442171
Bucks County,vap_black,atg_20_dem_sha,0.89419578759558,0.03252105675771165,0.8136479744281631,0.9435635234467248
Bucks County,vap_black,atg_20_rep_hei,0.10580421240442002,0.03252105675771165,0.05643647655327527,0.18635202557183703
Bucks County,vap_hisp,atg_20_dem_sha,0.8712186137608693,0.04193877932063118,0.7652799582466832,0.9356339570243394
Bucks County,vap_hisp,atg_20_rep_hei,0.12878138623913069,0.04193877932063118,0.06436604297566054,0.2347200417533168
Bucks County,vap_asian,atg_20_dem_sha,0.6337097905317609,0.07658873539152045,0.48061989781012754,0.7708651266391151
Bucks County,vap_asian,atg_20_rep_hei,0.36629020946823904,0.07658873539152045,0.22913487336088484,0.5193801021898724
Bucks County,vap_aian,atg_20_dem_sha,0.5210969443885021,0.15749812912405214,0.2184964157646847,0.7752575723682305
Bucks County,vap_aian,atg_20_rep_hei,0.4789030556114979,0.15749812912405214,0.2247424276317694,0.7815035842353151
Bucks County,vap_oth_b,atg_20_dem_sha,0.6028200440444863,0.14339689492956811,0.3156947494227722,0.8365252160838887
Bucks County,vap_oth_b,atg_20_rep_hei,0.39717995595551375,0.14339689492956811,0.16347478391611123,0.6843052505772277
Butler County,vap_white,pre_16_dem_cli,0.2732272134649361,0.00578665626314972,0.2621058436720931,0.2849541049414566
Butler County,vap_white,pre_16_rep_tru,0.7267727865350638,0.00578665626314972,0.7150458950585433,0.7378941563279069
Butler County,vap_black,pre_16_dem_cli,0.6152009076832643,0.1529857516745009,0.291263788451015,0.8566442467034887
Butler County,vap_black,pre_16_rep_tru,0.38479909231673576,0.15298575167450087,0.14335575329651115,0.7087362115489849
Butler County,vap_hisp,pre_16_dem_cli,0.5851478675628926,0.1588410135645503,0.25704238594437867,0.8513718490864467
Butler County,vap_hisp,pre_16_rep_tru,0.41485213243710733,0.1588410135645503,0.1486281509135533,0.7429576140556212
Butler County,vap_asian,pre_16_dem_cli,0.6337455435779922,0.1409949893519865,0.3281263449051338,0.8701973367806789
Butler County,vap_asian,pre_16_rep_tru,0.36625445642200766,0.1409949893519865,0.129802663219321,0.6718736550948661
Butler County,vap_aian,pre_16_dem_cli,0.5178953512375997,0.19572777032989455,0.15289289400792935,0.861042433419991
Butler County,vap_aian,pre_16_rep_tru,0.48210464876240033,0.19572777032989455,0.13895756658000902,0.8471071059920707
Butler County,vap_oth_b,pre_16_dem_cli,0.597208626282439,0.14184960033011548,0.29492360156215114,0.8331137415529016
Butler County,vap_oth_b,pre_16_rep_tru,0.402791373717561,0.14184960033011548,0.16688625844709842,0.7050763984378485
Butler County,vap_white,uss_16_dem_mcg,0.2953522097712374,0.00585716646808078,0.2843225174769516,0.3067646743729324
Butler County,vap_white,uss_16_rep_too,0.7046477902287626,0.00585716646808078,0.6932353256270676,0.7156774825230484
Butler County,vap_black,uss_16_dem_mcg,0.581923248688713,0.15070399926846317,0.2767812721341154,0.8400143963415975
Butler County,vap_black,uss_16_rep_too,0.41807675131128696,0.15070399926846317,0.1599856036584026,0.7232187278658845
Butler County,vap_hisp,uss_16_dem_mcg,0.5092233875015808,0.16278719311090337,0.2054688841119734,0.8217590483987132
Butler County,vap_hisp,uss_16_rep_too,0.49077661249841914,0.16278719311090337,0.17824095160128672,0.7945311158880267
Butler County,vap_asian,uss_16_dem_mcg,0.5622664518683764,0.17093474636828335,0.15435050047689358,0.8410910013718546
Butler County,vap_asian,uss_16_rep_too,0.4377335481316235,0.17093474636828335,0.1589089986281454,0.8456494995231064
Butler County,vap_aian,uss_16_dem_mcg,0.48509845811051394,0.19548094472915337,0.12208916571399964,0.8381101742577953
Butler County,vap_aian,uss_16_rep_too,0.514901541889486,0.19548094472915337,0.16188982574220465,0.8779108342860003
Butler County,vap_oth_b,uss_16_dem_mcg,0.5992315433035992,0.14215319670188284,0.3133809549456171,0.8435924040132671
Butler County,vap_oth_b,uss_16_rep_too,0.4007684566964009,0.14215319670188284,0.156407595986733,0.686619045054383
Butler County,vap_white,atg_16_dem_sha,0.31889031402383905,0.00602347548474093,0.30728056705827844,0.33049474060982953
Butler County,vap_white,atg_16_rep_raf,0.681109685976161,0.00602347548474093,0.6695052593901704,0.6927194329417214
Butler County,vap_black,atg_16_dem_sha,0.5592166113772264,0.1645076098230571,0.22137708825988825,0.8279691738350489
Butler County,vap_black,atg_16_rep_raf,0.4407833886227736,0.1645076098230571,0.17203082616495102,0.7786229117401116
Butler County,vap_hisp,atg_16_dem_sha,0.5304378860208231,0.16453111313185664,0.20435675726163868,0.8130845944430104
Butler County,vap_hisp,atg_16_rep_raf,0.4695621139791769,0.16453111313185664,0.1869154055569896,0.7956432427383613
Butler County,vap_asian,atg_16_dem_sha,0.5454507239698269,0.14616840854222946,0.2484709106822057,0.7985955397634508
Butler County,vap_asian,atg_16_rep_raf,0.45454927603017303,0.14616840854222946,0.20140446023654904,0.7515290893177943
Butler County,vap_aian,atg_16_dem_sha,0.5120931805997839,0.1846455466615985,0.1580308859233317,0.8481164391941488
Butler County,vap_aian,atg_16_rep_raf,0.4879068194002161,0.1846455466615985,0.15188356080585105,0.8419691140766682
Butler County,vap_oth_b,atg_16_dem_sha,0.6336464235186503,0.15017340329100898,0.3202629400532971,0.879241210367307
Butler County,vap_oth_b,atg_16_rep_raf,0.3663535764813496,0.15017340329100898,0.120758789632693,0.6797370599467029
Butler County,vap_white,uss_18_dem_cas,0.3781631558014273,0.00620925711379361,0.36711569596708465,0.39113493749011047
Butler County,vap_white,uss_18_rep_bar,0.6218368441985727,0.00620925711379361,0.6088650625098895,0.6328843040329153
Butler County,vap_black,uss_18_dem_cas,0.6053968945694939,0.1587498810132537,0.27446745164471503,0.866077388685158
Butler County,vap_black,uss_18_rep_bar,0.3946031054305062,0.1587498810132537,0.1339226113148421,0.7255325483552849
Butler County,vap_hisp,uss_18_dem_cas,0.5923488508555455,0.15219191028959772,0.2854217343420928,0.8588259116700325
Butler County,vap_hisp,uss_18_rep_bar,0.40765114914445455,0.15219191028959772,0.1411740883299673,0.7145782656579069
Butler County,vap_asian,uss_18_dem_cas,0.6337903182484224,0.14479776529210778,0.3277173141864704,0.8643901349432962
Butler County,vap_asian,uss_18_rep_bar,0.3662096817515776,0.14479776529210778,0.13560986505670364,0.6722826858135293
Butler County,vap_aian,uss_18_dem_cas,0.4956169574846449,0.19097892137451375,0.14013716754996405,0.8470235919094579
Butler County,vap_aian,uss_18_rep_bar,0.5043830425153552,0.19097892137451375,0.15297640809054203,0.8598628324500359
Butler County,vap_oth_b,uss_18_dem_cas,0.5851224738747461,0.14980402284671285,0.26767648745312467,0.8429315516333855
Butler County,vap_oth_b,uss_18_rep_bar,0.41487752612525386,0.14980402284671285,0.15706844836661443,0.7323235125468752
Butler County,vap_white,gov_18_dem_wol,0.3991838843556697,0.00635574699147545,0.3876047061575958,0.41230848210610066
Butler County,vap_white,gov_18_rep_wag,0.6008161156443302,0.00635574699147545,0.5876915178938993,0.6123952938424041
Butler County,vap_black,gov_18_dem_wol,0.6307487406445977,0.1604700353016034,0.26513548015938865,0.8938459485071156
Butler County,vap_black,gov_18_rep_wag,0.3692512593554023,0.1604700353016034,0.10615405149288422,0.7348645198406111
Butler County,vap_hisp,gov_18_dem_wol,0.6112741593582293,0.13959153983603967,0.32273708357367414,0.8494601693488025
Butler County,vap_hisp,gov_18_rep_wag,0.3887258406417707,0.13959153983603967,0.1505398306511975,0.6772629164263259
Butler County,vap_asian,gov_18_dem_wol,0.6244984693255258,0.14183526608723035,0.3267974292492875,0.8676709592602666
Butler County,vap_asian,gov_18_rep_wag,0.37550153067447417,0.14183526608723035,0.13232904073973326,0.6732025707507121
Butler County,vap_aian,gov_18_dem_wol,0.479978058948588,0.1909721707390545,0.1421127339308949,0.837396603867927
Butler County,vap_aian,gov_18_rep_wag,0.520021941051412,0.1909721707390545,0.16260339613207286,0.8578872660691048
Butler County,vap_oth_b,gov_18_dem_wol,0.5539823824926517,0.16305358145913254,0.2163133428472716,0.8222244764676631
Butler County,vap_oth_b,gov_18_rep_wag,0.4460176175073483,0.16305358145913254,0.17777552353233694,0.7836866571527284
Butler County,vap_white,pre_20_dem_bid,0.2989452553614688,0.00622316775899505,0.2874871461280717,0.3116043905433047
Butler County,vap_white,pre_20_rep_tru,0.7010547446385311,0.00622316775899505,0.6883956094566953,0.7125128538719283
Butler County,vap_black,pre_20_dem_bid,0.6188023100138137,0.15719415905405332,0.2929140254619691,0.8731556768729531
Butler County,vap_black,pre_20_rep_tru,0.3811976899861864,0.15719415905405332,0.12684432312704674,0.707085974538031
Butler County,vap_hisp,pre_20_dem_bid,0.597171250695947,0.15308941253432495,0.2884673377455025,0.8433146794329451
Butler County,vap_hisp,pre_20_rep_tru,0.402828749304053,0.15308941253432495,0.15668532056705478,0.7115326622544974
Butler County,vap_asian,pre_20_dem_bid,0.6776563480144888,0.12909287295125882,0.3950075718699209,0.8804877959549051
Butler County,vap_asian,pre_20_rep_tru,0.32234365198551107,0.12909287295125882,0.1195122040450945,0.604992428130079
Butler County,vap_aian,pre_20_dem_bid,0.5142182894622439,0.20124753657118916,0.13259346967380162,0.8774142082780556
Butler County,vap_aian,pre_20_rep_tru,0.485781710537756,0.20124753657118916,0.12258579172194428,0.8674065303261983
Butler County,vap_oth_b,pre_20_dem_bid,0.5721836084902262,0.17313339627320715,0.22521881980000008,0.8793131283300447
Butler County,vap_oth_b,pre_20_rep_tru,0.42781639150977385,0.17313339627320715,0.12068687166995525,0.7747811801999998
Butler County,vap_white,atg_20_dem_sha,0.3492543100723857,0.00609371400946973,0.33778850232427843,0.36157752199518833
Butler County,vap_white,atg_20_rep_hei,0.6507456899276142,0.00609371400946973,0.6384224780048117,0.6622114976757215
Butler County,vap_black,atg_20_dem_sha,0.5372575748296489,0.18977046760551625,0.12654528458870803,0.8274948566399952
Butler County,vap_black,atg_20_rep_hei,0.46274242517035113,0.18977046760551625,0.1725051433600048,0.8734547154112918
Butler County,vap_hisp,atg_20_dem_sha,0.5543191702782966,0.15415339516300935,0.2426791247518093,0.8276963703842685
Butler County,vap_hisp,atg_20_rep_hei,0.44568082972170336,0.15415339516300935,0.17230362961573154,0.7573208752481907
Butler County,vap_asian,atg_20_dem_sha,0.664298445283711,0.15430894754592234,0.3282102393134055,0.8928673752651574
Butler County,vap_asian,atg_20_rep_hei,0.335701554716289,0.15430894754592234,0.10713262473484252,0.6717897606865944
Butler County,vap_aian,atg_20_dem_sha,0.49960903579105886,0.18968881437713064,0.1612136526442728,0.8543309859458609
Butler County,vap_aian,atg_20_rep_hei,0.5003909642089411,0.18968881437713064,0.1456690140541391,0.8387863473557272
Butler County,vap_oth_b,atg_20_dem_sha,0.5359117255277757,0.1506605267200851,0.24002922034454147,0.8047264007950208
Butler County,vap_oth_b,atg_20_rep_hei,0.46408827447222434,0.1506605267200851,0.19527359920497916,0.7599707796554582
Cambria County,vap_white,pre_16_dem_cli,0.2796408889673771,0.00564379088263228,0.2696722385130641,0.2916723336022764
Cambria County,vap_white,pre_16_rep_tru,0.7203591110326228,0.00564379088263228,0.7083276663977236,0.7303277614869358
Cambria County,vap_black,pre_16_dem_cli,0.8677993863197574,0.04861375984021512,0.7505234263098032,0.9414209027163744
Cambria County,vap_black,pre_16_rep_tru,0.1322006136802425,0.04861375984021512,0.05857909728362534,0.24947657369019677
Cambria County,vap_hisp,pre_16_dem_cli,0.6179911457004529,0.15438833942021354,0.29810647925870826,0.8686150167827422
Cambria County,vap_hisp,pre_16_rep_tru,0.3820088542995471,0.15438833942021354,0.13138498321725772,0.7018935207412916
Cambria County,vap_asian,pre_16_dem_cli,0.5631685351358169,0.19198931952343595,0.1419900453618832,0.8555173151259629
Cambria County,vap_asian,pre_16_rep_tru,0.43683146486418306,0.19198931952343595,0.1444826848740371,0.8580099546381168
Cambria County,vap_aian,pre_16_dem_cli,0.5132677760177318,0.16070457910923674,0.2151657419317518,0.8204427738681487
Cambria County,vap_aian,pre_16_rep_tru,0.48673222398226823,0.16070457910923674,0.17955722613185138,0.7848342580682481
Cambria County,vap_oth_b,pre_16_dem_cli,0.69706643082392306,0.1297072367868688,0.3912349761027663,0.8901805404521909
Cambria County,vap_oth_b,pre_16_rep_tru,0.30293356917607694,0.1297072367868688,0.10981945954780913,0.6087650238972336
Cambria County,vap_white,uss_16_dem_mcg,0.3548218989177024,0.00523579794778466,0.3449176710674689,0.3652923915376301
Cambria County,vap_white,uss_16_rep_too,0.6451781010822977,0.00523579794778466,0.63470760846237,0.6550823289325312
Cambria County,vap_black,uss_16_dem_mcg,0.8682946122952547,0.04683052856781379,0.7663796079813973,0.9454276700680592
Cambria County,vap_black,uss_16_rep_too,0.13170538770474513,0.04683052856781379,0.05457232993194063,0.2336203920186027
Cambria County,vap_hisp,uss_16_dem_mcg,0.6288393755112163,0.14937297591894158,0.3243618834142991,0.8840857577389967
Cambria County,vap_hisp,uss_16_rep_too,0.3711606244887838,0.14937297591894158,0.11591424226100332,0.675638116585701
Cambria County,vap_asian,uss_16_dem_mcg,0.4998274154621716,0.1660124645426877,0.191144169335715,0.799396516795774
Cambria County,vap_asian,uss_16_rep_too,0.5001725845378284,0.1660124645426877,0.200603483204226,0.8088558306642849
Cambria County,vap_aian,uss_16_dem_mcg,0.511633803107993,0.1805884902798436,0.18069781568824733,0.8595988615997676
Cambria County,vap_aian,uss_16_rep_too,0.48836619689200705,0.1805884902798436,0.1404011384002323,0.8193021843117528
Cambria County,vap_oth_b,uss_16_dem_mcg,0.7065726796153617,0.11630605004871276,0.4427603205338934,0.8867873209163692
Cambria County,vap_oth_b,uss_16_rep_too,0.29342732038463826,0.11630605004871276,0.11321267908363072,0.5572396794661066
Cambria County,vap_white,atg_16_dem_sha,0.4254992419343728,0.005795018022879,0.41514512602030834,0.4374549217195659
Cambria County,vap_white,atg_16_rep_raf,0.5745007580656273,0.005795018022879,0.562545078280434,0.5848548739796916
Cambria County,vap_black,atg_16_dem_sha,0.887621201094518,0.04169766248469538,0.7933816336258269,0.9537696872009888
Cambria County,vap_black,atg_16_rep_raf,0.11237879890548191,0.04169766248469538,0.04623031279901106,0.20661836637417283
Cambria County,vap_hisp,atg_16_dem_sha,0.5848848412642087,0.16357931928939082,0.23415545312585995,0.8523232792656439
Cambria County,vap_hisp,atg_16_rep_raf,0.41511515873579136,0.16357931928939082,0.14767672073435606,0.7658445468741402
Cambria County,vap_asian,atg_16_dem_sha,0.4623140197814402,0.15567790759822117,0.18800398210706576,0.7693204213414001
Cambria County,vap_asian,atg_16_rep_raf,0.5376859802185597,0.15567790759822117,0.23067957865859975,0.8119960178929342
Cambria County,vap_aian,atg_16_dem_sha,0.5270969987348555,0.1584740547067672,0.21469792963134757,0.8203877303894482
Cambria County,vap_aian,atg_16_rep_raf,0.4729030012651445,0.1584740547067672,0.17961226961055185,0.7853020703686524
Cambria County,vap_oth_b,atg_16_dem_sha,0.6708965520714079,0.14093297739775895,0.3107492883702157,0.8843023463574423
Cambria County,vap_oth_b,atg_16_rep_raf,0.32910344792859225,0.14093297739775895,0.11569765364255766,0.6892507116297844
Cambria County,vap_white,uss_18_dem_cas,0.43162545715738454,0.00554076554512211,0.4214209696056864,0.4427498026843392
Cambria County,vap_white,uss_18_rep_bar,0.5683745428426155,0.00554076554512211,0.5572501973156607,0.5785790303943137
Cambria County,vap_black,uss_18_dem_cas,0.8680254437449596,0.04858139377380759,0.7625808046349827,0.9456715633731072
Cambria County,vap_black,uss_18_rep_bar,0.13197455625504034,0.04858139377380759,0.05432843662689258,0.23741919536501724
Cambria County,vap_hisp,uss_18_dem_cas,0.5620141371741288,0.15625437369514528,0.2118220106164449,0.828305724885878
Cambria County,vap_hisp,uss_18_rep_bar,0.4379858628258712,0.15625437369514528,0.17169427511412189,0.7881779893835551
Cambria County,vap_asian,uss_18_dem_cas,0.46498532960903827,0.1580197056673021,0.18286232295419713,0.772163770937014
Cambria County,vap_asian,uss_18_rep_bar,0.5350146703909617,0.1580197056673021,0.22783622906298592,0.8171376770458029
Cambria County,vap_aian,uss_18_dem_cas,0.5162055538240932,0.1581287347104337,0.19817077242987677,0.809512592978114
Cambria County,vap_aian,uss_18_rep_bar,0.4837944461759068,0.1581287347104337,0.19048740702188613,0.8018292275701233
Cambria County,vap_oth_b,uss_18_dem_cas,0.6969527336728368,0.11278013215620782,0.44890989362792366,0.8846931347070858
Cambria County,vap_oth_b,uss_18_rep_bar,0.3030472663271633,0.11278013215620782,0.11530686529291422,0.5510901063720764
Cambria County,vap_white,gov_18_dem_wol,0.4279602275886424,0.00542359908663621,0.4177222898238867,0.4389594970819439
Cambria County,vap_white,gov_18_rep_wag,0.5720397724113576,0.00542359908663621,0.5610405029180561,0.5822777101761133
Cambria County,vap_black,gov_18_dem_wol,0.8561654403918797,0.05040766235668716,0.7467081479860176,0.9359574777080234
Cambria County,vap_black,gov_18_rep_wag,0.14383455960812022,0.05040766235668716,0.0640425222919766,0.25329185201398235
Cambria County,vap_hisp,gov_18_dem_wol,0.5654248606157669,0.17950335504772508,0.20278452593502533,0.8675688996031
Cambria County,vap_hisp,gov_18_rep_wag,0.43457513938423303,0.17950335504772508,0.13243110039689998,0.7972154740649746
Cambria County,vap_asian,gov_18_dem_wol,0.5385273323273977,0.16559894233791542,0.2348146298585842,0.8541619280811209
Cambria County,vap_asian,gov_18_rep_wag,0.4614726676726023,0.16559894233791542,0.14583807191887907,0.7651853701414156
Cambria County,vap_aian,gov_18_dem_wol,0.5547717795733494,0.15978936743568495,0.2360041299422317,0.845128349327288
Cambria County,vap_aian,gov_18_rep_wag,0.4452282204266506,0.15978936743568495,0.15487165067271194,0.7639958700577681
Cambria County,vap_oth_b,gov_18_dem_wol,0.6735888415395231,0.1270551283824259,0.3977906464947149,0.8741528150624991
Cambria County,vap_oth_b,gov_18_rep_wag,0.32641115846047686,0.1270551283824259,0.125847184937501,0.6022093535052848
Cambria County,vap_white,pre_20_dem_bid,0.2787387577023835,0.00505808794924588,0.269969947952689,0.29009263553505105
Cambria County,vap_white,pre_20_rep_tru,0.7212612422976165,0.00505808794924588,0.7099073644649488,0.730030052047311
Cambria County,vap_black,pre_20_dem_bid,0.8569210093446502,0.04844061180618909,0.7527704774588486,0.9334807536552664
Cambria County,vap_black,pre_20_rep_tru,0.1430789906553497,0.04844061180618909,0.06651924634473362,0.24722952254115124
Cambria County,vap_hisp,pre_20_dem_bid,0.6232995579615805,0.1384624432644543,0.30571186778009674,0.870178184253416
Cambria County,vap_hisp,pre_20_rep_tru,0.37670044203841946,0.1384624432644543,0.12982181574658402,0.6942881322199033
Cambria County,vap_asian,pre_20_dem_bid,0.5683230866624113,0.14609786985637002,0.279985398427777,0.8305894192765094
Cambria County,vap_asian,pre_20_rep_tru,0.4316769133375888,0.14609786985637002,0.1694105807234906,0.720014601572223
Cambria County,vap_aian,pre_20_dem_bid,0.5525221729075958,0.13670397093246783,0.2797636686793202,0.8111808902172991
Cambria County,vap_aian,pre_20_rep_tru,0.44747782709240425,0.13670397093246783,0.1888191097827008,0.7202363313206798
Cambria County,vap_oth_b,pre_20_dem_bid,0.7399526153208189,0.10550363342695944,0.48536408313132734,0.8923091962923831
Cambria County,vap_oth_b,pre_20_rep_tru,0.26004738467918115,0.10550363342695944,0.10769080370761688,0.5146359168686725
Cambria County,vap_white,atg_20_dem_sha,0.34779340928586483,0.00522100702606791,0.3383502268837791,0.35906382397839903
Cambria County,vap_white,atg_20_rep_hei,0.6522065907141351,0.00522100702606791,0.6409361760216009,0.6616497731162209
Cambria County,vap_black,atg_20_dem_sha,0.8911744573983063,0.04299006830862986,0.7958079571583194,0.9583881380773976
Cambria County,vap_black,atg_20_rep_hei,0.1088255426016936,0.04299006830862986,0.0416118619226022,0.2041920428416805
Cambria County,vap_hisp,atg_20_dem_sha,0.6175271326406866,0.13972763412389297,0.326581271284299,0.873124733502847
Cambria County,vap_hisp,atg_20_rep_hei,0.38247286735931335,0.13972763412389297,0.12687526649715294,0.6734187287157011
Cambria County,vap_asian,atg_20_dem_sha,0.5782494456079709,0.135800990864332,0.28285798526984984,0.8161487889545027
Cambria County,vap_asian,atg_20_rep_hei,0.42175055439202913,0.135800990864332,0.1838512110454973,0.7171420147301497
Cambria County,vap_aian,atg_20_dem_sha,0.5353413408061365,0.1572490740120142,0.24110990124866696,0.8283485520713407
Cambria County,vap_aian,atg_20_rep_hei,0.4646586591938635,0.1572490740120142,0.1716514479286593,0.758890098751333
Cambria County,vap_oth_b,atg_20_dem_sha,0.6740646208064115,0.12729773624200552,0.3854298405321075,0.8685728983262431
Cambria County,vap_oth_b,atg_20_rep_hei,0.32593537919358856,0.12729773624200552,0.13142710167375687,0.6145701594678925
Cameron County,vap_white,pre_16_dem_cli,0.23710481315201912,0.01576806533513476,0.20714518239794041,0.2691850934333233
Cameron County,vap_white,pre_16_rep_tru,0.762895186847981,0.01576806533513476,0.7308149065666768,0.7928548176020597
Cameron County,vap_black,pre_16_dem_cli,0.5095053741826595,0.1896407336360108,0.14792504547017046,0.8674535495283413
Cameron County,vap_black,pre_16_rep_tru,0.4904946258173404,0.1896407336360108,0.13254645047165847,0.8520749545298295
Cameron County,vap_hisp,pre_16_dem_cli,0.49841233425917847,0.18759544453298416,0.14183419268164846,0.8536879747789888
Cameron County,vap_hisp,pre_16_rep_tru,0.5015876657408215,0.18759544453298416,0.14631202522101114,0.8581658073183516
Cameron County,vap_asian,pre_16_dem_cli,0.4936373261342285,0.1971799423579106,0.12235378005951612,0.8572822275748231
Cameron County,vap_asian,pre_16_rep_tru,0.5063626738657714,0.1971799423579106,0.1427177724251768,0.8776462199404836
Cameron County,vap_aian,pre_16_dem_cli,0.522675576636589,0.22550475607375928,0.11343801231672825,0.9513221923002834
Cameron County,vap_aian,pre_16_rep_tru,0.47732442336341097,0.22550475607375928,0.0486778076997165,0.8865619876832715
Cameron County,vap_oth_b,pre_16_dem_cli,0.499129224546656,0.1792435803841157,0.17711377674343742,0.8491520489078836
Cameron County,vap_oth_b,pre_16_rep_tru,0.5008707754533439,0.1792435803841157,0.15084795109211616,0.8228862232565625
Cameron County,vap_white,uss_16_dem_mcg,0.30843407340148243,0.01722696706900929,0.27507302527481614,0.34261701699906666
Cameron County,vap_white,uss_16_rep_too,0.6915659265985177,0.01722696706900929,0.6573829830009335,0.724926974725184
Cameron County,vap_black,uss_16_dem_mcg,0.49770444117497387,0.1914163702569001,0.13761320877190508,0.8545108041702599
Cameron County,vap_black,uss_16_rep_too,0.5022955588250262,0.1914163702569001,0.14548919582974004,0.8623867912280948
Cameron County,vap_hisp,uss_16_dem_mcg,0.49195969232528225,0.19457683940510231,0.13154935089263797,0.8589289763646205
Cameron County,vap_hisp,uss_16_rep_too,0.5080403076747178,0.19457683940510231,0.14107102363537935,0.8684506491073618
Cameron County,vap_asian,uss_16_dem_mcg,0.5138162959779159,0.1996578864714344,0.137797742195741,0.8850602174609822
Cameron County,vap_asian,uss_16_rep_too,0.4861837040220841,0.1996578864714344,0.1149397825390176,0.862202257804259
Cameron County,vap_aian,uss_16_dem_mcg,0.4923793251100189,0.20537675057173632,0.11430224465491164,0.8794302889159181
Cameron County,vap_aian,uss_16_rep_too,0.5076206748899811,0.20537675057173632,0.12056971108408172,0.8856977553450883
Cameron County,vap_oth_b,uss_16_dem_mcg,0.5041508726600862,0.18190577413624168,0.1556200062922672,0.8477587614523706
Cameron County,vap_oth_b,uss_16_rep_too,0.49584912733991376,0.18190577413624168,0.1522412385476294,0.8443799937077326
Cameron County,vap_white,atg_16_dem_sha,0.35179953206938225,0.01729890057574694,0.31799715460964156,0.3867439244704224
Cameron County,vap_white,atg_16_rep_raf,0.6482004679306178,0.01729890057574694,0.6132560755295776,0.6820028453903585
Cameron County,vap_black,atg_16_dem_sha,0.5070621084339306,0.18972605866757197,0.14306429261785383,0.8600606034952584
Cameron County,vap_black,atg_16_rep_raf,0.4929378915660694,0.18972605866757197,0.13993939650474158,0.8569357073821462
Cameron County,vap_hisp,atg_16_dem_sha,0.5062043246573982,0.19380620172542284,0.13089772576211522,0.8632695368858689
Cameron County,vap_hisp,atg_16_rep_raf,0.4937956753426018,0.19380620172542284,0.136730463114131,0.8691022742378847
Cameron County,vap_asian,atg_16_dem_sha,0.501328140204694,0.19892284164635524,0.12834152939177987,0.8657611843256467
Cameron County,vap_asian,atg_16_rep_raf,0.498671859795306,0.19892284164635524,0.13423881567435303,0.8716584706082199
Cameron County,vap_aian,atg_16_dem_sha,0.4837830958539101,0.20820869740109912,0.09880642727016446,0.8759250720997804
Cameron County,vap_aian,atg_16_rep_raf,0.5162169041460899,0.20820869740109912,0.12407492790021954,0.9011935727298356
Cameron County,vap_oth_b,atg_16_dem_sha,0.49249666765944006,0.1794387011044247,0.15388890478981582,0.8273684360999847
Cameron County,vap_oth_b,atg_16_rep_raf,0.5075033323405599,0.1794387011044247,0.17263156390001516,0.8461110952101841
Cameron County,vap_white,uss_18_dem_cas,0.3630308003412253,0.01940583496292417,0.32564651594357785,0.4017532939899552
Cameron County,vap_white,uss_18_rep_bar,0.6369691996587747,0.01940583496292417,0.598246706010045,0.6743534840564221
Cameron County,vap_black,uss_18_dem_cas,0.5080241978450734,0.19768354618285672,0.14404581438232383,0.8899840551590207
Cameron County,vap_black,uss_18_rep_bar,0.49197580215492664,0.19768354618285672,0.110015944840979,0.8559541856176761
Cameron County,vap_hisp,uss_18_dem_cas,0.4962302370116597,0.19652912850467696,0.12764420220446898,0.8661525877424606
Cameron County,vap_hisp,uss_18_rep_bar,0.5037697629883403,0.19652912850467696,0.133847412257539,0.872355797795531
Cameron County,vap_asian,uss_18_dem_cas,0.5055177723563342,0.2002553096149278,0.13482058935233235,0.8779916850486092
Cameron County,vap_asian,uss_18_rep_bar,0.4944822276436657,0.2002553096149278,0.1220083149513906,0.8651794106476676
Cameron County,vap_aian,uss_18_dem_cas,0.4876193576932936,0.21118336900638177,0.09283292179612856,0.8769405870668012
Cameron County,vap_aian,uss_18_rep_bar,0.5123806423067064,0.21118336900638177,0.1230594129331989,0.9071670782038714
Cameron County,vap_oth_b,uss_18_dem_cas,0.49260195897633696,0.18066384417038311,0.15974377994617123,0.8357476507483613
Cameron County,vap_oth_b,uss_18_rep_bar,0.5073980410236629,0.18066384417038311,0.1642523492516386,0.8402562200538287
Cameron County,vap_white,gov_18_dem_wol,0.3460542448021618,0.0191141651573355,0.30901586744208415,0.38475483218641815
Cameron County,vap_white,gov_18_rep_wag,0.6539457551978383,0.0191141651573355,0.6152451678135819,0.6909841325579159
Cameron County,vap_black,gov_18_dem_wol,0.5057779749326445,0.19669853169805324,0.12696715867211902,0.8705489817825061
Cameron County,vap_black,gov_18_rep_wag,0.4942220250673554,0.19669853169805324,0.12945101821749386,0.873032841327881
Cameron County,vap_hisp,gov_18_dem_wol,0.4972105014110325,0.18960536608928535,0.1360294312837894,0.8512858961984691
Cameron County,vap_hisp,gov_18_rep_wag,0.5027894985889676,0.18960536608928535,0.1487141038015311,0.8639705687162106
Cameron County,vap_asian,gov_18_dem_wol,0.4884552540318751,0.1972747147209059,0.12205791088702211,0.8612904708287286
Cameron County,vap_asian,gov_18_rep_wag,0.5115447459681248,0.1972747147209059,0.13870952917127136,0.8779420891129778
Cameron County,vap_aian,gov_18_dem_wol,0.4972070616029598,0.2047083278380433,0.12205173021929454,0.8822784657448981
Cameron County,vap_aian,gov_18_rep_wag,0.5027929383970402,0.2047083278380433,0.11772153425510176,0.8779482697807054
Cameron County,vap_oth_b,gov_18_dem_wol,0.4981299209521032,0.1868072435544853,0.1477624257374607,0.8479883468009499
Cameron County,vap_oth_b,gov_18_rep_wag,0.5018700790478968,0.18680724355448533,0.15201165319904997,0.8522375742625392
Cameron County,vap_white,pre_20_dem_bid,0.20678798542139656,0.01411998005954055,0.18009337974826228,0.23512523330317245
Cameron County,vap_white,pre_20_rep_tru,0.7932120145786036,0.01411998005954055,0.7648747666968276,0.8199066202517379
Cameron County,vap_black,pre_20_dem_bid,0.5040968532701194,0.1932366172344912,0.1397185812679738,0.8684559707542364
Cameron County,vap_black,pre_20_rep_tru,0.49590314672988056,0.1932366172344912,0.13154402924576358,0.8602814187320258
Cameron County,vap_hisp,pre_20_dem_bid,0.48057893589579126,0.20103711810780203,0.10105339684401166,0.8620999132968267
Cameron County,vap_hisp,pre_20_rep_tru,0.5194210641042089,0.20103711810780203,0.1379000867031734,0.8989466031559883
Cameron County,vap_asian,pre_20_dem_bid,0.5018195674209904,0.20225082340515044,0.11770394211204616,0.8731656060743864
Cameron County,vap_asian,pre_20_rep_tru,0.49818043257900946,0.20225082340515044,0.1268343939256133,0.8822960578879536
Cameron County,vap_aian,pre_20_dem_bid,0.5088712486170224,0.20339737625710927,0.1183165627512322,0.8763405695853271
Cameron County,vap_aian,pre_20_rep_tru,0.4911287513829776,0.20339737625710927,0.12365943041467296,0.8816834372487676
Cameron County,vap_oth_b,pre_20_dem_bid,0.5184799151951738,0.187282088094326,0.1691543106808583,0.8844842854665458
Cameron County,vap_oth_b,pre_20_rep_tru,0.48152008480482617,0.187282088094326,0.11551571453345416,0.8308456893191417
Cameron County,vap_white,atg_20_dem_sha,0.23787303548990768,0.01441462562316492,0.20997082375684611,0.2670901214023482
Cameron County,vap_white,atg_20_rep_hei,0.7621269645100924,0.01441462562316492,0.7329098785976519,0.7900291762431539
Cameron County,vap_black,atg_20_dem_sha,0.5273225181640182,0.19797119935439111,0.14802856414126406,0.9047046847048368
Cameron County,vap_black,atg_20_rep_hei,0.4726774818359818,0.19797119935439111,0.09529531529516325,0.8519714358587359
Cameron County,vap_hisp,atg_20_dem_sha,0.5081833785526954,0.19091094753956817,0.1496362466885003,0.8659104552779462
Cameron County,vap_hisp,atg_20_rep_hei,0.4918166214473047,0.19091094753956817,0.13408954472205376,0.8503637533114997
Cameron County,vap_asian,atg_20_dem_sha,0.497518997208389,0.20145885859126195,0.1246313820696094,0.8767991561828756
Cameron County,vap_asian,atg_20_rep_hei,0.5024810027916109,0.20145885859126195,0.12320084381712432,0.8753686179303906
Cameron County,vap_aian,atg_20_dem_sha,0.4997986291384188,0.20599584504883992,0.11649118055551692,0.8792724329198586
Cameron County,vap_aian,atg_20_rep_hei,0.5002013708615811,0.20599584504883992,0.12072756708014128,0.8835088194444831
Cameron County,vap_oth_b,atg_20_dem_sha,0.5169011693194526,0.17870088013211757,0.1724261470063348,0.8412098627066237
Cameron County,vap_oth_b,atg_20_rep_hei,0.48309883068054726,0.17870088013211757,0.1587901372933762,0.8275738529936651
Carbon County,vap_white,pre_16_dem_cli,0.29825585214879285,0.00900486539996709,0.2813097613444647,0.3161264198416166
Carbon County,vap_white,pre_16_rep_tru,0.7017441478512072,0.00900486539996709,0.6838735801583834,0.7186902386555353
Carbon County,vap_black,pre_16_dem_cli,0.534766492169482,0.17417969848931084,0.19446214420837588,0.8395484940574066
Carbon County,vap_black,pre_16_rep_tru,0.465233507830518,0.17417969848931084,0.1604515059425934,0.8055378557916241
Carbon County,vap_hisp,pre_16_dem_cli,0.5727154001043017,0.1575001083002067,0.25174466939493223,0.8380995284175088
Carbon County,vap_hisp,pre_16_rep_tru,0.4272845998956982,0.1575001083002067,0.16190047158249113,0.7482553306050675
Carbon County,vap_asian,pre_16_dem_cli,0.5127652791089862,0.18932931084382065,0.16232579465593705,0.8830325263515385
Carbon County,vap_asian,pre_16_rep_tru,0.48723472089101383,0.18932931084382065,0.11696747364846136,0.8376742053440628
Carbon County,vap_aian,pre_16_dem_cli,0.5162108900005766,0.17297040469192243,0.18856868463670756,0.8380682115028291
Carbon County,vap_aian,pre_16_rep_tru,0.4837891099994234,0.17297040469192243,0.16193178849717108,0.8114313153632924
Carbon County,vap_oth_b,pre_16_dem_cli,0.5480089628267092,0.16111240480536443,0.2361536930347363,0.8360901044890308
Carbon County,vap_oth_b,pre_16_rep_tru,0.4519910371732907,0.16111240480536443,0.1639098955109693,0.7638463069652636
Carbon County,vap_white,uss_16_dem_mcg,0.370339177305037,0.0092992061533149,0.35227637055031874,0.38813845764787813
Carbon County,vap_white,uss_16_rep_too,0.6296608226949629,0.0092992061533149,0.6118615423521219,0.6477236294496812
Carbon County,vap_black,uss_16_dem_mcg,0.521167054401546,0.16814085390544342,0.1985344325431392,0.8229760995059902
Carbon County,vap_black,uss_16_rep_too,0.478832945598454,0.16814085390544345,0.1770239004940098,0.8014655674568608
Carbon County,vap_hisp,uss_16_dem_mcg,0.5811892543755548,0.15999059783910313,0.2530558265311901,0.861338448948484
Carbon County,vap_hisp,uss_16_rep_too,0.4188107456244451,0.15999059783910313,0.1386615510515161,0.7469441734688097
Carbon County,vap_asian,uss_16_dem_mcg,0.47429360643505414,0.17194839198832354,0.16716192293076035,0.7946325771446561
Carbon County,vap_asian,uss_16_rep_too,0.5257063935649459,0.17194839198832354,0.2053674228553439,0.8328380770692395
Carbon County,vap_aian,uss_16_dem_mcg,0.5036369856065456,0.1808072223311395,0.15825368063104903,0.8426999583720249
Carbon County,vap_aian,uss_16_rep_too,0.4963630143934544,0.1808072223311395,0.15730004162797512,0.841746319368951
Carbon County,vap_oth_b,uss_16_dem_mcg,0.5059800712779163,0.15786444044349168,0.2115233894733181,0.8117330483041938
Carbon County,vap_oth_b,uss_16_rep_too,0.4940199287220835,0.15786444044349168,0.18826695169580585,0.7884766105266816
Carbon County,vap_white,atg_16_dem_sha,0.4157264981760871,0.01021367733803158,0.396307065967732,0.4359131338597645
Carbon County,vap_white,atg_16_rep_raf,0.5842735018239129,0.01021367733803158,0.5640868661402356,0.6036929340322681
Carbon County,vap_black,atg_16_dem_sha,0.535345176882226,0.1624739669661699,0.226380815621233,0.8400238079891443
Carbon County,vap_black,atg_16_rep_raf,0.4646548231177739,0.1624739669661699,0.15997619201085578,0.7736191843787671
Carbon County,vap_hisp,atg_16_dem_sha,0.5393716722862772,0.17193320545931748,0.22087289370345023,0.8591197627425831
Carbon County,vap_hisp,atg_16_rep_raf,0.46062832771372264,0.17193320545931748,0.14088023725741683,0.7791271062965496
Carbon County,vap_asian,atg_16_dem_sha,0.4855948599872413,0.16306371302902878,0.1944250358486149,0.7943977179155899
Carbon County,vap_asian,atg_16_rep_raf,0.5144051400127587,0.16306371302902878,0.2056022820844101,0.8055749641513851
Carbon County,vap_aian,atg_16_dem_sha,0.5144574754087429,0.1813165361527846,0.16889253737405654,0.8452251126023423
Carbon County,vap_aian,atg_16_rep_raf,0.4855425245912572,0.1813165361527846,0.15477488739765763,0.8311074626259434
Carbon County,vap_oth_b,atg_16_dem_sha,0.4938288424011001,0.16284605118283782,0.1901731116062067,0.7944658361195908
Carbon County,vap_oth_b,atg_16_rep_raf,0.5061711575988999,0.16284605118283782,0.2055341638804091,0.8098268883937932
Carbon County,vap_white,uss_18_dem_cas,0.3812614164233979,0.00918912310482397,0.3636897593208197,0.3997102371521551
Carbon County,vap_white,uss_18_rep_bar,0.6187385835766022,0.00918912310482397,0.600289762847845,0.6363102406791803
Carbon County,vap_black,uss_18_dem_cas,0.5604463098929281,0.15677473296266445,0.2522713904160369,0.8418576364237851
Carbon County,vap_black,uss_18_rep_bar,0.4395536901070719,0.15677473296266445,0.1581423635762149,0.747728609583963
Carbon County,vap_hisp,uss_18_dem_cas,0.569355949042974,0.1518288092240647,0.2676738439483575,0.8379707039026425
Carbon County,vap_hisp,uss_18_rep_bar,0.43064405095702585,0.1518288092240647,0.1620292960973572,0.7323261560516423
Carbon County,vap_asian,uss_18_dem_cas,0.49892336598664694,0.16378763203103727,0.18549070322601793,0.8026204322077133
Carbon County,vap_asian,uss_18_rep_bar,0.5010766340133531,0.16378763203103727,0.1973795677922867,0.814509296773982
Carbon County,vap_aian,uss_18_dem_cas,0.4916755919811258,0.18940745191443537,0.11634825252447596,0.8295829398060274
Carbon County,vap_aian,uss_18_rep_bar,0.5083244080188741,0.18940745191443537,0.17041706019397246,0.8836517474755241
Carbon County,vap_oth_b,uss_18_dem_cas,0.5339674340718155,0.15499823834530554,0.22898686268935892,0.822488756855997
Carbon County,vap_oth_b,uss_18_rep_bar,0.4660325659281845,0.15499823834530554,0.17751124314400304,0.7710131373106409
Carbon County,vap_white,gov_18_dem_wol,0.43372646180182767,0.0097525490568768,0.4146564181903614,0.4528344199133709
Carbon County,vap_white,gov_18_rep_wag,0.5662735381981724,0.0097525490568768,0.5471655800866291,0.5853435818096386
Carbon County,vap_black,gov_18_dem_wol,0.5544218714236588,0.15890751415047752,0.2203333113186662,0.8316303370759812
Carbon County,vap_black,gov_18_rep_wag,0.4455781285763411,0.15890751415047752,0.16836966292401898,0.7796666886813338
Carbon County,vap_hisp,gov_18_dem_wol,0.5452074854684492,0.16250563459280404,0.21570720700036544,0.82735585834365
Carbon County,vap_hisp,gov_18_rep_wag,0.4547925145315507,0.16250563459280404,0.17264414165634992,0.7842927929996344
Carbon County,vap_asian,gov_18_dem_wol,0.4971139022019986,0.16226401581810712,0.196359542711627,0.8094105991505997
Carbon County,vap_asian,gov_18_rep_wag,0.5028860977980014,0.16226401581810712,0.1905894008494004,0.8036404572883729
Carbon County,vap_aian,gov_18_dem_wol,0.4977183558707389,0.1829543097208993,0.17423058843654474,0.8572574532219531
Carbon County,vap_aian,gov_18_rep_wag,0.5022816441292611,0.1829543097208993,0.14274254677804687,0.8257694115634552
Carbon County,vap_oth_b,gov_18_dem_wol,0.5058518277891321,0.1818402315570186,0.15852009062910308,0.8406892129642896
Carbon County,vap_oth_b,gov_18_rep_wag,0.4941481722108678,0.1818402315570186,0.15931078703571033,0.8414799093708968
Carbon County,vap_white,pre_20_dem_bid,0.31973633108941724,0.00953460489070901,0.30231228255717735,0.3391425059849872
Carbon County,vap_white,pre_20_rep_tru,0.6802636689105828,0.00953460489070901,0.6608574940150128,0.6976877174428227
Carbon County,vap_black,pre_20_dem_bid,0.5523360713539813,0.1724569188615872,0.19893580852419737,0.8532900723037785
Carbon County,vap_black,pre_20_rep_tru,0.4476639286460187,0.1724569188615872,0.14670992769622165,0.8010641914758025
Carbon County,vap_hisp,pre_20_dem_bid,0.5611110204662538,0.16466989906798904,0.23121554762072496,0.8427427436207723
Carbon County,vap_hisp,pre_20_rep_tru,0.4388889795337461,0.16466989906798904,0.1572572563792276,0.768784452379275
Carbon County,vap_asian,pre_20_dem_bid,0.5113451636309537,0.17983806179586714,0.1446269257345672,0.8157277007423603
Carbon County,vap_asian,pre_20_rep_tru,0.48865483636904633,0.17983806179586714,0.1842722992576395,0.8553730742654326
Carbon County,vap_aian,pre_20_dem_bid,0.5028036550782715,0.17214741995522576,0.16571944617670664,0.8120446799352875
Carbon County,vap_aian,pre_20_rep_tru,0.4971963449217284,0.17214741995522576,0.18795532006471247,0.8342805538232932
Carbon County,vap_oth_b,pre_20_dem_bid,0.5438361690575745,0.16479799774494677,0.21243361601331115,0.8522683682772312
Carbon County,vap_oth_b,pre_20_rep_tru,0.4561638309424254,0.16479799774494677,0.1477316317227687,0.7875663839866888
Carbon County,vap_white,atg_20_dem_sha,0.37499305896550056,0.00915417773434186,0.3574698969799511,0.3923327864280308
Carbon County,vap_white,atg_20_rep_hei,0.6250069410344995,0.00915417773434186,0.6076672135719692,0.642530103020049
Carbon County,vap_black,atg_20_dem_sha,0.5192933057472094,0.1753846009630668,0.1806887968536158,0.8571997879599544
Carbon County,vap_black,atg_20_rep_hei,0.48070669425279056,0.1753846009630668,0.14280021204004556,0.8193112031463838
Carbon County,vap_hisp,atg_20_dem_sha,0.5269922033947355,0.16870122393032494,0.1894793287209987,0.8296839304248051
Carbon County,vap_hisp,atg_20_rep_hei,0.4730077966052644,0.16870122393032494,0.1703160695751947,0.8105206712790012
Carbon County,vap_asian,atg_20_dem_sha,0.5196736800691486,0.15962102544855786,0.21194542139122657,0.8121462292790246
Carbon County,vap_asian,atg_20_rep_hei,0.4803263199308514,0.15962102544855786,0.1878537707209755,0.7880545786087735
Carbon County,vap_aian,atg_20_dem_sha,0.4988738096134165,0.189955975029376,0.14552649735869785,0.8703335018871252
Carbon County,vap_aian,atg_20_rep_hei,0.5011261903865836,0.189955975029376,0.12966649811287476,0.8544735026413022
Carbon County,vap_oth_b,atg_20_dem_sha,0.5260780355093049,0.16808868065475258,0.19285699550843932,0.8266107542234976
Carbon County,vap_oth_b,atg_20_rep_hei,0.473921964490695,0.16808868065475258,0.1733892457765021,0.8071430044915605
Centre County,vap_white,pre_16_dem_cli,0.41515625912906257,0.00890586106987648,0.39927472859901736,0.4339402290836208
Centre County,vap_white,pre_16_rep_tru,0.5848437408709374,0.00890586106987649,0.566059770916379,0.6007252714009825
Centre County,vap_black,pre_16_dem_cli,0.7828797625852928,0.11921621233568726,0.4356975699387456,0.9361871335545822
Centre County,vap_black,pre_16_rep_tru,0.2171202374147072,0.11921621233568726,0.06381286644541778,0.5643024300612544
Centre County,vap_hisp,pre_16_dem_cli,0.6791014060054765,0.12031081446084826,0.4258933966191701,0.8832279599245553
Centre County,vap_hisp,pre_16_rep_tru,0.32089859399452336,0.12031081446084826,0.1167720400754446,0.5741066033808297
Centre County,vap_asian,pre_16_dem_cli,0.860542513041909,0.06080336552455948,0.7132524337547851,0.9468287110558876
Centre County,vap_asian,pre_16_rep_tru,0.1394574869580909,0.06080336552455948,0.05317128894411237,0.2867475662452148
Centre County,vap_aian,pre_16_dem_cli,0.5075447118203569,0.16677658241617374,0.1859385932114754,0.8168693522647943
Centre County,vap_aian,pre_16_rep_tru,0.4924552881796431,0.16677658241617374,0.18313064773520565,0.8140614067885246
Centre County,vap_oth_b,pre_16_dem_cli,0.6304827345923377,0.17865606915477128,0.21499980087729376,0.9088037671724802
Centre County,vap_oth_b,pre_16_rep_tru,0.3695172654076623,0.17865606915477128,0.09119623282751976,0.7850001991227062
Centre County,vap_white,uss_16_dem_mcg,0.41582283018443433,0.00733479322773906,0.4017033230144807,0.4305569448510536
Centre County,vap_white,uss_16_rep_too,0.5841771698155656,0.00733479322773906,0.5694430551489464,0.5982966769855191
Centre County,vap_black,uss_16_dem_mcg,0.5655962721954423,0.13546208113823707,0.2996241872717168,0.8065447465862898
Centre County,vap_black,uss_16_rep_too,0.4344037278045577,0.13546208113823707,0.19345525341371023,0.7003758127282831
Centre County,vap_hisp,uss_16_dem_mcg,0.7023888020058913,0.12612553945376506,0.4113713632066323,0.8957250044273601
Centre County,vap_hisp,uss_16_rep_too,0.2976111979941087,0.12612553945376506,0.1042749955726398,0.5886286367933675
Centre County,vap_asian,uss_16_dem_mcg,0.8805970957515229,0.0527733728005636,0.7662029522980683,0.959924833200138
Centre County,vap_asian,uss_16_rep_too,0.11940290424847703,0.0527733728005636,0.04007516679986185,0.2337970477019316
Centre County,vap_aian,uss_16_dem_mcg,0.4911945598104501,0.1939384266102347,0.11287501389439251,0.8274022114849603
Centre County,vap_aian,uss_16_rep_too,0.5088054401895499,0.1939384266102347,0.17259778851503962,0.8871249861056074
Centre County,vap_oth_b,uss_16_dem_mcg,0.6397172881998093,0.13317824297053163,0.34338833352309495,0.868817659691224
Centre County,vap_oth_b,uss_16_rep_too,0.3602827118001906,0.13317824297053163,0.13118234030877593,0.6566116664769048
Centre County,vap_white,atg_16_dem_sha,0.44099218052150857,0.00759338184620957,0.42790037613389464,0.45768358750146104
Centre County,vap_white,atg_16_rep_raf,0.5590078194784914,0.00759338184620958,0.5423164124985388,0.5720996238661055
Centre County,vap_black,atg_16_dem_sha,0.5520687294912411,0.12440907490079536,0.3010085450268685,0.7692892370422555
Centre County,vap_black,atg_16_rep_raf,0.4479312705087589,0.12440907490079536,0.23071076295774465,0.6989914549731313
Centre County,vap_hisp,atg_16_dem_sha,0.7016675143249453,0.12527298727880762,0.3993985906569049,0.8881063700892987
Centre County,vap_hisp,atg_16_rep_raf,0.29833248567505466,0.12527298727880762,0.11189362991070131,0.6006014093430951
Centre County,vap_asian,atg_16_dem_sha,0.8963578182731553,0.04891090591931335,0.7756748612554089,0.9627009129290178
Centre County,vap_asian,atg_16_rep_raf,0.10364218172684458,0.04891090591931335,0.03729908707098216,0.224325138744591
Centre County,vap_aian,atg_16_dem_sha,0.4967498761596087,0.1720837504252191,0.17112839604805197,0.8203087475351298
Centre County,vap_aian,atg_16_rep_raf,0.5032501238403914,0.1720837504252191,0.1796912524648701,0.8288716039519479
Centre County,vap_oth_b,atg_16_dem_sha,0.6242305902609429,0.13873892351532732,0.3415214802103434,0.8680794466072376
Centre County,vap_oth_b,atg_16_rep_raf,0.37576940973905715,0.13873892351532732,0.13192055339276235,0.6584785197896563
Centre County,vap_white,uss_18_dem_cas,0.5295449588359976,0.0081598913763277,0.5141965752596562,0.5462487260359586
Centre County,vap_white,uss_18_rep_bar,0.47045504116400233,0.0081598913763277,0.45375127396404136,0.48580342474034366
Centre County,vap_black,uss_18_dem_cas,0.6264517635669274,0.1460179888597425,0.29881954717365605,0.875480990829771
Centre County,vap_black,uss_18_rep_bar,0.37354823643307256,0.1460179888597425,0.12451900917022886,0.7011804528263437
Centre County,vap_hisp,uss_18_dem_cas,0.7667652551212901,0.11079762070234753,0.5084390938729045,0.9250015556932846
Centre County,vap_hisp,uss_18_rep_bar,0.2332347448787098,0.11079762070234753,0.07499844430671533,0.49156090612709535
Centre County,vap_asian,uss_18_dem_cas,0.8726154872625642,0.05661741108955177,0.7382728998137353,0.954870525190866
Centre County,vap_asian,uss_18_rep_bar,0.12738451273743573,0.05661741108955177,0.04512947480913382,0.2617271001862646
Centre County,vap_aian,uss_18_dem_cas,0.5232613707783015,0.15889078481992727,0.21128750202335167,0.8202317760055842
Centre County,vap_aian,uss_18_rep_bar,0.4767386292216986,0.15889078481992727,0.17976822399441564,0.7887124979766482
Centre County,vap_oth_b,uss_18_dem_cas,0.6171572823097813,0.15798284335657106,0.28865392071888635,0.8678577484494472
Centre County,vap_oth_b,uss_18_rep_bar,0.38284271769021866,0.15798284335657106,0.13214225155055295,0.7113460792811135
Centre County,vap_white,gov_18_dem_wol,0.5259030597546556,0.0081629920847556,0.5115241765028862,0.5431538176412025
Centre County,vap_white,gov_18_rep_wag,0.4740969402453443,0.00816299208475559,0.4568461823587976,0.48847582349711377
Centre County,vap_black,gov_18_dem_wol,0.6137890729209629,0.1591186040465637,0.29001785840420075,0.894295390278625
Centre County,vap_black,gov_18_rep_wag,0.3862109270790371,0.1591186040465637,0.10570460972137488,0.7099821415957991
Centre County,vap_hisp,gov_18_dem_wol,0.7092531335397021,0.12208354070605495,0.43920160845265904,0.891822579970867
Centre County,vap_hisp,gov_18_rep_wag,0.2907468664602978,0.12208354070605495,0.10817742002913289,0.5607983915473407
Centre County,vap_asian,gov_18_dem_wol,0.8727721793915886,0.05236070114198804,0.7470437280496395,0.9515827901462384
Centre County,vap_asian,gov_18_rep_wag,0.12722782060841137,0.05236070114198804,0.0484172098537616,0.25295627195036047
Centre County,vap_aian,gov_18_dem_wol,0.4732142156643645,0.16880084568911471,0.17109399048749924,0.7857649069220618
Centre County,vap_aian,gov_18_rep_wag,0.5267857843356356,0.16880084568911471,0.2142350930779382,0.8289060095125007
Centre County,vap_oth_b,gov_18_dem_wol,0.6104679413081802,0.1512396498923367,0.26253625280227927,0.8405132872535415
Centre County,vap_oth_b,gov_18_rep_wag,0.3895320586918198,0.1512396498923367,0.1594867127464583,0.7374637471977206
Centre County,vap_white,pre_20_dem_bid,0.4480765291885494,0.00789084693735343,0.43267506101842074,0.4633784177959313
Centre County,vap_white,pre_20_rep_tru,0.5519234708114505,0.00789084693735343,0.5366215822040686,0.5673249389815792
Centre County,vap_black,pre_20_dem_bid,0.5960515841983581,0.1607561862728231,0.28252358830508423,0.8687756555840935
Centre County,vap_black,pre_20_rep_tru,0.4039484158016418,0.1607561862728231,0.1312243444159063,0.7174764116949157
Centre County,vap_hisp,pre_20_dem_bid,0.7010093284103791,0.1313430718594977,0.4030851376009579,0.902545722656836
Centre County,vap_hisp,pre_20_rep_tru,0.2989906715896208,0.1313430718594977,0.0974542773431638,0.596914862399042
Centre County,vap_asian,pre_20_dem_bid,0.8796038575601733,0.05728522705749646,0.7374797790177643,0.9590007900952486
Centre County,vap_asian,pre_20_rep_tru,0.12039614243982664,0.05728522705749646,0.04099920990475134,0.2625202209822356
Centre County,vap_aian,pre_20_dem_bid,0.5018432669641154,0.17290967453527395,0.18903616730998435,0.8670315221139311
Centre County,vap_aian,pre_20_rep_tru,0.4981567330358846,0.17290967453527395,0.13296847788606886,0.8109638326900154
Centre County,vap_oth_b,pre_20_dem_bid,0.6018281867140913,0.14716502311445276,0.2877286001056208,0.8474976496866811
Centre County,vap_oth_b,pre_20_rep_tru,0.3981718132859086,0.14716502311445276,0.1525023503133188,0.7122713998943792
Centre County,vap_white,atg_20_dem_sha,0.4485216911896628,0.00824426329577817,0.4341094666805991,0.4678328710506602
Centre County,vap_white,atg_20_rep_hei,0.5514783088103371,0.00824426329577817,0.5321671289493398,0.5658905333194008
Centre County,vap_black,atg_20_dem_sha,0.60200610500008,0.1288471591525645,0.3304884803492601,0.822027442716981
Centre County,vap_black,atg_20_rep_hei,0.39799389499992,0.1288471591525645,0.17797255728301897,0.6695115196507399
Centre County,vap_hisp,atg_20_dem_sha,0.7477692465185872,0.13702459082417592,0.4073448255552262,0.9216064343991168
Centre County,vap_hisp,atg_20_rep_hei,0.2522307534814128,0.13702459082417592,0.0783935656008831,0.5926551744447734
Centre County,vap_asian,atg_20_dem_sha,0.8547236181403645,0.05684562901076068,0.7212461592546576,0.9396306818230696
Centre County,vap_asian,atg_20_rep_hei,0.14527638185963548,0.05684562901076068,0.06036931817693027,0.27875384074534215
Centre County,vap_aian,atg_20_dem_sha,0.5153253420888247,0.16272966325114305,0.18389546614759697,0.8090426862503821
Centre County,vap_aian,atg_20_rep_hei,0.48467465791117526,0.16272966325114305,0.19095731374961789,0.816104533852403
Centre County,vap_oth_b,atg_20_dem_sha,0.6188684535419243,0.15161662075986296,0.2577479135826984,0.8518321358677631
Centre County,vap_oth_b,atg_20_rep_hei,0.3811315464580756,0.15161662075986296,0.14816786413223684,0.7422520864173016
Chester County,vap_white,pre_16_dem_cli,0.4911679958302826,0.00636814217174042,0.4801921752499456,0.5052876695753518
Chester County,vap_white,pre_16_rep_tru,0.5088320041697174,0.00636814217174042,0.4947123304246483,0.5198078247500544
Chester County,vap_black,pre_16_dem_cli,0.9214616645656358,0.02158634927037549,0.8705527064875629,0.9562531320654696
Chester County,vap_black,pre_16_rep_tru,0.07853833543436417,0.02158634927037549,0.04374686793453059,0.12944729351243717
Chester County,vap_hisp,pre_16_dem_cli,0.7998016028056011,0.0390134762352218,0.7192824937180348,0.8663686156019882
Chester County,vap_hisp,pre_16_rep_tru,0.20019839719439889,0.0390134762352218,0.13363138439801178,0.2807175062819652
Chester County,vap_asian,pre_16_dem_cli,0.845375901461718,0.05409164548129272,0.7213966176551645,0.9254390466019008
Chester County,vap_asian,pre_16_rep_tru,0.15462409853828185,0.05409164548129272,0.07456095339809907,0.27860338234483517
Chester County,vap_aian,pre_16_dem_cli,0.4931184064289349,0.17014027352831812,0.16358210659731526,0.8081204599112206
Chester County,vap_aian,pre_16_rep_tru,0.5068815935710651,0.17014027352831812,0.19187954008877947,0.8364178934026848
Chester County,vap_oth_b,pre_16_dem_cli,0.7553370368014716,0.08570591872828567,0.5496636046291272,0.8840690745380545
Chester County,vap_oth_b,pre_16_rep_tru,0.2446629631985284,0.08570591872828567,0.11593092546194544,0.4503363953708728
Chester County,vap_white,uss_16_dem_mcg,0.4195647004765085,0.00747057019237127,0.40561799410831045,0.4345932923770491
Chester County,vap_white,uss_16_rep_too,0.5804352995234915,0.00747057019237127,0.5654067076229509,0.5943820058916897
Chester County,vap_black,uss_16_dem_mcg,0.9316819071202708,0.01913532365462423,0.8864737600053126,0.9624211477505408
Chester County,vap_black,uss_16_rep_too,0.06831809287972913,0.01913532365462423,0.03757885224945908,0.11352623999468736
Chester County,vap_hisp,uss_16_dem_mcg,0.8135540962590161,0.03986099806819519,0.7298133209385199,0.8865191237354497
Chester County,vap_hisp,uss_16_rep_too,0.18644590374098377,0.03986099806819519,0.11348087626455018,0.2701866790614799
Chester County,vap_asian,uss_16_dem_mcg,0.7566113332998452,0.06918329517844317,0.6224817900999845,0.8791942241895536
Chester County,vap_asian,uss_16_rep_too,0.2433886667001548,0.06918329517844317,0.12080577581044626,0.3775182099000151
Chester County,vap_aian,uss_16_dem_mcg,0.5471796038740782,0.159809937364288,0.2276596901104048,0.8229116045556519
Chester County,vap_aian,uss_16_rep_too,0.45282039612592184,0.159809937364288,0.17708839544434798,0.7723403098895951
Chester County,vap_oth_b,uss_16_dem_mcg,0.7845930463891324,0.08526332336753997,0.5699982947834269,0.9057193593329902
Chester County,vap_oth_b,uss_16_rep_too,0.21540695361086765,0.08526332336753997,0.09428064066700986,0.43000170521657294
Chester County,vap_white,atg_16_dem_sha,0.4305242150763055,0.00803200564988416,0.41604234311712474,0.4461996394230423
Chester County,vap_white,atg_16_rep_raf,0.5694757849236944,0.00803200564988416,0.5538003605769578,0.5839576568828753
Chester County,vap_black,atg_16_dem_sha,0.9291185012654104,0.02020639953910479,0.8834511787268565,0.9623613412157735
Chester County,vap_black,atg_16_rep_raf,0.07088149873458965,0.02020639953910479,0.03763865878422638,0.11654882127314346
Chester County,vap_hisp,atg_16_dem_sha,0.8323411748891344,0.03658073600838858,0.7572818489502038,0.8981958981567539
Chester County,vap_hisp,atg_16_rep_raf,0.16765882511086555,0.03658073600838857,0.10180410184324598,0.24271815104979605
Chester County,vap_asian,atg_16_dem_sha,0.8005873875329158,0.08199206185042135,0.6313124146753436,0.9214276774548812
Chester County,vap_asian,atg_16_rep_raf,0.1994126124670842,0.08199206185042135,0.07857232254511863,0.3686875853246564
Chester County,vap_aian,atg_16_dem_sha,0.5317144158847894,0.17758491278005614,0.18007174905613385,0.8106536018948962
Chester County,vap_aian,atg_16_rep_raf,0.4682855841152106,0.17758491278005614,0.1893463981051037,0.8199282509438661
Chester County,vap_oth_b,atg_16_dem_sha,0.7949863312523598,0.08946975750411586,0.5664399628979703,0.91850153973789
Chester County,vap_oth_b,atg_16_rep_raf,0.2050136687476401,0.08946975750411586,0.08149846026210994,0.43356003710202967
Chester County,vap_white,uss_18_dem_cas,0.5516841309577555,0.00706762547997336,0.5406208548850293,0.5690814338259894
Chester County,vap_white,uss_18_rep_bar,0.4483158690422445,0.00706762547997336,0.4309185661740106,0.45937914511497063
Chester County,vap_black,uss_18_dem_cas,0.9338483463808296,0.01860264966133071,0.8908413929424349,0.9631754986734056
Chester County,vap_black,uss_18_rep_bar,0.0661516536191705,0.01860264966133071,0.03682450132659433,0.10915860705756512
Chester County,vap_hisp,uss_18_dem_cas,0.8512622644735394,0.03485769922428005,0.7760639867705632,0.9136390964411438
Chester County,vap_hisp,uss_18_rep_bar,0.14873773552646055,0.03485769922428005,0.08636090355885614,0.22393601322943668
Chester County,vap_asian,uss_18_dem_cas,0.8474955193005191,0.05583055154488971,0.7325465724195167,0.9384848788022424
Chester County,vap_asian,uss_18_rep_bar,0.15250448069948083,0.05583055154488971,0.06151512119775763,0.2674534275804832
Chester County,vap_aian,uss_18_dem_cas,0.5243425619546509,0.16019479089011088,0.23887029541340385,0.8538717949083958
Chester County,vap_aian,uss_18_rep_bar,0.4756574380453491,0.16019479089011088,0.14612820509160407,0.7611297045865962
Chester County,vap_oth_b,uss_18_dem_cas,0.7886343578176962,0.10345099213007827,0.5324746689665577,0.9260323698641796
Chester County,vap_oth_b,uss_18_rep_bar,0.2113656421823038,0.10345099213007827,0.07396763013582029,0.4675253310334422
Chester County,vap_white,gov_18_dem_wol,0.5775566160305301,0.00593871452202316,0.5670687979635274,0.5900210612209174
Chester County,vap_white,gov_18_rep_wag,0.4224433839694699,0.00593871452202316,0.40997893877908265,0.43293120203647256
Chester County,vap_black,gov_18_dem_wol,0.9290605746771854,0.01964485265692649,0.8854386290054833,0.9601047421959404
Chester County,vap_black,gov_18_rep_wag,0.07093942532281466,0.01964485265692649,0.0398952578040597,0.11456137099451671
Chester County,vap_hisp,gov_18_dem_wol,0.8442553298639632,0.03870274066283116,0.7590750012413457,0.9068008217879234
Chester County,vap_hisp,gov_18_rep_wag,0.1557446701360367,0.03870274066283116,0.09319917821207648,0.24092499875865425
Chester County,vap_asian,gov_18_dem_wol,0.8578967593460838,0.04747938018990451,0.746199817983331,0.9342532238972368
Chester County,vap_asian,gov_18_rep_wag,0.14210324065391622,0.04747938018990451,0.06574677610276324,0.2538001820166689
Chester County,vap_aian,gov_18_dem_wol,0.4914701166292067,0.1650176301436667,0.18863218051856745,0.7787076181627509
Chester County,vap_aian,gov_18_rep_wag,0.5085298833707932,0.1650176301436667,0.22129238183724895,0.8113678194814323
Chester County,vap_oth_b,gov_18_dem_wol,0.7573326770919694,0.116717997950115,0.45335960683831,0.9190080832111764
Chester County,vap_oth_b,gov_18_rep_wag,0.24266732290803067,0.116717997950115,0.08099191678882367,0.5466403931616898
Chester County,vap_white,pre_20_dem_bid,0.5375980111062332,0.00720677813206037,0.5234194637971165,0.5517657514993136
Chester County,vap_white,pre_20_rep_tru,0.4624019888937668,0.00720677813206037,0.4482342485006862,0.47658053620288354
Chester County,vap_black,pre_20_dem_bid,0.9205283906318792,0.02222890841583461,0.8705166676677746,0.958181945029426
Chester County,vap_black,pre_20_rep_tru,0.07947160936812081,0.02222890841583461,0.04181805497057411,0.12948333233222548
Chester County,vap_hisp,pre_20_dem_bid,0.8257748933988528,0.04379500129793871,0.73560999521076,0.9007662388220165
Chester County,vap_hisp,pre_20_rep_tru,0.17422510660114715,0.04379500129793871,0.09923376117798352,0.26439000478923996
Chester County,vap_asian,pre_20_dem_bid,0.8676294009556403,0.04978418671203476,0.7391872929399677,0.9398219770633413
Chester County,vap_asian,pre_20_rep_tru,0.1323705990443596,0.04978418671203476,0.06017802293665884,0.26081270706003234
Chester County,vap_aian,pre_20_dem_bid,0.49302393277315193,0.161659960530373,0.22064482094106463,0.7924917748333231
Chester County,vap_aian,pre_20_rep_tru,0.5069760672268481,0.161659960530373,0.20750822516667697,0.779355179058935
Chester County,vap_oth_b,pre_20_dem_bid,0.6711620694768906,0.12169393725581794,0.43036873643960183,0.8709686136963952
Chester County,vap_oth_b,pre_20_rep_tru,0.32883793052310933,0.12169393725581794,0.1290313863036047,0.5696312635603978
Chester County,vap_white,atg_20_dem_sha,0.5013211684745043,0.00608961502354935,0.4898483198773848,0.5133138599780438
Chester County,vap_white,atg_20_rep_hei,0.49867883152549575,0.00608961502354936,0.4866861400219562,0.5101516801226151
Chester County,vap_black,atg_20_dem_sha,0.9400762407766446,0.02013290801738096,0.8892183350357643,0.9693607019402174
Chester County,vap_black,atg_20_rep_hei,0.05992375922335542,0.02013290801738096,0.03063929805978266,0.11078166496423576
Chester County,vap_hisp,atg_20_dem_sha,0.8189429382482207,0.0414755920073115,0.7308905215516238,0.8960451842306766
Chester County,vap_hisp,atg_20_rep_hei,0.18105706175177916,0.0414755920073115,0.10395481576932332,0.269109478448376
Chester County,vap_asian,atg_20_dem_sha,0.8419668157388726,0.0454803434858407,0.7455170391950907,0.919805781386673
Chester County,vap_asian,atg_20_rep_hei,0.1580331842611274,0.0454803434858407,0.08019421861332685,0.2544829608049093
Chester County,vap_aian,atg_20_dem_sha,0.4746748685323701,0.1612113294846914,0.18058216002529764,0.7961387626560897
Chester County,vap_aian,atg_20_rep_hei,0.5253251314676298,0.1612113294846914,0.20386123734391032,0.8194178399747024
Chester County,vap_oth_b,atg_20_dem_sha,0.7300892916831306,0.0824971572943854,0.5590566788315849,0.8675294942680322
Chester County,vap_oth_b,atg_20_rep_hei,0.26991070831686936,0.0824971572943854,0.13247050573196786,0.44094332116841506
Clarion County,vap_white,pre_16_dem_cli,0.22493298673034903,0.00665865837128379,0.2120557445375166,0.23813026738419607
Clarion County,vap_white,pre_16_rep_tru,0.775067013269651,0.00665865837128379,0.7618697326158038,0.7879442554624834
Clarion County,vap_black,pre_16_dem_cli,0.5486769173748668,0.18261542955981824,0.19077525837495196,0.8663910945499393
Clarion County,vap_black,pre_16_rep_tru,0.4513230826251331,0.18261542955981824,0.13360890545006068,0.8092247416250479
Clarion County,vap_hisp,pre_16_dem_cli,0.5435518285548476,0.16779850301206586,0.2129511443185444,0.8604589422202457
Clarion County,vap_hisp,pre_16_rep_tru,0.4564481714451523,0.16779850301206586,0.13954105777975434,0.7870488556814554
Clarion County,vap_asian,pre_16_dem_cli,0.5279431063571048,0.17831349505589222,0.18116830717271,0.8671195731307264
Clarion County,vap_asian,pre_16_rep_tru,0.4720568936428952,0.17831349505589222,0.1328804268692735,0.81883169282729
Clarion County,vap_aian,pre_16_dem_cli,0.5129842459532227,0.17201049774349994,0.18017828347961096,0.8304687943630381
Clarion County,vap_aian,pre_16_rep_tru,0.4870157540467774,0.17201049774349994,0.1695312056369619,0.8198217165203889
Clarion County,vap_oth_b,pre_16_dem_cli,0.5066640264395156,0.1656556177343011,0.1892088385091048,0.8060862309751848
Clarion County,vap_oth_b,pre_16_rep_tru,0.4933359735604843,0.1656556177343011,0.19391376902481505,0.810791161490895
Clarion County,vap_white,uss_16_dem_mcg,0.2808241030733171,0.00695088896067537,0.26757202061641283,0.29450507473921655
Clarion County,vap_white,uss_16_rep_too,0.7191758969266829,0.00695088896067537,0.7054949252607835,0.7324279793835873
Clarion County,vap_black,uss_16_dem_mcg,0.5500467832703699,0.1813852198312037,0.1844405592261302,0.8686243420572253
Clarion County,vap_black,uss_16_rep_too,0.44995321672963007,0.1813852198312037,0.13137565794277453,0.8155594407738698
Clarion County,vap_hisp,uss_16_dem_mcg,0.5220236515860129,0.15883960619146026,0.20982581454272012,0.817463448407275
Clarion County,vap_hisp,uss_16_rep_too,0.47797634841398695,0.15883960619146026,0.1825365515927249,0.7901741854572797
Clarion County,vap_asian,uss_16_dem_mcg,0.5277329942391756,0.1780776764912597,0.1879236133924045,0.8484335021880745
Clarion County,vap_asian,uss_16_rep_too,0.4722670057608244,0.1780776764912597,0.15156649781192558,0.8120763866075956
Clarion County,vap_aian,uss_16_dem_mcg,0.49569485104506905,0.16444414326634246,0.1877829269145543,0.8091315291227007
Clarion County,vap_aian,uss_16_rep_too,0.5043051489549311,0.16444414326634246,0.19086847087729936,0.8122170730854457
Clarion County,vap_oth_b,uss_16_dem_mcg,0.5230543318533913,0.16137174788084868,0.2137440102535554,0.8129741492625833
Clarion County,vap_oth_b,uss_16_rep_too,0.4769456681466086,0.16137174788084868,0.1870258507374167,0.7862559897464445
Clarion County,vap_white,atg_16_dem_sha,0.3063217871395421,0.00770077728174046,0.2921329961197331,0.3214897947332136
Clarion County,vap_white,atg_16_rep_raf,0.6936782128604579,0.00770077728174046,0.6785102052667863,0.7078670038802669
Clarion County,vap_black,atg_16_dem_sha,0.5422003905077112,0.17287382434267803,0.18298190919246887,0.8450777885190349
Clarion County,vap_black,atg_16_rep_raf,0.4577996094922888,0.17287382434267803,0.15492221148096497,0.817018090807531
Clarion County,vap_hisp,atg_16_dem_sha,0.5203769921419872,0.1629949293989095,0.20928091830572887,0.8325616478349049
Clarion County,vap_hisp,atg_16_rep_raf,0.4796230078580128,0.1629949293989095,0.16743835216509487,0.790719081694271
Clarion County,vap_asian,atg_16_dem_sha,0.5234520071492238,0.18058191523479947,0.17918090144364587,0.8458855785578838
Clarion County,vap_asian,atg_16_rep_raf,0.4765479928507762,0.18058191523479947,0.154114421442116,0.8208190985563542
Clarion County,vap_aian,atg_16_dem_sha,0.502439299977335,0.1721347013535214,0.16456576085469274,0.817486160807094
Clarion County,vap_aian,atg_16_rep_raf,0.497560700022665,0.1721347013535214,0.182513839192906,0.8354342391453072
Clarion County,vap_oth_b,atg_16_dem_sha,0.6218079329578599,0.20509816325406627,0.2033421452931916,0.9241949580673564
Clarion County,vap_oth_b,atg_16_rep_raf,0.3781920670421401,0.20509816325406627,0.07580504193264356,0.7966578547068084
Clarion County,vap_white,uss_18_dem_cas,0.34250423769505645,0.00733765569971744,0.3278941698978463,0.35692535442806306
Clarion County,vap_white,uss_18_rep_bar,0.6574957623049436,0.00733765569971744,0.6430746455719369,0.6721058301021536
Clarion County,vap_black,uss_18_dem_cas,0.5415284646128685,0.1644953691319625,0.21785437130182975,0.8406995153094933
Clarion County,vap_black,uss_18_rep_bar,0.45847153538713137,0.1644953691319625,0.1593004846905067,0.7821456286981702
Clarion County,vap_hisp,uss_18_dem_cas,0.5396951721619697,0.1644090206838461,0.2154472717469056,0.8332899614443465
Clarion County,vap_hisp,uss_18_rep_bar,0.4603048278380302,0.1644090206838461,0.16671003855565325,0.7845527282530942
Clarion County,vap_asian,uss_18_dem_cas,0.5499711958466508,0.17542728071079786,0.19567909885972787,0.855687224669555
Clarion County,vap_asian,uss_18_rep_bar,0.4500288041533492,0.17542728071079786,0.14431277533044493,0.804320901140272
Clarion County,vap_aian,uss_18_dem_cas,0.497734885419082,0.18300319391022243,0.15061379676133543,0.8355623356912556
Clarion County,vap_aian,uss_18_rep_bar,0.502265114580918,0.18300319391022243,0.16443766430874454,0.8493862032386646
Clarion County,vap_oth_b,uss_18_dem_cas,0.5116768814854195,0.16462944445914843,0.19613534863420584,0.8179837847785586
Clarion County,vap_oth_b,uss_18_rep_bar,0.4883231185145804,0.16462944445914843,0.1820162152214411,0.803864651365794
Clarion County,vap_white,gov_18_dem_wol,0.358609693423133,0.00756008926960905,0.3440863298503769,0.37337401734233927
Clarion County,vap_white,gov_18_rep_wag,0.641390306576867,0.00756008926960905,0.6266259826576608,0.6559136701496232
Clarion County,vap_black,gov_18_dem_wol,0.5790030864699012,0.17100471358634414,0.23511911230219143,0.8737670655812412
Clarion County,vap_black,gov_18_rep_wag,0.4209969135300987,0.17100471358634414,0.12623293441875863,0.7648808876978084
Clarion County,vap_hisp,gov_18_dem_wol,0.5492966242534726,0.17453099630229502,0.211423086497833,0.8670961162786848
Clarion County,vap_hisp,gov_18_rep_wag,0.45070337574652736,0.17453099630229502,0.13290388372131504,0.7885769135021667
Clarion County,vap_asian,gov_18_dem_wol,0.51360215699854606,0.17959967219999473,0.1744768914904961,0.848170968417269
Clarion County,vap_asian,gov_18_rep_wag,0.48639784300145394,0.17959967219999473,0.15182903158273076,0.8255231085095038
Clarion County,vap_aian,gov_18_dem_wol,0.5148614142692,0.18089420642158133,0.17774046971162008,0.8490589548550128
Clarion County,vap_aian,gov_18_rep_wag,0.4851385857308001,0.18089420642158133,0.15094104514498716,0.82225953028838
Clarion County,vap_oth_b,gov_18_dem_wol,0.5529498343548515,0.17327661453413765,0.21718759025365167,0.8691303624941843
Clarion County,vap_oth_b,gov_18_rep_wag,0.4470501656451484,0.17327661453413765,0.13086963750581557,0.7828124097463481
Clarion County,vap_white,pre_20_dem_bid,0.2192566944669292,0.00626381973132184,0.20751963246019456,0.23188509145050745
Clarion County,vap_white,pre_20_rep_tru,0.7807433055330708,0.00626381973132184,0.7681149085494925,0.7924803675398056
Clarion County,vap_black,pre_20_dem_bid,0.563870199730868,0.18220013271916288,0.21079607471038272,0.8925996095842944
Clarion County,vap_black,pre_20_rep_tru,0.43612980026913184,0.18220013271916288,0.10740039041570522,0.7892039252896171
Clarion County,vap_hisp,pre_20_dem_bid,0.5314104363014408,0.16987963310665088,0.20327162438807753,0.8328085202410129
Clarion County,vap_hisp,pre_20_rep_tru,0.46858956369855914,0.16987963310665088,0.16719147975898693,0.7967283756119223
Clarion County,vap_asian,pre_20_dem_bid,0.5325534627263913,0.18404267217605097,0.1824304987476105,0.8820460235212428
Clarion County,vap_asian,pre_20_rep_tru,0.46744653727360874,0.184042672176051,0.11795397647875712,0.8175695012523893
Clarion County,vap_aian,pre_20_dem_bid,0.5010385818575208,0.17963502682212396,0.1671108711533372,0.835563586986501
Clarion County,vap_aian,pre_20_rep_tru,0.4989614181424793,0.17963502682212396,0.1644364130134991,0.8328891288466628
Clarion County,vap_oth_b,pre_20_dem_bid,0.5278936228157469,0.16298350119069602,0.1986581540284128,0.8271592137078416
Clarion County,vap_oth_b,pre_20_rep_tru,0.47210637718425297,0.16298350119069602,0.1728407862921583,0.801341845971587
Clarion County,vap_white,atg_20_dem_sha,0.2754539506787907,0.00693616688534267,0.2621771132308844,0.28908741756995576
Clarion County,vap_white,atg_20_rep_hei,0.7245460493212094,0.00693616688534267,0.7109125824300443,0.7378228867691157
Clarion County,vap_black,atg_20_dem_sha,0.5531156290928195,0.17149159470103842,0.21481843065167572,0.8610677408755182
Clarion County,vap_black,atg_20_rep_hei,0.4468843709071804,0.17149159470103842,0.13893225912448165,0.7851815693483242
Clarion County,vap_hisp,atg_20_dem_sha,0.5416430306700017,0.17243257167059303,0.18797973110245175,0.8307748341630912
Clarion County,vap_hisp,atg_20_rep_hei,0.4583569693299982,0.17243257167059303,0.16922516583690853,0.8120202688975481
Clarion County,vap_asian,atg_20_dem_sha,0.5101359009482238,0.18580652880749335,0.16383655186927612,0.8705073700435138
Clarion County,vap_asian,atg_20_rep_hei,0.4898640990517762,0.18580652880749335,0.12949262995648617,0.8361634481307239
Clarion County,vap_aian,atg_20_dem_sha,0.5147730145520544,0.17264652036113085,0.19437971619252545,0.8373745418139836
Clarion County,vap_aian,atg_20_rep_hei,0.4852269854479457,0.17264652036113085,0.16262545818601637,0.8056202838074745
Clarion County,vap_oth_b,atg_20_dem_sha,0.515856122098464,0.17520236466449562,0.19614508352457077,0.8321397182476715
Clarion County,vap_oth_b,atg_20_rep_hei,0.48414387790153585,0.17520236466449562,0.16786028175232834,0.8038549164754291
Clearfield County,vap_white,pre_16_dem_cli,0.21649745098613313,0.00625070245432259,0.20468726737800744,0.2289141265413396
Clearfield County,vap_white,pre_16_rep_tru,0.7835025490138668,0.00625070245432259,0.7710858734586603,0.7953127326219925
Clearfield County,vap_black,pre_16_dem_cli,0.35554834323013956,0.12092832879703104,0.1319400322337377,0.5871531073044323
Clearfield County,vap_black,pre_16_rep_tru,0.6444516567698605,0.12092832879703104,0.41284689269556785,0.8680599677662624
Clearfield County,vap_hisp,pre_16_dem_cli,0.43573318285016815,0.10383984768862772,0.22783868660280965,0.6264035719385213
Clearfield County,vap_hisp,pre_16_rep_tru,0.5642668171498318,0.10383984768862772,0.3735964280614788,0.7721613133971902
Clearfield County,vap_asian,pre_16_dem_cli,0.5340724915909709,0.17988609964098873,0.17828569730477836,0.8524677428858158
Clearfield County,vap_asian,pre_16_rep_tru,0.46592750840902897,0.17988609964098873,0.1475322571141841,0.8217143026952215
Clearfield County,vap_aian,pre_16_dem_cli,0.5053593814517378,0.16601401382471295,0.20742041576338824,0.8377005780494066
Clearfield County,vap_aian,pre_16_rep_tru,0.4946406185482623,0.16601401382471295,0.1622994219505934,0.7925795842366118
Clearfield County,vap_oth_b,pre_16_dem_cli,0.5576772985527034,0.15792717734228953,0.24158075491079545,0.8305560103578729
Clearfield County,vap_oth_b,pre_16_rep_tru,0.44232270144729663,0.15792717734228953,0.1694439896421271,0.7584192450892044
Clearfield County,vap_white,uss_16_dem_mcg,0.27662585090872877,0.00682380585811227,0.2636169173795488,0.2900527084168764
Clearfield County,vap_white,uss_16_rep_too,0.7233741490912712,0.00682380585811227,0.7099472915831235,0.7363830826204512
Clearfield County,vap_black,uss_16_dem_mcg,0.4198703454604324,0.1306106467965557,0.17418660643814615,0.6758937354368932
Clearfield County,vap_black,uss_16_rep_too,0.5801296545395676,0.1306106467965557,0.32410626456310665,0.8258133935618539
Clearfield County,vap_hisp,uss_16_dem_mcg,0.4389243736089559,0.11130884663565337,0.21909245689397092,0.649679601915015
Clearfield County,vap_hisp,uss_16_rep_too,0.561075626391044,0.11130884663565338,0.35032039808498505,0.7809075431060291
Clearfield County,vap_asian,uss_16_dem_mcg,0.5276243002858528,0.17643702043382598,0.18859912295642567,0.8466013573920375
Clearfield County,vap_asian,uss_16_rep_too,0.4723756997141471,0.17643702043382598,0.15339864260796243,0.811400877043574
Clearfield County,vap_aian,uss_16_dem_mcg,0.5109033310690169,0.16365833681078595,0.1992255776095803,0.8151414063757408
Clearfield County,vap_aian,uss_16_rep_too,0.48909666893098314,0.16365833681078595,0.184858593624259,0.8007744223904195
Clearfield County,vap_oth_b,uss_16_dem_mcg,0.5437058641054802,0.1678532850025302,0.22871936390855055,0.8352059736123758
Clearfield County,vap_oth_b,uss_16_rep_too,0.45629413589451984,0.1678532850025302,0.16479402638762422,0.7712806360914494
Clearfield County,vap_white,atg_16_dem_sha,0.3180444151852703,0.00647352866282478,0.3053023423115222,0.3303452031370708
Clearfield County,vap_white,atg_16_rep_raf,0.6819555848147296,0.00647352866282478,0.6696547968629292,0.6946976576884778
Clearfield County,vap_black,atg_16_dem_sha,0.517242268188692,0.13378055682973486,0.25151987989154634,0.7726913369611268
Clearfield County,vap_black,atg_16_rep_raf,0.482757731811308,0.13378055682973486,0.22730866303887312,0.7484801201084534
Clearfield County,vap_hisp,atg_16_dem_sha,0.4715126013132982,0.11320013666728553,0.2502495725951896,0.6952072870084461
Clearfield County,vap_hisp,atg_16_rep_raf,0.5284873986867018,0.11320013666728553,0.3047927129915538,0.7497504274048105
Clearfield County,vap_asian,atg_16_dem_sha,0.508389340696782,0.16381317495058167,0.20258964362482584,0.8047113659963236
Clearfield County,vap_asian,atg_16_rep_raf,0.4916106593032179,0.16381317495058167,0.1952886340036763,0.797410356375174
Clearfield County,vap_aian,atg_16_dem_sha,0.4910620556744539,0.16340271690732747,0.1792229070289639,0.8047247368192009
Clearfield County,vap_aian,atg_16_rep_raf,0.5089379443255461,0.16340271690732747,0.19527526318079905,0.8207770929710361
Clearfield County,vap_oth_b,atg_16_dem_sha,0.5002827080291398,0.15900889154009334,0.20706769040345893,0.7940215657957426
Clearfield County,vap_oth_b,atg_16_rep_raf,0.4997172919708603,0.15900889154009334,0.20597843420425752,0.7929323095965409
Clearfield County,vap_white,uss_18_dem_cas,0.33773080153377355,0.00679259696941357,0.3249771154167206,0.3512806451594073
Clearfield County,vap_white,uss_18_rep_bar,0.6622691984662263,0.00679259696941357,0.6487193548405926,0.6750228845832793
Clearfield County,vap_black,uss_18_dem_cas,0.47329386370908466,0.1461755821397268,0.19274233206360347,0.7516352651729046
Clearfield County,vap_black,uss_18_rep_bar,0.5267061362909153,0.1461755821397268,0.24836473482709537,0.8072576679363966
Clearfield County,vap_hisp,uss_18_dem_cas,0.49084182801080817,0.1297474048664705,0.2431468141674826,0.749687760516382
Clearfield County,vap_hisp,uss_18_rep_bar,0.5091581719891918,0.1297474048664705,0.2503122394836178,0.7568531858325174
Clearfield County,vap_asian,uss_18_dem_cas,0.5084919038745483,0.1657194290881145,0.19021657464282363,0.7959328679185423
Clearfield County,vap_asian,uss_18_rep_bar,0.4915080961254516,0.1657194290881145,0.2040671320814576,0.8097834253571762
Clearfield County,vap_aian,uss_18_dem_cas,0.5410121631414566,0.16426793571542864,0.21846744019654107,0.838792331343817
Clearfield County,vap_aian,uss_18_rep_bar,0.4589878368585434,0.16426793571542864,0.16120766865618283,0.7815325598034589
Clearfield County,vap_oth_b,uss_18_dem_cas,0.554698668056905,0.1565454310558262,0.2300025671485976,0.8210728252158171
Clearfield County,vap_oth_b,uss_18_rep_bar,0.445301331943095,0.1565454310558262,0.1789271747841828,0.7699974328514025
Clearfield County,vap_white,gov_18_dem_wol,0.32084949044659344,0.00693803433399923,0.3073553589686422,0.3346652454773708
Clearfield County,vap_white,gov_18_rep_wag,0.6791505095534065,0.00693803433399923,0.665334754522629,0.6926446410313577
Clearfield County,vap_black,gov_18_dem_wol,0.4452536131021336,0.14402739351720958,0.16249064567031432,0.730208779743771
Clearfield County,vap_black,gov_18_rep_wag,0.5547463868978664,0.14402739351720958,0.2697912202562289,0.8375093543296855
Clearfield County,vap_hisp,gov_18_dem_wol,0.4863142384882701,0.12349828243909232,0.22423750376611865,0.7054515802295166
Clearfield County,vap_hisp,gov_18_rep_wag,0.5136857615117298,0.12349828243909232,0.2945484197704833,0.7757624962338812
Clearfield County,vap_asian,gov_18_dem_wol,0.5053902901481447,0.16479169604122554,0.17958417185889747,0.8022156349542526
Clearfield County,vap_asian,gov_18_rep_wag,0.4946097098518551,0.16479169604122554,0.19778436504574728,0.8204158281411025
Clearfield County,vap_aian,gov_18_dem_wol,0.5317499548250408,0.15499598731096195,0.22256946822639087,0.8094539070853684
Clearfield County,vap_aian,gov_18_rep_wag,0.4682500451749592,0.15499598731096195,0.19054609291463165,0.777430531773609
Clearfield County,vap_oth_b,gov_18_dem_wol,0.5310878769728498,0.16021944226992482,0.22502427677082548,0.8201199114140955
Clearfield County,vap_oth_b,gov_18_rep_wag,0.4689121230271503,0.16021944226992482,0.17988008858590435,0.7749757232291744
Clearfield County,vap_white,pre_20_dem_bid,0.21418380162936723,0.00647242937741011,0.2022291809431905,0.22737167952202988
Clearfield County,vap_white,pre_20_rep_tru,0.7858161983706327,0.00647242937741011,0.77262832047797,0.7977708190568094
Clearfield County,vap_black,pre_20_dem_bid,0.37726632798523807,0.1191037906469892,0.14921863091075152,0.6101398213972019
Clearfield County,vap_black,pre_20_rep_tru,0.6227336720147619,0.1191037906469892,0.389860178602798,0.8507813690892485
Clearfield County,vap_hisp,pre_20_dem_bid,0.4037998635228543,0.11712289253669708,0.17119455758954935,0.6181035053665499
Clearfield County,vap_hisp,pre_20_rep_tru,0.5962001364771456,0.11712289253669708,0.38189649463344993,0.8288054424104506
Clearfield County,vap_asian,pre_20_dem_bid,0.5071627433417468,0.15594875942220346,0.20519170026107716,0.7881787407159455
Clearfield County,vap_asian,pre_20_rep_tru,0.49283725665825306,0.15594875942220346,0.2118212592840544,0.7948082997389229
Clearfield County,vap_aian,pre_20_dem_bid,0.4923880996927166,0.17233500282573522,0.1825835891048946,0.8173010779956136
Clearfield County,vap_aian,pre_20_rep_tru,0.5076119003072834,0.17233500282573522,0.1826989220043862,0.8174164108951054
Clearfield County,vap_oth_b,pre_20_dem_bid,0.5931908419610066,0.17627793751492782,0.24827695450959095,0.8891638040803622
Clearfield County,vap_oth_b,pre_20_rep_tru,0.4068091580389935,0.17627793751492782,0.11083619591963782,0.7517230454904089
Clearfield County,vap_white,atg_20_dem_sha,0.25267079051535446,0.00644888349336553,0.23999709446370024,0.2648894585674395
Clearfield County,vap_white,atg_20_rep_hei,0.7473292094846454,0.00644888349336553,0.7351105414325604,0.7600029055362997
Clearfield County,vap_black,atg_20_dem_sha,0.4571955067373576,0.13838045818025005,0.18498225086489856,0.7278320055714148
Clearfield County,vap_black,atg_20_rep_hei,0.5428044932626424,0.13838045818025005,0.272167994428585,0.8150177491351015
Clearfield County,vap_hisp,atg_20_dem_sha,0.4216374611177403,0.11721227469660613,0.17528996080028017,0.6343443901012029
Clearfield County,vap_hisp,atg_20_rep_hei,0.5783625388822596,0.11721227469660613,0.3656556098987972,0.8247100391997196
Clearfield County,vap_asian,atg_20_dem_sha,0.5085730903679991,0.17276561109553995,0.16662855806965757,0.8092093298440008
Clearfield County,vap_asian,atg_20_rep_hei,0.4914269096320007,0.17276561109553995,0.19079067015599904,0.8333714419303424
Clearfield County,vap_aian,atg_20_dem_sha,0.5310455487883874,0.16184779691367218,0.2170960767832712,0.8131370220552677
Clearfield County,vap_aian,atg_20_rep_hei,0.46895445121161267,0.16184779691367218,0.1868629779447322,0.7829039232167287
Clearfield County,vap_oth_b,atg_20_dem_sha,0.5343360731300435,0.16034300247437924,0.22599445418667857,0.8338234771365837
Clearfield County,vap_oth_b,atg_20_rep_hei,0.46566392686995656,0.16034300247437924,0.16617652286341608,0.7740055458133215
Clinton County,vap_white,pre_16_dem_cli,0.2861066499513045,0.00838940173737313,0.26974249971578806,0.3024483774416142
Clinton County,vap_white,pre_16_rep_tru,0.7138933500486955,0.00838940173737313,0.6975516225583857,0.7302575002842119
Clinton County,vap_black,pre_16_dem_cli,0.5343389802076104,0.1741976503421955,0.17892662327588682,0.8399508041651619
Clinton County,vap_black,pre_16_rep_tru,0.4656610197923896,0.1741976503421955,0.16004919583483793,0.8210733767241128
Clinton County,vap_hisp,pre_16_dem_cli,0.5170181727456871,0.17599764988638136,0.16871751588512085,0.8254128006804583
Clinton County,vap_hisp,pre_16_rep_tru,0.482981827254313,0.17599764988638136,0.17458719931954172,0.83128248411487915
Clinton County,vap_asian,pre_16_dem_cli,0.5011542092622956,0.1680543493495105,0.1691127122986814,0.816419057191783
Clinton County,vap_asian,pre_16_rep_tru,0.4988457907377045,0.1680543493495105,0.183580942808217,0.8308872877013187
Clinton County,vap_aian,pre_16_dem_cli,0.5125338792304311,0.17494732098215895,0.18203530303145657,0.8289666247024512
Clinton County,vap_aian,pre_16_rep_tru,0.4874661207695688,0.17494732098215895,0.17103337529754858,0.8179646969685432
Clinton County,vap_oth_b,pre_16_dem_cli,0.5272494477253774,0.16510856535738613,0.21268651538166772,0.8271904578709213
Clinton County,vap_oth_b,pre_16_rep_tru,0.47275055227462265,0.16510856535738613,0.1728095421290787,0.7873134846183323
Clinton County,vap_white,uss_16_dem_mcg,0.3602684137124348,0.00870085099081889,0.3432959633908922,0.3771859019404809
Clinton County,vap_white,uss_16_rep_too,0.6397315862875652,0.0087008509908189,0.622814098059519,0.6567040366091078
Clinton County,vap_black,uss_16_dem_mcg,0.516977054747989,0.1893223524809448,0.12374371224115864,0.8460651899993525
Clinton County,vap_black,uss_16_rep_too,0.4830229452520109,0.1893223524809448,0.1539348100006472,0.8762562877588411
Clinton County,vap_hisp,uss_16_dem_mcg,0.5087971713335138,0.16856213915312238,0.1942187799676801,0.8359857325824073
Clinton County,vap_hisp,uss_16_rep_too,0.4912028286664863,0.16856213915312238,0.16401426741759273,0.80578122003232
Clinton County,vap_asian,uss_16_dem_mcg,0.49684120437683016,0.17286116495588913,0.16024056725156968,0.8076292078297878
Clinton County,vap_asian,uss_16_rep_too,0.5031587956231699,0.17286116495588913,0.19237079217021227,0.8397594327484303
Clinton County,vap_aian,uss_16_dem_mcg,0.5308756657483306,0.1704368373019775,0.1987312056062125,0.8438686588873218
Clinton County,vap_aian,uss_16_rep_too,0.4691243342516694,0.1704368373019775,0.1561313411126781,0.8012687943937875
Clinton County,vap_oth_b,uss_16_dem_mcg,0.5274784551162982,0.16017316803848955,0.21759736593456333,0.8239739157238067
Clinton County,vap_oth_b,uss_16_rep_too,0.47252154488370185,0.16017316803848955,0.17602608427619312,0.7824026340654366
Clinton County,vap_white,atg_16_dem_sha,0.4067501119472368,0.00894295084412498,0.38950183801657534,0.4242859761218776
Clinton County,vap_white,atg_16_rep_raf,0.5932498880527631,0.00894295084412498,0.5757140238781224,0.6104981619834247
Clinton County,vap_black,atg_16_dem_sha,0.5256385899353615,0.17264509870365646,0.1901649674472618,0.8361247939658304
Clinton County,vap_black,atg_16_rep_raf,0.4743614100646385,0.17264509870365646,0.16387520603416963,0.809835032552738
Clinton County,vap_hisp,atg_16_dem_sha,0.5169208932863236,0.1807113500271532,0.180522546587903,0.8481372103436832
Clinton County,vap_hisp,atg_16_rep_raf,0.4830791067136764,0.1807113500271532,0.15186278965631683,0.8194774534120971
Clinton County,vap_asian,atg_16_dem_sha,0.4779803946706889,0.17020646224627303,0.1651501691436881,0.8011921763667027
Clinton County,vap_asian,atg_16_rep_raf,0.5220196053293111,0.17020646224627303,0.19880782363329724,0.8348498308563119
Clinton County,vap_aian,atg_16_dem_sha,0.48837437582439314,0.17972996351768958,0.14247814568177344,0.8151194841813971
Clinton County,vap_aian,atg_16_rep_raf,0.5116256241756068,0.17972996351768958,0.18488051581860276,0.8575218543182265
Clinton County,vap_oth_b,atg_16_dem_sha,0.5262792893759815,0.16608167207075694,0.1817953286805827,0.818035435882654
Clinton County,vap_oth_b,atg_16_rep_raf,0.4737207106240186,0.16608167207075694,0.18196456411734596,0.8182046713194171
Clinton County,vap_white,uss_18_dem_cas,0.4182876477943016,0.00950084043254951,0.3997757681469235,0.4374510161928813
Clinton County,vap_white,uss_18_rep_bar,0.5817123522056984,0.00950084043254951,0.5625489838071188,0.6002242318530765
Clinton County,vap_black,uss_18_dem_cas,0.5352283264013833,0.1727323830830853,0.19485224274322704,0.843774597208406
Clinton County,vap_black,uss_18_rep_bar,0.4647716735986167,0.1727323830830853,0.15622540279159391,0.8051477572567728
Clinton County,vap_hisp,uss_18_dem_cas,0.511755385657199,0.18232692195360817,0.1597724599859453,0.8416549452930302
Clinton County,vap_hisp,uss_18_rep_bar,0.488244614342801,0.18232692195360817,0.15834505470696977,0.8402275400140546
Clinton County,vap_asian,uss_18_dem_cas,0.5022624472106599,0.17969250974591824,0.16296751434218826,0.8435834068109189
Clinton County,vap_asian,uss_18_rep_bar,0.49773755278934007,0.17969250974591824,0.15641659318908108,0.8370324856578117
Clinton County,vap_aian,uss_18_dem_cas,0.5003086180195704,0.183588994523434,0.15503173266121972,0.8629594927356501
Clinton County,vap_aian,uss_18_rep_bar,0.4996913819804296,0.183588994523434,0.13704050726434958,0.8449682673387803
Clinton County,vap_oth_b,uss_18_dem_cas,0.5109995147789554,0.16392155112788873,0.2118800818627059,0.8271981429671178
Clinton County,vap_oth_b,uss_18_rep_bar,0.4890004852210445,0.16392155112788873,0.172801857032882,0.7881199181372942
Clinton County,vap_white,gov_18_dem_wol,0.4296264674753552,0.00942397597412796,0.41117338236412326,0.44808013402812935
Clinton County,vap_white,gov_18_rep_wag,0.5703735325246448,0.00942397597412796,0.5519198659718706,0.5888266176358766
Clinton County,vap_black,gov_18_dem_wol,0.5295234448170604,0.17973381730120822,0.1828095155863035,0.8683238762793394
Clinton County,vap_black,gov_18_rep_wag,0.4704765551829396,0.17973381730120822,0.13167612372066043,0.8171904844136965
Clinton County,vap_hisp,gov_18_dem_wol,0.519493405065528,0.1743619447653477,0.18404994128203417,0.8389727916347715
Clinton County,vap_hisp,gov_18_rep_wag,0.480506594934472,0.1743619447653477,0.16102720836522855,0.8159500587179657
Clinton County,vap_asian,gov_18_dem_wol,0.5024670591820962,0.17259518148003888,0.17864656723593406,0.8306540244218241
Clinton County,vap_asian,gov_18_rep_wag,0.49753294081790383,0.17259518148003888,0.16934597557817566,0.8213534327640659
Clinton County,vap_aian,gov_18_dem_wol,0.4866382459306129,0.17528312234458654,0.14906352482415625,0.8079923102190325
Clinton County,vap_aian,gov_18_rep_wag,0.513361754069387,0.17528312234458654,0.1920076897809673,0.8509364751758437
Clinton County,vap_oth_b,gov_18_dem_wol,0.5213747400517726,0.16879074603669267,0.2015211284263899,0.8348311290845204
Clinton County,vap_oth_b,gov_18_rep_wag,0.4786252599482274,0.16879074603669267,0.1651688709154794,0.7984788715736101
Clinton County,vap_white,pre_20_dem_bid,0.28431828290714284,0.00838163979572724,0.2684891724167135,0.30115952908093985
Clinton County,vap_white,pre_20_rep_tru,0.7156817170928571,0.00838163979572724,0.6988404709190601,0.7315108275832866
Clinton County,vap_black,pre_20_dem_bid,0.5392254243473076,0.1774407986422356,0.1853232934133907,0.849914665494346
Clinton County,vap_black,pre_20_rep_tru,0.4607745756526924,0.1774407986422356,0.15008533450565392,0.8146767065866092
Clinton County,vap_hisp,pre_20_dem_bid,0.4976438344317948,0.16794338672714315,0.17928782689356162,0.8134542428008417
Clinton County,vap_hisp,pre_20_rep_tru,0.5023561655682053,0.16794338672714315,0.18654575719915836,0.8207121731064384
Clinton County,vap_asian,pre_20_dem_bid,0.5039314411077938,0.17134435586321475,0.17730194256069046,0.8222005805796593
Clinton County,vap_asian,pre_20_rep_tru,0.4960685588922063,0.17134435586321475,0.17779941942034064,0.8226980574393097
Clinton County,vap_aian,pre_20_dem_bid,0.4931047977792659,0.18305214331482517,0.14219470166206122,0.8451291624293913
Clinton County,vap_aian,pre_20_rep_tru,0.506895202220734,0.18305214331482517,0.15487083757060877,0.8578052983379387
Clinton County,vap_oth_b,pre_20_dem_bid,0.5336036939138908,0.17042275588145145,0.198859263769909,0.8401657708401021
Clinton County,vap_oth_b,pre_20_rep_tru,0.4663963060861091,0.17042275588145145,0.15983422915989792,0.8011407362300909
Clinton County,vap_white,atg_20_dem_sha,0.3298899741061043,0.00868631977440104,0.3131220752459928,0.34717597465946637
Clinton County,vap_white,atg_20_rep_hei,0.6701100258938957,0.00868631977440104,0.6528240253405336,0.6868779247540071
Clinton County,vap_black,atg_20_dem_sha,0.5477313974045143,0.17406577516025737,0.2081029594326604,0.8668920471760766
Clinton County,vap_black,atg_20_rep_hei,0.4522686025954857,0.17406577516025737,0.13310795282392326,0.7918970405673397
Clinton County,vap_hisp,atg_20_dem_sha,0.4931221132234175,0.1897533519630012,0.119449330489349,0.8540800668829801
Clinton County,vap_hisp,atg_20_rep_hei,0.5068778867765825,0.1897533519630012,0.1459199331170197,0.8805506695106509
Clinton County,vap_asian,atg_20_dem_sha,0.5119689281174012,0.16105071904362722,0.21205743597831472,0.8115397450868002
Clinton County,vap_asian,atg_20_rep_hei,0.4880310718825988,0.16105071904362722,0.1884602549131997,0.7879425640216853
Clinton County,vap_aian,atg_20_dem_sha,0.4872164104177608,0.178772651148234,0.1533410852203057,0.8165614617421875
Clinton County,vap_aian,atg_20_rep_hei,0.5127835895822391,0.178772651148234,0.1834385382578125,0.8466589147796941
Clinton County,vap_oth_b,atg_20_dem_sha,0.5137601137607739,0.16930218477265768,0.18757513471181295,0.8189254781023624
Clinton County,vap_oth_b,atg_20_rep_hei,0.4862398862392261,0.16930218477265768,0.1810745218976376,0.8124248652881869
Columbia County,vap_white,pre_16_dem_cli,0.29593635235137145,0.00756009920393528,0.28195977043449244,0.31173692417705723
Columbia County,vap_white,pre_16_rep_tru,0.7040636476486286,0.00756009920393528,0.6882630758229428,0.7180402295655075
Columbia County,vap_black,pre_16_dem_cli,0.5285742695595598,0.17648739749348633,0.1930199132142501,0.8516047633926792
Columbia County,vap_black,pre_16_rep_tru,0.47142573044044017,0.17648739749348633,0.14839523660732074,0.8069800867857497
Columbia County,vap_hisp,pre_16_dem_cli,0.5761135621361723,0.15574708212006763,0.26179557388958524,0.8581266616701052
Columbia County,vap_hisp,pre_16_rep_tru,0.42388643786382774,0.15574708212006763,0.14187333832989463,0.7382044261104147
Columbia County,vap_asian,pre_16_dem_cli,0.5341790212135386,0.18029391140162543,0.18973615392379167,0.8588722495562299
Columbia County,vap_asian,pre_16_rep_tru,0.46582097878646145,0.18029391140162543,0.14112775044377016,0.810263846076208
Columbia County,vap_aian,pre_16_dem_cli,0.4943447596803974,0.17512348368344374,0.17715863559293032,0.8181174748459998
Columbia County,vap_aian,pre_16_rep_tru,0.5056552403196025,0.17512348368344374,0.1818825251539999,0.8228413644070697
Columbia County,vap_oth_b,pre_16_dem_cli,0.5369336108537877,0.16299583716394545,0.2032976894295142,0.8195573501271872
Columbia County,vap_oth_b,pre_16_rep_tru,0.46306638914621234,0.16299583716394545,0.1804426498728128,0.7967023105704858
Columbia County,vap_white,uss_16_dem_mcg,0.34727982739005236,0.0076605331803154,0.33258523534830775,0.36212822092473607
Columbia County,vap_white,uss_16_rep_too,0.6527201726099476,0.0076605331803154,0.6378717790752639,0.6674147646516922
Columbia County,vap_black,uss_16_dem_mcg,0.5515933214240215,0.1689369657547387,0.21734230482447903,0.840060883991994
Columbia County,vap_black,uss_16_rep_too,0.4484066785759785,0.1689369657547387,0.15993911600800592,0.7826576951755205
Columbia County,vap_hisp,uss_16_dem_mcg,0.5469309567555533,0.17292875294709467,0.20487174654026416,0.8557063215118643
Columbia County,vap_hisp,uss_16_rep_too,0.45306904324444675,0.17292875294709467,0.14429367848813565,0.7951282534597358
Columbia County,vap_asian,uss_16_dem_mcg,0.4624157405170771,0.18064513780842,0.13979721909133444,0.823298020216412
Columbia County,vap_asian,uss_16_rep_too,0.5375842594829229,0.18064513780842,0.1767019797835881,0.8602027809086656
Columbia County,vap_aian,uss_16_dem_mcg,0.48505044817002513,0.16794946747779382,0.18360638184439307,0.8125135011720043
Columbia County,vap_aian,uss_16_rep_too,0.5149495518299748,0.16794946747779382,0.1874864988279957,0.8163936181556068
Columbia County,vap_oth_b,uss_16_dem_mcg,0.5311017181666298,0.157692563059146,0.21201945621137255,0.8000673644257126
Columbia County,vap_oth_b,uss_16_rep_too,0.46889828183337023,0.157692563059146,0.1999326355742874,0.7879805437886274
Columbia County,vap_white,atg_16_dem_sha,0.3744614328475836,0.00785838319411279,0.3593323234503402,0.38981532483981096
Columbia County,vap_white,atg_16_rep_raf,0.6255385671524164,0.00785838319411279,0.610184675160189,0.6406676765496598
Columbia County,vap_black,atg_16_dem_sha,0.5352779368748665,0.16977951337425853,0.20805681975354515,0.8372705400919962
Columbia County,vap_black,atg_16_rep_raf,0.46472206312513353,0.16977951337425853,0.1627294599080037,0.7919431802464547
Columbia County,vap_hisp,atg_16_dem_sha,0.5730999556575892,0.1672090707288411,0.25408052867314446,0.8656006374683303
Columbia County,vap_hisp,atg_16_rep_raf,0.4269000443424108,0.1672090707288411,0.13439936253166948,0.7459194713268554
Columbia County,vap_asian,atg_16_dem_sha,0.5851792800809702,0.18859650610505724,0.21081609786805963,0.9191580682479348
Columbia County,vap_asian,atg_16_rep_raf,0.41482071991902986,0.18859650610505724,0.08084193175206515,0.7891839021319405
Columbia County,vap_aian,atg_16_dem_sha,0.4835465684517592,0.17118761264634347,0.1535973604612377,0.8037136677078561
Columbia County,vap_aian,atg_16_rep_raf,0.5164534315482407,0.17118761264634347,0.1962863322921436,0.846402639538762
Columbia County,vap_oth_b,atg_16_dem_sha,0.5364621682679471,0.1733543504567854,0.20859252578418092,0.8418339999905186
Columbia County,vap_oth_b,atg_16_rep_raf,0.4635378317320529,0.1733543504567854,0.15816600000948133,0.791407474215819
Columbia County,vap_white,uss_18_dem_cas,0.37248814542256503,0.00757716672621058,0.3582996066632605,0.3877554958011505
Columbia County,vap_white,uss_18_rep_bar,0.627511854577435,0.00757716672621058,0.6122445041988496,0.6417003933367396
Columbia County,vap_black,uss_18_dem_cas,0.5669428719752849,0.1746271098471358,0.21707976859768657,0.8745225602158155
Columbia County,vap_black,uss_18_rep_bar,0.433057128024715,0.1746271098471358,0.1254774397841844,0.7829202314023134
Columbia County,vap_hisp,uss_18_dem_cas,0.5523092042964598,0.16635573936429,0.21031455932911156,0.8484222321178411
Columbia County,vap_hisp,uss_18_rep_bar,0.4476907957035402,0.16635573936429,0.15157776788215885,0.7896854406708883
Columbia County,vap_asian,uss_18_dem_cas,0.4680424934671538,0.18629602398538472,0.14051814931071296,0.8269156822611781
Columbia County,vap_asian,uss_18_rep_bar,0.5319575065328462,0.18629602398538472,0.17308431773882177,0.8594818506892871
Columbia County,vap_aian,uss_18_dem_cas,0.4981794855793849,0.18654566963631977,0.15008465728212111,0.8510656233522939
Columbia County,vap_aian,uss_18_rep_bar,0.5018205144206151,0.18654566963631977,0.14893437664770598,0.8499153427178787
Columbia County,vap_oth_b,uss_18_dem_cas,0.5239741482780893,0.15971436840634792,0.2092172763826164,0.8101387508596956
Columbia County,vap_oth_b,uss_18_rep_bar,0.4760258517219107,0.15971436840634792,0.1898612491403043,0.7907827236173836
Columbia County,vap_white,gov_18_dem_wol,0.4217123051514485,0.00792935616379032,0.40652540646168733,0.43719022681365177
Columbia County,vap_white,gov_18_rep_wag,0.5782876948485516,0.00792935616379032,0.5628097731863483,0.5934745935383127
Columbia County,vap_black,gov_18_dem_wol,0.5129335930720715,0.159958918115925,0.1954165247795543,0.8106168323202387
Columbia County,vap_black,gov_18_rep_wag,0.4870664069279284,0.159958918115925,0.1893831676797612,0.8045834752204456
Columbia County,vap_hisp,gov_18_dem_wol,0.5770243284297316,0.17218756505847643,0.23453188695273344,0.8780028678405924
Columbia County,vap_hisp,gov_18_rep_wag,0.42297567157026833,0.17218756505847643,0.12199713215940756,0.7654681130472666
Columbia County,vap_asian,gov_18_dem_wol,0.562611812353297,0.18417706479983811,0.1968160138566516,0.8713901414602331
Columbia County,vap_asian,gov_18_rep_wag,0.437388187646703,0.18417706479983811,0.12860985853976684,0.8031839861433483
Columbia County,vap_aian,gov_18_dem_wol,0.4853391652716792,0.17065391366054655,0.1675729403531497,0.8149463887238313
Columbia County,vap_aian,gov_18_rep_wag,0.5146608347283208,0.17065391366054655,0.18505361127616857,0.8324270596468502
Columbia County,vap_oth_b,gov_18_dem_wol,0.5265829722604748,0.15949230277331533,0.21137500320428312,0.8141897422146959
Columbia County,vap_oth_b,gov_18_rep_wag,0.4734170277395252,0.15949230277331533,0.18581025778530408,0.7886249967957168
Columbia County,vap_white,pre_20_dem_bid,0.32020270724659744,0.00699980214041276,0.3070196155348472,0.33411069941995575
Columbia County,vap_white,pre_20_rep_tru,0.6797972927534026,0.00699980214041276,0.6658893005800443,0.6929803844651528
Columbia County,vap_black,pre_20_dem_bid,0.5733681761116786,0.17084306417403594,0.2142641808196132,0.8594529607363741
Columbia County,vap_black,pre_20_rep_tru,0.42663182388832144,0.17084306417403594,0.14054703926362566,0.7857358191803866
Columbia County,vap_hisp,pre_20_dem_bid,0.5641108207190093,0.16105080038353198,0.24278288786354657,0.8410528815708361
Columbia County,vap_hisp,pre_20_rep_tru,0.4358891792809907,0.16105080038353198,0.15894711842916368,0.7572171121364534
Columbia County,vap_asian,pre_20_dem_bid,0.5235999204914081,0.1696793331650128,0.1931807005777213,0.8223917038706162
Columbia County,vap_asian,pre_20_rep_tru,0.47640007950859176,0.1696793331650128,0.17760829612938367,0.8068192994222785
Columbia County,vap_aian,pre_20_dem_bid,0.5012966223412978,0.16807022246918266,0.18294434524827993,0.8134536133576831
Columbia County,vap_aian,pre_20_rep_tru,0.49870337765870215,0.16807022246918268,0.1865463866423167,0.8170556547517199
Columbia County,vap_oth_b,pre_20_dem_bid,0.5245363979790253,0.17161280562117334,0.18831211697079023,0.825349779291062
Columbia County,vap_oth_b,pre_20_rep_tru,0.4754636020209747,0.17161280562117334,0.174650220708938,0.8116878830292098
Columbia County,vap_white,atg_20_dem_sha,0.37318723755281713,0.00731746823374794,0.35923637631787186,0.3872462352523595
Columbia County,vap_white,atg_20_rep_hei,0.6268127624471829,0.00731746823374794,0.6127537647476404,0.6407636236821282
Columbia County,vap_black,atg_20_dem_sha,0.5300820652331066,0.1767493953631563,0.15789265197809663,0.8434196860177751
Columbia County,vap_black,atg_20_rep_hei,0.46991793476689336,0.1767493953631563,0.15658031398222483,0.8421073480219033
Columbia County,vap_hisp,atg_20_dem_sha,0.5811245818653638,0.17433314842473124,0.23889009007895537,0.8955791680135622
Columbia County,vap_hisp,atg_20_rep_hei,0.41887541813463625,0.17433314842473124,0.10442083198643766,0.7611099099210445
Columbia County,vap_asian,atg_20_dem_sha,0.5211912786091722,0.1838444372229131,0.12313854825551912,0.8290392098225663
Columbia County,vap_asian,atg_20_rep_hei,0.4788087213908277,0.1838444372229131,0.17096079017743362,0.8768614517444807
Columbia County,vap_aian,atg_20_dem_sha,0.5001532402567296,0.16717402971361386,0.18159071400826668,0.804373871938077
Columbia County,vap_aian,atg_20_rep_hei,0.4998467597432703,0.16717402971361386,0.19562612806192303,0.8184092859917332
Columbia County,vap_oth_b,atg_20_dem_sha,0.5245164097523771,0.17025728999024467,0.21481007187046977,0.8409675673432885
Columbia County,vap_oth_b,atg_20_rep_hei,0.4754835902476229,0.17025728999024467,0.1590324326567115,0.7851899281295301
Crawford County,vap_white,pre_16_dem_cli,0.28548908001655904,0.00744142078514035,0.2716187724912894,0.30021662547151895
Crawford County,vap_white,pre_16_rep_tru,0.714510919983441,0.00744142078514035,0.699783374528481,0.7283812275087105
Crawford County,vap_black,pre_16_dem_cli,0.6612710855828697,0.14065611272923412,0.34354757796883917,0.8887654516070503
Crawford County,vap_black,pre_16_rep_tru,0.33872891441713027,0.1406561127292341,0.11123454839294956,0.6564524220311607
Crawford County,vap_hisp,pre_16_dem_cli,0.5410467518635509,0.16935416687112165,0.21797735188200992,0.8566522908150555
Crawford County,vap_hisp,pre_16_rep_tru,0.45895324813644905,0.16935416687112165,0.14334770918494436,0.7820226481179899
Crawford County,vap_asian,pre_16_dem_cli,0.5137323882690957,0.15638555610841123,0.19557858787216287,0.8091513864657821
Crawford County,vap_asian,pre_16_rep_tru,0.4862676117309043,0.15638555610841123,0.19084861353421795,0.8044214121278372
Crawford County,vap_aian,pre_16_dem_cli,0.484786066227284,0.16792298548530366,0.18369609415777433,0.8259031605864562
Crawford County,vap_aian,pre_16_rep_tru,0.515213933772716,0.16792298548530366,0.17409683941354354,0.8163039058422256
Crawford County,vap_oth_b,pre_16_dem_cli,0.5908007177405676,0.15446764494459983,0.27272756906511086,0.8486489705478352
Crawford County,vap_oth_b,pre_16_rep_tru,0.40919928225943225,0.15446764494459983,0.15135102945216478,0.7272724309348887
Crawford County,vap_white,uss_16_dem_mcg,0.28770679391377507,0.00807416798244611,0.2737636251630154,0.3052598099664058
Crawford County,vap_white,uss_16_rep_too,0.7122932060862249,0.00807416798244611,0.6947401900335943,0.7262363748369846
Crawford County,vap_black,uss_16_dem_mcg,0.6598051693179708,0.15661283892378108,0.26544332423588296,0.8859112019816917
Crawford County,vap_black,uss_16_rep_too,0.34019483068202916,0.15661283892378108,0.11408879801830817,0.7345566757641169
Crawford County,vap_hisp,uss_16_dem_mcg,0.58154877200009,0.16098081759373903,0.2412614911188459,0.8523181361366372
Crawford County,vap_hisp,uss_16_rep_too,0.41845122799991,0.16098081759373903,0.14768186386336285,0.7587385088811539
Crawford County,vap_asian,uss_16_dem_mcg,0.49435379007384495,0.19486143189182717,0.1257008926295842,0.8420650416227992
Crawford County,vap_asian,uss_16_rep_too,0.5056462099261552,0.19486143189182717,0.1579349583772007,0.8742991073704157
Crawford County,vap_aian,uss_16_dem_mcg,0.48379510760707256,0.18003192317944125,0.15221734375280835,0.8187132823930543
Crawford County,vap_aian,uss_16_rep_too,0.5162048923929274,0.18003192317944125,0.18128671760694567,0.8477826562471915
Crawford County,vap_oth_b,uss_16_dem_mcg,0.6526279974170184,0.1830188409652709,0.2486242586278199,0.9241095056293386
Crawford County,vap_oth_b,uss_16_rep_too,0.3473720025829815,0.1830188409652709,0.07589049437066145,0.7513757413721799
Crawford County,vap_white,atg_16_dem_sha,0.3291623309588103,0.0068560760378256,0.3163605906156849,0.34272665216666925
Crawford County,vap_white,atg_16_rep_raf,0.6708376690411897,0.0068560760378256,0.6572733478333308,0.683639409384315
Crawford County,vap_black,atg_16_dem_sha,0.6721290401581919,0.14532606223369507,0.36836335089599465,0.905323114908023
Crawford County,vap_black,atg_16_rep_raf,0.32787095984180803,0.14532606223369507,0.09467688509197691,0.6316366491040052
Crawford County,vap_hisp,atg_16_dem_sha,0.5475835439236437,0.16040494086362567,0.25240296284708685,0.8576152380223216
Crawford County,vap_hisp,atg_16_rep_raf,0.4524164560763562,0.16040494086362567,0.14238476197767833,0.7475970371529131
Crawford County,vap_asian,atg_16_dem_sha,0.5292644002584006,0.16692371865425815,0.21288137283044117,0.8365809570554165
Crawford County,vap_asian,atg_16_rep_raf,0.47073559974159945,0.16692371865425815,0.1634190429445835,0.7871186271695588
Crawford County,vap_aian,atg_16_dem_sha,0.5456597377256892,0.18676243826678365,0.2034922279516702,0.8913682053074197
Crawford County,vap_aian,atg_16_rep_raf,0.4543402622743106,0.18676243826678365,0.10863179469258022,0.7965077720483296
Crawford County,vap_oth_b,atg_16_dem_sha,0.5375787672904714,0.14988070929286057,0.23630109974984412,0.7957862449382743
Crawford County,vap_oth_b,atg_16_rep_raf,0.46242123270952856,0.14988070929286057,0.20421375506172565,0.7636989002501559
Crawford County,vap_white,uss_18_dem_cas,0.38570490409942465,0.00809483593656963,0.3706575453901549,0.401913255901287
Crawford County,vap_white,uss_18_rep_bar,0.6142950959005754,0.00809483593656963,0.5980867440987131,0.6293424546098452
Crawford County,vap_black,uss_18_dem_cas,0.6782075250574464,0.13230368438499637,0.3899916962891154,0.8896490048550669
Crawford County,vap_black,uss_18_rep_bar,0.32179247494255353,0.13230368438499637,0.11035099514493311,0.6100083037108842
Crawford County,vap_hisp,uss_18_dem_cas,0.5694067621143786,0.1644071230134057,0.20467040424232175,0.8484745464848514
Crawford County,vap_hisp,uss_18_rep_bar,0.4305932378856214,0.1644071230134057,0.15152545351514854,0.795329595757678
Crawford County,vap_asian,uss_18_dem_cas,0.5248493467220722,0.1614429850530996,0.21631471064532456,0.8154518836854145
Crawford County,vap_asian,uss_18_rep_bar,0.4751506532779278,0.1614429850530996,0.1845481163145855,0.7836852893546755
Crawford County,vap_aian,uss_18_dem_cas,0.47756176272157935,0.1651214828499638,0.18261322466559768,0.7836466703223254
Crawford County,vap_aian,uss_18_rep_bar,0.5224382372784205,0.1651214828499638,0.21635332967767457,0.8173867753344023
Crawford County,vap_oth_b,uss_18_dem_cas,0.5536795953694885,0.1732592734081643,0.2004566613768873,0.8488321266249153
Crawford County,vap_oth_b,uss_18_rep_bar,0.4463204046305115,0.1732592734081643,0.1511678733750847,0.7995433386231127
Crawford County,vap_white,gov_18_dem_wol,0.3925991109097044,0.00736416288287135,0.3785541193084563,0.4070767183463141
Crawford County,vap_white,gov_18_rep_wag,0.6074008890902957,0.00736416288287135,0.5929232816536859,0.6214458806915437
Crawford County,vap_black,gov_18_dem_wol,0.678202385478635,0.14965696320029537,0.3591245928007441,0.9115010127579696
Crawford County,vap_black,gov_18_rep_wag,0.32179761452136496,0.14965696320029537,0.08849898724203022,0.6408754071992557
Crawford County,vap_hisp,gov_18_dem_wol,0.5519075930341304,0.1673490928973448,0.2255973954163547,0.8434700027500814
Crawford County,vap_hisp,gov_18_rep_wag,0.4480924069658696,0.1673490928973448,0.1565299972499185,0.7744026045836453
Crawford County,vap_asian,gov_18_dem_wol,0.503057742012534,0.1870175645059952,0.12905643576986084,0.8192621836914978
Crawford County,vap_asian,gov_18_rep_wag,0.49694225798746616,0.1870175645059952,0.1807378163085021,0.8709435642301392
Crawford County,vap_aian,gov_18_dem_wol,0.49390071658744455,0.16581804507757214,0.1852494938981179,0.7986811065043894
Crawford County,vap_aian,gov_18_rep_wag,0.5060992834125554,0.16581804507757214,0.20131889349561055,0.814750506101882
Crawford County,vap_oth_b,gov_18_dem_wol,0.5324031864239731,0.14879744091170014,0.2508908959954337,0.8177748871059841
Crawford County,vap_oth_b,gov_18_rep_wag,0.4675968135760269,0.14879744091170014,0.1822251128940157,0.7491091040045663
Crawford County,vap_white,pre_20_dem_bid,0.2908616887936149,0.00683640212438971,0.2785826749198469,0.3049620003364368
Crawford County,vap_white,pre_20_rep_tru,0.7091383112063852,0.00683640212438971,0.6950379996635632,0.7214173250801532
Crawford County,vap_black,pre_20_dem_bid,0.6648761325906721,0.15061493084186514,0.33593773350675726,0.897132266346821
Crawford County,vap_black,pre_20_rep_tru,0.3351238674093278,0.15061493084186514,0.1028677336531791,0.6640622664932426
Crawford County,vap_hisp,pre_20_dem_bid,0.543924511737959,0.16984612252188366,0.2155291287171315,0.8548079764234167
Crawford County,vap_hisp,pre_20_rep_tru,0.4560754882620411,0.16984612252188366,0.1451920235765834,0.7844708712828684
Crawford County,vap_asian,pre_20_dem_bid,0.5235898549870055,0.16095536374410296,0.22361453095503991,0.8209990576796526
Crawford County,vap_asian,pre_20_rep_tru,0.4764101450129946,0.16095536374410296,0.17900094232034738,0.7763854690449601
Crawford County,vap_aian,pre_20_dem_bid,0.5260171254625537,0.17491145047543843,0.18285149154120944,0.8337236594111102
Crawford County,vap_aian,pre_20_rep_tru,0.47398287453744614,0.17491145047543843,0.16627634058888974,0.8171485084587905
Crawford County,vap_oth_b,pre_20_dem_bid,0.5310681478244779,0.15552855756448145,0.2337967945177901,0.8208455803700533
Crawford County,vap_oth_b,pre_20_rep_tru,0.46893185217552213,0.15552855756448145,0.17915441962994663,0.7662032054822098
Crawford County,vap_white,atg_20_dem_sha,0.31279585172014945,0.0070442441803202,0.30004551617206315,0.3273864264259019
Crawford County,vap_white,atg_20_rep_hei,0.6872041482798505,0.0070442441803202,0.6726135735740981,0.6999544838279369
Crawford County,vap_black,atg_20_dem_sha,0.6682012360104292,0.1360613755935469,0.3714055896707079,0.8898226447745234
Crawford County,vap_black,atg_20_rep_hei,0.33179876398957076,0.1360613755935469,0.11017735522547643,0.6285944103292919
Crawford County,vap_hisp,atg_20_dem_sha,0.5492698554413656,0.1458360080031823,0.2549671318606251,0.8108935843231183
Crawford County,vap_hisp,atg_20_rep_hei,0.4507301445586343,0.1458360080031823,0.18910641567688163,0.7450328681393745
Crawford County,vap_asian,atg_20_dem_sha,0.5275818204938574,0.1706933464227793,0.1996030632137849,0.8299867338969531
Crawford County,vap_asian,atg_20_rep_hei,0.4724181795061427,0.1706933464227793,0.17001326610304676,0.800396936786215
Crawford County,vap_aian,atg_20_dem_sha,0.5019861513009488,0.1794706983536398,0.16680469987210722,0.8494701335738076
Crawford County,vap_aian,atg_20_rep_hei,0.4980138486990511,0.1794706983536398,0.1505298664261922,0.8331953001278928
Crawford County,vap_oth_b,atg_20_dem_sha,0.5788171015924691,0.15163190324948714,0.272300739681264,0.847929546265517
Crawford County,vap_oth_b,atg_20_rep_hei,0.4211828984075308,0.15163190324948714,0.15207045373448294,0.7276992603187359
Cumberland County,vap_white,pre_16_dem_cli,0.3465898647205527,0.0087850187197579,0.3312973305400781,0.3651874657424381
Cumberland County,vap_white,pre_16_rep_tru,0.6534101352794474,0.0087850187197579,0.634812534257562,0.668702669459922
Cumberland County,vap_black,pre_16_dem_cli,0.9034960900630922,0.0368121862639313,0.8149922897187005,0.9572849669068294
Cumberland County,vap_black,pre_16_rep_tru,0.0965039099369078,0.0368121862639313,0.04271503309317059,0.18500771028129945
Cumberland County,vap_hisp,pre_16_dem_cli,0.7601285958467596,0.09540234579989576,0.5414807019777006,0.9058234271949684
Cumberland County,vap_hisp,pre_16_rep_tru,0.23987140415324032,0.09540234579989576,0.0941765728050316,0.4585192980222989
Cumberland County,vap_asian,pre_16_dem_cli,0.6902586250073964,0.11129997482669896,0.4660373416005745,0.874821810763021
Cumberland County,vap_asian,pre_16_rep_tru,0.30974137499260357,0.11129997482669896,0.1251781892369789,0.5339626583994255
Cumberland County,vap_aian,pre_16_dem_cli,0.4607492612709088,0.17811246183704912,0.12479275255180676,0.7770592997050463
Cumberland County,vap_aian,pre_16_rep_tru,0.5392507387290911,0.17811246183704912,0.22294070029495375,0.8752072474481932
Cumberland County,vap_oth_b,pre_16_dem_cli,0.6657368719160476,0.12074935057960644,0.40746819658620126,0.8686296010349963
Cumberland County,vap_oth_b,pre_16_rep_tru,0.33426312808395237,0.12074935057960644,0.1313703989650037,0.5925318034137987
Cumberland County,vap_white,uss_16_dem_mcg,0.33549126383087274,0.00962910183737317,0.31889680575643226,0.3569844077510853
Cumberland County,vap_white,uss_16_rep_too,0.6645087361691273,0.00962910183737317,0.6430155922489147,0.6811031942435678
Cumberland County,vap_black,uss_16_dem_mcg,0.8062364723266515,0.0743454437647215,0.6441405892997707,0.9275956071706016
Cumberland County,vap_black,uss_16_rep_too,0.19376352767334845,0.0743454437647215,0.07240439282939831,0.35585941070022936
Cumberland County,vap_hisp,uss_16_dem_mcg,0.7414258400072216,0.10401597627635198,0.504484070935287,0.9057290614827462
Cumberland County,vap_hisp,uss_16_rep_too,0.2585741599927784,0.10401597627635198,0.09427093851725372,0.49551592906471287
Cumberland County,vap_asian,uss_16_dem_mcg,0.6028763619945567,0.10883471418201145,0.368684065237185,0.8023525546148582
Cumberland County,vap_asian,uss_16_rep_too,0.39712363800544326,0.10883471418201145,0.19764744538514156,0.6313159347628149
Cumberland County,vap_aian,uss_16_dem_mcg,0.5065994007216952,0.16504405624821294,0.19019640809038707,0.8154421035528371
Cumberland County,vap_aian,uss_16_rep_too,0.4934005992783048,0.16504405624821294,0.1845578964471628,0.8098035919096126
Cumberland County,vap_oth_b,uss_16_dem_mcg,0.6605410357031013,0.12514240331024523,0.3745785866685933,0.8661249794203771
Cumberland County,vap_oth_b,uss_16_rep_too,0.33945896429689876,0.12514240331024523,0.1338750205796227,0.6254214133314068
Cumberland County,vap_white,atg_16_dem_sha,0.3466768178034563,0.00880830896869709,0.3302931919627313,0.3644050591486056
Cumberland County,vap_white,atg_16_rep_raf,0.6533231821965437,0.00880830896869709,0.6355949408513945,0.6697068080372687
Cumberland County,vap_black,atg_16_dem_sha,0.8243459100026096,0.06634507791539757,0.682103379334186,0.9272307133834106
Cumberland County,vap_black,atg_16_rep_raf,0.1756540899973904,0.06634507791539757,0.07276928661658953,0.3178966206658139
Cumberland County,vap_hisp,atg_16_dem_sha,0.7609896781855662,0.08743753423784206,0.5751936697920006,0.8988192612242208
Cumberland County,vap_hisp,atg_16_rep_raf,0.23901032181443385,0.08743753423784206,0.1011807387757792,0.4248063302079992
Cumberland County,vap_asian,atg_16_dem_sha,0.57109070115666,0.11037826258201848,0.3410012780563844,0.7865989491487326
Cumberland County,vap_asian,atg_16_rep_raf,0.42890929884333984,0.11037826258201848,0.21340105085126737,0.6589987219436155
Cumberland County,vap_aian,atg_16_dem_sha,0.5323843457155962,0.16913123932594598,0.2113245345887202,0.8225816343923193
Cumberland County,vap_aian,atg_16_rep_raf,0.46761565428440377,0.16913123932594598,0.1774183656076806,0.7886754654112796
Cumberland County,vap_oth_b,atg_16_dem_sha,0.614897777781099,0.1487330884287246,0.3078199600944342,0.8556329787502513
Cumberland County,vap_oth_b,atg_16_rep_raf,0.385102222218901,0.1487330884287246,0.1443670212497486,0.6921800399055659
Cumberland County,vap_white,uss_18_dem_cas,0.4219729186316102,0.01025953271456675,0.4037518272722615,0.44296425428111574
Cumberland County,vap_white,uss_18_rep_bar,0.5780270813683899,0.01025953271456675,0.5570357457188841,0.5962481727277384
Cumberland County,vap_black,uss_18_dem_cas,0.8323456543392583,0.07053483572610189,0.6615662378137284,0.9335393893930468
Cumberland County,vap_black,uss_18_rep_bar,0.1676543456607417,0.07053483572610189,0.06646061060695317,0.33843376218627164
Cumberland County,vap_hisp,uss_18_dem_cas,0.7859420879406939,0.09941733082030071,0.5429413072934438,0.9335038702321978
Cumberland County,vap_hisp,uss_18_rep_bar,0.21405791205930613,0.09941733082030071,0.06649612976780206,0.4570586927065561
Cumberland County,vap_asian,uss_18_dem_cas,0.741670062331194,0.10691047274448334,0.5157585447393749,0.9152718807564152
Cumberland County,vap_asian,uss_18_rep_bar,0.2583299376688059,0.10691047274448334,0.08472811924358474,0.48424145526062506
Cumberland County,vap_aian,uss_18_dem_cas,0.5362885556288777,0.15877936702516718,0.22711612243059495,0.8222266398299153
Cumberland County,vap_aian,uss_18_rep_bar,0.4637114443711222,0.15877936702516718,0.17777336017008466,0.7728838775694048
Cumberland County,vap_oth_b,uss_18_dem_cas,0.6135382076205944,0.18731018548149975,0.1492790221409616,0.8908530564703929
Cumberland County,vap_oth_b,uss_18_rep_bar,0.38646179237940553,0.18731018548149975,0.10914694352960692,0.8507209778590383
Cumberland County,vap_white,gov_18_dem_wol,0.4818812305825363,0.01047182652723335,0.4630491030919658,0.503727744607602
Cumberland County,vap_white,gov_18_rep_wag,0.5181187694174637,0.01047182652723335,0.4962722553923981,0.5369508969080342
Cumberland County,vap_black,gov_18_dem_wol,0.785149640354319,0.0835353245316916,0.5974981231550495,0.916063858367496
Cumberland County,vap_black,gov_18_rep_wag,0.21485035964568097,0.0835353245316916,0.08393614163250399,0.4025018768449504
Cumberland County,vap_hisp,gov_18_dem_wol,0.7595694704012472,0.10344472275829183,0.5113848729364262,0.9037296813782694
Cumberland County,vap_hisp,gov_18_rep_wag,0.24043052959875277,0.10344472275829182,0.09627031862173056,0.48861512706357385
Cumberland County,vap_asian,gov_18_dem_wol,0.7152255526516984,0.10145741571760912,0.4911831774519836,0.8787030490986797
Cumberland County,vap_asian,gov_18_rep_wag,0.28477444734830154,0.10145741571760916,0.12129695090132028,0.5088168225480164
Cumberland County,vap_aian,gov_18_dem_wol,0.4689858865154093,0.17050665933202247,0.16802521607857662,0.8011714175527423
Cumberland County,vap_aian,gov_18_rep_wag,0.5310141134845907,0.17050665933202247,0.1988285824472574,0.8319747839214229
Cumberland County,vap_oth_b,gov_18_dem_wol,0.607760576421571,0.15164540561302975,0.27949205537256977,0.8489432532933722
Cumberland County,vap_oth_b,gov_18_rep_wag,0.39223942357842895,0.15164540561302975,0.1510567467066279,0.72050794462743
Cumberland County,vap_white,pre_20_dem_bid,0.393695170033694,0.0083351964191587,0.3783461599323411,0.4108217107603824
Cumberland County,vap_white,pre_20_rep_tru,0.606304829966306,0.0083351964191587,0.5891782892396176,0.621653840067659
Cumberland County,vap_black,pre_20_dem_bid,0.8010590319858077,0.0850194760562533,0.5872855525780587,0.9236200662510043
Cumberland County,vap_black,pre_20_rep_tru,0.19894096801419223,0.0850194760562533,0.07637993374899577,0.4127144474219413
Cumberland County,vap_hisp,pre_20_dem_bid,0.7896514173525603,0.08028096329667965,0.6179578080966053,0.9169370749444016
Cumberland County,vap_hisp,pre_20_rep_tru,0.2103485826474397,0.08028096329667965,0.08306292505559823,0.3820421919033946
Cumberland County,vap_asian,pre_20_dem_bid,0.7633094410366336,0.08630146820799862,0.5811964194314276,0.9057211730708808
Cumberland County,vap_asian,pre_20_rep_tru,0.23669055896336635,0.08630146820799862,0.09427882692911924,0.41880358056857214
Cumberland County,vap_aian,pre_20_dem_bid,0.5042331423727229,0.1659686008910604,0.20024066895998988,0.8046171805003373
Cumberland County,vap_aian,pre_20_rep_tru,0.495766857627277,0.1659686008910604,0.19538281949966269,0.79975933104001
Cumberland County,vap_oth_b,pre_20_dem_bid,0.6585280640215859,0.138733130827165,0.3482445209499556,0.8827437296551245
Cumberland County,vap_oth_b,pre_20_rep_tru,0.3414719359784141,0.138733130827165,0.11725627034487544,0.6517554790500444
Cumberland County,vap_white,atg_20_dem_sha,0.3935181880856435,0.00709370073587879,0.3811075492558976,0.4082158004081264
Cumberland County,vap_white,atg_20_rep_hei,0.6064818119143566,0.00709370073587879,0.5917841995918736,0.6188924507441025
Cumberland County,vap_black,atg_20_dem_sha,0.798068443744607,0.08427192282036722,0.6008218067104237,0.9174375185230572
Cumberland County,vap_black,atg_20_rep_hei,0.20193155625539305,0.08427192282036722,0.08256248147694267,0.39917819328957627
Cumberland County,vap_hisp,atg_20_dem_sha,0.7600968679663982,0.10513640860071348,0.512937305879681,0.907071210772767
Cumberland County,vap_hisp,atg_20_rep_hei,0.23990313203360172,0.10513640860071348,0.09292878922723286,0.48706269412031866
Cumberland County,vap_asian,atg_20_dem_sha,0.7390428128165439,0.09386429197351602,0.5394002443875714,0.8952447582815249
Cumberland County,vap_asian,atg_20_rep_hei,0.26095718718345606,0.093864291973516,0.10475524171847496,0.4605997556124284
Cumberland County,vap_aian,atg_20_dem_sha,0.5105058390860296,0.17458495047454484,0.19921544064550104,0.851550066865615
Cumberland County,vap_aian,atg_20_rep_hei,0.4894941609139703,0.17458495047454484,0.1484499331343848,0.800784559354499
Cumberland County,vap_oth_b,atg_20_dem_sha,0.6419254482732719,0.14433730361140665,0.3383289979032707,0.8823649121371157
Cumberland County,vap_oth_b,atg_20_rep_hei,0.3580745517267281,0.14433730361140665,0.11763508786288424,0.6616710020967291
Dauphin County,vap_white,pre_16_dem_cli,0.3054330849191051,0.00545846484967703,0.2959726341214694,0.31739196198002406
Dauphin County,vap_white,pre_16_rep_tru,0.6945669150808949,0.00545846484967703,0.6826080380199758,0.7040273658785305
Dauphin County,vap_black,pre_16_dem_cli,0.9645758444723116,0.00892296264889797,0.944816229016972,0.97943558050109
Dauphin County,vap_black,pre_16_rep_tru,0.03542415552768838,0.00892296264889797,0.02056441949890987,0.05518377098302806
Dauphin County,vap_hisp,pre_16_dem_cli,0.9453161764355807,0.0148091717511128,0.9130609289008864,0.9700866264125226
Dauphin County,vap_hisp,pre_16_rep_tru,0.05468382356441918,0.0148091717511128,0.02991337358747736,0.08693907109911363
Dauphin County,vap_asian,pre_16_dem_cli,0.8709318803258884,0.04490398008379405,0.7618841295168958,0.9351960215545586
Dauphin County,vap_asian,pre_16_rep_tru,0.1290681196741116,0.04490398008379405,0.06480397844544146,0.2381158704831042
Dauphin County,vap_aian,pre_16_dem_cli,0.5347237538669998,0.15052608842787943,0.2591934025941711,0.810715547651774
Dauphin County,vap_aian,pre_16_rep_tru,0.46527624613300017,0.15052608842787943,0.189284452348226,0.7408065974058288
Dauphin County,vap_oth_b,pre_16_dem_cli,0.8854546041632753,0.04991249902698287,0.752635084256598,0.9498058000610212
Dauphin County,vap_oth_b,pre_16_rep_tru,0.11454539583672468,0.04991249902698286,0.05019419993897853,0.2473649157434019
Dauphin County,vap_white,uss_16_dem_mcg,0.2944483771682707,0.00588488837137967,0.283990371998079,0.3073723243029292
Dauphin County,vap_white,uss_16_rep_too,0.7055516228317292,0.00588488837137967,0.6926276756970708,0.7160096280019208
Dauphin County,vap_black,uss_16_dem_mcg,0.9620901545664554,0.009767935563948,0.9400839407738372,0.977929134482224
Dauphin County,vap_black,uss_16_rep_too,0.03790984543354461,0.009767935563948,0.0220708655177761,0.05991605922616278
Dauphin County,vap_hisp,uss_16_dem_mcg,0.9419030666154824,0.01636735209897346,0.9047842189582752,0.967204425783072
Dauphin County,vap_hisp,uss_16_rep_too,0.05809693338451752,0.01636735209897346,0.03279557421692816,0.09521578104172472
Dauphin County,vap_asian,uss_16_dem_mcg,0.8174714378784639,0.05729069084470106,0.688785037717696,0.9060298258506368
Dauphin County,vap_asian,uss_16_rep_too,0.18252856212153615,0.05729069084470106,0.09397017414936316,0.311214962282304
Dauphin County,vap_aian,uss_16_dem_mcg,0.5522651862793551,0.14851537179925425,0.26040392336944845,0.8282856815134165
Dauphin County,vap_aian,uss_16_rep_too,0.4477348137206449,0.14851537179925425,0.1717143184865835,0.7395960766305514
Dauphin County,vap_oth_b,uss_16_dem_mcg,0.8405231638108783,0.05146370260880676,0.7172623094626439,0.9223679744792356
Dauphin County,vap_oth_b,uss_16_rep_too,0.15947683618912162,0.05146370260880676,0.07763202552076445,0.2827376905373559
Dauphin County,vap_white,atg_16_dem_sha,0.3048832222411073,0.00570880062850603,0.29417898941434184,0.3160339230750763
Dauphin County,vap_white,atg_16_rep_raf,0.6951167777588927,0.00570880062850603,0.6839660769249238,0.7058210105856582
Dauphin County,vap_black,atg_16_dem_sha,0.9650689798641054,0.0088897704923949,0.9452252287657604,0.97976317609538
Dauphin County,vap_black,atg_16_rep_raf,0.03493102013589457,0.0088897704923949,0.02023682390461985,0.05477477123423968
Dauphin County,vap_hisp,atg_16_dem_sha,0.9390330907266956,0.01614025822355407,0.9027791724144754,0.9653870035607758
Dauphin County,vap_hisp,atg_16_rep_raf,0.06096690927330422,0.01614025822355407,0.03461299643922417,0.09722082758552458
Dauphin County,vap_asian,atg_16_dem_sha,0.830618827150414,0.05333050675030215,0.7099874891223428,0.9152963097653788
Dauphin County,vap_asian,atg_16_rep_raf,0.16938117284958598,0.05333050675030215,0.08470369023462111,0.2900125108776573
Dauphin County,vap_aian,atg_16_dem_sha,0.5470022049144078,0.16024147972025063,0.23421158426676683,0.8362259139587744
Dauphin County,vap_aian,atg_16_rep_raf,0.45299779508559224,0.16024147972025063,0.16377408604122545,0.7657884157332331
Dauphin County,vap_oth_b,atg_16_dem_sha,0.8660977030805552,0.04397116327429021,0.7651628841058222,0.9327069385267904
Dauphin County,vap_oth_b,atg_16_rep_raf,0.13390229691944475,0.04397116327429021,0.06729306147320961,0.2348371158941777
Dauphin County,vap_white,uss_18_dem_cas,0.3809275615946893,0.0050445645341022,0.3714277350356483,0.3912685396660022
Dauphin County,vap_white,uss_18_rep_bar,0.6190724384053107,0.0050445645341022,0.6087314603339977,0.6285722649643516
Dauphin County,vap_black,uss_18_dem_cas,0.9687075381585114,0.00945478472377188,0.9463900470243602,0.9830882201804252
Dauphin County,vap_black,uss_18_rep_bar,0.03129246184148864,0.00945478472377188,0.01691177981957478,0.05360995297563969
Dauphin County,vap_hisp,uss_18_dem_cas,0.9404767349999508,0.01572600631350313,0.9061513191859392,0.9666782742809736
Dauphin County,vap_hisp,uss_18_rep_bar,0.05952326500004918,0.01572600631350313,0.03332172571902652,0.09384868081406084
Dauphin County,vap_asian,uss_18_dem_cas,0.8749345679189878,0.04136054937791052,0.7828687809265898,0.9408839874631332
Dauphin County,vap_asian,uss_18_rep_bar,0.12506543208101223,0.04136054937791052,0.05911601253686672,0.2171312190734101
Dauphin County,vap_aian,uss_18_dem_cas,0.5362271965001058,0.14647537737720945,0.24759195645892745,0.7925577430580708
Dauphin County,vap_aian,uss_18_rep_bar,0.4637728034998942,0.14647537737720945,0.20744225694192917,0.7524080435410725
Dauphin County,vap_oth_b,uss_18_dem_cas,0.8701553927178315,0.04428138030736535,0.7611037397031494,0.9342560732798112
Dauphin County,vap_oth_b,uss_18_rep_bar,0.12984460728216848,0.04428138030736535,0.065743926720189,0.2388962602968505
Dauphin County,vap_white,gov_18_dem_wol,0.44118354386136904,0.0052967460957311,0.4312341274170629,0.45236547553352474
Dauphin County,vap_white,gov_18_rep_wag,0.558816456138631,0.0052967460957311,0.5476345244664752,0.5687658725829372
Dauphin County,vap_black,gov_18_dem_wol,0.9678936784167916,0.00853470130641928,0.948760460958176,0.981713408096726
Dauphin County,vap_black,gov_18_rep_wag,0.03210632158320848,0.00853470130641928,0.01828659190327405,0.05123953904182411
Dauphin County,vap_hisp,gov_18_dem_wol,0.9348213358950164,0.01716468909292462,0.8974707596587561,0.9638084694175892
Dauphin County,vap_hisp,gov_18_rep_wag,0.06517866410498364,0.01716468909292462,0.03619153058241067,0.10252924034124392
Dauphin County,vap_asian,gov_18_dem_wol,0.8572949260216546,0.04975696556165648,0.7376378112974827,0.9323082528115536
Dauphin County,vap_asian,gov_18_rep_wag,0.14270507397834548,0.04975696556165648,0.06769174718844646,0.2623621887025172
Dauphin County,vap_aian,gov_18_dem_wol,0.5362756245764595,0.1465957819374617,0.25001371484884616,0.8106480303973911
Dauphin County,vap_aian,gov_18_rep_wag,0.4637243754235405,0.1465957819374617,0.1893519696026088,0.7499862851511537
Dauphin County,vap_oth_b,gov_18_dem_wol,0.8859022552120918,0.04302070503330517,0.7836795947743429,0.9498680623491212
Dauphin County,vap_oth_b,gov_18_rep_wag,0.1140977447879082,0.04302070503330517,0.05013193765087858,0.21632040522565704
Dauphin County,vap_white,pre_20_dem_bid,0.35629325158002545,0.006605107995735,0.3451516097165757,0.37117323724566453
Dauphin County,vap_white,pre_20_rep_tru,0.6437067484199746,0.006605107995735,0.6288267627543354,0.6548483902834242
Dauphin County,vap_black,pre_20_dem_bid,0.9614237744736144,0.00965875862068833,0.9396140848374692,0.9774854586280424
Dauphin County,vap_black,pre_20_rep_tru,0.03857622552638572,0.00965875862068833,0.02251454137195756,0.06038591516253086
Dauphin County,vap_hisp,pre_20_dem_bid,0.9178782967784302,0.02354625253041367,0.8593159995980789,0.9537487048075826
Dauphin County,vap_hisp,pre_20_rep_tru,0.08212170322156971,0.02354625253041367,0.04625129519241739,0.1406840004019211
Dauphin County,vap_asian,pre_20_dem_bid,0.8885268105700865,0.05109361007308365,0.7465045882439924,0.9510320762515196
Dauphin County,vap_asian,pre_20_rep_tru,0.11147318942991352,0.05109361007308365,0.0489679237484803,0.25349541175600765
Dauphin County,vap_aian,pre_20_dem_bid,0.5495826318985431,0.17223625980157048,0.23779200313782345,0.8692653019233666
Dauphin County,vap_aian,pre_20_rep_tru,0.4504173681014569,0.17223625980157048,0.13073469807663335,0.7622079968621763
Dauphin County,vap_oth_b,pre_20_dem_bid,0.8152439675915902,0.06399319971227577,0.6718074719246249,0.911997973020782
Dauphin County,vap_oth_b,pre_20_rep_tru,0.18475603240840976,0.06399319971227577,0.08800202697921779,0.328192528075375
Dauphin County,vap_white,atg_20_dem_sha,0.378291858256284,0.00568973009363067,0.36808052339517217,0.3908043094188018
Dauphin County,vap_white,atg_20_rep_hei,0.6217081417437159,0.00568973009363067,0.6091956905811983,0.6319194766048278
Dauphin County,vap_black,atg_20_dem_sha,0.9605407420030752,0.0105730741844997,0.9370594180163326,0.9780858032431612
Dauphin County,vap_black,atg_20_rep_hei,0.03945925799692489,0.0105730741844997,0.02191419675683875,0.06294058198366757
Dauphin County,vap_hisp,atg_20_dem_sha,0.924936667825852,0.01874982455599465,0.8829686754524702,0.9563704552306832
Dauphin County,vap_hisp,atg_20_rep_hei,0.07506333217414794,0.01874982455599465,0.04362954476931696,0.11703132454752987
Dauphin County,vap_asian,atg_20_dem_sha,0.8830719546528409,0.04954223937642563,0.7505949916997305,0.947807450842462
Dauphin County,vap_asian,atg_20_rep_hei,0.1169280453471591,0.04954223937642563,0.05219254915753785,0.24940500830026943
Dauphin County,vap_aian,atg_20_dem_sha,0.5206041148815032,0.15915167321991938,0.22926097847348512,0.8102300036625901
Dauphin County,vap_aian,atg_20_rep_hei,0.4793958851184968,0.15915167321991938,0.18976999633740976,0.7707390215265147
Dauphin County,vap_oth_b,atg_20_dem_sha,0.8339313433520744,0.06005254594279376,0.7008092612236403,0.921896010919964
Dauphin County,vap_oth_b,atg_20_rep_hei,0.16606865664792556,0.06005254594279375,0.07810398908003596,0.29919073877635954
Delaware County,vap_white,pre_16_dem_cli,0.46127142140081223,0.00320177431110178,0.45524692434933994,0.4677111966844856
Delaware County,vap_white,pre_16_rep_tru,0.5387285785991878,0.00320177431110179,0.5322888033155144,0.5447530756506601
Delaware County,vap_black,pre_16_dem_cli,0.9816488939758256,0.00326214695394302,0.9740054783941812,0.9871030838890632
Delaware County,vap_black,pre_16_rep_tru,0.01835110602417436,0.00326214695394302,0.01289691611093665,0.02599452160581893
Delaware County,vap_hisp,pre_16_dem_cli,0.932748339053674,0.01589995673412286,0.8985456030807629,0.9600049898885892
Delaware County,vap_hisp,pre_16_rep_tru,0.06725166094632595,0.01589995673412286,0.03999501011141088,0.10145439691923704
Delaware County,vap_asian,pre_16_dem_cli,0.822471315133607,0.03106402547922928,0.756533334600033,0.8786040800998691
Delaware County,vap_asian,pre_16_rep_tru,0.1775286848663929,0.03106402547922928,0.12139591990013096,0.24346666539996703
Delaware County,vap_aian,pre_16_dem_cli,0.5182404222646265,0.15484905043202915,0.2430050490335169,0.7981590292181513
Delaware County,vap_aian,pre_16_rep_tru,0.4817595777353734,0.15484905043202915,0.2018409707818486,0.7569949509664831
Delaware County,vap_oth_b,pre_16_dem_cli,0.8898312719280458,0.03049796015495843,0.8244393121532958,0.9367092441966656
Delaware County,vap_oth_b,pre_16_rep_tru,0.1101687280719542,0.03049796015495843,0.06329075580333436,0.17556068784670423
Delaware County,vap_white,uss_16_dem_mcg,0.3999230567255136,0.00360389598427565,0.3928007827295997,0.4069886921121123
Delaware County,vap_white,uss_16_rep_too,0.6000769432744865,0.00360389598427566,0.5930113078878878,0.6071992172704004
Delaware County,vap_black,uss_16_dem_mcg,0.9785091434317662,0.00309636374486902,0.971983342553091,0.9840793894223996
Delaware County,vap_black,uss_16_rep_too,0.02149085656823379,0.00309636374486901,0.01592061057760042,0.02801665744690889
Delaware County,vap_hisp,uss_16_dem_mcg,0.9267396713282448,0.01871508479770999,0.8790922637403689,0.9566829366544656
Delaware County,vap_hisp,uss_16_rep_too,0.07326032867175515,0.01871508479770999,0.0433170633455346,0.1209077362596312
Delaware County,vap_asian,uss_16_dem_mcg,0.7687866626730608,0.03453622312997743,0.7022839740705793,0.8343703326981902
Delaware County,vap_asian,uss_16_rep_too,0.2312133373269391,0.03453622312997743,0.16562966730180984,0.2977160259294206
Delaware County,vap_aian,uss_16_dem_mcg,0.6135487967356954,0.13564035153910747,0.3318366413292056,0.8586350779746293
Delaware County,vap_aian,uss_16_rep_too,0.3864512032643046,0.13564035153910747,0.14136492202537046,0.6681633586707943
Delaware County,vap_oth_b,uss_16_dem_mcg,0.8644075867911186,0.04487695131564492,0.7738302894576997,0.944036043843278
Delaware County,vap_oth_b,uss_16_rep_too,0.1355924132088814,0.04487695131564492,0.05596395615672197,0.2261697105423004
Delaware County,vap_white,atg_16_dem_sha,0.4219954436765933,0.00358135871093904,0.4154039563329566,0.429603575439039
Delaware County,vap_white,atg_16_rep_raf,0.5780045563234066,0.00358135871093904,0.5703964245609611,0.5845960436670434
Delaware County,vap_black,atg_16_dem_sha,0.9800664567321988,0.00318218170035747,0.9731078154710292,0.9856282472444016
Delaware County,vap_black,atg_16_rep_raf,0.01993354326780103,0.00318218170035747,0.0143717527555983,0.02689218452897086
Delaware County,vap_hisp,atg_16_dem_sha,0.9262985354570624,0.01654694396434615,0.8882712666459799,0.9535176994095932
Delaware County,vap_hisp,atg_16_rep_raf,0.07370146454293765,0.01654694396434615,0.04648230059040673,0.11172873335402006
Delaware County,vap_asian,atg_16_dem_sha,0.7967263934902018,0.03227006257282849,0.7327102721094081,0.8589845492693557
Delaware County,vap_asian,atg_16_rep_raf,0.20327360650979823,0.03227006257282849,0.14101545073064412,0.2672897278905919
Delaware County,vap_aian,atg_16_dem_sha,0.5577785049727109,0.1318736022462387,0.30392536956731664,0.7862771773940701
Delaware County,vap_aian,atg_16_rep_raf,0.4422214950272891,0.1318736022462387,0.21372282260592984,0.6960746304326833
Delaware County,vap_oth_b,atg_16_dem_sha,0.8748827782418931,0.03692318283236429,0.796363272185759,0.9310107216094604
Delaware County,vap_oth_b,atg_16_rep_raf,0.12511722175810697,0.03692318283236429,0.06898927839053948,0.20363672781424105
Delaware County,vap_white,uss_18_dem_cas,0.5335295976760155,0.00319486485602169,0.5276402486356434,0.5398717728090084
Delaware County,vap_white,uss_18_rep_bar,0.46647040232398457,0.00319486485602169,0.4601282271909917,0.47235975136435654
Delaware County,vap_black,uss_18_dem_cas,0.9820113137897316,0.00299708211522734,0.9752775930929732,0.987200211921448
Delaware County,vap_black,uss_18_rep_bar,0.01798868621026846,0.00299708211522734,0.01279978807855185,0.02472240690702688
Delaware County,vap_hisp,uss_18_dem_cas,0.9332784048693148,0.01612119667972822,0.8964193883556647,0.959068274910272
Delaware County,vap_hisp,uss_18_rep_bar,0.06672159513068532,0.01612119667972822,0.04093172508972811,0.1035806116443352
Delaware County,vap_asian,uss_18_dem_cas,0.8442118906084627,0.02778873334911027,0.7848345627610505,0.8929729547123807
Delaware County,vap_asian,uss_18_rep_bar,0.15578810939153734,0.02778873334911027,0.10702704528761924,0.21516543723894951
Delaware County,vap_aian,uss_18_dem_cas,0.6144684685543504,0.14996232551962033,0.29909331268449196,0.8742337106343373
Delaware County,vap_aian,uss_18_rep_bar,0.3855315314456496,0.14996232551962033,0.1257662893656626,0.700906687315508
Delaware County,vap_oth_b,uss_18_dem_cas,0.8856917492467515,0.02988147777941444,0.8130598836425326,0.9312324448022494
Delaware County,vap_oth_b,uss_18_rep_bar,0.11430825075324848,0.02988147777941444,0.0687675551977506,0.18694011635746735
Delaware County,vap_white,gov_18_dem_wol,0.5559653093937919,0.00338944579790108,0.5499844857688843,0.5630059229003253
Delaware County,vap_white,gov_18_rep_wag,0.44403469060620815,0.00338944579790108,0.4369940770996747,0.4500155142311158
Delaware County,vap_black,gov_18_dem_wol,0.9818995414955972,0.00278539302054652,0.9760249031514644,0.9867926873007422
Delaware County,vap_black,gov_18_rep_wag,0.01810045850440286,0.00278539302054652,0.01320731269925778,0.02397509684853557
Delaware County,vap_hisp,gov_18_dem_wol,0.927828528757456,0.01626599566338846,0.8913843079219941,0.9552567443204416
Delaware County,vap_hisp,gov_18_rep_wag,0.0721714712425441,0.01626599566338846,0.04474325567955826,0.10861569207800582
Delaware County,vap_asian,gov_18_dem_wol,0.8465595408359818,0.03070338568493489,0.7795050531815642,0.8939304896153668
Delaware County,vap_asian,gov_18_rep_wag,0.1534404591640182,0.03070338568493489,0.10606951038463328,0.22049494681843573
Delaware County,vap_aian,gov_18_dem_wol,0.5736790245358687,0.1458038340208789,0.25467497662949207,0.8207246358587716
Delaware County,vap_aian,gov_18_rep_wag,0.4263209754641312,0.1458038340208789,0.17927536414122833,0.7453250233705078
Delaware County,vap_oth_b,gov_18_dem_wol,0.8866720700328142,0.02949645075430073,0.8191781568358385,0.933109104010958
Delaware County,vap_oth_b,gov_18_rep_wag,0.11332792996718574,0.02949645075430073,0.06689089598904191,0.18082184316416136
Delaware County,vap_white,pre_20_dem_bid,0.5055457696314626,0.00381505909722535,0.49767545681017583,0.5130702015339409
Delaware County,vap_white,pre_20_rep_tru,0.4944542303685375,0.00381505909722535,0.4869297984660592,0.5023245431898241
Delaware County,vap_black,pre_20_dem_bid,0.98004004349715,0.0031871492934066,0.9730113918615664,0.9854949996678212
Delaware County,vap_black,pre_20_rep_tru,0.01995995650284997,0.0031871492934066,0.01450500033217881,0.02698860813843368
Delaware County,vap_hisp,pre_20_dem_bid,0.8959537394451211,0.02188682130850684,0.8498351831336842,0.9357448077863436
Delaware County,vap_hisp,pre_20_rep_tru,0.10404626055487884,0.02188682130850684,0.06425519221365637,0.15016481686631572
Delaware County,vap_asian,pre_20_dem_bid,0.7973954502402805,0.038895244439022,0.7199722111687499,0.8707953980171547
Delaware County,vap_asian,pre_20_rep_tru,0.20260454975971948,0.038895244439022,0.12920460198284536,0.2800277888312501
Delaware County,vap_aian,pre_20_dem_bid,0.5665703277858175,0.1398859511544453,0.3099578443987059,0.8183082663299515
Delaware County,vap_aian,pre_20_rep_tru,0.4334296722141825,0.1398859511544453,0.18169173367004832,0.6900421556012941
Delaware County,vap_oth_b,pre_20_dem_bid,0.8316459389587552,0.04236899805296468,0.744789779563296,0.9035642702416762
Delaware County,vap_oth_b,pre_20_rep_tru,0.16835406104124478,0.04236899805296468,0.0964357297583238,0.25521022043670405
Delaware County,vap_white,atg_20_dem_sha,0.4868535694647412,0.00391334432421585,0.47956878386943697,0.4945173417577947
Delaware County,vap_white,atg_20_rep_hei,0.5131464305352589,0.00391334432421585,0.5054826582422052,0.520431216130563
Delaware County,vap_black,atg_20_dem_sha,0.979611532942094,0.00325221977329025,0.9726610794004298,0.9851824482451482
Delaware County,vap_black,atg_20_rep_hei,0.02038846705790583,0.00325221977329025,0.01481755175485178,0.02733892059957028
Delaware County,vap_hisp,atg_20_dem_sha,0.9122117941971848,0.02172166565667982,0.8626139098269764,0.9486098462452665
Delaware County,vap_hisp,atg_20_rep_hei,0.08778820580281507,0.02172166565667982,0.05139015375473351,0.13738609017302356
Delaware County,vap_asian,atg_20_dem_sha,0.8278516176461294,0.03471877365090366,0.7619421565127588,0.8958335909223268
Delaware County,vap_asian,atg_20_rep_hei,0.1721483823538707,0.03471877365090366,0.10416640907767304,0.2380578434872413
Delaware County,vap_aian,atg_20_dem_sha,0.7056533053451836,0.14944481503483298,0.3960425509241763,0.9078368474007698
Delaware County,vap_aian,atg_20_rep_hei,0.29434669465481644,0.14944481503483298,0.09216315259923016,0.6039574490758236
Delaware County,vap_oth_b,atg_20_dem_sha,0.7923627097659266,0.06052020517054538,0.6634468127457007,0.8947131541905908
Delaware County,vap_oth_b,atg_20_rep_hei,0.20763729023407343,0.06052020517054538,0.10528684580940924,0.3365531872542995
Elk County,vap_white,pre_16_dem_cli,0.2726901983137251,0.00759618951606837,0.2578965714166153,0.2872731025193569
Elk County,vap_white,pre_16_rep_tru,0.7273098016862749,0.00759618951606837,0.7127268974806431,0.7421034285833847
Elk County,vap_black,pre_16_dem_cli,0.483029479729042,0.17138116598472097,0.15799576324320835,0.8081126150108058
Elk County,vap_black,pre_16_rep_tru,0.516970520270958,0.17138116598472097,0.19188738498919417,0.8420042367567916
Elk County,vap_hisp,pre_16_dem_cli,0.48130521823620864,0.1724645047052788,0.15245327829376945,0.8133644777532648
Elk County,vap_hisp,pre_16_rep_tru,0.5186947817637915,0.1724645047052788,0.18663552224673527,0.8475467217062306
Elk County,vap_asian,pre_16_dem_cli,0.5097364382382922,0.17714310293505958,0.1691416505063515,0.8361068783536998
Elk County,vap_asian,pre_16_rep_tru,0.4902635617617079,0.17714310293505958,0.16389312164630018,0.8308583494936486
Elk County,vap_aian,pre_16_dem_cli,0.5046671343666783,0.1842156054237538,0.15467523185293494,0.8466116998529395
Elk County,vap_aian,pre_16_rep_tru,0.4953328656333217,0.1842156054237538,0.1533883001470605,0.845324768147065
Elk County,vap_oth_b,pre_16_dem_cli,0.49470138672106073,0.1688581505143546,0.1990250583784999,0.8362686811111978
Elk County,vap_oth_b,pre_16_rep_tru,0.5052986132789392,0.1688581505143546,0.16373131888880205,0.8009749416215
Elk County,vap_white,uss_16_dem_mcg,0.34327721774975234,0.00809453620743111,0.3274961197862249,0.35894901761076337
Elk County,vap_white,uss_16_rep_too,0.6567227822502476,0.00809453620743111,0.6410509823892365,0.6725038802137749
Elk County,vap_black,uss_16_dem_mcg,0.45678887344396896,0.1828016691136944,0.125946355972758,0.8099644915157955
Elk County,vap_black,uss_16_rep_too,0.543211126556031,0.1828016691136944,0.19003550848420428,0.874053644027242
Elk County,vap_hisp,uss_16_dem_mcg,0.4936641782534003,0.17534903086121076,0.16500635762335894,0.8196599938964862
Elk County,vap_hisp,uss_16_rep_too,0.5063358217465997,0.17534903086121076,0.18034000610351375,0.8349936423766411
Elk County,vap_asian,uss_16_dem_mcg,0.503648619527473,0.1694204665035724,0.18047122507413663,0.8208962733077942
Elk County,vap_asian,uss_16_rep_too,0.4963513804725271,0.1694204665035724,0.17910372669220578,0.8195287749258634
Elk County,vap_aian,uss_16_dem_mcg,0.5009769089750855,0.18790502125937827,0.15107536857404594,0.8490720574421943
Elk County,vap_aian,uss_16_rep_too,0.4990230910249146,0.18790502125937827,0.15092794255780578,0.8489246314259541
Elk County,vap_oth_b,uss_16_dem_mcg,0.5288552965385488,0.16916358479330543,0.2111768742497024,0.8402608715757006
Elk County,vap_oth_b,uss_16_rep_too,0.4711447034614511,0.16916358479330543,0.1597391284242992,0.7888231257502974
Elk County,vap_white,atg_16_dem_sha,0.38407570092298615,0.00812560595678357,0.3683673591496137,0.4001888043790529
Elk County,vap_white,atg_16_rep_raf,0.6159242990770138,0.00812560595678357,0.5998111956209472,0.6316326408503863
Elk County,vap_black,atg_16_dem_sha,0.47538373446812887,0.18228760635151933,0.12057584151179392,0.813857095227452
Elk County,vap_black,atg_16_rep_raf,0.5246162655318711,0.18228760635151933,0.18614290477254783,0.879424158488206
Elk County,vap_hisp,atg_16_dem_sha,0.53687736045844,0.18877068569037428,0.19992684795922872,0.907593221249469
Elk County,vap_hisp,atg_16_rep_raf,0.4631226395415601,0.18877068569037428,0.09240677875053112,0.8000731520407715
Elk County,vap_asian,atg_16_dem_sha,0.516087456947606,0.16921068971801345,0.19052066907039164,0.8326405367905653
Elk County,vap_asian,atg_16_rep_raf,0.4839125430523939,0.16921068971801345,0.16735946320943462,0.8094793309296083
Elk County,vap_aian,atg_16_dem_sha,0.5027263006265502,0.1862158453813232,0.1588254184834968,0.8654763026422981
Elk County,vap_aian,atg_16_rep_raf,0.4972736993734498,0.1862158453813232,0.13452369735770184,0.8411745815165033
Elk County,vap_oth_b,atg_16_dem_sha,0.5121031245597187,0.1710635112640159,0.19084871013819113,0.8393169994116487
Elk County,vap_oth_b,atg_16_rep_raf,0.4878968754402812,0.1710635112640159,0.1606830005883512,0.8091512898618086
Elk County,vap_white,uss_18_dem_cas,0.41304827805157585,0.00873099617782468,0.39615427357915034,0.43030901583710207
Elk County,vap_white,uss_18_rep_bar,0.5869517219484242,0.00873099617782468,0.5696909841628979,0.6038457264208498
Elk County,vap_black,uss_18_dem_cas,0.5014208057015188,0.1804206209300368,0.17424105305035853,0.8557837745203142
Elk County,vap_black,uss_18_rep_bar,0.4985791942984812,0.1804206209300368,0.14421622547968563,0.8257589469496412
Elk County,vap_hisp,uss_18_dem_cas,0.495601095489457,0.17485995484841185,0.1631711182818127,0.8256280636430163
Elk County,vap_hisp,uss_18_rep_bar,0.5043989045105431,0.17485995484841185,0.17437193635698373,0.8368288817181874
Elk County,vap_asian,uss_18_dem_cas,0.4845532699204142,0.18709955403455455,0.13636961429561434,0.8290881192329561
Elk County,vap_asian,uss_18_rep_bar,0.5154467300795859,0.18709955403455455,0.17091188076704392,0.8636303857043857
Elk County,vap_aian,uss_18_dem_cas,0.4897617334918925,0.1878296072241247,0.1403074999705711,0.8390914140458822
Elk County,vap_aian,uss_18_rep_bar,0.5102382665081076,0.1878296072241247,0.1609085859541178,0.8596925000294288
Elk County,vap_oth_b,uss_18_dem_cas,0.5192490790488375,0.17784862433852464,0.16824151170671656,0.8271583300354424
Elk County,vap_oth_b,uss_18_rep_bar,0.48075092095116245,0.17784862433852464,0.1728416699645574,0.8317584882932835
Elk County,vap_white,gov_18_dem_wol,0.3867713136535165,0.00885498483341759,0.3699783916565431,0.40441901398654234
Elk County,vap_white,gov_18_rep_wag,0.6132286863464834,0.00885498483341759,0.5955809860134575,0.6300216083434569
Elk County,vap_black,gov_18_dem_wol,0.4983392982726824,0.18797372365801832,0.1341421063588513,0.8557947833859275
Elk County,vap_black,gov_18_rep_wag,0.5016607017273176,0.18797372365801832,0.1442052166140724,0.8658578936411487
Elk County,vap_hisp,gov_18_dem_wol,0.510540143505228,0.16698981928543943,0.19651376572608983,0.8165944142023495
Elk County,vap_hisp,gov_18_rep_wag,0.4894598564947721,0.1669898192854394,0.18340558579765065,0.8034862342739101
Elk County,vap_asian,gov_18_dem_wol,0.5002361591357462,0.18024085779132787,0.1338450396908463,0.8272452553511461
Elk County,vap_asian,gov_18_rep_wag,0.4997638408642539,0.18024085779132787,0.17275474464885393,0.8661549603091536
Elk County,vap_aian,gov_18_dem_wol,0.49398392798107393,0.18871997255003584,0.1356560405711843,0.849624497892343
Elk County,vap_aian,gov_18_rep_wag,0.5060160720189261,0.18871997255003584,0.15037550210765704,0.8643439594288158
Elk County,vap_oth_b,gov_18_dem_wol,0.5030382237957743,0.18466110558691284,0.12557009160561045,0.8313569188401554
Elk County,vap_oth_b,gov_18_rep_wag,0.4969617762042256,0.18466110558691284,0.16864308115984453,0.8744299083943894
Elk County,vap_white,pre_20_dem_bid,0.2662917332284324,0.00748770582524817,0.25203319762141324,0.2813352951530717
Elk County,vap_white,pre_20_rep_tru,0.7337082667715676,0.00748770582524817,0.7186647048469282,0.7479668023785868
Elk County,vap_black,pre_20_dem_bid,0.5022039546002807,0.16976373339267678,0.1785014111493764,0.817523293725419
Elk County,vap_black,pre_20_rep_tru,0.4977960453997194,0.16976373339267678,0.18247670627458093,0.8214985888506235
Elk County,vap_hisp,pre_20_dem_bid,0.5101157934318753,0.17131186249454955,0.1936945858899757,0.8432763176651499
Elk County,vap_hisp,pre_20_rep_tru,0.4898842065681248,0.17131186249454955,0.1567236823348501,0.8063054141100242
Elk County,vap_asian,pre_20_dem_bid,0.5380348834236767,0.20502022249721177,0.1703052785337123,0.9065022292676584
Elk County,vap_asian,pre_20_rep_tru,0.4619651165763233,0.20502022249721177,0.09349777073234147,0.8296947214662875
Elk County,vap_aian,pre_20_dem_bid,0.5095786853225764,0.18474719978334403,0.15581473600854653,0.852026619586437
Elk County,vap_aian,pre_20_rep_tru,0.4904213146774236,0.18474719978334403,0.1479733804135631,0.8441852639914534
Elk County,vap_oth_b,pre_20_dem_bid,0.5146189644588262,0.172371243034475,0.18073132743097295,0.8234361730904967
Elk County,vap_oth_b,pre_20_rep_tru,0.48538103554117384,0.172371243034475,0.17656382690950312,0.819268672569027
Elk County,vap_white,atg_20_dem_sha,0.3023405889200837,0.00764974576221203,0.2877334847701383,0.3179146578993442
Elk County,vap_white,atg_20_rep_hei,0.6976594110799164,0.00764974576221203,0.682085342100656,0.7122665152298617
Elk County,vap_black,atg_20_dem_sha,0.48015532134391065,0.1667713191316948,0.16504504198747366,0.8069358979348069
Elk County,vap_black,atg_20_rep_hei,0.5198446786560893,0.1667713191316948,0.19306410206519295,0.8349549580125262
Elk County,vap_hisp,atg_20_dem_sha,0.48815115866697967,0.18283235710896617,0.1377891367873823,0.8213755610240728
Elk County,vap_hisp,atg_20_rep_hei,0.5118488413330204,0.18283235710896617,0.1786244389759271,0.8622108632126178
Elk County,vap_asian,atg_20_dem_sha,0.5152233358655115,0.17478499265170191,0.16337037471939816,0.8336371076170772
Elk County,vap_asian,atg_20_rep_hei,0.4847766641344885,0.17478499265170191,0.16636289238292262,0.8366296252806018
Elk County,vap_aian,atg_20_dem_sha,0.5022174551705283,0.19376542069291677,0.1535304806861513,0.8698704682742546
Elk County,vap_aian,atg_20_rep_hei,0.4977825448294717,0.19376542069291677,0.13012953172574504,0.8464695193138487
Elk County,vap_oth_b,atg_20_dem_sha,0.5192865015213252,0.1680869357621618,0.18103500824602628,0.8261710682030873
Elk County,vap_oth_b,atg_20_rep_hei,0.4807134984786748,0.1680869357621618,0.1738289317969127,0.8189649917539737
Erie County,vap_white,pre_16_dem_cli,0.44516687341660144,0.00419149363538449,0.4374336024583695,0.4538032631622914
Erie County,vap_white,pre_16_rep_tru,0.5548331265833986,0.00419149363538449,0.5461967368377085,0.5625663975416305
Erie County,vap_black,pre_16_dem_cli,0.9340299748655668,0.01699376102661794,0.8957460967146872,0.9627525440747422
Erie County,vap_black,pre_16_rep_tru,0.06597002513443327,0.01699376102661794,0.03724745592525764,0.10425390328531275
Erie County,vap_hisp,pre_16_dem_cli,0.89380452716806,0.03333464267293891,0.8207063867918731,0.946548234303746
Erie County,vap_hisp,pre_16_rep_tru,0.10619547283193996,0.03333464267293891,0.05345176569625391,0.17929361320812676
Erie County,vap_asian,pre_16_dem_cli,0.883601530611877,0.04479495226597374,0.7777619669469275,0.9497258885750662
Erie County,vap_asian,pre_16_rep_tru,0.11639846938812294,0.04479495226597374,0.0502741114249336,0.22223803305307255
Erie County,vap_aian,pre_16_dem_cli,0.4948776311109985,0.1721226353756108,0.17857313714983114,0.8239821312169312
Erie County,vap_aian,pre_16_rep_tru,0.5051223688890014,0.1721226353756108,0.1760178687830687,0.8214268628501686
Erie County,vap_oth_b,pre_16_dem_cli,0.8260715892482451,0.06599668318149987,0.667023434346145,0.92069805051041
Erie County,vap_oth_b,pre_16_rep_tru,0.17392841075175491,0.06599668318149987,0.07930194948958999,0.33297656565385503
Erie County,vap_white,uss_16_dem_mcg,0.43512032429711395,0.004873339943172,0.4265381043159721,0.4459163315012789
Erie County,vap_white,uss_16_rep_too,0.564879675702886,0.004873339943172,0.5540836684987211,0.5734618956840278
Erie County,vap_black,uss_16_dem_mcg,0.9454283046072212,0.01646936243662646,0.9078821882707948,0.9726015245227644
Erie County,vap_black,uss_16_rep_too,0.05457169539277881,0.01646936243662646,0.02739847547723558,0.092117811729205
Erie County,vap_hisp,uss_16_dem_mcg,0.9086736528816892,0.0319328912728663,0.8319896227332078,0.9577725953098464
Erie County,vap_hisp,uss_16_rep_too,0.09132634711831082,0.0319328912728663,0.04222740469015366,0.1680103772667922
Erie County,vap_asian,uss_16_dem_mcg,0.8429085742229876,0.06207785528019333,0.7032707004648273,0.9364084441352986
Erie County,vap_asian,uss_16_rep_too,0.15709142577701235,0.06207785528019333,0.06359155586470133,0.29672929953517274
Erie County,vap_aian,uss_16_dem_mcg,0.5167087613068816,0.1617916595796947,0.2254684723927921,0.8141902493871179
Erie County,vap_aian,uss_16_rep_too,0.4832912386931183,0.1617916595796947,0.185809750612882,0.7745315276072078
Erie County,vap_oth_b,uss_16_dem_mcg,0.8143899920288816,0.07494681570889006,0.6317970743509773,0.9246627276381876
Erie County,vap_oth_b,uss_16_rep_too,0.1856100079711184,0.07494681570889006,0.0753372723618124,0.36820292564902246
Erie County,vap_white,atg_16_dem_sha,0.4716030029813389,0.00405838440725947,0.46454680732934694,0.4805648961776075
Erie County,vap_white,atg_16_rep_raf,0.5283969970186612,0.00405838440725947,0.5194351038223924,0.53545319267065306
Erie County,vap_black,atg_16_dem_sha,0.9497734801215634,0.01432768074220482,0.9174563356179856,0.973376423885142
Erie County,vap_black,atg_16_rep_raf,0.0502265198784366,0.01432768074220482,0.02662357611485782,0.08254366438201445
Erie County,vap_hisp,atg_16_dem_sha,0.921449995858024,0.02412875194655691,0.8657419582504209,0.9596130601470326
Erie County,vap_hisp,atg_16_rep_raf,0.07855000414197591,0.02412875194655691,0.04038693985296727,0.13425804174957906
Erie County,vap_asian,atg_16_dem_sha,0.9043820266109494,0.03484967334468432,0.8236465761018724,0.9562063590223834
Erie County,vap_asian,atg_16_rep_raf,0.09561797338905052,0.03484967334468432,0.04379364097761654,0.17635342389812744
Erie County,vap_aian,atg_16_dem_sha,0.4914374380740421,0.1405422061689348,0.2369511925152199,0.7837258007511961
Erie County,vap_aian,atg_16_rep_raf,0.5085625619259578,0.1405422061689348,0.21627419924880367,0.76304880748478
Erie County,vap_oth_b,atg_16_dem_sha,0.8084608111827158,0.07076242095987231,0.6453003806872925,0.9162371952217012
Erie County,vap_oth_b,atg_16_rep_raf,0.1915391888172841,0.07076242095987231,0.08376280477829871,0.3546996193127074
Erie County,vap_white,uss_18_dem_cas,0.5679363947078923,0.00447447542678941,0.5597553919009542,0.5773530291892818
Erie County,vap_white,uss_18_rep_bar,0.4320636052921077,0.00447447542678941,0.4226469708107182,0.4402446080990456
Erie County,vap_black,uss_18_dem_cas,0.948153227065634,0.01513762283375699,0.9143855004361116,0.9737404325319666
Erie County,vap_black,uss_18_rep_bar,0.05184677293436601,0.01513762283375699,0.02625956746803329,0.08561449956388811
Erie County,vap_hisp,uss_18_dem_cas,0.8959163278269486,0.03103863074954226,0.8274807641349284,0.9473859318760594
Erie County,vap_hisp,uss_18_rep_bar,0.10408367217305134,0.03103863074954227,0.05261406812394063,0.17251923586507154
Erie County,vap_asian,uss_18_dem_cas,0.8350932345161288,0.05942654845829992,0.7014239475049824,0.9251575517405168
Erie County,vap_asian,uss_18_rep_bar,0.16490676548387118,0.05942654845829992,0.07484244825948312,0.2985760524950175
Erie County,vap_aian,uss_18_dem_cas,0.4662536032567901,0.1654771144230539,0.15728158168928288,0.7744284110275046
Erie County,vap_aian,uss_18_rep_bar,0.5337463967432099,0.1654771144230539,0.2255715889724952,0.8427184183107169
Erie County,vap_oth_b,uss_18_dem_cas,0.8289376765801669,0.07099904425968268,0.6543079992639668,0.9279036663924703
Erie County,vap_oth_b,uss_18_rep_bar,0.17106232341983305,0.07099904425968268,0.07209633360752948,0.34569200073603323
Erie County,vap_white,gov_18_dem_wol,0.5776351716293602,0.00487256224142268,0.5693770218967629,0.5884520802128796
Erie County,vap_white,gov_18_rep_wag,0.42236482837063977,0.00487256224142268,0.4115479197871203,0.43062297810323696
Erie County,vap_black,gov_18_dem_wol,0.9425538313889592,0.01722453181580357,0.9038259733676082,0.9696323843900952
Erie County,vap_black,gov_18_rep_wag,0.05744616861104083,0.01722453181580357,0.03036761560990468,0.0961740266323919
Erie County,vap_hisp,gov_18_dem_wol,0.914284437976149,0.02672217296761722,0.8504055044005563,0.955193894693822
Erie County,vap_hisp,gov_18_rep_wag,0.08571556202385099,0.02672217296761722,0.044806105306178,0.1495944955994437
Erie County,vap_asian,gov_18_dem_wol,0.8365885839553608,0.06659645949594105,0.6748939339652018,0.9314728082715756
Erie County,vap_asian,gov_18_rep_wag,0.1634114160446391,0.06659645949594105,0.06852719172842432,0.3251060660347982
Erie County,vap_aian,gov_18_dem_wol,0.5542958542253662,0.18102309012856235,0.2322249571230813,0.8655823999417743
Erie County,vap_aian,gov_18_rep_wag,0.44570414577463374,0.18102309012856235,0.13441760005822542,0.7677750428769187
Erie County,vap_oth_b,gov_18_dem_wol,0.8429799638493682,0.07567055189783545,0.6504908908166963,0.9355490314315448
Erie County,vap_oth_b,gov_18_rep_wag,0.1570200361506317,0.07567055189783545,0.06445096856845504,0.34950910918330375
Erie County,vap_white,pre_20_dem_bid,0.4640946799339687,0.00674127411656325,0.4534346084378073,0.4792978367074054
Erie County,vap_white,pre_20_rep_tru,0.5359053200660313,0.00674127411656325,0.5207021632925944,0.5465653915621926
Erie County,vap_black,pre_20_dem_bid,0.9272881131286564,0.01884257266621444,0.8859567238975404,0.9589686839024976
Erie County,vap_black,pre_20_rep_tru,0.07271188687134347,0.01884257266621444,0.04103131609750223,0.11404327610245953
Erie County,vap_hisp,pre_20_dem_bid,0.8837361323961689,0.04489086745419751,0.7783097865187881,0.9509494290594744
Erie County,vap_hisp,pre_20_rep_tru,0.11626386760383106,0.04489086745419751,0.04905057094052545,0.22169021348121185
Erie County,vap_asian,pre_20_dem_bid,0.7999715282699613,0.08151431603063666,0.614643682266575,0.9215514622936546
Erie County,vap_asian,pre_20_rep_tru,0.2000284717300386,0.08151431603063666,0.07844853770634524,0.3853563177334248
Erie County,vap_aian,pre_20_dem_bid,0.5123006105502839,0.1666857050061152,0.1810763480874832,0.8073043319695028
Erie County,vap_aian,pre_20_rep_tru,0.4876993894497161,0.1666857050061152,0.19269566803049704,0.8189236519125167
Erie County,vap_oth_b,pre_20_dem_bid,0.7675236834747002,0.12195425469229264,0.45489705380502626,0.9257323736443676
Erie County,vap_oth_b,pre_20_rep_tru,0.23247631652529985,0.12195425469229264,0.07426762635563235,0.5451029461949736
Erie County,vap_white,atg_20_dem_sha,0.5026338561519801,0.00581768356963339,0.4929685569536408,0.5148106227034421
Erie County,vap_white,atg_20_rep_hei,0.4973661438480199,0.00581768356963339,0.4851893772965579,0.5070314430463592
Erie County,vap_black,atg_20_dem_sha,0.9234028889408636,0.01868723307024095,0.8842728849147173,0.9567101359328763
Erie County,vap_black,atg_20_rep_hei,0.07659711105913633,0.01868723307024095,0.04328986406712344,0.1157271150852826
Erie County,vap_hisp,atg_20_dem_sha,0.8743225048388886,0.04465623667756593,0.77183237927863,0.9415143945511828
Erie County,vap_hisp,atg_20_rep_hei,0.12567749516111135,0.04465623667756593,0.05848560544881703,0.2281676207213699
Erie County,vap_asian,atg_20_dem_sha,0.7993062530446798,0.07537102187880862,0.6239533001851526,0.9123230720026884
Erie County,vap_asian,atg_20_rep_hei,0.2006937469553201,0.07537102187880862,0.08767692799731171,0.3760466998148472
Erie County,vap_aian,atg_20_dem_sha,0.4653888347114458,0.15213554693715528,0.1912478376035616,0.7676055266008512
Erie County,vap_aian,atg_20_rep_hei,0.5346111652885541,0.15213554693715528,0.23239447339914865,0.8087521623964383
Erie County,vap_oth_b,atg_20_dem_sha,0.8273854501524097,0.09577390741167116,0.6046412425355268,0.9469876699774532
Erie County,vap_oth_b,atg_20_rep_hei,0.1726145498475903,0.09577390741167116,0.0530123300225467,0.39535875746447313
Fayette County,vap_white,pre_16_dem_cli,0.3182661543273623,0.00654340326505377,0.3067101676921511,0.332232424527036
Fayette County,vap_white,pre_16_rep_tru,0.6817338456726377,0.00654340326505377,0.6677675754729642,0.6932898323078489
Fayette County,vap_black,pre_16_dem_cli,0.8554582979196582,0.06403013859987455,0.6876301448033847,0.9450830388695692
Fayette County,vap_black,pre_16_rep_tru,0.14454170208034173,0.06403013859987455,0.05491696113043065,0.3123698551966152
Fayette County,vap_hisp,pre_16_dem_cli,0.5407810642694775,0.16622860389868932,0.20691706376982044,0.832412231354462
Fayette County,vap_hisp,pre_16_rep_tru,0.4592189357305226,0.16622860389868932,0.16758776864553798,0.7930829362301793
Fayette County,vap_asian,pre_16_dem_cli,0.5149271436455012,0.16119403221567433,0.2071425642207694,0.8213267035485903
Fayette County,vap_asian,pre_16_rep_tru,0.48507285635449887,0.16119403221567433,0.17867329645140975,0.7928574357792305
Fayette County,vap_aian,pre_16_dem_cli,0.4806839220844484,0.16993672034458668,0.1706205399479187,0.8209748505704484
Fayette County,vap_aian,pre_16_rep_tru,0.5193160779155516,0.16993672034458668,0.17902514942955128,0.8293794600520813
Fayette County,vap_oth_b,pre_16_dem_cli,0.6757061865701532,0.12969024902195803,0.4041343400053965,0.8773444079810594
Fayette County,vap_oth_b,pre_16_rep_tru,0.32429381342984676,0.12969024902195803,0.12265559201894076,0.5958656599946035
Fayette County,vap_white,uss_16_dem_mcg,0.3915661307241843,0.00701923607572497,0.37921005333078867,0.4057592554235919
Fayette County,vap_white,uss_16_rep_too,0.6084338692758158,0.00701923607572497,0.5942407445764082,0.6207899466692114
Fayette County,vap_black,uss_16_dem_mcg,0.8901792624981403,0.05613444583957633,0.7583507337774756,0.969567174813766
Fayette County,vap_black,uss_16_rep_too,0.10982073750185972,0.05613444583957633,0.03043282518623407,0.24164926622252433
Fayette County,vap_hisp,uss_16_dem_mcg,0.5438933998441997,0.1452553410195161,0.2715622719385164,0.821841873456475
Fayette County,vap_hisp,uss_16_rep_too,0.45610660015580035,0.1452553410195161,0.17815812654352495,0.7284377280614837
Fayette County,vap_asian,uss_16_dem_mcg,0.4732380081883857,0.1691277747388251,0.17077767788932613,0.8039598378839825
Fayette County,vap_asian,uss_16_rep_too,0.5267619918116143,0.1691277747388251,0.19604016211601735,0.8292223221106736
Fayette County,vap_aian,uss_16_dem_mcg,0.5150105939293463,0.1787281188140573,0.18965146363967683,0.8541084768136772
Fayette County,vap_aian,uss_16_rep_too,0.48498940607065366,0.1787281188140573,0.14589152318632265,0.810348536360323
Fayette County,vap_oth_b,uss_16_dem_mcg,0.6513417625276201,0.13821669592680172,0.35408430555194004,0.8781180120843742
Fayette County,vap_oth_b,uss_16_rep_too,0.34865823747237995,0.13821669592680172,0.12188198791562586,0.64591569444806
Fayette County,vap_white,atg_16_dem_sha,0.4442586303838038,0.00719087083135875,0.431147166833436,0.45932919870841554
Fayette County,vap_white,atg_16_rep_raf,0.5557413696161962,0.00719087083135875,0.5406708012915846,0.5688528331665641
Fayette County,vap_black,atg_16_dem_sha,0.8613607027174209,0.053425289046181,0.7369534200402188,0.9447770457185952
Fayette County,vap_black,atg_16_rep_raf,0.1386392972825791,0.053425289046181,0.05522295428140467,0.2630465799597812
Fayette County,vap_hisp,atg_16_dem_sha,0.5905376825587079,0.16296702037527858,0.27374263214566,0.882215489452858
Fayette County,vap_hisp,atg_16_rep_raf,0.40946231744129213,0.16296702037527858,0.11778451054714184,0.7262573678543399
Fayette County,vap_asian,atg_16_dem_sha,0.48567542484105686,0.16975608773487644,0.16176165732269002,0.8033512291700671
Fayette County,vap_asian,atg_16_rep_raf,0.5143245751589431,0.16975608773487644,0.19664877082993296,0.8382383426773101
Fayette County,vap_aian,atg_16_dem_sha,0.49821916028892194,0.17505939580169774,0.1678011655953518,0.8151983628072514
Fayette County,vap_aian,atg_16_rep_raf,0.501780839711078,0.17505939580169774,0.18480163719274828,0.832198834404648
Fayette County,vap_oth_b,atg_16_dem_sha,0.6127040756159943,0.1401259423084206,0.3211343716190945,0.8479059482893205
Fayette County,vap_oth_b,atg_16_rep_raf,0.3872959243840058,0.1401259423084206,0.15209405171067936,0.6788656283809055
Fayette County,vap_white,uss_18_dem_cas,0.4819962671703827,0.00773104562318259,0.4682121909897771,0.4982673804127341
Fayette County,vap_white,uss_18_rep_bar,0.5180037328296173,0.00773104562318259,0.5017326195872658,0.5317878090102229
Fayette County,vap_black,uss_18_dem_cas,0.860286648081492,0.05296055222653121,0.7395537437416805,0.9439488181071256
Fayette County,vap_black,uss_18_rep_bar,0.139713351918508,0.05296055222653121,0.05605118189287435,0.2604462562583194
Fayette County,vap_hisp,uss_18_dem_cas,0.5566642718487099,0.14213852808247696,0.27342419753436215,0.8159986053736806
Fayette County,vap_hisp,uss_18_rep_bar,0.4433357281512902,0.14213852808247696,0.1840013946263192,0.7265758024656378
Fayette County,vap_asian,uss_18_dem_cas,0.5134674603653235,0.18971869503171912,0.14922586123897172,0.8656131550869448
Fayette County,vap_asian,uss_18_rep_bar,0.4865325396346765,0.18971869503171912,0.13438684491305522,0.8507741387610283
Fayette County,vap_aian,uss_18_dem_cas,0.4846905242994926,0.18221582359340172,0.14827105123415263,0.8137448381685551
Fayette County,vap_aian,uss_18_rep_bar,0.5153094757005073,0.18221582359340172,0.18625516183144483,0.8517289487658473
Fayette County,vap_oth_b,uss_18_dem_cas,0.6153383008840222,0.1525220293326177,0.26633153651603925,0.8561930286946177
Fayette County,vap_oth_b,uss_18_rep_bar,0.3846616991159778,0.1525220293326177,0.14380697130538236,0.7336684634839604
Fayette County,vap_white,gov_18_dem_wol,0.48237794885054647,0.00721906062722689,0.46900460498390617,0.4974184100070771
Fayette County,vap_white,gov_18_rep_wag,0.5176220511494536,0.00721906062722689,0.5025815899929228,0.5309953950160938
Fayette County,vap_black,gov_18_dem_wol,0.874733027837185,0.05673973514494853,0.7358406039103701,0.9534270304056988
Fayette County,vap_black,gov_18_rep_wag,0.12526697216281496,0.05673973514494853,0.0465729695943013,0.26415939608963
Fayette County,vap_hisp,gov_18_dem_wol,0.5545933356472087,0.16042160586595025,0.22774147750976248,0.8430130266303231
Fayette County,vap_hisp,gov_18_rep_wag,0.4454066643527913,0.16042160586595025,0.156986973369677,0.7722585224902375
Fayette County,vap_asian,gov_18_dem_wol,0.48186358253934647,0.18138860948616256,0.14009678127659544,0.8181271840526538
Fayette County,vap_asian,gov_18_rep_wag,0.5181364174606535,0.18138860948616256,0.18187281594734575,0.8599032187234045
Fayette County,vap_aian,gov_18_dem_wol,0.5268349463202817,0.1819115853104131,0.2132690782220954,0.8799865635721535
Fayette County,vap_aian,gov_18_rep_wag,0.47316505367971823,0.1819115853104131,0.12001343642784625,0.7867309217779045
Fayette County,vap_oth_b,gov_18_dem_wol,0.6345660722598635,0.12821729763983972,0.3645747756368377,0.8565568741995533
Fayette County,vap_oth_b,gov_18_rep_wag,0.3654339277401365,0.12821729763983972,0.14344312580044674,0.6354252243631623
Fayette County,vap_white,pre_20_dem_bid,0.3071524425812084,0.007273094192557,0.2947735250318495,0.3226611850222185
Fayette County,vap_white,pre_20_rep_tru,0.6928475574187917,0.007273094192557,0.6773388149777815,0.7052264749681506
Fayette County,vap_black,pre_20_dem_bid,0.8330537858504136,0.06050126268444186,0.6966294811085054,0.9309626863346352
Fayette County,vap_black,pre_20_rep_tru,0.1669462141495864,0.06050126268444186,0.06903731366536484,0.30337051889149425
Fayette County,vap_hisp,pre_20_dem_bid,0.5412094328709861,0.16914105860243875,0.1913381676307528,0.8263912400126676
Fayette County,vap_hisp,pre_20_rep_tru,0.4587905671290139,0.16914105860243875,0.17360875998733252,0.808661832369247
Fayette County,vap_asian,pre_20_dem_bid,0.521862251036811,0.16824744645716402,0.21216011273397917,0.8441923388386204
Fayette County,vap_asian,pre_20_rep_tru,0.478137748963189,0.16824744645716402,0.1558076611613795,0.7878398872660208
Fayette County,vap_aian,pre_20_dem_bid,0.5068287859244289,0.16198141085193649,0.2059476141557488,0.8022980960303199
Fayette County,vap_aian,pre_20_rep_tru,0.493171214075571,0.16198141085193649,0.19770190396968007,0.7940523858442512
Fayette County,vap_oth_b,pre_20_dem_bid,0.6595988225168414,0.13958562366659538,0.3451429842945286,0.8733513533718616
Fayette County,vap_oth_b,pre_20_rep_tru,0.3404011774831586,0.13958562366659538,0.12664864662813838,0.6548570157054713
Fayette County,vap_white,atg_20_dem_sha,0.3928761662075177,0.00684604223110269,0.380710585361378,0.40771849317173986
Fayette County,vap_white,atg_20_rep_hei,0.6071238337924824,0.00684604223110269,0.5922815068282602,0.6192894146386221
Fayette County,vap_black,atg_20_dem_sha,0.8470282941678192,0.06405342893322105,0.7026585309732467,0.9432240544211736
Fayette County,vap_black,atg_20_rep_hei,0.15297170583218078,0.06405342893322105,0.0567759455788262,0.2973414690267531
Fayette County,vap_hisp,atg_20_dem_sha,0.5916956567931432,0.16760780094850222,0.22454811426312696,0.8857231481914016
Fayette County,vap_hisp,atg_20_rep_hei,0.4083043432068569,0.16760780094850222,0.1142768518085984,0.7754518857368728
Fayette County,vap_asian,atg_20_dem_sha,0.49656393578030833,0.19053876760993216,0.16090862951447082,0.8698721031299185
Fayette County,vap_asian,atg_20_rep_hei,0.5034360642196917,0.19053876760993216,0.13012789687008158,0.8390913704855291
Fayette County,vap_aian,atg_20_dem_sha,0.4995280731287629,0.16918347537900294,0.19605586932888977,0.837221789545981
Fayette County,vap_aian,atg_20_rep_hei,0.5004719268712371,0.16918347537900294,0.162778210454019,0.8039441306711101
Fayette County,vap_oth_b,atg_20_dem_sha,0.69793048490884535,0.13296470765606497,0.408910308591431,0.9097799078094384
Fayette County,vap_oth_b,atg_20_rep_hei,0.30206951509115465,0.13296470765606497,0.0902200921905617,0.591089691408569
Forest County,vap_white,pre_16_dem_cli,0.25715227575933647,0.01488091105685711,0.22866471394066967,0.28655228132954585
Forest County,vap_white,pre_16_rep_tru,0.7428477242406636,0.01488091105685711,0.7134477186704543,0.7713352860593304
Forest County,vap_black,pre_16_dem_cli,0.33167025968714575,0.18893021921493716,0.02028826833209969,0.6984830100281877
Forest County,vap_black,pre_16_rep_tru,0.6683297403128542,0.18893021921493716,0.3015169899718122,0.9797117316679004
Forest County,vap_hisp,pre_16_dem_cli,0.47284979778339264,0.2188671350107468,0.08283098532381167,0.8845720573965785
Forest County,vap_hisp,pre_16_rep_tru,0.5271502022166074,0.2188671350107468,0.11542794260342132,0.9171690146761884
Forest County,vap_asian,pre_16_dem_cli,0.5026025382014507,0.21930506488346332,0.10332139347405622,0.9076203264089362
Forest County,vap_asian,pre_16_rep_tru,0.49739746179854927,0.21930506488346332,0.09237967359106362,0.8966786065259438
Forest County,vap_aian,pre_16_dem_cli,0.4867745975288238,0.27768570631036055,0.01560850282689387,0.9688108918960712
Forest County,vap_aian,pre_16_rep_tru,0.5132254024711762,0.27768570631036055,0.03118910810392911,0.984391497173106
Forest County,vap_oth_b,pre_16_dem_cli,0.5087716585036534,0.1873540679478389,0.1539144972172573,0.8640648426737885
Forest County,vap_oth_b,pre_16_rep_tru,0.4912283414963466,0.1873540679478389,0.13593515732621136,0.8460855027827423
Forest County,vap_white,uss_16_dem_mcg,0.30659232357545785,0.01607042373367904,0.27552118969693673,0.33833244824608183
Forest County,vap_white,uss_16_rep_too,0.6934076764245423,0.01607042373367904,0.6616675517539183,0.7244788103030634
Forest County,vap_black,uss_16_dem_mcg,0.4165079446227049,0.21524195078460293,0.04562080078462878,0.8196391495114166
Forest County,vap_black,uss_16_rep_too,0.5834920553772951,0.21524195078460293,0.1803608504885832,0.954379199215371
Forest County,vap_hisp,uss_16_dem_mcg,0.4882065447229873,0.21326030782898067,0.10516232463278874,0.8796734505846538
Forest County,vap_hisp,uss_16_rep_too,0.5117934552770127,0.21326030782898067,0.12032654941534612,0.894837675367211
Forest County,vap_asian,uss_16_dem_mcg,0.4902693670947876,0.2190276376312729,0.09433462346686916,0.8875914825363284
Forest County,vap_asian,uss_16_rep_too,0.5097306329052124,0.2190276376312729,0.11240851746367152,0.9056653765331308
Forest County,vap_aian,uss_16_dem_mcg,0.5057308815538625,0.2714060066745167,0.02909992289605334,0.9732450725744214
Forest County,vap_aian,uss_16_rep_too,0.4942691184461375,0.2714060066745167,0.02675492742557851,0.9709000771039468
Forest County,vap_oth_b,uss_16_dem_mcg,0.5113321123219292,0.18478953763960204,0.16823703024204725,0.8626981123571527
Forest County,vap_oth_b,uss_16_rep_too,0.4886678876780707,0.18478953763960204,0.13730188764284704,0.8317629697579527
Forest County,vap_white,atg_16_dem_sha,0.3215770317283572,0.01588434534996803,0.2906925328812263,0.3521603269559883
Forest County,vap_white,atg_16_rep_raf,0.678422968271643,0.01588434534996803,0.6478396730440118,0.7093074671187738
Forest County,vap_black,atg_16_dem_sha,0.44545632029868193,0.2164200867808531,0.05966068456686142,0.8600636461333588
Forest County,vap_black,atg_16_rep_raf,0.554543679701318,0.2164200867808531,0.1399363538666411,0.9403393154331384
Forest County,vap_hisp,atg_16_dem_sha,0.48975719490090686,0.2151930437118655,0.10128020454340712,0.8833016806898879
Forest County,vap_hisp,atg_16_rep_raf,0.5102428050990931,0.2151930437118655,0.11669831931011192,0.8987197954565929
Forest County,vap_asian,atg_16_dem_sha,0.5052751199150146,0.21990121639453972,0.09547867471738912,0.9011620569125556
Forest County,vap_asian,atg_16_rep_raf,0.4947248800849854,0.21990121639453972,0.09883794308744416,0.9045213252826108
Forest County,vap_aian,atg_16_dem_sha,0.501288254771325,0.27323107350963916,0.02743955777671915,0.9723877877252388
Forest County,vap_aian,atg_16_rep_raf,0.498711745228675,0.27323107350963916,0.02761221227476138,0.972560442223281
Forest County,vap_oth_b,atg_16_dem_sha,0.5129834456004126,0.17985151685789214,0.16841648477620555,0.8436779028914418
Forest County,vap_oth_b,atg_16_rep_raf,0.4870165543995873,0.17985151685789214,0.15632209710855813,0.8315835152237944
Forest County,vap_white,uss_18_dem_cas,0.34880603963429857,0.01713710532399746,0.3155122684636931,0.38258599110673486
Forest County,vap_white,uss_18_rep_bar,0.6511939603657015,0.01713710532399746,0.6174140088932654,0.6844877315363068
Forest County,vap_black,uss_18_dem_cas,0.4368075762615079,0.21569264113465775,0.05659516673149427,0.8578425423609436
Forest County,vap_black,uss_18_rep_bar,0.563192423738492,0.21569264113465775,0.1421574576390561,0.9434048332685054
Forest County,vap_hisp,uss_18_dem_cas,0.48509713038115904,0.21568052530030915,0.10433224351708012,0.883804007154324
Forest County,vap_hisp,uss_18_rep_bar,0.514902869618841,0.21568052530030915,0.11619599284567594,0.8956677564829199
Forest County,vap_asian,uss_18_dem_cas,0.5056449767674187,0.22049909275742985,0.094932603270704,0.895287030939087
Forest County,vap_asian,uss_18_rep_bar,0.494355023232581,0.22049909275742985,0.10471296906091249,0.9050673967292958
Forest County,vap_aian,uss_18_dem_cas,0.4905838367259598,0.27657935350036295,0.0253244840329506,0.9761133407809272
Forest County,vap_aian,uss_18_rep_bar,0.5094161632740402,0.27657935350036295,0.02388665921907271,0.9746755159670492
Forest County,vap_oth_b,uss_18_dem_cas,0.4926224655234035,0.18094520094547537,0.1598119058300517,0.8388789300350824
Forest County,vap_oth_b,uss_18_rep_bar,0.5073775344765964,0.18094520094547537,0.1611210699649174,0.8401880941699481
Forest County,vap_white,gov_18_dem_wol,0.3673487955906954,0.0178570264908126,0.33268120218930125,0.40217207094653373
Forest County,vap_white,gov_18_rep_wag,0.6326512044093048,0.0178570264908126,0.5978279290534663,0.667318797810699
Forest County,vap_black,gov_18_dem_wol,0.4816565948482259,0.24099659094684953,0.05445919928285951,0.9152324787160856
Forest County,vap_black,gov_18_rep_wag,0.518343405151774,0.24099659094684953,0.08476752128391422,0.9455408007171404
Forest County,vap_hisp,gov_18_dem_wol,0.5005389646680038,0.21380169531928112,0.1104437346691635,0.885792775151523
Forest County,vap_hisp,gov_18_rep_wag,0.49946103533199615,0.21380169531928112,0.11420722484847708,0.8895562653308364
Forest County,vap_asian,gov_18_dem_wol,0.49390745875758696,0.22082048285272543,0.10055021470002412,0.9025965017750522
Forest County,vap_asian,gov_18_rep_wag,0.506092541242413,0.22082048285272543,0.09740349822494752,0.8994497852999757
Forest County,vap_aian,gov_18_dem_wol,0.4948776745596137,0.2758308769650731,0.02469407524283842,0.9687525364377486
Forest County,vap_aian,gov_18_rep_wag,0.5051223254403863,0.2758308769650731,0.0312474635622513,0.9753059247571616
Forest County,vap_oth_b,gov_18_dem_wol,0.5195061147133334,0.1866008705215208,0.16325102953069548,0.8657512311266873
Forest County,vap_oth_b,gov_18_rep_wag,0.48049388528666653,0.1866008705215208,0.13424876887331247,0.8367489704693044
Forest County,vap_white,pre_20_dem_bid,0.26025195320481614,0.0140880254024534,0.23294935784941445,0.2883173370936856
Forest County,vap_white,pre_20_rep_tru,0.739748046795184,0.0140880254024534,0.7116826629063144,0.7670506421505855
Forest County,vap_black,pre_20_dem_bid,0.3737231695152355,0.1926686211314382,0.03884720548819775,0.7222655853471883
Forest County,vap_black,pre_20_rep_tru,0.6262768304847645,0.1926686211314382,0.2777344146528115,0.9611527945118022
Forest County,vap_hisp,pre_20_dem_bid,0.48411055999555413,0.21323246101789556,0.10652275139634988,0.8890228877902504
Forest County,vap_hisp,pre_20_rep_tru,0.5158894400044458,0.21323246101789556,0.11097711220974944,0.8934772486036502
Forest County,vap_asian,pre_20_dem_bid,0.4898380774142614,0.2168419238032213,0.0977408481141494,0.8909941880702507
Forest County,vap_asian,pre_20_rep_tru,0.5101619225857386,0.2168419238032213,0.10900581192974916,0.9022591518858504
Forest County,vap_aian,pre_20_dem_bid,0.5185506336753033,0.2739707015079578,0.03207162035566025,0.9709235251142152
Forest County,vap_aian,pre_20_rep_tru,0.4814493663246967,0.2739707015079578,0.02907647488578467,0.9679283796443396
Forest County,vap_oth_b,pre_20_dem_bid,0.4966012772775546,0.1816672322743441,0.15277726863726604,0.8404637281154161
Forest County,vap_oth_b,pre_20_rep_tru,0.5033987227224452,0.1816672322743441,0.1595362718845838,0.847222731362734
Forest County,vap_white,atg_20_dem_sha,0.3216033963981639,0.01516127499476569,0.2917511175125507,0.35120607075646526
Forest County,vap_white,atg_20_rep_hei,0.6783966036018363,0.01516127499476569,0.6487939292435349,0.7082488824874494
Forest County,vap_black,atg_20_dem_sha,0.37182096553756866,0.19761847947483935,0.04089447946828874,0.7596171340786758
Forest County,vap_black,atg_20_rep_hei,0.6281790344624313,0.19761847947483935,0.24038286592132413,0.9591055205317112
Forest County,vap_hisp,atg_20_dem_sha,0.4935340023042564,0.22203594199581564,0.10485617100047664,0.9044976119675896
Forest County,vap_hisp,atg_20_rep_hei,0.5064659976957436,0.22203594199581564,0.09550238803241028,0.8951438289995232
Forest County,vap_asian,atg_20_dem_sha,0.49236534811346305,0.2222899491455755,0.09933103290207042,0.9047016037972326
Forest County,vap_asian,atg_20_rep_hei,0.5076346518865369,0.2222899491455755,0.09529839620276724,0.9006689670979294
Forest County,vap_aian,atg_20_dem_sha,0.5026558539318626,0.2754087382933209,0.02895520625471025,0.9757984351830856
Forest County,vap_aian,atg_20_rep_hei,0.4973441460681374,0.2754087382933209,0.02420156481691405,0.9710447937452896
Forest County,vap_oth_b,atg_20_dem_sha,0.5054450941372591,0.1802796134234048,0.16679907384374637,0.8438506390467815
Forest County,vap_oth_b,atg_20_rep_hei,0.4945549058627408,0.1802796134234048,0.15614936095321838,0.8332009261562535
Franklin County,vap_white,pre_16_dem_cli,0.1930383190677393,0.00703228492250136,0.1805020724572888,0.20738100303424264
Franklin County,vap_white,pre_16_rep_tru,0.8069616809322606,0.00703228492250136,0.7926189969657572,0.8194979275427111
Franklin County,vap_black,pre_16_dem_cli,0.7386059718756446,0.12419591028874596,0.43750404417702826,0.91329239905035
Franklin County,vap_black,pre_16_rep_tru,0.2613940281243554,0.12419591028874596,0.08670760094965012,0.5624959558229717
Franklin County,vap_hisp,pre_16_dem_cli,0.8268423390992018,0.06706767543202484,0.6753378734788014,0.9312234139063472
Franklin County,vap_hisp,pre_16_rep_tru,0.1731576609007982,0.06706767543202484,0.0687765860936529,0.3246621265211985
Franklin County,vap_asian,pre_16_dem_cli,0.5375363939723651,0.16033763069477952,0.2187454749211438,0.8227367883729303
Franklin County,vap_asian,pre_16_rep_tru,0.462463606027635,0.16033763069477952,0.17726321162706968,0.7812545250788563
Franklin County,vap_aian,pre_16_dem_cli,0.5210182842483831,0.1682823881115682,0.19489671313541324,0.842622249603709
Franklin County,vap_aian,pre_16_rep_tru,0.47898171575161697,0.1682823881115682,0.15737775039629098,0.8051032868645868
Franklin County,vap_oth_b,pre_16_dem_cli,0.6286688995376395,0.15641050205427542,0.3308088684131627,0.8891616225434078
Franklin County,vap_oth_b,pre_16_rep_tru,0.3713311004623604,0.15641050205427542,0.11083837745659206,0.6691911315868372
Franklin County,vap_white,uss_16_dem_mcg,0.20827081732862576,0.00699620089121617,0.19555867737730023,0.22329136807073824
Franklin County,vap_white,uss_16_rep_too,0.7917291826713742,0.00699620089121617,0.7767086319292617,0.8044413226226996
Franklin County,vap_black,uss_16_dem_mcg,0.7092314832469716,0.1161987705497988,0.44888163285413935,0.8912669566975341
Franklin County,vap_black,uss_16_rep_too,0.2907685167530284,0.1161987705497988,0.10873304330246582,0.5511183671458606
Franklin County,vap_hisp,uss_16_dem_mcg,0.8208267739096241,0.07620278128845276,0.6432605836579981,0.934179777546857
Franklin County,vap_hisp,uss_16_rep_too,0.17917322609037592,0.07620278128845276,0.06582022245314291,0.3567394163420019
Franklin County,vap_asian,uss_16_dem_mcg,0.5692032944305015,0.1404549894942232,0.28924911849099283,0.8212275568730114
Franklin County,vap_asian,uss_16_rep_too,0.4307967055694985,0.1404549894942232,0.17877244312698867,0.7107508815090072
Franklin County,vap_aian,uss_16_dem_mcg,0.4694237613602755,0.18940500882757827,0.11117486136287676,0.8422016225157072
Franklin County,vap_aian,uss_16_rep_too,0.5305762386397246,0.18940500882757827,0.15779837748429287,0.8888251386371232
Franklin County,vap_oth_b,uss_16_dem_mcg,0.613064701200274,0.149785053877517,0.2923251221420721,0.8592404002472656
Franklin County,vap_oth_b,uss_16_rep_too,0.38693529879972594,0.149785053877517,0.14075959975273433,0.7076748778579277
Franklin County,vap_white,atg_16_dem_sha,0.2288994627245702,0.00803149097454928,0.21375387857876096,0.24463155508938203
Franklin County,vap_white,atg_16_rep_raf,0.7711005372754297,0.00803149097454928,0.7553684449106178,0.7862461214212388
Franklin County,vap_black,atg_16_dem_sha,0.7109616265853248,0.13052500628271926,0.41947133957753024,0.9082986644018204
Franklin County,vap_black,atg_16_rep_raf,0.2890383734146752,0.13052500628271926,0.09170133559817947,0.5805286604224698
Franklin County,vap_hisp,atg_16_dem_sha,0.8093063526863639,0.08164407305052454,0.6162831950584696,0.9312302447461546
Franklin County,vap_hisp,atg_16_rep_raf,0.19069364731363617,0.08164407305052454,0.06876975525384532,0.3837168049415304
Franklin County,vap_asian,atg_16_dem_sha,0.5316360702424499,0.15650627583189375,0.22397659996068195,0.8213958251376872
Franklin County,vap_asian,atg_16_rep_raf,0.46836392975755026,0.15650627583189375,0.17860417486231292,0.7760234000393181
Franklin County,vap_aian,atg_16_dem_sha,0.5024818631198252,0.167146444478605,0.1936130250603499,0.8273225107751947
Franklin County,vap_aian,atg_16_rep_raf,0.4975181368801749,0.167146444478605,0.1726774892248052,0.80638697493965
Franklin County,vap_oth_b,atg_16_dem_sha,0.5895506764741844,0.1554278627570066,0.2666185344934889,0.8673965828545538
Franklin County,vap_oth_b,atg_16_rep_raf,0.41044932352581553,0.1554278627570066,0.13260341714544616,0.7333814655065108
Franklin County,vap_white,uss_18_dem_cas,0.27094281446408214,0.00767453217668803,0.25656755078292326,0.2867052366379751
Franklin County,vap_white,uss_18_rep_bar,0.7290571855359178,0.00767453217668803,0.7132947633620249,0.7434324492170766
Franklin County,vap_black,uss_18_dem_cas,0.6987357572688188,0.11920463494102222,0.4109149911321172,0.8825790361670142
Franklin County,vap_black,uss_18_rep_bar,0.3012642427311813,0.11920463494102222,0.11742096383298586,0.5890850088678827
Franklin County,vap_hisp,uss_18_dem_cas,0.7985169692031651,0.08737050346023079,0.5957377698439663,0.9284666436183056
Franklin County,vap_hisp,uss_18_rep_bar,0.20148303079683497,0.08737050346023079,0.0715333563816943,0.4042622301560335
Franklin County,vap_asian,uss_18_dem_cas,0.5265741064294162,0.16043914673325865,0.2237194460129507,0.816837594208862
Franklin County,vap_asian,uss_18_rep_bar,0.4734258935705839,0.16043914673325865,0.18316240579113813,0.7762805539870492
Franklin County,vap_aian,uss_18_dem_cas,0.5142350379318417,0.1661509703706108,0.1976155420536279,0.8381413606049168
Franklin County,vap_aian,uss_18_rep_bar,0.4857649620681584,0.1661509703706108,0.1618586393950832,0.8023844579463721
Franklin County,vap_oth_b,uss_18_dem_cas,0.6074916317265174,0.1410858955574417,0.3283127087018851,0.8455624391543461
Franklin County,vap_oth_b,uss_18_rep_bar,0.39250836827348246,0.1410858955574417,0.1544375608456538,0.6716872912981149
Franklin County,vap_white,gov_18_dem_wol,0.291416263621201,0.00863046393638693,0.2758488429271066,0.3092045857887752
Franklin County,vap_white,gov_18_rep_wag,0.7085837363787989,0.00863046393638693,0.6907954142112248,0.7241511570728932
Franklin County,vap_black,gov_18_dem_wol,0.7236336276132812,0.13204771009140848,0.42345625421605465,0.923344251455142
Franklin County,vap_black,gov_18_rep_wag,0.27636637238671874,0.13204771009140848,0.076655748544858,0.5765437457839445
Franklin County,vap_hisp,gov_18_dem_wol,0.7921031770717213,0.08361266315064284,0.5939626075391694,0.9173347623352472
Franklin County,vap_hisp,gov_18_rep_wag,0.20789682292827869,0.08361266315064284,0.08266523766475262,0.40603739246083054
Franklin County,vap_asian,gov_18_dem_wol,0.5285778589780213,0.17776528189049373,0.20199035741767815,0.85729306738631506
Franklin County,vap_asian,gov_18_rep_wag,0.47142214102197866,0.17776528189049373,0.14270693261368494,0.7980096425823219
Franklin County,vap_aian,gov_18_dem_wol,0.48225015719045433,0.16280319595494788,0.16435070123005277,0.7974566090269286
Franklin County,vap_aian,gov_18_rep_wag,0.5177498428095457,0.16280319595494788,0.20254339097307136,0.8356492987699473
Franklin County,vap_oth_b,gov_18_dem_wol,0.57462893318918,0.16412270996229833,0.22320193083165352,0.8396628738319523
Franklin County,vap_oth_b,gov_18_rep_wag,0.42537106681081993,0.16412270996229833,0.16033712616804763,0.7767980691683464
Franklin County,vap_white,pre_20_dem_bid,0.2108457395092295,0.0080104911354724,0.1962265581020191,0.22827764009964388
Franklin County,vap_white,pre_20_rep_tru,0.7891542604907704,0.0080104911354724,0.771722359900356,0.8037734418979808
Franklin County,vap_black,pre_20_dem_bid,0.7383722573852367,0.11777557581028172,0.46930721402825704,0.9246778456128452
Franklin County,vap_black,pre_20_rep_tru,0.2616277426147633,0.11777557581028172,0.0753221543871549,0.5306927859717429
Franklin County,vap_hisp,pre_20_dem_bid,0.8292913109281572,0.07744015391981716,0.633891130348177,0.935300294831329
Franklin County,vap_hisp,pre_20_rep_tru,0.17070868907184272,0.07744015391981716,0.06469970516867085,0.3661088696518231
Franklin County,vap_asian,pre_20_dem_bid,0.547839735923505,0.16874439133054922,0.20585598482165912,0.8364687057267527
Franklin County,vap_asian,pre_20_rep_tru,0.4521602640764951,0.16874439133054922,0.16353129427324725,0.794144015178341
Franklin County,vap_aian,pre_20_dem_bid,0.46783967923268727,0.17014405827464998,0.13571748256819738,0.7869285244744757
Franklin County,vap_aian,pre_20_rep_tru,0.5321603207673128,0.17014405827464998,0.2130714755255244,0.8642825174318027
Franklin County,vap_oth_b,pre_20_dem_bid,0.6148948126989763,0.1549221158599933,0.2775326634050125,0.8709019902965754
Franklin County,vap_oth_b,pre_20_rep_tru,0.38510518730102367,0.1549221158599933,0.1290980097034244,0.7224673365949873
Franklin County,vap_white,atg_20_dem_sha,0.21421474028684728,0.00688869422057751,0.2014849873825424,0.22830218514477196
Franklin County,vap_white,atg_20_rep_hei,0.7857852597131526,0.00688869422057751,0.771697814855228,0.7985150126174575
Franklin County,vap_black,atg_20_dem_sha,0.7258763179843681,0.1029761307941058,0.4795123531349807,0.8891548681189
Franklin County,vap_black,atg_20_rep_hei,0.2741236820156318,0.1029761307941058,0.11084513188109987,0.5204876468650191
Franklin County,vap_hisp,atg_20_dem_sha,0.8471265227099425,0.06346886616972137,0.7010951365560608,0.945569082693539
Franklin County,vap_hisp,atg_20_rep_hei,0.15287347729005746,0.06346886616972137,0.054430917306461,0.2989048634439391
Franklin County,vap_asian,atg_20_dem_sha,0.5249865093371398,0.1716537099174856,0.20289139314812085,0.8398295091427741
Franklin County,vap_asian,atg_20_rep_hei,0.4750134906628603,0.1716537099174856,0.16017049085722593,0.797108606851879
Franklin County,vap_aian,atg_20_dem_sha,0.5354558043881212,0.1750844722767021,0.2024385702029955,0.8339510057651033
Franklin County,vap_aian,atg_20_rep_hei,0.4645441956118788,0.1750844722767021,0.16604899423489683,0.7975614297970045
Franklin County,vap_oth_b,atg_20_dem_sha,0.6465569211624256,0.15610643444124894,0.3198787325293398,0.8963329607205969
Franklin County,vap_oth_b,atg_20_rep_hei,0.3534430788375743,0.15610643444124894,0.10366703927940298,0.68012126747066
Fulton County,vap_white,pre_16_dem_cli,0.13808471248898918,0.0122229417461487,0.1156760877663708,0.1632572739535681
Fulton County,vap_white,pre_16_rep_tru,0.8619152875110109,0.0122229417461487,0.8367427260464319,0.8843239122336292
Fulton County,vap_black,pre_16_dem_cli,0.5046815813041511,0.19661805636553475,0.13878213003123968,0.8685856392174949
Fulton County,vap_black,pre_16_rep_tru,0.49531841869584897,0.19661805636553475,0.1314143607825052,0.8612178699687604
Fulton County,vap_hisp,pre_16_dem_cli,0.4889867226585198,0.19126247691800263,0.10718671923317304,0.8339611037852563
Fulton County,vap_hisp,pre_16_rep_tru,0.5110132773414803,0.19126247691800263,0.16603889621474374,0.892813280766827
Fulton County,vap_asian,pre_16_dem_cli,0.5008578277186794,0.18155202397299175,0.1484292285689641,0.839507686469379
Fulton County,vap_asian,pre_16_rep_tru,0.4991421722813207,0.18155202397299175,0.160492313530621,0.8515707714310359
Fulton County,vap_aian,pre_16_dem_cli,0.4986182042205141,0.1963629006050836,0.13004876869768853,0.8568973890802978
Fulton County,vap_aian,pre_16_rep_tru,0.5013817957794859,0.1963629006050836,0.1431026109197021,0.8699512313023116
Fulton County,vap_oth_b,pre_16_dem_cli,0.5348717311716273,0.17721491575886616,0.19031231231817516,0.8526888548129781
Fulton County,vap_oth_b,pre_16_rep_tru,0.4651282688283728,0.17721491575886616,0.14731114518702168,0.8096876876818249
Fulton County,vap_white,uss_16_dem_mcg,0.16701910267024353,0.01364317235569337,0.14188264633483597,0.19492693409832376
Fulton County,vap_white,uss_16_rep_too,0.8329808973297566,0.01364317235569337,0.8050730659016763,0.858117353665164
Fulton County,vap_black,uss_16_dem_mcg,0.4973530530314039,0.19925853709365887,0.12223775804939836,0.872793253110256
Fulton County,vap_black,uss_16_rep_too,0.5026469469685961,0.19925853709365887,0.12720674688974398,0.8777622419506017
Fulton County,vap_hisp,uss_16_dem_mcg,0.5262648728030888,0.1974727272129892,0.15699262580539325,0.9138442494468386
Fulton County,vap_hisp,uss_16_rep_too,0.47373512719691135,0.1974727272129892,0.08615575055316135,0.8430073741946068
Fulton County,vap_asian,uss_16_dem_mcg,0.5186926572610531,0.19169363158188985,0.15494543596536223,0.8691875690447374
Fulton County,vap_asian,uss_16_rep_too,0.481307342738947,0.19169363158188985,0.13081243095526268,0.8450545640346376
Fulton County,vap_aian,uss_16_dem_mcg,0.4945008333748874,0.2019416930326553,0.11483815532693988,0.8630473861231724
Fulton County,vap_aian,uss_16_rep_too,0.5054991666251126,0.2019416930326553,0.13695261387682758,0.88516184467306
Fulton County,vap_oth_b,uss_16_dem_mcg,0.5297411943047513,0.1720429139163805,0.18758970648664913,0.8432897191338065
Fulton County,vap_oth_b,uss_16_rep_too,0.4702588056952487,0.1720429139163805,0.15671028086619365,0.812410293513351
Fulton County,vap_white,atg_16_dem_sha,0.19420761925474905,0.01237912006393811,0.17183862196772345,0.21961909521809028
Fulton County,vap_white,atg_16_rep_raf,0.805792380745251,0.01237912006393811,0.7803809047819097,0.8281613780322765
Fulton County,vap_black,atg_16_dem_sha,0.5076103830415603,0.1905270264379897,0.14676171130752458,0.8631506064022811
Fulton County,vap_black,atg_16_rep_raf,0.4923896169584398,0.1905270264379897,0.13684939359771892,0.8532382886924754
Fulton County,vap_hisp,atg_16_dem_sha,0.50145081282694,0.1843153419979004,0.16035996730999652,0.8507633894544028
Fulton County,vap_hisp,atg_16_rep_raf,0.49854918717306,0.1843153419979004,0.14923661054559728,0.8396400326900034
Fulton County,vap_asian,atg_16_dem_sha,0.4940356124988677,0.19498859059584137,0.13273795980544448,0.8630070509904127
Fulton County,vap_asian,atg_16_rep_raf,0.5059643875011323,0.19498859059584137,0.1369929490095872,0.8672620401945556
Fulton County,vap_aian,atg_16_dem_sha,0.5095502128626173,0.20318290183444523,0.12947086418689208,0.8798457841136529
Fulton County,vap_aian,atg_16_rep_raf,0.4904497871373828,0.20318290183444523,0.12015421588634718,0.8705291358131078
Fulton County,vap_oth_b,atg_16_dem_sha,0.5155794553233672,0.17953172796885278,0.1604751879171438,0.8416112193752149
Fulton County,vap_oth_b,atg_16_rep_raf,0.4844205446766328,0.17953172796885278,0.15838878062478512,0.8395248120828563
Fulton County,vap_white,uss_18_dem_cas,0.21148169559427113,0.01358622877223451,0.18590370055164956,0.23917209485562876
Fulton County,vap_white,uss_18_rep_bar,0.7885183044057289,0.01358622877223451,0.7608279051443712,0.8140962994483504
Fulton County,vap_black,uss_18_dem_cas,0.5031068897812584,0.19013022148668515,0.1434681097562481,0.8627326194632853
Fulton County,vap_black,uss_18_rep_bar,0.4968931102187417,0.19013022148668515,0.13726738053671472,0.8565318902437519
Fulton County,vap_hisp,uss_18_dem_cas,0.4997123477162925,0.1805122233622277,0.163088130759495,0.8427661291249671
Fulton County,vap_hisp,uss_18_rep_bar,0.5002876522837075,0.1805122233622277,0.15723387087503307,0.8369118692405049
Fulton County,vap_asian,uss_18_dem_cas,0.4866773369376301,0.19518623171209024,0.12655092842225626,0.8607662668370437
Fulton County,vap_asian,uss_18_rep_bar,0.51332266306237,0.19518623171209024,0.13923373316295626,0.8734490715777438
Fulton County,vap_aian,uss_18_dem_cas,0.5027151133606873,0.19634198460470464,0.13359847871509184,0.8658787081861924
Fulton County,vap_aian,uss_18_rep_bar,0.4972848866393128,0.19634198460470464,0.1341212918138075,0.8664015212849081
Fulton County,vap_oth_b,uss_18_dem_cas,0.5133979718192613,0.17291117193357794,0.1787684628507089,0.8257074566163243
Fulton County,vap_oth_b,uss_18_rep_bar,0.4866020281807387,0.17291117193357794,0.1742925433836758,0.8212315371492912
Fulton County,vap_white,gov_18_dem_wol,0.20266444124140773,0.01342328833574414,0.17713159002083653,0.2294892017188289
Fulton County,vap_white,gov_18_rep_wag,0.7973355587585923,0.01342328833574414,0.7705107982811711,0.8228684099791636
Fulton County,vap_black,gov_18_dem_wol,0.5155704415209043,0.20572576256313704,0.12880152316247573,0.9138989297517476
Fulton County,vap_black,gov_18_rep_wag,0.48442955847909586,0.20572576256313704,0.08610107024825236,0.8711984768375244
Fulton County,vap_hisp,gov_18_dem_wol,0.5108039344720801,0.18781115722488256,0.1582431253216272,0.8586191201977802
Fulton County,vap_hisp,gov_18_rep_wag,0.4891960655279199,0.18781115722488256,0.14138087980221972,0.8417568746783727
Fulton County,vap_asian,gov_18_dem_wol,0.4941477518151911,0.20382118257532,0.1056925219637495,0.8720800839141274
Fulton County,vap_asian,gov_18_rep_wag,0.5058522481848089,0.20382118257532,0.12791991608587272,0.8943074780362505
Fulton County,vap_aian,gov_18_dem_wol,0.5063410220450545,0.1981347577965241,0.13460201072938618,0.8702997423629141
Fulton County,vap_aian,gov_18_rep_wag,0.4936589779549456,0.1981347577965241,0.1297002576370859,0.865397989270614
Fulton County,vap_oth_b,gov_18_dem_wol,0.5030611895404322,0.1697757280299819,0.191886467569562,0.8344076021090716
Fulton County,vap_oth_b,gov_18_rep_wag,0.4969388104595677,0.1697757280299819,0.16559239789092836,0.8081135324304379
Fulton County,vap_white,pre_20_dem_bid,0.1349492272816503,0.01248223601921811,0.11202714857669248,0.1611220375488165
Fulton County,vap_white,pre_20_rep_tru,0.8650507727183497,0.01248223601921811,0.8388779624511835,0.8879728514233076
Fulton County,vap_black,pre_20_dem_bid,0.5164571806045346,0.19365987306250815,0.14541456196595215,0.8811538829816568
Fulton County,vap_black,pre_20_rep_tru,0.4835428193954654,0.19365987306250815,0.11884611701834306,0.8545854380340479
Fulton County,vap_hisp,pre_20_dem_bid,0.4813075050396784,0.2003220964362745,0.08276213687048599,0.8436301282558117
Fulton County,vap_hisp,pre_20_rep_tru,0.5186924949603217,0.2003220964362745,0.15636987174418823,0.9172378631295136
Fulton County,vap_asian,pre_20_dem_bid,0.509276175036517,0.2022756128459832,0.12231058341287436,0.884933610585854
Fulton County,vap_asian,pre_20_rep_tru,0.49072382496348294,0.2022756128459832,0.11506638941414596,0.8776894165871254
Fulton County,vap_aian,pre_20_dem_bid,0.491712307167932,0.2034258707682313,0.11719835390098424,0.8649731925605968
Fulton County,vap_aian,pre_20_rep_tru,0.5082876928320681,0.2034258707682313,0.135026807439403,0.8828016460990159
Fulton County,vap_oth_b,pre_20_dem_bid,0.5393157230195094,0.18162547317116387,0.1881923425102088,0.853631777092337
Fulton County,vap_oth_b,pre_20_rep_tru,0.4606842769804907,0.18162547317116387,0.14636822290766313,0.8118076574897911
Fulton County,vap_white,atg_20_dem_sha,0.14454056798813716,0.01268171989093428,0.12109882529055915,0.17014004221437268
Fulton County,vap_white,atg_20_rep_hei,0.8554594320118629,0.01268171989093428,0.8298599577856274,0.8789011747094408
Fulton County,vap_black,atg_20_dem_sha,0.5179912756698862,0.1869192028818409,0.16044973389692055,0.8628740569750337
Fulton County,vap_black,atg_20_rep_hei,0.4820087243301138,0.1869192028818409,0.1371259430249661,0.8395502661030795
Fulton County,vap_hisp,atg_20_dem_sha,0.462543882235988,0.21122301514557693,0.03994359568863108,0.8378261333977088
Fulton County,vap_hisp,atg_20_rep_hei,0.537456117764012,0.21122301514557693,0.16217386660229122,0.9600564043113692
Fulton County,vap_asian,atg_20_dem_sha,0.5154088919672997,0.19839435939619177,0.14331560671629243,0.8795820347608827
Fulton County,vap_asian,atg_20_rep_hei,0.4845911080327004,0.19839435939619177,0.12041796523911728,0.8566843932837076
Fulton County,vap_aian,atg_20_dem_sha,0.4951765670223209,0.2099441308286437,0.10932220511493704,0.8818681808026309
Fulton County,vap_aian,atg_20_rep_hei,0.5048234329776792,0.2099441308286437,0.1181318191973693,0.8906777948850629
Fulton County,vap_oth_b,atg_20_dem_sha,0.5244222730270348,0.1800422031799199,0.17556781591841125,0.8649324182179418
Fulton County,vap_oth_b,atg_20_rep_hei,0.4755777269729652,0.1800422031799199,0.13506758178205794,0.8244321840815887
Greene County,vap_white,pre_16_dem_cli,0.2839171056392372,0.0082625885658378,0.26805751177054216,0.3003752963039561
Greene County,vap_white,pre_16_rep_tru,0.7160828943607628,0.0082625885658378,0.699624703696044,0.7319424882294578
Greene County,vap_black,pre_16_dem_cli,0.4421732974463727,0.16087538833811524,0.13865308720932457,0.7688200390739016
Greene County,vap_black,pre_16_rep_tru,0.5578267025536273,0.16087538833811524,0.23117996092609833,0.8613469127906755
Greene County,vap_hisp,pre_16_dem_cli,0.511256855464478,0.16546671856734885,0.19577480703319633,0.8231785053548538
Greene County,vap_hisp,pre_16_rep_tru,0.4887431445355221,0.16546671856734885,0.17682149464514607,0.8042251929668037
Greene County,vap_asian,pre_16_dem_cli,0.49284772351301526,0.1762077396300619,0.1608661865414683,0.8171624233115058
Greene County,vap_asian,pre_16_rep_tru,0.5071522764869847,0.1762077396300619,0.182837576688494,0.8391338134585316
Greene County,vap_aian,pre_16_dem_cli,0.5254404829661351,0.18570783712762884,0.1640261751848494,0.8709014898030921
Greene County,vap_aian,pre_16_rep_tru,0.4745595170338648,0.18570783712762884,0.1290985101969079,0.8359738248151503
Greene County,vap_oth_b,pre_16_dem_cli,0.5258873762288764,0.16006274044476115,0.20911428019622907,0.8086270157099822
Greene County,vap_oth_b,pre_16_rep_tru,0.4741126237711237,0.16006274044476115,0.19137298429001773,0.7908857198037709
Greene County,vap_white,uss_16_dem_mcg,0.3909771836475547,0.00862375219737779,0.3744950353165878,0.4080051666644208
Greene County,vap_white,uss_16_rep_too,0.6090228163524454,0.00862375219737779,0.5919948333355791,0.6255049646834123
Greene County,vap_black,uss_16_dem_mcg,0.42882785390998784,0.17970641181356223,0.12158302998997716,0.7972619695216245
Greene County,vap_black,uss_16_rep_too,0.5711721460900122,0.17970641181356223,0.2027380304783754,0.8784169700100228
Greene County,vap_hisp,uss_16_dem_mcg,0.4945075598804098,0.15936099432499623,0.20142118141864895,0.8024134408396287
Greene County,vap_hisp,uss_16_rep_too,0.5054924401195902,0.15936099432499623,0.1975865591603711,0.7985788185813512
Greene County,vap_asian,uss_16_dem_mcg,0.5006111486743162,0.17548797235011396,0.18146569147722633,0.8418490552215763
Greene County,vap_asian,uss_16_rep_too,0.4993888513256837,0.17548797235011396,0.1581509447784236,0.8185343085227735
Greene County,vap_aian,uss_16_dem_mcg,0.49409866612643305,0.18045373110932356,0.16140655746891255,0.8457855636421132
Greene County,vap_aian,uss_16_rep_too,0.505901333873567,0.18045373110932356,0.1542144363578865,0.8385934425310873
Greene County,vap_oth_b,uss_16_dem_mcg,0.4876882988880643,0.15639340400883295,0.1921968147893542,0.7745060127699905
Greene County,vap_oth_b,uss_16_rep_too,0.5123117011119357,0.15639340400883295,0.22549398723000896,0.8078031852106458
Greene County,vap_white,atg_16_dem_sha,0.4377089169939662,0.00844140770399112,0.4215595484200239,0.45443528560583824
Greene County,vap_white,atg_16_rep_raf,0.5622910830060339,0.00844140770399112,0.5455647143941618,0.5784404515799761
Greene County,vap_black,atg_16_dem_sha,0.4024605782423363,0.18193771539078016,0.09424816075848662,0.7821020870352982
Greene County,vap_black,atg_16_rep_raf,0.5975394217576637,0.18193771539078016,0.2178979129647017,0.9057518392415134
Greene County,vap_hisp,atg_16_dem_sha,0.5051790556686914,0.17502197804505815,0.1832336015065455,0.8186687212655499
Greene County,vap_hisp,atg_16_rep_raf,0.4948209443313087,0.17502197804505815,0.18133127873445004,0.8167663984934544
Greene County,vap_asian,atg_16_dem_sha,0.49405117317257974,0.1768688560374541,0.1631076563407417,0.8224863056185858
Greene County,vap_asian,atg_16_rep_raf,0.5059488268274202,0.1768688560374541,0.17751369438141415,0.8368923436592581
Greene County,vap_aian,atg_16_dem_sha,0.5076720733739196,0.17629157066739193,0.1813870095581578,0.8431870744544382
Greene County,vap_aian,atg_16_rep_raf,0.4923279266260804,0.17629157066739193,0.15681292554556167,0.8186129904418421
Greene County,vap_oth_b,atg_16_dem_sha,0.49675089215883306,0.1630569686429947,0.18332355967038644,0.798794796483887
Greene County,vap_oth_b,atg_16_rep_raf,0.5032491078411669,0.1630569686429947,0.20120520351611312,0.8166764403296133
Greene County,vap_white,uss_18_dem_cas,0.4801179556184056,0.0093697158446719,0.46166994818811496,0.4982709324742709
Greene County,vap_white,uss_18_rep_bar,0.5198820443815945,0.0093697158446719,0.5017290675257292,0.5383300518118851
Greene County,vap_black,uss_18_dem_cas,0.46911493903867374,0.1752148779239837,0.14607190519066535,0.8076113507669024
Greene County,vap_black,uss_18_rep_bar,0.5308850609613263,0.1752148779239837,0.1923886492330975,0.8539280948093346
Greene County,vap_hisp,uss_18_dem_cas,0.5261400848385361,0.17524870298117598,0.21020117416604175,0.8680657658365226
Greene County,vap_hisp,uss_18_rep_bar,0.4738599151614639,0.17524870298117598,0.13193423416347735,0.7897988258339582
Greene County,vap_asian,uss_18_dem_cas,0.4860964620421101,0.16866532044848334,0.17384159919076073,0.81531236154613
Greene County,vap_asian,uss_18_rep_bar,0.5139035379578899,0.16866532044848334,0.18468763845387,0.8261584008092391
Greene County,vap_aian,uss_18_dem_cas,0.5174027646011373,0.17938030134001803,0.17973151923690214,0.8488211710416428
Greene County,vap_aian,uss_18_rep_bar,0.4825972353988626,0.17938030134001803,0.1511788289583572,0.8202684807630977
Greene County,vap_oth_b,uss_18_dem_cas,0.5077011917087426,0.1683111591880926,0.18786130377401516,0.8382490919424493
Greene County,vap_oth_b,uss_18_rep_bar,0.4922988082912574,0.1683111591880926,0.16175090805755055,0.8121386962259847
Greene County,vap_white,gov_18_dem_wol,0.47626982044945537,0.00886894600464167,0.4587295152762847,0.49303406230853
Greene County,vap_white,gov_18_rep_wag,0.5237301795505447,0.00886894600464167,0.50696593769147,0.5412704847237154
Greene County,vap_black,gov_18_dem_wol,0.5022736381823846,0.1963892114832688,0.13556714889254856,0.8634884740116323
Greene County,vap_black,gov_18_rep_wag,0.4977263618176154,0.1963892114832688,0.13651152598836744,0.8644328511074514
Greene County,vap_hisp,gov_18_dem_wol,0.5077473247467217,0.16994584056975004,0.2014250464889963,0.8382025663677708
Greene County,vap_hisp,gov_18_rep_wag,0.4922526752532783,0.16994584056975004,0.1617974336322292,0.7985749535110036
Greene County,vap_asian,gov_18_dem_wol,0.5031987631578383,0.1716608024381561,0.1801086544249948,0.8207528308651659
Greene County,vap_asian,gov_18_rep_wag,0.4968012368421616,0.1716608024381561,0.1792471691348339,0.8198913455750051
Greene County,vap_aian,gov_18_dem_wol,0.4994265592365135,0.17517537767962288,0.1761823460745317,0.8350814729972545
Greene County,vap_aian,gov_18_rep_wag,0.5005734407634864,0.17517537767962288,0.16491852700274526,0.8238176539254681
Greene County,vap_oth_b,gov_18_dem_wol,0.5005306870989419,0.16436011561124472,0.19923388665457273,0.8340539067475163
Greene County,vap_oth_b,gov_18_rep_wag,0.49946931290105817,0.16436011561124472,0.16594609325248358,0.8007661133454272
Greene County,vap_white,pre_20_dem_bid,0.25379928887339653,0.00839794150168809,0.23799613669011271,0.2702807489130113
Greene County,vap_white,pre_20_rep_tru,0.7462007111266036,0.00839794150168809,0.7297192510869887,0.7620038633098873
Greene County,vap_black,pre_20_dem_bid,0.5012887121684844,0.17046653745063542,0.1779622375164935,0.8262488800592792
Greene County,vap_black,pre_20_rep_tru,0.4987112878315157,0.17046653745063542,0.1737511199407207,0.8220377624835065
Greene County,vap_hisp,pre_20_dem_bid,0.5100632779862302,0.16925141784774098,0.17432552335847087,0.8191979911592615
Greene County,vap_hisp,pre_20_rep_tru,0.4899367220137698,0.16925141784774098,0.1808020088407384,0.8256744766415292
Greene County,vap_asian,pre_20_dem_bid,0.5115921189121856,0.1809573767400023,0.17584173213904197,0.8479649780679459
Greene County,vap_asian,pre_20_rep_tru,0.4884078810878143,0.1809573767400023,0.15203502193205395,0.8241582678609578
Greene County,vap_aian,pre_20_dem_bid,0.466710877245699,0.1811769423376058,0.14044535612495612,0.8268819452056282
Greene County,vap_aian,pre_20_rep_tru,0.533289122754301,0.1811769423376058,0.1731180547943718,0.8595546438750437
Greene County,vap_oth_b,pre_20_dem_bid,0.5316038754124034,0.17875835790129946,0.18078287394360185,0.8614468044204538
Greene County,vap_oth_b,pre_20_rep_tru,0.4683961245875966,0.17875835790129946,0.13855319557954615,0.8192171260563981
Greene County,vap_white,atg_20_dem_sha,0.3518887799669591,0.00851443091896731,0.33579505553405253,0.3685860278944643
Greene County,vap_white,atg_20_rep_hei,0.648111220033041,0.00851443091896731,0.6314139721055358,0.6642049444659475
Greene County,vap_black,atg_20_dem_sha,0.5242057632540995,0.18846471297688988,0.16465533969595925,0.866947647641971
Greene County,vap_black,atg_20_rep_hei,0.4757942367459005,0.18846471297688988,0.13305235235802915,0.8353446603040406
Greene County,vap_hisp,atg_20_dem_sha,0.5115904491943413,0.1615421161846479,0.20376068879940504,0.8174860296218324
Greene County,vap_hisp,atg_20_rep_hei,0.4884095508056588,0.1615421161846479,0.18251397037816755,0.796239311200595
Greene County,vap_asian,atg_20_dem_sha,0.5128325511979168,0.17857242083925762,0.16827148208360812,0.8514047805554317
Greene County,vap_asian,atg_20_rep_hei,0.487167448802083,0.17857242083925762,0.14859521944456786,0.8317285179163918
Greene County,vap_aian,atg_20_dem_sha,0.5021807058717207,0.15746299994546265,0.20157296514047535,0.8055055598492302
Greene County,vap_aian,atg_20_rep_hei,0.4978192941282793,0.15746299994546265,0.19449444015076975,0.7984270348595245
Greene County,vap_oth_b,atg_20_dem_sha,0.5284882889447944,0.16928570237603363,0.1967661817210724,0.8242588764835336
Greene County,vap_oth_b,atg_20_rep_hei,0.4715117110552057,0.16928570237603363,0.17574112351646642,0.8032338182789275
Huntingdon County,vap_white,pre_16_dem_cli,0.2034016324973238,0.00759209952341909,0.1889498256247537,0.21830970176656153
Huntingdon County,vap_white,pre_16_rep_tru,0.7965983675026762,0.00759209952341909,0.7816902982334384,0.8110501743752463
Huntingdon County,vap_black,pre_16_dem_cli,0.4683744453278786,0.11215828530601694,0.231557098691422,0.6638005942009242
Huntingdon County,vap_black,pre_16_rep_tru,0.5316255546721215,0.11215828530601694,0.33619940579907576,0.7684429013085781
Huntingdon County,vap_hisp,pre_16_dem_cli,0.5258962829030867,0.15642253461385286,0.22227903663197068,0.8148144579184231
Huntingdon County,vap_hisp,pre_16_rep_tru,0.47410371709691335,0.15642253461385286,0.1851855420815768,0.7777209633680291
Huntingdon County,vap_asian,pre_16_dem_cli,0.5625969432990979,0.1744920556943572,0.2150514835701103,0.8675409835217018
Huntingdon County,vap_asian,pre_16_rep_tru,0.437403056700902,0.1744920556943572,0.13245901647829816,0.7849485164298896
Huntingdon County,vap_aian,pre_16_dem_cli,0.49163746280963777,0.17719006372944163,0.1613628735571998,0.8274097238180792
Huntingdon County,vap_aian,pre_16_rep_tru,0.5083625371903623,0.17719006372944163,0.17259027618192074,0.8386371264428001
Huntingdon County,vap_oth_b,pre_16_dem_cli,0.4945034045915981,0.17196980817871815,0.18223523884500636,0.8172314790850767
Huntingdon County,vap_oth_b,pre_16_rep_tru,0.505496595408402,0.17196980817871815,0.1827685209149234,0.8177647611549935
Huntingdon County,vap_white,uss_16_dem_mcg,0.2546701714024909,0.0071382791174047,0.2409725526943515,0.26890036810982937
Huntingdon County,vap_white,uss_16_rep_too,0.7453298285975092,0.00713827911740469,0.7310996318901707,0.7590274473056485
Huntingdon County,vap_black,uss_16_dem_mcg,0.4768548914373685,0.125835861592138,0.20876183550945107,0.7043241297570263
Huntingdon County,vap_black,uss_16_rep_too,0.5231451085626316,0.125835861592138,0.29567587024297354,0.791238164490549
Huntingdon County,vap_hisp,uss_16_dem_mcg,0.6150310883179162,0.20784396338946756,0.22577846127057585,0.9386192880654411
Huntingdon County,vap_hisp,uss_16_rep_too,0.38496891168208375,0.20784396338946756,0.06138071193455884,0.774221538729424
Huntingdon County,vap_asian,uss_16_dem_mcg,0.5475849959069472,0.18452505753250364,0.19337968520751048,0.8755095728705018
Huntingdon County,vap_asian,uss_16_rep_too,0.45241500409305274,0.1845250575325036,0.12449042712949812,0.8066203147924894
Huntingdon County,vap_aian,uss_16_dem_mcg,0.5297117239638895,0.18605517105367528,0.16279687252496303,0.8790256385468956
Huntingdon County,vap_aian,uss_16_rep_too,0.4702882760361104,0.18605517105367528,0.12097436145310422,0.8372031274750366
Huntingdon County,vap_oth_b,uss_16_dem_mcg,0.5103532278841018,0.15894965295493993,0.21447457943502785,0.8070069653386591
Huntingdon County,vap_oth_b,uss_16_rep_too,0.48964677211589824,0.15894965295493993,0.19299303466134096,0.7855254205649721
Huntingdon County,vap_white,atg_16_dem_sha,0.2994553994135801,0.00735276229515024,0.28566869824415253,0.3141138623660649
Huntingdon County,vap_white,atg_16_rep_raf,0.7005446005864199,0.00735276229515024,0.685886137633935,0.7143313017558475
Huntingdon County,vap_black,atg_16_dem_sha,0.5005583149968974,0.11988477778940072,0.24967274848092705,0.7201704166618231
Huntingdon County,vap_black,atg_16_rep_raf,0.49944168500310254,0.11988477778940072,0.2798295833381768,0.7503272515190728
Huntingdon County,vap_hisp,atg_16_dem_sha,0.5138544624464995,0.16007076738309564,0.1900593612479732,0.814230027720636
Huntingdon County,vap_hisp,atg_16_rep_raf,0.4861455375535005,0.16007076738309564,0.18576997227936348,0.8099406387520267
Huntingdon County,vap_asian,atg_16_dem_sha,0.5469826018732378,0.18893730496592237,0.18352792238617785,0.8889940371314287
Huntingdon County,vap_asian,atg_16_rep_raf,0.45301739812676217,0.18893730496592237,0.1110059628685713,0.8164720776138219
Huntingdon County,vap_aian,atg_16_dem_sha,0.4717169925719882,0.16749227952238552,0.17322831879165468,0.8188562886138495
Huntingdon County,vap_aian,atg_16_rep_raf,0.5282830074280118,0.16749227952238552,0.1811437113861503,0.8267716812083452
Huntingdon County,vap_oth_b,atg_16_dem_sha,0.5988003918175268,0.15787839779832796,0.27771413589760996,0.8717806604900067
Huntingdon County,vap_oth_b,atg_16_rep_raf,0.4011996081824733,0.15787839779832796,0.12821933950999342,0.72228586410239
Huntingdon County,vap_white,uss_18_dem_cas,0.30644846209187515,0.00769240055013951,0.2914309704071085,0.32158819447232934
Huntingdon County,vap_white,uss_18_rep_bar,0.6935515379081248,0.00769240055013951,0.6784118055276708,0.7085690295928916
Huntingdon County,vap_black,uss_18_dem_cas,0.54512967936831,0.1291497396461481,0.28568723595015194,0.7828514355258394
Huntingdon County,vap_black,uss_18_rep_bar,0.4548703206316899,0.1291497396461481,0.21714856447416056,0.7143127640498481
Huntingdon County,vap_hisp,uss_18_dem_cas,0.5069340174927409,0.1619714965197666,0.2035490752482991,0.7990028712348688
Huntingdon County,vap_hisp,uss_18_rep_bar,0.4930659825072591,0.1619714965197666,0.2009971287651312,0.7964509247517009
Huntingdon County,vap_asian,uss_18_dem_cas,0.5502029643106866,0.18233124142821827,0.19668253219530005,0.8608180982803032
Huntingdon County,vap_asian,uss_18_rep_bar,0.44979703568931334,0.18233124142821827,0.1391819017196967,0.8033174678046999
Huntingdon County,vap_aian,uss_18_dem_cas,0.5084533112001323,0.16905147535404458,0.19182667873452977,0.8237503024950668
Huntingdon County,vap_aian,uss_18_rep_bar,0.49154668879986774,0.16905147535404458,0.17624969750493322,0.8081733212654703
Huntingdon County,vap_oth_b,uss_18_dem_cas,0.5212883113590421,0.15219675580101708,0.2089081725219991,0.8044398991974339
Huntingdon County,vap_oth_b,uss_18_rep_bar,0.478711688640958,0.15219675580101708,0.19556010080256617,0.7910918274780009
Huntingdon County,vap_white,gov_18_dem_wol,0.29577944933815914,0.00782930907607362,0.28072090611915024,0.31123001215320456
Huntingdon County,vap_white,gov_18_rep_wag,0.7042205506618409,0.00782930907607362,0.6887699878467956,0.71927909388085
Huntingdon County,vap_black,gov_18_dem_wol,0.4986006921139028,0.1340447304219445,0.21351450830536345,0.7317500494578639
Huntingdon County,vap_black,gov_18_rep_wag,0.5013993078860972,0.1340447304219445,0.2682499505421361,0.7864854916946363
Huntingdon County,vap_hisp,gov_18_dem_wol,0.530464964749469,0.1584426858143249,0.22588015485568871,0.8293368924676364
Huntingdon County,vap_hisp,gov_18_rep_wag,0.469535035250531,0.1584426858143249,0.17066310753236347,0.7741198451443112
Huntingdon County,vap_asian,gov_18_dem_wol,0.5624315398541119,0.16706216971384596,0.2281357652752546,0.8461153999321838
Huntingdon County,vap_asian,gov_18_rep_wag,0.43756846014588807,0.16706216971384596,0.1538846000678162,0.7718642347247452
Huntingdon County,vap_aian,gov_18_dem_wol,0.49678302656813866,0.16594319679819652,0.1783448758106757,0.8036284376403683
Huntingdon County,vap_aian,gov_18_rep_wag,0.5032169734318613,0.16594319679819652,0.19637156235963155,0.8216551241893238
Huntingdon County,vap_oth_b,gov_18_dem_wol,0.4950179980900274,0.16705507485853824,0.1795432351187716,0.8102298732929396
Huntingdon County,vap_oth_b,gov_18_rep_wag,0.5049820019099727,0.16705507485853824,0.1897701267070602,0.8204567648812284
Huntingdon County,vap_white,pre_20_dem_bid,0.20189776558580097,0.00663278766255665,0.1891112512864015,0.2151066290596715
Huntingdon County,vap_white,pre_20_rep_tru,0.798102234414199,0.00663278766255665,0.7848933709403286,0.8108887487135986
Huntingdon County,vap_black,pre_20_dem_bid,0.4779254615869966,0.12271954735714788,0.21601558004771057,0.6958445243117497
Huntingdon County,vap_black,pre_20_rep_tru,0.5220745384130034,0.12271954735714788,0.3041554756882504,0.7839844199522894
Huntingdon County,vap_hisp,pre_20_dem_bid,0.5070953206482283,0.1675233230706384,0.1889230482606871,0.8230784917270958
Huntingdon County,vap_hisp,pre_20_rep_tru,0.49290467935177174,0.1675233230706384,0.176921508272904,0.8110769517393129
Huntingdon County,vap_asian,pre_20_dem_bid,0.5694412004899937,0.17019503092813493,0.2235807544908124,0.8567071710006446
Huntingdon County,vap_asian,pre_20_rep_tru,0.43055879951000625,0.17019503092813493,0.14329282899935522,0.7764192455091875
Huntingdon County,vap_aian,pre_20_dem_bid,0.5054659496504336,0.1745561482359622,0.17694000574366792,0.84138231104653
Huntingdon County,vap_aian,pre_20_rep_tru,0.4945340503495664,0.1745561482359622,0.1586176889534698,0.823059994256332
Huntingdon County,vap_oth_b,pre_20_dem_bid,0.5447572925588978,0.1569940153558619,0.2337026598909527,0.8387728787033433
Huntingdon County,vap_oth_b,pre_20_rep_tru,0.45524270744110223,0.1569940153558619,0.16122712129665676,0.7662973401090472
Huntingdon County,vap_white,atg_20_dem_sha,0.22041701594664095,0.00696048545216373,0.20716785372716975,0.23432766653284728
Huntingdon County,vap_white,atg_20_rep_hei,0.779582984053359,0.00696048545216373,0.7656723334671527,0.7928321462728302
Huntingdon County,vap_black,atg_20_dem_sha,0.48270310624955615,0.11425055774981288,0.2465267081190019,0.6982334556459029
Huntingdon County,vap_black,atg_20_rep_hei,0.5172968937504439,0.11425055774981288,0.30176654435409717,0.7534732918809982
Huntingdon County,vap_hisp,atg_20_dem_sha,0.5468118728705046,0.16509454769237783,0.2198619066473129,0.8528954627258702
Huntingdon County,vap_hisp,atg_20_rep_hei,0.45318812712949536,0.16509454769237783,0.1471045372741298,0.7801380933526869
Huntingdon County,vap_asian,atg_20_dem_sha,0.5558758091869039,0.17738305662780732,0.21238550619475852,0.8656025407833128
Huntingdon County,vap_asian,atg_20_rep_hei,0.444124190813096,0.17738305662780732,0.13439745921668714,0.7876144938052414
Huntingdon County,vap_aian,atg_20_dem_sha,0.46963496749862,0.1617156285598351,0.17681496077124154,0.7866581975553049
Huntingdon County,vap_aian,atg_20_rep_hei,0.53036503250138,0.1617156285598351,0.21334180244469503,0.8231850392287583
Huntingdon County,vap_oth_b,atg_20_dem_sha,0.5480331118193175,0.15258341869850375,0.24041690468040655,0.8227415756559011
Huntingdon County,vap_oth_b,atg_20_rep_hei,0.45196688818068254,0.15258341869850375,0.17725842434409894,0.7595830953195934
Indiana County,vap_white,pre_16_dem_cli,0.272557409701215,0.0066031907077501,0.260182563150418,0.28577221882136106
Indiana County,vap_white,pre_16_rep_tru,0.727442590298785,0.0066031907077501,0.7142277811786388,0.7398174368495819
Indiana County,vap_black,pre_16_dem_cli,0.6482220830569727,0.1438328376790446,0.3315962966592728,0.8756793925574282
Indiana County,vap_black,pre_16_rep_tru,0.35177791694302735,0.1438328376790446,0.12432060744257188,0.6684037033407272
Indiana County,vap_hisp,pre_16_dem_cli,0.6061879197751674,0.15048192302667762,0.28934003792035934,0.8591413608698036
Indiana County,vap_hisp,pre_16_rep_tru,0.3938120802248327,0.15048192302667762,0.1408586391301963,0.7106599620796407
Indiana County,vap_asian,pre_16_dem_cli,0.5605995675799751,0.16628558572838928,0.2090625658004112,0.8457796457967686
Indiana County,vap_asian,pre_16_rep_tru,0.43940043242002486,0.16628558572838928,0.15422035420323132,0.7909374341995887
Indiana County,vap_aian,pre_16_dem_cli,0.4978496582317022,0.1753252125628025,0.1713299690302305,0.8324313253198261
Indiana County,vap_aian,pre_16_rep_tru,0.5021503417682979,0.1753252125628025,0.167568674680174,0.8286700309697694
Indiana County,vap_oth_b,pre_16_dem_cli,0.5528522729876422,0.15330100536893812,0.25245734470525416,0.8286503609389625
Indiana County,vap_oth_b,pre_16_rep_tru,0.4471477270123578,0.15330100536893812,0.17134963906103742,0.7475426552947457
Indiana County,vap_white,uss_16_dem_mcg,0.3235886437325469,0.00700989022893695,0.3100852455785645,0.3371494639700855
Indiana County,vap_white,uss_16_rep_too,0.6764113562674531,0.00700989022893695,0.6628505360299145,0.6899147544214355
Indiana County,vap_black,uss_16_dem_mcg,0.6352030383944844,0.14394586492572622,0.3278177044348765,0.8764916375588909
Indiana County,vap_black,uss_16_rep_too,0.3647969616055156,0.14394586492572622,0.12350836244110912,0.6721822955651233
Indiana County,vap_hisp,uss_16_dem_mcg,0.6203478251788098,0.1487429998223256,0.30884361186246,0.8539074861807902
Indiana County,vap_hisp,uss_16_rep_too,0.3796521748211902,0.1487429998223256,0.14609251381920985,0.6911563881375401
Indiana County,vap_asian,uss_16_dem_mcg,0.5905727256022689,0.16212506229255078,0.25557233235366283,0.863373651513656
Indiana County,vap_asian,uss_16_rep_too,0.409427274397731,0.16212506229255078,0.13662634848634406,0.744427667646337
Indiana County,vap_aian,uss_16_dem_mcg,0.523726055893316,0.17241120263225632,0.20476317449182976,0.847516556579294
Indiana County,vap_aian,uss_16_rep_too,0.476273944106684,0.17241120263225632,0.15248344342070594,0.7952368255081702
Indiana County,vap_oth_b,uss_16_dem_mcg,0.5376942479261259,0.1567632930869377,0.2360835924637613,0.8290242435844921
Indiana County,vap_oth_b,uss_16_rep_too,0.4623057520738741,0.1567632930869377,0.17097575641550786,0.7639164075362386
Indiana County,vap_white,atg_16_dem_sha,0.36954989717011727,0.00679952491504666,0.35650857933627494,0.3830586469094037
Indiana County,vap_white,atg_16_rep_raf,0.6304501028298827,0.00679952491504666,0.6169413530905963,0.6434914206637251
Indiana County,vap_black,atg_16_dem_sha,0.65422315561301,0.13745033735884138,0.3727951588134026,0.9013514577917892
Indiana County,vap_black,atg_16_rep_raf,0.34577684438699,0.13745033735884138,0.09864854220821076,0.6272048411865976
Indiana County,vap_hisp,atg_16_dem_sha,0.574791497050245,0.16233841806995056,0.2244526680548396,0.8699217971632545
Indiana County,vap_hisp,atg_16_rep_raf,0.42520850294975504,0.16233841806995056,0.13007820283674565,0.7755473319451601
Indiana County,vap_asian,atg_16_dem_sha,0.6363476685610584,0.18165693723004575,0.2532275995704005,0.9218002276238946
Indiana County,vap_asian,atg_16_rep_raf,0.3636523314389416,0.18165693723004575,0.0781997723761054,0.7467724004295994
Indiana County,vap_aian,atg_16_dem_sha,0.48023798601986406,0.17589571406147742,0.1744622309630846,0.8150594337382491
Indiana County,vap_aian,atg_16_rep_raf,0.5197620139801359,0.17589571406147742,0.18494056626175076,0.8255377690369153
Indiana County,vap_oth_b,atg_16_dem_sha,0.563082805951001,0.16410679347855112,0.2346737087218067,0.8789437554767638
Indiana County,vap_oth_b,atg_16_rep_raf,0.4369171940489989,0.16410679347855112,0.12105624452323614,0.7653262912781933
Indiana County,vap_white,uss_18_dem_cas,0.40627554592093024,0.00733730646106005,0.392418862331708,0.4206112303618197
Indiana County,vap_white,uss_18_rep_bar,0.5937244540790697,0.00733730646106005,0.5793887696381803,0.607581137668292
Indiana County,vap_black,uss_18_dem_cas,0.6804961691310649,0.13072622735067946,0.4042095154543144,0.8935803487653536
Indiana County,vap_black,uss_18_rep_bar,0.3195038308689352,0.13072622735067946,0.10641965123464651,0.5957904845456855
Indiana County,vap_hisp,uss_18_dem_cas,0.6211290794584363,0.1329929760863028,0.33694893083524524,0.846644035223238
Indiana County,vap_hisp,uss_18_rep_bar,0.3788709205415638,0.1329929760863028,0.15335596477676203,0.6630510691647544
Indiana County,vap_asian,uss_18_dem_cas,0.5781337814724502,0.1675846065738211,0.23887919326840668,0.8585204703563016
Indiana County,vap_asian,uss_18_rep_bar,0.4218662185275498,0.1675846065738211,0.14147952964369842,0.7611208067315933
Indiana County,vap_aian,uss_18_dem_cas,0.4832781559156343,0.17665079215754498,0.16758581316600943,0.8215881052053643
Indiana County,vap_aian,uss_18_rep_bar,0.5167218440843657,0.17665079215754498,0.17841189479463543,0.8324141868339906
Indiana County,vap_oth_b,uss_18_dem_cas,0.5543667356699569,0.18148330789299383,0.218907864329194,0.8616659585255454
Indiana County,vap_oth_b,uss_18_rep_bar,0.4456332643300431,0.18148330789299383,0.13833404147445436,0.7810921356708058
Indiana County,vap_white,gov_18_dem_wol,0.4076798442324463,0.00727737803916755,0.39352869476922,0.4221284257563611
Indiana County,vap_white,gov_18_rep_wag,0.5923201557675537,0.00727737803916755,0.5778715742436388,0.60647130523078
Indiana County,vap_black,gov_18_dem_wol,0.7031950470911436,0.1326205177246925,0.3879795054906966,0.9051374720560784
Indiana County,vap_black,gov_18_rep_wag,0.29680495290885656,0.1326205177246925,0.09486252794392153,0.6120204945093034
Indiana County,vap_hisp,gov_18_dem_wol,0.5869472465230747,0.16259196843297238,0.2405475634315059,0.8595656325853279
Indiana County,vap_hisp,gov_18_rep_wag,0.4130527534769253,0.16259196843297238,0.1404343674146722,0.759452436568494
Indiana County,vap_asian,gov_18_dem_wol,0.5788811442543705,0.17115648738126604,0.24794748038896247,0.883066058446245
Indiana County,vap_asian,gov_18_rep_wag,0.42111885574562946,0.17115648738126604,0.116933941553755,0.7520525196110375
Indiana County,vap_aian,gov_18_dem_wol,0.47498341853576864,0.17210103792252324,0.16058057198802406,0.8103202079997965
Indiana County,vap_aian,gov_18_rep_wag,0.5250165814642314,0.17210103792252324,0.18967979200020343,0.8394194280119759
Indiana County,vap_oth_b,gov_18_dem_wol,0.5480489045771516,0.15759174734106998,0.2447298908570885,0.8533155775183018
Indiana County,vap_oth_b,gov_18_rep_wag,0.45195109542284834,0.15759174734106998,0.14668442248169794,0.7552701091429114
Indiana County,vap_white,pre_20_dem_bid,0.2678997976943227,0.006324971695918,0.255881956901306,0.2801807022084734
Indiana County,vap_white,pre_20_rep_tru,0.7321002023056773,0.006324971695918,0.7198192977915265,0.744118043098694
Indiana County,vap_black,pre_20_dem_bid,0.6753219691340201,0.1387667586118224,0.36750139017250816,0.8939187707138897
Indiana County,vap_black,pre_20_rep_tru,0.32467803086598,0.1387667586118224,0.10608122928611038,0.6324986098274918
Indiana County,vap_hisp,pre_20_dem_bid,0.5792611160277757,0.1645884170669917,0.2285003812411687,0.8569026101403069
Indiana County,vap_hisp,pre_20_rep_tru,0.4207388839722243,0.1645884170669917,0.14309738985969314,0.7714996187588312
Indiana County,vap_asian,pre_20_dem_bid,0.556384748673719,0.16979782248074124,0.19141562005283516,0.836016286099181
Indiana County,vap_asian,pre_20_rep_tru,0.44361525132628093,0.16979782248074124,0.16398371390081887,0.8085843799471647
Indiana County,vap_aian,pre_20_dem_bid,0.4881835101060425,0.16460857434977713,0.20357837173516796,0.8195092270998523
Indiana County,vap_aian,pre_20_rep_tru,0.5118164898939574,0.16460857434977713,0.18049077290014767,0.7964216282648321
Indiana County,vap_oth_b,pre_20_dem_bid,0.5551890000622816,0.15031272564496306,0.2519420773297719,0.8257417410940073
Indiana County,vap_oth_b,pre_20_rep_tru,0.4448109999377184,0.15031272564496306,0.1742582589059926,0.748057922670228
Indiana County,vap_white,atg_20_dem_sha,0.3432649844421057,0.0069297409987192,0.33010343016581906,0.35722972044941487
Indiana County,vap_white,atg_20_rep_hei,0.6567350155578943,0.0069297409987192,0.6427702795505851,0.6698965698341809
Indiana County,vap_black,atg_20_dem_sha,0.6994357648804416,0.13155966476026776,0.41376680303145086,0.9035481037866736
Indiana County,vap_black,atg_20_rep_hei,0.3005642351195585,0.13155966476026776,0.09645189621332624,0.5862331969685491
Indiana County,vap_hisp,atg_20_dem_sha,0.6110331146613118,0.1594300962014046,0.28692968895200877,0.8895438506508978
Indiana County,vap_hisp,atg_20_rep_hei,0.3889668853386883,0.1594300962014046,0.11045614934910214,0.7130703110479912
Indiana County,vap_asian,atg_20_dem_sha,0.5353498392150872,0.17258916536629246,0.19235373419870744,0.844389268222042
Indiana County,vap_asian,atg_20_rep_hei,0.4646501607849129,0.17258916536629246,0.15561073177795798,0.8076462658012924
Indiana County,vap_aian,atg_20_dem_sha,0.5085214872503514,0.1633673130283744,0.1963334912751128,0.8157606310375215
Indiana County,vap_aian,atg_20_rep_hei,0.49147851274964854,0.1633673130283744,0.18423936896247833,0.8036665087248872
Indiana County,vap_oth_b,atg_20_dem_sha,0.5425695272721437,0.164914769738196,0.22453465865421163,0.8508939175095167
Indiana County,vap_oth_b,atg_20_rep_hei,0.4574304727278563,0.164914769738196,0.1491060824904833,0.7754653413457883
Jefferson County,vap_white,pre_16_dem_cli,0.16104887596813683,0.00659372860258097,0.14866251436612776,0.1743436152453658
Jefferson County,vap_white,pre_16_rep_tru,0.8389511240318632,0.00659372860258098,0.8256563847546343,0.8513374856338722
Jefferson County,vap_black,pre_16_dem_cli,0.5047975244903147,0.19511696378386123,0.1534994162200256,0.8746315083898778
Jefferson County,vap_black,pre_16_rep_tru,0.4952024755096854,0.19511696378386123,0.12536849161012217,0.8465005837799743
Jefferson County,vap_hisp,pre_16_dem_cli,0.47938517823768967,0.16600340877490666,0.16180281128574792,0.78926286686083
Jefferson County,vap_hisp,pre_16_rep_tru,0.5206148217623103,0.16600340877490666,0.21073713313916992,0.8381971887142522
Jefferson County,vap_asian,pre_16_dem_cli,0.5069005124542643,0.17516135509740513,0.16903056991123278,0.8355440949927369
Jefferson County,vap_asian,pre_16_rep_tru,0.4930994875457357,0.17516135509740513,0.16445590500726287,0.8309694300887671
Jefferson County,vap_aian,pre_16_dem_cli,0.49734471571031286,0.17685055613002082,0.16600973355154883,0.823886705239631
Jefferson County,vap_aian,pre_16_rep_tru,0.5026552842896871,0.17685055613002082,0.176113294760369,0.8339902664484511
Jefferson County,vap_oth_b,pre_16_dem_cli,0.5282485710172965,0.1715467355197223,0.19673047372595007,0.8388577401200242
Jefferson County,vap_oth_b,pre_16_rep_tru,0.4717514289827035,0.1715467355197223,0.16114225987997577,0.8032695262740499
Jefferson County,vap_white,uss_16_dem_mcg,0.20345030525655877,0.00681354073945226,0.19074244177731473,0.21710370546795263
Jefferson County,vap_white,uss_16_rep_too,0.7965496947434413,0.00681354073945226,0.7828962945320473,0.8092575582226853
Jefferson County,vap_black,uss_16_dem_mcg,0.5056632014595387,0.18895280226723843,0.15293131099334767,0.850457998987858
Jefferson County,vap_black,uss_16_rep_too,0.49433679854046136,0.18895280226723843,0.14954200101214196,0.8470686890066522
Jefferson County,vap_hisp,uss_16_dem_mcg,0.4926207086369605,0.17003699352125737,0.17075615561235816,0.8072072121029735
Jefferson County,vap_hisp,uss_16_rep_too,0.5073792913630396,0.17003699352125737,0.19279278789702647,0.8292438443876419
Jefferson County,vap_asian,uss_16_dem_mcg,0.4981380432555827,0.1679306254333741,0.1858448239369171,0.8036464967324357
Jefferson County,vap_asian,uss_16_rep_too,0.5018619567444172,0.1679306254333741,0.1963535032675643,0.8141551760630829
Jefferson County,vap_aian,uss_16_dem_mcg,0.4813176792893267,0.1905359054500604,0.14014577334594552,0.8513825383802868
Jefferson County,vap_aian,uss_16_rep_too,0.5186823207106732,0.1905359054500604,0.14861746161971312,0.859854226654054
Jefferson County,vap_oth_b,uss_16_dem_mcg,0.515361626595503,0.17229318585760556,0.14773367833420925,0.8214130238500689
Jefferson County,vap_oth_b,uss_16_rep_too,0.484638373404497,0.17229318585760556,0.17858697614993108,0.8522663216657907
Jefferson County,vap_white,atg_16_dem_sha,0.2292583607670104,0.00673520136732158,0.2164370277153445,0.24267848713524567
Jefferson County,vap_white,atg_16_rep_raf,0.7707416392329897,0.00673520136732158,0.7573215128647542,0.7835629722846555
Jefferson County,vap_black,atg_16_dem_sha,0.4988881477578157,0.19034128669023437,0.1499119633326256,0.8560803775640304
Jefferson County,vap_black,atg_16_rep_raf,0.5011118522421842,0.19034128669023437,0.14391962243596962,0.8500880366673744
Jefferson County,vap_hisp,atg_16_dem_sha,0.500201844128975,0.17321459499396472,0.15532430977074285,0.8067977740818052
Jefferson County,vap_hisp,atg_16_rep_raf,0.4997981558710251,0.17321459499396472,0.1932022259181947,0.844675690229257
Jefferson County,vap_asian,atg_16_dem_sha,0.4894432917888346,0.1754359140533682,0.15458438180757547,0.8194852971996013
Jefferson County,vap_asian,atg_16_rep_raf,0.5105567082111654,0.1754359140533682,0.1805147028003987,0.8454156181924243
Jefferson County,vap_aian,atg_16_dem_sha,0.4973310760855202,0.1852780018437611,0.14882762883063594,0.83831241971026
Jefferson County,vap_aian,atg_16_rep_raf,0.5026689239144798,0.1852780018437611,0.16168758028973973,0.8511723711693641
Jefferson County,vap_oth_b,atg_16_dem_sha,0.5360975624737149,0.16429921088115126,0.22415759019993975,0.8355971089823864
Jefferson County,vap_oth_b,atg_16_rep_raf,0.4639024375262852,0.16429921088115126,0.16440289101761357,0.7758424098000601
Jefferson County,vap_white,uss_18_dem_cas,0.2610858702640047,0.00702731601606816,0.24788710865039096,0.2750005558144739
Jefferson County,vap_white,uss_18_rep_bar,0.7389141297359954,0.00702731601606816,0.7249994441855261,0.7521128913496091
Jefferson County,vap_black,uss_18_dem_cas,0.4919203939784398,0.1875180960169447,0.15647192142817873,0.8529422845936355
Jefferson County,vap_black,uss_18_rep_bar,0.5080796060215602,0.1875180960169447,0.14705771540636442,0.8435280785718212
Jefferson County,vap_hisp,uss_18_dem_cas,0.5207753939695904,0.1704601666384613,0.1930887493607572,0.8309032431571292
Jefferson County,vap_hisp,uss_18_rep_bar,0.4792246060304096,0.1704601666384613,0.1690967568428709,0.8069112506392426
Jefferson County,vap_asian,uss_18_dem_cas,0.5315623619870031,0.18300709250728897,0.19955627012106003,0.9029463669385576
Jefferson County,vap_asian,uss_18_rep_bar,0.4684376380129968,0.18300709250728897,0.09705363306144238,0.80044372987894
Jefferson County,vap_aian,uss_18_dem_cas,0.4764704557807773,0.17392951784836955,0.15963723435993724,0.8083087443857643
Jefferson County,vap_aian,uss_18_rep_bar,0.5235295442192227,0.17392951784836955,0.19169125561423564,0.8403627656400627
Jefferson County,vap_oth_b,uss_18_dem_cas,0.5216284478867242,0.15762709349025197,0.21588814153603417,0.8082114482494251
Jefferson County,vap_oth_b,uss_18_rep_bar,0.4783715521132758,0.15762709349025197,0.19178855175057496,0.7841118584639657
Jefferson County,vap_white,gov_18_dem_wol,0.2461738079077904,0.0070211921831693,0.23217690471962724,0.2594552392237947
Jefferson County,vap_white,gov_18_rep_wag,0.7538261920922096,0.0070211921831693,0.7405447607762052,0.7678230952803728
Jefferson County,vap_black,gov_18_dem_wol,0.5231774776046391,0.18693057475138808,0.17965183333762677,0.8728195882493375
Jefferson County,vap_black,gov_18_rep_wag,0.4768225223953609,0.18693057475138808,0.12718041175066258,0.820348166662373
Jefferson County,vap_hisp,gov_18_dem_wol,0.540266683606898,0.1860626773375064,0.18057441944814465,0.8850640863822639
Jefferson County,vap_hisp,gov_18_rep_wag,0.45973331639310205,0.1860626773375064,0.11493591361773614,0.8194255805518553
Jefferson County,vap_asian,gov_18_dem_wol,0.5144491377275808,0.16943348539362202,0.1863237071367963,0.8266874101988765
Jefferson County,vap_asian,gov_18_rep_wag,0.4855508622724192,0.16943348539362202,0.17331258980112332,0.8136762928632038
Jefferson County,vap_aian,gov_18_dem_wol,0.4911723032583488,0.1817999164961502,0.1655278937124163,0.8304568374044224
Jefferson County,vap_aian,gov_18_rep_wag,0.5088276967416512,0.1817999164961502,0.16954316259557767,0.8344721062875836
Jefferson County,vap_oth_b,gov_18_dem_wol,0.44169064839871447,0.1655843900942138,0.1494394201072237,0.7905648164406077
Jefferson County,vap_oth_b,gov_18_rep_wag,0.5583093516012856,0.1655843900942138,0.2094351835593921,0.8505605798927763
Jefferson County,vap_white,pre_20_dem_bid,0.16704342585244683,0.00586348200561812,0.15570792449714688,0.17807988346751324
Jefferson County,vap_white,pre_20_rep_tru,0.8329565741475532,0.00586348200561812,0.8219201165324868,0.8442920755028531
Jefferson County,vap_black,pre_20_dem_bid,0.5066445159052789,0.17817295890913817,0.17003995700175772,0.8329485288560585
Jefferson County,vap_black,pre_20_rep_tru,0.4933554840947211,0.17817295890913817,0.16705147114394145,0.8299600429982421
Jefferson County,vap_hisp,pre_20_dem_bid,0.4742952667679619,0.16548570095815043,0.16948373674247302,0.7859653798405811
Jefferson County,vap_hisp,pre_20_rep_tru,0.525704733232038,0.16548570095815043,0.21403462015941865,0.8305162632575269
Jefferson County,vap_asian,pre_20_dem_bid,0.5047234912158789,0.17037454517801603,0.17790633880760337,0.8184466178158292
Jefferson County,vap_asian,pre_20_rep_tru,0.4952765087841211,0.17037454517801603,0.1815533821841706,0.8220936611923965
Jefferson County,vap_aian,pre_20_dem_bid,0.49420103987237735,0.19411262624050984,0.13417275172813906,0.856695223762175
Jefferson County,vap_aian,pre_20_rep_tru,0.5057989601276227,0.19411262624050984,0.14330477623782498,0.8658272482718609
Jefferson County,vap_oth_b,pre_20_dem_bid,0.4376301447853468,0.1555702391177009,0.16428525100494226,0.7420636929489894
Jefferson County,vap_oth_b,pre_20_rep_tru,0.5623698552146532,0.1555702391177009,0.2579363070510105,0.8357147489950575
Jefferson County,vap_white,atg_20_dem_sha,0.20242982471209384,0.00616186025923159,0.1905573692308172,0.21440367141880323
Jefferson County,vap_white,atg_20_rep_hei,0.7975701752879062,0.00616186025923159,0.7855963285811968,0.8094426307691829
Jefferson County,vap_black,atg_20_dem_sha,0.4626454672415067,0.20630885022473455,0.07019952312802315,0.8478891484599853
Jefferson County,vap_black,atg_20_rep_hei,0.5373545327584933,0.20630885022473455,0.15211085154001452,0.929800476871977
Jefferson County,vap_hisp,atg_20_dem_sha,0.4998200817051185,0.17887119567982063,0.15987536315255613,0.8413626543035814
Jefferson County,vap_hisp,atg_20_rep_hei,0.5001799182948815,0.17887119567982063,0.15863734569641844,0.8401246368474438
Jefferson County,vap_asian,atg_20_dem_sha,0.506100250779847,0.17126520980897805,0.1784277510044827,0.8356547971932121
Jefferson County,vap_asian,atg_20_rep_hei,0.49389974922015295,0.17126520980897805,0.16434520280678777,0.8215722489955173
Jefferson County,vap_aian,atg_20_dem_sha,0.5139911718937843,0.18953272024923495,0.16674207147307452,0.8879633434726447
Jefferson County,vap_aian,atg_20_rep_hei,0.4860088281062157,0.18953272024923495,0.11203665652735514,0.8332579285269255
Jefferson County,vap_oth_b,atg_20_dem_sha,0.46789663818676214,0.15671486818258384,0.17355849317688435,0.763743561246085
Jefferson County,vap_oth_b,atg_20_rep_hei,0.5321033618132379,0.15671486818258384,0.236256438753915,0.8264415068231155
Juniata County,vap_white,pre_16_dem_cli,0.16007919907177146,0.01031513671140019,0.14044803150141216,0.18065828593825617
Juniata County,vap_white,pre_16_rep_tru,0.8399208009282286,0.01031513671140018,0.8193417140617439,0.8595519684985878
Juniata County,vap_black,pre_16_dem_cli,0.5150928833504529,0.18303735137648752,0.17522392350192895,0.8628661290360903
Juniata County,vap_black,pre_16_rep_tru,0.4849071166495471,0.18303735137648752,0.13713387096390953,0.8247760764980709
Juniata County,vap_hisp,pre_16_dem_cli,0.5980660200679158,0.1840978612698297,0.21959903214506543,0.9036510822042636
Juniata County,vap_hisp,pre_16_rep_tru,0.40193397993208424,0.1840978612698297,0.09634891779573627,0.7804009678549345
Juniata County,vap_asian,pre_16_dem_cli,0.5031171406967286,0.1858586261005103,0.15406984950421593,0.844956822912977
Juniata County,vap_asian,pre_16_rep_tru,0.4968828593032714,0.1858586261005103,0.1550431770870228,0.8459301504957839
Juniata County,vap_aian,pre_16_dem_cli,0.5045865750137474,0.1962587609343363,0.13122931975016117,0.8606581208597116
Juniata County,vap_aian,pre_16_rep_tru,0.49541342498625257,0.1962587609343363,0.13934187914028826,0.8687706802498388
Juniata County,vap_oth_b,pre_16_dem_cli,0.5174662858544361,0.1827087025507126,0.17488084287811975,0.8732320634899793
Juniata County,vap_oth_b,pre_16_rep_tru,0.48253371414556384,0.1827087025507126,0.1267679365100207,0.8251191571218802
Juniata County,vap_white,uss_16_dem_mcg,0.2070757550683068,0.01051720195165971,0.1871427984427444,0.22790632456142265
Juniata County,vap_white,uss_16_rep_too,0.7929242449316932,0.01051720195165971,0.7720936754385774,0.8128572015572556
Juniata County,vap_black,uss_16_dem_mcg,0.5313112662892142,0.1786710610514451,0.1807049863771086,0.8516665330467246
Juniata County,vap_black,uss_16_rep_too,0.4686887337107858,0.1786710610514451,0.14833346695327548,0.8192950136228913
Juniata County,vap_hisp,uss_16_dem_mcg,0.5913310138506435,0.18397064416554507,0.21683794965475003,0.9024149148439056
Juniata County,vap_hisp,uss_16_rep_too,0.40866898614935665,0.18397064416554507,0.09758508515609424,0.78316205034525
Juniata County,vap_asian,uss_16_dem_mcg,0.48571771794703206,0.19156944942673537,0.13750346944306766,0.8654609075452795
Juniata County,vap_asian,uss_16_rep_too,0.514282282052968,0.19156944942673537,0.1345390924547205,0.8624965305569324
Juniata County,vap_aian,uss_16_dem_mcg,0.4955316440699057,0.19291030909310428,0.14402256320052853,0.8601302494946451
Juniata County,vap_aian,uss_16_rep_too,0.5044683559300943,0.19291030909310428,0.13986975050535488,0.8559774367994714
Juniata County,vap_oth_b,uss_16_dem_mcg,0.5207401308062649,0.17077496640302234,0.17799592841483183,0.840612738724954
Juniata County,vap_oth_b,uss_16_rep_too,0.47925986919373514,0.17077496640302234,0.159387261275046,0.8220040715851682
Juniata County,vap_white,atg_16_dem_sha,0.2481656063161957,0.01034221057135246,0.22842651463157385,0.2683775367340166
Juniata County,vap_white,atg_16_rep_raf,0.7518343936838044,0.01034221057135246,0.7316224632659835,0.7715734853684263
Juniata County,vap_black,atg_16_dem_sha,0.4857626253711248,0.1687522617022923,0.1640106974460782,0.8087688669829053
Juniata County,vap_black,atg_16_rep_raf,0.5142373746288752,0.1687522617022923,0.1912311330170947,0.8359893025539217
Juniata County,vap_hisp,atg_16_dem_sha,0.5877632806614446,0.17946147453510186,0.22310189736862376,0.8965036782209233
Juniata County,vap_hisp,atg_16_rep_raf,0.41223671933855555,0.17946147453510186,0.10349632177907685,0.7768981026313764
Juniata County,vap_asian,atg_16_dem_sha,0.5057782902873807,0.1902404689493513,0.1453522359887011,0.8596071834870624
Juniata County,vap_asian,atg_16_rep_raf,0.4942217097126193,0.1902404689493513,0.14039281651293767,0.8546477640112988
Juniata County,vap_aian,atg_16_dem_sha,0.4768818013093656,0.1872674964019232,0.13580635765382887,0.8351278839708923
Juniata County,vap_aian,atg_16_rep_raf,0.5231181986906345,0.1872674964019232,0.16487211602910765,0.864193642346171
Juniata County,vap_oth_b,atg_16_dem_sha,0.5257188134448513,0.17248988920353495,0.19505359771052325,0.84079519373228
Juniata County,vap_oth_b,atg_16_rep_raf,0.4742811865551487,0.17248988920353495,0.15920480626772002,0.8049464022894768
Juniata County,vap_white,uss_18_dem_cas,0.2903227165892526,0.01100573632814683,0.26952564850149807,0.31224588542268616
Juniata County,vap_white,uss_18_rep_bar,0.7096772834107474,0.01100573632814683,0.687754114577314,0.7304743514985019
Juniata County,vap_black,uss_18_dem_cas,0.512167431310155,0.18207742959051149,0.1737155523864403,0.8588407931481886
Juniata County,vap_black,uss_18_rep_bar,0.48783256868984504,0.18207742959051149,0.1411592068518113,0.8262844476135597
Juniata County,vap_hisp,uss_18_dem_cas,0.6116888565644754,0.18153944437370065,0.2216405587305463,0.9039201460672912
Juniata County,vap_hisp,uss_18_rep_bar,0.3883111434355247,0.18153944437370065,0.09607985393270868,0.7783594412694533
Juniata County,vap_asian,uss_18_dem_cas,0.5026424753911586,0.18774928064966517,0.1532535583931565,0.8558306422129575
Juniata County,vap_asian,uss_18_rep_bar,0.4973575246088415,0.18774928064966517,0.14416935778704257,0.8467464416068435
Juniata County,vap_aian,uss_18_dem_cas,0.5055748658484769,0.1925162149562003,0.1489173891605462,0.868507679524773
Juniata County,vap_aian,uss_18_rep_bar,0.49442513415152306,0.1925162149562003,0.13149232047522694,0.8510826108394537
Juniata County,vap_oth_b,uss_18_dem_cas,0.5049582662437623,0.16860878567606902,0.18947630273448143,0.8209146509234444
Juniata County,vap_oth_b,uss_18_rep_bar,0.4950417337562377,0.16860878567606902,0.17908534907655546,0.8105236972655185
Juniata County,vap_white,gov_18_dem_wol,0.30222883790933464,0.01095459165881348,0.2814340289102143,0.32379132019777007
Juniata County,vap_white,gov_18_rep_wag,0.6977711620906655,0.01095459165881348,0.67620867980223,0.7185659710897858
Juniata County,vap_black,gov_18_dem_wol,0.49577882388750005,0.1722175718751089,0.17835480597729056,0.8304096589157266
Juniata County,vap_black,gov_18_rep_wag,0.5042211761125,0.1722175718751089,0.1695903410842733,0.8216451940227094
Juniata County,vap_hisp,gov_18_dem_wol,0.5895351025170965,0.17981643299624078,0.2205861963750366,0.898459299251364
Juniata County,vap_hisp,gov_18_rep_wag,0.4104648974829036,0.17981643299624078,0.10154070074863576,0.7794138036249634
Juniata County,vap_asian,gov_18_dem_wol,0.49589630270555063,0.18262617744692444,0.15307200823358663,0.8459185078887285
Juniata County,vap_asian,gov_18_rep_wag,0.5041036972944495,0.18262617744692444,0.1540814921112714,0.8469279917664134
Juniata County,vap_aian,gov_18_dem_wol,0.5017793396953368,0.19970194681118889,0.12094317549390551,0.8632777554855182
Juniata County,vap_aian,gov_18_rep_wag,0.4982206603046632,0.19970194681118889,0.1367222445144818,0.8790568245060945
Juniata County,vap_oth_b,gov_18_dem_wol,0.5153859336740315,0.17542736185651964,0.17700042138610678,0.8527007805183285
Juniata County,vap_oth_b,gov_18_rep_wag,0.4846140663259684,0.17542736185651964,0.1472992194816714,0.8229995786138932
Juniata County,vap_white,pre_20_dem_bid,0.16627318144041625,0.00951284802849868,0.14903653881957454,0.18590660643437903
Juniata County,vap_white,pre_20_rep_tru,0.8337268185595839,0.00951284802849868,0.814093393565621,0.8509634611804255
Juniata County,vap_black,pre_20_dem_bid,0.5198237138548164,0.17439161988188862,0.18837817772188725,0.8398463212715291
Juniata County,vap_black,pre_20_rep_tru,0.4801762861451836,0.17439161988188862,0.1601536787284707,0.8116218222781127
Juniata County,vap_hisp,pre_20_dem_bid,0.5849970702334756,0.1742219336476906,0.21934280498047745,0.8834402724413295
Juniata County,vap_hisp,pre_20_rep_tru,0.4150029297665245,0.17422193364769056,0.1165597275586704,0.7806571950195224
Juniata County,vap_asian,pre_20_dem_bid,0.5058542669701102,0.18893201822371963,0.15325995338570134,0.8623153374103337
Juniata County,vap_asian,pre_20_rep_tru,0.49414573302988984,0.18893201822371963,0.1376846625896663,0.8467400466142988
Juniata County,vap_aian,pre_20_dem_bid,0.5043951423547132,0.1903541273067917,0.14476920814126135,0.8593185445160093
Juniata County,vap_aian,pre_20_rep_tru,0.4956048576452868,0.1903541273067917,0.1406814554839907,0.8552307918587382
Juniata County,vap_oth_b,pre_20_dem_bid,0.531532297207594,0.1706153370057137,0.20282048344839265,0.8491141393796328
Juniata County,vap_oth_b,pre_20_rep_tru,0.468467702792406,0.1706153370057137,0.1508858606203672,0.7971795165516075
Juniata County,vap_white,atg_20_dem_sha,0.21255926757131144,0.00998769880361929,0.1939316249303894,0.23283379898429368
Juniata County,vap_white,atg_20_rep_hei,0.7874407324286886,0.00998769880361929,0.7671662010157063,0.8060683750696107
Juniata County,vap_black,atg_20_dem_sha,0.5041222006760452,0.17718172333211338,0.17062756683890395,0.8411124653805614
Juniata County,vap_black,atg_20_rep_hei,0.4958777993239548,0.17718172333211338,0.15888753461943847,0.8293724331610959
Juniata County,vap_hisp,atg_20_dem_sha,0.5809265793128371,0.18260870091940287,0.1985066680928339,0.8919250391902136
Juniata County,vap_hisp,atg_20_rep_hei,0.41907342068716297,0.18260870091940287,0.1080749608097863,0.8014933319071661
Juniata County,vap_asian,atg_20_dem_sha,0.4973637370358086,0.1795010681529233,0.17081880649321748,0.8388891248811944
Juniata County,vap_asian,atg_20_rep_hei,0.5026362629641915,0.1795010681529233,0.16111087511880567,0.8291811935067825
Juniata County,vap_aian,atg_20_dem_sha,0.49650978876450386,0.18661557153726696,0.1530117842843755,0.8536557729046064
Juniata County,vap_aian,atg_20_rep_hei,0.5034902112354961,0.18661557153726696,0.1463442270953935,0.8469882157156245
Juniata County,vap_oth_b,atg_20_dem_sha,0.5337138780365521,0.17177144813732226,0.21514398873851903,0.8630335963149804
Juniata County,vap_oth_b,atg_20_rep_hei,0.4662861219634478,0.17177144813732226,0.13696640368501958,0.784856011261481
Lackawanna County,vap_white,pre_16_dem_cli,0.47550047371445664,0.00592636431721022,0.46501441311410713,0.4875808143925528
Lackawanna County,vap_white,pre_16_rep_tru,0.5244995262855433,0.00592636431721022,0.5124191856074473,0.5349855868858927
Lackawanna County,vap_black,pre_16_dem_cli,0.803646838839706,0.08512622244622171,0.5993957099647147,0.931180626138316
Lackawanna County,vap_black,pre_16_rep_tru,0.19635316116029403,0.08512622244622171,0.06881937386168398,0.40060429003528514
Lackawanna County,vap_hisp,pre_16_dem_cli,0.8985382518061276,0.03888138672228442,0.8091450358372166,0.9526850655521236
Lackawanna County,vap_hisp,pre_16_rep_tru,0.10146174819387248,0.03888138672228442,0.04731493444787628,0.19085496416278336
Lackawanna County,vap_asian,pre_16_dem_cli,0.8456583499593862,0.06808722467572406,0.6753058804055173,0.9407159493161475
Lackawanna County,vap_asian,pre_16_rep_tru,0.15434165004061384,0.06808722467572406,0.0592840506838522,0.3246941195944826
Lackawanna County,vap_aian,pre_16_dem_cli,0.4914575782861843,0.15425185777411965,0.1988280433351993,0.7892629417693571
Lackawanna County,vap_aian,pre_16_rep_tru,0.5085424217138157,0.15425185777411965,0.21073705823064295,0.8011719566648007
Lackawanna County,vap_oth_b,pre_16_dem_cli,0.5684044317249779,0.15156924552079096,0.2597790262150439,0.8229133627705214
Lackawanna County,vap_oth_b,pre_16_rep_tru,0.43159556827502216,0.15156924552079096,0.1770866372294786,0.7402209737849561
Lackawanna County,vap_white,uss_16_dem_mcg,0.5454060367872702,0.00583481044347439,0.5347656101263605,0.5576827449057815
Lackawanna County,vap_white,uss_16_rep_too,0.4545939632127298,0.00583481044347439,0.4423172550942184,0.4652343898736395
Lackawanna County,vap_black,uss_16_dem_mcg,0.8291998166158935,0.06681148114165406,0.6729562128238127,0.9300437164056709
Lackawanna County,vap_black,uss_16_rep_too,0.1708001833841066,0.06681148114165406,0.06995628359432916,0.3270437871761875
Lackawanna County,vap_hisp,uss_16_dem_mcg,0.874152937225479,0.03820487515722699,0.7890552161834291,0.9365769408423736
Lackawanna County,vap_hisp,uss_16_rep_too,0.125847062774521,0.03820487515722699,0.0634230591576263,0.2109447838165709
Lackawanna County,vap_asian,uss_16_dem_mcg,0.8153777661303875,0.06310760947902472,0.6815095577453111,0.9131336956657772
Lackawanna County,vap_asian,uss_16_rep_too,0.18462223386961257,0.06310760947902472,0.0868663043342228,0.31849044225468875
Lackawanna County,vap_aian,uss_16_dem_mcg,0.526547316985008,0.15596270213882352,0.2274018232012867,0.8085018896337042
Lackawanna County,vap_aian,uss_16_rep_too,0.473452683014992,0.15596270213882352,0.19149811036629583,0.7725981767987132
Lackawanna County,vap_oth_b,uss_16_dem_mcg,0.5452861464701605,0.14570922681630227,0.24959100088247885,0.8211621435538488
Lackawanna County,vap_oth_b,uss_16_rep_too,0.4547138535298395,0.14570922681630227,0.17883785644615105,0.7504089991175212
Lackawanna County,vap_white,atg_16_dem_sha,0.5929457046465627,0.00605890751161742,0.5814568674639847,0.6049561727145047
Lackawanna County,vap_white,atg_16_rep_raf,0.4070542953534372,0.00605890751161742,0.39504382728549525,0.4185431325360154
Lackawanna County,vap_black,atg_16_dem_sha,0.812670720646803,0.08817364094188083,0.5969862343013811,0.930484663800861
Lackawanna County,vap_black,atg_16_rep_raf,0.18732927935319704,0.08817364094188083,0.06951533619913886,0.40301376569861885
Lackawanna County,vap_hisp,atg_16_dem_sha,0.8853759853511252,0.03568615012975559,0.8024578736431178,0.9419862216265223
Lackawanna County,vap_hisp,atg_16_rep_raf,0.11462401464887494,0.03568615012975559,0.05801377837347765,0.19754212635688223
Lackawanna County,vap_asian,atg_16_dem_sha,0.8155396483710778,0.06883005896649191,0.6557614148373142,0.924947516841602
Lackawanna County,vap_asian,atg_16_rep_raf,0.18446035162892213,0.06883005896649191,0.07505248315839796,0.3442385851626857
Lackawanna County,vap_aian,atg_16_dem_sha,0.48317365395312994,0.15482282994451446,0.19892691335265983,0.774729335586885
Lackawanna County,vap_aian,atg_16_rep_raf,0.51682634604687006,0.15482282994451446,0.22527066441311497,0.8010730866473401
Lackawanna County,vap_oth_b,atg_16_dem_sha,0.5259318291756055,0.1492023810404636,0.2330526053808649,0.7983812299488289
Lackawanna County,vap_oth_b,atg_16_rep_raf,0.47406817082439456,0.1492023810404636,0.20161877005117104,0.7669473946191351
Lackawanna County,vap_white,uss_18_dem_cas,0.5967606692828404,0.00619665633767438,0.5851110223764151,0.6094378785436041
Lackawanna County,vap_white,uss_18_rep_bar,0.4032393307171595,0.00619665633767438,0.39056212145639585,0.41488897762358495
Lackawanna County,vap_black,uss_18_dem_cas,0.8100808182239937,0.07047702290892832,0.6416328934304456,0.9139638726501748
Lackawanna County,vap_black,uss_18_rep_bar,0.1899191817760064,0.07047702290892832,0.08603612734982548,0.3583671065695545
Lackawanna County,vap_hisp,uss_18_dem_cas,0.8906603789878278,0.04133760851225845,0.7882823954407286,0.94726624812808
Lackawanna County,vap_hisp,uss_18_rep_bar,0.10933962101217228,0.04133760851225845,0.05273375187192016,0.21171760455927116
Lackawanna County,vap_asian,uss_18_dem_cas,0.848528752697914,0.05830171040936867,0.7065197332494536,0.9357196904790024
Lackawanna County,vap_asian,uss_18_rep_bar,0.15147124730208608,0.05830171040936867,0.06428030952099756,0.29348026675054634
Lackawanna County,vap_aian,uss_18_dem_cas,0.5944699215622997,0.18878700451735592,0.21951379785075792,0.8928777362741163
Lackawanna County,vap_aian,uss_18_rep_bar,0.4055300784377003,0.18878700451735592,0.10712226372588377,0.780486202149242
Lackawanna County,vap_oth_b,uss_18_dem_cas,0.5562146112578512,0.15412348586099756,0.2557220968633541,0.8423708756443739
Lackawanna County,vap_oth_b,uss_18_rep_bar,0.4437853887421488,0.15412348586099756,0.1576291243556262,0.744277903136646
Lackawanna County,vap_white,gov_18_dem_wol,0.6410350078559518,0.00637156083728973,0.6283971641420577,0.6538044943272354
Lackawanna County,vap_white,gov_18_rep_wag,0.3589649921440482,0.00637156083728973,0.3461955056727646,0.3716028358579423
Lackawanna County,vap_black,gov_18_dem_wol,0.8301546363664596,0.0649431567846509,0.6762736359509808,0.9260141885840006
Lackawanna County,vap_black,gov_18_rep_wag,0.1698453636335405,0.0649431567846509,0.07398581141599933,0.32372636404901917
Lackawanna County,vap_hisp,gov_18_dem_wol,0.8727754356602414,0.04561768573371778,0.7694163297223474,0.9406528582545124
Lackawanna County,vap_hisp,gov_18_rep_wag,0.12722456433975865,0.04561768573371778,0.05934714174548768,0.23058367027765275
Lackawanna County,vap_asian,gov_18_dem_wol,0.8489691051198199,0.05847275990153893,0.710797906827104,0.9350127905498036
Lackawanna County,vap_asian,gov_18_rep_wag,0.15103089488018007,0.05847275990153893,0.06498720945019659,0.28920209317289597
Lackawanna County,vap_aian,gov_18_dem_wol,0.4661482094714629,0.15302374362868731,0.191668811735262,0.7615422003357214
Lackawanna County,vap_aian,gov_18_rep_wag,0.5338517905285372,0.15302374362868731,0.23845779966427855,0.8083311882647378
Lackawanna County,vap_oth_b,gov_18_dem_wol,0.5009607464800844,0.1591866810794909,0.21702018961340433,0.7945479294101769
Lackawanna County,vap_oth_b,gov_18_rep_wag,0.49903925351991574,0.1591866810794909,0.20545207058982304,0.7829798103865958
Lackawanna County,vap_white,pre_20_dem_bid,0.5114892985278627,0.00628212686551705,0.49970983775706207,0.5241734508184832
Lackawanna County,vap_white,pre_20_rep_tru,0.4885107014721372,0.00628212686551705,0.4758265491815166,0.500290162242938
Lackawanna County,vap_black,pre_20_dem_bid,0.7716896223893536,0.08796758323927531,0.5705001250137957,0.9029788206094332
Lackawanna County,vap_black,pre_20_rep_tru,0.22831037761064651,0.08796758323927531,0.09702117939056693,0.42949987498620434
Lackawanna County,vap_hisp,pre_20_dem_bid,0.864371746854454,0.04679258407292786,0.7538101534447317,0.9387360838728144
Lackawanna County,vap_hisp,pre_20_rep_tru,0.13562825314554608,0.04679258407292786,0.06126391612718566,0.24618984655526835
Lackawanna County,vap_asian,pre_20_dem_bid,0.7713975918735554,0.07777438845778183,0.6003147140634275,0.8979474757002092
Lackawanna County,vap_asian,pre_20_rep_tru,0.22860240812644467,0.07777438845778183,0.10205252429979082,0.39968528593657254
Lackawanna County,vap_aian,pre_20_dem_bid,0.5944057482120967,0.208123231900356,0.21110606518731345,0.9256255113806424
Lackawanna County,vap_aian,pre_20_rep_tru,0.4055942517879034,0.208123231900356,0.07437448861935748,0.7888939348126865
Lackawanna County,vap_oth_b,pre_20_dem_bid,0.4991286251785992,0.15303384210366677,0.23539796035245347,0.7967176335840241
Lackawanna County,vap_oth_b,pre_20_rep_tru,0.5008713748214009,0.15303384210366677,0.20328236641597583,0.7646020396475465
Lackawanna County,vap_white,atg_20_dem_sha,0.5896275017644075,0.00641252669731001,0.5768340993743016,0.601798880620865
Lackawanna County,vap_white,atg_20_rep_hei,0.4103724982355925,0.00641252669731001,0.39820111937913505,0.4231659006256984
Lackawanna County,vap_black,atg_20_dem_sha,0.7813087781556249,0.08922006905218507,0.5548475115799032,0.9050980388532922
Lackawanna County,vap_black,atg_20_rep_hei,0.2186912218443752,0.08922006905218507,0.09490196114670776,0.44515248842009686
Lackawanna County,vap_hisp,atg_20_dem_sha,0.8750066096571403,0.03912197394079267,0.7918380293074934,0.9396509467938676
Lackawanna County,vap_hisp,atg_20_rep_hei,0.1249933903428598,0.03912197394079267,0.06034905320613244,0.2081619706925068
Lackawanna County,vap_asian,atg_20_dem_sha,0.7986384046725341,0.08024467024341143,0.6144995410805494,0.916966980118718
Lackawanna County,vap_asian,atg_20_rep_hei,0.201361595327466,0.08024467024341143,0.08303301988128191,0.3855004589194506
Lackawanna County,vap_aian,atg_20_dem_sha,0.4903970177352255,0.16315384204395145,0.18230071971078535,0.8054290219241901
Lackawanna County,vap_aian,atg_20_rep_hei,0.5096029822647746,0.16315384204395145,0.19457097807580992,0.8176992802892147
Lackawanna County,vap_oth_b,atg_20_dem_sha,0.45244837544848265,0.16489189688705855,0.1480559801180594,0.7628923650323256
Lackawanna County,vap_oth_b,atg_20_rep_hei,0.5475516245515174,0.16489189688705855,0.2371076349676744,0.8519440198819406
Lancaster County,vap_white,pre_16_dem_cli,0.31543567307354803,0.00370967321189795,0.3089705205773429,0.32340576020887085
Lancaster County,vap_white,pre_16_rep_tru,0.684564326926452,0.00370967321189795,0.6765942397911292,0.691029479422657
Lancaster County,vap_black,pre_16_dem_cli,0.94005924186578,0.01664044628358798,0.9020758820086556,0.966601528416152
Lancaster County,vap_black,pre_16_rep_tru,0.05994075813422008,0.01664044628358798,0.03339847158384821,0.09792411799134416
Lancaster County,vap_hisp,pre_16_dem_cli,0.9586472152366146,0.01029538687083699,0.9345502026185344,0.975109124698165
Lancaster County,vap_hisp,pre_16_rep_tru,0.04135278476338543,0.01029538687083699,0.02489087530183487,0.06544979738146567
Lancaster County,vap_asian,pre_16_dem_cli,0.8466991823576399,0.05849977275048364,0.7202893620400425,0.931516034166808
Lancaster County,vap_asian,pre_16_rep_tru,0.15330081764236014,0.05849977275048364,0.06848396583319179,0.27971063795995743
Lancaster County,vap_aian,pre_16_dem_cli,0.479627892009058,0.1660114652854472,0.18090369077878113,0.8072714673977445
Lancaster County,vap_aian,pre_16_rep_tru,0.520372107990942,0.1660114652854472,0.1927285326022556,0.8190963092212188
Lancaster County,vap_oth_b,pre_16_dem_cli,0.7930061352574511,0.06716802915971716,0.6401731998183339,0.8961349644412495
Lancaster County,vap_oth_b,pre_16_rep_tru,0.20699386474254897,0.06716802915971716,0.10386503555875053,0.359826800181666
Lancaster County,vap_white,uss_16_dem_mcg,0.29994593252470814,0.00356851022294606,0.2934590060809853,0.3077759989974306
Lancaster County,vap_white,uss_16_rep_too,0.700054067475292,0.00356851022294606,0.6922240010025692,0.7065409939190147
Lancaster County,vap_black,uss_16_dem_mcg,0.9323420919699942,0.02010678211784638,0.8850240340491037,0.9633198075833754
Lancaster County,vap_black,uss_16_rep_too,0.0676579080300058,0.02010678211784638,0.03668019241662464,0.11497596595089636
Lancaster County,vap_hisp,uss_16_dem_mcg,0.9628944011584648,0.00802058490283948,0.9456993697867953,0.9767517837101268
Lancaster County,vap_hisp,uss_16_rep_too,0.03710559884153504,0.00802058490283948,0.0232482162898731,0.05430063021320477
Lancaster County,vap_asian,uss_16_dem_mcg,0.8191428270055978,0.06733696711748056,0.6671832509592932,0.9160457839568562
Lancaster County,vap_asian,uss_16_rep_too,0.18085717299440215,0.06733696711748056,0.08395421604314375,0.33281674904070674
Lancaster County,vap_aian,uss_16_dem_mcg,0.5589320285979149,0.15275615515986882,0.26966928129789197,0.8504890975313762
Lancaster County,vap_aian,uss_16_rep_too,0.44106797140208515,0.15275615515986882,0.14951090246862384,0.730330718702108
Lancaster County,vap_oth_b,uss_16_dem_mcg,0.8074841991566939,0.06660612983399984,0.6498600251580312,0.9074256706801987
Lancaster County,vap_oth_b,uss_16_rep_too,0.1925158008433061,0.06660612983399984,0.0925743293198012,0.3501399748419688
Lancaster County,vap_white,atg_16_dem_sha,0.2995317365662763,0.00356948550183604,0.29317689996849927,0.3067872231320424
Lancaster County,vap_white,atg_16_rep_raf,0.7004682634337237,0.00356948550183604,0.6932127768679577,0.7068231000315007
Lancaster County,vap_black,atg_16_dem_sha,0.9339694723648536,0.01909897724578552,0.8884100085152712,0.9637660192177346
Lancaster County,vap_black,atg_16_rep_raf,0.06603052763514639,0.01909897724578553,0.03623398078226547,0.11158999148472867
Lancaster County,vap_hisp,atg_16_dem_sha,0.9588829068910024,0.00956905824448367,0.9372319831422712,0.9749143752990942
Lancaster County,vap_hisp,atg_16_rep_raf,0.04111709310899752,0.00956905824448366,0.025085624700905772,0.06276801685772877
Lancaster County,vap_asian,atg_16_dem_sha,0.8247626704672988,0.06973650286939193,0.6614458567334895,0.9278998339467563
Lancaster County,vap_asian,atg_16_rep_raf,0.17523732953270124,0.06973650286939191,0.07210016605324367,0.33855414326651045
Lancaster County,vap_aian,atg_16_dem_sha,0.5059815882910764,0.1852595588824889,0.1513617398976129,0.8292987526882324
Lancaster County,vap_aian,atg_16_rep_raf,0.4940184117089235,0.1852595588824889,0.17070124731176758,0.848638260102387
Lancaster County,vap_oth_b,atg_16_dem_sha,0.7998790384742844,0.07627617744688031,0.6011165588443698,0.910692396238554
Lancaster County,vap_oth_b,atg_16_rep_raf,0.20012096152571557,0.07627617744688031,0.08930760376144596,0.3988834411556304
Lancaster County,vap_white,uss_18_dem_cas,0.3899504785902565,0.00322267530438349,0.3844314463891107,0.39726113826176457
Lancaster County,vap_white,uss_18_rep_bar,0.6100495214097436,0.00322267530438349,0.6027388617382354,0.6155685536108892
Lancaster County,vap_black,uss_18_dem_cas,0.9270258244804768,0.02437015820761262,0.8617845358063256,0.9617644630427185
Lancaster County,vap_black,uss_18_rep_bar,0.0729741755195234,0.02437015820761262,0.03823553695728171,0.13821546419367453
Lancaster County,vap_hisp,uss_18_dem_cas,0.9622927171357228,0.0094455144764343,0.9406668853664554,0.9767894463243704
Lancaster County,vap_hisp,uss_18_rep_bar,0.03770728286427716,0.0094455144764343,0.02321055367562948,0.05933311463354461
Lancaster County,vap_asian,uss_18_dem_cas,0.830382233592958,0.06617744215482939,0.6672574494995946,0.9228144372402156
Lancaster County,vap_asian,uss_18_rep_bar,0.1696177664070419,0.06617744215482939,0.0771855627597845,0.33274255050040535
Lancaster County,vap_aian,uss_18_dem_cas,0.5347506028082254,0.16722886475102716,0.21327098459541025,0.8331136514248945
Lancaster County,vap_aian,uss_18_rep_bar,0.46524939719177455,0.16722886475102716,0.16688634857510562,0.7867290154045897
Lancaster County,vap_oth_b,uss_18_dem_cas,0.8761056599627114,0.04625135083220438,0.760950449332353,0.9390937667417464
Lancaster County,vap_oth_b,uss_18_rep_bar,0.12389434003728862,0.04625135083220438,0.06090623325825368,0.23904955066764705
Lancaster County,vap_white,gov_18_dem_wol,0.4244549553855944,0.00367322426466719,0.4177780434810901,0.4320497654217262
Lancaster County,vap_white,gov_18_rep_wag,0.5755450446144057,0.00367322426466719,0.5679502345782738,0.5822219565189101
Lancaster County,vap_black,gov_18_dem_wol,0.9222176804983384,0.02019811138316309,0.875953261750156,0.9556466302646804
Lancaster County,vap_black,gov_18_rep_wag,0.07778231950166148,0.02019811138316309,0.04435336973531957,0.12404673824984395
Lancaster County,vap_hisp,gov_18_dem_wol,0.9589667247210824,0.00948811548869024,0.9370511167569784,0.974553830477612
Lancaster County,vap_hisp,gov_18_rep_wag,0.04103327527891767,0.00948811548869024,0.02544616952238794,0.06294888324302168
Lancaster County,vap_asian,gov_18_dem_wol,0.8330607602673592,0.05769989250325882,0.701839955986621,0.9241602986237688
Lancaster County,vap_asian,gov_18_rep_wag,0.16693923973264072,0.05769989250325882,0.07583970137623113,0.2981600440133791
Lancaster County,vap_aian,gov_18_dem_wol,0.5073952529695793,0.14967735977838798,0.2317176505976768,0.7834123071951369
Lancaster County,vap_aian,gov_18_rep_wag,0.4926047470304207,0.14967735977838798,0.21658769280486304,0.7682823494023231
Lancaster County,vap_oth_b,gov_18_dem_wol,0.7854527925358099,0.0814938965374262,0.6011563714687442,0.906355545777593
Lancaster County,vap_oth_b,gov_18_rep_wag,0.21454720746419012,0.0814938965374262,0.09364445422240696,0.3988436285312557
Lancaster County,vap_white,pre_20_dem_bid,0.35577686579318885,0.00452969100596073,0.34742048207857934,0.36489737510451087
Lancaster County,vap_white,pre_20_rep_tru,0.6442231342068112,0.00452969100596073,0.6351026248954891,0.6525795179214207
Lancaster County,vap_black,pre_20_dem_bid,0.8703651215585179,0.04531661210864666,0.762603066577928,0.9427298794154616
Lancaster County,vap_black,pre_20_rep_tru,0.1296348784414821,0.04531661210864666,0.05727012058453833,0.23739693342207205
Lancaster County,vap_hisp,pre_20_dem_bid,0.9078769875390486,0.01571926179351151,0.8759060951586362,0.9365357884697708
Lancaster County,vap_hisp,pre_20_rep_tru,0.09212301246095143,0.01571926179351151,0.06346421153022906,0.12409390484136391
Lancaster County,vap_asian,pre_20_dem_bid,0.8258165570012501,0.08243414655653442,0.6264383536838338,0.933061453807156
Lancaster County,vap_asian,pre_20_rep_tru,0.17418344299874988,0.08243414655653442,0.06693854619284394,0.373561646316166
Lancaster County,vap_aian,pre_20_dem_bid,0.47563638069374375,0.16059697023245084,0.21041655438245915,0.7695212185426492
Lancaster County,vap_aian,pre_20_rep_tru,0.5243636193062563,0.16059697023245084,0.23047878145735065,0.7895834456175408
Lancaster County,vap_oth_b,pre_20_dem_bid,0.7442841660615136,0.11417410290612044,0.4688525395934847,0.9046342628091342
Lancaster County,vap_oth_b,pre_20_rep_tru,0.2557158339384864,0.11417410290612044,0.09536573719086572,0.5311474604065151
Lancaster County,vap_white,atg_20_dem_sha,0.33957708744688386,0.0042565926462662,0.3322233681968828,0.3489889091417129
Lancaster County,vap_white,atg_20_rep_hei,0.6604229125531161,0.0042565926462662,0.6510110908582871,0.6677766318031172
Lancaster County,vap_black,atg_20_dem_sha,0.9032207384539028,0.03074413385119214,0.8310095387240353,0.949823417938334
Lancaster County,vap_black,atg_20_rep_hei,0.09677926154609703,0.03074413385119214,0.05017658206166595,0.16899046127596473
Lancaster County,vap_hisp,atg_20_dem_sha,0.9211179010140054,0.0164792025796083,0.8866560825122354,0.9501481652875338
Lancaster County,vap_hisp,atg_20_rep_hei,0.07888209898599459,0.0164792025796083,0.0498518347124662,0.1133439174877647
Lancaster County,vap_asian,atg_20_dem_sha,0.834527348269743,0.06124463500439758,0.6881531416110372,0.9239083675401034
Lancaster County,vap_asian,atg_20_rep_hei,0.16547265173025705,0.06124463500439758,0.07609163245989652,0.31184685838896264
Lancaster County,vap_aian,atg_20_dem_sha,0.5131689782547441,0.16295456288942645,0.2273712552051367,0.8532782282605585
Lancaster County,vap_aian,atg_20_rep_hei,0.4868310217452559,0.16295456288942645,0.14672177173944145,0.7726287447948633
Lancaster County,vap_oth_b,atg_20_dem_sha,0.7435180908480858,0.11176071335526408,0.4632792938587245,0.8880325551986346
Lancaster County,vap_oth_b,atg_20_rep_hei,0.2564819091519142,0.11176071335526408,0.11196744480136556,0.5367207061412754
Lawrence County,vap_white,pre_16_dem_cli,0.331904378821978,0.00730823898778704,0.3187167436651189,0.34735886106385827
Lawrence County,vap_white,pre_16_rep_tru,0.6680956211780221,0.00730823898778704,0.652641138936142,0.6812832563348812
Lawrence County,vap_black,pre_16_dem_cli,0.8454693569157706,0.06446787142409621,0.6909376672744023,0.9411866356154328
Lawrence County,vap_black,pre_16_rep_tru,0.15453064308422942,0.06446787142409621,0.05881336438456707,0.3090623327255977
Lawrence County,vap_hisp,pre_16_dem_cli,0.6549266400505397,0.13891615479404087,0.34041578284011315,0.8729022061926389
Lawrence County,vap_hisp,pre_16_rep_tru,0.3450733599494603,0.13891615479404087,0.12709779380736114,0.6595842171598868
Lawrence County,vap_asian,pre_16_dem_cli,0.5324057235122801,0.1625524204300292,0.1991602799272965,0.8494150664471106
Lawrence County,vap_asian,pre_16_rep_tru,0.4675942764877199,0.1625524204300292,0.15058493355288918,0.8008397200727034
Lawrence County,vap_aian,pre_16_dem_cli,0.48585317685990226,0.1705446617798103,0.18383790785275345,0.8116670640768057
Lawrence County,vap_aian,pre_16_rep_tru,0.5141468231400977,0.1705446617798103,0.18833293592319417,0.8161620921472466
Lawrence County,vap_oth_b,pre_16_dem_cli,0.6640937258376228,0.12989138805342376,0.38486863679132455,0.8842466646360461
Lawrence County,vap_oth_b,pre_16_rep_tru,0.3359062741623772,0.12989138805342376,0.11575333536395384,0.6151313632086753
Lawrence County,vap_white,uss_16_dem_mcg,0.3882287942228216,0.00817863468692656,0.3735686384936248,0.40504044546768647
Lawrence County,vap_white,uss_16_rep_too,0.6117712057771785,0.00817863468692656,0.5949595545323136,0.6264313615063752
Lawrence County,vap_black,uss_16_dem_mcg,0.8666781182571609,0.0599902190270753,0.7207027172734075,0.9496665324080688
Lawrence County,vap_black,uss_16_rep_too,0.1333218817428391,0.0599902190270753,0.05033346759193112,0.27929728272659254
Lawrence County,vap_hisp,uss_16_dem_mcg,0.6443153918739283,0.15170863667262155,0.3090403133119411,0.8729504411785972
Lawrence County,vap_hisp,uss_16_rep_too,0.3556846081260717,0.15170863667262155,0.1270495588214028,0.690959686688059
Lawrence County,vap_asian,uss_16_dem_mcg,0.4467419350044782,0.17145872950840163,0.11473787200434296,0.7845473538192499
Lawrence County,vap_asian,uss_16_rep_too,0.5532580649955219,0.17145872950840163,0.2154526461807499,0.8852621279956571
Lawrence County,vap_aian,uss_16_dem_mcg,0.4909994239942893,0.19396763542559112,0.08954244005073134,0.8319109683176736
Lawrence County,vap_aian,uss_16_rep_too,0.5090005760057107,0.19396763542559112,0.1680890316823265,0.9104575599492686
Lawrence County,vap_oth_b,uss_16_dem_mcg,0.6307149678852579,0.15375998764393475,0.30325569825705573,0.8677657325520989
Lawrence County,vap_oth_b,uss_16_rep_too,0.3692850321147421,0.15375998764393473,0.13223426744790104,0.6967443017429442
Lawrence County,vap_white,atg_16_dem_sha,0.4158994236833163,0.00709473349358803,0.4029910836667787,0.43114404887224533
Lawrence County,vap_white,atg_16_rep_raf,0.5841005763166838,0.00709473349358803,0.5688559511277547,0.5970089163332214
Lawrence County,vap_black,atg_16_dem_sha,0.8639317916767627,0.06731153500238359,0.7061161128490502,0.964409538485374
Lawrence County,vap_black,atg_16_rep_raf,0.13606820832323727,0.06731153500238359,0.03559046151462601,0.2938838871509497
Lawrence County,vap_hisp,atg_16_dem_sha,0.643833533169742,0.1607853152239451,0.30054668046253924,0.912943337854341
Lawrence County,vap_hisp,atg_16_rep_raf,0.356166466830258,0.1607853152239451,0.08705666214565899,0.6994533195374607
Lawrence County,vap_asian,atg_16_dem_sha,0.519033783679259,0.1591980074298176,0.21474305909205868,0.8163561747304674
Lawrence County,vap_asian,atg_16_rep_raf,0.480966216320741,0.1591980074298176,0.1836438252695324,0.785256940907941
Lawrence County,vap_aian,atg_16_dem_sha,0.47011747448207497,0.16281394592999704,0.1873168606880679,0.8090228344622026
Lawrence County,vap_aian,atg_16_rep_raf,0.529882525517925,0.16281394592999704,0.19097716553779753,0.8126831393119319
Lawrence County,vap_oth_b,atg_16_dem_sha,0.6599898157364505,0.12973285567138593,0.3645414784520231,0.8636091647380219
Lawrence County,vap_oth_b,atg_16_rep_raf,0.3400101842635494,0.12973285567138593,0.1363908352619782,0.6354585215479768
Lawrence County,vap_white,uss_18_dem_cas,0.44050066453111575,0.00719166992679388,0.4275476502944574,0.4554564472483035
Lawrence County,vap_white,uss_18_rep_bar,0.5594993354688843,0.00719166992679388,0.5445435527516964,0.5724523497055426
Lawrence County,vap_black,uss_18_dem_cas,0.8795302552911574,0.05723787950198028,0.7468663096304365,0.9645652988287068
Lawrence County,vap_black,uss_18_rep_bar,0.12046974470884268,0.05723787950198028,0.03543470117129305,0.2531336903695635
Lawrence County,vap_hisp,uss_18_dem_cas,0.6534115234449905,0.14534831642266682,0.3345035487703902,0.8792570216379967
Lawrence County,vap_hisp,uss_18_rep_bar,0.3465884765550095,0.14534831642266682,0.1207429783620032,0.6654964512296097
Lawrence County,vap_asian,uss_18_dem_cas,0.5254010336716318,0.15565633611217997,0.24240946538441768,0.8164223318804146
Lawrence County,vap_asian,uss_18_rep_bar,0.4745989663283681,0.15565633611217997,0.1835776681195854,0.7575905346155822
Lawrence County,vap_aian,uss_18_dem_cas,0.4907848009852756,0.15917046364597068,0.20124524755850243,0.7906566687015154
Lawrence County,vap_aian,uss_18_rep_bar,0.5092151990147245,0.15917046364597068,0.20934333129848465,0.7987547524414976
Lawrence County,vap_oth_b,uss_18_dem_cas,0.6933432759293998,0.12657683628977617,0.42231249244522107,0.9061906913880502
Lawrence County,vap_oth_b,uss_18_rep_bar,0.30665672407060024,0.12657683628977617,0.09380930861194976,0.5776875075547788
Lawrence County,vap_white,gov_18_dem_wol,0.46271089812788624,0.00895635423334109,0.4472978327863794,0.48070136660908913
Lawrence County,vap_white,gov_18_rep_wag,0.5372891018721138,0.00895635423334109,0.5192986333909109,0.5527021672136206
Lawrence County,vap_black,gov_18_dem_wol,0.8818795183317147,0.05605209078442814,0.7392993923657863,0.959571274190785
Lawrence County,vap_black,gov_18_rep_wag,0.11812048166828527,0.05605209078442814,0.04042872580921498,0.26070060763421365
Lawrence County,vap_hisp,gov_18_dem_wol,0.666650768916953,0.12698967224820865,0.39227155074238534,0.8750774377532285
Lawrence County,vap_hisp,gov_18_rep_wag,0.33334923108304704,0.12698967224820865,0.12492256224677133,0.6077284492576147
Lawrence County,vap_asian,gov_18_dem_wol,0.5318248039433094,0.17249923063174857,0.20974911968689444,0.8437391603826693
Lawrence County,vap_asian,gov_18_rep_wag,0.4681751960566905,0.17249923063174857,0.15626083961733064,0.7902508803131055
Lawrence County,vap_aian,gov_18_dem_wol,0.5116284534119219,0.17578151079758964,0.183494637250572,0.8497278142629956
Lawrence County,vap_aian,gov_18_rep_wag,0.4883715465880782,0.17578151079758964,0.15027218573700424,0.816505362749428
Lawrence County,vap_oth_b,gov_18_dem_wol,0.6611498947186435,0.17148986752094625,0.3022965990537725,0.9082487290856152
Lawrence County,vap_oth_b,gov_18_rep_wag,0.33885010528135656,0.17148986752094625,0.09175127091438463,0.6977034009462275
Lawrence County,vap_white,pre_20_dem_bid,0.326584623284201,0.00722781492819298,0.31279836703459407,0.34066308577805876
Lawrence County,vap_white,pre_20_rep_tru,0.6734153767157991,0.00722781492819298,0.6593369142219412,0.687201632965406
Lawrence County,vap_black,pre_20_dem_bid,0.8518423492166695,0.0686177530763913,0.6696232129600309,0.9492955949151372
Lawrence County,vap_black,pre_20_rep_tru,0.14815765078333062,0.0686177530763913,0.05070440508486266,0.3303767870399689
Lawrence County,vap_hisp,pre_20_dem_bid,0.6040895771141679,0.15615832911914557,0.2736716552966276,0.8546270809301415
Lawrence County,vap_hisp,pre_20_rep_tru,0.3959104228858321,0.15615832911914557,0.14537291906985847,0.7263283447033724
Lawrence County,vap_asian,pre_20_dem_bid,0.522329010377088,0.16838515776310448,0.21638960369886415,0.8339340354086587
Lawrence County,vap_asian,pre_20_rep_tru,0.477670989622912,0.16838515776310448,0.16606596459134118,0.7836103963011357
Lawrence County,vap_aian,pre_20_dem_bid,0.4958462649710129,0.16807250746871483,0.18064099609270373,0.8075370919766642
Lawrence County,vap_aian,pre_20_rep_tru,0.5041537350289871,0.16807250746871483,0.19246290802333563,0.8193590039072962
Lawrence County,vap_oth_b,pre_20_dem_bid,0.6593496792138602,0.13398093732820276,0.35153359686338237,0.8720351277844753
Lawrence County,vap_oth_b,pre_20_rep_tru,0.3406503207861398,0.13398093732820276,0.12796487221552455,0.6484664031366176
Lawrence County,vap_white,atg_20_dem_sha,0.4104467773456688,0.00722040630255849,0.3977097966419067,0.4249563570832878
Lawrence County,vap_white,atg_20_rep_hei,0.5895532226543312,0.00722040630255849,0.5750436429167123,0.6022902033580932
Lawrence County,vap_black,atg_20_dem_sha,0.8643858033132613,0.05889580263766209,0.7267849871871658,0.95174957322325
Lawrence County,vap_black,atg_20_rep_hei,0.13561419668673866,0.05889580263766209,0.04825042677675004,0.2732150128128342
Lawrence County,vap_hisp,atg_20_dem_sha,0.633333034589032,0.1438996628871377,0.32560990377825744,0.8727174923154617
Lawrence County,vap_hisp,atg_20_rep_hei,0.36666696541096794,0.1438996628871377,0.1272825076845381,0.6743900962217425
Lawrence County,vap_asian,atg_20_dem_sha,0.489468219412447,0.17345398809182702,0.16303203795003807,0.8268266386794809
Lawrence County,vap_asian,atg_20_rep_hei,0.510531780587553,0.17345398809182702,0.17317336132051897,0.8369679620499618
Lawrence County,vap_aian,atg_20_dem_sha,0.5019284877070574,0.17709052462048988,0.18136962911183369,0.8424368571529038
Lawrence County,vap_aian,atg_20_rep_hei,0.49807151229294255,0.17709052462048988,0.15756314284709613,0.8186303708881663
Lawrence County,vap_oth_b,atg_20_dem_sha,0.6331220154641843,0.13507082370555615,0.3453085091105318,0.8539713641598212
Lawrence County,vap_oth_b,atg_20_rep_hei,0.36687798453581566,0.13507082370555615,0.1460286358401787,0.6546914908894681
Lebanon County,vap_white,pre_16_dem_cli,0.2385923991083137,0.00865993854278535,0.22158666759079623,0.25601214891313684
Lebanon County,vap_white,pre_16_rep_tru,0.7614076008916862,0.00865993854278535,0.7439878510868632,0.7784133324092037
Lebanon County,vap_black,pre_16_dem_cli,0.5199483333796057,0.1621585868752697,0.20276576420030032,0.8289367652173576
Lebanon County,vap_black,pre_16_rep_tru,0.4800516666203944,0.1621585868752697,0.17106323478264235,0.7972342357996995
Lebanon County,vap_hisp,pre_16_dem_cli,0.8998634369149358,0.03308354867035752,0.8251595450481608,0.9550122669844624
Lebanon County,vap_hisp,pre_16_rep_tru,0.10013656308506425,0.03308354867035752,0.04498773301553757,0.17484045495183917
Lebanon County,vap_asian,pre_16_dem_cli,0.5723592388177599,0.15773133819533164,0.2537334490207926,0.8659959898503947
Lebanon County,vap_asian,pre_16_rep_tru,0.42764076118224015,0.15773133819533164,0.13400401014960509,0.7462665509792074
Lebanon County,vap_aian,pre_16_dem_cli,0.5141996839456395,0.15261901499553013,0.21783678901724304,0.7963659674371144
Lebanon County,vap_aian,pre_16_rep_tru,0.4858003160543605,0.15261901499553013,0.20363403256288573,0.7821632109827569
Lebanon County,vap_oth_b,pre_16_dem_cli,0.5221241735603669,0.1763634852646743,0.1910875802423634,0.8259640950494522
Lebanon County,vap_oth_b,pre_16_rep_tru,0.4778758264396331,0.1763634852646743,0.1740359049505477,0.8089124197576364
Lebanon County,vap_white,uss_16_dem_mcg,0.2489625338480288,0.00811367837453123,0.23324124236273927,0.2656431452102875
Lebanon County,vap_white,uss_16_rep_too,0.7510374661519712,0.00811367837453123,0.7343568547897125,0.7667587576372608
Lebanon County,vap_black,uss_16_dem_mcg,0.5451077559074011,0.16283184482461766,0.2231516918499667,0.836656734979535
Lebanon County,vap_black,uss_16_rep_too,0.4548922440925989,0.16283184482461766,0.16334326502046498,0.776848308150033
Lebanon County,vap_hisp,uss_16_dem_mcg,0.9093016872431844,0.03167671895769298,0.8389994564386337,0.9605476024239488
Lebanon County,vap_hisp,uss_16_rep_too,0.09069831275681574,0.03167671895769298,0.03945239757605139,0.16100054356136637
Lebanon County,vap_asian,uss_16_dem_mcg,0.5393662699648718,0.15723498603847505,0.23873686534309196,0.8280079980751905
Lebanon County,vap_asian,uss_16_rep_too,0.4606337300351282,0.15723498603847505,0.1719920019248095,0.761263134656908
Lebanon County,vap_aian,uss_16_dem_mcg,0.4811138737122073,0.1924099779085286,0.1273597827808129,0.8308808508313659
Lebanon County,vap_aian,uss_16_rep_too,0.5188861262877927,0.1924099779085286,0.16911914916863402,0.872640217219187
Lebanon County,vap_oth_b,uss_16_dem_mcg,0.549096723439917,0.15541002764823136,0.2527213496213832,0.8369873818986432
Lebanon County,vap_oth_b,uss_16_rep_too,0.4509032765600829,0.1554100276482314,0.16301261810135664,0.7472786503786166
Lebanon County,vap_white,atg_16_dem_sha,0.2610091901890165,0.00849388638394331,0.2448737731768677,0.2772726555367191
Lebanon County,vap_white,atg_16_rep_raf,0.7389908098109834,0.00849388638394331,0.7227273444632809,0.7551262268231324
Lebanon County,vap_black,atg_16_dem_sha,0.5393350887006386,0.15427416734522112,0.23952673821498385,0.8142845010284276
Lebanon County,vap_black,atg_16_rep_raf,0.46066491129936143,0.15427416734522112,0.1857154989715723,0.7604732617850161
Lebanon County,vap_hisp,atg_16_dem_sha,0.9109804012208818,0.02799997447903987,0.849572124209657,0.9587250759964534
Lebanon County,vap_hisp,atg_16_rep_raf,0.0890195987791183,0.02799997447903987,0.04127492400354642,0.15042787579034303
Lebanon County,vap_asian,atg_16_dem_sha,0.5191914674349032,0.15264778400711868,0.2386005880641195,0.7998849742547385
Lebanon County,vap_asian,atg_16_rep_raf,0.4808085325650968,0.15264778400711868,0.20011502574526144,0.7613994119358805
Lebanon County,vap_aian,atg_16_dem_sha,0.4855197587195054,0.16135150710548837,0.18313847090775648,0.7879276313294985
Lebanon County,vap_aian,atg_16_rep_raf,0.5144802412804946,0.16135150710548837,0.21207236867050147,0.8168615290922435
Lebanon County,vap_oth_b,atg_16_dem_sha,0.5300789259094486,0.15385870444212588,0.23893312835449956,0.8114060861815321
Lebanon County,vap_oth_b,atg_16_rep_raf,0.4699210740905513,0.15385870444212588,0.18859391381846777,0.7610668716455004
Lebanon County,vap_white,uss_18_dem_cas,0.318570382515801,0.00922199531768892,0.3012202269281892,0.3374029533605826
Lebanon County,vap_white,uss_18_rep_bar,0.681429617484199,0.00922199531768892,0.6625970466394172,0.6987797730718107
Lebanon County,vap_black,uss_18_dem_cas,0.5317856539103849,0.15616126655288964,0.2301151664638438,0.8260962764835393
Lebanon County,vap_black,uss_18_rep_bar,0.4682143460896151,0.15616126655288962,0.1739037235164606,0.7698848335361559
Lebanon County,vap_hisp,uss_18_dem_cas,0.8886078582549217,0.03778089123064926,0.80395033535185,0.9498913720839814
Lebanon County,vap_hisp,uss_18_rep_bar,0.11139214174507832,0.03778089123064925,0.05010862791601848,0.19604966464815
Lebanon County,vap_asian,uss_18_dem_cas,0.5588547626631482,0.1621749843184297,0.2326936635820592,0.8606365855494956
Lebanon County,vap_asian,uss_18_rep_bar,0.4411452373368519,0.1621749843184297,0.13936341445050435,0.7673063364179409
Lebanon County,vap_aian,uss_18_dem_cas,0.5045965389489645,0.16656421674223887,0.1716603687444525,0.8164711562349309
Lebanon County,vap_aian,uss_18_rep_bar,0.4954034610510355,0.16656421674223887,0.18352884376506903,0.8283396312555474
Lebanon County,vap_oth_b,uss_18_dem_cas,0.5115823018987211,0.17414522045119765,0.16803658708813696,0.8203443035436886
Lebanon County,vap_oth_b,uss_18_rep_bar,0.4884176981012788,0.17414522045119765,0.17965569645631146,0.831963412911863
Lebanon County,vap_white,gov_18_dem_wol,0.3625966913974239,0.01068609063230765,0.3440871866558055,0.3849546452455906
Lebanon County,vap_white,gov_18_rep_wag,0.6374033086025761,0.01068609063230765,0.6150453547544094,0.6559128133441945
Lebanon County,vap_black,gov_18_dem_wol,0.5259135278618106,0.1658573128980243,0.21189691161555707,0.8329034375353587
Lebanon County,vap_black,gov_18_rep_wag,0.4740864721381895,0.1658573128980243,0.16709656246464136,0.7881030883844429
Lebanon County,vap_hisp,gov_18_dem_wol,0.8732636693842732,0.044503431376082,0.776125221385425,0.9438421829955154
Lebanon County,vap_hisp,gov_18_rep_wag,0.1267363306157268,0.044503431376082,0.05615781700448458,0.22387477861457508
Lebanon County,vap_asian,gov_18_dem_wol,0.539469651014719,0.17067826486661686,0.2094097614517633,0.8357489922140122
Lebanon County,vap_asian,gov_18_rep_wag,0.460530348985281,0.17067826486661686,0.16425100778598745,0.7905902385482366
Lebanon County,vap_aian,gov_18_dem_wol,0.4812477098619185,0.1848509970071212,0.13192673496072344,0.807903220733534
Lebanon County,vap_aian,gov_18_rep_wag,0.5187522901380816,0.1848509970071212,0.19209677926646604,0.8680732650392765
Lebanon County,vap_oth_b,gov_18_dem_wol,0.5072361716823321,0.1921654202837584,0.10786383530787272,0.8237943778963518
Lebanon County,vap_oth_b,gov_18_rep_wag,0.49276382831766774,0.1921654202837584,0.17620562210364824,0.8921361646921273
Lebanon County,vap_white,pre_20_dem_bid,0.2815140231331134,0.01036007350716927,0.26128333561643463,0.30265804515346406
Lebanon County,vap_white,pre_20_rep_tru,0.7184859768668865,0.01036007350716927,0.6973419548465359,0.7387166643835654
Lebanon County,vap_black,pre_20_dem_bid,0.5149204600242122,0.15513357772392553,0.21785344571017745,0.8210189768310643
Lebanon County,vap_black,pre_20_rep_tru,0.48507953997578784,0.15513357772392553,0.17898102316893566,0.7821465542898226
Lebanon County,vap_hisp,pre_20_dem_bid,0.7281097036102058,0.05163134440777825,0.6250999419277947,0.8275455353741562
Lebanon County,vap_hisp,pre_20_rep_tru,0.27189029638979423,0.05163134440777825,0.1724544646258439,0.3749000580722052
Lebanon County,vap_asian,pre_20_dem_bid,0.5564958384617286,0.14982275626738764,0.2574434056426198,0.8225434663352186
Lebanon County,vap_asian,pre_20_rep_tru,0.44350416153827144,0.14982275626738764,0.17745653366478142,0.7425565943573801
Lebanon County,vap_aian,pre_20_dem_bid,0.5217245873221741,0.17896495344144248,0.17576381055639656,0.8505587699756352
Lebanon County,vap_aian,pre_20_rep_tru,0.478275412677826,0.17896495344144248,0.14944123002436477,0.8242361894436036
Lebanon County,vap_oth_b,pre_20_dem_bid,0.5193095409906262,0.1617281199261641,0.2049527880330929,0.8160658032167027
Lebanon County,vap_oth_b,pre_20_rep_tru,0.4806904590093737,0.1617281199261641,0.18393419678329703,0.7950472119669071
Lebanon County,vap_white,atg_20_dem_sha,0.2901915715029973,0.00984617597546654,0.27293816329867493,0.31122789341799384
Lebanon County,vap_white,atg_20_rep_hei,0.7098084284970028,0.00984617597546654,0.688772106582006,0.7270618367013251
Lebanon County,vap_black,atg_20_dem_sha,0.528913471601791,0.16615599995554545,0.2098922016171759,0.8167807757536055
Lebanon County,vap_black,atg_20_rep_hei,0.47108652839820897,0.16615599995554545,0.1832192242463945,0.790107798382824
Lebanon County,vap_hisp,atg_20_dem_sha,0.753779655540907,0.04953930012009554,0.6457306667192143,0.8433307394130728
Lebanon County,vap_hisp,atg_20_rep_hei,0.24622034445909305,0.04953930012009554,0.1566692605869272,0.3542693332807857
Lebanon County,vap_asian,atg_20_dem_sha,0.5589917503538889,0.15585062954237364,0.24886891840240716,0.8390264546971916
Lebanon County,vap_asian,atg_20_rep_hei,0.441008249646111,0.15585062954237364,0.16097354530280822,0.7511310815975929
Lebanon County,vap_aian,atg_20_dem_sha,0.5064376016922961,0.17274800810506194,0.1919457528602052,0.8388507017573518
Lebanon County,vap_aian,atg_20_rep_hei,0.493562398307704,0.17274800810506194,0.16114929824264815,0.8080542471397949
Lebanon County,vap_oth_b,atg_20_dem_sha,0.5401361875984872,0.16427017650880751,0.21138817263675455,0.817848938571194
Lebanon County,vap_oth_b,atg_20_rep_hei,0.4598638124015127,0.16427017650880751,0.18215106142880583,0.7886118273632452
Lehigh County,vap_white,pre_16_dem_cli,0.3899043557949378,0.00878936090466584,0.37320322750354545,0.4080703866109403
Lehigh County,vap_white,pre_16_rep_tru,0.6100956442050621,0.00878936090466584,0.5919296133890597,0.6267967724964545
Lehigh County,vap_black,pre_16_dem_cli,0.8744915824626464,0.04450474366058746,0.7729927009133833,0.9452132116638268
Lehigh County,vap_black,pre_16_rep_tru,0.12550841753735373,0.04450474366058746,0.05478678833617309,0.22700729908661663
Lehigh County,vap_hisp,pre_16_dem_cli,0.9528820140254668,0.00971714484763172,0.931560391369494,0.9693413585302618
Lehigh County,vap_hisp,pre_16_rep_tru,0.04711798597453313,0.00971714484763172,0.03065864146973826,0.0684396086305061
Lehigh County,vap_asian,pre_16_dem_cli,0.5954677592181838,0.13677176710604944,0.3248806345769595,0.8410988705983424
Lehigh County,vap_asian,pre_16_rep_tru,0.40453224078181615,0.13677176710604944,0.15890112940165746,0.6751193654230406
Lehigh County,vap_aian,pre_16_dem_cli,0.54457692114254,0.16826378061640151,0.22333281632359156,0.8319866754336688
Lehigh County,vap_aian,pre_16_rep_tru,0.45542307885746,0.16826378061640151,0.16801332456633117,0.7766671836764084
Lehigh County,vap_oth_b,pre_16_dem_cli,0.5979774844550453,0.1599981461421075,0.24306344244652717,0.8530498666992778
Lehigh County,vap_oth_b,pre_16_rep_tru,0.4020225155449546,0.1599981461421075,0.14695013330072204,0.7569365575534727
Lehigh County,vap_white,uss_16_dem_mcg,0.37395537496899595,0.01021906506886006,0.35515592573457,0.3951247383199036
Lehigh County,vap_white,uss_16_rep_too,0.626044625031004,0.01021906506886006,0.6048752616800963,0.64484407426543
Lehigh County,vap_black,uss_16_dem_mcg,0.8343414437710985,0.05061556561039614,0.7212100914654802,0.9199784880199032
Lehigh County,vap_black,uss_16_rep_too,0.1656585562289015,0.05061556561039614,0.08002151198009685,0.27878990853451996
Lehigh County,vap_hisp,uss_16_dem_mcg,0.9633184090922134,0.00712939553119103,0.9479021532115122,0.9756186502499512
Lehigh County,vap_hisp,uss_16_rep_too,0.03668159090778662,0.00712939553119103,0.02438134975004896,0.05209784678848807
Lehigh County,vap_asian,uss_16_dem_mcg,0.4416857315816684,0.14348553068061012,0.16931269551866002,0.7254569850884708
Lehigh County,vap_asian,uss_16_rep_too,0.5583142684183316,0.14348553068061012,0.27454301491152916,0.83068730448134
Lehigh County,vap_aian,uss_16_dem_mcg,0.5198938872114398,0.16522555076691856,0.19823042839241223,0.8254650614476704
Lehigh County,vap_aian,uss_16_rep_too,0.4801061127885602,0.16522555076691856,0.17453493855232957,0.8017695716075877
Lehigh County,vap_oth_b,uss_16_dem_mcg,0.613017467699926,0.13981268113111356,0.3057085267207431,0.8318540143550188
Lehigh County,vap_oth_b,uss_16_rep_too,0.3869825323000738,0.13981268113111356,0.168145985644981,0.6942914732792563
Lehigh County,vap_white,atg_16_dem_sha,0.42382419860662573,0.00911317995799377,0.4059970040566719,0.44180619509883695
Lehigh County,vap_white,atg_16_rep_raf,0.5761758013933742,0.00911317995799377,0.558193804901163,0.5940029959433282
Lehigh County,vap_black,atg_16_dem_sha,0.8575602076575222,0.0458856126546282,0.7524317383684807,0.9300128602620812
Lehigh County,vap_black,atg_16_rep_raf,0.14243979234247792,0.0458856126546282,0.06998713973791892,0.2475682616315194
Lehigh County,vap_hisp,atg_16_dem_sha,0.961695267218013,0.00790785963224104,0.9446884772638456,0.976067227254968
Lehigh County,vap_hisp,atg_16_rep_raf,0.0383047327819871,0.00790785963224104,0.02393277274503198,0.05531152273615425
Lehigh County,vap_asian,atg_16_dem_sha,0.48325147918300254,0.1481079716052446,0.1948551129127079,0.7611728935939079
Lehigh County,vap_asian,atg_16_rep_raf,0.5167485208169975,0.1481079716052446,0.2388271064060921,0.8051448870872921
Lehigh County,vap_aian,atg_16_dem_sha,0.5196448423554264,0.1573750911499669,0.21754913640406728,0.8193835426261449
Lehigh County,vap_aian,atg_16_rep_raf,0.4803551576445736,0.1573750911499669,0.18061645737385512,0.7824508635959324
Lehigh County,vap_oth_b,atg_16_dem_sha,0.635099834286127,0.12298508483650208,0.37748060618749807,0.851125606025004
Lehigh County,vap_oth_b,atg_16_rep_raf,0.3649001657138729,0.12298508483650208,0.1488743939749959,0.6225193938125019
Lehigh County,vap_white,uss_18_dem_cas,0.4927315717109724,0.00838057321463177,0.47732459933192406,0.5097354092423533
Lehigh County,vap_white,uss_18_rep_bar,0.5072684282890275,0.00838057321463177,0.4902645907576468,0.5226754006680759
Lehigh County,vap_black,uss_18_dem_cas,0.855501118126744,0.0482397133445247,0.7439467419362872,0.9331861494789586
Lehigh County,vap_black,uss_18_rep_bar,0.14449888187325602,0.0482397133445247,0.06681385052104134,0.25605325806371293
Lehigh County,vap_hisp,uss_18_dem_cas,0.9540031623794252,0.00925734658649619,0.934707408886774,0.9709073338127052
Lehigh County,vap_hisp,uss_18_rep_bar,0.04599683762057498,0.00925734658649619,0.02909266618729491,0.06529259111322598
Lehigh County,vap_asian,uss_18_dem_cas,0.5836659028591668,0.12848517093677866,0.3216858749591721,0.8116125965788933
Lehigh County,vap_asian,uss_18_rep_bar,0.4163340971408333,0.12848517093677866,0.18838740342110671,0.6783141250408279
Lehigh County,vap_aian,uss_18_dem_cas,0.5216683732572668,0.16719192890696394,0.2181291054344046,0.8457743968288222
Lehigh County,vap_aian,uss_18_rep_bar,0.4783316267427331,0.16719192890696394,0.15422560317117787,0.7818708945655953
Lehigh County,vap_oth_b,uss_18_dem_cas,0.5634414301894038,0.1373394142702748,0.29003946034303557,0.8090736281822202
Lehigh County,vap_oth_b,uss_18_rep_bar,0.436558569810596,0.1373394142702748,0.19092637181777977,0.7099605396569643
Lehigh County,vap_white,gov_18_dem_wol,0.529298977408817,0.00957320856002929,0.5121400630077709,0.5506598050997252
Lehigh County,vap_white,gov_18_rep_wag,0.47070102259118296,0.00957320856002929,0.4493401949002747,0.4878599369922292
Lehigh County,vap_black,gov_18_dem_wol,0.8455516542013652,0.05154780341739141,0.7237953186078457,0.9274361631693678
Lehigh County,vap_black,gov_18_rep_wag,0.15444834579863484,0.05154780341739141,0.0725638368306321,0.2762046813921542
Lehigh County,vap_hisp,gov_18_dem_wol,0.9546317935748386,0.00903636176789939,0.9344590566358086,0.9706480786839524
Lehigh County,vap_hisp,gov_18_rep_wag,0.0453682064251614,0.00903636176789939,0.02935192131604771,0.06554094336419143
Lehigh County,vap_asian,gov_18_dem_wol,0.6098365681277099,0.12116006519515536,0.36195824225329415,0.8270653135725943
Lehigh County,vap_asian,gov_18_rep_wag,0.39016343187229013,0.12116006519515536,0.17293468642740567,0.6380417577467057
Lehigh County,vap_aian,gov_18_dem_wol,0.4746207291715187,0.1568788276419787,0.20694925417994128,0.8030554461493155
Lehigh County,vap_aian,gov_18_rep_wag,0.5253792708284812,0.1568788276419787,0.1969445538506846,0.7930507458200586
Lehigh County,vap_oth_b,gov_18_dem_wol,0.5940854244972404,0.15896980523727963,0.2768546231920907,0.8678429839176837
Lehigh County,vap_oth_b,gov_18_rep_wag,0.4059145755027595,0.15896980523727963,0.1321570160823161,0.7231453768079091
Lehigh County,vap_white,pre_20_dem_bid,0.4487156924247186,0.00872168564632694,0.4315934436446592,0.4656500436006164
Lehigh County,vap_white,pre_20_rep_tru,0.5512843075752814,0.00872168564632694,0.5343499563993835,0.5684065563553408
Lehigh County,vap_black,pre_20_dem_bid,0.6840127394043551,0.11940684524419289,0.419599807256464,0.8783334833117201
Lehigh County,vap_black,pre_20_rep_tru,0.3159872605956449,0.11940684524419289,0.12166651668827992,0.5804001927435359
Lehigh County,vap_hisp,pre_20_dem_bid,0.8662036935833397,0.02613719678358472,0.8183345530480851,0.9216175074258836
Lehigh County,vap_hisp,pre_20_rep_tru,0.1337963064166603,0.02613719678358472,0.07838249257411632,0.18166544695191497
Lehigh County,vap_asian,pre_20_dem_bid,0.6884385423328434,0.10332321662316445,0.4617446571939553,0.8607625973899143
Lehigh County,vap_asian,pre_20_rep_tru,0.3115614576671566,0.10332321662316445,0.13923740261008571,0.5382553428060448
Lehigh County,vap_aian,pre_20_dem_bid,0.5000119036952111,0.17279848626639,0.170465038044731,0.8149807800354687
Lehigh County,vap_aian,pre_20_rep_tru,0.49998809630478885,0.17279848626639,0.18501921996453133,0.8295349619552689
Lehigh County,vap_oth_b,pre_20_dem_bid,0.5131554842679591,0.14475172406440648,0.24928882535172284,0.7830175991601654
Lehigh County,vap_oth_b,pre_20_rep_tru,0.4868445157320408,0.14475172406440648,0.2169824008398344,0.7507111746482771
Lehigh County,vap_white,atg_20_dem_sha,0.4578842671081807,0.0083679516030437,0.442229719635958,0.47451777564305897
Lehigh County,vap_white,atg_20_rep_hei,0.5421157328918192,0.0083679516030437,0.5254822243569411,0.5577702803640421
Lehigh County,vap_black,atg_20_dem_sha,0.6890978200592959,0.10532821972140066,0.4762313120742839,0.880613996958311
Lehigh County,vap_black,atg_20_rep_hei,0.31090217994070424,0.10532821972140066,0.11938600304168896,0.5237686879257163
Lehigh County,vap_hisp,atg_20_dem_sha,0.9113266271205018,0.02048002443306956,0.8659629078975949,0.945995796419383
Lehigh County,vap_hisp,atg_20_rep_hei,0.08867337287949822,0.02048002443306956,0.05400420358061698,0.1340370921024051
Lehigh County,vap_asian,atg_20_dem_sha,0.616457746558629,0.12378933906386778,0.3550461226685833,0.8321046185877755
Lehigh County,vap_asian,atg_20_rep_hei,0.3835422534413711,0.12378933906386778,0.16789538141222457,0.6449538773314165
Lehigh County,vap_aian,atg_20_dem_sha,0.464772256743684,0.16402345281859296,0.16481786466842377,0.7660376745414815
Lehigh County,vap_aian,atg_20_rep_hei,0.535227743256316,0.16402345281859296,0.23396232545851836,0.8351821353315761
Lehigh County,vap_oth_b,atg_20_dem_sha,0.5133155993718967,0.1472148827024385,0.24437849358843275,0.8077752077101563
Lehigh County,vap_oth_b,atg_20_rep_hei,0.48668440062810314,0.1472148827024385,0.1922247922898435,0.7556215064115671
Luzerne County,vap_white,pre_16_dem_cli,0.3518985661446398,0.00634349872953288,0.3403278974879745,0.36435792492915486
Luzerne County,vap_white,pre_16_rep_tru,0.6481014338553602,0.00634349872953288,0.6356420750708452,0.6596721025120255
Luzerne County,vap_black,pre_16_dem_cli,0.8471767715727437,0.04579365286515566,0.7421643579962619,0.9218476956959952
Luzerne County,vap_black,pre_16_rep_tru,0.15282322842725615,0.04579365286515566,0.07815230430400459,0.25783564200373793
Luzerne County,vap_hisp,pre_16_dem_cli,0.6215931581111971,0.03249291396982096,0.5565748014640455,0.6820300370888713
Luzerne County,vap_hisp,pre_16_rep_tru,0.37840684188880275,0.03249291396982096,0.3179699629111286,0.4434251985359544
Luzerne County,vap_asian,pre_16_dem_cli,0.5779370374638497,0.1431430280976026,0.2772952521811428,0.8146031342491762
Luzerne County,vap_asian,pre_16_rep_tru,0.4220629625361502,0.1431430280976026,0.18539686575082373,0.7227047478188571
Luzerne County,vap_aian,pre_16_dem_cli,0.5000654173488616,0.15345442701393988,0.17154032276451722,0.7890148666353626
Luzerne County,vap_aian,pre_16_rep_tru,0.4999345826511383,0.15345442701393988,0.21098513336463728,0.8284596772354827
Luzerne County,vap_oth_b,pre_16_dem_cli,0.6590982662647313,0.17593621017309646,0.27812075038772466,0.9005212988712309
Luzerne County,vap_oth_b,pre_16_rep_tru,0.3409017337352687,0.17593621017309646,0.09947870112876912,0.7218792496122751
Luzerne County,vap_white,uss_16_dem_mcg,0.4195266050785329,0.00581144379592068,0.4089711248293286,0.43171498236734335
Luzerne County,vap_white,uss_16_rep_too,0.5804733949214671,0.00581144379592068,0.5682850176326567,0.5910288751706715
Luzerne County,vap_black,uss_16_dem_mcg,0.8266776906988744,0.05754532718167014,0.6919499905580097,0.9170148287386624
Luzerne County,vap_black,uss_16_rep_too,0.17332230930112555,0.05754532718167013,0.08298517126133753,0.3080500094419902
Luzerne County,vap_hisp,uss_16_dem_mcg,0.6873032777687643,0.03311997037688533,0.6229156637117236,0.751822925172545
Luzerne County,vap_hisp,uss_16_rep_too,0.31269672223123557,0.03311997037688533,0.2481770748274548,0.37708433628827626
Luzerne County,vap_asian,uss_16_dem_mcg,0.5114535097158047,0.1587625100404925,0.1674314172941168,0.7811118541582189
Luzerne County,vap_asian,uss_16_rep_too,0.4885464902841952,0.1587625100404925,0.21888814584178093,0.8325685827058831
Luzerne County,vap_aian,uss_16_dem_mcg,0.4956847629708499,0.14988802498684542,0.22634790241399907,0.7609577919933668
Luzerne County,vap_aian,uss_16_rep_too,0.5043152370291499,0.14988802498684542,0.23904220800663292,0.7736520975860007
Luzerne County,vap_oth_b,uss_16_dem_mcg,0.6370096875186491,0.13395254647772678,0.37052061233475314,0.8647188643785554
Luzerne County,vap_oth_b,uss_16_rep_too,0.36299031248135094,0.13395254647772678,0.1352811356214446,0.6294793876652468
Luzerne County,vap_white,atg_16_dem_sha,0.46136886078473,0.00584151131707571,0.4502220499310538,0.4727529014865641
Luzerne County,vap_white,atg_16_rep_raf,0.5386311392152701,0.00584151131707571,0.527247098513436,0.5497779500689463
Luzerne County,vap_black,atg_16_dem_sha,0.8448698999784443,0.04805008452588533,0.7367513146300944,0.9267247785040068
Luzerne County,vap_black,atg_16_rep_raf,0.15513010002155567,0.04805008452588533,0.07327522149599282,0.2632486853699056
Luzerne County,vap_hisp,atg_16_dem_sha,0.7181288237820673,0.03299680536375836,0.6501091416856317,0.7817605372422408
Luzerne County,vap_hisp,atg_16_rep_raf,0.2818711762179325,0.03299680536375836,0.21823946275775907,0.34989085831436806
Luzerne County,vap_asian,atg_16_dem_sha,0.5097224486224491,0.14980626879534312,0.23624152368947637,0.799401224935672
Luzerne County,vap_asian,atg_16_rep_raf,0.49027755137755086,0.14980626879534312,0.20059877506432777,0.7637584763105236
Luzerne County,vap_aian,atg_16_dem_sha,0.49037288443067617,0.1601372862483861,0.18943296192470152,0.787320950202825
Luzerne County,vap_aian,atg_16_rep_raf,0.5096271155693237,0.1601372862483861,0.21267904979717456,0.8105670380752983
Luzerne County,vap_oth_b,atg_16_dem_sha,0.6282272999847075,0.13775241884166448,0.3116238828714233,0.8429763568016223
Luzerne County,vap_oth_b,atg_16_rep_raf,0.3717727000152925,0.13775241884166448,0.1570236431983777,0.6883761171285767
Luzerne County,vap_white,uss_18_dem_cas,0.4336862181443296,0.00623466628062302,0.4218915844968796,0.4457432438651961
Luzerne County,vap_white,uss_18_rep_bar,0.5663137818556705,0.00623466628062302,0.554256756134804,0.5781084155031204
Luzerne County,vap_black,uss_18_dem_cas,0.830939562458612,0.05469038433949164,0.6988102672509593,0.9129976531312912
Luzerne County,vap_black,uss_18_rep_bar,0.1690604375413879,0.05469038433949164,0.08700234686870881,0.30118973274904043
Luzerne County,vap_hisp,uss_18_dem_cas,0.5762200819969453,0.03813313125519055,0.49890327307003673,0.6465622182197659
Luzerne County,vap_hisp,uss_18_rep_bar,0.42377991800305453,0.03813313125519055,0.3534377817802339,0.5010967269299631
Luzerne County,vap_asian,uss_18_dem_cas,0.5414819993719479,0.1639415296758455,0.23607880742253615,0.8337011246879825
Luzerne County,vap_asian,uss_18_rep_bar,0.4585180006280521,0.1639415296758455,0.1662988753120175,0.7639211925774637
Luzerne County,vap_aian,uss_18_dem_cas,0.5168519597025307,0.15807216250674588,0.2317300662881927,0.8128321156013759
Luzerne County,vap_aian,uss_18_rep_bar,0.4831480402974691,0.15807216250674588,0.18716788439862397,0.7682699337118071
Luzerne County,vap_oth_b,uss_18_dem_cas,0.5787871196945876,0.15125514410188615,0.2676046266853715,0.8479449186650614
Luzerne County,vap_oth_b,uss_18_rep_bar,0.4212128803054124,0.15125514410188615,0.15205508133493867,0.7323953733146286
Luzerne County,vap_white,gov_18_dem_wol,0.4993875010833352,0.00570038992813505,0.48839388235244846,0.510774210157002
Luzerne County,vap_white,gov_18_rep_wag,0.5006124989166648,0.00570038992813505,0.4892257898429981,0.5116061176475516
Luzerne County,vap_black,gov_18_dem_wol,0.8554051569595272,0.05197984730253472,0.7331366990261977,0.9371999051721588
Luzerne County,vap_black,gov_18_rep_wag,0.14459484304047274,0.05197984730253472,0.06280009482784106,0.2668633009738024
Luzerne County,vap_hisp,gov_18_dem_wol,0.6612796390509093,0.03352216139877698,0.5966708301790574,0.7283446961161658
Luzerne County,vap_hisp,gov_18_rep_wag,0.3387203609490906,0.03352216139877698,0.2716553038838341,0.40332916982094247
Luzerne County,vap_asian,gov_18_dem_wol,0.568320772115126,0.14366115581866476,0.278529288252353,0.8129765620295821
Luzerne County,vap_asian,gov_18_rep_wag,0.4316792278848739,0.14366115581866476,0.18702343797041784,0.7214707117476469
Luzerne County,vap_aian,gov_18_dem_wol,0.5246264841761938,0.1695709392508966,0.2278787450431649,0.8437879361708663
Luzerne County,vap_aian,gov_18_rep_wag,0.4753735158238061,0.1695709392508966,0.15621206382913358,0.7721212549568348
Luzerne County,vap_oth_b,gov_18_dem_wol,0.5538590858911133,0.14927546910286563,0.2472951147284863,0.847471313870748
Luzerne County,vap_oth_b,gov_18_rep_wag,0.44614091410888673,0.14927546910286563,0.15252868612925205,0.7527048852715137
Luzerne County,vap_white,pre_20_dem_bid,0.39223486585697703,0.00633041875956901,0.3811090634227032,0.4048847264326507
Luzerne County,vap_white,pre_20_rep_tru,0.607765134143023,0.00633041875956901,0.5951152735673493,0.6188909365772969
Luzerne County,vap_black,pre_20_dem_bid,0.8389553386413791,0.04747073804167509,0.7275081697888013,0.914388426051169
Luzerne County,vap_black,pre_20_rep_tru,0.16104466135862086,0.04747073804167509,0.08561157394883089,0.2724918302111988
Luzerne County,vap_hisp,pre_20_dem_bid,0.5777047958346455,0.0338906652312671,0.5122174541862579,0.6455886636182384
Luzerne County,vap_hisp,pre_20_rep_tru,0.4222952041653544,0.0338906652312671,0.3544113363817615,0.4877825458137421
Luzerne County,vap_asian,pre_20_dem_bid,0.5747946208962834,0.16660790566449196,0.1986299650054984,0.8269536156940367
Luzerne County,vap_asian,pre_20_rep_tru,0.4252053791037166,0.16660790566449196,0.17304638430596322,0.8013700349945014
Luzerne County,vap_aian,pre_20_dem_bid,0.5090713319383021,0.16092492026534003,0.2125034252259368,0.8125607655043888
Luzerne County,vap_aian,pre_20_rep_tru,0.4909286680616978,0.16092492026534003,0.187439234495611,0.7874965747740631
Luzerne County,vap_oth_b,pre_20_dem_bid,0.5954123706739715,0.14816386349341695,0.2918097234773521,0.8558559209710316
Luzerne County,vap_oth_b,pre_20_rep_tru,0.40458762932602865,0.14816386349341695,0.14414407902896834,0.7081902765226479
Luzerne County,vap_white,atg_20_dem_sha,0.470171721967113,0.00557148941156713,0.4599943211900697,0.481299799201229
Luzerne County,vap_white,atg_20_rep_hei,0.529828278032887,0.00557148941156713,0.5187002007987711,0.5400056788099303
Luzerne County,vap_black,atg_20_dem_sha,0.8900939400450528,0.0405210899222495,0.792433865588976,0.9513340401957856
Luzerne County,vap_black,atg_20_rep_hei,0.10990605995494714,0.0405210899222495,0.04866595980421427,0.20756613441102384
Luzerne County,vap_hisp,atg_20_dem_sha,0.6510102208636407,0.03070490476602692,0.5888086169194058,0.7086856171547806
Luzerne County,vap_hisp,atg_20_rep_hei,0.3489897791363592,0.03070490476602692,0.2913143828452192,0.41119138308059416
Luzerne County,vap_asian,atg_20_dem_sha,0.6005168371148653,0.16255662025391693,0.287555314817746,0.8768603784462898
Luzerne County,vap_asian,atg_20_rep_hei,0.3994831628851347,0.16255662025391693,0.12313962155371008,0.7124446851822539
Luzerne County,vap_aian,atg_20_dem_sha,0.5127649009294516,0.16578467297973654,0.2155715198224719,0.8190152583198854
Luzerne County,vap_aian,atg_20_rep_hei,0.4872350990705483,0.16578467297973654,0.18098474168011436,0.7844284801775278
Luzerne County,vap_oth_b,atg_20_dem_sha,0.581682850274758,0.14422676788720712,0.2703750050291602,0.8234516630948392
Luzerne County,vap_oth_b,atg_20_rep_hei,0.418317149725242,0.14422676788720712,0.17654833690516075,0.7296249949708397
Lycoming County,vap_white,pre_16_dem_cli,0.20844584631640403,0.00590941931177107,0.19795351066704553,0.22084144357339305
Lycoming County,vap_white,pre_16_rep_tru,0.7915541536835958,0.00590941931177107,0.7791585564266068,0.8020464893329544
Lycoming County,vap_black,pre_16_dem_cli,0.8828820844027409,0.05782323234354186,0.7373363034644761,0.9617923174181666
Lycoming County,vap_black,pre_16_rep_tru,0.11711791559725925,0.05782323234354186,0.03820768258183341,0.2626636965355239
Lycoming County,vap_hisp,pre_16_dem_cli,0.6289120851983883,0.14366906705211052,0.3261521624151962,0.8627752078368041
Lycoming County,vap_hisp,pre_16_rep_tru,0.3710879148016118,0.14366906705211052,0.13722479216319608,0.6738478375848038
Lycoming County,vap_asian,pre_16_dem_cli,0.5762074969752883,0.15107187866814825,0.28178518346616643,0.8539815517937694
Lycoming County,vap_asian,pre_16_rep_tru,0.42379250302471183,0.15107187866814825,0.14601844820623053,0.7182148165338336
Lycoming County,vap_aian,pre_16_dem_cli,0.4773068920405012,0.15763141934022473,0.1966365776142414,0.7870638052762947
Lycoming County,vap_aian,pre_16_rep_tru,0.5226931079594987,0.15763141934022473,0.2129361947237051,0.8033634223857585
Lycoming County,vap_oth_b,pre_16_dem_cli,0.6696104235406347,0.14360265495346528,0.3402258501399293,0.8776780305876696
Lycoming County,vap_oth_b,pre_16_rep_tru,0.33038957645936534,0.14360265495346528,0.12232196941233038,0.6597741498600705
Lycoming County,vap_white,uss_16_dem_mcg,0.2507904091636305,0.00582482269639421,0.24027387275928944,0.26309845105997354
Lycoming County,vap_white,uss_16_rep_too,0.7492095908363694,0.00582482269639421,0.7369015489400265,0.7597261272407104
Lycoming County,vap_black,uss_16_dem_mcg,0.8685418391570161,0.0555337841412194,0.7300611588221432,0.9498152330856108
Lycoming County,vap_black,uss_16_rep_too,0.13145816084298392,0.0555337841412194,0.05018476691438931,0.2699388411778568
Lycoming County,vap_hisp,uss_16_dem_mcg,0.622297030125189,0.13521771653043743,0.32505521640941437,0.8540529045251865
Lycoming County,vap_hisp,uss_16_rep_too,0.3777029698748111,0.13521771653043743,0.14594709547481366,0.6749447835905855
Lycoming County,vap_asian,uss_16_dem_mcg,0.5607314816066316,0.14609132713804657,0.2795076446435016,0.8394947429209061
Lycoming County,vap_asian,uss_16_rep_too,0.43926851839336856,0.14609132713804657,0.16050525707909402,0.7204923553564984
Lycoming County,vap_aian,uss_16_dem_mcg,0.5208752292339648,0.16353905750059897,0.1837001292094788,0.8193303813610692
Lycoming County,vap_aian,uss_16_rep_too,0.4791247707660352,0.16353905750059897,0.18066961863893077,0.8162998707905211
Lycoming County,vap_oth_b,uss_16_dem_mcg,0.6630359800114481,0.12140271826142296,0.40388027172765406,0.8640661903496549
Lycoming County,vap_oth_b,uss_16_rep_too,0.3369640199885519,0.12140271826142296,0.13593380965034502,0.596119728272346
Lycoming County,vap_white,atg_16_dem_sha,0.26228324275881687,0.00723900374463281,0.2505899177110368,0.2791584472210601
Lycoming County,vap_white,atg_16_rep_raf,0.737716757241183,0.00723900374463281,0.7208415527789398,0.7494100822889631
Lycoming County,vap_black,atg_16_dem_sha,0.8637235081389888,0.05799314186997238,0.721652052210398,0.9504840625523718
Lycoming County,vap_black,atg_16_rep_raf,0.13627649186101126,0.05799314186997238,0.04951593744762818,0.2783479477896019
Lycoming County,vap_hisp,atg_16_dem_sha,0.626871548272069,0.1529394214969762,0.30013158494932235,0.8694290641362633
Lycoming County,vap_hisp,atg_16_rep_raf,0.3731284517279311,0.1529394214969762,0.13057093586373678,0.6998684150506777
Lycoming County,vap_asian,atg_16_dem_sha,0.5414682476893459,0.167356005901703,0.2092517778668344,0.8275319935928919
Lycoming County,vap_asian,atg_16_rep_raf,0.45853175231065424,0.167356005901703,0.17246800640710802,0.7907482221331655
Lycoming County,vap_aian,atg_16_dem_sha,0.529149782033313,0.16016061339633658,0.210316446528035,0.818582310731124
Lycoming County,vap_aian,atg_16_rep_raf,0.470850217966687,0.16016061339633658,0.18141768926887583,0.789683553471965
Lycoming County,vap_oth_b,atg_16_dem_sha,0.7287721446504584,0.16831910970656117,0.31662811905723903,0.9344398523632342
Lycoming County,vap_oth_b,atg_16_rep_raf,0.27122785534954164,0.16831910970656117,0.0655601476367659,0.683371880942761
Lycoming County,vap_white,uss_18_dem_cas,0.2973245621865438,0.00599630206409722,0.2867297990545969,0.30971427454229744
Lycoming County,vap_white,uss_18_rep_bar,0.7026754378134561,0.00599630206409722,0.6902857254577026,0.713270200945403
Lycoming County,vap_black,uss_18_dem_cas,0.8793784652081323,0.07249146887931576,0.7060789734175532,0.9729502816349038
Lycoming County,vap_black,uss_18_rep_bar,0.12062153479186766,0.07249146887931576,0.0270497183650961,0.29392102658244684
Lycoming County,vap_hisp,uss_18_dem_cas,0.7593439846480393,0.14935073295715356,0.4061243269348048,0.9409319729385168
Lycoming County,vap_hisp,uss_18_rep_bar,0.2406560153519608,0.14935073295715356,0.05906802706148331,0.5938756730651951
Lycoming County,vap_asian,uss_18_dem_cas,0.5301952111920764,0.1809938925312752,0.18082667210602849,0.8505509010727149
Lycoming County,vap_asian,uss_18_rep_bar,0.46980478880792376,0.1809938925312752,0.14944909892728514,0.8191733278939716
Lycoming County,vap_aian,uss_18_dem_cas,0.47501534387285393,0.15382488981938647,0.1961122330679798,0.7692455399632939
Lycoming County,vap_aian,uss_18_rep_bar,0.5249846561271461,0.15382488981938647,0.2307544600367061,0.8038877669320201
Lycoming County,vap_oth_b,uss_18_dem_cas,0.6727971980523149,0.1318332635834796,0.37366785701724714,0.8720191528521556
Lycoming County,vap_oth_b,uss_18_rep_bar,0.32720280194768514,0.1318332635834796,0.1279808471478445,0.6263321429827529
Lycoming County,vap_white,gov_18_dem_wol,0.3185310063334068,0.00625210755055747,0.3070612491444387,0.3316548815809408
Lycoming County,vap_white,gov_18_rep_wag,0.6814689936665931,0.00625210755055747,0.6683451184190591,0.6929387508555611
Lycoming County,vap_black,gov_18_dem_wol,0.8538648701071596,0.06536382926484471,0.6961417156830539,0.9474858119438916
Lycoming County,vap_black,gov_18_rep_wag,0.14613512989284047,0.06536382926484471,0.0525141880561085,0.3038582843169461
Lycoming County,vap_hisp,gov_18_dem_wol,0.6612225682735121,0.1404701118109729,0.3528178809131,0.8762354187330016
Lycoming County,vap_hisp,gov_18_rep_wag,0.33877743172648794,0.14047011181097294,0.12376458126699838,0.6471821190868998
Lycoming County,vap_asian,gov_18_dem_wol,0.5226973777915579,0.16742912007911218,0.2021561068641369,0.8220145920190366
Lycoming County,vap_asian,gov_18_rep_wag,0.47730262220844216,0.16742912007911218,0.17798540798096343,0.7978438931358631
Lycoming County,vap_aian,gov_18_dem_wol,0.5127279243230636,0.16809811495197324,0.18713763493490335,0.8085906235790888
Lycoming County,vap_aian,gov_18_rep_wag,0.4872720756769364,0.16809811495197324,0.19140937642091105,0.8128623650650966
Lycoming County,vap_oth_b,gov_18_dem_wol,0.6651153661047915,0.1188992760638984,0.40664380441772335,0.8649443718756495
Lycoming County,vap_oth_b,gov_18_rep_wag,0.3348846338952085,0.1188992760638984,0.13505562812435049,0.5933561955822766
Lycoming County,vap_white,pre_20_dem_bid,0.23173882858524555,0.00577667888289223,0.22129725158064492,0.24385130019049503
Lycoming County,vap_white,pre_20_rep_tru,0.7682611714147544,0.00577667888289223,0.7561486998095048,0.7787027484193549
Lycoming County,vap_black,pre_20_dem_bid,0.8616939942102763,0.05767787178698549,0.7261861579161379,0.9496225798734907
Lycoming County,vap_black,pre_20_rep_tru,0.1383060057897238,0.05767787178698549,0.05037742012650923,0.2738138420838621
Lycoming County,vap_hisp,pre_20_dem_bid,0.6121642176664979,0.1453574081529728,0.3130888762353414,0.857651132511554
Lycoming County,vap_hisp,pre_20_rep_tru,0.38783578233350224,0.1453574081529728,0.14234886748844602,0.6869111237646587
Lycoming County,vap_asian,pre_20_dem_bid,0.5437490294996378,0.14506905380049226,0.26567587412342625,0.8114515155194651
Lycoming County,vap_asian,pre_20_rep_tru,0.45625097050036223,0.14506905380049226,0.18854848448053488,0.7343241258765737
Lycoming County,vap_aian,pre_20_dem_bid,0.5077226717744975,0.1603015784382834,0.2017863385320322,0.799210370773073
Lycoming County,vap_aian,pre_20_rep_tru,0.4922773282255025,0.1603015784382834,0.2007896292269269,0.7982136614679677
Lycoming County,vap_oth_b,pre_20_dem_bid,0.6589616550848437,0.13671024206147106,0.3738825219268836,0.8743453397956349
Lycoming County,vap_oth_b,pre_20_rep_tru,0.34103834491515633,0.13671024206147106,0.12565466020436522,0.6261174780731164
Lycoming County,vap_white,atg_20_dem_sha,0.25764490897572667,0.00612465921494417,0.24712242943071427,0.2707592124970575
Lycoming County,vap_white,atg_20_rep_hei,0.7423550910242732,0.00612465921494417,0.7292407875029423,0.7528775705692857
Lycoming County,vap_black,atg_20_dem_sha,0.9006577652868023,0.05770915307436043,0.7578552519623963,0.9724945034979896
Lycoming County,vap_black,atg_20_rep_hei,0.0993422347131977,0.05770915307436043,0.02750549650201017,0.2421447480376036
Lycoming County,vap_hisp,atg_20_dem_sha,0.6645301682244525,0.13841465654016877,0.3433533881058722,0.8754291468756246
Lycoming County,vap_hisp,atg_20_rep_hei,0.33546983177554746,0.13841465654016877,0.12457085312437556,0.6566466118941277
Lycoming County,vap_asian,atg_20_dem_sha,0.5618922708485617,0.16255481870869462,0.23725990670603028,0.8269722812695115
Lycoming County,vap_asian,atg_20_rep_hei,0.4381077291514383,0.16255481870869462,0.17302771873048836,0.7627400932939696
Lycoming County,vap_aian,atg_20_dem_sha,0.513483665476055,0.17281577732043454,0.15096911565292034,0.8192028213433385
Lycoming County,vap_aian,atg_20_rep_hei,0.486516334523945,0.17281577732043452,0.18079717865666145,0.8490308843470795
Lycoming County,vap_oth_b,atg_20_dem_sha,0.67442705515494,0.13616638321793095,0.363440531408465,0.8871661175041985
Lycoming County,vap_oth_b,atg_20_rep_hei,0.3255729448450601,0.13616638321793095,0.1128338824958014,0.636559468591535
McKean County,vap_white,pre_16_dem_cli,0.24261767847128585,0.00831226476373744,0.22691416894610936,0.2585477225992807
McKean County,vap_white,pre_16_rep_tru,0.7573823215287142,0.00831226476373744,0.7414522774007193,0.7730858310538907
McKean County,vap_black,pre_16_dem_cli,0.3223795938274759,0.12361474303832806,0.10141972962183216,0.5646592897859077
McKean County,vap_black,pre_16_rep_tru,0.6776204061725242,0.12361474303832806,0.43534071021409226,0.8985802703781677
McKean County,vap_hisp,pre_16_dem_cli,0.49287860925522153,0.1667413870131474,0.18297260965017864,0.8020584414388762
McKean County,vap_hisp,pre_16_rep_tru,0.5071213907447785,0.1667413870131474,0.1979415585611237,0.8170273903498214
McKean County,vap_asian,pre_16_dem_cli,0.5199479602035206,0.16965479853220014,0.18714912750156476,0.8311264504579309
McKean County,vap_asian,pre_16_rep_tru,0.4800520397964794,0.16965479853220014,0.16887354954206912,0.8128508724984354
McKean County,vap_aian,pre_16_dem_cli,0.5102875977549733,0.167878775369764,0.1882419476869033,0.8178838674454255
McKean County,vap_aian,pre_16_rep_tru,0.4897124022450267,0.167878775369764,0.1821161325545745,0.8117580523130966
McKean County,vap_oth_b,pre_16_dem_cli,0.5313572463133853,0.16999350237536637,0.23007516218781843,0.8496015123954083
McKean County,vap_oth_b,pre_16_rep_tru,0.4686427536866148,0.1699935023753664,0.15039848760459176,0.7699248378121816
McKean County,vap_white,uss_16_dem_mcg,0.24657799132672317,0.00798419871548473,0.2306509517182356,0.26163082434175233
McKean County,vap_white,uss_16_rep_too,0.7534220086732768,0.00798419871548473,0.7383691756582477,0.7693490482817644
McKean County,vap_black,uss_16_dem_mcg,0.35025954790066083,0.13182420801157568,0.10051010716187206,0.601913938288293
McKean County,vap_black,uss_16_rep_too,0.6497404520993393,0.13182420801157568,0.398086061711707,0.8994898928381281
McKean County,vap_hisp,uss_16_dem_mcg,0.46650070041963754,0.16677293399491236,0.1534362672219251,0.7853623185083135
McKean County,vap_hisp,uss_16_rep_too,0.5334992995803625,0.16677293399491236,0.2146376814916865,0.8465637327780748
McKean County,vap_asian,uss_16_dem_mcg,0.503702201006846,0.17634293076470964,0.17714055773618137,0.8497805800158665
McKean County,vap_asian,uss_16_rep_too,0.496297798993154,0.17634293076470964,0.1502194199841335,0.8228594422638186
McKean County,vap_aian,uss_16_dem_mcg,0.5195488183860986,0.16711052881250163,0.1941534401109492,0.8336861629962021
McKean County,vap_aian,uss_16_rep_too,0.48045118161390143,0.16711052881250163,0.16631383700379784,0.8058465598890509
McKean County,vap_oth_b,uss_16_dem_mcg,0.5296247340381657,0.1531323049390942,0.247523167863135,0.8161066261799093
McKean County,vap_oth_b,uss_16_rep_too,0.4703752659618344,0.1531323049390942,0.18389337382009072,0.7524768321368651
McKean County,vap_white,atg_16_dem_sha,0.2643256009334709,0.00847787637342031,0.24681671907009023,0.27992175244697587
McKean County,vap_white,atg_16_rep_raf,0.7356743990665291,0.00847787637342031,0.7200782475530241,0.7531832809299098
McKean County,vap_black,atg_16_dem_sha,0.363547478434408,0.13573047832735888,0.10966632207077828,0.6210828479538907
McKean County,vap_black,atg_16_rep_raf,0.6364525215655921,0.13573047832735888,0.37891715204610926,0.8903336779292216
McKean County,vap_hisp,atg_16_dem_sha,0.5133411393138498,0.1719135649799595,0.1845106186423027,0.8248268203067758
McKean County,vap_hisp,atg_16_rep_raf,0.4866588606861502,0.1719135649799595,0.17517317969322413,0.8154893813576972
McKean County,vap_asian,atg_16_dem_sha,0.5110837655080138,0.17398739229073937,0.1817158483614857,0.8317862694954516
McKean County,vap_asian,atg_16_rep_raf,0.4889162344919862,0.17398739229073937,0.16821373050454844,0.8182841516385142
McKean County,vap_aian,atg_16_dem_sha,0.5129295450565248,0.17065457376111826,0.177763386089942,0.8247479721119804
McKean County,vap_aian,atg_16_rep_raf,0.4870704549434753,0.17065457376111826,0.17525202788801963,0.8222366139100579
McKean County,vap_oth_b,atg_16_dem_sha,0.5234088254124912,0.17121706787686464,0.2238215354737128,0.8878573251635138
McKean County,vap_oth_b,atg_16_rep_raf,0.4765911745875088,0.17121706787686464,0.11214267483648609,0.7761784645262872
McKean County,vap_white,uss_18_dem_cas,0.32175391462015013,0.00886942202605914,0.30455175501772996,0.33872756408558125
McKean County,vap_white,uss_18_rep_bar,0.6782460853798499,0.00886942202605914,0.6612724359144188,0.69544824498227
McKean County,vap_black,uss_18_dem_cas,0.38499933011533,0.1463707390736804,0.1147758831301235,0.6722179211877016
McKean County,vap_black,uss_18_rep_bar,0.6150006698846701,0.1463707390736804,0.3277820788122984,0.8852241168698767
McKean County,vap_hisp,uss_18_dem_cas,0.5021615428607967,0.17547820660426697,0.17623678493813713,0.825235344670061
McKean County,vap_hisp,uss_18_rep_bar,0.49783845713920327,0.17547820660426697,0.17476465532993912,0.823763215061863
McKean County,vap_asian,uss_18_dem_cas,0.5212572187938946,0.1611224824264738,0.19784149700038575,0.8100036663844664
McKean County,vap_asian,uss_18_rep_bar,0.4787427812061054,0.1611224824264738,0.1899963336155336,0.8021585029996142
McKean County,vap_aian,uss_18_dem_cas,0.5032516284061153,0.1866085590262141,0.1613608996783429,0.8554085059664425
McKean County,vap_aian,uss_18_rep_bar,0.4967483715938848,0.1866085590262141,0.1445914940335575,0.8386391003216571
McKean County,vap_oth_b,uss_18_dem_cas,0.4953558184823249,0.17023446944548112,0.18029115372687168,0.8068843658613609
McKean County,vap_oth_b,uss_18_rep_bar,0.5046441815176752,0.17023446944548112,0.1931156341386391,0.8197088462731285
McKean County,vap_white,gov_18_dem_wol,0.3079935755535925,0.00848514138292892,0.29190761210162064,0.32468746864328163
McKean County,vap_white,gov_18_rep_wag,0.6920064244464075,0.00848514138292893,0.6753125313567184,0.7080923878983794
McKean County,vap_black,gov_18_dem_wol,0.3914249626186944,0.15336101024030707,0.098143870828281,0.6849211431284538
McKean County,vap_black,gov_18_rep_wag,0.6085750373813056,0.15336101024030707,0.3150788568715463,0.901856129171719
McKean County,vap_hisp,gov_18_dem_wol,0.499824579977322,0.16525837560143528,0.1743526381686777,0.8144038282565463
McKean County,vap_hisp,gov_18_rep_wag,0.500175420022678,0.16525837560143528,0.1855961717434537,0.8256473618313224
McKean County,vap_asian,gov_18_dem_wol,0.5120192032065335,0.175024382421981,0.181813115607345,0.8326256318770563
McKean County,vap_asian,gov_18_rep_wag,0.48798079679346656,0.175024382421981,0.1673743681229438,0.818186884392655
McKean County,vap_aian,gov_18_dem_wol,0.4906986243789437,0.17648750995771836,0.16308857946346417,0.8354044617287066
McKean County,vap_aian,gov_18_rep_wag,0.5093013756210564,0.17648750995771836,0.16459553827129347,0.836911420536536
McKean County,vap_oth_b,gov_18_dem_wol,0.5109597634831614,0.16237118320108374,0.197578020645134,0.8116198738415599
McKean County,vap_oth_b,gov_18_rep_wag,0.48904023651683864,0.16237118320108374,0.18838012615844,0.8024219793548659
McKean County,vap_white,pre_20_dem_bid,0.24866072048426072,0.00787715919391142,0.23391600506872945,0.26436996757849657
McKean County,vap_white,pre_20_rep_tru,0.7513392795157393,0.00787715919391142,0.7356300324215035,0.7660839949312706
McKean County,vap_black,pre_20_dem_bid,0.3308453555857403,0.13523472322543045,0.0851905273522893,0.5893064913516997
McKean County,vap_black,pre_20_rep_tru,0.6691546444142598,0.13523472322543045,0.41069350864830034,0.9148094726477108
McKean County,vap_hisp,pre_20_dem_bid,0.4956444877476315,0.17918984837494248,0.16810247103005857,0.856369612294873
McKean County,vap_hisp,pre_20_rep_tru,0.5043555122523686,0.17918984837494248,0.1436303877051271,0.8318975289699414
McKean County,vap_asian,pre_20_dem_bid,0.5105022830572052,0.1795097767466614,0.15875313022029183,0.8402329732586287
McKean County,vap_asian,pre_20_rep_tru,0.4894977169427947,0.1795097767466614,0.15976702674137128,0.8412468697797081
McKean County,vap_aian,pre_20_dem_bid,0.5137116876618911,0.16478478964674,0.20378559674868096,0.8241869318190811
McKean County,vap_aian,pre_20_rep_tru,0.486288312338109,0.16478478964674,0.17581306818091896,0.7962144032513191
McKean County,vap_oth_b,pre_20_dem_bid,0.5505260168049347,0.160309055263115,0.22254955299444457,0.8265530575773942
McKean County,vap_oth_b,pre_20_rep_tru,0.4494739831950653,0.160309055263115,0.1734469424226058,0.7774504470055553
McKean County,vap_white,atg_20_dem_sha,0.2558480562052966,0.00781880120765958,0.24099054917283233,0.27115424796076965
McKean County,vap_white,atg_20_rep_hei,0.7441519437947034,0.00781880120765958,0.7288457520392302,0.7590094508271678
McKean County,vap_black,atg_20_dem_sha,0.33362428206614264,0.12462166652345022,0.10147166763036738,0.5725905888023428
McKean County,vap_black,atg_20_rep_hei,0.6663757179338574,0.12462166652345022,0.4274094111976572,0.8985283323696327
McKean County,vap_hisp,atg_20_dem_sha,0.5152268060007447,0.16802364321207564,0.1805829033748784,0.8275024674342993
McKean County,vap_hisp,atg_20_rep_hei,0.4847731939992554,0.16802364321207564,0.1724975325657004,0.8194170966251215
McKean County,vap_asian,atg_20_dem_sha,0.5314182357233456,0.15987940217998356,0.21732154147482757,0.8376862919072063
McKean County,vap_asian,atg_20_rep_hei,0.4685817642766544,0.15987940217998356,0.16231370809279363,0.7826784585251725
McKean County,vap_aian,atg_20_dem_sha,0.4540838843763358,0.18985388708805623,0.09393570137261265,0.8085541054592148
McKean County,vap_aian,atg_20_rep_hei,0.5459161156236643,0.18985388708805623,0.1914458945407853,0.9060642986273872
McKean County,vap_oth_b,atg_20_dem_sha,0.5344834603923325,0.16722710436972352,0.21764710352461303,0.8706182895529669
McKean County,vap_oth_b,atg_20_rep_hei,0.4655165396076676,0.16722710436972352,0.12938171044703314,0.782352896475387
Mercer County,vap_white,pre_16_dem_cli,0.32941298242863976,0.00552271311213265,0.3196197735895078,0.3410978363556677
Mercer County,vap_white,pre_16_rep_tru,0.6705870175713602,0.00552271311213265,0.6589021636443322,0.6803802264104921
Mercer County,vap_black,pre_16_dem_cli,0.919530134937319,0.02787046594669804,0.8578505510184173,0.9653003701923834
Mercer County,vap_black,pre_16_rep_tru,0.08046986506268089,0.02787046594669804,0.03469962980761658,0.1421494489815826
Mercer County,vap_hisp,pre_16_dem_cli,0.5749743353839678,0.14685616712464702,0.28394405188003763,0.8246817165974786
Mercer County,vap_hisp,pre_16_rep_tru,0.42502566461603225,0.14685616712464702,0.17531828340252142,0.7160559481199622
Mercer County,vap_asian,pre_16_dem_cli,0.5068002527252323,0.1639289969316889,0.19469424895219256,0.8152306508804198
Mercer County,vap_asian,pre_16_rep_tru,0.4931997472747677,0.1639289969316889,0.18476934911958012,0.8053057510478074
Mercer County,vap_aian,pre_16_dem_cli,0.5154247112162098,0.16778106771521656,0.19729096616290223,0.8192666979805359
Mercer County,vap_aian,pre_16_rep_tru,0.4845752887837902,0.16778106771521656,0.18073330201946416,0.8027090338370977
Mercer County,vap_oth_b,pre_16_dem_cli,0.734520211052959,0.11143953874574045,0.4832228663876446,0.9019793449568873
Mercer County,vap_oth_b,pre_16_rep_tru,0.26547978894704094,0.11143953874574045,0.09802065504311268,0.5167771336123552
Mercer County,vap_white,uss_16_dem_mcg,0.3437965610071884,0.00535894299545704,0.3344391971928115,0.3550910315063957
Mercer County,vap_white,uss_16_rep_too,0.6562034389928115,0.00535894299545704,0.6449089684936041,0.6655608028071884
Mercer County,vap_black,uss_16_dem_mcg,0.9336911908949408,0.02542163247533741,0.8754262578383968,0.9743322457177458
Mercer County,vap_black,uss_16_rep_too,0.06630880910505918,0.02542163247533741,0.02566775428225414,0.12457374216160308
Mercer County,vap_hisp,uss_16_dem_mcg,0.5800046443692028,0.14862166460542003,0.25252066646504656,0.8307663800856948
Mercer County,vap_hisp,uss_16_rep_too,0.4199953556307972,0.14862166460542003,0.16923361991430522,0.7474793335349534
Mercer County,vap_asian,uss_16_dem_mcg,0.5394982991264003,0.18547762168112877,0.1770170533627611,0.8575522121805864
Mercer County,vap_asian,uss_16_rep_too,0.4605017008735997,0.18547762168112877,0.14244778781941367,0.8229829466372387
Mercer County,vap_aian,uss_16_dem_mcg,0.494009007516566,0.1773508258529479,0.15179912579703808,0.812889777157459
Mercer County,vap_aian,uss_16_rep_too,0.505990992483434,0.1773508258529479,0.18711022284254103,0.8482008742029619
Mercer County,vap_oth_b,uss_16_dem_mcg,0.723228110331718,0.09959065261329168,0.5062582692474901,0.8856400826967553
Mercer County,vap_oth_b,uss_16_rep_too,0.276771889668282,0.09959065261329168,0.1143599173032446,0.4937417307525098
Mercer County,vap_white,atg_16_dem_sha,0.3713157311958692,0.00527937503726378,0.3616958794669649,0.38217266921574744
Mercer County,vap_white,atg_16_rep_raf,0.6286842688041308,0.00527937503726378,0.6178273307842524,0.6383041205330349
Mercer County,vap_black,atg_16_dem_sha,0.9407964975318984,0.02357583864537408,0.8886565428774831,0.978249601891764
Mercer County,vap_black,atg_16_rep_raf,0.0592035024681016,0.02357583864537408,0.02175039810823592,0.1113434571225167
Mercer County,vap_hisp,atg_16_dem_sha,0.5786467247971381,0.1607898281717869,0.25173050899083876,0.8637453107892491
Mercer County,vap_hisp,atg_16_rep_raf,0.4213532752028619,0.1607898281717869,0.1362546892107509,0.7482694910091613
Mercer County,vap_asian,atg_16_dem_sha,0.5408250671519881,0.1552963160307207,0.2280722005935124,0.8260910628999398
Mercer County,vap_asian,atg_16_rep_raf,0.4591749328480119,0.15529631603072072,0.17390893710006017,0.7719277994064876
Mercer County,vap_aian,atg_16_dem_sha,0.508279797371064,0.16491726779755778,0.2104048592825311,0.8132876187385147
Mercer County,vap_aian,atg_16_rep_raf,0.49172020262893607,0.16491726779755778,0.18671238126148532,0.789595140717469
Mercer County,vap_oth_b,atg_16_dem_sha,0.7163758941431356,0.10375675620732593,0.484244980864038,0.8844135541121841
Mercer County,vap_oth_b,atg_16_rep_raf,0.2836241058568643,0.10375675620732593,0.11558644588781576,0.5157550191359619
Mercer County,vap_white,uss_18_dem_cas,0.41990166270255663,0.00600551003228873,0.40891563178234824,0.4326133021891226
Mercer County,vap_white,uss_18_rep_bar,0.5800983372974433,0.00600551003228872,0.5673866978108774,0.5910843682176516
Mercer County,vap_black,uss_18_dem_cas,0.9221982241326494,0.02999845681361094,0.8515834565092029,0.9664714776321665
Mercer County,vap_black,uss_18_rep_bar,0.0778017758673506,0.02999845681361094,0.03352852236783355,0.14841654349079708
Mercer County,vap_hisp,uss_18_dem_cas,0.5647143038071718,0.16609809656519353,0.2590706381531698,0.8732029518226356
Mercer County,vap_hisp,uss_18_rep_bar,0.43528569619282825,0.16609809656519353,0.12679704817736434,0.7409293618468302
Mercer County,vap_asian,uss_18_dem_cas,0.5395157498861426,0.1588622074323476,0.2159845047874931,0.8226931620102802
Mercer County,vap_asian,uss_18_rep_bar,0.46048425011385746,0.1588622074323476,0.17730683798971958,0.7840154952125069
Mercer County,vap_aian,uss_18_dem_cas,0.4830522147384281,0.16726314166022535,0.1915785997521999,0.8072881262475181
Mercer County,vap_aian,uss_18_rep_bar,0.5169477852615719,0.16726314166022535,0.19271187375248183,0.8084214002478
Mercer County,vap_oth_b,uss_18_dem_cas,0.7492003397255594,0.1155388891624352,0.4592027698110921,0.9192871115179434
Mercer County,vap_oth_b,uss_18_rep_bar,0.25079966027444056,0.1155388891624352,0.08071288848205653,0.5407972301889079
Mercer County,vap_white,gov_18_dem_wol,0.41977011536055986,0.0053078028577607,0.409797859740008,0.4306128957649087
Mercer County,vap_white,gov_18_rep_wag,0.58022988463944,0.0053078028577607,0.5693871042350911,0.590202140259992
Mercer County,vap_black,gov_18_dem_wol,0.9224059238703062,0.02877467314352392,0.8556142057888788,0.9690601161905428
Mercer County,vap_black,gov_18_rep_wag,0.07759407612969375,0.02877467314352392,0.03093988380945709,0.14438579421112105
Mercer County,vap_hisp,gov_18_dem_wol,0.5358803997110427,0.1619961002513591,0.23585061325762924,0.8265346441266433
Mercer County,vap_hisp,gov_18_rep_wag,0.4641196002889574,0.1619961002513591,0.17346535587335668,0.7641493867423709
Mercer County,vap_asian,gov_18_dem_wol,0.5185675036843138,0.15888178538901293,0.22894107243989445,0.8313577953210786
Mercer County,vap_asian,gov_18_rep_wag,0.4814324963156862,0.15888178538901293,0.16864220467892135,0.7710589275601055
Mercer County,vap_aian,gov_18_dem_wol,0.5499306210330619,0.1544912837345767,0.2452204447580779,0.8426965602882281
Mercer County,vap_aian,gov_18_rep_wag,0.4500693789669381,0.1544912837345767,0.15730343971177171,0.7547795552419221
Mercer County,vap_oth_b,gov_18_dem_wol,0.7593443688627518,0.09792806797936146,0.5515430564501265,0.9159771688004872
Mercer County,vap_oth_b,gov_18_rep_wag,0.2406556311372481,0.09792806797936146,0.08402283119951279,0.4484569435498734
Mercer County,vap_white,pre_20_dem_bid,0.3279367785416753,0.00520454375177736,0.3185545803782995,0.33899526824920945
Mercer County,vap_white,pre_20_rep_tru,0.6720632214583246,0.00520454375177736,0.6610047317507906,0.6814454196217005
Mercer County,vap_black,pre_20_dem_bid,0.914273122698366,0.02753691751783988,0.8529063714135032,0.960058705505102
Mercer County,vap_black,pre_20_rep_tru,0.08572687730163386,0.02753691751783988,0.03994129449489773,0.14709362858649674
Mercer County,vap_hisp,pre_20_dem_bid,0.5825675998828894,0.15715239000027018,0.26646974047870586,0.8495251105736953
Mercer County,vap_hisp,pre_20_rep_tru,0.4174324001171106,0.15715239000027018,0.1504748894263047,0.7335302595212938
Mercer County,vap_asian,pre_20_dem_bid,0.5003697843180279,0.16256513693010094,0.19443543773686017,0.7937913560630744
Mercer County,vap_asian,pre_20_rep_tru,0.4996302156819721,0.16256513693010094,0.2062086439369256,0.8055645622631399
Mercer County,vap_aian,pre_20_dem_bid,0.510600325117033,0.15984389645727728,0.18278390717791995,0.7951436666949965
Mercer County,vap_aian,pre_20_rep_tru,0.489399674882967,0.15984389645727728,0.20485633330500347,0.8172160928220801
Mercer County,vap_oth_b,pre_20_dem_bid,0.7246015277407469,0.1089081163412806,0.4819181211943792,0.8949842542059776
Mercer County,vap_oth_b,pre_20_rep_tru,0.275398472259253,0.1089081163412806,0.10501574579402231,0.5180818788056207
Mercer County,vap_white,atg_20_dem_sha,0.35211314094525675,0.00545897278638345,0.3427224964504562,0.3642815733240525
Mercer County,vap_white,atg_20_rep_hei,0.6478868590547432,0.00545897278638345,0.6357184266759474,0.6572775035495436
Mercer County,vap_black,atg_20_dem_sha,0.9209537465773918,0.029773652134887,0.8540584369417935,0.9687408555794031
Mercer County,vap_black,atg_20_rep_hei,0.07904625342260811,0.029773652134887,0.03125914442059673,0.14594156305820635
Mercer County,vap_hisp,atg_20_dem_sha,0.5723726495893174,0.13309303570489128,0.29483180667181635,0.8097238942460058
Mercer County,vap_hisp,atg_20_rep_hei,0.42762735041068256,0.13309303570489128,0.19027610575399423,0.7051681933281836
Mercer County,vap_asian,atg_20_dem_sha,0.5295307475183522,0.16146833314126915,0.21586383816864957,0.8155725601052423
Mercer County,vap_asian,atg_20_rep_hei,0.4704692524816479,0.16146833314126915,0.18442743989475768,0.7841361618313504
Mercer County,vap_aian,atg_20_dem_sha,0.49587202215837023,0.16795514284683002,0.16274944048065615,0.802036200561633
Mercer County,vap_aian,atg_20_rep_hei,0.5041279778416298,0.16795514284683002,0.19796379943836695,0.8372505595193438
Mercer County,vap_oth_b,atg_20_dem_sha,0.7135410345819067,0.11757350801155188,0.4456469966518335,0.8907539113265569
Mercer County,vap_oth_b,atg_20_rep_hei,0.28645896541809324,0.11757350801155188,0.10924608867344288,0.5543530033481661
Mifflin County,vap_white,pre_16_dem_cli,0.1932636215562259,0.00593559532172705,0.18196491185467073,0.2049551418205829
Mifflin County,vap_white,pre_16_rep_tru,0.8067363784437742,0.00593559532172705,0.7950448581794173,0.8180350881453293
Mifflin County,vap_black,pre_16_dem_cli,0.506419223302329,0.1734522313369764,0.17215150175531807,0.8220665978345942
Mifflin County,vap_black,pre_16_rep_tru,0.4935807766976709,0.1734522313369764,0.17793340216540554,0.8278484982446819
Mifflin County,vap_hisp,pre_16_dem_cli,0.5392461157822991,0.17342599502898895,0.18243973608085287,0.8370572224457857
Mifflin County,vap_hisp,pre_16_rep_tru,0.46075388421770097,0.17342599502898895,0.16294277755421427,0.8175602639191472
Mifflin County,vap_asian,pre_16_dem_cli,0.5198055341612716,0.17285157912225865,0.17232463279517457,0.8236196413643393
Mifflin County,vap_asian,pre_16_rep_tru,0.4801944658387284,0.17285157912225865,0.17638035863566065,0.8276753672048253
Mifflin County,vap_aian,pre_16_dem_cli,0.5191433095813969,0.18713259229627155,0.16133299707891327,0.8780268631310718
Mifflin County,vap_aian,pre_16_rep_tru,0.48085669041860313,0.18713259229627155,0.12197313686892802,0.8386670029210866
Mifflin County,vap_oth_b,pre_16_dem_cli,0.5426502861568409,0.1588168231991513,0.22916958909685375,0.8350458678709424
Mifflin County,vap_oth_b,pre_16_rep_tru,0.4573497138431591,0.1588168231991513,0.16495413212905738,0.7708304109031462
Mifflin County,vap_white,uss_16_dem_mcg,0.22573566315084848,0.00661906025840091,0.2128538851259278,0.23898938300634948
Mifflin County,vap_white,uss_16_rep_too,0.7742643368491515,0.00661906025840091,0.7610106169936506,0.7871461148740723
Mifflin County,vap_black,uss_16_dem_mcg,0.5075372655783913,0.17953087658249878,0.1690218002417505,0.8439493580224015
Mifflin County,vap_black,uss_16_rep_too,0.4924627344216086,0.17953087658249878,0.1560506419775983,0.8309781997582494
Mifflin County,vap_hisp,uss_16_dem_mcg,0.531198952963308,0.17971401438634033,0.18038356174445705,0.8699982704524952
Mifflin County,vap_hisp,uss_16_rep_too,0.468801047036692,0.17971401438634033,0.1300017295475048,0.8196164382555429
Mifflin County,vap_asian,uss_16_dem_mcg,0.503036053643403,0.1665522488635106,0.18284723695754845,0.8129004357314966
Mifflin County,vap_asian,uss_16_rep_too,0.49696394635659696,0.1665522488635106,0.1870995642685033,0.8171527630424514
Mifflin County,vap_aian,uss_16_dem_mcg,0.512661905267567,0.173573554252873,0.18839685130140035,0.8430399534501194
Mifflin County,vap_aian,uss_16_rep_too,0.4873380947324329,0.173573554252873,0.15696004654988058,0.8116031486985996
Mifflin County,vap_oth_b,uss_16_dem_mcg,0.5511421310585956,0.1813443672211533,0.1993775090574126,0.8884368903940342
Mifflin County,vap_oth_b,uss_16_rep_too,0.4488578689414045,0.1813443672211533,0.1115631096059657,0.8006224909425874
Mifflin County,vap_white,atg_16_dem_sha,0.25825882272835765,0.00648921333252459,0.24586301315248724,0.2707657687746312
Mifflin County,vap_white,atg_16_rep_raf,0.7417411772716423,0.00648921333252459,0.7292342312253688,0.7541369868475127
Mifflin County,vap_black,atg_16_dem_sha,0.52303820246683,0.16545294200927207,0.1961414081020725,0.8219444484873996
Mifflin County,vap_black,atg_16_rep_raf,0.47696179753317,0.16545294200927207,0.17805555151260036,0.8038585918979274
Mifflin County,vap_hisp,atg_16_dem_sha,0.5391623937763558,0.1810210350032364,0.18715831097901195,0.8720556862858754
Mifflin County,vap_hisp,atg_16_rep_raf,0.4608376062236442,0.1810210350032364,0.1279443137141246,0.8128416890209881
Mifflin County,vap_asian,atg_16_dem_sha,0.48948080707177344,0.1611496774510924,0.1875073619189793,0.8037186994431823
Mifflin County,vap_asian,atg_16_rep_raf,0.5105191929282266,0.1611496774510924,0.19628130055681747,0.8124926380810206
Mifflin County,vap_aian,atg_16_dem_sha,0.49051866389809007,0.1723576812113301,0.16832065470780652,0.8071816265727534
Mifflin County,vap_aian,atg_16_rep_raf,0.5094813361019099,0.1723576812113301,0.19281837342724656,0.8316793452921935
Mifflin County,vap_oth_b,atg_16_dem_sha,0.5292383870774418,0.18114082646315732,0.2088431258257875,0.9000377951984034
Mifflin County,vap_oth_b,atg_16_rep_raf,0.4707616129225582,0.18114082646315732,0.09996220480159648,0.7911568741742124
Mifflin County,vap_white,uss_18_dem_cas,0.28696690070568137,0.00690393985882034,0.27359479187708535,0.300541082125029
Mifflin County,vap_white,uss_18_rep_bar,0.7130330992943187,0.00690393985882034,0.6994589178749709,0.7264052081229144
Mifflin County,vap_black,uss_18_dem_cas,0.4898939459072742,0.18209754384125035,0.1449197944305791,0.8263937192299919
Mifflin County,vap_black,uss_18_rep_bar,0.5101060540927258,0.18209754384125035,0.17360628077000792,0.8550802055694207
Mifflin County,vap_hisp,uss_18_dem_cas,0.522078178717545,0.17227651880134157,0.17985446225470145,0.8282292448067227
Mifflin County,vap_hisp,uss_18_rep_bar,0.477921821282455,0.17227651880134157,0.17177075519327722,0.8201455377452986
Mifflin County,vap_asian,uss_18_dem_cas,0.8399820463278759,0.1462831550452318,0.3701067772053113,0.9758652195562588
Mifflin County,vap_asian,uss_18_rep_bar,0.16001795367212412,0.1462831550452318,0.02413478044374125,0.6298932227946886
Mifflin County,vap_aian,uss_18_dem_cas,0.49779393633009433,0.1741048248584244,0.17905425324165353,0.8270152004477643
Mifflin County,vap_aian,uss_18_rep_bar,0.5022060636699056,0.1741048248584244,0.17298479955223564,0.8209457467583464
Mifflin County,vap_oth_b,uss_18_dem_cas,0.5233335682425854,0.170693420502099,0.2036236856243052,0.8587784998630728
Mifflin County,vap_oth_b,uss_18_rep_bar,0.47666643175741463,0.170693420502099,0.1412215001369273,0.7963763143756947
Mifflin County,vap_white,gov_18_dem_wol,0.3052245987971224,0.00697851324268774,0.29161696296062295,0.3191634505757409
Mifflin County,vap_white,gov_18_rep_wag,0.6947754012028776,0.00697851324268774,0.680836549424259,0.7083830370393771
Mifflin County,vap_black,gov_18_dem_wol,0.5100538984512989,0.17242170023781198,0.1773351400815661,0.8245809238721775
Mifflin County,vap_black,gov_18_rep_wag,0.48994610154870105,0.17242170023781198,0.17541907612782226,0.8226648599184336
Mifflin County,vap_hisp,gov_18_dem_wol,0.5354243708557523,0.17521987787026405,0.18818800739577915,0.8415633988717914
Mifflin County,vap_hisp,gov_18_rep_wag,0.46457562914424766,0.17521987787026405,0.1584366011282086,0.8118119926042209
Mifflin County,vap_asian,gov_18_dem_wol,0.505097293051237,0.1818965679462518,0.15897755294319094,0.8650600140262648
Mifflin County,vap_asian,gov_18_rep_wag,0.4949027069487631,0.1818965679462518,0.13493998597373522,0.841022447056809
Mifflin County,vap_aian,gov_18_dem_wol,0.49734668725883224,0.17629326197320247,0.15998487796297456,0.820704530499726
Mifflin County,vap_aian,gov_18_rep_wag,0.5026533127411678,0.17629326197320247,0.179295469500274,0.8400151220370253
Mifflin County,vap_oth_b,gov_18_dem_wol,0.5136046872130938,0.1724581207893113,0.17895868537257756,0.8329156855073324
Mifflin County,vap_oth_b,gov_18_rep_wag,0.4863953127869062,0.1724581207893113,0.16708431449266753,0.8210413146274222
Mifflin County,vap_white,pre_20_dem_bid,0.19811445235133024,0.00589729621327888,0.18689062199247072,0.20999061910867892
Mifflin County,vap_white,pre_20_rep_tru,0.8018855476486698,0.00589729621327888,0.7900093808913211,0.8131093780075294
Mifflin County,vap_black,pre_20_dem_bid,0.5181013297543635,0.16932012373620126,0.1817425010501896,0.8280344324601173
Mifflin County,vap_black,pre_20_rep_tru,0.4818986702456364,0.16932012373620126,0.17196556753988246,0.8182574989498104
Mifflin County,vap_hisp,pre_20_dem_bid,0.5107006495587988,0.17649817756572536,0.1533255249222137,0.8290480908366903
Mifflin County,vap_hisp,pre_20_rep_tru,0.48929935044120126,0.17649817756572536,0.17095190916330963,0.8466744750777863
Mifflin County,vap_asian,pre_20_dem_bid,0.5300990229634222,0.1664591926794729,0.19402852615553295,0.8335520695039476
Mifflin County,vap_asian,pre_20_rep_tru,0.46990097703657785,0.1664591926794729,0.1664479304960524,0.805971473844467
Mifflin County,vap_aian,pre_20_dem_bid,0.4977635973086588,0.17663771493274186,0.1723462112795873,0.829670403176913
Mifflin County,vap_aian,pre_20_rep_tru,0.5022364026913412,0.17663771493274186,0.17032959682308704,0.8276537887204125
Mifflin County,vap_oth_b,pre_20_dem_bid,0.5173074339362651,0.16957720043607188,0.19553029201919797,0.8293326329836016
Mifflin County,vap_oth_b,pre_20_rep_tru,0.4826925660637349,0.16957720043607188,0.17066736701639829,0.804469707980802
Mifflin County,vap_white,atg_20_dem_sha,0.22102488977534865,0.00611030500290835,0.20916505313498987,0.232941473735194
Mifflin County,vap_white,atg_20_rep_hei,0.7789751102246514,0.00611030500290835,0.767058526264806,0.7908349468650102
Mifflin County,vap_black,atg_20_dem_sha,0.533646905778677,0.1925633382964536,0.17701719681057104,0.9255229099248544
Mifflin County,vap_black,atg_20_rep_hei,0.466353094221323,0.1925633382964536,0.07447709007514537,0.8229828031894287
Mifflin County,vap_hisp,atg_20_dem_sha,0.5343718826256515,0.1723672395228237,0.1937910123271806,0.8511964893024097
Mifflin County,vap_hisp,atg_20_rep_hei,0.46562811737434856,0.1723672395228237,0.14880351069759018,0.8062089876728196
Mifflin County,vap_asian,atg_20_dem_sha,0.5425916282478138,0.19397848710482232,0.18176562426521048,0.9114364366140272
Mifflin County,vap_asian,atg_20_rep_hei,0.45740837175218607,0.19397848710482232,0.08856356338597275,0.8182343757347895
Mifflin County,vap_aian,atg_20_dem_sha,0.49527021959709366,0.18856495161470857,0.10046863248728204,0.8212969091245402
Mifflin County,vap_aian,atg_20_rep_hei,0.5047297804029063,0.18856495161470857,0.17870309087545982,0.8995313675127179
Mifflin County,vap_oth_b,atg_20_dem_sha,0.5301711432866033,0.17078583271287157,0.1890220159977011,0.8400208155801262
Mifflin County,vap_oth_b,atg_20_rep_hei,0.46982885671339664,0.17078583271287157,0.15997918441987374,0.8109779840022988
Monroe County,vap_white,pre_16_dem_cli,0.4074294302997506,0.02153004149914622,0.3690077747444595,0.4542209402253384
Monroe County,vap_white,pre_16_rep_tru,0.59257056970024935,0.02153004149914622,0.5457790597746615,0.6309922252555403
Monroe County,vap_black,pre_16_dem_cli,0.8096399596172149,0.08809642653528225,0.6143279560153336,0.9423493936137236
Monroe County,vap_black,pre_16_rep_tru,0.19036004038278517,0.08809642653528225,0.05765060638627642,0.38567204398466626
Monroe County,vap_hisp,pre_16_dem_cli,0.8123505086418003,0.08285837382697889,0.617799858492807,0.9309550532453768
Monroe County,vap_hisp,pre_16_rep_tru,0.18764949135819972,0.08285837382697889,0.06904494675462318,0.3822001415071928
Monroe County,vap_asian,pre_16_dem_cli,0.5544896292290533,0.1737846974810229,0.18689274290601648,0.8482565200445028
Monroe County,vap_asian,pre_16_rep_tru,0.44551037077094674,0.1737846974810229,0.15174347995549708,0.8131072570939832
Monroe County,vap_aian,pre_16_dem_cli,0.5113259210345991,0.16536923018685298,0.2042398827513955,0.8104137026544859
Monroe County,vap_aian,pre_16_rep_tru,0.488674078965401,0.16536923018685298,0.18958629734551416,0.7957601172486045
Monroe County,vap_oth_b,pre_16_dem_cli,0.5611971163695684,0.15611203690294745,0.24657546469548303,0.8356971081279434
Monroe County,vap_oth_b,pre_16_rep_tru,0.4388028836304317,0.15611203690294745,0.16430289187205663,0.7534245353045168
Monroe County,vap_white,uss_16_dem_mcg,0.4385352338764212,0.02177465360394242,0.3989076245206892,0.48267807498965937
Monroe County,vap_white,uss_16_rep_too,0.5614647661235787,0.02177465360394242,0.5173219250103406,0.6010923754793106
Monroe County,vap_black,uss_16_dem_mcg,0.8046387908685961,0.08013641184172272,0.6025264033313986,0.9180138261601674
Monroe County,vap_black,uss_16_rep_too,0.19536120913140387,0.08013641184172272,0.0819861738398327,0.3974735966686012
Monroe County,vap_hisp,uss_16_dem_mcg,0.8044911107658572,0.08003358658212813,0.6238283680132576,0.9326491728443332
Monroe County,vap_hisp,uss_16_rep_too,0.1955088892341428,0.08003358658212813,0.06735082715566687,0.3761716319867424
Monroe County,vap_asian,uss_16_dem_mcg,0.5685511831514731,0.15453810276742655,0.24911220717254823,0.8546586333842794
Monroe County,vap_asian,uss_16_rep_too,0.4314488168485269,0.15453810276742655,0.1453413666157206,0.7508877928274519
Monroe County,vap_aian,uss_16_dem_mcg,0.5121408470898066,0.1581321425172362,0.18977376295418824,0.8073890914773324
Monroe County,vap_aian,uss_16_rep_too,0.4878591529101935,0.1581321425172362,0.19261090852266768,0.8102262370458118
Monroe County,vap_oth_b,uss_16_dem_mcg,0.5670638550083421,0.15942556484111683,0.2467843889224807,0.8478469841935087
Monroe County,vap_oth_b,uss_16_rep_too,0.4329361449916579,0.15942556484111683,0.1521530158064914,0.7532156110775192
Monroe County,vap_white,atg_16_dem_sha,0.4477261776345459,0.02336660077639678,0.40633906580671864,0.5030211463319524
Monroe County,vap_white,atg_16_rep_raf,0.552273822365454,0.02336660077639678,0.49697885366804745,0.5936609341932813
Monroe County,vap_black,atg_16_dem_sha,0.7971653668980664,0.09036383628465292,0.5971120191910091,0.9362104451966136
Monroe County,vap_black,atg_16_rep_raf,0.20283463310193367,0.09036383628465292,0.06378955480338658,0.40288798080899096
Monroe County,vap_hisp,atg_16_dem_sha,0.8083887820899498,0.0725199410082257,0.6414925762368495,0.917650543273087
Monroe County,vap_hisp,atg_16_rep_raf,0.1916112179100502,0.0725199410082257,0.082349456726913,0.3585074237631504
Monroe County,vap_asian,atg_16_dem_sha,0.5819137740566218,0.1697839618706813,0.244420720463653,0.8593044094403318
Monroe County,vap_asian,atg_16_rep_raf,0.4180862259433782,0.1697839618706813,0.14069559055966824,0.755579279536347
Monroe County,vap_aian,atg_16_dem_sha,0.49808704664087883,0.17523768888005337,0.17028376303829162,0.8361542021674063
Monroe County,vap_aian,atg_16_rep_raf,0.5019129533591212,0.17523768888005337,0.16384579783259368,0.8297162369617085
Monroe County,vap_oth_b,atg_16_dem_sha,0.5408965475517573,0.16131359679324772,0.24331888581278768,0.8301351568133567
Monroe County,vap_oth_b,atg_16_rep_raf,0.45910345244824274,0.16131359679324772,0.1698648431866431,0.7566811141872123
Monroe County,vap_white,uss_18_dem_cas,0.4924695271245677,0.02425789258087151,0.4469500798822392,0.5435298663323863
Monroe County,vap_white,uss_18_rep_bar,0.5075304728754322,0.02425789258087151,0.4564701336676136,0.5530499201177607
Monroe County,vap_black,uss_18_dem_cas,0.8130868835876988,0.08113039529664544,0.6187276887370342,0.9352841774100056
Monroe County,vap_black,uss_18_rep_bar,0.18691311641230127,0.08113039529664544,0.06471582258999446,0.38127231126296585
Monroe County,vap_hisp,uss_18_dem_cas,0.8252167243032784,0.08088937061306792,0.6308554906317663,0.936356774620687
Monroe County,vap_hisp,uss_18_rep_bar,0.1747832756967216,0.08088937061306792,0.06364322537931297,0.3691445093682338
Monroe County,vap_asian,uss_18_dem_cas,0.5655300500906517,0.1585913432281527,0.22967529120733676,0.8376882209242089
Monroe County,vap_asian,uss_18_rep_bar,0.43446994990934834,0.1585913432281527,0.16231177907579108,0.7703247087926632
Monroe County,vap_aian,uss_18_dem_cas,0.5204947829221843,0.1723340256987689,0.19241100589463328,0.8268714078638894
Monroe County,vap_aian,uss_18_rep_bar,0.47950521707781574,0.1723340256987689,0.17312859213611057,0.8075889941053668
Monroe County,vap_oth_b,uss_18_dem_cas,0.5414172266124289,0.16220495048357603,0.21037603801225577,0.8400609689686147
Monroe County,vap_oth_b,uss_18_rep_bar,0.45858277338757114,0.16220495048357603,0.15993903103138518,0.7896239619877442
Monroe County,vap_white,gov_18_dem_wol,0.5205385799245564,0.02370317657531111,0.4789741577408337,0.5727085538838483
Monroe County,vap_white,gov_18_rep_wag,0.4794614200754435,0.02370317657531111,0.4272914461161516,0.5210258422591663
Monroe County,vap_black,gov_18_dem_wol,0.8268097222434454,0.08134461756756574,0.6455716788459344,0.9518428713350828
Monroe County,vap_black,gov_18_rep_wag,0.17319027775655466,0.08134461756756574,0.04815712866491709,0.35442832115406564
Monroe County,vap_hisp,gov_18_dem_wol,0.8575587288364216,0.07552043806844586,0.651494258058932,0.95164386041257
Monroe County,vap_hisp,gov_18_rep_wag,0.14244127116357838,0.07552043806844586,0.04835613958742987,0.34850574194106776
Monroe County,vap_asian,gov_18_dem_wol,0.5739246061534001,0.16770874697104046,0.25860632759913527,0.8779009176492355
Monroe County,vap_asian,gov_18_rep_wag,0.4260753938465998,0.16770874697104046,0.12209908235076453,0.7413936724008647
Monroe County,vap_aian,gov_18_dem_wol,0.5131079423776366,0.16510964218191437,0.2068820683881548,0.8263207282358516
Monroe County,vap_aian,gov_18_rep_wag,0.48689205762236354,0.16510964218191437,0.17367927176414844,0.7931179316118451
Monroe County,vap_oth_b,gov_18_dem_wol,0.5510439279848006,0.15569275790927098,0.24126222578437023,0.8375173620162921
Monroe County,vap_oth_b,gov_18_rep_wag,0.4489560720151994,0.15569275790927098,0.1624826379837078,0.7587377742156297
Monroe County,vap_white,pre_20_dem_bid,0.4382968778203174,0.02292679654675755,0.3983092552833512,0.48615576548309647
Monroe County,vap_white,pre_20_rep_tru,0.5617031221796825,0.02292679654675755,0.5138442345169033,0.6016907447166486
Monroe County,vap_black,pre_20_dem_bid,0.8308948334902346,0.07780147268426794,0.6446719827853087,0.9393822718904048
Monroe County,vap_black,pre_20_rep_tru,0.16910516650976545,0.07780147268426794,0.06061772810959529,0.35532801721469126
Monroe County,vap_hisp,pre_20_dem_bid,0.8507039581789234,0.0623499743329041,0.7045718501837572,0.9398945501336244
Monroe County,vap_hisp,pre_20_rep_tru,0.14929604182107656,0.0623499743329041,0.0601054498663757,0.29542814981624277
Monroe County,vap_asian,pre_20_dem_bid,0.5941763984019958,0.17176454555760354,0.25018545953678095,0.8959499402201937
Monroe County,vap_asian,pre_20_rep_tru,0.4058236015980043,0.17176454555760354,0.10405005977980628,0.749814540463219
Monroe County,vap_aian,pre_20_dem_bid,0.4840972746112954,0.1696448472047546,0.16755071347552333,0.8000906574450845
Monroe County,vap_aian,pre_20_rep_tru,0.5159027253887046,0.1696448472047546,0.19990934255491555,0.8324492865244768
Monroe County,vap_oth_b,pre_20_dem_bid,0.5504769210756011,0.15876726424156462,0.2218174367947196,0.8248885637810599
Monroe County,vap_oth_b,pre_20_rep_tru,0.4495230789243989,0.15876726424156462,0.17511143621894015,0.7781825632052803
Monroe County,vap_white,atg_20_dem_sha,0.46473864962300626,0.02281799404312525,0.4252192618315563,0.5144910866396819
Monroe County,vap_white,atg_20_rep_hei,0.5352613503769936,0.02281799404312525,0.4855089133603179,0.5747807381684436
Monroe County,vap_black,atg_20_dem_sha,0.8392056495669048,0.0643583462771863,0.6806868208204414,0.935594019218004
Monroe County,vap_black,atg_20_rep_hei,0.16079435043309523,0.0643583462771863,0.06440598078199614,0.31931317917955865
Monroe County,vap_hisp,atg_20_dem_sha,0.8339518896672589,0.06810649787433083,0.6736194287341207,0.9357969125262546
Monroe County,vap_hisp,atg_20_rep_hei,0.1660481103327411,0.06810649787433083,0.06420308747374537,0.32638057126587927
Monroe County,vap_asian,atg_20_dem_sha,0.5809267211282751,0.15375278534009162,0.2600150922573581,0.8384114316837463
Monroe County,vap_asian,atg_20_rep_hei,0.41907327887172485,0.15375278534009162,0.1615885683162537,0.7399849077426419
Monroe County,vap_aian,atg_20_dem_sha,0.5018195392501488,0.16627459524955893,0.17639158303966151,0.8093855179643523
Monroe County,vap_aian,atg_20_rep_hei,0.4981804607498513,0.16627459524955893,0.19061448203564765,0.8236084169603384
Monroe County,vap_oth_b,atg_20_dem_sha,0.582064440542624,0.17480367007678876,0.24007299209815644,0.8745836874735358
Monroe County,vap_oth_b,atg_20_rep_hei,0.417935559457376,0.17480367007678876,0.12541631252646426,0.7599270079018435
Montgomery County,vap_white,pre_16_dem_cli,0.5465147467491435,0.00548355664913629,0.5366924587757802,0.5582287970105801
Montgomery County,vap_white,pre_16_rep_tru,0.45348525325085653,0.00548355664913629,0.44177120298942,0.4633075412242199
Montgomery County,vap_black,pre_16_dem_cli,0.9521880980653108,0.0101842458301923,0.9300069401015284,0.9691876052365228
Montgomery County,vap_black,pre_16_rep_tru,0.04781190193468911,0.0101842458301923,0.03081239476347723,0.0699930598984717
Montgomery County,vap_hisp,pre_16_dem_cli,0.8997765737183128,0.03008699150844446,0.833614589111858,0.9501836793556724
Montgomery County,vap_hisp,pre_16_rep_tru,0.10022342628168732,0.03008699150844446,0.0498163206443276,0.16638541088814213
Montgomery County,vap_asian,pre_16_dem_cli,0.8314795540635112,0.0437715083851636,0.7361832030975786,0.9074898699796742
Montgomery County,vap_asian,pre_16_rep_tru,0.16852044593648882,0.0437715083851636,0.09251013002032592,0.2638167969024214
Montgomery County,vap_aian,pre_16_dem_cli,0.5406245300062877,0.16715072649255686,0.21627252650742115,0.8218152051739654
Montgomery County,vap_aian,pre_16_rep_tru,0.45937546999371226,0.16715072649255686,0.1781847948260345,0.7837274734925789
Montgomery County,vap_oth_b,pre_16_dem_cli,0.8137176363958435,0.06922353086521624,0.6275309718693356,0.9059445736520044
Montgomery County,vap_oth_b,pre_16_rep_tru,0.18628236360415645,0.06922353086521624,0.09405542634799566,0.3724690281306641
Montgomery County,vap_white,uss_16_dem_mcg,0.4737469450178755,0.0059574517895695,0.463046957676605,0.48702859143675464
Montgomery County,vap_white,uss_16_rep_too,0.5262530549821245,0.0059574517895695,0.5129714085632455,0.536953042323395
Montgomery County,vap_black,uss_16_dem_mcg,0.9532949722427368,0.01001767743802862,0.9323640575927286,0.971804724810838
Montgomery County,vap_black,uss_16_rep_too,0.04670502775726311,0.01001767743802862,0.02819527518916199,0.06763594240727148
Montgomery County,vap_hisp,uss_16_dem_mcg,0.9170329356467112,0.02090129514151081,0.8677321195046891,0.951062533199669
Montgomery County,vap_hisp,uss_16_rep_too,0.08296706435328882,0.02090129514151081,0.04893746680033104,0.13226788049531105
Montgomery County,vap_asian,uss_16_dem_mcg,0.7843005538347468,0.05343674441883346,0.6752651361485483,0.8759709093303536
Montgomery County,vap_asian,uss_16_rep_too,0.2156994461652532,0.05343674441883346,0.12402909066964642,0.32473486385145167
Montgomery County,vap_aian,uss_16_dem_mcg,0.5058066859473138,0.1828759400579369,0.20675459552175873,0.8506448045813403
Montgomery County,vap_aian,uss_16_rep_too,0.4941933140526862,0.1828759400579369,0.14935519541865955,0.7932454044782411
Montgomery County,vap_oth_b,uss_16_dem_mcg,0.8752962462165057,0.04860962117196771,0.7410797300465364,0.936238358561729
Montgomery County,vap_oth_b,uss_16_rep_too,0.1247037537834943,0.04860962117196771,0.06376164143827097,0.25892026995346373
Montgomery County,vap_white,atg_16_dem_sha,0.527033990360773,0.0067217417521577404,0.515601920729109,0.5418667042626375
Montgomery County,vap_white,atg_16_rep_raf,0.472966009639227,0.0067217417521577404,0.4581332957373624,0.4843980792708909
Montgomery County,vap_black,atg_16_dem_sha,0.9465810374719252,0.01067409164103734,0.9229541169888656,0.9647311518804216
Montgomery County,vap_black,atg_16_rep_raf,0.05341896252807483,0.01067409164103734,0.03526884811957829,0.07704588301113456
Montgomery County,vap_hisp,atg_16_dem_sha,0.910633746518508,0.02180392133741608,0.8666771545702042,0.9481158527904596
Montgomery County,vap_hisp,atg_16_rep_raf,0.08936625348149219,0.02180392133741608,0.05188414720954067,0.13332284542979592
Montgomery County,vap_asian,atg_16_dem_sha,0.8171175662915784,0.05638422958225615,0.6903829961412631,0.9058366587870472
Montgomery County,vap_asian,atg_16_rep_raf,0.1828824337084216,0.05638422958225615,0.09416334121295294,0.30961700385873686
Montgomery County,vap_aian,atg_16_dem_sha,0.5106826819838056,0.1775055970918768,0.17938217222991526,0.8018066817765851
Montgomery County,vap_aian,atg_16_rep_raf,0.4893173180161943,0.1775055970918768,0.19819331822341488,0.8206178277700849
Montgomery County,vap_oth_b,atg_16_dem_sha,0.8508574558063151,0.0586960720725936,0.6990030486227797,0.9304719764014092
Montgomery County,vap_oth_b,atg_16_rep_raf,0.14914254419368483,0.0586960720725936,0.06952802359859074,0.3009969513772199
Montgomery County,vap_white,uss_18_dem_cas,0.6052191071482919,0.00430076763531266,0.5975566595094239,0.6142592192295787
Montgomery County,vap_white,uss_18_rep_bar,0.39478089285170814,0.00430076763531266,0.3857407807704212,0.4024433404905761
Montgomery County,vap_black,uss_18_dem_cas,0.9552002105505294,0.01013176510041874,0.9311637447399692,0.9717223787192444
Montgomery County,vap_black,uss_18_rep_bar,0.04479978944947064,0.01013176510041874,0.02827762128075543,0.06883625526003072
Montgomery County,vap_hisp,uss_18_dem_cas,0.9178656692597406,0.0221232483062204,0.8682996284069596,0.9534658823942188
Montgomery County,vap_hisp,uss_18_rep_bar,0.0821343307402595,0.0221232483062204,0.04653411760578122,0.13170037159304032
Montgomery County,vap_asian,uss_18_dem_cas,0.8413376506490376,0.04029925482454553,0.7519279918490303,0.9091041701826396
Montgomery County,vap_asian,uss_18_rep_bar,0.1586623493509623,0.04029925482454553,0.09089582981736036,0.24807200815096983
Montgomery County,vap_aian,uss_18_dem_cas,0.5139254493874397,0.1798378236633945,0.17679245141590252,0.8047052015258952
Montgomery County,vap_aian,uss_18_rep_bar,0.48607455061256033,0.1798378236633945,0.19529479847410475,0.8232075485840975
Montgomery County,vap_oth_b,uss_18_dem_cas,0.8892227850848615,0.03395662015318487,0.8085023100963828,0.941517272855162
Montgomery County,vap_oth_b,uss_18_rep_bar,0.11077721491513844,0.03395662015318487,0.0584827271448379,0.19149768990361715
Montgomery County,vap_white,gov_18_dem_wol,0.6265347467603681,0.00497964650799617,0.6179366754281941,0.6366982808063479
Montgomery County,vap_white,gov_18_rep_wag,0.3734652532396319,0.00497964650799617,0.36330171919365206,0.38206332457180586
Montgomery County,vap_black,gov_18_dem_wol,0.9595225806897152,0.00944390665732564,0.939796401959024,0.975315154525475
Montgomery County,vap_black,gov_18_rep_wag,0.04047741931028485,0.00944390665732564,0.02468484547452491,0.06020359804097593
Montgomery County,vap_hisp,gov_18_dem_wol,0.9200918629635848,0.02069347841310325,0.87116974402151,0.9511013888417066
Montgomery County,vap_hisp,gov_18_rep_wag,0.07990813703641539,0.02069347841310325,0.04889861115829336,0.12883025597849018
Montgomery County,vap_asian,gov_18_dem_wol,0.8660838585284555,0.0423956538513098,0.7696230287014928,0.928224322158561
Montgomery County,vap_asian,gov_18_rep_wag,0.13391614147154451,0.0423956538513098,0.071775677841439,0.23037697129850715
Montgomery County,vap_aian,gov_18_dem_wol,0.5655305613678504,0.14318597661980045,0.273681899169208,0.82941660435639
Montgomery County,vap_aian,gov_18_rep_wag,0.4344694386321496,0.14318597661980045,0.17058339564360994,0.726318100830792
Montgomery County,vap_oth_b,gov_18_dem_wol,0.8549074087195111,0.04477118678753568,0.7525335362420555,0.9351265925674574
Montgomery County,vap_oth_b,gov_18_rep_wag,0.1450925912804889,0.04477118678753568,0.0648734074325425,0.24746646375794432
Montgomery County,vap_white,pre_20_dem_bid,0.5820867641718659,0.00595812828371249,0.5708651488829264,0.5941818657710786
Montgomery County,vap_white,pre_20_rep_tru,0.41791323582813417,0.00595812828371249,0.4058181342289215,0.4291348511170736
Montgomery County,vap_black,pre_20_dem_bid,0.952092083133899,0.01013744918201879,0.9284390008351072,0.9682911116234482
Montgomery County,vap_black,pre_20_rep_tru,0.04790791686610098,0.01013744918201879,0.03170888837655179,0.07156099916489277
Montgomery County,vap_hisp,pre_20_dem_bid,0.8837486252923512,0.03618832438284024,0.7885196292387593,0.9348979214212992
Montgomery County,vap_hisp,pre_20_rep_tru,0.11625137470764887,0.03618832438284024,0.06510207857870098,0.2114803707612407
Montgomery County,vap_asian,pre_20_dem_bid,0.7913929905438114,0.05288069532291183,0.6717950349149883,0.8788342674816212
Montgomery County,vap_asian,pre_20_rep_tru,0.20860700945618865,0.05288069532291183,0.1211657325183788,0.32820496508501157
Montgomery County,vap_aian,pre_20_dem_bid,0.5066581218965884,0.16434649155341635,0.2107445890117003,0.8067583906357266
Montgomery County,vap_aian,pre_20_rep_tru,0.49334187810341146,0.16434649155341635,0.19324160936427337,0.7892554109882997
Montgomery County,vap_oth_b,pre_20_dem_bid,0.8048474190309846,0.06063037294837144,0.6709001175347996,0.8980238230773424
Montgomery County,vap_oth_b,pre_20_rep_tru,0.19515258096901544,0.06063037294837144,0.10197617692265756,0.32909988246520033
Montgomery County,vap_white,atg_20_dem_sha,0.5852539365317521,0.00617416249597614,0.5747688092267461,0.598325107368432
Montgomery County,vap_white,atg_20_rep_hei,0.414746063468248,0.00617416249597614,0.4016748926315681,0.4252311907732538
Montgomery County,vap_black,atg_20_dem_sha,0.9515454741930088,0.01000461621767478,0.9305737914412744,0.9693243053469806
Montgomery County,vap_black,atg_20_rep_hei,0.04845452580699121,0.01000461621767478,0.03067569465301943,0.06942620855872571
Montgomery County,vap_hisp,atg_20_dem_sha,0.9030358426035732,0.02418704983433024,0.8481662036989669,0.943067933458395
Montgomery County,vap_hisp,atg_20_rep_hei,0.096964157396427,0.02418704983433024,0.05693206654160501,0.1518337963010331
Montgomery County,vap_asian,atg_20_dem_sha,0.8041547974632621,0.05336815548212787,0.6893440789526307,0.8931304165481923
Montgomery County,vap_asian,atg_20_rep_hei,0.19584520253673784,0.05336815548212787,0.10686958345180776,0.3106559210473693
Montgomery County,vap_aian,atg_20_dem_sha,0.5450236459073696,0.17185272550974398,0.21531652729260575,0.8495177462596116
Montgomery County,vap_aian,atg_20_rep_hei,0.4549763540926303,0.17185272550974398,0.15048225374038837,0.784683472707394
Montgomery County,vap_oth_b,atg_20_dem_sha,0.8456649931189937,0.05551423523515134,0.7080755195497035,0.9229442654110837
Montgomery County,vap_oth_b,atg_20_rep_hei,0.1543350068810063,0.05551423523515134,0.07705573458891632,0.2919244804502965
Montour County,vap_white,pre_16_dem_cli,0.32569277397973323,0.01134492790781144,0.3036177118532966,0.3475327130551683
Montour County,vap_white,pre_16_rep_tru,0.6743072260202667,0.01134492790781144,0.6524672869448316,0.6963822881467033
Montour County,vap_black,pre_16_dem_cli,0.5123012585355973,0.18661154152182743,0.15992343574013496,0.860221699541686
Montour County,vap_black,pre_16_rep_tru,0.48769874146440273,0.18661154152182743,0.13977830045831377,0.8400765642598647
Montour County,vap_hisp,pre_16_dem_cli,0.5331915099717514,0.17797781556195838,0.18726952484115436,0.853846157432229
Montour County,vap_hisp,pre_16_rep_tru,0.46680849002824853,0.17797781556195838,0.14615384256777064,0.8127304751588456
Montour County,vap_asian,pre_16_dem_cli,0.5243916529686916,0.18532122208273605,0.16383714719152376,0.8566043784619582
Montour County,vap_asian,pre_16_rep_tru,0.47560834703130833,0.18532122208273605,0.1433956215380417,0.8361628528084761
Montour County,vap_aian,pre_16_dem_cli,0.49804585272343566,0.1877192538058374,0.1498352807504845,0.8551003135913336
Montour County,vap_aian,pre_16_rep_tru,0.5019541472765644,0.1877192538058374,0.14489968640866635,0.8501647192495154
Montour County,vap_oth_b,pre_16_dem_cli,0.5068011222808573,0.16951382830675418,0.18259026162805536,0.8151032468786489
Montour County,vap_oth_b,pre_16_rep_tru,0.4931988777191427,0.16951382830675418,0.18489675312135115,0.8174097383719446
Montour County,vap_white,uss_16_dem_mcg,0.346682989102111,0.01145225342698208,0.32458076485358134,0.368853325319353
Montour County,vap_white,uss_16_rep_too,0.653317010897889,0.01145225342698208,0.6311466746806471,0.6754192351464187
Montour County,vap_black,uss_16_dem_mcg,0.5104491223296784,0.18799122139637395,0.16090468049302148,0.8582041841404633
Montour County,vap_black,uss_16_rep_too,0.4895508776703215,0.18799122139637395,0.14179581585953657,0.8390953195069784
Montour County,vap_hisp,uss_16_dem_mcg,0.5160370376472591,0.1779054699929735,0.16759205165886626,0.8445664491992739
Montour County,vap_hisp,uss_16_rep_too,0.4839629623527408,0.1779054699929735,0.15543355080072588,0.8324079483411336
Montour County,vap_asian,uss_16_dem_mcg,0.5173677812468623,0.18106637503376807,0.16299073731054495,0.8398929289186012
Montour County,vap_asian,uss_16_rep_too,0.4826322187531376,0.18106637503376807,0.16010707108139877,0.8370092626894551
Montour County,vap_aian,uss_16_dem_mcg,0.499368027605929,0.18574529146514945,0.15280936883806218,0.8429290520894139
Montour County,vap_aian,uss_16_rep_too,0.500631972394071,0.18574529146514945,0.15707094791058607,0.8471906311619378
Montour County,vap_oth_b,uss_16_dem_mcg,0.5032908220385558,0.17574563046209393,0.16896048236796962,0.8311591896399784
Montour County,vap_oth_b,uss_16_rep_too,0.49670917796144426,0.17574563046209393,0.16884081036002158,0.8310395176320302
Montour County,vap_white,atg_16_dem_sha,0.3858064789359696,0.01134046963061645,0.3636347776427643,0.4078661408247078
Montour County,vap_white,atg_16_rep_raf,0.6141935210640304,0.01134046963061645,0.5921338591752922,0.6363652223572356
Montour County,vap_black,atg_16_dem_sha,0.512061816848257,0.19374721176322132,0.13756985615384745,0.8732082831860527
Montour County,vap_black,atg_16_rep_raf,0.487938183151743,0.19374721176322132,0.12679171681394724,0.8624301438461526
Montour County,vap_hisp,atg_16_dem_sha,0.554012061082126,0.1939909699166168,0.17105088132079832,0.9063627314996832
Montour County,vap_hisp,atg_16_rep_raf,0.445987938917874,0.1939909699166168,0.09363726850031662,0.8289491186792012
Montour County,vap_asian,atg_16_dem_sha,0.5255328058534455,0.17955286738631882,0.17475820119102314,0.853396139399759
Montour County,vap_asian,atg_16_rep_raf,0.4744671941465544,0.17955286738631882,0.14660386060024094,0.8252417988089769
Montour County,vap_aian,atg_16_dem_sha,0.503152022383452,0.19066717080091689,0.14122673771891536,0.856164404070757
Montour County,vap_aian,atg_16_rep_raf,0.496847977616548,0.19066717080091689,0.14383559592924308,0.8587732622810845
Montour County,vap_oth_b,atg_16_dem_sha,0.5133629265074221,0.1749688949353444,0.17690040107014957,0.8294673735198382
Montour County,vap_oth_b,atg_16_rep_raf,0.486637073492578,0.1749688949353444,0.17053262648016174,0.8230995989298504
Montour County,vap_white,uss_18_dem_cas,0.4215631921267752,0.01192006047195693,0.3982478810379701,0.4446468959298038
Montour County,vap_white,uss_18_rep_bar,0.5784368078732247,0.01192006047195693,0.5553531040701962,0.6017521189620298
Montour County,vap_black,uss_18_dem_cas,0.5250867284795505,0.17925329557104058,0.17676223955897127,0.8562400058113881
Montour County,vap_black,uss_18_rep_bar,0.4749132715204495,0.17925329557104058,0.1437599941886119,0.8232377604410287
Montour County,vap_hisp,uss_18_dem_cas,0.5311152735498513,0.17795840799511448,0.17659136116562626,0.8457092524104569
Montour County,vap_hisp,uss_18_rep_bar,0.46888472645014856,0.17795840799511448,0.15429074758954295,0.8234086388343737
Montour County,vap_asian,uss_18_dem_cas,0.5330125052515179,0.18612302639008332,0.1696767112007799,0.8667154861547611
Montour County,vap_asian,uss_18_rep_bar,0.46698749474848217,0.18612302639008332,0.13328451384523873,0.83032328879922
Montour County,vap_aian,uss_18_dem_cas,0.494489937171714,0.18282633490634956,0.15599255745676438,0.8345732534107835
Montour County,vap_aian,uss_18_rep_bar,0.505510062828286,0.18282633490634956,0.16542674658921663,0.8440074425432356
Montour County,vap_oth_b,uss_18_dem_cas,0.5061166671652945,0.17327660429706937,0.16249235455082173,0.8294815278575329
Montour County,vap_oth_b,uss_18_rep_bar,0.49388333283470554,0.17327660429706937,0.17051847214246713,0.8375076454491782
Montour County,vap_white,gov_18_dem_wol,0.4610414676488326,0.011910821475934,0.43792477190709106,0.48416120754400815
Montour County,vap_white,gov_18_rep_wag,0.5389585323511674,0.011910821475934,0.5158387924559918,0.5620752280929088
Montour County,vap_black,gov_18_dem_wol,0.5141392788361093,0.18268013797833432,0.1738269897659726,0.8540186863268702
Montour County,vap_black,gov_18_rep_wag,0.4858607211638906,0.18268013797833432,0.14598131367312966,0.8261730102340273
Montour County,vap_hisp,gov_18_dem_wol,0.5163548474296791,0.17593765641695233,0.18784139866497437,0.8494053711480181
Montour County,vap_hisp,gov_18_rep_wag,0.4836451525703208,0.17593765641695233,0.1505946288519816,0.8121586013350254
Montour County,vap_asian,gov_18_dem_wol,0.5262671253942867,0.1844557136302215,0.17126270667057733,0.858859957530736
Montour County,vap_asian,gov_18_rep_wag,0.4737328746057133,0.1844557136302215,0.14114004246926395,0.8287372933294227
Montour County,vap_aian,gov_18_dem_wol,0.5047400584853335,0.18524115176136016,0.14799119921976725,0.8407121884477868
Montour County,vap_aian,gov_18_rep_wag,0.49525994151466646,0.18524115176136016,0.15928781155221336,0.8520088007802328
Montour County,vap_oth_b,gov_18_dem_wol,0.5025834957851529,0.1694877349924526,0.1812335899650477,0.8157350298899786
Montour County,vap_oth_b,gov_18_rep_wag,0.49741650421484707,0.1694877349924526,0.18426497011002144,0.8187664100349523
Montour County,vap_white,pre_20_dem_bid,0.3659171839331594,0.01107893721163705,0.3443293566835583,0.3877733903079556
Montour County,vap_white,pre_20_rep_tru,0.6340828160668406,0.01107893721163705,0.6122266096920445,0.6556706433164415
Montour County,vap_black,pre_20_dem_bid,0.5203199244425996,0.1899508265338888,0.16565206961449502,0.8873269500748628
Montour County,vap_black,pre_20_rep_tru,0.4796800755574005,0.1899508265338888,0.112673049925137,0.8343479303855048
Montour County,vap_hisp,pre_20_dem_bid,0.531520438137463,0.19184182107146416,0.1601424840835738,0.8904781274922097
Montour County,vap_hisp,pre_20_rep_tru,0.468479561862537,0.19184182107146416,0.10952187250779025,0.839857515916426
Montour County,vap_asian,pre_20_dem_bid,0.5269495214596928,0.18577419271195872,0.1659752520892039,0.8741349642125084
Montour County,vap_asian,pre_20_rep_tru,0.4730504785403072,0.18577419271195872,0.1258650357874915,0.834024747910796
Montour County,vap_aian,pre_20_dem_bid,0.5238568288526053,0.1903346446157115,0.15511532053904492,0.8711586295884689
Montour County,vap_aian,pre_20_rep_tru,0.4761431711473947,0.1903346446157115,0.12884137041153115,0.844884679460955
Montour County,vap_oth_b,pre_20_dem_bid,0.5402619269318811,0.18652927541542352,0.19174486893451637,0.8918582527994945
Montour County,vap_oth_b,pre_20_rep_tru,0.4597380730681189,0.18652927541542352,0.10814174720050557,0.8082551310654836
Montour County,vap_white,atg_20_dem_sha,0.40572783349502745,0.01096099247686953,0.3842401072187283,0.42719138651765776
Montour County,vap_white,atg_20_rep_hei,0.5942721665049725,0.01096099247686953,0.5728086134823422,0.6157598927812715
Montour County,vap_black,atg_20_dem_sha,0.5220230919048421,0.18425804448264316,0.16975047664041085,0.8609170204378399
Montour County,vap_black,atg_20_rep_hei,0.4779769080951579,0.18425804448264316,0.1390829795621598,0.8302495233595891
Montour County,vap_hisp,atg_20_dem_sha,0.5338782860458684,0.17918441720482334,0.18255806703944627,0.855055635612953
Montour County,vap_hisp,atg_20_rep_hei,0.4661217139541315,0.17918441720482334,0.14494436438704708,0.8174419329605537
Montour County,vap_asian,atg_20_dem_sha,0.5343967298885277,0.1831574061239221,0.17595639542245173,0.8718281953914027
Montour County,vap_asian,atg_20_rep_hei,0.46560327011147223,0.1831574061239221,0.12817180460859726,0.8240436045775482
Montour County,vap_aian,atg_20_dem_sha,0.4852976470487361,0.1937848786138836,0.1265081913363202,0.8568508371834079
Montour County,vap_aian,atg_20_rep_hei,0.5147023529512639,0.1937848786138836,0.14314916281659212,0.8734918086636798
Montour County,vap_oth_b,atg_20_dem_sha,0.5255644136569002,0.16771245919507344,0.2036826123968264,0.834140031612319
Montour County,vap_oth_b,atg_20_rep_hei,0.4744355863430998,0.16771245919507344,0.1658599683876811,0.7963173876031736
Northampton County,vap_white,pre_16_dem_cli,0.37240757779683914,0.00594773195632659,0.3620644245162375,0.385783768131966
Northampton County,vap_white,pre_16_rep_tru,0.6275924222031608,0.00594773195632658,0.614216231868034,0.6379355754837623
Northampton County,vap_black,pre_16_dem_cli,0.8815535517951281,0.03631026014086376,0.8026484430017414,0.946973416366408
Northampton County,vap_black,pre_16_rep_tru,0.11844644820487192,0.03631026014086376,0.05302658363359192,0.19735155699825843
Northampton County,vap_hisp,pre_16_dem_cli,0.9386583719821135,0.01562167396375029,0.9036984625302356,0.9638679200926684
Northampton County,vap_hisp,pre_16_rep_tru,0.06134162801788639,0.01562167396375029,0.03613207990733152,0.09630153746976444
Northampton County,vap_asian,pre_16_dem_cli,0.8099834198056971,0.0794589089951803,0.6223284956938306,0.9313274517774502
Northampton County,vap_asian,pre_16_rep_tru,0.19001658019430293,0.0794589089951803,0.06867254822254963,0.3776715043061693
Northampton County,vap_aian,pre_16_dem_cli,0.4997373000345082,0.15743387330685865,0.22658967204602737,0.8021887474930538
Northampton County,vap_aian,pre_16_rep_tru,0.5002626999654919,0.15743387330685865,0.19781125250694617,0.7734103279539727
Northampton County,vap_oth_b,pre_16_dem_cli,0.7626734693173408,0.0892620193909398,0.5623926181290252,0.896859369670025
Northampton County,vap_oth_b,pre_16_rep_tru,0.2373265306826592,0.0892620193909398,0.10314063032997511,0.4376073818709747
Northampton County,vap_white,uss_16_dem_mcg,0.36547817532241367,0.00638246876505469,0.3544259576287156,0.3804812642794724
Northampton County,vap_white,uss_16_rep_too,0.6345218246775863,0.00638246876505469,0.6195187357205275,0.6455740423712842
Northampton County,vap_black,uss_16_dem_mcg,0.8812669420295081,0.0367158746966906,0.7963262554895347,0.9388940043195948
Northampton County,vap_black,uss_16_rep_too,0.11873305797049186,0.0367158746966906,0.06110599568040535,0.2036737445104652
Northampton County,vap_hisp,uss_16_dem_mcg,0.943073974965891,0.01591620048154627,0.905322662547466,0.9680714261430886
Northampton County,vap_hisp,uss_16_rep_too,0.05692602503410914,0.01591620048154627,0.03192857385691134,0.094677337452534
Northampton County,vap_asian,uss_16_dem_mcg,0.7398916927054929,0.11841390069507256,0.4747555158450715,0.917024259561303
Northampton County,vap_asian,uss_16_rep_too,0.26010830729450707,0.11841390069507256,0.08297574043869695,0.5252444841549285
Northampton County,vap_aian,uss_16_dem_mcg,0.5176285264347992,0.16665514393651523,0.1864732487093888,0.8183369295351288
Northampton County,vap_aian,uss_16_rep_too,0.48237147356520094,0.16665514393651523,0.18166307046487123,0.8135267512906112
Northampton County,vap_oth_b,uss_16_dem_mcg,0.7700637172288202,0.08983951244024307,0.5647284300932913,0.8984483724853515
Northampton County,vap_oth_b,uss_16_rep_too,0.2299362827711799,0.08983951244024307,0.10155162751464861,0.4352715699067087
Northampton County,vap_white,atg_16_dem_sha,0.409541612767691,0.00682387770806579,0.3968997389863422,0.4242184184951428
Northampton County,vap_white,atg_16_rep_raf,0.5904583872323089,0.00682387770806578,0.575781581504857,0.6031002610136578
Northampton County,vap_black,atg_16_dem_sha,0.8807827865082714,0.03655348122132042,0.7943009691106508,0.9368316890453516
Northampton County,vap_black,atg_16_rep_raf,0.11921721349172856,0.03655348122132042,0.06316831095464827,0.20569903088934915
Northampton County,vap_hisp,atg_16_dem_sha,0.945634505869878,0.01396497172621913,0.9122338417348442,0.9677721362891912
Northampton County,vap_hisp,atg_16_rep_raf,0.05436549413012213,0.01396497172621912,0.0322278637108088,0.0877661582651559
Northampton County,vap_asian,atg_16_dem_sha,0.7194886364096936,0.10591556321249192,0.5107386598408088,0.9021505994356508
Northampton County,vap_asian,atg_16_rep_raf,0.28051136359030643,0.10591556321249192,0.0978494005643494,0.48926134015919126
Northampton County,vap_aian,atg_16_dem_sha,0.42184808160730586,0.1726992094540122,0.11225932600357026,0.7332604722146187
Northampton County,vap_aian,atg_16_rep_raf,0.5781519183926942,0.1726992094540122,0.2667395277853814,0.8877406739964298
Northampton County,vap_oth_b,atg_16_dem_sha,0.7746118063795885,0.09640601411905236,0.5359996585588823,0.9144534170910408
Northampton County,vap_oth_b,atg_16_rep_raf,0.2253881936204116,0.09640601411905236,0.08554658290895926,0.4640003414411177
Northampton County,vap_white,uss_18_dem_cas,0.47000576204783207,0.00558492507586163,0.4597603510577053,0.4817461329614796
Northampton County,vap_white,uss_18_rep_bar,0.5299942379521679,0.00558492507586163,0.5182538670385204,0.5402396489422947
Northampton County,vap_black,uss_18_dem_cas,0.8834499496770473,0.04309455470068895,0.7786252395122626,0.9466282425991952
Northampton County,vap_black,uss_18_rep_bar,0.11655005032295264,0.04309455470068895,0.05337175740080453,0.22137476048773735
Northampton County,vap_hisp,uss_18_dem_cas,0.9504293560856868,0.01353935256881126,0.9189957680502816,0.9726120990180036
Northampton County,vap_hisp,uss_18_rep_bar,0.04957064391431327,0.01353935256881127,0.02738790098199644,0.0810042319497183
Northampton County,vap_asian,uss_18_dem_cas,0.775667429549591,0.0880491963020499,0.5890610096707044,0.904302537755399
Northampton County,vap_asian,uss_18_rep_bar,0.224332570450409,0.0880491963020499,0.095697462244601,0.4109389903292956
Northampton County,vap_aian,uss_18_dem_cas,0.4992124568789359,0.16483308459898138,0.19091677354500308,0.8115744117731974
Northampton County,vap_aian,uss_18_rep_bar,0.5007875431210641,0.16483308459898138,0.18842558822680272,0.8090832264549969
Northampton County,vap_oth_b,uss_18_dem_cas,0.799616306015589,0.08220174787852456,0.6066639311617179,0.9102321199672796
Northampton County,vap_oth_b,uss_18_rep_bar,0.20038369398441103,0.08220174787852456,0.08976788003272047,0.3933360688382822
Northampton County,vap_white,gov_18_dem_wol,0.5078125645572161,0.00659725014745462,0.49577169983879105,0.5218351783331591
Northampton County,vap_white,gov_18_rep_wag,0.4921874354427838,0.00659725014745462,0.47816482166684104,0.5042283001612089
Northampton County,vap_black,gov_18_dem_wol,0.8852425643707734,0.04114430718027445,0.7877338203299953,0.9470400893283496
Northampton County,vap_black,gov_18_rep_wag,0.11475743562922652,0.04114430718027445,0.05295991067165043,0.2122661796700047
Northampton County,vap_hisp,gov_18_dem_wol,0.9426482110717832,0.01692752795663698,0.9064944754339868,0.9709435018964494
Northampton County,vap_hisp,gov_18_rep_wag,0.05735178892821673,0.01692752795663699,0.02905649810355068,0.09350552456601316
Northampton County,vap_asian,gov_18_dem_wol,0.7566756765794493,0.10179005253561496,0.5273606014711423,0.9033302371303296
Northampton County,vap_asian,gov_18_rep_wag,0.2433243234205506,0.10179005253561496,0.09666976286967044,0.4726393985288577
Northampton County,vap_aian,gov_18_dem_wol,0.4860982148018206,0.1542234753217726,0.16922635465537633,0.7732489977872945
Northampton County,vap_aian,gov_18_rep_wag,0.5139017851981795,0.1542234753217726,0.22675100221270547,0.8307736453446236
Northampton County,vap_oth_b,gov_18_dem_wol,0.7542073884740377,0.10111216220998902,0.516216798022892,0.9052425942160738
Northampton County,vap_oth_b,gov_18_rep_wag,0.24579261152596235,0.10111216220998902,0.09475740578392616,0.48378320197710806
Northampton County,vap_white,pre_20_dem_bid,0.4086325896689536,0.00681255595799907,0.3961281532729464,0.422537359498688
Northampton County,vap_white,pre_20_rep_tru,0.5913674103310463,0.00681255595799907,0.5774626405013121,0.6038718467270535
Northampton County,vap_black,pre_20_dem_bid,0.855941495394851,0.05283168077649736,0.731828277288021,0.9378874300829408
Northampton County,vap_black,pre_20_rep_tru,0.14405850460514896,0.05283168077649736,0.062112569917059,0.2681717227119789
Northampton County,vap_hisp,pre_20_dem_bid,0.915915709050111,0.02291143335675719,0.8631772978053254,0.9531123387307509
Northampton County,vap_hisp,pre_20_rep_tru,0.08408429094988905,0.02291143335675719,0.04688766126924922,0.13682270219467457
Northampton County,vap_asian,pre_20_dem_bid,0.7970793378294949,0.07201752939047146,0.6324988181965887,0.9099515178838362
Northampton County,vap_asian,pre_20_rep_tru,0.20292066217050508,0.07201752939047146,0.0900484821161636,0.3675011818034112
Northampton County,vap_aian,pre_20_dem_bid,0.4943457597243851,0.16554307137147883,0.1875734747511614,0.8140367485770342
Northampton County,vap_aian,pre_20_rep_tru,0.5056542402756149,0.16554307137147883,0.18596325142296577,0.8124265252488386
Northampton County,vap_oth_b,pre_20_dem_bid,0.7226306980322665,0.10747139500005584,0.49423709235585184,0.8872654173955196
Northampton County,vap_oth_b,pre_20_rep_tru,0.2773693019677335,0.10747139500005584,0.11273458260448042,0.5057629076441481
Northampton County,vap_white,atg_20_dem_sha,0.42023039098832177,0.00654314453301031,0.4087691012783029,0.4338338031525614
Northampton County,vap_white,atg_20_rep_hei,0.5797696090116782,0.00654314453301031,0.5661661968474386,0.591230898721697
Northampton County,vap_black,atg_20_dem_sha,0.8874508346216992,0.04647387701469176,0.770823189821554,0.9509818561676948
Northampton County,vap_black,atg_20_rep_hei,0.11254916537830072,0.04647387701469176,0.0490181438323051,0.22917681017844596
Northampton County,vap_hisp,atg_20_dem_sha,0.9295908868020732,0.01904863198104321,0.8857033927352576,0.9601911258781668
Northampton County,vap_hisp,atg_20_rep_hei,0.07040911319792684,0.01904863198104321,0.03980887412183309,0.11429660726474251
Northampton County,vap_asian,atg_20_dem_sha,0.834961748522598,0.07718369853525736,0.6383241470387402,0.9374099519528049
Northampton County,vap_asian,atg_20_rep_hei,0.1650382514774021,0.07718369853525736,0.06259004804719505,0.3616758529612599
Northampton County,vap_aian,atg_20_dem_sha,0.5289195398109224,0.15878355395410018,0.22732914403374585,0.8436151665817364
Northampton County,vap_aian,atg_20_rep_hei,0.4710804601890777,0.15878355395410018,0.15638483341826345,0.7726708559662543
Northampton County,vap_oth_b,atg_20_dem_sha,0.7391214835562264,0.1108581602108781,0.4892303963309104,0.910103756325626
Northampton County,vap_oth_b,atg_20_rep_hei,0.26087851644377363,0.1108581602108781,0.08989624367437414,0.5107696036690896
Northumberland County,vap_white,pre_16_dem_cli,0.2549086907792944,0.00740609141113168,0.24165468766208356,0.27032967938586816
Northumberland County,vap_white,pre_16_rep_tru,0.7450913092207057,0.00740609141113168,0.7296703206141318,0.7583453123379166
Northumberland County,vap_black,pre_16_dem_cli,0.37186314577862933,0.11064212018998255,0.15927046960521082,0.5791789228021219
Northumberland County,vap_black,pre_16_rep_tru,0.6281368542213707,0.11064212018998255,0.4208210771978781,0.8407295303947891
Northumberland County,vap_hisp,pre_16_dem_cli,0.6862576961954838,0.12883390020700142,0.40078982670396296,0.8828822213132932
Northumberland County,vap_hisp,pre_16_rep_tru,0.3137423038045161,0.12883390020700142,0.11711777868670678,0.5992101732960368
Northumberland County,vap_asian,pre_16_dem_cli,0.5527392066522658,0.167703055863586,0.2040358610852808,0.8320842262864567
Northumberland County,vap_asian,pre_16_rep_tru,0.44726079334773405,0.167703055863586,0.167915773713543,0.7959641389147188
Northumberland County,vap_aian,pre_16_dem_cli,0.5147040936016057,0.18466397728852085,0.1775261912146217,0.8436452649059654
Northumberland County,vap_aian,pre_16_rep_tru,0.48529590639839415,0.18466397728852085,0.15635473509403458,0.822473808785378
Northumberland County,vap_oth_b,pre_16_dem_cli,0.5956663148798562,0.17607974734116294,0.22005967886945915,0.8740334624978344
Northumberland County,vap_oth_b,pre_16_rep_tru,0.4043336851201438,0.17607974734116294,0.12596653750216558,0.7799403211305408
Northumberland County,vap_white,uss_16_dem_mcg,0.32870281304289845,0.0071403526524812,0.31503597201024236,0.34313521286013443
Northumberland County,vap_white,uss_16_rep_too,0.6712971869571016,0.0071403526524812,0.6568647871398656,0.6849640279897576
Northumberland County,vap_black,uss_16_dem_mcg,0.48978500452815193,0.1252934513022999,0.24262540148905165,0.7253163210280418
Northumberland County,vap_black,uss_16_rep_too,0.5102149954718481,0.1252934513022999,0.2746836789719581,0.7573745985109483
Northumberland County,vap_hisp,uss_16_dem_mcg,0.6294025373582445,0.1267232641747966,0.364905012448913,0.8447183524991818
Northumberland County,vap_hisp,uss_16_rep_too,0.3705974626417555,0.1267232641747966,0.155281647500818,0.635094987551087
Northumberland County,vap_asian,uss_16_dem_mcg,0.537813830554929,0.17414674615341716,0.1882977509891546,0.8535490001941048
Northumberland County,vap_asian,uss_16_rep_too,0.4621861694450709,0.17414674615341716,0.14645099980589513,0.8117022490108454
Northumberland County,vap_aian,uss_16_dem_mcg,0.4912724497515754,0.1673010377175686,0.17958269572758287,0.8203202935618197
Northumberland County,vap_aian,uss_16_rep_too,0.5087275502484244,0.1673010377175686,0.17967970643818024,0.8204173042724171
Northumberland County,vap_oth_b,uss_16_dem_mcg,0.5535956372831102,0.15748211620942215,0.232569572309062,0.8299397489100645
Northumberland County,vap_oth_b,uss_16_rep_too,0.4464043627168897,0.15748211620942215,0.1700602510899355,0.7674304276909379
Northumberland County,vap_white,atg_16_dem_sha,0.37482632523593423,0.00795058151338402,0.35994211091125367,0.3910900732862038
Northumberland County,vap_white,atg_16_rep_raf,0.6251736747640658,0.00795058151338402,0.6089099267137962,0.6400578890887464
Northumberland County,vap_black,atg_16_dem_sha,0.45187162670778014,0.12331166719501874,0.21266579395231988,0.6930892470826486
Northumberland County,vap_black,atg_16_rep_raf,0.5481283732922199,0.12331166719501874,0.3069107529173513,0.7873342060476801
Northumberland County,vap_hisp,atg_16_dem_sha,0.6160397260805722,0.1431392313455291,0.3118324349657793,0.8474956591452533
Northumberland County,vap_hisp,atg_16_rep_raf,0.3839602739194278,0.1431392313455291,0.15250434085474673,0.6881675650342207
Northumberland County,vap_asian,atg_16_dem_sha,0.5157206399461247,0.16486567594807802,0.2175479816208667,0.8233145605935986
Northumberland County,vap_asian,atg_16_rep_raf,0.4842793600538753,0.16486567594807802,0.1766854394064013,0.7824520183791333
Northumberland County,vap_aian,atg_16_dem_sha,0.5007105372414554,0.1752923874057161,0.16670519513675727,0.8163309256140465
Northumberland County,vap_aian,atg_16_rep_raf,0.4992894627585445,0.1752923874057161,0.18366907438595337,0.8332948048632426
Northumberland County,vap_oth_b,atg_16_dem_sha,0.5310447525283702,0.1576085713925217,0.21192472336969545,0.813458882797497
Northumberland County,vap_oth_b,atg_16_rep_raf,0.4689552474716297,0.1576085713925217,0.18654111720250297,0.7880752766303044
Northumberland County,vap_white,uss_18_dem_cas,0.3632152609324496,0.00793119767195594,0.34804820330733155,0.37861453741658496
Northumberland County,vap_white,uss_18_rep_bar,0.6367847390675504,0.00793119767195594,0.621385462583415,0.6519517966926685
Northumberland County,vap_black,uss_18_dem_cas,0.47931043101337,0.12885562721484603,0.2207866177275445,0.7145451003596697
Northumberland County,vap_black,uss_18_rep_bar,0.52068956898663,0.12885562721484603,0.2854548996403304,0.7792133822724555
Northumberland County,vap_hisp,uss_18_dem_cas,0.6581411963693604,0.14452374535808127,0.3607551758200363,0.8996817839939061
Northumberland County,vap_hisp,uss_18_rep_bar,0.34185880363063953,0.14452374535808127,0.10031821600609396,0.6392448241799636
Northumberland County,vap_asian,uss_18_dem_cas,0.5079088124083831,0.15689418838669034,0.2278797625457293,0.8129642193581814
Northumberland County,vap_asian,uss_18_rep_bar,0.49209118759161674,0.15689418838669034,0.1870357806418183,0.7721202374542706
Northumberland County,vap_aian,uss_18_dem_cas,0.5036637350398484,0.18109730832157145,0.15165973552131143,0.8321102840664578
Northumberland County,vap_aian,uss_18_rep_bar,0.4963362649601515,0.18109730832157145,0.16788971593354196,0.8483402644786884
Northumberland County,vap_oth_b,uss_18_dem_cas,0.5471318457720803,0.1652754323257785,0.22526778836465425,0.8310085785744443
Northumberland County,vap_oth_b,uss_18_rep_bar,0.4528681542279197,0.1652754323257785,0.16899142142555557,0.7747322116353458
Northumberland County,vap_white,gov_18_dem_wol,0.4301813659558473,0.00766182877772558,0.4156455575356358,0.44575583088079573
Northumberland County,vap_white,gov_18_rep_wag,0.5698186340441528,0.00766182877772558,0.5542441691192043,0.5843544424643642
Northumberland County,vap_black,gov_18_dem_wol,0.510500794666132,0.12585382662067143,0.2570371838937867,0.745178816470032
Northumberland County,vap_black,gov_18_rep_wag,0.489499205333868,0.12585382662067143,0.254821183529968,0.7429628161062133
Northumberland County,vap_hisp,gov_18_dem_wol,0.6484416920419833,0.13816975908305582,0.33556981946710573,0.8729313980068549
Northumberland County,vap_hisp,gov_18_rep_wag,0.3515583079580167,0.13816975908305582,0.12706860199314507,0.6644301805328943
Northumberland County,vap_asian,gov_18_dem_wol,0.5274600957369405,0.17169650168827588,0.18846413408398863,0.8395872707924029
Northumberland County,vap_asian,gov_18_rep_wag,0.4725399042630594,0.17169650168827588,0.1604127292075968,0.8115358659160115
Northumberland County,vap_aian,gov_18_dem_wol,0.5065094550621505,0.16644909729950355,0.1803156286761457,0.8051215061810905
Northumberland County,vap_aian,gov_18_rep_wag,0.4934905449378494,0.16644909729950355,0.19487849381890937,0.8196843713238541
Northumberland County,vap_oth_b,gov_18_dem_wol,0.5340700377412325,0.16619063773150886,0.2319390259499476,0.8343854841866929
Northumberland County,vap_oth_b,gov_18_rep_wag,0.4659299622587675,0.16619063773150886,0.165614515813307,0.7680609740500521
Northumberland County,vap_white,pre_20_dem_bid,0.28065127337119034,0.00733313305402371,0.267702751569809,0.2963692083819705
Northumberland County,vap_white,pre_20_rep_tru,0.7193487266288097,0.00733313305402371,0.7036307916180295,0.7322972484301911
Northumberland County,vap_black,pre_20_dem_bid,0.39728684315870105,0.12422627196360309,0.16154770057851264,0.6289915272708783
Northumberland County,vap_black,pre_20_rep_tru,0.6027131568412989,0.12422627196360309,0.3710084727291216,0.8384522994214874
Northumberland County,vap_hisp,pre_20_dem_bid,0.7091761974285182,0.14181843991896778,0.3747640941607478,0.915993034019002
Northumberland County,vap_hisp,pre_20_rep_tru,0.29082380257148177,0.14181843991896778,0.08400696598099777,0.625235905839252
Northumberland County,vap_asian,pre_20_dem_bid,0.5326982739315079,0.16909180205615298,0.22168874819556503,0.8716561150978795
Northumberland County,vap_asian,pre_20_rep_tru,0.467301726068492,0.16909180205615298,0.12834388490212045,0.7783112518044348
Northumberland County,vap_aian,pre_20_dem_bid,0.4811859997081612,0.1650481831893286,0.16935986133995537,0.7958606593040181
Northumberland County,vap_aian,pre_20_rep_tru,0.5188140002918388,0.1650481831893286,0.20413934069598175,0.8306401386600444
Northumberland County,vap_oth_b,pre_20_dem_bid,0.5868762433280513,0.15798770137864684,0.26524947351724015,0.8561663366376953
Northumberland County,vap_oth_b,pre_20_rep_tru,0.4131237566719487,0.15798770137864684,0.14383366336230477,0.7347505264827598
Northumberland County,vap_white,atg_20_dem_sha,0.3350253673943305,0.00748566787750684,0.3216155178823541,0.3509975577351634
Northumberland County,vap_white,atg_20_rep_hei,0.6649746326056696,0.00748566787750684,0.6490024422648364,0.678384482117646
Northumberland County,vap_black,atg_20_dem_sha,0.4678842747213278,0.12370528532974728,0.22891085279097623,0.7032177606419685
Northumberland County,vap_black,atg_20_rep_hei,0.5321157252786721,0.12370528532974728,0.2967822393580313,0.7710891472090239
Northumberland County,vap_hisp,atg_20_dem_sha,0.6510730312325106,0.1442265183085226,0.30156973727451014,0.8751566276382499
Northumberland County,vap_hisp,atg_20_rep_hei,0.3489269687674894,0.1442265183085226,0.12484337236175004,0.6984302627254899
Northumberland County,vap_asian,atg_20_dem_sha,0.5015926702504457,0.15654885452890668,0.2005450437304842,0.7902389382945162
Northumberland County,vap_asian,atg_20_rep_hei,0.4984073297495542,0.15654885452890668,0.2097610617054836,0.7994549562695157
Northumberland County,vap_aian,atg_20_dem_sha,0.4987473090681837,0.1678148438829532,0.2004085686163468,0.827084115981171
Northumberland County,vap_aian,atg_20_rep_hei,0.5012526909318162,0.1678148438829532,0.17291588401882885,0.7995914313836532
Northumberland County,vap_oth_b,atg_20_dem_sha,0.5359726715446047,0.1649922131653671,0.21774472098419845,0.8313545976225696
Northumberland County,vap_oth_b,atg_20_rep_hei,0.4640273284553953,0.1649922131653671,0.16864540237743028,0.7822552790158016
Perry County,vap_white,pre_16_dem_cli,0.2062701439244059,0.00752542196508336,0.19179828322845816,0.221454829348142
Perry County,vap_white,pre_16_rep_tru,0.7937298560755941,0.00752542196508336,0.778545170651858,0.8082017167715418
Perry County,vap_black,pre_16_dem_cli,0.5031322420150268,0.17629290813500945,0.16308299391947628,0.8262350574364358
Perry County,vap_black,pre_16_rep_tru,0.4968677579849732,0.17629290813500945,0.173764942563564,0.8369170060805238
Perry County,vap_hisp,pre_16_dem_cli,0.5247872579257664,0.15896387536792744,0.21820361489542087,0.8164216934153115
Perry County,vap_hisp,pre_16_rep_tru,0.4752127420742336,0.15896387536792744,0.18357830658468857,0.7817963851045792
Perry County,vap_asian,pre_16_dem_cli,0.4886585997761363,0.17693426406115303,0.15651536137356,0.8136981702084124
Perry County,vap_asian,pre_16_rep_tru,0.5113414002238637,0.17693426406115303,0.18630182979158735,0.8434846386264399
Perry County,vap_aian,pre_16_dem_cli,0.503722839411291,0.17401044807488486,0.17831942412104468,0.8305349249269728
Perry County,vap_aian,pre_16_rep_tru,0.49627716058870885,0.17401044807488486,0.16946507507302708,0.8216805758789552
Perry County,vap_oth_b,pre_16_dem_cli,0.5522405277959539,0.1651533228518449,0.2460968214834128,0.8655998747292422
Perry County,vap_oth_b,pre_16_rep_tru,0.4477594722040461,0.1651533228518449,0.13440012527075784,0.7539031785165871
Perry County,vap_white,uss_16_dem_mcg,0.22965660559831547,0.00840486440700419,0.21371435649567871,0.2463308214003793
Perry County,vap_white,uss_16_rep_too,0.7703433944016845,0.00840486440700419,0.7536691785996207,0.7862856435043213
Perry County,vap_black,uss_16_dem_mcg,0.5318145752401225,0.16844521576636687,0.2087991409876231,0.8419742492423791
Perry County,vap_black,uss_16_rep_too,0.4681854247598774,0.16844521576636687,0.158025750757621,0.7912008590123767
Perry County,vap_hisp,uss_16_dem_mcg,0.542270253948347,0.19584525021145588,0.1827351747935707,0.9139625373586988
Perry County,vap_hisp,uss_16_rep_too,0.457729746051653,0.19584525021145588,0.08603746264130119,0.8172648252064291
Perry County,vap_asian,uss_16_dem_mcg,0.5052509113858117,0.17240603395452034,0.18069946862431815,0.8328493340448789
Perry County,vap_asian,uss_16_rep_too,0.4947490886141882,0.17240603395452034,0.1671506659551208,0.8193005313756816
Perry County,vap_aian,uss_16_dem_mcg,0.5021983932011985,0.1841685798141728,0.1680841640900165,0.8541361643935017
Perry County,vap_aian,uss_16_rep_too,0.49780160679880137,0.1841685798141728,0.1458638356064982,0.8319158359099833
Perry County,vap_oth_b,uss_16_dem_mcg,0.583455134420296,0.1818494673083925,0.2240755770698703,0.9127775790923238
Perry County,vap_oth_b,uss_16_rep_too,0.41654486557970394,0.1818494673083925,0.08722242090767618,0.7759244229301295
Perry County,vap_white,atg_16_dem_sha,0.24487091768170136,0.00744063488686811,0.2307247915564412,0.25927640316915496
Perry County,vap_white,atg_16_rep_raf,0.7551290823182986,0.00744063488686811,0.740723596830845,0.7692752084435589
Perry County,vap_black,atg_16_dem_sha,0.5168724211405357,0.16097359446043272,0.2055475463660489,0.8106245050332342
Perry County,vap_black,atg_16_rep_raf,0.48312757885946434,0.16097359446043272,0.18937549496676576,0.794452453633951
Perry County,vap_hisp,atg_16_dem_sha,0.5317147470457397,0.16236519923010456,0.21532996414790131,0.8229305547604232
Perry County,vap_hisp,atg_16_rep_raf,0.46828525295426027,0.16236519923010456,0.1770694452395767,0.7846700358520985
Perry County,vap_asian,atg_16_dem_sha,0.49179533313378626,0.18513851182016783,0.14438294470243018,0.8243711848090516
Perry County,vap_asian,atg_16_rep_raf,0.5082046668662137,0.18513851182016783,0.17562881519094836,0.8556170552975697
Perry County,vap_aian,atg_16_dem_sha,0.49187439858180126,0.17977315666366722,0.16470010143159544,0.8310791578482515
Perry County,vap_aian,atg_16_rep_raf,0.5081256014181986,0.17977315666366722,0.16892084215174838,0.8352998985684044
Perry County,vap_oth_b,atg_16_dem_sha,0.5400137432106694,0.1649306473126843,0.2200559916136253,0.8486202102900372
Perry County,vap_oth_b,atg_16_rep_raf,0.4599862567893306,0.1649306473126843,0.1513797897099625,0.7799440083863747
Perry County,vap_white,uss_18_dem_cas,0.2928306754857252,0.00817317899573982,0.2770336662567549,0.3090340046862316
Perry County,vap_white,uss_18_rep_bar,0.7071693245142747,0.00817317899573982,0.6909659953137683,0.722966333743245
Perry County,vap_black,uss_18_dem_cas,0.4923027152763219,0.17483467199210037,0.16823071938171957,0.8279888239226976
Perry County,vap_black,uss_18_rep_bar,0.507697284723678,0.17483467199210037,0.17201117607730246,0.8317692806182805
Perry County,vap_hisp,uss_18_dem_cas,0.5070089752286492,0.17259335357961825,0.16963621808901252,0.826564500573674
Perry County,vap_hisp,uss_18_rep_bar,0.4929910247713508,0.17259335357961825,0.17343549942632602,0.8303637819109874
Perry County,vap_asian,uss_18_dem_cas,0.5038321328412665,0.18424402397657452,0.16441960243958895,0.8543180009835574
Perry County,vap_asian,uss_18_rep_bar,0.49616786715873346,0.18424402397657452,0.14568199901644258,0.835580397560411
Perry County,vap_aian,uss_18_dem_cas,0.5099902923574932,0.18192583859594397,0.15623111245661497,0.8511646983198062
Perry County,vap_aian,uss_18_rep_bar,0.49000970764250673,0.18192583859594397,0.14883530168019363,0.8437688875433849
Perry County,vap_oth_b,uss_18_dem_cas,0.5442364673959189,0.17737037346337836,0.2200755711076585,0.9040448451648724
Perry County,vap_oth_b,uss_18_rep_bar,0.4557635326040811,0.17737037346337836,0.09595515483512776,0.7799244288923415
Perry County,vap_white,gov_18_dem_wol,0.33134632797065305,0.00854305196214617,0.3149106403163785,0.3484301213458533
Perry County,vap_white,gov_18_rep_wag,0.6686536720293469,0.00854305196214617,0.6515698786541465,0.6850893596836215
Perry County,vap_black,gov_18_dem_wol,0.5167095854778433,0.1734352866560691,0.18505969516316,0.8418338663104239
Perry County,vap_black,gov_18_rep_wag,0.48329041452215665,0.1734352866560691,0.15816613368957613,0.81494030483684
Perry County,vap_hisp,gov_18_dem_wol,0.520262240703688,0.167541208752977,0.1986689993571705,0.8285837516851994
Perry County,vap_hisp,gov_18_rep_wag,0.479737759296312,0.167541208752977,0.1714162483148006,0.8013310006428295
Perry County,vap_asian,gov_18_dem_wol,0.47919304117276706,0.1791026168754752,0.15655874008425766,0.8198316504924217
Perry County,vap_asian,gov_18_rep_wag,0.5208069588272328,0.1791026168754752,0.1801683495075781,0.8434412599157423
Perry County,vap_aian,gov_18_dem_wol,0.4807779625072636,0.17948131440840362,0.15306721775569967,0.8155415936273034
Perry County,vap_aian,gov_18_rep_wag,0.5192220374927363,0.17948131440840362,0.1844584063726964,0.8469327822443002
Perry County,vap_oth_b,gov_18_dem_wol,0.5241893085315678,0.17094000656075595,0.18454445341217224,0.8369084864476289
Perry County,vap_oth_b,gov_18_rep_wag,0.4758106914684322,0.17094000656075595,0.1630915135523709,0.8154555465878277
Perry County,vap_white,pre_20_dem_bid,0.2214124550283483,0.00767350667264579,0.2067135216208225,0.2366357565550402
Perry County,vap_white,pre_20_rep_tru,0.7785875449716517,0.00767350667264579,0.7633642434449597,0.7932864783791775
Perry County,vap_black,pre_20_dem_bid,0.48932105778534546,0.1696087003488856,0.17202410655975442,0.8033562270757394
Perry County,vap_black,pre_20_rep_tru,0.5106789422146545,0.1696087003488856,0.19664377292426047,0.8279758934402456
Perry County,vap_hisp,pre_20_dem_bid,0.4517435637216531,0.19040417235921783,0.07364112267468102,0.7947174093296963
Perry County,vap_hisp,pre_20_rep_tru,0.548256436278347,0.19040417235921783,0.2052825906703037,0.926358877325319
Perry County,vap_asian,pre_20_dem_bid,0.4627152804357396,0.1687708070564022,0.1607940043183176,0.8042217679300822
Perry County,vap_asian,pre_20_rep_tru,0.5372847195642603,0.1687708070564022,0.1957782320699177,0.8392059956816823
Perry County,vap_aian,pre_20_dem_bid,0.49431908042579153,0.17155717698838438,0.16989880915069505,0.8275763518647958
Perry County,vap_aian,pre_20_rep_tru,0.5056809195742084,0.17155717698838438,0.17242364813520397,0.8301011908493047
Perry County,vap_oth_b,pre_20_dem_bid,0.5505971482608545,0.16204200956036127,0.2254177222649981,0.8323458146512235
Perry County,vap_oth_b,pre_20_rep_tru,0.4494028517391455,0.16204200956036127,0.16765418534877652,0.7745822777350017
Perry County,vap_white,atg_20_dem_sha,0.24290324228654597,0.00784977210720176,0.2276612202047166,0.2587460239306479
Perry County,vap_white,atg_20_rep_hei,0.7570967577134541,0.00784977210720176,0.741253976069352,0.7723387797952833
Perry County,vap_black,atg_20_dem_sha,0.5115489788933,0.1691020493521466,0.1668906000262673,0.8168453465210549
Perry County,vap_black,atg_20_rep_hei,0.4884510211067,0.1691020493521466,0.18315465347894505,0.8331093999737326
Perry County,vap_hisp,atg_20_dem_sha,0.4754292417337458,0.1631290811657264,0.18326895055921816,0.7937963712789954
Perry County,vap_hisp,atg_20_rep_hei,0.5245707582662542,0.1631290811657264,0.20620362872100464,0.8167310494407819
Perry County,vap_asian,atg_20_dem_sha,0.49317234802737175,0.1756929795090124,0.16813671734657243,0.8312436409871434
Perry County,vap_asian,atg_20_rep_hei,0.5068276519726281,0.1756929795090124,0.1687563590128563,0.8318632826534273
Perry County,vap_aian,atg_20_dem_sha,0.49728676254439014,0.1726222098776304,0.165593528426757,0.814659991533569
Perry County,vap_aian,atg_20_rep_hei,0.5027132374556097,0.1726222098776304,0.18534000846643084,0.8344064715732424
Perry County,vap_oth_b,atg_20_dem_sha,0.544095139708223,0.1730081138391057,0.18930223235029464,0.860866641148331
Perry County,vap_oth_b,atg_20_rep_hei,0.455904860291777,0.1730081138391057,0.13913335885166883,0.8106977676497052
Philadelphia County,vap_white,pre_16_dem_cli,0.6170977344126294,0.00331306332617216,0.6105759150280972,0.6236842476286278
Philadelphia County,vap_white,pre_16_rep_tru,0.3829022655873705,0.00331306332617216,0.3763157523713721,0.3894240849719029
Philadelphia County,vap_black,pre_16_dem_cli,0.9939093082547416,4.3967298288314114e-4,0.9930048278827548,0.9947575046242324
Philadelphia County,vap_black,pre_16_rep_tru,0.0060906917452584,4.396729828831414e-4,0.00524249537576745,0.00699517211724493
Philadelphia County,vap_hisp,pre_16_dem_cli,0.9544295052012104,0.00442421463461347,0.9451112941092186,0.9624899744959576
Philadelphia County,vap_hisp,pre_16_rep_tru,0.04557049479878946,0.00442421463461347,0.03751002550404219,0.05488870589078139
Philadelphia County,vap_asian,pre_16_dem_cli,0.8034064622146698,0.01472375492883571,0.7744033749375465,0.8320833198082973
Philadelphia County,vap_asian,pre_16_rep_tru,0.19659353778533012,0.01472375492883571,0.1679166801917028,0.22559662506245343
Philadelphia County,vap_aian,pre_16_dem_cli,0.822569275998615,0.04326931105022703,0.7327715398097329,0.8941026730918353
Philadelphia County,vap_aian,pre_16_rep_tru,0.17743072400138496,0.04326931105022703,0.10589732690816456,0.2672284601902669
Philadelphia County,vap_oth_b,pre_16_dem_cli,0.9407047523618948,0.00766914038135458,0.9248222567074336,0.955062286794654
Philadelphia County,vap_oth_b,pre_16_rep_tru,0.05929524763810534,0.00766914038135458,0.04493771320534615,0.0751777432925664
Philadelphia County,vap_white,uss_16_dem_mcg,0.5929298330454711,0.00341434958111461,0.5866331811125812,0.5998828556561039
Philadelphia County,vap_white,uss_16_rep_too,0.4070701669545288,0.00341434958111461,0.40011714434389606,0.4133668188874186
Philadelphia County,vap_black,uss_16_dem_mcg,0.9923793997875332,5.294226839420086e-4,0.9912882943795602,0.9934028325533656
Philadelphia County,vap_black,uss_16_rep_too,0.00762060021246671,5.294226839420082e-4,0.00659716744663443,0.00871170562043967
Philadelphia County,vap_hisp,uss_16_dem_mcg,0.9464961225202866,0.00454365419076489,0.9377536857363548,0.9561471456984548
Philadelphia County,vap_hisp,uss_16_rep_too,0.05350387747971343,0.00454365419076489,0.04385285430154529,0.06224631426364521
Philadelphia County,vap_asian,uss_16_dem_mcg,0.77912864513523,0.01447835340890953,0.7503829980389314,0.8060115563386566
Philadelphia County,vap_asian,uss_16_rep_too,0.22087135486477005,0.01447835340890953,0.19398844366134332,0.2496170019610687
Philadelphia County,vap_aian,uss_16_dem_mcg,0.738116723083549,0.07957175644818523,0.5753881260063562,0.8774548012275478
Philadelphia County,vap_aian,uss_16_rep_too,0.2618832769164509,0.07957175644818523,0.12254519877245212,0.4246118739936437
Philadelphia County,vap_oth_b,uss_16_dem_mcg,0.9076239789569464,0.01686009620485547,0.8720499078300914,0.937544766747222
Philadelphia County,vap_oth_b,uss_16_rep_too,0.0923760210430536,0.01686009620485547,0.06245523325277802,0.12795009216990863
Philadelphia County,vap_white,atg_16_dem_sha,0.6391397547071668,0.00325943167281819,0.6328595736576106,0.6456121347861324
Philadelphia County,vap_white,atg_16_rep_raf,0.3608602452928332,0.00325943167281819,0.35438786521386745,0.3671404263423893
Philadelphia County,vap_black,atg_16_dem_sha,0.9935714171993224,4.555147496020899e-4,0.9926224800166982,0.9944194284089044
Philadelphia County,vap_black,atg_16_rep_raf,0.00642858280067736,4.555147496020895e-4,0.00558057159109556,0.00737751998330169
Philadelphia County,vap_hisp,atg_16_dem_sha,0.9524628497835363,0.00426606054126887,0.9438246965432754,0.9605002119344118
Philadelphia County,vap_hisp,atg_16_rep_raf,0.04753715021646357,0.00426606054126888,0.03949978806558834,0.05617530345672457
Philadelphia County,vap_asian,atg_16_dem_sha,0.7963354581377424,0.01457631831119905,0.7667953360527711,0.823049891467267
Philadelphia County,vap_asian,atg_16_rep_raf,0.2036645418622576,0.01457631831119905,0.17695010853273296,0.23320466394722883
Philadelphia County,vap_aian,atg_16_dem_sha,0.799087602496594,0.05138629421099219,0.6918373107036129,0.900260843668507
Philadelphia County,vap_aian,atg_16_rep_raf,0.20091239750340584,0.05138629421099219,0.09973915633149295,0.30816268929638707
Philadelphia County,vap_oth_b,atg_16_dem_sha,0.9310840597967318,0.01013967739019185,0.9103378159549248,0.9492326308678328
Philadelphia County,vap_oth_b,atg_16_rep_raf,0.06891594020326816,0.01013967739019185,0.05076736913216702,0.08966218404507499
Philadelphia County,vap_white,uss_18_dem_cas,0.7042153032922875,0.0029684846525681,0.6984108306197944,0.7100022473267007
Philadelphia County,vap_white,uss_18_rep_bar,0.2957846967077124,0.0029684846525681,0.2899977526732993,0.30158916938020547
Philadelphia County,vap_black,uss_18_dem_cas,0.9951475112814182,3.4815853347282727e-4,0.994431427620528,0.9957983463520778
Philadelphia County,vap_black,uss_18_rep_bar,0.0048524887185817,3.4815853347282754e-4,0.00420165364792212,0.00556857237947179
Philadelphia County,vap_hisp,uss_18_dem_cas,0.9591006507384516,0.00352639166951691,0.9518162857272136,0.9658888026623716
Philadelphia County,vap_hisp,uss_18_rep_bar,0.04089934926154853,0.00352639166951691,0.03411119733762838,0.04818371427278635
Philadelphia County,vap_asian,uss_18_dem_cas,0.8346687882748807,0.0129067186851737,0.8096367528298961,0.8597098850597572
Philadelphia County,vap_asian,uss_18_rep_bar,0.16533121172511936,0.0129067186851737,0.1402901149402428,0.19036324717010392
Philadelphia County,vap_aian,uss_18_dem_cas,0.8741490313551407,0.03827315939399244,0.7899724778985456,0.9329142245488028
Philadelphia County,vap_aian,uss_18_rep_bar,0.12585096864485926,0.03827315939399244,0.06708577545119727,0.21002752210145428
Philadelphia County,vap_oth_b,uss_18_dem_cas,0.9626238235741408,0.00537310022526139,0.9512758965186544,0.9721999198372104
Philadelphia County,vap_oth_b,uss_18_rep_bar,0.0373761764258593,0.00537310022526139,0.02780008016278942,0.04872410348134546
Philadelphia County,vap_white,gov_18_dem_wol,0.71579208791535065,0.00312592427883757,0.7097836760587884,0.721983420955438
Philadelphia County,vap_white,gov_18_rep_wag,0.28420791208464924,0.00312592427883757,0.27801657904456195,0.29021632394121155
Philadelphia County,vap_black,gov_18_dem_wol,0.9950274425223716,3.566382096356752e-4,0.9943074218984812,0.9956894280792568
Philadelphia County,vap_black,gov_18_rep_wag,0.00497255747762819,3.566382096356748e-4,0.00431057192074306,0.00569257810151882
Philadelphia County,vap_hisp,gov_18_dem_wol,0.9563713280247452,0.00412105311372946,0.947862219210144,0.963928319492306
Philadelphia County,vap_hisp,gov_18_rep_wag,0.04362867197525475,0.00412105311372946,0.03607168050769402,0.05213778078985614
Philadelphia County,vap_asian,gov_18_dem_wol,0.8396258799380141,0.01433650217749796,0.8125183033053455,0.8698558279219993
Philadelphia County,vap_asian,gov_18_rep_wag,0.1603741200619859,0.01433650217749796,0.13014417207800072,0.1874816966946546
Philadelphia County,vap_aian,gov_18_dem_wol,0.846998122029672,0.0423322475880103,0.7604911105046873,0.916300905978099
Philadelphia County,vap_aian,gov_18_rep_wag,0.15300187797032802,0.0423322475880103,0.08369909402190093,0.23950888949531263
Philadelphia County,vap_oth_b,gov_18_dem_wol,0.960277945782976,0.00560686541846614,0.9485961066136774,0.9706611939048628
Philadelphia County,vap_oth_b,gov_18_rep_wag,0.03972205421702401,0.00560686541846614,0.02933880609513729,0.05140389338632249
Philadelphia County,vap_white,pre_20_dem_bid,0.637237321483125,0.00380091074927943,0.6301360874435609,0.6449129743525712
Philadelphia County,vap_white,pre_20_rep_tru,0.36276267851687494,0.00380091074927943,0.3550870256474288,0.3698639125564391
Philadelphia County,vap_black,pre_20_dem_bid,0.9908691494525012,5.947872141053504e-4,0.9896846435040666,0.9920114753119326
Philadelphia County,vap_black,pre_20_rep_tru,0.00913085054749872,5.9478721410535e-4,0.00798852468806726,0.01031535649593332
Philadelphia County,vap_hisp,pre_20_dem_bid,0.8239421333441108,0.0061844047534623,0.8120326833762223,0.8359552690485926
Philadelphia County,vap_hisp,pre_20_rep_tru,0.17605786665588918,0.00618440475346231,0.16404473095140729,0.18796731662377775
Philadelphia County,vap_asian,pre_20_dem_bid,0.7327028185160507,0.01746865438258016,0.6977444371410264,0.7660937125961144
Philadelphia County,vap_asian,pre_20_rep_tru,0.2672971814839494,0.01746865438258016,0.23390628740388572,0.30225556285897337
Philadelphia County,vap_aian,pre_20_dem_bid,0.6803552121111882,0.10887532973771362,0.4804082838893463,0.8628574261616032
Philadelphia County,vap_aian,pre_20_rep_tru,0.31964478788881173,0.10887532973771362,0.13714257383839693,0.5195917161106537
Philadelphia County,vap_oth_b,pre_20_dem_bid,0.8807522387920075,0.0221031918514593,0.8326427298494063,0.9244727323248784
Philadelphia County,vap_oth_b,pre_20_rep_tru,0.11924776120799244,0.02210319185145931,0.07552726767512176,0.1673572701505935
Philadelphia County,vap_white,atg_20_dem_sha,0.6510817294504815,0.00353300055828681,0.6441755260507759,0.6580993658525252
Philadelphia County,vap_white,atg_20_rep_hei,0.34891827054951846,0.00353300055828681,0.34190063414747474,0.355824473949224
Philadelphia County,vap_black,atg_20_dem_sha,0.9916175464916374,5.385608241590905e-4,0.9905533329182736,0.9926742269143098
Philadelphia County,vap_black,atg_20_rep_hei,0.00838245350836254,5.385608241590908e-4,0.00732577308569011,0.00944666708172644
Philadelphia County,vap_hisp,atg_20_dem_sha,0.8533201653335865,0.00588442496432889,0.8416924639312379,0.8644996570617316
Philadelphia County,vap_hisp,atg_20_rep_hei,0.1466798346664136,0.00588442496432889,0.13550034293826851,0.15830753606876216
Philadelphia County,vap_asian,atg_20_dem_sha,0.7545087652535128,0.01554807496475427,0.7245538674891806,0.784884228508641
Philadelphia County,vap_asian,atg_20_rep_hei,0.24549123474648712,0.01554807496475427,0.21511577149135888,0.2754461325108193
Philadelphia County,vap_aian,atg_20_dem_sha,0.7502157827633538,0.07189320684042971,0.5826179581569724,0.8549901713648164
Philadelphia County,vap_aian,atg_20_rep_hei,0.24978421723664612,0.07189320684042971,0.1450098286351834,0.4173820418430275
Philadelphia County,vap_oth_b,atg_20_dem_sha,0.907595990098247,0.01517117626243855,0.8781299958352438,0.935418198947558
Philadelphia County,vap_oth_b,atg_20_rep_hei,0.092404009901753,0.01517117626243855,0.06458180105244192,0.12187000416475616
Pike County,vap_white,pre_16_dem_cli,0.31115278074722696,0.01701706779482383,0.27934207277051126,0.34650335135231025
Pike County,vap_white,pre_16_rep_tru,0.688847219252773,0.01701706779482383,0.6534966486476897,0.7206579272294887
Pike County,vap_black,pre_16_dem_cli,0.6203155339693575,0.16544166139073543,0.26096343845445374,0.8974035931015574
Pike County,vap_black,pre_16_rep_tru,0.3796844660306426,0.16544166139073543,0.10259640689844264,0.7390365615455463
Pike County,vap_hisp,pre_16_dem_cli,0.6581362231387886,0.14975003336567358,0.3091214172948078,0.8924098916949258
Pike County,vap_hisp,pre_16_rep_tru,0.34186377686121133,0.14975003336567358,0.10759010830507412,0.690878582705192
Pike County,vap_asian,pre_16_dem_cli,0.5320068598144494,0.17536172635062164,0.18506213837676505,0.8394943428500639
Pike County,vap_asian,pre_16_rep_tru,0.46799314018555066,0.17536172635062164,0.160505657149936,0.814937861623235
Pike County,vap_aian,pre_16_dem_cli,0.5052257560728325,0.17071010985395843,0.17496562026050286,0.8158661254797076
Pike County,vap_aian,pre_16_rep_tru,0.4947742439271675,0.17071010985395843,0.18413387452029228,0.825034379739497
Pike County,vap_oth_b,pre_16_dem_cli,0.52206984601345785,0.17290874885029678,0.17464042609282704,0.8348988603738536
Pike County,vap_oth_b,pre_16_rep_tru,0.47793015398654215,0.17290874885029678,0.1651011396261463,0.8253595739071728
Pike County,vap_white,uss_16_dem_mcg,0.333189195347344,0.01766915024855925,0.3015245372736297,0.36884238154461085
Pike County,vap_white,uss_16_rep_too,0.6668108046526561,0.01766915024855925,0.6311576184553892,0.6984754627263704
Pike County,vap_black,uss_16_dem_mcg,0.6271480601382083,0.15891049870366877,0.2844452319878825,0.8860549492277022
Pike County,vap_black,uss_16_rep_too,0.37285193986179177,0.15891049870366877,0.11394505077229772,0.7155547680121174
Pike County,vap_hisp,uss_16_dem_mcg,0.6392021748240304,0.14982974224918125,0.32536427284498437,0.8903201629544039
Pike County,vap_hisp,uss_16_rep_too,0.36079782517596953,0.14982974224918125,0.10967983704559578,0.6746357271550156
Pike County,vap_asian,uss_16_dem_mcg,0.5303989844834007,0.1713717897137604,0.1987285375991149,0.8431856996279651
Pike County,vap_asian,uss_16_rep_too,0.4696010155165994,0.1713717897137604,0.15681430037203478,0.8012714624008852
Pike County,vap_aian,uss_16_dem_mcg,0.4988289806324877,0.17488547697364243,0.1777543119497796,0.8422080026608333
Pike County,vap_aian,uss_16_rep_too,0.5011710193675123,0.17488547697364243,0.15779199733916657,0.8222456880502204
Pike County,vap_oth_b,uss_16_dem_mcg,0.516516329656321,0.17443996099622516,0.1803889924706528,0.8341071699110388
Pike County,vap_oth_b,uss_16_rep_too,0.48348367034367895,0.17443996099622516,0.16589283008896102,0.8196110075293471
Pike County,vap_white,atg_16_dem_sha,0.33216487085384505,0.01729847926877126,0.30002204791352216,0.3672065696658921
Pike County,vap_white,atg_16_rep_raf,0.667835129146155,0.01729847926877126,0.6327934303341081,0.6999779520864777
Pike County,vap_black,atg_16_dem_sha,0.6766909020890312,0.1483955528075591,0.3544748101750361,0.912802914354377
Pike County,vap_black,atg_16_rep_raf,0.32330909791096885,0.1483955528075591,0.08719708564562297,0.6455251898249637
Pike County,vap_hisp,atg_16_dem_sha,0.6368057253633328,0.14846921047962106,0.3107697045510642,0.8924940924498717
Pike County,vap_hisp,atg_16_rep_raf,0.3631942746366671,0.14846921047962106,0.1075059075501284,0.6892302954489359
Pike County,vap_asian,atg_16_dem_sha,0.5230364492783626,0.17739289113671397,0.17132070211407527,0.8402505725519935
Pike County,vap_asian,atg_16_rep_raf,0.47696355072163754,0.17739289113671397,0.1597494274480065,0.8286792978859248
Pike County,vap_aian,atg_16_dem_sha,0.4931484162571165,0.1921542510221104,0.1376580322399599,0.8629687253819573
Pike County,vap_aian,atg_16_rep_raf,0.5068515837428835,0.1921542510221104,0.13703127461804265,0.8623419677600401
Pike County,vap_oth_b,atg_16_dem_sha,0.5270003439760771,0.1675640489429294,0.18974109203313327,0.832695210645537
Pike County,vap_oth_b,atg_16_rep_raf,0.47299965602392285,0.1675640489429294,0.1673047893544629,0.8102589079668666
Pike County,vap_white,uss_18_dem_cas,0.39283975303280816,0.01751149382282487,0.36023737806491857,0.42757691417426513
Pike County,vap_white,uss_18_rep_bar,0.6071602469671918,0.01751149382282487,0.5724230858257348,0.6397626219350815
Pike County,vap_black,uss_18_dem_cas,0.643639146581949,0.17692949490424603,0.2587322144344902,0.929482359702663
Pike County,vap_black,uss_18_rep_bar,0.35636085341805107,0.17692949490424603,0.0705176402973371,0.7412677855655098
Pike County,vap_hisp,uss_18_dem_cas,0.6219853755345193,0.1562566527833439,0.28683327799129693,0.8794346744510547
Pike County,vap_hisp,uss_18_rep_bar,0.3780146244654806,0.1562566527833439,0.12056532554894528,0.7131667220087029
Pike County,vap_asian,uss_18_dem_cas,0.5124029264874398,0.17025503030070605,0.17676260608024022,0.8342943061937261
Pike County,vap_asian,uss_18_rep_bar,0.4875970735125603,0.17025503030070605,0.1657056938062739,0.8232373939197598
Pike County,vap_aian,uss_18_dem_cas,0.4967527228156609,0.17759264721522983,0.1478169547578058,0.8334406675639225
Pike County,vap_aian,uss_18_rep_bar,0.5032472771843391,0.17759264721522983,0.16655933243607748,0.852183045242194
Pike County,vap_oth_b,uss_18_dem_cas,0.5180338889583591,0.1682556859303359,0.1924033547798416,0.8334296114160193
Pike County,vap_oth_b,uss_18_rep_bar,0.4819661110416408,0.1682556859303359,0.16657038858398046,0.8075966452201585
Pike County,vap_white,gov_18_dem_wol,0.41244850049896137,0.01971662064025941,0.3773056837714482,0.45223177414523014
Pike County,vap_white,gov_18_rep_wag,0.5875514995010387,0.01971662064025941,0.5477682258547699,0.6226943162285518
Pike County,vap_black,gov_18_dem_wol,0.6645875977165785,0.14787532781925578,0.33153559283062334,0.9050051675695252
Pike County,vap_black,gov_18_rep_wag,0.3354124022834215,0.14787532781925578,0.0949948324304749,0.6684644071693767
Pike County,vap_hisp,gov_18_dem_wol,0.6046137805231736,0.16822440024138355,0.2581698545964982,0.8699080536155407
Pike County,vap_hisp,gov_18_rep_wag,0.3953862194768263,0.16822440024138355,0.13009194638445912,0.7418301454035019
Pike County,vap_asian,gov_18_dem_wol,0.516100724709916,0.17739938152406012,0.18616120804200809,0.8472028887289882
Pike County,vap_asian,gov_18_rep_wag,0.48389927529008414,0.17739938152406012,0.1527971112710118,0.813838791957992
Pike County,vap_aian,gov_18_dem_wol,0.5093762856650157,0.18770616853003105,0.16044688329527454,0.8799140554340266
Pike County,vap_aian,gov_18_rep_wag,0.49062371433498425,0.18770616853003105,0.1200859445659732,0.8395531167047254
Pike County,vap_oth_b,gov_18_dem_wol,0.5175486488152277,0.17953434743240068,0.17444704058529653,0.854439700602497
Pike County,vap_oth_b,gov_18_rep_wag,0.48245135118477234,0.17953434743240068,0.14556029939750284,0.8255529594147034
Pike County,vap_white,pre_20_dem_bid,0.3664593687764424,0.01883177892415838,0.3317379878909374,0.4044443269194116
Pike County,vap_white,pre_20_rep_tru,0.6335406312235576,0.01883177892415838,0.5955556730805884,0.6682620121090627
Pike County,vap_black,pre_20_dem_bid,0.6260128312426625,0.17581903243966993,0.24180606319913192,0.9167460941021164
Pike County,vap_black,pre_20_rep_tru,0.3739871687573376,0.17581903243966993,0.08325390589788371,0.758193936800868
Pike County,vap_hisp,pre_20_dem_bid,0.6191323036917376,0.16646507312059278,0.25694096535578115,0.8893350597777747
Pike County,vap_hisp,pre_20_rep_tru,0.3808676963082624,0.16646507312059278,0.11066494022222507,0.7430590346442187
Pike County,vap_asian,pre_20_dem_bid,0.52568131547952,0.1743812761640566,0.19343745071520865,0.8499185813646416
Pike County,vap_asian,pre_20_rep_tru,0.47431868452048,0.1743812761640566,0.15008141863535843,0.8065625492847914
Pike County,vap_aian,pre_20_dem_bid,0.4951329233299262,0.1730454523504237,0.16788059294661817,0.8217131905994332
Pike County,vap_aian,pre_20_rep_tru,0.5048670766700738,0.1730454523504237,0.1782868094005668,0.8321194070533819
Pike County,vap_oth_b,pre_20_dem_bid,0.5235105465916295,0.1740101870450115,0.17838387606575598,0.8469615070326738
Pike County,vap_oth_b,pre_20_rep_tru,0.4764894534083704,0.1740101870450115,0.1530384929673261,0.821616123934244
Pike County,vap_white,atg_20_dem_sha,0.36043962006011415,0.01803517683202693,0.32632292201214813,0.3965861818231367
Pike County,vap_white,atg_20_rep_hei,0.6395603799398859,0.01803517683202693,0.6034138181768633,0.6736770779878518
Pike County,vap_black,atg_20_dem_sha,0.640704470704774,0.15927420048850538,0.2883239010961544,0.9010192401974684
Pike County,vap_black,atg_20_rep_hei,0.3592955292952261,0.15927420048850538,0.09898075980253151,0.7116760989038455
Pike County,vap_hisp,atg_20_dem_sha,0.6414804929656466,0.15385651167097034,0.3080641658800857,0.9023834134645946
Pike County,vap_hisp,atg_20_rep_hei,0.35851950703435337,0.15385651167097034,0.09761658653540543,0.6919358341199142
Pike County,vap_asian,atg_20_dem_sha,0.5153929214747198,0.17646657124130036,0.17911447462094443,0.8469590192163201
Pike County,vap_asian,atg_20_rep_hei,0.4846070785252803,0.17646657124130036,0.15304098078367995,0.8208855253790557
Pike County,vap_aian,atg_20_dem_sha,0.4928131892402175,0.1650421306941183,0.1841010113269301,0.8024158920715667
Pike County,vap_aian,atg_20_rep_hei,0.5071868107597824,0.1650421306941183,0.19758410792843328,0.8158989886730695
Pike County,vap_oth_b,atg_20_dem_sha,0.5244492653713724,0.17020386696838843,0.2001352271976041,0.8344702833706881
Pike County,vap_oth_b,atg_20_rep_hei,0.4755507346286276,0.17020386696838843,0.1655297166293118,0.7998647728023958
Potter County,vap_white,pre_16_dem_cli,0.151863246962128,0.00771155208747947,0.1373222537987663,0.16760072250939373
Potter County,vap_white,pre_16_rep_tru,0.848136753037872,0.00771155208747947,0.8323992774906063,0.8626777462012336
Potter County,vap_black,pre_16_dem_cli,0.5076369459900117,0.19062120726985804,0.14776488285813277,0.8673640399275458
Potter County,vap_black,pre_16_rep_tru,0.49236305400998825,0.19062120726985804,0.13263596007245423,0.8522351171418672
Potter County,vap_hisp,pre_16_dem_cli,0.5101559664038661,0.1789127849522646,0.15862384763250542,0.8464073472044615
Potter County,vap_hisp,pre_16_rep_tru,0.48984403359613393,0.1789127849522646,0.1535926527955385,0.8413761523674944
Potter County,vap_asian,pre_16_dem_cli,0.503131643038034,0.19824412929971064,0.1185735829901075,0.8569496439045543
Potter County,vap_asian,pre_16_rep_tru,0.4968683569619659,0.19824412929971064,0.14305035609544556,0.8814264170098925
Potter County,vap_aian,pre_16_dem_cli,0.5057326346068554,0.18105698280302748,0.15230053499187032,0.8483247726646372
Potter County,vap_aian,pre_16_rep_tru,0.4942673653931447,0.18105698280302748,0.15167522733536268,0.8476994650081296
Potter County,vap_oth_b,pre_16_dem_cli,0.5707852180074883,0.16801457581978108,0.21953436084288627,0.8571870494304005
Potter County,vap_oth_b,pre_16_rep_tru,0.4292147819925118,0.16801457581978108,0.14281295056959953,0.7804656391571136
Potter County,vap_white,uss_16_dem_mcg,0.17311406541311333,0.00843488914548023,0.15663191862644746,0.18957764281776365
Potter County,vap_white,uss_16_rep_too,0.8268859345868866,0.00843488914548023,0.8104223571822363,0.8433680813735525
Potter County,vap_black,uss_16_dem_mcg,0.5265766348954212,0.17159029527191172,0.2046348204799417,0.8541740101134394
Potter County,vap_black,uss_16_rep_too,0.4734233651045788,0.17159029527191172,0.14582598988656065,0.7953651795200584
Potter County,vap_hisp,uss_16_dem_mcg,0.5127967211214496,0.18397037594749044,0.13761084445673846,0.8489035927657729
Potter County,vap_hisp,uss_16_rep_too,0.48720327887855047,0.18397037594749047,0.1510964072342272,0.8623891555432615
Potter County,vap_asian,uss_16_dem_mcg,0.5102376747253953,0.1702398485039443,0.1828004951680384,0.8282115208213098
Potter County,vap_asian,uss_16_rep_too,0.4897623252746047,0.1702398485039443,0.17178847917869022,0.8171995048319614
Potter County,vap_aian,uss_16_dem_mcg,0.5143213737801235,0.17539419857657054,0.17876736463846685,0.84540050384445
Potter County,vap_aian,uss_16_rep_too,0.4856786262198765,0.17539419857657054,0.15459949615555013,0.8212326353615331
Potter County,vap_oth_b,uss_16_dem_mcg,0.553153606386882,0.1826669139203025,0.21772499429737285,0.8967901489382486
Potter County,vap_oth_b,uss_16_rep_too,0.4468463936131179,0.1826669139203025,0.10320985106175146,0.7822750057026269
Potter County,vap_white,atg_16_dem_sha,0.1928159032378232,0.00833178910574739,0.17674161363859223,0.2092360404367115
Potter County,vap_white,atg_16_rep_raf,0.8071840967621767,0.00833178910574739,0.7907639595632884,0.8232583863614078
Potter County,vap_black,atg_16_dem_sha,0.4881589062365552,0.17289379294991286,0.16390501692929593,0.8194224845003197
Potter County,vap_black,atg_16_rep_raf,0.5118410937634448,0.17289379294991286,0.1805775154996801,0.8360949830707041
Potter County,vap_hisp,atg_16_dem_sha,0.5012498536120488,0.1764977128729688,0.1718339441803085,0.8212848913270961
Potter County,vap_hisp,atg_16_rep_raf,0.4987501463879513,0.1764977128729688,0.17871510867290374,0.8281660558196916
Potter County,vap_asian,atg_16_dem_sha,0.5217705052117082,0.16825433372820114,0.19625343762986633,0.8317140145666814
Potter County,vap_asian,atg_16_rep_raf,0.4782294947882918,0.16825433372820114,0.16828598543331855,0.8037465623701334
Potter County,vap_aian,atg_16_dem_sha,0.5026386419682892,0.1814335805876445,0.1646376276431611,0.8488896872670971
Potter County,vap_aian,atg_16_rep_raf,0.4973613580317108,0.1814335805876445,0.1511103127329028,0.8353623723568389
Potter County,vap_oth_b,atg_16_dem_sha,0.5538071256913294,0.17587217387251494,0.17896401082135716,0.8731471826170865
Potter County,vap_oth_b,atg_16_rep_raf,0.44619287430867066,0.17587217387251494,0.1268528173829134,0.8210359891786428
Potter County,vap_white,uss_18_dem_cas,0.23036623087358996,0.00886926176307113,0.21309287343072347,0.247959367197167
Potter County,vap_white,uss_18_rep_bar,0.76963376912641,0.00886926176307113,0.7520406328028328,0.7869071265692765
Potter County,vap_black,uss_18_dem_cas,0.4890896251298757,0.18177772522693983,0.14972557653880844,0.8399767982737052
Potter County,vap_black,uss_18_rep_bar,0.5109103748701244,0.18177772522693983,0.16002320172629478,0.8502744234611916
Potter County,vap_hisp,uss_18_dem_cas,0.5267375951801969,0.17283596167930812,0.19038994244535584,0.8377992474942908
Potter County,vap_hisp,uss_18_rep_bar,0.47326240481980314,0.17283596167930812,0.1622007525057091,0.8096100575546443
Potter County,vap_asian,uss_18_dem_cas,0.5045616741538386,0.18055160401116457,0.1647544803464732,0.847160596187271
Potter County,vap_asian,uss_18_rep_bar,0.4954383258461614,0.18055160401116457,0.1528394038127289,0.8352455196535267
Potter County,vap_aian,uss_18_dem_cas,0.5109219278560911,0.1779757151534452,0.18330130225098032,0.8459062489815038
Potter County,vap_aian,uss_18_rep_bar,0.48907807214390886,0.1779757151534452,0.15409375101849612,0.8166986977490196
Potter County,vap_oth_b,uss_18_dem_cas,0.5454113588424125,0.16698737477104575,0.2124664492316995,0.8468039857877496
Potter County,vap_oth_b,uss_18_rep_bar,0.45458864115758746,0.16698737477104575,0.1531960142122504,0.7875335507683006
Potter County,vap_white,gov_18_dem_wol,0.21596734878841423,0.00854662551436001,0.19925133261928904,0.2329555432797681
Potter County,vap_white,gov_18_rep_wag,0.7840326512115857,0.00854662551436001,0.7670444567202318,0.8007486673807108
Potter County,vap_black,gov_18_dem_wol,0.506174863400366,0.18381725121664705,0.1465128248737795,0.844515994168687
Potter County,vap_black,gov_18_rep_wag,0.493825136599634,0.18381725121664705,0.155484005831313,0.8534871751262202
Potter County,vap_hisp,gov_18_dem_wol,0.5293429178963214,0.1993551859785823,0.1637545427438457,0.9088282625756426
Potter County,vap_hisp,gov_18_rep_wag,0.4706570821036787,0.1993551859785823,0.09117173742435744,0.8362454572561543
Potter County,vap_asian,gov_18_dem_wol,0.4935114521901519,0.17794131307962427,0.16551645934941842,0.8378940411179301
Potter County,vap_asian,gov_18_rep_wag,0.5064885478098481,0.17794131307962427,0.1621059588820698,0.8344835406505815
Potter County,vap_aian,gov_18_dem_wol,0.486852537316412,0.17969903415652377,0.16622365562303118,0.8378421506731076
Potter County,vap_aian,gov_18_rep_wag,0.513147462683588,0.17969903415652377,0.16215784932689223,0.8337763443769689
Potter County,vap_oth_b,gov_18_dem_wol,0.5346064956797119,0.15801570579414878,0.22123029270437197,0.8284480570388071
Potter County,vap_oth_b,gov_18_rep_wag,0.46539350432028814,0.15801570579414878,0.17155194296119283,0.778769707295628
Potter County,vap_white,pre_20_dem_bid,0.16234055659836455,0.00760622938693422,0.1479475698460575,0.1774777483942559
Potter County,vap_white,pre_20_rep_tru,0.8376594434016353,0.00760622938693422,0.822522251605744,0.8520524301539424
Potter County,vap_black,pre_20_dem_bid,0.4941009269114826,0.18373335963756016,0.12816487392375195,0.8326158756401324
Potter County,vap_black,pre_20_rep_tru,0.5058990730885174,0.18373335963756016,0.1673841243598676,0.8718351260762479
Potter County,vap_hisp,pre_20_dem_bid,0.5218364221795284,0.16892256700194655,0.20336045703830288,0.8414120004643793
Potter County,vap_hisp,pre_20_rep_tru,0.4781635778204717,0.16892256700194655,0.1585879995356209,0.7966395429616971
Potter County,vap_asian,pre_20_dem_bid,0.5137870175049598,0.179699847892361,0.1677441025892366,0.8543390860103928
Potter County,vap_asian,pre_20_rep_tru,0.48621298249504014,0.179699847892361,0.14566091398960718,0.8322558974107634
Potter County,vap_aian,pre_20_dem_bid,0.4916878323771466,0.18327513782726865,0.15702948028486283,0.8464721752668164
Potter County,vap_aian,pre_20_rep_tru,0.5083121676228535,0.18327513782726865,0.15352782473318366,0.8429705197151371
Potter County,vap_oth_b,pre_20_dem_bid,0.5797064417143868,0.17097466067253392,0.24661090447757997,0.887097937146746
Potter County,vap_oth_b,pre_20_rep_tru,0.42029355828561327,0.17097466067253392,0.1129020628532538,0.7533890955224201
Potter County,vap_white,atg_20_dem_sha,0.16630464643363194,0.00793499615452113,0.15131749199454503,0.18212610251234976
Potter County,vap_white,atg_20_rep_hei,0.833695353566368,0.00793499615452113,0.8178738974876503,0.848682508005455
Potter County,vap_black,atg_20_dem_sha,0.4985438010206334,0.17633050057682345,0.16216985988853366,0.8255352869816063
Potter County,vap_black,atg_20_rep_hei,0.5014561989793667,0.17633050057682345,0.1744647130183936,0.8378301401114665
Potter County,vap_hisp,atg_20_dem_sha,0.5135604063731837,0.172008916233884,0.18336058635240815,0.8261406520112463
Potter County,vap_hisp,atg_20_rep_hei,0.4864395936268165,0.172008916233884,0.17385934798875366,0.8166394136475917
Potter County,vap_asian,atg_20_dem_sha,0.503983083743851,0.17906046316170487,0.1679731430962968,0.8350711150983099
Potter County,vap_asian,atg_20_rep_hei,0.4960169162561489,0.17906046316170487,0.1649288849016901,0.8320268569037031
Potter County,vap_aian,atg_20_dem_sha,0.5088376955744538,0.17503486003848948,0.19196171147441188,0.8508657752338081
Potter County,vap_aian,atg_20_rep_hei,0.49116230442554626,0.17503486003848948,0.14913422476619176,0.8080382885255882
Potter County,vap_oth_b,atg_20_dem_sha,0.5450934756892413,0.1788446749732827,0.16484588679720877,0.8508039947851694
Potter County,vap_oth_b,atg_20_rep_hei,0.4549065243107587,0.1788446749732827,0.14919600521483048,0.8351541132027911
Schuylkill County,vap_white,pre_16_dem_cli,0.2594215106999444,0.00586358350874863,0.2485593964835798,0.2715161219956565
Schuylkill County,vap_white,pre_16_rep_tru,0.7405784893000555,0.00586358350874863,0.7284838780043434,0.7514406035164202
Schuylkill County,vap_black,pre_16_dem_cli,0.2801051047022557,0.08783544241920842,0.12031147897230555,0.4561568640784128
Schuylkill County,vap_black,pre_16_rep_tru,0.7198948952977443,0.08783544241920842,0.5438431359215871,0.8796885210276943
Schuylkill County,vap_hisp,pre_16_dem_cli,0.6385094504611615,0.09702720704096324,0.4148864028897943,0.8177717361856275
Schuylkill County,vap_hisp,pre_16_rep_tru,0.3614905495388386,0.09702720704096326,0.1822282638143725,0.5851135971102057
Schuylkill County,vap_asian,pre_16_dem_cli,0.5404396233886918,0.16984669978565903,0.21063826450340195,0.8315634462057186
Schuylkill County,vap_asian,pre_16_rep_tru,0.45956037661130816,0.16984669978565903,0.1684365537942813,0.7893617354965978
Schuylkill County,vap_aian,pre_16_dem_cli,0.5415959934293091,0.17377496428166256,0.21102656182243867,0.8513110753186726
Schuylkill County,vap_aian,pre_16_rep_tru,0.45840400657069097,0.17377496428166256,0.14868892468132733,0.7889734381775614
Schuylkill County,vap_oth_b,pre_16_dem_cli,0.6170219377703969,0.13903636195820795,0.3282165480766631,0.8479009745837093
Schuylkill County,vap_oth_b,pre_16_rep_tru,0.38297806222960307,0.13903636195820795,0.15209902541629092,0.6717834519233369
Schuylkill County,vap_white,uss_16_dem_mcg,0.33062846300078347,0.00594299269802373,0.319564954167406,0.34264854358256963
Schuylkill County,vap_white,uss_16_rep_too,0.6693715369992166,0.00594299269802373,0.6573514564174304,0.6804350458325941
Schuylkill County,vap_black,uss_16_dem_mcg,0.35343843653293106,0.09516486638263869,0.17175660937073084,0.5401941749801338
Schuylkill County,vap_black,uss_16_rep_too,0.6465615634670688,0.09516486638263869,0.4598058250198661,0.828243390629269
Schuylkill County,vap_hisp,uss_16_dem_mcg,0.7502404431983886,0.08304210943023387,0.5658808004862212,0.8876040682713019
Schuylkill County,vap_hisp,uss_16_rep_too,0.24975955680161155,0.08304210943023387,0.11239593172869808,0.4341191995137788
Schuylkill County,vap_asian,uss_16_dem_mcg,0.519729117281842,0.15242279688994653,0.2304120418772265,0.8046266380104561
Schuylkill County,vap_asian,uss_16_rep_too,0.48027088271815793,0.15242279688994653,0.19537336198954383,0.7695879581227734
Schuylkill County,vap_aian,uss_16_dem_mcg,0.5087920098831394,0.17167782200868262,0.1718748375658012,0.8176852450837472
Schuylkill County,vap_aian,uss_16_rep_too,0.49120799011686056,0.17167782200868262,0.1823147549162528,0.8281251624341986
Schuylkill County,vap_oth_b,uss_16_dem_mcg,0.6327009828396147,0.15553415747108382,0.2826829607983173,0.8703058774142347
Schuylkill County,vap_oth_b,uss_16_rep_too,0.3672990171603854,0.15553415747108382,0.12969412258576546,0.7173170392016827
Schuylkill County,vap_white,atg_16_dem_sha,0.3579760097154317,0.00592047839598986,0.3467833224873336,0.3706644101857276
Schuylkill County,vap_white,atg_16_rep_raf,0.6420239902845684,0.00592047839598986,0.6293355898142724,0.6532166775126665
Schuylkill County,vap_black,atg_16_dem_sha,0.3981185730605886,0.09439737979654478,0.22207630235901352,0.5931057808560616
Schuylkill County,vap_black,atg_16_rep_raf,0.6018814269394114,0.09439737979654478,0.40689421914393825,0.7779236976409863
Schuylkill County,vap_hisp,atg_16_dem_sha,0.7615735945273373,0.08006315363099839,0.5881244235864349,0.9028839295218256
Schuylkill County,vap_hisp,atg_16_rep_raf,0.23842640547266272,0.08006315363099839,0.09711607047817424,0.41187557641356515
Schuylkill County,vap_asian,atg_16_dem_sha,0.48918561247680975,0.1611304569148505,0.20780094757438575,0.8008128660333357
Schuylkill County,vap_asian,atg_16_rep_raf,0.5108143875231902,0.1611304569148505,0.19918713396666432,0.7921990524256141
Schuylkill County,vap_aian,atg_16_dem_sha,0.5172070413789454,0.15740712011213834,0.20321588300453525,0.7918224056982617
Schuylkill County,vap_aian,atg_16_rep_raf,0.4827929586210547,0.15740712011213834,0.20817759430173824,0.7967841169954647
Schuylkill County,vap_oth_b,atg_16_dem_sha,0.6228747716059804,0.15418523003795784,0.28873156137986283,0.8788989100546449
Schuylkill County,vap_oth_b,atg_16_rep_raf,0.3771252283940197,0.15418523003795784,0.12110108994535504,0.711268438620137
Schuylkill County,vap_white,uss_18_dem_cas,0.365444916330929,0.00705175316346353,0.35269660452143897,0.38064619782649545
Schuylkill County,vap_white,uss_18_rep_bar,0.634555083669071,0.00705175316346353,0.6193538021735046,0.6473033954785611
Schuylkill County,vap_black,uss_18_dem_cas,0.3774014342737144,0.102782501286282,0.18734837099893745,0.5884673155104297
Schuylkill County,vap_black,uss_18_rep_bar,0.6225985657262856,0.102782501286282,0.41153268448957,0.8126516290010626
Schuylkill County,vap_hisp,uss_18_dem_cas,0.6096613640355981,0.1144928534096058,0.34757066017267935,0.804101034646973
Schuylkill County,vap_hisp,uss_18_rep_bar,0.3903386359644019,0.1144928534096058,0.19589896535302695,0.6524293398273207
Schuylkill County,vap_asian,uss_18_dem_cas,0.5377622996044733,0.15468269291645123,0.2479539432442838,0.8080305383077991
Schuylkill County,vap_asian,uss_18_rep_bar,0.46223770039552664,0.15468269291645123,0.19196946169220053,0.7520460567557161
Schuylkill County,vap_aian,uss_18_dem_cas,0.49448568043023977,0.15425232407248554,0.194155434372757,0.7744477999422615
Schuylkill County,vap_aian,uss_18_rep_bar,0.5055143195697602,0.15425232407248554,0.2255522000577382,0.8058445656272429
Schuylkill County,vap_oth_b,uss_18_dem_cas,0.610798072936246,0.1516298329210809,0.28250384654556987,0.8651561127981866
Schuylkill County,vap_oth_b,uss_18_rep_bar,0.389201927063754,0.1516298329210809,0.13484388720181348,0.7174961534544302
Schuylkill County,vap_white,gov_18_dem_wol,0.4421229752956534,0.00661463936187184,0.4294706443409027,0.45478302809949334
Schuylkill County,vap_white,gov_18_rep_wag,0.5578770247043466,0.00661463936187184,0.5452169719005067,0.5705293556590973
Schuylkill County,vap_black,gov_18_dem_wol,0.4814271179749963,0.10823273577810624,0.2642598361994243,0.685974124143281
Schuylkill County,vap_black,gov_18_rep_wag,0.5185728820250036,0.10823273577810624,0.31402587585671904,0.7357401638005756
Schuylkill County,vap_hisp,gov_18_dem_wol,0.7593603990514772,0.09929073935050228,0.5533516193170105,0.9225140359168866
Schuylkill County,vap_hisp,gov_18_rep_wag,0.2406396009485228,0.09929073935050228,0.07748596408311353,0.4466483806829896
Schuylkill County,vap_asian,gov_18_dem_wol,0.49755698605539234,0.15149195947895577,0.18899044050858396,0.7976751444882952
Schuylkill County,vap_asian,gov_18_rep_wag,0.5024430139446076,0.15149195947895577,0.20232485551170404,0.8110095594914157
Schuylkill County,vap_aian,gov_18_dem_wol,0.5080145887854098,0.16526427528756643,0.19234845117228505,0.8040260341511474
Schuylkill County,vap_aian,gov_18_rep_wag,0.49198541121459016,0.16526427528756643,0.19597396584885263,0.8076515488277148
Schuylkill County,vap_oth_b,gov_18_dem_wol,0.5165447043992941,0.1658770372872335,0.2131027836524624,0.831939472591119
Schuylkill County,vap_oth_b,gov_18_rep_wag,0.48345529560070594,0.1658770372872335,0.16806052740888103,0.7868972163475376
Schuylkill County,vap_white,pre_20_dem_bid,0.2808680998033338,0.00618703385479427,0.2690582516103524,0.2932666870825657
Schuylkill County,vap_white,pre_20_rep_tru,0.7191319001966662,0.00618703385479427,0.7067333129174342,0.7309417483896476
Schuylkill County,vap_black,pre_20_dem_bid,0.31012452244664657,0.09161601123695678,0.14652426450132125,0.4921871104301923
Schuylkill County,vap_black,pre_20_rep_tru,0.6898754775533533,0.09161601123695678,0.5078128895698076,0.8534757354986787
Schuylkill County,vap_hisp,pre_20_dem_bid,0.6319712809662311,0.10096056816832172,0.4306396271327059,0.8314939903748214
Schuylkill County,vap_hisp,pre_20_rep_tru,0.3680287190337689,0.10096056816832172,0.16850600962517864,0.569360372867294
Schuylkill County,vap_asian,pre_20_dem_bid,0.5520011133760739,0.15138862843185744,0.2572886851127225,0.8131225381653442
Schuylkill County,vap_asian,pre_20_rep_tru,0.4479988866239259,0.15138862843185744,0.18687746183465556,0.7427113148872774
Schuylkill County,vap_aian,pre_20_dem_bid,0.47896777745746183,0.15733526287449073,0.19482467853259872,0.7891851665426416
Schuylkill County,vap_aian,pre_20_rep_tru,0.5210322225425381,0.15733526287449073,0.2108148334573584,0.8051753214674011
Schuylkill County,vap_oth_b,pre_20_dem_bid,0.590459745822641,0.13702370620143842,0.2798006316542006,0.8254107893882432
Schuylkill County,vap_oth_b,pre_20_rep_tru,0.40954025417735906,0.13702370620143842,0.17458921061175667,0.7201993683457993
Schuylkill County,vap_white,atg_20_dem_sha,0.34707957672817996,0.00663631782281658,0.3347748686649025,0.3603630260371285
Schuylkill County,vap_white,atg_20_rep_hei,0.6529204232718201,0.00663631782281658,0.6396369739628716,0.6652251313350974
Schuylkill County,vap_black,atg_20_dem_sha,0.38547763479462976,0.10220737319276052,0.1798923123934188,0.5735761041537459
Schuylkill County,vap_black,atg_20_rep_hei,0.6145223652053702,0.10220737319276052,0.426423895846254,0.8201076876065811
Schuylkill County,vap_hisp,atg_20_dem_sha,0.699777052361957,0.09755463674763971,0.49895109683155514,0.862891414900707
Schuylkill County,vap_hisp,atg_20_rep_hei,0.3002229476380431,0.09755463674763971,0.13710858509929305,0.5010489031684449
Schuylkill County,vap_asian,atg_20_dem_sha,0.5571845125098874,0.16235492489024547,0.2351667221905658,0.8489328235484246
Schuylkill County,vap_asian,atg_20_rep_hei,0.44281548749011246,0.16235492489024547,0.15106717645157536,0.764833277809434
Schuylkill County,vap_aian,atg_20_dem_sha,0.4560736165307656,0.1599469038578663,0.17593093867269038,0.7679392084986248
Schuylkill County,vap_aian,atg_20_rep_hei,0.5439263834692344,0.1599469038578663,0.23206079150137512,0.8240690613273096
Schuylkill County,vap_oth_b,atg_20_dem_sha,0.570387504586119,0.149215757928357,0.2655486864780765,0.824135490060548
Schuylkill County,vap_oth_b,atg_20_rep_hei,0.4296124954138811,0.149215757928357,0.175864509939452,0.7344513135219235
Snyder County,vap_white,pre_16_dem_cli,0.23329770008635153,0.00632735695493698,0.2215207070714083,0.246233731142669
Snyder County,vap_white,pre_16_rep_tru,0.7667022999136485,0.00632735695493698,0.753766268857331,0.7784792929285916
Snyder County,vap_black,pre_16_dem_cli,0.544420888896903,0.1758161918264303,0.19071359102596963,0.8587043139056332
Snyder County,vap_black,pre_16_rep_tru,0.45557911110309707,0.1758161918264303,0.14129568609436668,0.8092864089740304
Snyder County,vap_hisp,pre_16_dem_cli,0.5430440191632666,0.16590830299697026,0.2171908241351613,0.851281893847866
Snyder County,vap_hisp,pre_16_rep_tru,0.45695598083673333,0.16590830299697026,0.1487181061521339,0.7828091758648386
Snyder County,vap_asian,pre_16_dem_cli,0.520133711391576,0.1905628201396168,0.14174834853636492,0.858793243833796
Snyder County,vap_asian,pre_16_rep_tru,0.479866288608424,0.1905628201396168,0.1412067561662042,0.8582516514636351
Snyder County,vap_aian,pre_16_dem_cli,0.5009314795393489,0.17847925619082444,0.1606710051685952,0.8304178236027016
Snyder County,vap_aian,pre_16_rep_tru,0.49906852046065103,0.17847925619082444,0.1695821763972982,0.8393289948314046
Snyder County,vap_oth_b,pre_16_dem_cli,0.5111017323333588,0.16902972696310004,0.18019633115814213,0.8134755856887124
Snyder County,vap_oth_b,pre_16_rep_tru,0.4888982676666413,0.16902972696310004,0.18652441431128777,0.8198036688418578
Snyder County,vap_white,uss_16_dem_mcg,0.2626779051106379,0.00638227996993731,0.25035285128813994,0.2752990922863894
Snyder County,vap_white,uss_16_rep_too,0.7373220948893621,0.0063822799699373,0.7247009077136106,0.74964714871186
Snyder County,vap_black,uss_16_dem_mcg,0.5525715544212116,0.17718365633810898,0.18775214566740303,0.8661599509129859
Snyder County,vap_black,uss_16_rep_too,0.4474284455787883,0.17718365633810898,0.13384004908701422,0.8122478543325968
Snyder County,vap_hisp,uss_16_dem_mcg,0.563687552892418,0.16814407259503292,0.219805777092262,0.8600236342014251
Snyder County,vap_hisp,uss_16_rep_too,0.436312447107582,0.16814407259503292,0.13997636579857475,0.7801942229077379
Snyder County,vap_asian,uss_16_dem_mcg,0.5308729889358874,0.1707463695683287,0.18754490785577543,0.838538261793469
Snyder County,vap_asian,uss_16_rep_too,0.4691270110641126,0.1707463695683287,0.16146173820653098,0.8124550921442246
Snyder County,vap_aian,uss_16_dem_mcg,0.4868385652023745,0.18213363567794028,0.14186196122262204,0.8385105405751971
Snyder County,vap_aian,uss_16_rep_too,0.5131614347976254,0.18213363567794028,0.16148945942480275,0.8581380387773777
Snyder County,vap_oth_b,uss_16_dem_mcg,0.4934609605086496,0.17285673221253814,0.16040949083203945,0.8095518891565461
Snyder County,vap_oth_b,uss_16_rep_too,0.5065390394913504,0.17285673221253814,0.19044811084345373,0.8395905091679605
Snyder County,vap_white,atg_16_dem_sha,0.2788061494003288,0.00662958772045932,0.2659440877915979,0.2919792956727153
Snyder County,vap_white,atg_16_rep_raf,0.7211938505996712,0.00662958772045932,0.7080207043272847,0.7340559122084019
Snyder County,vap_black,atg_16_dem_sha,0.5468295931586586,0.1774376542350576,0.2058869757932707,0.8763933136130616
Snyder County,vap_black,atg_16_rep_raf,0.45317040684134136,0.1774376542350576,0.12360668638693832,0.7941130242067292
Snyder County,vap_hisp,atg_16_dem_sha,0.5349839557652588,0.1652050032577828,0.2088677226448399,0.8299406838172496
Snyder County,vap_hisp,atg_16_rep_raf,0.46501604423474113,0.1652050032577828,0.17005931618275016,0.7911322773551601
Snyder County,vap_asian,atg_16_dem_sha,0.5148367815464666,0.16790411505016992,0.1894397287081432,0.8300689197318989
Snyder County,vap_asian,atg_16_rep_raf,0.48516321845353344,0.16790411505016992,0.16993108026810114,0.8105602712918568
Snyder County,vap_aian,atg_16_dem_sha,0.5005877495624151,0.20114646949382672,0.14108377001855138,0.8904677992189374
Snyder County,vap_aian,atg_16_rep_raf,0.4994122504375848,0.20114646949382672,0.10953220078106264,0.8589162299814487
Snyder County,vap_oth_b,atg_16_dem_sha,0.5164921942219729,0.17132625060673665,0.18214371149068817,0.8345976606396095
Snyder County,vap_oth_b,atg_16_rep_raf,0.4835078057780271,0.17132625060673665,0.1654023393603906,0.8178562885093119
Snyder County,vap_white,uss_18_dem_cas,0.31520778819622114,0.00687168269391415,0.30204882327277277,0.3288137060411413
Snyder County,vap_white,uss_18_rep_bar,0.6847922118037788,0.00687168269391415,0.6711862939588585,0.6979511767272271
Snyder County,vap_black,uss_18_dem_cas,0.5327627696292734,0.17707205930278316,0.1993869940510072,0.8596598620506164
Snyder County,vap_black,uss_18_rep_bar,0.4672372303707266,0.17707205930278316,0.14034013794938344,0.8006130059489927
Snyder County,vap_hisp,uss_18_dem_cas,0.5495821793271258,0.17720810545732463,0.18507789637817224,0.86753468265143
Snyder County,vap_hisp,uss_18_rep_bar,0.4504178206728741,0.17720810545732463,0.13246531734856995,0.8149221036218278
Snyder County,vap_asian,uss_18_dem_cas,0.5123286335763938,0.17484147113453125,0.1780867562389528,0.8393301038081797
Snyder County,vap_asian,uss_18_rep_bar,0.48767136642360626,0.17484147113453125,0.16066989619182012,0.8219132437610471
Snyder County,vap_aian,uss_18_dem_cas,0.5066876163808248,0.19232906428542745,0.14432954137225262,0.8705716121317556
Snyder County,vap_aian,uss_18_rep_bar,0.4933123836191751,0.19232906428542745,0.12942838786824426,0.8556704586277473
Snyder County,vap_oth_b,uss_18_dem_cas,0.5127395325459121,0.16410686749419642,0.19868129828974568,0.8147481673188327
Snyder County,vap_oth_b,uss_18_rep_bar,0.4872604674540879,0.16410686749419642,0.18525183268116727,0.8013187017102543
Snyder County,vap_white,gov_18_dem_wol,0.35478840446335663,0.00691114051742407,0.3414937605586128,0.3684591794972519
Snyder County,vap_white,gov_18_rep_wag,0.6452115955366433,0.00691114051742407,0.6315408205027481,0.6585062394413872
Snyder County,vap_black,gov_18_dem_wol,0.5233021731747384,0.17391603332886232,0.1838721642075776,0.8433380282005609
Snyder County,vap_black,gov_18_rep_wag,0.4766978268252617,0.17391603332886232,0.156661971799439,0.8161278357924223
Snyder County,vap_hisp,gov_18_dem_wol,0.5547137394891916,0.17324910061650473,0.2162164879160629,0.8627467034263746
Snyder County,vap_hisp,gov_18_rep_wag,0.4452862605108085,0.17324910061650473,0.13725329657362523,0.7837835120839372
Snyder County,vap_asian,gov_18_dem_wol,0.5350372207661009,0.17070856986831534,0.20838851030740568,0.8528074510845607
Snyder County,vap_asian,gov_18_rep_wag,0.4649627792338991,0.17070856986831534,0.14719254891543937,0.7916114896925943
Snyder County,vap_aian,gov_18_dem_wol,0.4911248958264649,0.1894048877745324,0.10864692633794903,0.8346291716598658
Snyder County,vap_aian,gov_18_rep_wag,0.5088751041735351,0.1894048877745324,0.1653708283401338,0.891353073662051
Snyder County,vap_oth_b,gov_18_dem_wol,0.5259367404734625,0.16919988742940106,0.20548428672093652,0.8337457333580095
Snyder County,vap_oth_b,gov_18_rep_wag,0.4740632595265375,0.16919988742940106,0.16625426664199044,0.7945157132790632
Snyder County,vap_white,pre_20_dem_bid,0.23584485495620705,0.00637378020461912,0.2236264950382389,0.24850834016674717
Snyder County,vap_white,pre_20_rep_tru,0.7641551450437929,0.00637378020461912,0.7514916598332526,0.776373504961761
Snyder County,vap_black,pre_20_dem_bid,0.5359946207615642,0.17580571530346514,0.1972597430162026,0.8557323679149953
Snyder County,vap_black,pre_20_rep_tru,0.46400537923843577,0.17580571530346514,0.14426763208500468,0.8027402569837974
Snyder County,vap_hisp,pre_20_dem_bid,0.5549299470307688,0.1729562595062631,0.18865712762898673,0.847200624601101
Snyder County,vap_hisp,pre_20_rep_tru,0.4450700529692312,0.1729562595062631,0.15279937539889898,0.8113428723710132
Snyder County,vap_asian,pre_20_dem_bid,0.5243982626650633,0.1857340431908886,0.16387781082918165,0.8584724272187292
Snyder County,vap_asian,pre_20_rep_tru,0.4756017373349368,0.1857340431908886,0.14152757278127093,0.8361221891708183
Snyder County,vap_aian,pre_20_dem_bid,0.4977322750936566,0.18071787355960828,0.15506603602303234,0.8335750053137964
Snyder County,vap_aian,pre_20_rep_tru,0.5022677249063434,0.18071787355960828,0.1664249946862034,0.8449339639769677
Snyder County,vap_oth_b,pre_20_dem_bid,0.5051667069206016,0.1763943804221373,0.1762408755301359,0.8267780065593471
Snyder County,vap_oth_b,pre_20_rep_tru,0.4948332930793984,0.1763943804221373,0.17322199344065292,0.8237591244698641
Snyder County,vap_white,atg_20_dem_sha,0.26605614624669127,0.00629459240375001,0.2541242915951109,0.278306615763862
Snyder County,vap_white,atg_20_rep_hei,0.7339438537533087,0.00629459240375001,0.7216933842361379,0.7458757084048889
Snyder County,vap_black,atg_20_dem_sha,0.5429516531122301,0.17303220309268164,0.20459830801614,0.8573825628777071
Snyder County,vap_black,atg_20_rep_hei,0.4570483468877698,0.17303220309268164,0.14261743712229288,0.7954016919838601
Snyder County,vap_hisp,atg_20_dem_sha,0.5540617146296781,0.17388677730441587,0.20426234656483824,0.8663350678416734
Snyder County,vap_hisp,atg_20_rep_hei,0.4459382853703219,0.17388677730441587,0.1336649321583262,0.7957376534351617
Snyder County,vap_asian,atg_20_dem_sha,0.5235010046418955,0.17346834847291753,0.1929855758649211,0.8505599375442957
Snyder County,vap_asian,atg_20_rep_hei,0.4764989953581045,0.17346834847291753,0.14944006245570413,0.807014424135079
Snyder County,vap_aian,atg_20_dem_sha,0.4898055721035946,0.18607223558492073,0.15595978233785265,0.8429319381559127
Snyder County,vap_aian,atg_20_rep_hei,0.5101944278964053,0.18607223558492073,0.15706806184408725,0.8440402176621472
Snyder County,vap_oth_b,atg_20_dem_sha,0.518541727743158,0.1749265280156343,0.1793182163766326,0.8461851377955699
Snyder County,vap_oth_b,atg_20_rep_hei,0.481458272256842,0.1749265280156343,0.15381486220442991,0.8206817836233673
Somerset County,vap_white,pre_16_dem_cli,0.20585574108194077,0.00515128593757768,0.1958221008582698,0.2157403690810839
Somerset County,vap_white,pre_16_rep_tru,0.7941442589180593,0.00515128593757768,0.7842596309189162,0.8041778991417302
Somerset County,vap_black,pre_16_dem_cli,0.2428314840573679,0.09798668368204744,0.07118480670035261,0.440400063092294
Somerset County,vap_black,pre_16_rep_tru,0.757168515942632,0.09798668368204744,0.5595999369077058,0.9288151932996472
Somerset County,vap_hisp,pre_16_dem_cli,0.5265550524017508,0.16821375753722737,0.21353467703461385,0.8520563646686276
Somerset County,vap_hisp,pre_16_rep_tru,0.4734449475982491,0.16821375753722737,0.14794363533137236,0.7864653229653862
Somerset County,vap_asian,pre_16_dem_cli,0.510754501971581,0.1666857939787624,0.20196256000587623,0.8267470402867413
Somerset County,vap_asian,pre_16_rep_tru,0.489245498028419,0.1666857939787624,0.17325295971325858,0.7980374399941236
Somerset County,vap_aian,pre_16_dem_cli,0.50905374721208,0.17786989441899273,0.19601426256325516,0.8516163448213263
Somerset County,vap_aian,pre_16_rep_tru,0.4909462527879201,0.17786989441899273,0.14838365517867363,0.8039857374367448
Somerset County,vap_oth_b,pre_16_dem_cli,0.6062816935334806,0.14537219882727484,0.3055125556396844,0.8670434396231965
Somerset County,vap_oth_b,pre_16_rep_tru,0.3937183064665194,0.14537219882727484,0.13295656037680334,0.6944874443603154
Somerset County,vap_white,uss_16_dem_mcg,0.2460233365537542,0.00562840706356831,0.23538630327438684,0.2571413433428534
Somerset County,vap_white,uss_16_rep_too,0.7539766634462458,0.00562840706356831,0.7428586566571467,0.7646136967256132
Somerset County,vap_black,uss_16_dem_mcg,0.2788753784958589,0.10877471636933854,0.0886127212383111,0.4978680202299769
Somerset County,vap_black,uss_16_rep_too,0.7211246215041411,0.10877471636933853,0.5021319797700231,0.9113872787616888
Somerset County,vap_hisp,uss_16_dem_mcg,0.4676613451553059,0.15847120178875895,0.16273959115760764,0.767008373634213
Somerset County,vap_hisp,uss_16_rep_too,0.5323386548446941,0.15847120178875895,0.23299162636578696,0.8372604088423923
Somerset County,vap_asian,uss_16_dem_mcg,0.5923283187096161,0.21157919530164876,0.21589987029944535,0.933358237263386
Somerset County,vap_asian,uss_16_rep_too,0.40767168129038384,0.21157919530164876,0.066641762736614,0.7841001297005545
Somerset County,vap_aian,uss_16_dem_mcg,0.5267414787551332,0.16342695590899406,0.2214786073114829,0.8339169155436227
Somerset County,vap_aian,uss_16_rep_too,0.4732585212448669,0.16342695590899406,0.16608308445637737,0.7785213926885172
Somerset County,vap_oth_b,uss_16_dem_mcg,0.5390427736152784,0.16744120840768856,0.22497381200281577,0.8341637387472556
Somerset County,vap_oth_b,uss_16_rep_too,0.4609572263847216,0.16744120840768856,0.16583626125274434,0.7750261879971841
Somerset County,vap_white,atg_16_dem_sha,0.30240265299401853,0.00566298266204494,0.2917756230685499,0.3135329876432059
Somerset County,vap_white,atg_16_rep_raf,0.6975973470059815,0.00566298266204494,0.6864670123567941,0.7082243769314501
Somerset County,vap_black,atg_16_dem_sha,0.31821777930022416,0.12492215241929217,0.0991418106110838,0.5676246151007452
Somerset County,vap_black,atg_16_rep_raf,0.6817822206997759,0.12492215241929217,0.4323753848992547,0.900858189388916
Somerset County,vap_hisp,atg_16_dem_sha,0.4569298518737413,0.18559750791472449,0.10909774974855815,0.7957928244989104
Somerset County,vap_hisp,atg_16_rep_raf,0.5430701481262588,0.18559750791472449,0.2042071755010896,0.8909022502514418
Somerset County,vap_asian,atg_16_dem_sha,0.524352925805679,0.17401425312693336,0.19512337501765536,0.8367639756806178
Somerset County,vap_asian,atg_16_rep_raf,0.4756470741943209,0.17401425312693336,0.16323602431938217,0.8048766249823445
Somerset County,vap_aian,atg_16_dem_sha,0.4853546622406249,0.17615683180071826,0.16025206237339,0.8179155302800989
Somerset County,vap_aian,atg_16_rep_raf,0.5146453377593752,0.17615683180071826,0.1820844697199011,0.83974793762661
Somerset County,vap_oth_b,atg_16_dem_sha,0.5455270094879489,0.15711637242614246,0.2272695789625622,0.8222256597012617
Somerset County,vap_oth_b,atg_16_rep_raf,0.45447299051205114,0.15711637242614246,0.17777434029873837,0.7727304210374377
Somerset County,vap_white,uss_18_dem_cas,0.33460310339458393,0.0066043056651751,0.3222303742089658,0.34781882615023957
Somerset County,vap_white,uss_18_rep_bar,0.6653968966054161,0.0066043056651751,0.6521811738497604,0.6777696257910344
Somerset County,vap_black,uss_18_dem_cas,0.3677340843421869,0.14829960832213143,0.10303042764517913,0.666291088532602
Somerset County,vap_black,uss_18_rep_bar,0.6322659156578131,0.14829960832213143,0.3337089114673981,0.8969695723548209
Somerset County,vap_hisp,uss_18_dem_cas,0.5016211426502896,0.16410802302761293,0.2020849236014652,0.8327781029127831
Somerset County,vap_hisp,uss_18_rep_bar,0.4983788573497104,0.16410802302761293,0.16722189708721688,0.7979150763985347
Somerset County,vap_asian,uss_18_dem_cas,0.5208607337558541,0.1681812402615335,0.18031456419149677,0.831859126034784
Somerset County,vap_asian,uss_18_rep_bar,0.4791392662441459,0.1681812402615335,0.16814087396521588,0.8196854358085031
Somerset County,vap_aian,uss_18_dem_cas,0.49581887853724094,0.17074531945071716,0.17648256138764848,0.8032315152823776
Somerset County,vap_aian,uss_18_rep_bar,0.5041811214627591,0.17074531945071716,0.19676848471762232,0.8235174386123513
Somerset County,vap_oth_b,uss_18_dem_cas,0.4575598570270526,0.1980166077895862,0.07495144703441624,0.7918272303000177
Somerset County,vap_oth_b,uss_18_rep_bar,0.5424401429729474,0.1980166077895862,0.20817276969998208,0.9250485529655836
Somerset County,vap_white,gov_18_dem_wol,0.32085509983672944,0.00611457535696138,0.30903648302256936,0.33304927321680156
Somerset County,vap_white,gov_18_rep_wag,0.6791449001632706,0.00611457535696138,0.6669507267831983,0.6909635169774307
Somerset County,vap_black,gov_18_dem_wol,0.34183823322080176,0.14062250208808638,0.08888062701218746,0.6204597057706621
Somerset County,vap_black,gov_18_rep_wag,0.6581617667791981,0.14062250208808638,0.37954029422933766,0.9111193729878124
Somerset County,vap_hisp,gov_18_dem_wol,0.5270066368200452,0.16019527795213076,0.22501959932952237,0.8227782864181182
Somerset County,vap_hisp,gov_18_rep_wag,0.4729933631799548,0.16019527795213076,0.17722171358188174,0.7749804006704776
Somerset County,vap_asian,gov_18_dem_wol,0.5200783829053336,0.16129591138007715,0.20728828647717343,0.8182993514283403
Somerset County,vap_asian,gov_18_rep_wag,0.4799216170946664,0.16129591138007715,0.1817006485716596,0.7927117135228265
Somerset County,vap_aian,gov_18_dem_wol,0.500886486399781,0.1737328961449439,0.17553820013089008,0.831384060287774
Somerset County,vap_aian,gov_18_rep_wag,0.49911351360021905,0.17373289614494386,0.168615939712226,0.8244617998691098
Somerset County,vap_oth_b,gov_18_dem_wol,0.5316834251079646,0.16210013032240514,0.2368011208744651,0.8359734205409701
Somerset County,vap_oth_b,gov_18_rep_wag,0.4683165748920353,0.16210013032240514,0.1640265794590295,0.7631988791255347
Somerset County,vap_white,pre_20_dem_bid,0.20313603321235785,0.00534478134021465,0.19313488268422388,0.213845175413427
Somerset County,vap_white,pre_20_rep_tru,0.7968639667876422,0.00534478134021465,0.786154824586573,0.806865117315776
Somerset County,vap_black,pre_20_dem_bid,0.25507406095324636,0.10424283014258984,0.07011973627436043,0.4619650101057663
Somerset County,vap_black,pre_20_rep_tru,0.7449259390467535,0.10424283014258984,0.5380349898942335,0.9298802637256396
Somerset County,vap_hisp,pre_20_dem_bid,0.5127288671539914,0.1654766767193116,0.2033303444405076,0.8399699431262108
Somerset County,vap_hisp,pre_20_rep_tru,0.48727113284600865,0.1654766767193116,0.1600300568737892,0.7966696555594924
Somerset County,vap_asian,pre_20_dem_bid,0.5156204160845558,0.1557082762587309,0.21917863381889216,0.7963237450661971
Somerset County,vap_asian,pre_20_rep_tru,0.48437958391544417,0.1557082762587309,0.20367625493380273,0.7808213661811076
Somerset County,vap_aian,pre_20_dem_bid,0.4984070780459151,0.1901711356702661,0.16522559432303902,0.8598831288017615
Somerset County,vap_aian,pre_20_rep_tru,0.501592921954085,0.1901711356702661,0.14011687119823854,0.8347744056769609
Somerset County,vap_oth_b,pre_20_dem_bid,0.5832105295206749,0.17489874894513308,0.228781250727976,0.8757280781916006
Somerset County,vap_oth_b,pre_20_rep_tru,0.416789470479325,0.17489874894513308,0.1242719218083994,0.7712187492720237
Somerset County,vap_white,atg_20_dem_sha,0.2446312591732996,0.00540896946468783,0.2347783583610755,0.2558621070220172
Somerset County,vap_white,atg_20_rep_hei,0.7553687408267005,0.00540896946468783,0.7441378929779828,0.7652216416389245
Somerset County,vap_black,atg_20_dem_sha,0.2587453848530946,0.11640532921562532,0.05311872064872904,0.4957355688339267
Somerset County,vap_black,atg_20_rep_hei,0.7412546151469053,0.11640532921562532,0.504264431166073,0.9468812793512708
Somerset County,vap_hisp,atg_20_dem_sha,0.5372824600133189,0.18904720615506243,0.18726000792400757,0.8973958276027787
Somerset County,vap_hisp,atg_20_rep_hei,0.4627175399866811,0.18904720615506243,0.10260417239722126,0.8127399920759922
Somerset County,vap_asian,atg_20_dem_sha,0.5289453733705212,0.1688272825558131,0.21638323365241005,0.8478199968105954
Somerset County,vap_asian,atg_20_rep_hei,0.4710546266294788,0.1688272825558131,0.1521800031894045,0.7836167663475899
Somerset County,vap_aian,atg_20_dem_sha,0.4827471588538916,0.16966474818923552,0.1637630717916757,0.8186354396592036
Somerset County,vap_aian,atg_20_rep_hei,0.5172528411461085,0.16966474818923552,0.1813645603407964,0.8362369282083244
Somerset County,vap_oth_b,atg_20_dem_sha,0.5652570659523236,0.16671866611178052,0.2118976703823724,0.8429800119505924
Somerset County,vap_oth_b,atg_20_rep_hei,0.4347429340476763,0.16671866611178052,0.1570199880494074,0.7881023296176276
Sullivan County,vap_white,pre_16_dem_cli,0.2304516934796825,0.01198915282730678,0.2072968425955667,0.2537910636846731
Sullivan County,vap_white,pre_16_rep_tru,0.7695483065203175,0.01198915282730678,0.746208936315327,0.7927031574044333
Sullivan County,vap_black,pre_16_dem_cli,0.4621871640564737,0.2350702544378502,0.0713544535112253,0.9062040943136254
Sullivan County,vap_black,pre_16_rep_tru,0.5378128359435264,0.2350702544378502,0.09379590568637462,0.9286455464887748
Sullivan County,vap_hisp,pre_16_dem_cli,0.4981813393008087,0.19617220540558136,0.1450608048444197,0.8714491220005545
Sullivan County,vap_hisp,pre_16_rep_tru,0.5018186606991913,0.19617220540558136,0.12855087799944542,0.8549391951555801
Sullivan County,vap_asian,pre_16_dem_cli,0.48351022747812017,0.19198769918091807,0.13357910151885707,0.8475658045571841
Sullivan County,vap_asian,pre_16_rep_tru,0.5164897725218799,0.19198769918091807,0.15243419544281592,0.8664208984811429
Sullivan County,vap_aian,pre_16_dem_cli,0.49607994307124115,0.21040543586411367,0.10996338638987566,0.8795170321078591
Sullivan County,vap_aian,pre_16_rep_tru,0.5039200569287587,0.21040543586411367,0.1204829678921408,0.8900366136101242
Sullivan County,vap_oth_b,pre_16_dem_cli,0.49506469529914304,0.17253429595338898,0.17592848298742278,0.8179189518634459
Sullivan County,vap_oth_b,pre_16_rep_tru,0.5049353047008569,0.17253429595338898,0.18208104813655415,0.8240715170125772
Sullivan County,vap_white,uss_16_dem_mcg,0.28462379725832254,0.01269471278833365,0.26007153728952553,0.30988035908977923
Sullivan County,vap_white,uss_16_rep_too,0.7153762027416775,0.01269471278833365,0.6901196409102207,0.7399284627104745
Sullivan County,vap_black,uss_16_dem_mcg,0.4765472518331416,0.24497624146308636,0.0575591018221773,0.9277604668023164
Sullivan County,vap_black,uss_16_rep_too,0.5234527481668584,0.24497624146308636,0.07223953319768361,0.9424408981778226
Sullivan County,vap_hisp,uss_16_dem_mcg,0.4790657253269385,0.19224508496393533,0.13331160470420117,0.8435352258501567
Sullivan County,vap_hisp,uss_16_rep_too,0.5209342746730615,0.19224508496393533,0.1564647741498432,0.8666883952957989
Sullivan County,vap_asian,uss_16_dem_mcg,0.5038250442206192,0.19179050949935325,0.15324516067772412,0.8663581997807979
Sullivan County,vap_asian,uss_16_rep_too,0.4961749557793808,0.19179050949935325,0.1336418002192021,0.8467548393222759
Sullivan County,vap_aian,uss_16_dem_mcg,0.5032431554933632,0.21244131720888773,0.1160257100637904,0.8980885113839523
Sullivan County,vap_aian,uss_16_rep_too,0.4967568445066368,0.21244131720888773,0.10191148861604755,0.8839742899362092
Sullivan County,vap_oth_b,uss_16_dem_mcg,0.47617646732262375,0.17481708316224495,0.15915311429323536,0.82222956126783
Sullivan County,vap_oth_b,uss_16_rep_too,0.5238235326773762,0.17481708316224495,0.17777043873216988,0.8408468857067646
Sullivan County,vap_white,atg_16_dem_sha,0.3113165421154838,0.01280481138561628,0.2862231362520927,0.3363409112314847
Sullivan County,vap_white,atg_16_rep_raf,0.6886834578845161,0.01280481138561628,0.6636590887685153,0.7137768637479072
Sullivan County,vap_black,atg_16_dem_sha,0.5168486300578929,0.24507784274187064,0.07132823910713672,0.9441712547690452
Sullivan County,vap_black,atg_16_rep_raf,0.48315136994210706,0.24507784274187064,0.05582874523095499,0.9286717608928632
Sullivan County,vap_hisp,atg_16_dem_sha,0.508034376887359,0.19662941606410436,0.12994245939802254,0.8607080849069194
Sullivan County,vap_hisp,atg_16_rep_raf,0.49196562311264097,0.19662941606410436,0.13929191509308053,0.8700575406019774
Sullivan County,vap_asian,atg_16_dem_sha,0.5128783706732336,0.19006565149034155,0.15343177666422397,0.8678916329543755
Sullivan County,vap_asian,atg_16_rep_raf,0.4871216293267665,0.19006565149034155,0.1321083670456243,0.846568223335776
Sullivan County,vap_aian,atg_16_dem_sha,0.5157245885607976,0.21174909518275847,0.1277580471647039,0.900437690790211
Sullivan County,vap_aian,atg_16_rep_raf,0.4842754114392023,0.21174909518275847,0.09956230920978888,0.8722419528352958
Sullivan County,vap_oth_b,atg_16_dem_sha,0.5022085987192579,0.18149450126298936,0.16497777159657245,0.8504269461866973
Sullivan County,vap_oth_b,atg_16_rep_raf,0.49779140128074206,0.18149450126298936,0.14957305381330255,0.8350222284034275
Sullivan County,vap_white,uss_18_dem_cas,0.3470107757525361,0.01320885796451742,0.3211628015142105,0.3729508700086079
Sullivan County,vap_white,uss_18_rep_bar,0.652989224247464,0.01320885796451742,0.6270491299913922,0.6788371984857894
Sullivan County,vap_black,uss_18_dem_cas,0.508085414067192,0.24892657776304497,0.06284424245622625,0.9512269619384875
Sullivan County,vap_black,uss_18_rep_bar,0.49191458593280807,0.24892657776304497,0.04877303806151247,0.9371557575437736
Sullivan County,vap_hisp,uss_18_dem_cas,0.4893129925530349,0.19332768693208,0.12757001024198678,0.8491548795880456
Sullivan County,vap_hisp,uss_18_rep_bar,0.5106870074469652,0.19332768693208,0.1508451204119545,0.8724299897580131
Sullivan County,vap_asian,uss_18_dem_cas,0.49537763005672686,0.1840796253001689,0.15684152405696847,0.8412783910242748
Sullivan County,vap_asian,uss_18_rep_bar,0.5046223699432731,0.1840796253001689,0.15872160897572526,0.8431584759430315
Sullivan County,vap_aian,uss_18_dem_cas,0.4900466360053166,0.20355234159316415,0.11866962561201568,0.864930214260626
Sullivan County,vap_aian,uss_18_rep_bar,0.5099533639946833,0.20355234159316415,0.13506978573937384,0.8813303743879842
Sullivan County,vap_oth_b,uss_18_dem_cas,0.48662252635654135,0.17290688466926113,0.15835745940537366,0.8092260018237022
Sullivan County,vap_oth_b,uss_18_rep_bar,0.5133774736434586,0.17290688466926113,0.19077399817629775,0.8416425405946263
Sullivan County,vap_white,gov_18_dem_wol,0.3508936949721892,0.01346523481178809,0.3245277219156779,0.3771320088062312
Sullivan County,vap_white,gov_18_rep_wag,0.6491063050278109,0.01346523481178809,0.6228679911937687,0.6754722780843221
Sullivan County,vap_black,gov_18_dem_wol,0.5035866779715298,0.2489027723741881,0.06536953664705206,0.943776548266726
Sullivan County,vap_black,gov_18_rep_wag,0.49641332202847016,0.2489027723741881,0.05622345173327388,0.934630463352948
Sullivan County,vap_hisp,gov_18_dem_wol,0.4971397588107488,0.19743173287848417,0.1295686884130295,0.8546191647831001
Sullivan County,vap_hisp,gov_18_rep_wag,0.5028602411892511,0.19743173287848417,0.14538083521689996,0.8704313115869705
Sullivan County,vap_asian,gov_18_dem_wol,0.510174767467288,0.19209565996150404,0.15002243446220043,0.8761957814702055
Sullivan County,vap_asian,gov_18_rep_wag,0.489825232532712,0.19209565996150404,0.12380421852979444,0.8499775655377994
Sullivan County,vap_aian,gov_18_dem_wol,0.4953675531602425,0.2070909118581769,0.11474497112496354,0.887446147803721
Sullivan County,vap_aian,gov_18_rep_wag,0.5046324468397574,0.2070909118581769,0.11255385219627884,0.8852550288750364
Sullivan County,vap_oth_b,gov_18_dem_wol,0.48165579459363167,0.17748194662723912,0.15545145424485776,0.8166229968789929
Sullivan County,vap_oth_b,gov_18_rep_wag,0.5183442054063683,0.17748194662723912,0.1833770031210072,0.8445485457551422
Sullivan County,vap_white,pre_20_dem_bid,0.24213733731059953,0.01173156599466438,0.21933280294520544,0.26511893652379853
Sullivan County,vap_white,pre_20_rep_tru,0.7578626626894005,0.01173156599466437,0.7348810634762014,0.7806671970547946
Sullivan County,vap_black,pre_20_dem_bid,0.5319724340910393,0.2470901280776297,0.07387863158387548,0.9412483471352
Sullivan County,vap_black,pre_20_rep_tru,0.4680275659089606,0.2470901280776297,0.05875165286480028,0.9261213684161244
Sullivan County,vap_hisp,pre_20_dem_bid,0.5047295482271165,0.19446349818890812,0.14755715837408312,0.8605257249196259
Sullivan County,vap_hisp,pre_20_rep_tru,0.4952704517728836,0.19446349818890812,0.13947427508037408,0.8524428416259169
Sullivan County,vap_asian,pre_20_dem_bid,0.49607127289539793,0.19238481948958827,0.13619619901194444,0.8608187416250849
Sullivan County,vap_asian,pre_20_rep_tru,0.5039287271046021,0.19238481948958827,0.13918125837491505,0.8638038009880554
Sullivan County,vap_aian,pre_20_dem_bid,0.47773325404039546,0.2174978154136877,0.08638818037293966,0.8718713277656243
Sullivan County,vap_aian,pre_20_rep_tru,0.5222667459596044,0.2174978154136877,0.1281286722343757,0.9136118196270604
Sullivan County,vap_oth_b,pre_20_dem_bid,0.4879688973772706,0.17976389172486926,0.1598247070092037,0.8317486577553665
Sullivan County,vap_oth_b,pre_20_rep_tru,0.5120311026227293,0.17976389172486926,0.16825134224463326,0.8401752929907963
Sullivan County,vap_white,atg_20_dem_sha,0.2936188656761837,0.01214592437416021,0.269905241076951,0.31716315902332737
Sullivan County,vap_white,atg_20_rep_hei,0.7063811343238162,0.01214592437416021,0.6828368409766725,0.7300947589230492
Sullivan County,vap_black,atg_20_dem_sha,0.5194923754750326,0.24795498352272233,0.07421117001394556,0.9492505508061188
Sullivan County,vap_black,atg_20_rep_hei,0.4805076245249674,0.24795498352272233,0.05074944919388114,0.9257888299860544
Sullivan County,vap_hisp,atg_20_dem_sha,0.48549064250358864,0.1975314141031106,0.1137468859829131,0.8533244965352149
Sullivan County,vap_hisp,atg_20_rep_hei,0.5145093574964114,0.1975314141031106,0.14667550346478503,0.8862531140170868
Sullivan County,vap_asian,atg_20_dem_sha,0.5040717912842246,0.1908977984005697,0.1509374477265642,0.8646446194392439
Sullivan County,vap_asian,atg_20_rep_hei,0.4959282087157754,0.1908977984005697,0.13535538056075608,0.8490625522734357
Sullivan County,vap_aian,atg_20_dem_sha,0.5034191774868976,0.21458260383844088,0.1158137430968992,0.8927253240317333
Sullivan County,vap_aian,atg_20_rep_hei,0.4965808225131024,0.21458260383844088,0.1072746759682666,0.8841862569031007
Sullivan County,vap_oth_b,atg_20_dem_sha,0.49061667897598304,0.1725936040909681,0.16927869404188778,0.806015901031921
Sullivan County,vap_oth_b,atg_20_rep_hei,0.509383321024017,0.1725936040909681,0.19398409896807897,0.8307213059581123
Susquehanna County,vap_white,pre_16_dem_cli,0.2700127314668166,0.00776848072333023,0.25554819567039616,0.2854536026691305
Susquehanna County,vap_white,pre_16_rep_tru,0.7299872685331833,0.00776848072333023,0.7145463973308694,0.7444518043296039
Susquehanna County,vap_black,pre_16_dem_cli,0.5128964414469394,0.16457499308084328,0.20126872341292373,0.8220874777773626
Susquehanna County,vap_black,pre_16_rep_tru,0.4871035585530607,0.16457499308084328,0.1779125222226374,0.7987312765870762
Susquehanna County,vap_hisp,pre_16_dem_cli,0.5011685948188895,0.17822988335652115,0.1744107622648454,0.8422053996573511
Susquehanna County,vap_hisp,pre_16_rep_tru,0.4988314051811104,0.17822988335652115,0.15779460034264867,0.8255892377351545
Susquehanna County,vap_asian,pre_16_dem_cli,0.5348848111462865,0.18462476695767324,0.1870584046095312,0.8790632193271163
Susquehanna County,vap_asian,pre_16_rep_tru,0.4651151888537136,0.18462476695767324,0.1209367806728838,0.8129415953904688
Susquehanna County,vap_aian,pre_16_dem_cli,0.48758647843142594,0.1907784845804144,0.13412483479955037,0.8569258462409294
Susquehanna County,vap_aian,pre_16_rep_tru,0.512413521568574,0.1907784845804144,0.14307415375907043,0.8658751652004496
Susquehanna County,vap_oth_b,pre_16_dem_cli,0.5601983096014053,0.15607778442695866,0.23990410444893195,0.818537976133722
Susquehanna County,vap_oth_b,pre_16_rep_tru,0.43980169039859474,0.15607778442695866,0.18146202386627797,0.7600958955510679
Susquehanna County,vap_white,uss_16_dem_mcg,0.31054517869226517,0.00834134936476084,0.29482530084145775,0.32720866722431546
Susquehanna County,vap_white,uss_16_rep_too,0.6894548213077348,0.00834134936476084,0.6727913327756844,0.7051746991585421
Susquehanna County,vap_black,uss_16_dem_mcg,0.5135885100937565,0.17619168386768275,0.1998835756154379,0.8589551896057256
Susquehanna County,vap_black,uss_16_rep_too,0.4864114899062435,0.17619168386768275,0.1410448103942745,0.800116424384562
Susquehanna County,vap_hisp,uss_16_dem_mcg,0.5216725833247218,0.16205264662745728,0.2209695365122472,0.8393343107163158
Susquehanna County,vap_hisp,uss_16_rep_too,0.47832741667527817,0.16205264662745728,0.16066568928368408,0.7790304634877527
Susquehanna County,vap_asian,uss_16_dem_mcg,0.5260540859679975,0.17542790870389555,0.20390894602014423,0.8551877152385436
Susquehanna County,vap_asian,uss_16_rep_too,0.4739459140320025,0.17542790870389555,0.14481228476145644,0.7960910539798557
Susquehanna County,vap_aian,uss_16_dem_mcg,0.5082073517841694,0.18042347470826087,0.174959950741639,0.83590196282557
Susquehanna County,vap_aian,uss_16_rep_too,0.4917926482158305,0.18042347470826087,0.16409803717442983,0.8250400492583609
Susquehanna County,vap_oth_b,uss_16_dem_mcg,0.5368127615793749,0.17992152266984224,0.16969067116179434,0.8416436089589475
Susquehanna County,vap_oth_b,uss_16_rep_too,0.46318723842062515,0.17992152266984224,0.15835639104105254,0.8303093288382057
Susquehanna County,vap_white,atg_16_dem_sha,0.3197981261007665,0.0076230914223619,0.30508149572768767,0.3347086588078484
Susquehanna County,vap_white,atg_16_rep_raf,0.6802018738992335,0.0076230914223619,0.6652913411921515,0.6949185042723124
Susquehanna County,vap_black,atg_16_dem_sha,0.4974197315132375,0.17090579477060552,0.18426710452950923,0.8193466359687791
Susquehanna County,vap_black,atg_16_rep_raf,0.5025802684867625,0.17090579477060552,0.1806533640312209,0.8157328954704907
Susquehanna County,vap_hisp,atg_16_dem_sha,0.5360674754510397,0.17025189129651025,0.2075901091785681,0.8456003567540429
Susquehanna County,vap_hisp,atg_16_rep_raf,0.4639325245489602,0.17025189129651025,0.1543996432459571,0.7924098908214318
Susquehanna County,vap_asian,atg_16_dem_sha,0.4817718263892744,0.17674717746977064,0.15147590035806546,0.8152278643187046
Susquehanna County,vap_asian,atg_16_rep_raf,0.5182281736107256,0.17674717746977064,0.18477213568129547,0.8485240996419345
Susquehanna County,vap_aian,atg_16_dem_sha,0.5159646402042659,0.1744567428280891,0.18625639927452012,0.8483817955653902
Susquehanna County,vap_aian,atg_16_rep_raf,0.4840353597957341,0.1744567428280891,0.15161820443460988,0.8137436007254795
Susquehanna County,vap_oth_b,atg_16_dem_sha,0.5452227088029197,0.16270172025599272,0.2259734585812659,0.834412405785353
Susquehanna County,vap_oth_b,atg_16_rep_raf,0.4547772911970803,0.16270172025599272,0.16558759421464703,0.774026541418734
Susquehanna County,vap_white,uss_18_dem_cas,0.35333585242574755,0.00830470306481152,0.3376648992051975,0.36987199991035297
Susquehanna County,vap_white,uss_18_rep_bar,0.6466641475742524,0.00830470306481152,0.6301280000896471,0.6623351007948024
Susquehanna County,vap_black,uss_18_dem_cas,0.5005202687651512,0.16141258469929806,0.20128071515841692,0.8159634144923279
Susquehanna County,vap_black,uss_18_rep_bar,0.49947973123484873,0.16141258469929806,0.1840365855076719,0.798719284841583
Susquehanna County,vap_hisp,uss_18_dem_cas,0.5331771582538588,0.19009746729117755,0.19628206795496603,0.8754704786037562
Susquehanna County,vap_hisp,uss_18_rep_bar,0.46682284174614114,0.19009746729117755,0.1245295213962435,0.803717932045034
Susquehanna County,vap_asian,uss_18_dem_cas,0.5046793754063672,0.1640059939445757,0.18524357960231752,0.8069582936014881
Susquehanna County,vap_asian,uss_18_rep_bar,0.4953206245936329,0.16400599394457574,0.1930417063985119,0.8147564203976824
Susquehanna County,vap_aian,uss_18_dem_cas,0.48270853466914143,0.17225456171789297,0.1436619367203965,0.808868108126387
Susquehanna County,vap_aian,uss_18_rep_bar,0.5172914653308586,0.17225456171789297,0.19113189187361296,0.8563380632796035
Susquehanna County,vap_oth_b,uss_18_dem_cas,0.5413387023153969,0.16798403916105062,0.2145346007380092,0.8378836177837178
Susquehanna County,vap_oth_b,uss_18_rep_bar,0.45866129768460306,0.16798403916105062,0.1621163822162822,0.7854653992619908
Susquehanna County,vap_white,gov_18_dem_wol,0.33458217237645815,0.00880458364738762,0.31743626475585396,0.3517419026196523
Susquehanna County,vap_white,gov_18_rep_wag,0.6654178276235418,0.00880458364738762,0.6482580973803476,0.682563735244146
Susquehanna County,vap_black,gov_18_dem_wol,0.5367621431361513,0.17692027171461136,0.2099077502690036,0.8872581114901807
Susquehanna County,vap_black,gov_18_rep_wag,0.46323785686384866,0.17692027171461136,0.11274188850981924,0.7900922497309963
Susquehanna County,vap_hisp,gov_18_dem_wol,0.5109749699041554,0.1868018797782258,0.17505784576441394,0.8961418506357025
Susquehanna County,vap_hisp,gov_18_rep_wag,0.4890250300958446,0.1868018797782258,0.10385814936429738,0.8249421542355859
Susquehanna County,vap_asian,gov_18_dem_wol,0.5134666723224804,0.16838863614232083,0.19438870431510075,0.8247116505597611
Susquehanna County,vap_asian,gov_18_rep_wag,0.4865333276775196,0.16838863614232083,0.1752883494402388,0.8056112956848992
Susquehanna County,vap_aian,gov_18_dem_wol,0.4721157294487144,0.18569641878180423,0.14396536477966268,0.8385650974198586
Susquehanna County,vap_aian,gov_18_rep_wag,0.5278842705512856,0.18569641878180423,0.16143490258014143,0.8560346352203374
Susquehanna County,vap_oth_b,gov_18_dem_wol,0.5879770524767611,0.17885212581955148,0.23688330328927623,0.9131061118986004
Susquehanna County,vap_oth_b,gov_18_rep_wag,0.4120229475232389,0.17885212581955148,0.08689388810139967,0.7631166967107236
Susquehanna County,vap_white,pre_20_dem_bid,0.27830096561186557,0.00759896017650597,0.2636881687767465,0.2933503506385161
Susquehanna County,vap_white,pre_20_rep_tru,0.7216990343881343,0.00759896017650597,0.7066496493614839,0.7363118312232535
Susquehanna County,vap_black,pre_20_dem_bid,0.49406909571159946,0.1683591383339209,0.18255239467018905,0.8163282499696584
Susquehanna County,vap_black,pre_20_rep_tru,0.5059309042884006,0.1683591383339209,0.1836717500303416,0.8174476053298108
Susquehanna County,vap_hisp,pre_20_dem_bid,0.5294824591014076,0.17046514879853564,0.2031967672970544,0.8372201762731684
Susquehanna County,vap_hisp,pre_20_rep_tru,0.4705175408985923,0.17046514879853564,0.16277982372683145,0.7968032327029455
Susquehanna County,vap_asian,pre_20_dem_bid,0.5137920342031922,0.1738760472902266,0.18313247839807997,0.8336697002368635
Susquehanna County,vap_asian,pre_20_rep_tru,0.4862079657968078,0.1738760472902266,0.16633029976313662,0.81686752160192
Susquehanna County,vap_aian,pre_20_dem_bid,0.5031099717843288,0.17326567869298906,0.18078826449148416,0.8317007259609115
Susquehanna County,vap_aian,pre_20_rep_tru,0.4968900282156712,0.17326567869298906,0.16829927403908856,0.8192117355085158
Susquehanna County,vap_oth_b,pre_20_dem_bid,0.5422555758469915,0.17073386669713275,0.21266120857361095,0.8587561303186325
Susquehanna County,vap_oth_b,pre_20_rep_tru,0.45774442415300853,0.17073386669713275,0.1412438696813675,0.7873387914263891
Susquehanna County,vap_white,atg_20_dem_sha,0.2995118266061025,0.00795718064978146,0.2845601875327981,0.31536407358279017
Susquehanna County,vap_white,atg_20_rep_hei,0.7004881733938975,0.00795718064978146,0.6846359264172098,0.7154398124672018
Susquehanna County,vap_black,atg_20_dem_sha,0.4775098035172728,0.16956991474536287,0.1651490187594639,0.8021264522180581
Susquehanna County,vap_black,atg_20_rep_hei,0.5224901964827272,0.16956991474536287,0.1978735477819417,0.8348509812405361
Susquehanna County,vap_hisp,atg_20_dem_sha,0.510787936650571,0.1691320845245543,0.18567869266019243,0.8321967369992199
Susquehanna County,vap_hisp,atg_20_rep_hei,0.48921206334942896,0.1691320845245543,0.16780326300077994,0.8143213073398075
Susquehanna County,vap_asian,atg_20_dem_sha,0.4823288378466056,0.16913721323505684,0.16663433498038194,0.8024124093458622
Susquehanna County,vap_asian,atg_20_rep_hei,0.5176711621533945,0.16913721323505684,0.1975875906541378,0.8333656650196181
Susquehanna County,vap_aian,atg_20_dem_sha,0.4941128313877261,0.17400217945041851,0.17715151532524231,0.8176001882446361
Susquehanna County,vap_aian,atg_20_rep_hei,0.505887168612274,0.17400217945041851,0.18239981175536385,0.8228484846747577
Susquehanna County,vap_oth_b,atg_20_dem_sha,0.5151243189180783,0.16963967403006244,0.1868118682798766,0.8132445258599384
Susquehanna County,vap_oth_b,atg_20_rep_hei,0.48487568108192175,0.16963967403006244,0.1867554741400614,0.8131881317201234
Tioga County,vap_white,pre_16_dem_cli,0.18473243563576663,0.00705344939992652,0.17147922120350248,0.19862863395672015
Tioga County,vap_white,pre_16_rep_tru,0.8152675643642333,0.00705344939992652,0.8013713660432799,0.8285207787964975
Tioga County,vap_black,pre_16_dem_cli,0.530678206858026,0.19037305367203064,0.14766674999733706,0.8580733571029623
Tioga County,vap_black,pre_16_rep_tru,0.469321793141974,0.19037305367203064,0.1419266428970377,0.8523332500026628
Tioga County,vap_hisp,pre_16_dem_cli,0.5317369411060898,0.1680799585255735,0.19534689452384937,0.8239543893989087
Tioga County,vap_hisp,pre_16_rep_tru,0.46826305889391023,0.1680799585255735,0.17604561060109106,0.8046531054761507
Tioga County,vap_asian,pre_16_dem_cli,0.5130166550312734,0.17624405826973505,0.19042442452884453,0.8526353987509804
Tioga County,vap_asian,pre_16_rep_tru,0.4869833449687266,0.17624405826973505,0.14736460124901954,0.8095755754711554
Tioga County,vap_aian,pre_16_dem_cli,0.4735904008176576,0.19022385571273664,0.0994665899852169,0.8112720072913595
Tioga County,vap_aian,pre_16_rep_tru,0.5264095991823423,0.19022385571273664,0.18872799270864027,0.9005334100147828
Tioga County,vap_oth_b,pre_16_dem_cli,0.5343255965507143,0.15549135660420305,0.22570303381209308,0.8073965521366541
Tioga County,vap_oth_b,pre_16_rep_tru,0.4656744034492856,0.15549135660420305,0.192603447863346,0.7742969661879069
Tioga County,vap_white,uss_16_dem_mcg,0.1980790347576925,0.00799720679294655,0.18339579838501285,0.21443726629776497
Tioga County,vap_white,uss_16_rep_too,0.8019209652423075,0.00799720679294655,0.7855627337022351,0.816604201614987
Tioga County,vap_black,uss_16_dem_mcg,0.562763880050289,0.18695394340384944,0.19419138127833935,0.88810074710807
Tioga County,vap_black,uss_16_rep_too,0.43723611994971107,0.18695394340384944,0.11189925289193006,0.8058086187216605
Tioga County,vap_hisp,uss_16_dem_mcg,0.5209584245626625,0.16013538082392847,0.20099036919958332,0.8141015009332723
Tioga County,vap_hisp,uss_16_rep_too,0.47904157543733744,0.16013538082392847,0.18589849906672767,0.7990096308004165
Tioga County,vap_asian,uss_16_dem_mcg,0.5058547444654432,0.17461364352057804,0.1566147132783059,0.8447950554288863
Tioga County,vap_asian,uss_16_rep_too,0.49414525553455674,0.17461364352057804,0.15520494457111356,0.843385286721694
Tioga County,vap_aian,uss_16_dem_mcg,0.4775127498881242,0.18183796851129305,0.14943036300046042,0.8246294725627692
Tioga County,vap_aian,uss_16_rep_too,0.5224872501118758,0.18183796851129305,0.1753705274372307,0.8505696369995394
Tioga County,vap_oth_b,uss_16_dem_mcg,0.5736063168490557,0.17778447260534672,0.19617676106077112,0.8651243091214621
Tioga County,vap_oth_b,uss_16_rep_too,0.4263936831509442,0.17778447260534672,0.13487569087853782,0.8038232389392286
Tioga County,vap_white,atg_16_dem_sha,0.216849821514219,0.00756120046270517,0.2024042921625904,0.2319056883628947
Tioga County,vap_white,atg_16_rep_raf,0.783150178485781,0.00756120046270517,0.7680943116371053,0.7975957078374096
Tioga County,vap_black,atg_16_dem_sha,0.5405592429159656,0.1889266858374841,0.18059774858726127,0.8674682626552193
Tioga County,vap_black,atg_16_rep_raf,0.4594407570840344,0.1889266858374841,0.13253173734478071,0.8194022514127386
Tioga County,vap_hisp,atg_16_dem_sha,0.5255101395565747,0.16305771768505942,0.21015968514697184,0.8265104735203892
Tioga County,vap_hisp,atg_16_rep_raf,0.47448986044342534,0.16305771768505942,0.1734895264796108,0.7898403148530281
Tioga County,vap_asian,atg_16_dem_sha,0.5041818045615453,0.16989149751413885,0.17902995533071028,0.8127432907688109
Tioga County,vap_asian,atg_16_rep_raf,0.49581819543845473,0.16989149751413885,0.187256709231189,0.8209700446692896
Tioga County,vap_aian,atg_16_dem_sha,0.49450511785756895,0.17170388216426632,0.1515718983137529,0.8140598864681488
Tioga County,vap_aian,atg_16_rep_raf,0.505494882142431,0.17170388216426632,0.18594011353185105,0.8484281016862468
Tioga County,vap_oth_b,atg_16_dem_sha,0.558515815143427,0.16080531518044586,0.2242520914689434,0.8417048387475948
Tioga County,vap_oth_b,atg_16_rep_raf,0.4414841848565731,0.16080531518044586,0.15829516125240525,0.7757479085310565
Tioga County,vap_white,uss_18_dem_cas,0.26002840990576104,0.00839369638379348,0.24435126766548768,0.2769482759986968
Tioga County,vap_white,uss_18_rep_bar,0.739971590094239,0.00839369638379348,0.7230517240013032,0.7556487323345124
Tioga County,vap_black,uss_18_dem_cas,0.5713838136894892,0.18764453699564687,0.19806601037070143,0.8896669413839796
Tioga County,vap_black,uss_18_rep_bar,0.4286161863105109,0.18764453699564687,0.11033305861602034,0.8019339896292983
Tioga County,vap_hisp,uss_18_dem_cas,0.5071198686253812,0.15748130678084105,0.1980982392720649,0.8060671936770336
Tioga County,vap_hisp,uss_18_rep_bar,0.4928801313746189,0.15748130678084105,0.19393280632296647,0.8019017607279351
Tioga County,vap_asian,uss_18_dem_cas,0.5260455908646531,0.17642330356951683,0.1920207344215889,0.8447573084897132
Tioga County,vap_asian,uss_18_rep_bar,0.4739544091353468,0.17642330356951683,0.15524269151028672,0.8079792655784108
Tioga County,vap_aian,uss_18_dem_cas,0.4973292179565839,0.1767509452664862,0.1685600724782564,0.8265646132995526
Tioga County,vap_aian,uss_18_rep_bar,0.502670782043416,0.1767509452664862,0.17343538670044728,0.8314399275217434
Tioga County,vap_oth_b,uss_18_dem_cas,0.5311243612268048,0.17502530165685265,0.15115374332497167,0.8273554578796178
Tioga County,vap_oth_b,uss_18_rep_bar,0.4688756387731952,0.17502530165685265,0.17264454212038194,0.8488462566750281
Tioga County,vap_white,gov_18_dem_wol,0.237507246790996,0.00793879017929998,0.2226323880948556,0.253347670441543
Tioga County,vap_white,gov_18_rep_wag,0.762492753209004,0.00793879017929998,0.746652329558457,0.7773676119051444
Tioga County,vap_black,gov_18_dem_wol,0.5393373129287022,0.20677058179056643,0.13158834590914512,0.8877704144255985
Tioga County,vap_black,gov_18_rep_wag,0.4606626870712977,0.20677058179056643,0.11222958557440144,0.8684116540908549
Tioga County,vap_hisp,gov_18_dem_wol,0.5379575286120041,0.16883182490058324,0.21400842722788824,0.8499193836490347
Tioga County,vap_hisp,gov_18_rep_wag,0.4620424713879959,0.16883182490058324,0.15008061635096526,0.7859915727721116
Tioga County,vap_asian,gov_18_dem_wol,0.5025823960324415,0.17179825345601762,0.17395555460587242,0.8281032629024162
Tioga County,vap_asian,gov_18_rep_wag,0.49741760396755846,0.17179825345601762,0.17189673709758355,0.8260444453941274
Tioga County,vap_aian,gov_18_dem_wol,0.5116401036500177,0.17478976273231006,0.16923046295057573,0.8296324617012999
Tioga County,vap_aian,gov_18_rep_wag,0.4883598963499823,0.17478976273231006,0.17036753829870016,0.8307695370494242
Tioga County,vap_oth_b,gov_18_dem_wol,0.5520486161515998,0.16530358827371067,0.2195880642336654,0.8360132131074952
Tioga County,vap_oth_b,gov_18_rep_wag,0.4479513838484002,0.16530358827371067,0.16398678689250473,0.7804119357663346
Tioga County,vap_white,pre_20_dem_bid,0.19768458707569753,0.00704669889770523,0.1841649473974671,0.2112458213668368
Tioga County,vap_white,pre_20_rep_tru,0.8023154129243024,0.00704669889770523,0.7887541786331632,0.8158350526025329
Tioga County,vap_black,pre_20_dem_bid,0.5679620810434937,0.18452907993205303,0.19075835383244308,0.878801088403018
Tioga County,vap_black,pre_20_rep_tru,0.4320379189565063,0.18452907993205303,0.12119891159698208,0.8092416461675567
Tioga County,vap_hisp,pre_20_dem_bid,0.5262759556844182,0.16252815272250049,0.21982117171465,0.8335721528942712
Tioga County,vap_hisp,pre_20_rep_tru,0.4737240443155818,0.16252815272250049,0.16642784710572875,0.78017882828535
Tioga County,vap_asian,pre_20_dem_bid,0.5321191652584567,0.16710246359884356,0.2005653764241134,0.8230963386157365
Tioga County,vap_asian,pre_20_rep_tru,0.4678808347415432,0.16710246359884356,0.17690366138426347,0.7994346235758867
Tioga County,vap_aian,pre_20_dem_bid,0.5147048978040333,0.16485400180526918,0.20102168503321663,0.8209916321286976
Tioga County,vap_aian,pre_20_rep_tru,0.4852951021959666,0.16485400180526918,0.17900836787130217,0.7989783149667834
Tioga County,vap_oth_b,pre_20_dem_bid,0.5707605213960866,0.16102248791401907,0.2390302586657452,0.8674557525873782
Tioga County,vap_oth_b,pre_20_rep_tru,0.4292394786039134,0.16102248791401907,0.13254424741262189,0.7609697413342549
Tioga County,vap_white,atg_20_dem_sha,0.1980661403544259,0.00728699958561835,0.18360367630085891,0.21240639840748135
Tioga County,vap_white,atg_20_rep_hei,0.8019338596455741,0.00728699958561835,0.7875936015925186,0.8163963236991411
Tioga County,vap_black,atg_20_dem_sha,0.5531732214864531,0.1861820647298454,0.1806612290662787,0.8711395807263091
Tioga County,vap_black,atg_20_rep_hei,0.4468267785135469,0.1861820647298454,0.12886041927369074,0.8193387709337212
Tioga County,vap_hisp,atg_20_dem_sha,0.5018170611599853,0.16816079109209756,0.16524610589814823,0.8199715223979316
Tioga County,vap_hisp,atg_20_rep_hei,0.4981829388400148,0.16816079109209756,0.18002847760206842,0.8347538941018516
Tioga County,vap_asian,atg_20_dem_sha,0.510359371557978,0.19912800414280651,0.11357642925019508,0.8733608596916951
Tioga County,vap_asian,atg_20_rep_hei,0.48964062844202205,0.19912800414280651,0.12663914030830498,0.8864235707498048
Tioga County,vap_aian,atg_20_dem_sha,0.4956679917699492,0.17264893236765386,0.17161651098051572,0.8173630570123729
Tioga County,vap_aian,atg_20_rep_hei,0.5043320082300508,0.17264893236765386,0.18263694298762695,0.8283834890194841
Tioga County,vap_oth_b,atg_20_dem_sha,0.5278860040083008,0.1674448708306499,0.20314001772256104,0.8413270752840029
Tioga County,vap_oth_b,atg_20_rep_hei,0.4721139959916992,0.1674448708306499,0.158672924715997,0.796859982277439
Union County,vap_white,pre_16_dem_cli,0.33805557336247516,0.00943856438333299,0.3199075121146098,0.3566591212524783
Union County,vap_white,pre_16_rep_tru,0.661944426637525,0.00943856438333299,0.6433408787475217,0.6800924878853901
Union County,vap_black,pre_16_dem_cli,0.28739614551354026,0.1055757739229039,0.10079949871077816,0.5049482992932303
Union County,vap_black,pre_16_rep_tru,0.7126038544864597,0.1055757739229039,0.4950517007067696,0.8992005012892218
Union County,vap_hisp,pre_16_dem_cli,0.5187827454035229,0.16587037286274128,0.20268567362874065,0.8261202127552909
Union County,vap_hisp,pre_16_rep_tru,0.4812172545964772,0.16587037286274128,0.17387978724470887,0.7973143263712593
Union County,vap_asian,pre_16_dem_cli,0.5987372053014998,0.17079485633457644,0.2541937779520674,0.8904852303491277
Union County,vap_asian,pre_16_rep_tru,0.40126279469850024,0.17079485633457644,0.10951476965087224,0.7458062220479326
Union County,vap_aian,pre_16_dem_cli,0.4975899012553652,0.17931514557775008,0.15447925372341684,0.8261893525013249
Union County,vap_aian,pre_16_rep_tru,0.5024100987446347,0.17931514557775008,0.17381064749867495,0.8455207462765831
Union County,vap_oth_b,pre_16_dem_cli,0.5603769055634209,0.17207898049808407,0.22093901412398792,0.8729410581400225
Union County,vap_oth_b,pre_16_rep_tru,0.4396230944365791,0.17207898049808407,0.1270589418599772,0.779060985876012
Union County,vap_white,uss_16_dem_mcg,0.3362292915881211,0.01004774923757306,0.3167499159351665,0.3560800586584903
Union County,vap_white,uss_16_rep_too,0.6637707084118789,0.01004774923757306,0.6439199413415098,0.6832500840648336
Union County,vap_black,uss_16_dem_mcg,0.3440194646847663,0.12000445595105586,0.12421140896694643,0.5886939092172228
Union County,vap_black,uss_16_rep_too,0.6559805353152337,0.12000445595105586,0.41130609078277736,0.8757885910330536
Union County,vap_hisp,uss_16_dem_mcg,0.5327242949015895,0.18338353527265772,0.18875161451780148,0.8785994652300367
Union County,vap_hisp,uss_16_rep_too,0.4672757050984106,0.18338353527265772,0.12140053476996286,0.8112483854821986
Union County,vap_asian,uss_16_dem_mcg,0.5739461932764834,0.17175396798627446,0.22635105467107255,0.8659986116304061
Union County,vap_asian,uss_16_rep_too,0.42605380672351656,0.17175396798627446,0.13400138836959374,0.7736489453289273
Union County,vap_aian,uss_16_dem_mcg,0.4982202275149445,0.17844591743545307,0.15602070681287022,0.8543932158623155
Union County,vap_aian,uss_16_rep_too,0.5017797724850555,0.17844591743545307,0.14560678413768438,0.8439792931871296
Union County,vap_oth_b,uss_16_dem_mcg,0.5292404524337401,0.17995350714438135,0.18795190451518065,0.8497341418706239
Union County,vap_oth_b,uss_16_rep_too,0.4707595475662599,0.17995350714438135,0.15026585812937607,0.812048095484819
Union County,vap_white,atg_16_dem_sha,0.3588510501577543,0.01045741388466327,0.3388472907777028,0.3800144021962622
Union County,vap_white,atg_16_rep_raf,0.6411489498422458,0.01045741388466327,0.6199855978037379,0.6611527092222972
Union County,vap_black,atg_16_dem_sha,0.34958763827595835,0.1372570798698942,0.09694026597774844,0.6117013011754172
Union County,vap_black,atg_16_rep_raf,0.6504123617240416,0.1372570798698942,0.3882986988245828,0.9030597340222514
Union County,vap_hisp,atg_16_dem_sha,0.5069454541334394,0.1632036924742163,0.19011779907563428,0.8144958519947129
Union County,vap_hisp,atg_16_rep_raf,0.49305454586656056,0.1632036924742163,0.18550414800528697,0.8098822009243656
Union County,vap_asian,atg_16_dem_sha,0.5887023564410929,0.18390321381780816,0.19989811135776656,0.8885968080765825
Union County,vap_asian,atg_16_rep_raf,0.411297643558907,0.18390321381780816,0.1114031919234174,0.8001018886422333
Union County,vap_aian,atg_16_dem_sha,0.4986638413937282,0.17486040083185503,0.17878563451767862,0.840884660400848
Union County,vap_aian,atg_16_rep_raf,0.5013361586062717,0.17486040083185503,0.15911533959915186,0.8212143654823212
Union County,vap_oth_b,atg_16_dem_sha,0.5363528065390831,0.16329387153650252,0.21537178506418408,0.8308034228616641
Union County,vap_oth_b,atg_16_rep_raf,0.4636471934609168,0.16329387153650252,0.1691965771383356,0.7846282149358157
Union County,vap_white,uss_18_dem_cas,0.3999894479994918,0.01019949713222565,0.380410343871178,0.4201771098040538
Union County,vap_white,uss_18_rep_bar,0.6000105520005082,0.01019949713222565,0.5798228901959462,0.619589656128822
Union County,vap_black,uss_18_dem_cas,0.3430466960931182,0.12566478637756856,0.11654261665063366,0.5877309377364334
Union County,vap_black,uss_18_rep_bar,0.6569533039068818,0.12566478637756856,0.4122690622635665,0.8834573833493663
Union County,vap_hisp,uss_18_dem_cas,0.5383147598659462,0.16506315323274862,0.2006235155178416,0.8353492316796173
Union County,vap_hisp,uss_18_rep_bar,0.46168524013405376,0.16506315323274864,0.16465076832038272,0.7993764844821581
Union County,vap_asian,uss_18_dem_cas,0.6058646917199227,0.1742552297854181,0.25177764462525837,0.8982670288582364
Union County,vap_asian,uss_18_rep_bar,0.3941353082800773,0.1742552297854181,0.10173297114176358,0.7482223553747416
Union County,vap_aian,uss_18_dem_cas,0.49610100238162275,0.18055543801825732,0.16081498891071758,0.845928045669579
Union County,vap_aian,uss_18_rep_bar,0.5038989976183772,0.18055543801825732,0.1540719543304208,0.8391850110892822
Union County,vap_oth_b,uss_18_dem_cas,0.5547567438513339,0.1660492020708864,0.2259680389471097,0.8542406726468958
Union County,vap_oth_b,uss_18_rep_bar,0.44524325614866606,0.1660492020708864,0.1457593273531041,0.7740319610528901
Union County,vap_white,gov_18_dem_wol,0.44053033412327214,0.01076249562601923,0.420271977194591,0.4619970151586383
Union County,vap_white,gov_18_rep_wag,0.5594696658767279,0.01076249562601923,0.5380029848413618,0.579728022805409
Union County,vap_black,gov_18_dem_wol,0.3657970527173125,0.12852205452744242,0.13857554988830126,0.6299466832353809
Union County,vap_black,gov_18_rep_wag,0.6342029472826876,0.12852205452744242,0.37005331676461867,0.8614244501116987
Union County,vap_hisp,gov_18_dem_wol,0.5461810105117679,0.17754799026457974,0.19490190273185776,0.8677793107745724
Union County,vap_hisp,gov_18_rep_wag,0.4538189894882321,0.17754799026457974,0.13222068922542754,0.8050980972681422
Union County,vap_asian,gov_18_dem_wol,0.5963513545594119,0.16667363162618806,0.24483605084010104,0.8727701218116881
Union County,vap_asian,gov_18_rep_wag,0.40364864544058815,0.16667363162618806,0.12722987818831172,0.7551639491598989
Union County,vap_aian,gov_18_dem_wol,0.4990590011252942,0.17981115251882465,0.15915944026428328,0.8548821501323205
Union County,vap_aian,gov_18_rep_wag,0.5009409988747057,0.17981115251882465,0.14511784986767934,0.8408405597357167
Union County,vap_oth_b,gov_18_dem_wol,0.5344812882381138,0.1626329398100041,0.21661850561096305,0.8264280515986508
Union County,vap_oth_b,gov_18_rep_wag,0.4655187117618862,0.1626329398100041,0.17357194840134907,0.7833814943890368
Union County,vap_white,pre_20_dem_bid,0.357919570480275,0.00995739722424001,0.33848399161537934,0.3773091910138453
Union County,vap_white,pre_20_rep_tru,0.642080429519725,0.00995739722424001,0.6226908089861547,0.6615160083846207
Union County,vap_black,pre_20_dem_bid,0.27733027919700076,0.12191265685388258,0.07006872683190873,0.5182800695678129
Union County,vap_black,pre_20_rep_tru,0.7226697208029992,0.12191265685388258,0.4817199304321871,0.9299312731680912
Union County,vap_hisp,pre_20_dem_bid,0.4952487907512925,0.1674426897251634,0.1755788988705545,0.805564945459707
Union County,vap_hisp,pre_20_rep_tru,0.5047512092487074,0.1674426897251634,0.1944350545402929,0.8244211011294456
Union County,vap_asian,pre_20_dem_bid,0.5941764516582825,0.16870163786934864,0.25147011605944036,0.8780822443107883
Union County,vap_asian,pre_20_rep_tru,0.4058235483417175,0.16870163786934864,0.12191775568921166,0.7485298839405594
Union County,vap_aian,pre_20_dem_bid,0.49342381040389766,0.17598521439069184,0.158642319319442,0.819862232132718
Union County,vap_aian,pre_20_rep_tru,0.5065761895961023,0.17598521439069184,0.18013776786728197,0.8413576806805578
Union County,vap_oth_b,pre_20_dem_bid,0.5397405790626908,0.17219327338612947,0.21062070181840525,0.852297537144348
Union County,vap_oth_b,pre_20_rep_tru,0.4602594209373091,0.17219327338612947,0.1477024628556519,0.7893792981815947
Union County,vap_white,atg_20_dem_sha,0.38094243071228184,0.00990443901015734,0.362233820272455,0.4003471398033384
Union County,vap_white,atg_20_rep_hei,0.6190575692877183,0.00990443901015734,0.5996528601966616,0.6377661797275451
Union County,vap_black,atg_20_dem_sha,0.2979138207919058,0.1119103834315176,0.09547257530006913,0.52116966680408
Union County,vap_black,atg_20_rep_hei,0.7020861792080941,0.1119103834315176,0.47883033319592,0.9045274246999307
Union County,vap_hisp,atg_20_dem_sha,0.4896290820241256,0.1617824936347578,0.19293710396107017,0.8056745903715934
Union County,vap_hisp,atg_20_rep_hei,0.5103709179758744,0.1617824936347578,0.1943254096284064,0.8070628960389298
Union County,vap_asian,atg_20_dem_sha,0.592643000077248,0.1712271659572036,0.2413361446112929,0.888644962005176
Union County,vap_asian,atg_20_rep_hei,0.407356999922752,0.1712271659572036,0.11135503799482394,0.7586638553887068
Union County,vap_aian,atg_20_dem_sha,0.5143176524947405,0.17452870613367558,0.1803119497696184,0.843435822218385
Union County,vap_aian,atg_20_rep_hei,0.48568234750525946,0.17452870613367558,0.15656417778161488,0.8196880502303814
Union County,vap_oth_b,atg_20_dem_sha,0.5219272775288327,0.17268480370370284,0.19958566144298168,0.8369362837446569
Union County,vap_oth_b,atg_20_rep_hei,0.4780727224711673,0.17268480370370284,0.16306371625534308,0.8004143385570182
Venango County,vap_white,pre_16_dem_cli,0.2590575147731847,0.00690669780486977,0.2459270992397703,0.2727135199032173
Venango County,vap_white,pre_16_rep_tru,0.7409424852268152,0.00690669780486977,0.7272864800967827,0.7540729007602297
Venango County,vap_black,pre_16_dem_cli,0.5217849928217555,0.17014032044262636,0.19759514110634116,0.8305770949489776
Venango County,vap_black,pre_16_rep_tru,0.4782150071782445,0.17014032044262636,0.16942290505102242,0.8024048588936588
Venango County,vap_hisp,pre_16_dem_cli,0.5184399008444184,0.16913229862246956,0.17981428600721017,0.8155324192853737
Venango County,vap_hisp,pre_16_rep_tru,0.4815600991555816,0.16913229862246956,0.18446758071462624,0.8201857139927898
Venango County,vap_asian,pre_16_dem_cli,0.5128669563490547,0.16872857547737635,0.19360321593917632,0.8267744744901157
Venango County,vap_asian,pre_16_rep_tru,0.4871330436509453,0.16872857547737635,0.1732255255098844,0.8063967840608234
Venango County,vap_aian,pre_16_dem_cli,0.5076454533185796,0.16637814355576833,0.1971588667925333,0.8274650273676003
Venango County,vap_aian,pre_16_rep_tru,0.4923545466814204,0.16637814355576833,0.17253497263239934,0.8028411332074666
Venango County,vap_oth_b,pre_16_dem_cli,0.5291083361422455,0.1554531514254435,0.22892931927364543,0.8229094973559214
Venango County,vap_oth_b,pre_16_rep_tru,0.4708916638577546,0.1554531514254435,0.1770905026440785,0.7710706807263545
Venango County,vap_white,uss_16_dem_mcg,0.30495807236633254,0.00744066703586709,0.2907748652206551,0.3195948491680176
Venango County,vap_white,uss_16_rep_too,0.6950419276336673,0.00744066703586709,0.6804051508319823,0.7092251347793449
Venango County,vap_black,uss_16_dem_mcg,0.5295380011814895,0.16565880931155766,0.21082954377045104,0.8364629356066118
Venango County,vap_black,uss_16_rep_too,0.4704619988185105,0.16565880931155766,0.1635370643933881,0.789170456229549
Venango County,vap_hisp,uss_16_dem_mcg,0.48781224473672574,0.16991324859445014,0.14526767899116055,0.7908915866196602
Venango County,vap_hisp,uss_16_rep_too,0.5121877552632743,0.16991324859445014,0.2091084133803397,0.8547323210088394
Venango County,vap_asian,uss_16_dem_mcg,0.48887383856635874,0.16210322080552095,0.19594098556162504,0.8029490480399284
Venango County,vap_asian,uss_16_rep_too,0.5111261614336412,0.16210322080552095,0.19705095196007147,0.8040590144383749
Venango County,vap_aian,uss_16_dem_mcg,0.5194426823585889,0.16393283318575438,0.2176894671444017,0.8202234189570292
Venango County,vap_aian,uss_16_rep_too,0.48055731764141096,0.16393283318575438,0.17977658104297073,0.7823105328555982
Venango County,vap_oth_b,uss_16_dem_mcg,0.5262757185079787,0.16616804572667543,0.20019661032205893,0.8316410869444711
Venango County,vap_oth_b,uss_16_rep_too,0.47372428149202134,0.16616804572667543,0.16835891305552875,0.7998033896779412
Venango County,vap_white,atg_16_dem_sha,0.32021558732495026,0.00741692713995656,0.30626089229943926,0.3349539731078245
Venango County,vap_white,atg_16_rep_raf,0.6797844126750496,0.00741692713995656,0.6650460268921754,0.6937391077005607
Venango County,vap_black,atg_16_dem_sha,0.5267436258240843,0.16588737426095235,0.20290814142973448,0.8258424492421529
Venango County,vap_black,atg_16_rep_raf,0.4732563741759157,0.16588737426095235,0.17415755075784725,0.7970918585702655
Venango County,vap_hisp,atg_16_dem_sha,0.487740832525092,0.17455051813517591,0.13486937495015827,0.7972611360067816
Venango County,vap_hisp,atg_16_rep_raf,0.5122591674749081,0.17455051813517591,0.2027388639932184,0.8651306250498416
Venango County,vap_asian,atg_16_dem_sha,0.5074077885518969,0.1697796181338899,0.1880536297834579,0.8195355775703441
Venango County,vap_asian,atg_16_rep_raf,0.492592211448103,0.1697796181338899,0.18046442242965585,0.8119463702165418
Venango County,vap_aian,atg_16_dem_sha,0.5056969898327025,0.1787314748588486,0.15784846008188774,0.8405126022261376
Venango County,vap_aian,atg_16_rep_raf,0.4943030101672975,0.1787314748588486,0.15948739777386253,0.8421515399181122
Venango County,vap_oth_b,atg_16_dem_sha,0.5477962601839503,0.1671875748283424,0.2227946876259813,0.8473543845229009
Venango County,vap_oth_b,atg_16_rep_raf,0.4522037398160497,0.1671875748283424,0.15264561547709923,0.7772053123740186
Venango County,vap_white,uss_18_dem_cas,0.36760042641431107,0.00773054909637064,0.35309768461573166,0.3828833432798597
Venango County,vap_white,uss_18_rep_bar,0.6323995735856889,0.00773054909637064,0.6171166567201403,0.6469023153842683
Venango County,vap_black,uss_18_dem_cas,0.5359128627518525,0.16988046221488107,0.18469863792334543,0.8337286101863559
Venango County,vap_black,uss_18_rep_bar,0.4640871372481475,0.16988046221488107,0.16627138981364406,0.8153013620766545
Venango County,vap_hisp,uss_18_dem_cas,0.4967451725320429,0.16299797203151117,0.15143886572046322,0.7898297798493608
Venango County,vap_hisp,uss_18_rep_bar,0.5032548274679571,0.16299797203151117,0.21017022015063913,0.8485611342795368
Venango County,vap_asian,uss_18_dem_cas,0.5181804670347852,0.1930224437101747,0.1837878986353043,0.9020292276684994
Venango County,vap_asian,uss_18_rep_bar,0.48181953296521474,0.1930224437101747,0.0979707723315005,0.8162121013646956
Venango County,vap_aian,uss_18_dem_cas,0.4975078440990758,0.1818061409808906,0.15098593706854235,0.8267860308925633
Venango County,vap_aian,uss_18_rep_bar,0.5024921559009242,0.1818061409808906,0.17321396910743656,0.8490140629314574
Venango County,vap_oth_b,uss_18_dem_cas,0.5086427965811059,0.1680754951739146,0.17973177613177996,0.8159050613230588
Venango County,vap_oth_b,uss_18_rep_bar,0.4913572034188941,0.1680754951739146,0.1840949386769412,0.8202682238682202
Venango County,vap_white,gov_18_dem_wol,0.3896808791466184,0.00779879032334981,0.374673971018363,0.404958109201071
Venango County,vap_white,gov_18_rep_wag,0.6103191208533815,0.00779879032334981,0.595041890798929,0.625326028981637
Venango County,vap_black,gov_18_dem_wol,0.5216936765463338,0.1771671563111755,0.1680556083709894,0.8481405043048009
Venango County,vap_black,gov_18_rep_wag,0.4783063234536662,0.1771671563111755,0.1518594956951991,0.8319443916290105
Venango County,vap_hisp,gov_18_dem_wol,0.522932764763796,0.175332022085702,0.19123744496223724,0.8460729251414784
Venango County,vap_hisp,gov_18_rep_wag,0.477067235236204,0.175332022085702,0.1539270748585217,0.8087625550377628
Venango County,vap_asian,gov_18_dem_wol,0.50642602444636,0.16573095515702546,0.19924924539111372,0.8149541839063285
Venango County,vap_asian,gov_18_rep_wag,0.49357397555364,0.16573095515702546,0.18504581609367124,0.8007507546088861
Venango County,vap_aian,gov_18_dem_wol,0.5204543551839855,0.16819225588073447,0.20275120297006108,0.829171686696837
Venango County,vap_aian,gov_18_rep_wag,0.47954564481601447,0.16819225588073447,0.17082831330316295,0.7972487970299389
Venango County,vap_oth_b,gov_18_dem_wol,0.534932692513916,0.1708512169819876,0.1885931140033436,0.8403571446291329
Venango County,vap_oth_b,gov_18_rep_wag,0.46506730748608416,0.1708512169819876,0.15964285537086698,0.8114068859966562
Venango County,vap_white,pre_20_dem_bid,0.26313055446383216,0.00694393734144486,0.2497219374409944,0.27632289319047615
Venango County,vap_white,pre_20_rep_tru,0.7368694455361677,0.00694393734144486,0.7236771068095238,0.7502780625590055
Venango County,vap_black,pre_20_dem_bid,0.5386540194726971,0.168075396262735,0.21506704701942203,0.8562223467870832
Venango County,vap_black,pre_20_rep_tru,0.46134598052730286,0.168075396262735,0.14377765321291666,0.784932952980578
Venango County,vap_hisp,pre_20_dem_bid,0.5235321920714111,0.16011374205649148,0.21633714938485493,0.8102871274978201
Venango County,vap_hisp,pre_20_rep_tru,0.4764678079285889,0.16011374205649148,0.1897128725021798,0.783662850615145
Venango County,vap_asian,pre_20_dem_bid,0.5126831447434369,0.16951673975138914,0.19602209008305055,0.836605692734567
Venango County,vap_asian,pre_20_rep_tru,0.487316855256563,0.16951673975138914,0.16339430726543291,0.8039779099169493
Venango County,vap_aian,pre_20_dem_bid,0.4994485181829854,0.16957170939364022,0.17895967185052672,0.8193134431734976
Venango County,vap_aian,pre_20_rep_tru,0.5005514818170145,0.16957170939364022,0.18068655682650211,0.8210403281494733
Venango County,vap_oth_b,pre_20_dem_bid,0.5388648401163535,0.15632787152272903,0.247114040336626,0.8309341880363627
Venango County,vap_oth_b,pre_20_rep_tru,0.46113515988364656,0.15632787152272903,0.1690658119636373,0.7528859596633741
Venango County,vap_white,atg_20_dem_sha,0.31666195587890067,0.00695339452771048,0.3028751130861206,0.32985357422302647
Venango County,vap_white,atg_20_rep_hei,0.6833380441210992,0.00695339452771048,0.6701464257769734,0.6971248869138794
Venango County,vap_black,atg_20_dem_sha,0.5141848504319319,0.17759274299280303,0.16350176210619283,0.8265120470621796
Venango County,vap_black,atg_20_rep_hei,0.48581514956806815,0.17759274299280303,0.17348795293782035,0.8364982378938071
Venango County,vap_hisp,atg_20_dem_sha,0.5141831683374388,0.16717958627229348,0.17695662708809665,0.8088459349956572
Venango County,vap_hisp,atg_20_rep_hei,0.4858168316625612,0.16717958627229348,0.1911540650043428,0.823043372911903
Venango County,vap_asian,atg_20_dem_sha,0.5383790904039171,0.17124020578178686,0.205931973818768,0.8654834594216543
Venango County,vap_asian,atg_20_rep_hei,0.4616209095960828,0.17124020578178686,0.13451654057834553,0.794068026181232
Venango County,vap_aian,atg_20_dem_sha,0.49042628109549963,0.16639999339518058,0.16131985170303328,0.8019452002919965
Venango County,vap_aian,atg_20_rep_hei,0.5095737189045003,0.16639999339518058,0.19805479970800355,0.8386801482969667
Venango County,vap_oth_b,atg_20_dem_sha,0.4872318063167067,0.1565346351968506,0.2035846562695615,0.7982679181136995
Venango County,vap_oth_b,atg_20_rep_hei,0.5127681936832933,0.1565346351968506,0.2017320818863004,0.7964153437304385
Warren County,vap_white,pre_16_dem_cli,0.26469634916053403,0.00759513129487384,0.25027326990081245,0.27934976852165744
Warren County,vap_white,pre_16_rep_tru,0.7353036508394659,0.00759513129487384,0.7206502314783426,0.7497267300991877
Warren County,vap_black,pre_16_dem_cli,0.4866468812351639,0.18730754982786196,0.11963250905460948,0.8259820948953811
Warren County,vap_black,pre_16_rep_tru,0.513353118764836,0.18730754982786196,0.17401790510461865,0.8803674909453902
Warren County,vap_hisp,pre_16_dem_cli,0.49236269267383753,0.16886981334268855,0.16834004095071758,0.8047045111140174
Warren County,vap_hisp,pre_16_rep_tru,0.5076373073261623,0.16886981334268855,0.1952954888859824,0.8316599590492822
Warren County,vap_asian,pre_16_dem_cli,0.5130905734406139,0.1610162186597474,0.21444641306204407,0.8104985235301838
Warren County,vap_asian,pre_16_rep_tru,0.4869094265593861,0.1610162186597474,0.18950147646981616,0.78555358693795585
Warren County,vap_aian,pre_16_dem_cli,0.4992934479391111,0.17125956887699018,0.1765348712723924,0.8156007722872868
Warren County,vap_aian,pre_16_rep_tru,0.5007065520608889,0.17125956887699018,0.18439922771271308,0.8234651287276075
Warren County,vap_oth_b,pre_16_dem_cli,0.5257929261662652,0.1670733114077709,0.2009562291206246,0.8223741271101568
Warren County,vap_oth_b,pre_16_rep_tru,0.4742070738337349,0.1670733114077709,0.17762587288984322,0.7990437708793754
Warren County,vap_white,uss_16_dem_mcg,0.27319556100915365,0.00758758980472042,0.2588741497947543,0.2882019421571459
Warren County,vap_white,uss_16_rep_too,0.7268044389908463,0.00758758980472041,0.7117980578428541,0.7411258502052457
Warren County,vap_black,uss_16_dem_mcg,0.48720528719001177,0.1750253620031763,0.15959107514506607,0.8207095129413942
Warren County,vap_black,uss_16_rep_too,0.5127947128099882,0.1750253620031763,0.1792904870586058,0.8404089248549337
Warren County,vap_hisp,uss_16_dem_mcg,0.5170155147507773,0.18115099046059524,0.1815835121951048,0.8492340747496286
Warren County,vap_hisp,uss_16_rep_too,0.48298448524922255,0.18115099046059524,0.15076592525037105,0.818416487804895
Warren County,vap_asian,uss_16_dem_mcg,0.502644974276676,0.1802948800274713,0.17572999161735087,0.8416096812389711
Warren County,vap_asian,uss_16_rep_too,0.497355025723324,0.1802948800274713,0.1583903187610289,0.8242700083826492
Warren County,vap_aian,uss_16_dem_mcg,0.4915309872671833,0.17843708573924189,0.1595149849021364,0.8224215329222778
Warren County,vap_aian,uss_16_rep_too,0.5084690127328166,0.17843708573924189,0.17757846707772218,0.8404850150978636
Warren County,vap_oth_b,uss_16_dem_mcg,0.508911449517211,0.1649087245305536,0.18537239371456551,0.8148436310746621
Warren County,vap_oth_b,uss_16_rep_too,0.491088550482789,0.1649087245305536,0.1851563689253379,0.8146276062854344
Warren County,vap_white,atg_16_dem_sha,0.31058165424832923,0.00763197787082397,0.2962123551642134,0.3257269341529221
Warren County,vap_white,atg_16_rep_raf,0.6894183457516707,0.00763197787082397,0.6742730658470778,0.7037876448357865
Warren County,vap_black,atg_16_dem_sha,0.537280772086929,0.17654785889029048,0.2010529915114176,0.860726912319576
Warren County,vap_black,atg_16_rep_raf,0.46271922791307096,0.17654785889029048,0.1392730876804239,0.7989470084885822
Warren County,vap_hisp,atg_16_dem_sha,0.5059277591823478,0.16838175535015115,0.191786889309982,0.83396930165722
Warren County,vap_hisp,atg_16_rep_raf,0.4940722408176521,0.16838175535015115,0.1660306983427797,0.8082131106900178
Warren County,vap_asian,atg_16_dem_sha,0.500409133837193,0.16445198093456084,0.18956683687017536,0.8159153028445052
Warren County,vap_asian,atg_16_rep_raf,0.49959086616280696,0.16445198093456084,0.18408469715549464,0.8104331631298245
Warren County,vap_aian,atg_16_dem_sha,0.4895289307424603,0.19037375147372168,0.11958284267722674,0.8363614438045089
Warren County,vap_aian,atg_16_rep_raf,0.5104710692575397,0.19037375147372168,0.16363855619549109,0.8804171573227733
Warren County,vap_oth_b,atg_16_dem_sha,0.5200529137195941,0.1617207586640498,0.20716378134225535,0.8097426686651996
Warren County,vap_oth_b,atg_16_rep_raf,0.479947086280406,0.1617207586640498,0.1902573313348004,0.7928362186577447
Warren County,vap_white,uss_18_dem_cas,0.3551946633531318,0.00811448745300474,0.33981751909756275,0.371369318090938
Warren County,vap_white,uss_18_rep_bar,0.6448053366468681,0.00811448745300474,0.628630681909062,0.6601824809024373
Warren County,vap_black,uss_18_dem_cas,0.5065541682510437,0.17776492043313102,0.1707225837971671,0.8432112441312403
Warren County,vap_black,uss_18_rep_bar,0.4934458317489563,0.17776492043313102,0.15678875586875982,0.829277416202833
Warren County,vap_hisp,uss_18_dem_cas,0.4917404833203619,0.17529591937501424,0.16649180277011072,0.8341895202403043
Warren County,vap_hisp,uss_18_rep_bar,0.508259516679638,0.17529591937501424,0.16581047975969562,0.833508197229889
Warren County,vap_asian,uss_18_dem_cas,0.4997114957520601,0.17272823471832163,0.17891137413633385,0.8161062890233971
Warren County,vap_asian,uss_18_rep_bar,0.5002885042479399,0.17272823471832163,0.1838937109766028,0.8210886258636662
Warren County,vap_aian,uss_18_dem_cas,0.4973499534212045,0.1643811239083616,0.1946661516459531,0.8193318504819478
Warren County,vap_aian,uss_18_rep_bar,0.5026500465787954,0.1643811239083616,0.18066814951805224,0.8053338483540468
Warren County,vap_oth_b,uss_18_dem_cas,0.5453344050622737,0.165454369658789,0.2126924946023487,0.8365917995225157
Warren County,vap_oth_b,uss_18_rep_bar,0.4546655949377263,0.165454369658789,0.16340820047748414,0.7873075053976512
Warren County,vap_white,gov_18_dem_wol,0.3501290071424536,0.00811930523369249,0.33498122684261206,0.3665625448296067
Warren County,vap_white,gov_18_rep_wag,0.6498709928575463,0.00811930523369249,0.6334374551703934,0.6650187731573879
Warren County,vap_black,gov_18_dem_wol,0.5995296424567725,0.22148197506426048,0.19452688708935065,0.9565684438651724
Warren County,vap_black,gov_18_rep_wag,0.40047035754322746,0.22148197506426048,0.04343155613482777,0.8054731129106494
Warren County,vap_hisp,gov_18_dem_wol,0.5197701052948667,0.17034361372657428,0.18544485993552884,0.8319640863080194
Warren County,vap_hisp,gov_18_rep_wag,0.4802298947051332,0.17034361372657428,0.16803591369198034,0.814555140064471
Warren County,vap_asian,gov_18_dem_wol,0.5039814977833974,0.16837304012441204,0.17678633463172483,0.8327658992035616
Warren County,vap_asian,gov_18_rep_wag,0.4960185022166026,0.16837304012441204,0.1672341007964384,0.8232136653682751
Warren County,vap_aian,gov_18_dem_wol,0.5277632920997719,0.17512505745789786,0.18619123072052168,0.8475646601527518
Warren County,vap_aian,gov_18_rep_wag,0.4722367079002281,0.17512505745789786,0.1524353398472482,0.8138087692794784
Warren County,vap_oth_b,gov_18_dem_wol,0.5468778549519931,0.16975835461172908,0.17594946505212222,0.8439400490887149
Warren County,vap_oth_b,gov_18_rep_wag,0.4531221450480069,0.16975835461172908,0.15605995091128505,0.8240505349478777
Warren County,vap_white,pre_20_dem_bid,0.2642924373572834,0.00728886362889294,0.2502859751880729,0.27827263232538874
Warren County,vap_white,pre_20_rep_tru,0.7357075626427165,0.00728886362889294,0.7217273676746112,0.7497140248119271
Warren County,vap_black,pre_20_dem_bid,0.5011656213388656,0.17971931274261757,0.17378206401098772,0.8471361894338318
Warren County,vap_black,pre_20_rep_tru,0.4988343786611345,0.17971931274261757,0.15286381056616805,0.8262179359890123
Warren County,vap_hisp,pre_20_dem_bid,0.516282337670838,0.16961229258924437,0.18259243958175472,0.8214745537256287
Warren County,vap_hisp,pre_20_rep_tru,0.4837176623291619,0.16961229258924437,0.178525446274371,0.817407560418245
Warren County,vap_asian,pre_20_dem_bid,0.4888982653175271,0.17437639947622346,0.15325431236619885,0.8114856321619407
Warren County,vap_asian,pre_20_rep_tru,0.5111017346824729,0.17437639947622346,0.18851436783805925,0.8467456876338011
Warren County,vap_aian,pre_20_dem_bid,0.4930814110779913,0.1711275994862322,0.18084255541796784,0.8209011788838746
Warren County,vap_aian,pre_20_rep_tru,0.5069185889220087,0.1711275994862322,0.17909882111612546,0.8191574445820322
Warren County,vap_oth_b,pre_20_dem_bid,0.5102214763177063,0.1668487202174552,0.1907297520004844,0.8195484121856231
Warren County,vap_oth_b,pre_20_rep_tru,0.48977852368229374,0.1668487202174552,0.18045158781437695,0.8092702479995155
Warren County,vap_white,atg_20_dem_sha,0.27888648068434185,0.00736710492318515,0.26494378249853046,0.29338729138555636
Warren County,vap_white,atg_20_rep_hei,0.7211135193156581,0.00736710492318515,0.7066127086144435,0.7350562175014694
Warren County,vap_black,atg_20_dem_sha,0.471240852786913,0.19304186092953032,0.09616272592412092,0.8314735271479593
Warren County,vap_black,atg_20_rep_hei,0.5287591472130869,0.19304186092953032,0.16852647285204056,0.903837274075879
Warren County,vap_hisp,atg_20_dem_sha,0.4867934348770797,0.16682886818479692,0.1784108141866376,0.8039075992722458
Warren County,vap_hisp,atg_20_rep_hei,0.5132065651229202,0.16682886818479692,0.19609240072775375,0.8215891858133623
Warren County,vap_asian,atg_20_dem_sha,0.5206514083516274,0.16771543755527948,0.19583696739289116,0.820405517661455
Warren County,vap_asian,atg_20_rep_hei,0.4793485916483727,0.16771543755527948,0.17959448233854494,0.804163032607109
Warren County,vap_aian,atg_20_dem_sha,0.4851854643745386,0.17656369055520169,0.14801670647881365,0.8186851960446283
Warren County,vap_aian,atg_20_rep_hei,0.5148145356254614,0.17656369055520169,0.18131480395537167,0.8519832935211862
Warren County,vap_oth_b,atg_20_dem_sha,0.5043678842463685,0.16145732899373927,0.18971512510753744,0.7955373784501291
Warren County,vap_oth_b,atg_20_rep_hei,0.4956321157536316,0.16145732899373927,0.20446262154987097,0.8102848748924625
Washington County,vap_white,pre_16_dem_cli,0.3413510098230175,0.00600839123247686,0.3318462686604425,0.3547586277877027
Washington County,vap_white,pre_16_rep_tru,0.6586489901769824,0.00600839123247686,0.6452413722122973,0.6681537313395576
Washington County,vap_black,pre_16_dem_cli,0.9050426312334324,0.0335587887109398,0.823348700263663,0.9542426583135816
Washington County,vap_black,pre_16_rep_tru,0.09495736876656768,0.0335587887109398,0.04575734168641857,0.17665129973633695
Washington County,vap_hisp,pre_16_dem_cli,0.6913769941744241,0.12115159116812664,0.4080576237136339,0.8689447597586892
Washington County,vap_hisp,pre_16_rep_tru,0.3086230058255759,0.12115159116812664,0.13105524024131057,0.591942376286366
Washington County,vap_asian,pre_16_dem_cli,0.6261263341024594,0.15971645590333755,0.27119338778722735,0.8716062091157925
Washington County,vap_asian,pre_16_rep_tru,0.37387366589754056,0.15971645590333755,0.12839379088420746,0.7288066122127725
Washington County,vap_aian,pre_16_dem_cli,0.4732280473626048,0.1933599200126522,0.12042426727275413,0.7999771747226987
Washington County,vap_aian,pre_16_rep_tru,0.5267719526373952,0.1933599200126522,0.20002282527730128,0.8795757327272459
Washington County,vap_oth_b,pre_16_dem_cli,0.779522984816866,0.12165373406999286,0.4450427759248921,0.9260692761048686
Washington County,vap_oth_b,pre_16_rep_tru,0.22047701518313395,0.12165373406999286,0.0739307238951313,0.5549572240751078
Washington County,vap_white,uss_16_dem_mcg,0.3931417934545183,0.00500567074241647,0.3840141548233834,0.40349932083749335
Washington County,vap_white,uss_16_rep_too,0.6068582065454817,0.00500567074241647,0.5965006791625066,0.6159858451766165
Washington County,vap_black,uss_16_dem_mcg,0.8898935644256891,0.04162447696907292,0.7928600203529863,0.9519240944085964
Washington County,vap_black,uss_16_rep_too,0.11010643557431084,0.04162447696907292,0.04807590559140382,0.20713997964701367
Washington County,vap_hisp,uss_16_dem_mcg,0.5904988948541763,0.1345694182443254,0.3176134986397811,0.8250159892873569
Washington County,vap_hisp,uss_16_rep_too,0.4095011051458237,0.1345694182443254,0.17498401071264325,0.6823865013602187
Washington County,vap_asian,uss_16_dem_mcg,0.5106380076233716,0.183056042572567,0.15721093711522216,0.8188236536646057
Washington County,vap_asian,uss_16_rep_too,0.4893619923766284,0.183056042572567,0.18117634633539428,0.8427890628847778
Washington County,vap_aian,uss_16_dem_mcg,0.5211344240488129,0.16353391476613371,0.2101413633405066,0.8379026015155021
Washington County,vap_aian,uss_16_rep_too,0.478865575951187,0.16353391476613371,0.16209739848449797,0.7898586366594934
Washington County,vap_oth_b,uss_16_dem_mcg,0.7480702106080631,0.0951410716921883,0.5310563669372391,0.8930621653188492
Washington County,vap_oth_b,uss_16_rep_too,0.2519297893919368,0.0951410716921883,0.10693783468115056,0.46894363306276066
Washington County,vap_white,atg_16_dem_sha,0.4332940646913976,0.00580595146338108,0.42283397530767186,0.4452304181264613
Washington County,vap_white,atg_16_rep_raf,0.5667059353086024,0.00580595146338108,0.5547695818735388,0.577166024692328
Washington County,vap_black,atg_16_dem_sha,0.8839811057602793,0.04088468193827696,0.7809077372266823,0.9469497512027324
Washington County,vap_black,atg_16_rep_raf,0.1160188942397207,0.04088468193827696,0.05305024879726749,0.21909226277331775
Washington County,vap_hisp,atg_16_dem_sha,0.597115204662155,0.1634010380390917,0.25402795262423045,0.858848213047155
Washington County,vap_hisp,atg_16_rep_raf,0.402884795337845,0.1634010380390917,0.141151786952845,0.7459720473757694
Washington County,vap_asian,atg_16_dem_sha,0.49791421031384514,0.16865215238928916,0.18951435790431095,0.8047902323534077
Washington County,vap_asian,atg_16_rep_raf,0.5020857896861549,0.16865215238928916,0.1952097676465923,0.810485642095689
Washington County,vap_aian,atg_16_dem_sha,0.4987900591192185,0.16768194475714884,0.2098039675102042,0.8341073271292887
Washington County,vap_aian,atg_16_rep_raf,0.5012099408807815,0.16768194475714884,0.16589267287071108,0.7901960324897959
Washington County,vap_oth_b,atg_16_dem_sha,0.7107641239183685,0.10954593747206204,0.4227821914277427,0.8735321048200181
Washington County,vap_oth_b,atg_16_rep_raf,0.28923587608163137,0.10954593747206204,0.12646789517998183,0.5772178085722569
Washington County,vap_white,uss_18_dem_cas,0.4765300522311416,0.00529601135844466,0.467331794957623,0.488568935646856
Washington County,vap_white,uss_18_rep_bar,0.5234699477688584,0.00529601135844466,0.511431064353144,0.532668205042377
Washington County,vap_black,uss_18_dem_cas,0.8928687545525745,0.03740027405810309,0.8076096475020237,0.9512928678235512
Washington County,vap_black,uss_18_rep_bar,0.1071312454474254,0.03740027405810309,0.04870713217644868,0.19239035249797615
Washington County,vap_hisp,uss_18_dem_cas,0.6741585659054807,0.15341552414491258,0.3202808216017267,0.9098466351136982
Washington County,vap_hisp,uss_18_rep_bar,0.32584143409451927,0.15341552414491258,0.09015336488630175,0.6797191783982732
Washington County,vap_asian,uss_18_dem_cas,0.5911077292105641,0.1409389490197834,0.3164987956910152,0.8341640498915709
Washington County,vap_asian,uss_18_rep_bar,0.408892270789436,0.1409389490197834,0.16583595010842916,0.6835012043089849
Washington County,vap_aian,uss_18_dem_cas,0.4904065226860332,0.15687573736543228,0.20001771782058747,0.7839347451632015
Washington County,vap_aian,uss_18_rep_bar,0.5095934773139668,0.15687573736543228,0.2160652548367984,0.7999822821794125
Washington County,vap_oth_b,uss_18_dem_cas,0.7292062086582043,0.10366013260006102,0.46563811750375195,0.8774378036748525
Washington County,vap_oth_b,uss_18_rep_bar,0.27079379134179565,0.10366013260006102,0.1225621963251474,0.5343618824962479
Washington County,vap_white,gov_18_dem_wol,0.4868864539237357,0.00607510796924756,0.4765198746177367,0.5000459768321004
Washington County,vap_white,gov_18_rep_wag,0.5131135460762642,0.00607510796924756,0.4999540231678995,0.5234801253822632
Washington County,vap_black,gov_18_dem_wol,0.9019405269384324,0.03290929049855074,0.8227402636138788,0.9519685937395632
Washington County,vap_black,gov_18_rep_wag,0.09805947306156768,0.03290929049855074,0.04803140626043678,0.17725973638612125
Washington County,vap_hisp,gov_18_dem_wol,0.6207348224449222,0.15512881028925382,0.27226586935228686,0.8624936547757721
Washington County,vap_hisp,gov_18_rep_wag,0.3792651775550778,0.15512881028925382,0.13750634522422794,0.727734130647713
Washington County,vap_asian,gov_18_dem_wol,0.5905241024159245,0.15516727073718137,0.27775019568389786,0.8601472324467869
Washington County,vap_asian,gov_18_rep_wag,0.4094758975840756,0.15516727073718137,0.139852767553213,0.7222498043161021
Washington County,vap_aian,gov_18_dem_wol,0.49186331038685266,0.1728597875514741,0.17365444195980645,0.821368732626247
Washington County,vap_aian,gov_18_rep_wag,0.5081366896131473,0.1728597875514741,0.17863126737375296,0.8263455580401935
Washington County,vap_oth_b,gov_18_dem_wol,0.7166757414778381,0.1220233116298194,0.4329275027835603,0.8918420511078278
Washington County,vap_oth_b,gov_18_rep_wag,0.28332425852216186,0.1220233116298194,0.10815794889217208,0.5670724972164394
Washington County,vap_white,pre_20_dem_bid,0.3503860764016534,0.00540090603394561,0.3409670982515973,0.3622165966418994
Washington County,vap_white,pre_20_rep_tru,0.6496139235983466,0.00540090603394561,0.6377834033581005,0.6590329017484027
Washington County,vap_black,pre_20_dem_bid,0.9030532115664626,0.04052535509216933,0.8016505245866995,0.9575932825271884
Washington County,vap_black,pre_20_rep_tru,0.09694678843353743,0.04052535509216933,0.04240671747281156,0.19834947541330045
Washington County,vap_hisp,pre_20_dem_bid,0.6956983289407574,0.12517694646652985,0.4238497399921373,0.887646432208447
Washington County,vap_hisp,pre_20_rep_tru,0.3043016710592426,0.12517694646652985,0.11235356779155294,0.5761502600078626
Washington County,vap_asian,pre_20_dem_bid,0.6351778956954016,0.1522632515029188,0.26024557717667623,0.855279857991104
Washington County,vap_asian,pre_20_rep_tru,0.3648221043045984,0.1522632515029188,0.14472014200889605,0.7397544228233238
Washington County,vap_aian,pre_20_dem_bid,0.5292876193986054,0.15980774402005346,0.23825542930176785,0.8204427990047324
Washington County,vap_aian,pre_20_rep_tru,0.4707123806013946,0.15980774402005346,0.17955720099526742,0.7617445706982321
Washington County,vap_oth_b,pre_20_dem_bid,0.6958875054745466,0.1130205954243518,0.4489431016675221,0.8817831123059047
Washington County,vap_oth_b,pre_20_rep_tru,0.3041124945254534,0.1130205954243518,0.11821688769409534,0.5510568983324778
Washington County,vap_white,atg_20_dem_sha,0.4204880129517603,0.00476058088299195,0.41215667198807376,0.4303889583577472
Washington County,vap_white,atg_20_rep_hei,0.5795119870482396,0.00476058088299195,0.5696110416422527,0.5878433280119261
Washington County,vap_black,atg_20_dem_sha,0.899894370714563,0.03443657232010534,0.8180141410102965,0.9525905545464316
Washington County,vap_black,atg_20_rep_hei,0.10010562928543693,0.03443657232010534,0.04740944545356843,0.18198585898970351
Washington County,vap_hisp,atg_20_dem_sha,0.6770030957571335,0.13353514317856896,0.3912655134814354,0.8891500698233068
Washington County,vap_hisp,atg_20_rep_hei,0.32299690424286653,0.13353514317856896,0.1108499301766932,0.6087344865185647
Washington County,vap_asian,atg_20_dem_sha,0.6100410053795697,0.1367440092446577,0.3300193103722383,0.8541290235413656
Washington County,vap_asian,atg_20_rep_hei,0.3899589946204304,0.1367440092446577,0.14587097645863437,0.6699806896277616
Washington County,vap_aian,atg_20_dem_sha,0.5028880756570789,0.1675229921861869,0.17510959925336253,0.7993369467021588
Washington County,vap_aian,atg_20_rep_hei,0.49711192434292106,0.1675229921861869,0.2006630532978413,0.8248904007466376
Washington County,vap_oth_b,atg_20_dem_sha,0.7395326710414221,0.09929604110396131,0.5027145344807843,0.8838491000390274
Washington County,vap_oth_b,atg_20_rep_hei,0.2604673289585779,0.09929604110396131,0.11615089996097255,0.4972854655192157
Wayne County,vap_white,pre_16_dem_cli,0.28547341267795834,0.00926223137253045,0.26677721067737437,0.3030434425744378
Wayne County,vap_white,pre_16_rep_tru,0.7145265873220417,0.00926223137253045,0.6969565574255622,0.7332227893226256
Wayne County,vap_black,pre_16_dem_cli,0.31131903941351413,0.119087400321115,0.09917676030844252,0.5565012247200267
Wayne County,vap_black,pre_16_rep_tru,0.6886809605864859,0.119087400321115,0.4434987752799733,0.9008232396915576
Wayne County,vap_hisp,pre_16_dem_cli,0.505826879440028,0.16300618505131956,0.1949934818321156,0.8191813149072862
Wayne County,vap_hisp,pre_16_rep_tru,0.494173120559972,0.16300618505131956,0.18081868509271365,0.8050065181678843
Wayne County,vap_asian,pre_16_dem_cli,0.5181624800355235,0.17398849604919764,0.18409495390508865,0.829699406324534
Wayne County,vap_asian,pre_16_rep_tru,0.48183751996447666,0.17398849604919764,0.17030059367546574,0.8159050460949113
Wayne County,vap_aian,pre_16_dem_cli,0.5122227276440344,0.16558094743558932,0.20448050259922992,0.8293039448087173
Wayne County,vap_aian,pre_16_rep_tru,0.4877772723559656,0.16558094743558932,0.17069605519128264,0.79551949740077
Wayne County,vap_oth_b,pre_16_dem_cli,0.6112351686890469,0.17923231231043055,0.2638281621305065,0.9188762238090208
Wayne County,vap_oth_b,pre_16_rep_tru,0.3887648313109531,0.17923231231043055,0.08112377619097891,0.7361718378694936
Wayne County,vap_white,uss_16_dem_mcg,0.3271453413947909,0.00893982257507394,0.3104439300285831,0.345106658912964
Wayne County,vap_white,uss_16_rep_too,0.6728546586052091,0.00893982257507394,0.654893341087036,0.6895560699714168
Wayne County,vap_black,uss_16_dem_mcg,0.3341965347571591,0.13280394869264425,0.10093063266545216,0.6081670741280563
Wayne County,vap_black,uss_16_rep_too,0.665803465242841,0.13280394869264425,0.39183292587194374,0.8990693673345478
Wayne County,vap_hisp,uss_16_dem_mcg,0.5200049226789122,0.16425002834974117,0.1994422554033523,0.8197272276503259
Wayne County,vap_hisp,uss_16_rep_too,0.4799950773210878,0.16425002834974117,0.1802727723496741,0.8005577445966475
Wayne County,vap_asian,uss_16_dem_mcg,0.5161148222087906,0.1688818617390903,0.19258228305515912,0.8241704777056168
Wayne County,vap_asian,uss_16_rep_too,0.4838851777912095,0.1688818617390903,0.17582952229438328,0.807417716944841
Wayne County,vap_aian,uss_16_dem_mcg,0.49265594034429366,0.17197800489102524,0.16375458838093243,0.8015736749717476
Wayne County,vap_aian,uss_16_rep_too,0.5073440596557063,0.17197800489102524,0.1984263250282523,0.8362454116190674
Wayne County,vap_oth_b,uss_16_dem_mcg,0.5480722064970818,0.15922413475510594,0.2234614934124739,0.8273174321046345
Wayne County,vap_oth_b,uss_16_rep_too,0.4519277935029182,0.15922413475510594,0.17268256789536546,0.776538506587526
Wayne County,vap_white,atg_16_dem_sha,0.33813751204522374,0.00892811789929473,0.32101463821336884,0.35574976461102475
Wayne County,vap_white,atg_16_rep_raf,0.6618624879547763,0.00892811789929473,0.6442502353889752,0.6789853617866312
Wayne County,vap_black,atg_16_dem_sha,0.3926398907224708,0.13770344262774217,0.13219607169869538,0.6614974822465612
Wayne County,vap_black,atg_16_rep_raf,0.6073601092775293,0.13770344262774217,0.3385025177534386,0.8678039283013045
Wayne County,vap_hisp,atg_16_dem_sha,0.5064506110259304,0.1559387976601039,0.2089731993438747,0.7966586391622915
Wayne County,vap_hisp,atg_16_rep_raf,0.4935493889740697,0.1559387976601039,0.20334136083770848,0.7910268006561254
Wayne County,vap_asian,atg_16_dem_sha,0.5031511750875179,0.18100807950452863,0.1865790891368732,0.8864989579021535
Wayne County,vap_asian,atg_16_rep_raf,0.49684882491248206,0.18100807950452863,0.11350104209784648,0.8134209108631267
Wayne County,vap_aian,atg_16_dem_sha,0.5330244168634617,0.17421611727487177,0.21154284013520613,0.854595505601942
Wayne County,vap_aian,atg_16_rep_raf,0.4669755831365383,0.17421611727487177,0.14540449439805792,0.7884571598647938
Wayne County,vap_oth_b,atg_16_dem_sha,0.5409122981136751,0.1700048044668781,0.2236037480775098,0.8596978652385471
Wayne County,vap_oth_b,atg_16_rep_raf,0.45908770188632486,0.1700048044668781,0.1403021347614528,0.7763962519224902
Wayne County,vap_white,uss_18_dem_cas,0.376051685328561,0.00926910335371142,0.3578931459159614,0.39358383747981096
Wayne County,vap_white,uss_18_rep_bar,0.6239483146714391,0.00926910335371141,0.606416162520189,0.6421068540840387
Wayne County,vap_black,uss_18_dem_cas,0.3638191805897884,0.15811266299142052,0.06530772109068862,0.6669699832169749
Wayne County,vap_black,uss_18_rep_bar,0.6361808194102117,0.15811266299142052,0.33303001678302513,0.9346922789093112
Wayne County,vap_hisp,uss_18_dem_cas,0.5098650714652387,0.17233035254064072,0.15759668103166177,0.8239693371189469
Wayne County,vap_hisp,uss_18_rep_bar,0.4901349285347613,0.17233035254064072,0.17603066288105293,0.8424033189683381
Wayne County,vap_asian,uss_18_dem_cas,0.5060738880922749,0.16399765346594897,0.17060628031661654,0.8016818369760564
Wayne County,vap_asian,uss_18_rep_bar,0.49392611190772506,0.16399765346594897,0.19831816302394348,0.8293937196833835
Wayne County,vap_aian,uss_18_dem_cas,0.47129075869593806,0.1772104045794128,0.14101928382798107,0.8147889530124443
Wayne County,vap_aian,uss_18_rep_bar,0.5287092413040619,0.1772104045794128,0.1852110469875555,0.8589807161720188
Wayne County,vap_oth_b,uss_18_dem_cas,0.5180340873147988,0.1800985508039638,0.18007933846874707,0.8672458563754943
Wayne County,vap_oth_b,uss_18_rep_bar,0.4819659126852011,0.1800985508039638,0.13275414362450558,0.8199206615312528
Wayne County,vap_white,gov_18_dem_wol,0.3945127761739408,0.00933568184598918,0.3764852528937947,0.41253425860033693
Wayne County,vap_white,gov_18_rep_wag,0.6054872238260592,0.00933568184598918,0.5874657413996631,0.6235147471062054
Wayne County,vap_black,gov_18_dem_wol,0.44576008736837186,0.15701803183473673,0.1458605536177353,0.7479631148160447
Wayne County,vap_black,gov_18_rep_wag,0.5542399126316282,0.15701803183473673,0.2520368851839553,0.8541394463822647
Wayne County,vap_hisp,gov_18_dem_wol,0.5067499127921916,0.17409272068405526,0.18097127755867237,0.8294807947347832
Wayne County,vap_hisp,gov_18_rep_wag,0.4932500872078085,0.17409272068405526,0.1705192052652168,0.8190287224413275
Wayne County,vap_asian,gov_18_dem_wol,0.4841736325241865,0.17004136463142328,0.17350089198111104,0.8244667649636717
Wayne County,vap_asian,gov_18_rep_wag,0.5158263674758136,0.17004136463142328,0.17553323503632837,0.8264991080188889
Wayne County,vap_aian,gov_18_dem_wol,0.4988620230565579,0.17699557169708147,0.1640845965367932,0.8364353710854553
Wayne County,vap_aian,gov_18_rep_wag,0.5011379769434421,0.17699557169708147,0.16356462891454462,0.8359154034632066
Wayne County,vap_oth_b,gov_18_dem_wol,0.5149817769551337,0.169707943243715,0.18873157465328913,0.8324386191065459
Wayne County,vap_oth_b,gov_18_rep_wag,0.48501822304486625,0.169707943243715,0.1675613808934539,0.8112684253467108
Wayne County,vap_white,pre_20_dem_bid,0.3063088685085979,0.0092942231197995,0.2886198103809716,0.3249150102509356
Wayne County,vap_white,pre_20_rep_tru,0.6936911314914022,0.0092942231197995,0.6750849897490643,0.7113801896190285
Wayne County,vap_black,pre_20_dem_bid,0.3216446582712455,0.13482866715849923,0.0903401709626341,0.6013702330826641
Wayne County,vap_black,pre_20_rep_tru,0.6783553417287546,0.13482866715849923,0.3986297669173359,0.909659829037366
Wayne County,vap_hisp,pre_20_dem_bid,0.5323325029225465,0.17266451379031758,0.2063875562147307,0.8663731981807808
Wayne County,vap_hisp,pre_20_rep_tru,0.4676674970774534,0.17266451379031758,0.13362680181921904,0.7936124437852693
Wayne County,vap_asian,pre_20_dem_bid,0.5063104164691358,0.17215256355061268,0.1914339682411179,0.8356926260921067
Wayne County,vap_asian,pre_20_rep_tru,0.49368958353086423,0.17215256355061268,0.16430737390789343,0.8085660317588821
Wayne County,vap_aian,pre_20_dem_bid,0.5015070322492388,0.17758632954429912,0.18066171007799703,0.8754206547776243
Wayne County,vap_aian,pre_20_rep_tru,0.4984929677507612,0.17758632954429912,0.12457934522237547,0.8193382899220029
Wayne County,vap_oth_b,pre_20_dem_bid,0.5467855382173492,0.1702227466671828,0.2209430634549559,0.8671941655509697
Wayne County,vap_oth_b,pre_20_rep_tru,0.45321446178265073,0.1702227466671828,0.13280583444903027,0.779056936545044
Wayne County,vap_white,atg_20_dem_sha,0.33803776907807503,0.00855491237410152,0.32151701374395264,0.35503303595577523
Wayne County,vap_white,atg_20_rep_hei,0.661962230921925,0.00855491237410152,0.6449669640442248,0.6784829862560474
Wayne County,vap_black,atg_20_dem_sha,0.37317705271067775,0.1365936972762595,0.1228504741823851,0.6452358682623115
Wayne County,vap_black,atg_20_rep_hei,0.6268229472893223,0.1365936972762595,0.3547641317376883,0.8771495258176149
Wayne County,vap_hisp,atg_20_dem_sha,0.48408474679560975,0.1587741950907091,0.17830809596631192,0.7915048495322612
Wayne County,vap_hisp,atg_20_rep_hei,0.5159152532043902,0.1587741950907091,0.2084951504677388,0.821691904033688
Wayne County,vap_asian,atg_20_dem_sha,0.5014171372446276,0.165082405007789,0.1998848596544176,0.8176958020783484
Wayne County,vap_asian,atg_20_rep_hei,0.4985828627553725,0.165082405007789,0.18230419792165156,0.8001151403455825
Wayne County,vap_aian,atg_20_dem_sha,0.5094710629401444,0.17928669965053332,0.1849219604978442,0.8536627229725231
Wayne County,vap_aian,atg_20_rep_hei,0.4905289370598555,0.17928669965053332,0.1463372770274768,0.8150780395021558
Wayne County,vap_oth_b,atg_20_dem_sha,0.5327963162604092,0.15831442815420133,0.22562000420669365,0.8185655025965322
Wayne County,vap_oth_b,atg_20_rep_hei,0.4672036837395907,0.15831442815420133,0.18143449740346773,0.7743799957933063
Westmoreland County,vap_white,pre_16_dem_cli,0.30809373430861253,0.00280874037866448,0.3030009536354291,0.3139056605945814
Westmoreland County,vap_white,pre_16_rep_tru,0.6919062656913874,0.00280874037866448,0.6860943394054186,0.6969990463645708
Westmoreland County,vap_black,pre_16_dem_cli,0.9514166140560156,0.01285101511841187,0.922421199281933,0.971963173641309
Westmoreland County,vap_black,pre_16_rep_tru,0.04858338594398449,0.01285101511841187,0.0280368263586911,0.07757880071806703
Westmoreland County,vap_hisp,pre_16_dem_cli,0.7611346244643452,0.08852626515799424,0.5460457067131489,0.8979222761336787
Westmoreland County,vap_hisp,pre_16_rep_tru,0.23886537553565468,0.08852626515799424,0.10207772386632125,0.45395429328685105
Westmoreland County,vap_asian,pre_16_dem_cli,0.6627967643664816,0.13882587012030922,0.3639466093760007,0.8796987226957541
Westmoreland County,vap_asian,pre_16_rep_tru,0.3372032356335184,0.13882587012030922,0.12030127730424588,0.6360533906239992
Westmoreland County,vap_aian,pre_16_dem_cli,0.5615011486433026,0.1498893819136544,0.22656705482366504,0.8425764650986921
Westmoreland County,vap_aian,pre_16_rep_tru,0.43849885135669736,0.1498893819136544,0.15742353490130775,0.7734329451763348
Westmoreland County,vap_oth_b,pre_16_dem_cli,0.8359773107269474,0.05305885085220914,0.7147525494394803,0.9176350465627184
Westmoreland County,vap_oth_b,pre_16_rep_tru,0.16402268927305272,0.05305885085220914,0.08236495343728156,0.2852474505605198
Westmoreland County,vap_white,uss_16_dem_mcg,0.35211870153593117,0.00275760742088008,0.34697481386069023,0.35763837458605974
Westmoreland County,vap_white,uss_16_rep_too,0.6478812984640687,0.00275760742088008,0.6423616254139403,0.6530251861393097
Westmoreland County,vap_black,uss_16_dem_mcg,0.9502233351471544,0.01341687825043486,0.9201856191228576,0.9711939836450229
Westmoreland County,vap_black,uss_16_rep_too,0.04977666485284569,0.01341687825043486,0.02880601635497708,0.0798143808771423
Westmoreland County,vap_hisp,uss_16_dem_mcg,0.780802296939843,0.08616506683691456,0.5806466894781728,0.9066803427031842
Westmoreland County,vap_hisp,uss_16_rep_too,0.2191977030601569,0.08616506683691456,0.09331965729681566,0.4193533105218272
Westmoreland County,vap_asian,uss_16_dem_mcg,0.4240631138911405,0.14853489323667685,0.16829147756695448,0.7083611185496361
Westmoreland County,vap_asian,uss_16_rep_too,0.5759368861088595,0.14853489323667685,0.2916388814503639,0.8317085224330454
Westmoreland County,vap_aian,uss_16_dem_mcg,0.5216033103707796,0.1760116092047801,0.16551496022110157,0.8236464431863769
Westmoreland County,vap_aian,uss_16_rep_too,0.4783966896292205,0.1760116092047801,0.1763535568136232,0.8344850397788982
Westmoreland County,vap_oth_b,uss_16_dem_mcg,0.854862355224347,0.04771683419082258,0.7361947406192643,0.924096128258608
Westmoreland County,vap_oth_b,uss_16_rep_too,0.14513764477565305,0.04771683419082258,0.07590387174139211,0.2638052593807358
Westmoreland County,vap_white,atg_16_dem_sha,0.39304563062583586,0.00286797750782565,0.3879293264225745,0.3991228196361147
Westmoreland County,vap_white,atg_16_rep_raf,0.606954369374164,0.00286797750782565,0.6008771803638852,0.6120706735774254
Westmoreland County,vap_black,atg_16_dem_sha,0.9477529076969958,0.01521008102893788,0.910993086759711,0.9709563513644932
Westmoreland County,vap_black,atg_16_rep_raf,0.05224709230300425,0.01521008102893788,0.02904364863550695,0.08900691324028903
Westmoreland County,vap_hisp,atg_16_dem_sha,0.7958463435428187,0.07242791019785397,0.6415309457985716,0.9068513907475412
Westmoreland County,vap_hisp,atg_16_rep_raf,0.20415365645718123,0.07242791019785397,0.09314860925245848,0.3584690542014281
Westmoreland County,vap_asian,atg_16_dem_sha,0.48629843616091994,0.13724275777358572,0.19506312423980904,0.7491183999639587
Westmoreland County,vap_asian,atg_16_rep_raf,0.51370156383908006,0.13724275777358572,0.25088160003604104,0.8049368757601907
Westmoreland County,vap_aian,atg_16_dem_sha,0.4931383610644601,0.17329928644300802,0.1997877738263409,0.8120866921152539
Westmoreland County,vap_aian,atg_16_rep_raf,0.5068616389355399,0.17329928644300802,0.18791330788474608,0.8002122261736592
Westmoreland County,vap_oth_b,atg_16_dem_sha,0.858319358890199,0.05657776588775026,0.7081202568085327,0.9340300316709708
Westmoreland County,vap_oth_b,atg_16_rep_raf,0.14168064110980114,0.05657776588775026,0.0659699683290294,0.29187974319146726
Westmoreland County,vap_white,uss_18_dem_cas,0.4326978243655007,0.00282906479678474,0.4271893656214625,0.4382369406604132
Westmoreland County,vap_white,uss_18_rep_bar,0.5673021756344993,0.00282906479678474,0.5617630593395867,0.5728106343785376
Westmoreland County,vap_black,uss_18_dem_cas,0.9405533385069996,0.01583094494423811,0.9049710122793214,0.9655174891983868
Westmoreland County,vap_black,uss_18_rep_bar,0.05944666149300051,0.01583094494423811,0.03448251080161323,0.09502898772067853
Westmoreland County,vap_hisp,uss_18_dem_cas,0.7332971182331894,0.10473679888449118,0.48999155091543106,0.887320026925292
Westmoreland County,vap_hisp,uss_18_rep_bar,0.2667028817668105,0.10473679888449118,0.1126799730747078,0.5100084490845689
Westmoreland County,vap_asian,uss_18_dem_cas,0.5541449264437945,0.13141811038991738,0.3007764727699285,0.8125535025161548
Westmoreland County,vap_asian,uss_18_rep_bar,0.4458550735562054,0.13141811038991738,0.18744649748384515,0.6992235272300712
Westmoreland County,vap_aian,uss_18_dem_cas,0.48582795460803807,0.16619847736911955,0.18980613814127656,0.8050297848545208
Westmoreland County,vap_aian,uss_18_rep_bar,0.5141720453919619,0.16619847736911955,0.19497021514547916,0.8101938618587234
Westmoreland County,vap_oth_b,uss_18_dem_cas,0.8731531217965754,0.04480582523621109,0.7667709362395264,0.9375593782068
Westmoreland County,vap_oth_b,uss_18_rep_bar,0.12684687820342458,0.04480582523621109,0.0624406217932,0.23322906376047353
Westmoreland County,vap_white,gov_18_dem_wol,0.4562065803994751,0.00354920009215827,0.4497163785691332,0.4638892765830735
Westmoreland County,vap_white,gov_18_rep_wag,0.5437934196005247,0.00354920009215827,0.5361107234169263,0.5502836214308667
Westmoreland County,vap_black,gov_18_dem_wol,0.9347176874276836,0.01758401115293758,0.8947312926307366,0.963375849065272
Westmoreland County,vap_black,gov_18_rep_wag,0.06528231257231656,0.01758401115293758,0.03662415093472802,0.1052687073692634
Westmoreland County,vap_hisp,gov_18_dem_wol,0.7542157945752642,0.10695419600870396,0.484086137480553,0.8997768187919672
Westmoreland County,vap_hisp,gov_18_rep_wag,0.24578420542473575,0.10695419600870396,0.10022318120803274,0.5159138625194467
Westmoreland County,vap_asian,gov_18_dem_wol,0.5801984459249513,0.18286544506836724,0.24338711902060955,0.8728166045996845
Westmoreland County,vap_asian,gov_18_rep_wag,0.4198015540750487,0.18286544506836724,0.12718339540031542,0.7566128809793904
Westmoreland County,vap_aian,gov_18_dem_wol,0.49856993978818104,0.15148983701779056,0.19197899083406375,0.7561548853934658
Westmoreland County,vap_aian,gov_18_rep_wag,0.501430060211819,0.15148983701779056,0.24384511460653407,0.8080210091659361
Westmoreland County,vap_oth_b,gov_18_dem_wol,0.8314701139797475,0.05212947647861778,0.7095080787488174,0.914603001371383
Westmoreland County,vap_oth_b,gov_18_rep_wag,0.16852988602025265,0.05212947647861778,0.08539699862861713,0.2904919212511826
Westmoreland County,vap_white,pre_20_dem_bid,0.31953750643287604,0.00240934797912547,0.3149347622616749,0.32439806752391637
Westmoreland County,vap_white,pre_20_rep_tru,0.6804624935671238,0.00240934797912547,0.6756019324760834,0.6850652377383251
Westmoreland County,vap_black,pre_20_dem_bid,0.9342741578392082,0.0173648201075361,0.8931642630298883,0.9623160949337644
Westmoreland County,vap_black,pre_20_rep_tru,0.06572584216079189,0.0173648201075361,0.03768390506623563,0.10683573697011188
Westmoreland County,vap_hisp,pre_20_dem_bid,0.765196382753722,0.08415382271049679,0.5703814170715871,0.8867631013368691
Westmoreland County,vap_hisp,pre_20_rep_tru,0.2348036172462779,0.08415382271049679,0.11323689866313089,0.4296185829284127
Westmoreland County,vap_asian,pre_20_dem_bid,0.7031988645229964,0.09392342586843576,0.5265299944182175,0.8795671049565095
Westmoreland County,vap_asian,pre_20_rep_tru,0.2968011354770036,0.09392342586843576,0.12043289504349046,0.4734700055817825
Westmoreland County,vap_aian,pre_20_dem_bid,0.5506539243050346,0.16146094371277503,0.22289564930818775,0.8464118775473588
Westmoreland County,vap_aian,pre_20_rep_tru,0.4493460756949655,0.16146094371277503,0.1535881224526412,0.777104350691812
Westmoreland County,vap_oth_b,pre_20_dem_bid,0.8964365089235479,0.03609428935610155,0.8070803892387666,0.9466051183887596
Westmoreland County,vap_oth_b,pre_20_rep_tru,0.1035634910764522,0.03609428935610155,0.05339488161124042,0.19291961076123337
Westmoreland County,vap_white,atg_20_dem_sha,0.3964155360980364,0.00318114283935168,0.3905789196797183,0.4033614161461789
Westmoreland County,vap_white,atg_20_rep_hei,0.6035844639019635,0.00318114283935168,0.5966385838538211,0.6094210803202815
Westmoreland County,vap_black,atg_20_dem_sha,0.9368118111214312,0.01551329546246065,0.902233429902227,0.962566988149794
Westmoreland County,vap_black,atg_20_rep_hei,0.06318818887856875,0.01551329546246065,0.03743301185020588,0.09776657009777304
Westmoreland County,vap_hisp,atg_20_dem_sha,0.7586352804663805,0.09525446189152754,0.5258156518999261,0.8991820113124201
Westmoreland County,vap_hisp,atg_20_rep_hei,0.2413647195336194,0.09525446189152754,0.10081798868757966,0.4741843481000732
Westmoreland County,vap_asian,atg_20_dem_sha,0.5525703880530924,0.15334100220877905,0.2702437378329971,0.8284588120252684
Westmoreland County,vap_asian,atg_20_rep_hei,0.4474296119469075,0.15334100220877905,0.17154118797473153,0.7297562621670028
Westmoreland County,vap_aian,atg_20_dem_sha,0.5475827133605603,0.15752743673363723,0.243026790169024,0.8194408445179905
Westmoreland County,vap_aian,atg_20_rep_hei,0.4524172866394397,0.15752743673363723,0.18055915548200957,0.7569732098309759
Westmoreland County,vap_oth_b,atg_20_dem_sha,0.8373580113269913,0.06482496771611526,0.6602633613361379,0.9251630383013952
Westmoreland County,vap_oth_b,atg_20_rep_hei,0.16264198867300875,0.06482496771611525,0.07483696169860485,0.33973663866386206
Wyoming County,vap_white,pre_16_dem_cli,0.2780358425638125,0.00849988091172307,0.2613606393766783,0.2944001585882045
Wyoming County,vap_white,pre_16_rep_tru,0.7219641574361876,0.00849988091172307,0.7055998414117954,0.7386393606233217
Wyoming County,vap_black,pre_16_dem_cli,0.5566305183812132,0.20485660005540177,0.15970859307451554,0.9068387148599338
Wyoming County,vap_black,pre_16_rep_tru,0.4433694816187867,0.20485660005540177,0.09316128514006604,0.8402914069254843
Wyoming County,vap_hisp,pre_16_dem_cli,0.5245437268955546,0.17295391803181126,0.18632342346231423,0.8506193845195555
Wyoming County,vap_hisp,pre_16_rep_tru,0.47545627310444544,0.17295391803181126,0.14938061548044443,0.8136765765376855
Wyoming County,vap_asian,pre_16_dem_cli,0.5136447470934946,0.18552292212481383,0.16009496310645394,0.8452213360665428
Wyoming County,vap_asian,pre_16_rep_tru,0.4863552529065054,0.18552292212481383,0.15477866393345716,0.8399050368935461
Wyoming County,vap_aian,pre_16_dem_cli,0.5102667355553344,0.1877821545439597,0.15260652611626763,0.8474383967562216
Wyoming County,vap_aian,pre_16_rep_tru,0.4897332644446657,0.1877821545439597,0.15256160324377843,0.8473934738837324
Wyoming County,vap_oth_b,pre_16_dem_cli,0.5189631667020688,0.16433398585263664,0.21548150204379415,0.8387848728851919
Wyoming County,vap_oth_b,pre_16_rep_tru,0.4810368332979311,0.16433398585263664,0.1612151271148079,0.7845184979562057
Wyoming County,vap_white,uss_16_dem_mcg,0.32633459518575175,0.00923207261046124,0.3078005322823606,0.3444977160183986
Wyoming County,vap_white,uss_16_rep_too,0.6736654048142483,0.00923207261046124,0.6555022839816014,0.6921994677176395
Wyoming County,vap_black,uss_16_dem_mcg,0.5445596754080858,0.2056432356755208,0.1358936546818379,0.8853371299987676
Wyoming County,vap_black,uss_16_rep_too,0.4554403245919141,0.2056432356755208,0.11466287000123226,0.8641063453181619
Wyoming County,vap_hisp,uss_16_dem_mcg,0.5410632431434118,0.18556509150444347,0.19331467321424473,0.902495292319111
Wyoming County,vap_hisp,uss_16_rep_too,0.4589367568565883,0.18556509150444347,0.0975047076808891,0.8066853267857553
Wyoming County,vap_asian,uss_16_dem_mcg,0.513761547172826,0.17958984676259884,0.16905504287284617,0.8480303793918031
Wyoming County,vap_asian,uss_16_rep_too,0.4862384528271741,0.17958984676259884,0.15196962060819685,0.8309449571271539
Wyoming County,vap_aian,uss_16_dem_mcg,0.5034595261993638,0.18153240889952096,0.15575594134699836,0.8439250691822393
Wyoming County,vap_aian,uss_16_rep_too,0.4965404738006362,0.18153240889952096,0.1560749308177607,0.8442440586530017
Wyoming County,vap_oth_b,uss_16_dem_mcg,0.5129877978175706,0.16672589190782677,0.19961410672043625,0.837293661041703
Wyoming County,vap_oth_b,uss_16_rep_too,0.4870122021824293,0.16672589190782677,0.1627063389582967,0.8003858932795637
Wyoming County,vap_white,atg_16_dem_sha,0.3281684023381172,0.00941618044068581,0.30975618079865674,0.3463765145741048
Wyoming County,vap_white,atg_16_rep_raf,0.6718315976618828,0.00941618044068581,0.6536234854258953,0.6902438192013433
Wyoming County,vap_black,atg_16_dem_sha,0.5889223427964174,0.20122719052120625,0.17763024402225222,0.9119700715417712
Wyoming County,vap_black,atg_16_rep_raf,0.41107765720358247,0.20122719052120625,0.0880299284582286,0.8223697559777475
Wyoming County,vap_hisp,atg_16_dem_sha,0.5302455007247732,0.17503489758235047,0.18921484177239,0.841774311550313
Wyoming County,vap_hisp,atg_16_rep_raf,0.4697544992752269,0.17503489758235047,0.15822568844968707,0.81078515822761
Wyoming County,vap_asian,atg_16_dem_sha,0.5039328394959826,0.18107678490274529,0.16524847279793098,0.8441415094072549
Wyoming County,vap_asian,atg_16_rep_raf,0.49606716050401745,0.18107678490274529,0.15585849059274515,0.8347515272020691
Wyoming County,vap_aian,atg_16_dem_sha,0.5144788439777348,0.18281993056170137,0.17320169209362324,0.8619139962344444
Wyoming County,vap_aian,atg_16_rep_raf,0.48552115602226525,0.18281993056170137,0.13808600376555555,0.8267983079063768
Wyoming County,vap_oth_b,atg_16_dem_sha,0.5180867881779563,0.1761040953617791,0.18025438099950225,0.8429493998796478
Wyoming County,vap_oth_b,atg_16_rep_raf,0.48191321182204366,0.1761040953617791,0.15705060012035207,0.8197456190004976
Wyoming County,vap_white,uss_18_dem_cas,0.3554343465054873,0.00964047035383543,0.3364227377200235,0.37431601983045715
Wyoming County,vap_white,uss_18_rep_bar,0.6445656534945128,0.00964047035383543,0.6256839801695429,0.6635772622799764
Wyoming County,vap_black,uss_18_dem_cas,0.5860560048599621,0.19056782533306377,0.182463188287877,0.895651170467492
Wyoming County,vap_black,uss_18_rep_bar,0.41394399514003777,0.19056782533306377,0.10434882953250782,0.8175368117121228
Wyoming County,vap_hisp,uss_18_dem_cas,0.4863840278231095,0.19070462897200535,0.13792940539123297,0.8537426289926919
Wyoming County,vap_hisp,uss_18_rep_bar,0.5136159721768905,0.19070462897200535,0.14625737100730793,0.862070594608767
Wyoming County,vap_asian,uss_18_dem_cas,0.510691384878947,0.17975944710500943,0.1735870181553581,0.8524784753750206
Wyoming County,vap_asian,uss_18_rep_bar,0.48930861512105295,0.17975944710500943,0.14752152462497922,0.8264129818446418
Wyoming County,vap_aian,uss_18_dem_cas,0.47580369584817866,0.18587770373658333,0.13429103796610437,0.8280551155255561
Wyoming County,vap_aian,uss_18_rep_bar,0.5241963041518214,0.18587770373658333,0.1719448844744439,0.8657089620338958
Wyoming County,vap_oth_b,uss_18_dem_cas,0.5199998102523328,0.17017586948865712,0.17801211035749345,0.8117903126078002
Wyoming County,vap_oth_b,uss_18_rep_bar,0.4800001897476672,0.17017586948865712,0.1882096873921996,0.8219878896425065
Wyoming County,vap_white,gov_18_dem_wol,0.3732720251975491,0.00940310193376072,0.35520461766681133,0.3920862519578744
Wyoming County,vap_white,gov_18_rep_wag,0.6267279748024508,0.00940310193376071,0.6079137480421256,0.6447953823331887
Wyoming County,vap_black,gov_18_dem_wol,0.574017477765478,0.19896987138889685,0.17211596330373485,0.898534140337017
Wyoming County,vap_black,gov_18_rep_wag,0.42598252223452193,0.19896987138889685,0.10146585966298292,0.8278840366962651
Wyoming County,vap_hisp,gov_18_dem_wol,0.5252527765889551,0.17108915531853175,0.19343339077282995,0.8428762981961697
Wyoming County,vap_hisp,gov_18_rep_wag,0.4747472234110449,0.17108915531853175,0.1571237018038301,0.80656660922717
Wyoming County,vap_asian,gov_18_dem_wol,0.5293028245964612,0.1822006830206724,0.16508884233642435,0.856047469492332
Wyoming County,vap_asian,gov_18_rep_wag,0.4706971754035389,0.1822006830206724,0.14395253050766807,0.8349111576635756
Wyoming County,vap_aian,gov_18_dem_wol,0.5078228272551591,0.193127994448355,0.146077547563831,0.8679461000605455
Wyoming County,vap_aian,gov_18_rep_wag,0.4921771727448409,0.193127994448355,0.13205389993945443,0.8539224524361688
Wyoming County,vap_oth_b,gov_18_dem_wol,0.4878978158191524,0.169608821970984,0.1653774052118489,0.8028890247831401
Wyoming County,vap_oth_b,gov_18_rep_wag,0.5121021841808475,0.169608821970984,0.19711097521685983,0.8346225947881508
Wyoming County,vap_white,pre_20_dem_bid,0.2967096350770573,0.00981430508791141,0.27795561383395956,0.31579209055560997
Wyoming County,vap_white,pre_20_rep_tru,0.7032903649229427,0.00981430508791141,0.6842079094443901,0.7220443861660405
Wyoming County,vap_black,pre_20_dem_bid,0.5924513145130599,0.2022844701904032,0.1720959434312102,0.9094573860295736
Wyoming County,vap_black,pre_20_rep_tru,0.40754868548694,0.2022844701904032,0.09054261397042626,0.8279040565687897
Wyoming County,vap_hisp,pre_20_dem_bid,0.5293441345313709,0.17549014489623574,0.1997121053534966,0.8688893604373207
Wyoming County,vap_hisp,pre_20_rep_tru,0.47065586546862914,0.17549014489623574,0.13111063956267932,0.8002878946465033
Wyoming County,vap_asian,pre_20_dem_bid,0.5027135880357401,0.1821880668257158,0.1681297946724366,0.8534478181384465
Wyoming County,vap_asian,pre_20_rep_tru,0.49728641196425993,0.1821880668257158,0.1465521818615535,0.8318702053275634
Wyoming County,vap_aian,pre_20_dem_bid,0.5135234563757866,0.18815107179852947,0.16144334486276604,0.8671535853700629
Wyoming County,vap_aian,pre_20_rep_tru,0.4864765436242135,0.18815107179852947,0.1328464146299371,0.838556655137234
Wyoming County,vap_oth_b,pre_20_dem_bid,0.5474256328203757,0.20544137229859,0.17593532013376406,0.9233637550139512
Wyoming County,vap_oth_b,pre_20_rep_tru,0.4525743671796242,0.20544137229859,0.07663624498604849,0.8240646798662358
Wyoming County,vap_white,atg_20_dem_sha,0.33549987183262314,0.00900104974581591,0.3176223179417046,0.3530007415356892
Wyoming County,vap_white,atg_20_rep_hei,0.6645001281673769,0.00900104974581591,0.6469992584643108,0.6823776820582952
Wyoming County,vap_black,atg_20_dem_sha,0.5478389127240102,0.2018446936267611,0.1534094036458252,0.9008468641389836
Wyoming County,vap_black,atg_20_rep_hei,0.4521610872759896,0.2018446936267611,0.09915313586101622,0.8465905963541746
Wyoming County,vap_hisp,atg_20_dem_sha,0.5152210900890828,0.18020513622379225,0.18031976737130295,0.8678870094415507
Wyoming County,vap_hisp,atg_20_rep_hei,0.48477890991091727,0.18020513622379225,0.13211299055844936,0.8196802326286969
Wyoming County,vap_asian,atg_20_dem_sha,0.5096013043662493,0.17771953312793595,0.17820878977482812,0.843425728336269
Wyoming County,vap_asian,atg_20_rep_hei,0.4903986956337507,0.17771953312793595,0.15657427166373103,0.8217912102251719
Wyoming County,vap_aian,atg_20_dem_sha,0.4894352761051629,0.180951558937383,0.14332782056659726,0.8222007617117968
Wyoming County,vap_aian,atg_20_rep_hei,0.5105647238948371,0.180951558937383,0.17779923828820315,0.8566721794334027
Wyoming County,vap_oth_b,atg_20_dem_sha,0.491090523425578,0.16456940039994492,0.17986110983375764,0.8061899900068366
Wyoming County,vap_oth_b,atg_20_rep_hei,0.508909476574422,0.16456940039994492,0.19381000999316308,0.8201388901662423
York County,vap_white,pre_16_dem_cli,0.25407918371087884,0.00410111843414972,0.2467839259585332,0.2633625192035962
York County,vap_white,pre_16_rep_tru,0.7459208162891211,0.00410111843414973,0.7366374807964037,0.7532160740414667
York County,vap_black,pre_16_dem_cli,0.9422036625671344,0.01859347112955951,0.9003474261090579,0.9716274078783876
York County,vap_black,pre_16_rep_tru,0.05779633743286576,0.01859347112955951,0.02837259212161249,0.09965257389094206
York County,vap_hisp,pre_16_dem_cli,0.9556448900330012,0.01171498442626747,0.9292271432193138,0.974943609575004
York County,vap_hisp,pre_16_rep_tru,0.04435510996699874,0.01171498442626747,0.02505639042499605,0.07077285678068616
York County,vap_asian,pre_16_dem_cli,0.6960293158537175,0.12281149632377043,0.41798578027131905,0.8887561616429549
York County,vap_asian,pre_16_rep_tru,0.3039706841462824,0.12281149632377043,0.11124383835704509,0.5820142197286807
York County,vap_aian,pre_16_dem_cli,0.5145996691090762,0.13516791864668778,0.23543578583014851,0.7569602254203059
York County,vap_aian,pre_16_rep_tru,0.4854003308909239,0.13516791864668778,0.243039774579694,0.7645642141698513
York County,vap_oth_b,pre_16_dem_cli,0.8046458737638204,0.08206419105880193,0.609750323280297,0.926741880882114
York County,vap_oth_b,pre_16_rep_tru,0.19535412623617956,0.08206419105880193,0.07325811911788598,0.3902496767197029
York County,vap_white,uss_16_dem_mcg,0.2672473456781089,0.00405489585005864,0.2601376377261907,0.2757243961045129
York County,vap_white,uss_16_rep_too,0.732752654321891,0.00405489585005864,0.724275603895487,0.7398623622738092
York County,vap_black,uss_16_dem_mcg,0.9421554214162368,0.01871121070465876,0.8982194850170021,0.9706112401886944
York County,vap_black,uss_16_rep_too,0.0578445785837633,0.01871121070465876,0.02938875981130578,0.1017805149829979
York County,vap_hisp,uss_16_dem_mcg,0.9484141178943154,0.01372878216922734,0.919062656223865,0.971652805334986
York County,vap_hisp,uss_16_rep_too,0.0515858821056847,0.01372878216922735,0.02834719466501403,0.08093734377613511
York County,vap_asian,uss_16_dem_mcg,0.6736892868198744,0.12587061033866032,0.4140412077749265,0.8852165907838643
York County,vap_asian,uss_16_rep_too,0.3263107131801256,0.12587061033866032,0.11478340921613578,0.5859587922250733
York County,vap_aian,uss_16_dem_mcg,0.5224850629768245,0.1627249580797804,0.20358519355979968,0.8006944327915794
York County,vap_aian,uss_16_rep_too,0.4775149370231755,0.1627249580797804,0.19930556720842052,0.7964148064402004
York County,vap_oth_b,uss_16_dem_mcg,0.8131962427686859,0.07134977288476617,0.6422133238103862,0.9177420354426576
York County,vap_oth_b,uss_16_rep_too,0.18680375723131415,0.07134977288476617,0.08225796455734237,0.3577866761896137
York County,vap_white,atg_16_dem_sha,0.274191342146156,0.00417142031004805,0.2671566041556922,0.2829245058178398
York County,vap_white,atg_16_rep_raf,0.725808657853844,0.00417142031004805,0.7170754941821602,0.7328433958443077
York County,vap_black,atg_16_dem_sha,0.9380482703232546,0.01898488544329188,0.8935898612671406,0.9672854083739308
York County,vap_black,atg_16_rep_raf,0.06195172967674547,0.01898488544329188,0.03271459162606924,0.10641013873285957
York County,vap_hisp,atg_16_dem_sha,0.9473411761348132,0.01570692099213692,0.91199191828994,0.9719424938996089
York County,vap_hisp,atg_16_rep_raf,0.05265882386518672,0.01570692099213692,0.02805750610039119,0.08800808171006015
York County,vap_asian,atg_16_dem_sha,0.74154700098105375,0.1294855611293507,0.44924600434544704,0.9272495927059028
York County,vap_asian,atg_16_rep_raf,0.2584529990189462,0.1294855611293507,0.07275040729409718,0.5507539956545527
York County,vap_aian,atg_16_dem_sha,0.5167167060727147,0.16622637400131943,0.21548242342778395,0.8211574604095837
York County,vap_aian,atg_16_rep_raf,0.4832832939272853,0.16622637400131943,0.17884253959041618,0.7845175765722161
York County,vap_oth_b,atg_16_dem_sha,0.8608141116050182,0.0602626768157149,0.7043336329631706,0.9412798046015404
York County,vap_oth_b,atg_16_rep_raf,0.13918588839498175,0.0602626768157149,0.05872019539845968,0.29566636703682936
York County,vap_white,uss_18_dem_cas,0.3453634868277656,0.00467271630981273,0.33717161053974254,0.35514822660705336
York County,vap_white,uss_18_rep_bar,0.6546365131722344,0.00467271630981273,0.6448517733929466,0.66282838946025735
York County,vap_black,uss_18_dem_cas,0.9441691280603518,0.01585099533266169,0.906895187913138,0.969380872681272
York County,vap_black,uss_18_rep_bar,0.05583087193964824,0.01585099533266169,0.03061912731872801,0.09310481208686208
York County,vap_hisp,uss_18_dem_cas,0.9476725813884016,0.0152184230206763,0.9102697262052684,0.9702282908388172
York County,vap_hisp,uss_18_rep_bar,0.05232741861159849,0.0152184230206763,0.02977170916118269,0.0897302737947316
York County,vap_asian,uss_18_dem_cas,0.7225662090906235,0.14109578159651406,0.3733994940427197,0.9093175908328044
York County,vap_asian,uss_18_rep_bar,0.2774337909093765,0.14109578159651406,0.09068240916719564,0.6266005059572801
York County,vap_aian,uss_18_dem_cas,0.5416089153922197,0.15303130130127648,0.25409480779729726,0.8373236568838743
York County,vap_aian,uss_18_rep_bar,0.45839108460778033,0.15303130130127648,0.16267634311612564,0.7459051922027027
York County,vap_oth_b,uss_18_dem_cas,0.8278376883185877,0.07495310822217734,0.6530308871033945,0.9322205491291308
York County,vap_oth_b,uss_18_rep_bar,0.1721623116814122,0.07495310822217734,0.06777945087086923,0.34696911289660537
York County,vap_white,gov_18_dem_wol,0.3845874924705227,0.00440541860743988,0.3765280787371895,0.39387864183350985
York County,vap_white,gov_18_rep_wag,0.6154125075294772,0.00440541860743988,0.60612135816649,0.6234719212628104
York County,vap_black,gov_18_dem_wol,0.9400427722637952,0.01861465367460599,0.894658113736938,0.967740813251311
York County,vap_black,gov_18_rep_wag,0.05995722773620485,0.01861465367460599,0.0322591867486889,0.10534188626306192
York County,vap_hisp,gov_18_dem_wol,0.9518617928549072,0.0135305335352865,0.9196758009127548,0.9731727813842564
York County,vap_hisp,gov_18_rep_wag,0.04813820714509288,0.0135305335352865,0.02682721861574362,0.08032419908724511
York County,vap_asian,gov_18_dem_wol,0.7071795101146242,0.10796685484862398,0.4588523375839762,0.8731989003288515
York County,vap_asian,gov_18_rep_wag,0.29282048988537585,0.10796685484862398,0.12680109967114847,0.5411476624160237
York County,vap_aian,gov_18_dem_wol,0.5428428494338882,0.1623286937467683,0.22545765522835176,0.8302617598471631
York County,vap_aian,gov_18_rep_wag,0.45715715056611184,0.1623286937467683,0.16973824015283687,0.7745423447716483
York County,vap_oth_b,gov_18_dem_wol,0.7539701358158893,0.09456460419201553,0.5315138118523013,0.8982125715558604
York County,vap_oth_b,gov_18_rep_wag,0.24602986418411063,0.09456460419201553,0.10178742844413954,0.4684861881476987
York County,vap_white,pre_20_dem_bid,0.29163583944201543,0.0052033990870664,0.282226448311432,0.30286027217825195
York County,vap_white,pre_20_rep_tru,0.7083641605579845,0.0052033990870664,0.6971397278217479,0.717773551688568
York County,vap_black,pre_20_dem_bid,0.9178294572392464,0.02374713326310955,0.8615705777381241,0.9546022724231582
York County,vap_black,pre_20_rep_tru,0.08217054276075358,0.02374713326310955,0.04539772757684191,0.138429422261876
York County,vap_hisp,pre_20_dem_bid,0.935428866245151,0.01859102668890411,0.8913271946474177,0.9644918982754408
York County,vap_hisp,pre_20_rep_tru,0.06457113375484906,0.01859102668890411,0.03550810172455911,0.1086728053525824
York County,vap_asian,pre_20_dem_bid,0.7519241829717369,0.10580850750267488,0.48905512656913536,0.9172483075680122
York County,vap_asian,pre_20_rep_tru,0.24807581702826303,0.10580850750267488,0.08275169243198766,0.5109448734308643
York County,vap_aian,pre_20_dem_bid,0.5172513598759673,0.1641049112071204,0.24970900019952108,0.8347478081632069
York County,vap_aian,pre_20_rep_tru,0.4827486401240327,0.1641049112071204,0.16525219183679296,0.7502909998004789
York County,vap_oth_b,pre_20_dem_bid,0.6708267793744709,0.11804049374693008,0.4012812566781309,0.8678498146117586
York County,vap_oth_b,pre_20_rep_tru,0.32917322062552906,0.11804049374693008,0.1321501853882413,0.598718743321869
York County,vap_white,atg_20_dem_sha,0.29299715603806614,0.00479896155940314,0.28458016756104493,0.30293038979882314
York County,vap_white,atg_20_rep_hei,0.7070028439619338,0.00479896155940314,0.6970696102011767,0.7154198324389549
York County,vap_black,atg_20_dem_sha,0.9270045199868244,0.02097415373772834,0.877989172577165,0.9615314554458044
York County,vap_black,atg_20_rep_hei,0.07299548001317555,0.02097415373772834,0.0384685445541956,0.1220108274228352
York County,vap_hisp,atg_20_dem_sha,0.9476510884375636,0.01356829095397842,0.9180086843849476,0.970692284494595
York County,vap_hisp,atg_20_rep_hei,0.05234891156243629,0.01356829095397842,0.02930771550540506,0.08199131561505245
York County,vap_asian,atg_20_dem_sha,0.7188761230791954,0.11025716869472936,0.4573543597933337,0.893034266032616
York County,vap_asian,atg_20_rep_hei,0.28112387692080465,0.11025716869472936,0.10696573396738406,0.5426456402066663
York County,vap_aian,atg_20_dem_sha,0.5149544954564451,0.14834405581332658,0.22314163621295152,0.7778004897604149
York County,vap_aian,atg_20_rep_hei,0.48504550454355494,0.14834405581332658,0.22219951023958504,0.7768583637870484
York County,vap_oth_b,atg_20_dem_sha,0.7514819544786885,0.09649338620399538,0.5415008193736144,0.9018333888507296
York County,vap_oth_b,atg_20_rep_hei,0.24851804552131151,0.09649338620399538,0.09816661114927017,0.45849918062638545
001,vap_white,pre_24_dem_har,0.30676209400659527,0.01093382923755298,0.28719828567527417,0.3297433028683375
001,vap_white,pre_24_rep_tru,0.6932379059934047,0.01093382923755298,0.6702566971316625,0.7128017143247258
001,vap_black,pre_24_dem_har,0.5829533238853131,0.15595857200563726,0.25545047148137207,0.8383906199546706
001,vap_black,pre_24_rep_tru,0.417046676114687,0.15595857200563726,0.16160938004532938,0.7445495285186278
001,vap_hisp,pre_24_dem_har,0.5771042524701138,0.12544863879493007,0.32034615757288876,0.8021874738351025
001,vap_hisp,pre_24_rep_tru,0.4228957475298862,0.12544863879493007,0.19781252616489745,0.6796538424271111
001,vap_asian,pre_24_dem_har,0.552806360662119,0.15020329334522167,0.2513078724208277,0.826456980283202
001,vap_asian,pre_24_rep_tru,0.447193639337881,0.15020329334522167,0.17354301971679792,0.7486921275791721
001,vap_aian,pre_24_dem_har,0.5405225863096699,0.1817633849877716,0.20904122382855084,0.8921100632030835
001,vap_aian,pre_24_rep_tru,0.45947741369033007,0.1817633849877716,0.10788993679691644,0.790958776171449
001,vap_oth_b,pre_24_dem_har,0.5476755720780255,0.16571400555208057,0.2307095994393671,0.84131023586183
001,vap_oth_b,pre_24_rep_tru,0.4523244279219744,0.16571400555208057,0.1586897641381699,0.7692904005606327
003,vap_white,pre_24_dem_har,0.5311241243939483,0.00176456327058088,0.5278882569283948,0.5348773868552413
003,vap_white,pre_24_rep_tru,0.4688758756060517,0.00176456327058088,0.4651226131447587,0.4721117430716052
003,vap_black,pre_24_dem_har,0.9743246515951546,0.00274836662330468,0.9683237090169674,0.9791820293010712
003,vap_black,pre_24_rep_tru,0.02567534840484541,0.00274836662330468,0.02081797069892869,0.03167629098303273
003,vap_hisp,pre_24_dem_har,0.9058479071706628,0.02422814838666464,0.8581862307044827,0.9457501459498052
003,vap_hisp,pre_24_rep_tru,0.09415209282933731,0.02422814838666464,0.0542498540501949,0.14181376929551728
003,vap_asian,pre_24_dem_har,0.9261570488338536,0.012660939157791,0.8997130261125225,0.9487795150183576
003,vap_asian,pre_24_rep_tru,0.07384295116614632,0.012660939157791,0.05122048498164247,0.10028697388747736
003,vap_aian,pre_24_dem_har,0.5185317591118013,0.11140909788988808,0.26142915962356056,0.6971690062598368
003,vap_aian,pre_24_rep_tru,0.48146824088819873,0.1114090978898881,0.3028309937401633,0.7385708403764395
003,vap_oth_b,pre_24_dem_har,0.8996965823866359,0.02935551198159437,0.8257447215737652,0.9448060184783048
003,vap_oth_b,pre_24_rep_tru,0.10030341761336414,0.02935551198159437,0.05519398152169518,0.17425527842623462
005,vap_white,pre_24_dem_har,0.21307652162414145,0.00522818545282303,0.2035363996098368,0.22408760817062895
005,vap_white,pre_24_rep_tru,0.7869234783758586,0.00522818545282303,0.7759123918293711,0.7964636003901633
005,vap_black,pre_24_dem_har,0.5235356072392434,0.1760978871727475,0.18654888859574603,0.8340470471802952
005,vap_black,pre_24_rep_tru,0.4764643927607566,0.17609788717274752,0.1659529528197049,0.813451111404254
005,vap_hisp,pre_24_dem_har,0.5192693984419755,0.1555092747990058,0.21365290422456945,0.8038561892799638
005,vap_hisp,pre_24_rep_tru,0.48073060155802455,0.1555092747990058,0.19614381072003617,0.7863470957754305
005,vap_asian,pre_24_dem_har,0.5087762374070364,0.1597599192092556,0.2052902418577052,0.8167275126514193
005,vap_asian,pre_24_rep_tru,0.4912237625929635,0.1597599192092556,0.18327248734858048,0.7947097581422946
005,vap_aian,pre_24_dem_har,0.5079872546894352,0.1772502372824317,0.18418360265986353,0.8475512837088912
005,vap_aian,pre_24_rep_tru,0.4920127453105648,0.1772502372824317,0.1524487162911088,0.8158163973401364
005,vap_oth_b,pre_24_dem_har,0.5720841716986307,0.1643271494398914,0.2174316192449501,0.8416570968002101
005,vap_oth_b,pre_24_rep_tru,0.4279158283013693,0.1643271494398914,0.15834290319979005,0.7825683807550498
007,vap_white,pre_24_dem_har,0.35195789374101394,0.00530485702258944,0.34230963983215096,0.3630844849767661
007,vap_white,pre_24_rep_tru,0.648042106258986,0.00530485702258944,0.636915515023234,0.6576903601678491
007,vap_black,pre_24_dem_har,0.9449837431044684,0.01665434480987869,0.9074453896132544,0.9716698295012136
007,vap_black,pre_24_rep_tru,0.05501625689553163,0.01665434480987869,0.02833017049878626,0.09255461038674562
007,vap_hisp,pre_24_dem_har,0.6965481028775508,0.12733080021129434,0.4105921242352346,0.8771465453824614
007,vap_hisp,pre_24_rep_tru,0.3034518971224492,0.12733080021129434,0.1228534546175384,0.5894078757647655
007,vap_asian,pre_24_dem_har,0.5637667822248535,0.1483458495003598,0.2902465290235359,0.8272757077386915
007,vap_asian,pre_24_rep_tru,0.43623321777514645,0.1483458495003598,0.17272429226130853,0.7097534709764639
007,vap_aian,pre_24_dem_har,0.4859858079264656,0.15964334238375746,0.17084411571751332,0.7760910912151113
007,vap_aian,pre_24_rep_tru,0.5140141920735345,0.15964334238375746,0.22390890878488867,0.8291558842824865
007,vap_oth_b,pre_24_dem_har,0.7666535364606616,0.08799303069258876,0.5678322136567725,0.8963354940474828
007,vap_oth_b,pre_24_rep_tru,0.23334646353933847,0.08799303069258876,0.10366450595251717,0.43216778634322744
009,vap_white,pre_24_dem_har,0.13735419028275947,0.00590062798925185,0.12627358762550348,0.14920490097223277
009,vap_white,pre_24_rep_tru,0.8626458097172406,0.00590062798925185,0.8507950990277673,0.8737264123744964
009,vap_black,pre_24_dem_har,0.5124383049555068,0.18277638387729375,0.1364828386167446,0.8424843281758273
009,vap_black,pre_24_rep_tru,0.4875616950444931,0.18277638387729375,0.15751567182417248,0.8635171613832552
009,vap_hisp,pre_24_dem_har,0.5461468006554948,0.16671903352223974,0.2113996159441524,0.8471269708545608
009,vap_hisp,pre_24_rep_tru,0.45385319934450513,0.16671903352223974,0.15287302914543907,0.7886003840558475
009,vap_asian,pre_24_dem_har,0.5115630473219855,0.1679114770184379,0.19817824609672943,0.8297212311231196
009,vap_asian,pre_24_rep_tru,0.4884369526780145,0.1679114770184379,0.17027876887688032,0.8018217539032706
009,vap_aian,pre_24_dem_har,0.5332497303434852,0.17492243764011486,0.16476597354582445,0.8308270685182557
009,vap_aian,pre_24_rep_tru,0.4667502696565149,0.17492243764011486,0.16917293148174434,0.8352340264541754
009,vap_oth_b,pre_24_dem_har,0.5715980616910553,0.17343549504723263,0.21348000501308384,0.8692559243762984
009,vap_oth_b,pre_24_rep_tru,0.4284019383089447,0.17343549504723263,0.1307440756237013,0.7865199949869159
011,vap_white,pre_24_dem_har,0.35498072716239887,0.0063135890855229,0.34382120449053677,0.3685382993545929
011,vap_white,pre_24_rep_tru,0.6450192728376011,0.0063135890855229,0.6314617006454071,0.6561787955094632
011,vap_black,pre_24_dem_har,0.7691406101950138,0.07799255574343351,0.6055027044698863,0.8985535516294169
011,vap_black,pre_24_rep_tru,0.23085938980498616,0.07799255574343351,0.10144644837058311,0.3944972955301137
011,vap_hisp,pre_24_dem_har,0.7492715849056288,0.01579531869963451,0.7168657395167208,0.7800179960387039
011,vap_hisp,pre_24_rep_tru,0.2507284150943712,0.01579531869963451,0.21998200396129616,0.2831342604832792
011,vap_asian,pre_24_dem_har,0.713428483835002,0.11430123711151668,0.43841348156011545,0.8925398074567511
011,vap_asian,pre_24_rep_tru,0.286571516164998,0.11430123711151668,0.10746019254324884,0.561586518439884
011,vap_aian,pre_24_dem_har,0.5058776709108959,0.14978319556899708,0.23261399638177507,0.8091778518847699
011,vap_aian,pre_24_rep_tru,0.4941223290891042,0.14978319556899708,0.19082214811523013,0.7673860036182248
011,vap_oth_b,pre_24_dem_har,0.5717944716418251,0.16421248418810802,0.2060735305937312,0.831647248584529
011,vap_oth_b,pre_24_rep_tru,0.4282055283581748,0.16421248418810802,0.16835275141547093,0.7939264694062684
013,vap_white,pre_24_dem_har,0.26927292077510007,0.00585956364709845,0.258871114332945,0.281357545706052
013,vap_white,pre_24_rep_tru,0.7307270792248999,0.00585956364709845,0.7186424542939479,0.7411288856670548
013,vap_black,pre_24_dem_har,0.6855255034378132,0.125733067255387,0.4098645698335931,0.8892389732843238
013,vap_black,pre_24_rep_tru,0.31447449656218673,0.125733067255387,0.1107610267156761,0.5901354301664067
013,vap_hisp,pre_24_dem_har,0.5508032120927637,0.1494033599082447,0.25747255987232315,0.8156703901490127
013,vap_hisp,pre_24_rep_tru,0.44919678790723633,0.1494033599082447,0.1843296098509873,0.7425274401276768
013,vap_asian,pre_24_dem_har,0.5325046522514125,0.16211094809383664,0.21867903062940772,0.8233824085634266
013,vap_asian,pre_24_rep_tru,0.4674953477485874,0.16211094809383664,0.1766175914365733,0.7813209693705921
013,vap_aian,pre_24_dem_har,0.5196644476430355,0.17216376380397197,0.19261804290693563,0.8324192569000493
013,vap_aian,pre_24_rep_tru,0.4803355523569644,0.17216376380397197,0.16758074309995047,0.8073819570930643
013,vap_oth_b,pre_24_dem_har,0.650209669767504,0.13910468709766888,0.3195083161404952,0.8727434973063436
013,vap_oth_b,pre_24_rep_tru,0.34979033023249606,0.13910468709766888,0.1272565026936564,0.6804916838595049
015,vap_white,pre_24_dem_har,0.2343062957685711,0.00805518400709134,0.22037194533045196,0.2515403643510485
015,vap_white,pre_24_rep_tru,0.7656937042314289,0.00805518400709134,0.7484596356489513,0.779628054669548
015,vap_black,pre_24_dem_har,0.5265687138218522,0.1619101191343495,0.2226137210317128,0.8246865717988084
015,vap_black,pre_24_rep_tru,0.47343128617814767,0.1619101191343495,0.17531342820119156,0.7773862789682869
015,vap_hisp,pre_24_dem_har,0.5264191720933352,0.1670565123308526,0.17991837181638198,0.805998735430963
015,vap_hisp,pre_24_rep_tru,0.4735808279066648,0.1670565123308526,0.194001264569037,0.820081628183618
015,vap_asian,pre_24_dem_har,0.5539371104590036,0.1827078602349755,0.18337382242761716,0.8809293985909907
015,vap_asian,pre_24_rep_tru,0.4460628895409963,0.1827078602349755,0.1190706014090091,0.8166261775723825
015,vap_aian,pre_24_dem_har,0.5220319381119781,0.15964865059044606,0.19051293817707257,0.8197587142148064
015,vap_aian,pre_24_rep_tru,0.4779680618880219,0.15964865059044606,0.1802412857851934,0.8094870618229275
015,vap_oth_b,pre_24_dem_har,0.5904794885487965,0.17671699506333494,0.23341924652098628,0.8750935409017253
015,vap_oth_b,pre_24_rep_tru,0.4095205114512035,0.17671699506333494,0.12490645909827468,0.7665807534790136
017,vap_white,pre_24_dem_har,0.4743863017706585,0.00715201957989349,0.4601174024579421,0.4869651542262978
017,vap_white,pre_24_rep_tru,0.5256136982293416,0.00715201957989349,0.5130348457737022,0.539882597542058
017,vap_black,pre_24_dem_har,0.8383621797971432,0.06126206108116204,0.6985626724246475,0.9397366262869468
017,vap_black,pre_24_rep_tru,0.1616378202028568,0.06126206108116204,0.06026337371305314,0.30143732757535247
017,vap_hisp,pre_24_dem_har,0.6229541115328407,0.09168760522516864,0.45282636296323575,0.8050689651910002
017,vap_hisp,pre_24_rep_tru,0.37704588846715914,0.09168760522516864,0.1949310348089995,0.547173637036764
017,vap_asian,pre_24_dem_har,0.5376072120359189,0.07881263724831748,0.38117405400576926,0.6887015667251015
017,vap_asian,pre_24_rep_tru,0.4623927879640811,0.07881263724831747,0.31129843327489837,0.6188259459942307
017,vap_aian,pre_24_dem_har,0.4273189220908111,0.14647453973136176,0.17774885705990187,0.7328697951684615
017,vap_aian,pre_24_rep_tru,0.5726810779091888,0.14647453973136176,0.2671302048315385,0.8222511429400979
017,vap_oth_b,pre_24_dem_har,0.5374077647511564,0.14362729323363652,0.2506356115071127,0.7803035310863805
017,vap_oth_b,pre_24_rep_tru,0.4625922352488437,0.14362729323363652,0.21969646891361944,0.7493643884928873
019,vap_white,pre_24_dem_har,0.2999790601027527,0.00603747289715263,0.2884822267057344,0.3124634986593625
019,vap_white,pre_24_rep_tru,0.7000209398972472,0.00603747289715263,0.6875365013406374,0.7115177732942656
019,vap_black,pre_24_dem_har,0.6180817347170192,0.14888303346023335,0.2956674036478286,0.8819674747776983
019,vap_black,pre_24_rep_tru,0.3819182652829808,0.14888303346023335,0.11803252522230172,0.7043325963521714
019,vap_hisp,pre_24_dem_har,0.6018791031073378,0.15097027313028025,0.24832200754979517,0.8486676232468676
019,vap_hisp,pre_24_rep_tru,0.39812089689266217,0.15097027313028025,0.15133237675313213,0.7516779924502046
019,vap_asian,pre_24_dem_har,0.7318624440228291,0.1483422733898538,0.4195736482921995,0.9365308058527992
019,vap_asian,pre_24_rep_tru,0.26813755597717076,0.1483422733898538,0.06346919414720073,0.5804263517078002
019,vap_aian,pre_24_dem_har,0.5040249794601156,0.20189109631581725,0.1245707683480589,0.8669825393229885
019,vap_aian,pre_24_rep_tru,0.4959750205398843,0.20189109631581725,0.13301746067701137,0.8754292316519408
019,vap_oth_b,pre_24_dem_har,0.572814263557592,0.15591496730981658,0.23772564448130432,0.8363459435475783
019,vap_oth_b,pre_24_rep_tru,0.427185736442408,0.15591496730981658,0.1636540564524217,0.7622743555186953
021,vap_white,pre_24_dem_har,0.27283354350524475,0.00548045345521031,0.26311112453787544,0.2838777480212683
021,vap_white,pre_24_rep_tru,0.7271664564947552,0.00548045345521031,0.7161222519787317,0.7368888754621247
021,vap_black,pre_24_dem_har,0.8475573710476565,0.0504887479858473,0.7296344973046713,0.927598855577806
021,vap_black,pre_24_rep_tru,0.15244262895234345,0.0504887479858473,0.0724011444221938,0.2703655026953286
021,vap_hisp,pre_24_dem_har,0.5776979252219668,0.14098698506128618,0.29504298242988525,0.8122340220381032
021,vap_hisp,pre_24_rep_tru,0.4223020747780332,0.14098698506128618,0.18776597796189665,0.7049570175701146
021,vap_asian,pre_24_dem_har,0.5498680351829565,0.16097323869397184,0.22737111800438992,0.8388395014635477
021,vap_asian,pre_24_rep_tru,0.4501319648170435,0.16097323869397184,0.1611604985364522,0.7726288819956101
021,vap_aian,pre_24_dem_har,0.5118962127579351,0.17430643784636082,0.1456789908533689,0.8314193481766162
021,vap_aian,pre_24_rep_tru,0.48810378724206493,0.17430643784636082,0.16858065182338383,0.8543210091466311
021,vap_oth_b,pre_24_dem_har,0.7027993532832562,0.1321052783992712,0.4134497419450896,0.9012641511701028
021,vap_oth_b,pre_24_rep_tru,0.29720064671674395,0.1321052783992712,0.09873584882989708,0.5865502580549105
023,vap_white,pre_24_dem_har,0.22123130071950683,0.01396625349363895,0.1947197080017838,0.24935467139658757
023,vap_white,pre_24_rep_tru,0.7787686992804933,0.01396625349363895,0.7506453286034125,0.8052802919982164
023,vap_black,pre_24_dem_har,0.5094034501202117,0.19412311582897848,0.14075594546405548,0.8670964990452078
023,vap_black,pre_24_rep_tru,0.4905965498797883,0.19412311582897848,0.1329035009547922,0.8592440545359444
023,vap_hisp,pre_24_dem_har,0.5010399965495361,0.1891664012153718,0.14850134114664035,0.8580272075024603
023,vap_hisp,pre_24_rep_tru,0.4989600034504639,0.1891664012153718,0.14197279249753966,0.8514986588533598
023,vap_asian,pre_24_dem_har,0.4921296756183277,0.20910256908639233,0.114567742688925,0.8856239855745002
023,vap_asian,pre_24_rep_tru,0.5078703243816722,0.20910256908639233,0.1143760144254998,0.8854322573110747
023,vap_aian,pre_24_dem_har,0.493975564271756,0.2086730821371293,0.11342291323151736,0.8946372755866687
023,vap_aian,pre_24_rep_tru,0.506024435728244,0.2086730821371293,0.1053627244133311,0.8865770867684826
023,vap_oth_b,pre_24_dem_har,0.5078655736263781,0.18248683754827677,0.1448853507222241,0.8385047699181902
023,vap_oth_b,pre_24_rep_tru,0.4921344263736218,0.18248683754827677,0.16149523008180972,0.8551146492777759
025,vap_white,pre_24_dem_har,0.30598408016795003,0.00888750865015207,0.2892803224569159,0.32363197739167815
025,vap_white,pre_24_rep_tru,0.69401591983205,0.00888750865015207,0.6763680226083219,0.7107196775430842
025,vap_black,pre_24_dem_har,0.5249024207650146,0.1667587714992685,0.20553611708479416,0.8232135947792512
025,vap_black,pre_24_rep_tru,0.4750975792349854,0.1667587714992685,0.17678640522074876,0.7944638829152058
025,vap_hisp,pre_24_dem_har,0.5644121550827037,0.16338635015019556,0.23133253725320743,0.8349884170971438
025,vap_hisp,pre_24_rep_tru,0.43558784491729624,0.16338635015019556,0.1650115829028562,0.7686674627467924
025,vap_asian,pre_24_dem_har,0.5015330626072118,0.16377969372315304,0.19836082716881084,0.8139835401511875
025,vap_asian,pre_24_rep_tru,0.49846693739278825,0.16377969372315304,0.18601645984881252,0.8016391728311891
025,vap_aian,pre_24_dem_har,0.5581957307637325,0.19397138437573289,0.20008318211276288,0.9212227667580932
025,vap_aian,pre_24_rep_tru,0.4418042692362674,0.19397138437573289,0.07877723324190677,0.7999168178872371
025,vap_oth_b,pre_24_dem_har,0.5057030318208208,0.16015773410564813,0.1987139349760294,0.8106323461778733
025,vap_oth_b,pre_24_rep_tru,0.4942969681791792,0.16015773410564813,0.1893676538221266,0.8012860650239702
027,vap_white,pre_24_dem_har,0.4350778390109776,0.00810813328667789,0.4200323300819467,0.45104742490961
027,vap_white,pre_24_rep_tru,0.5649221609890223,0.00810813328667789,0.5489525750903901,0.5799676699180533
027,vap_black,pre_24_dem_har,0.5545621233261266,0.13036998355223217,0.29312988065184165,0.7854839753202433
027,vap_black,pre_24_rep_tru,0.4454378766738733,0.13036998355223217,0.2145160246797568,0.7068701193481579
027,vap_hisp,pre_24_dem_har,0.6732283385054745,0.1597292741182063,0.308933238430797,0.9102676076017926
027,vap_hisp,pre_24_rep_tru,0.32677166149452547,0.1597292741182063,0.08973239239820739,0.6910667615692028
027,vap_asian,pre_24_dem_har,0.8756793346128076,0.05208752496794454,0.7590629509287108,0.9524092579981588
027,vap_asian,pre_24_rep_tru,0.1243206653871924,0.05208752496794454,0.04759074200184098,0.24093704907128907
027,vap_aian,pre_24_dem_har,0.5112393791545318,0.15886670531578562,0.2141490436007253,0.8016814720922318
027,vap_aian,pre_24_rep_tru,0.48876062084546823,0.15886670531578562,0.19831852790776816,0.7858509563992748
027,vap_oth_b,pre_24_dem_har,0.5847819421770699,0.15874128388478742,0.2748573592624486,0.8754873072184063
027,vap_oth_b,pre_24_rep_tru,0.41521805782293,0.15874128388478742,0.12451269278159356,0.7251426407375513
029,vap_white,pre_24_dem_har,0.5327768080026204,0.00780129718649363,0.5188778826864132,0.5491519673115542
029,vap_white,pre_24_rep_tru,0.4672231919973796,0.00780129718649363,0.4508480326884458,0.48112211731358673
029,vap_black,pre_24_dem_har,0.9047506870068972,0.02683153389211767,0.8453866753854244,0.9512889560371652
029,vap_black,pre_24_rep_tru,0.09524931299310292,0.02683153389211767,0.04871104396283476,0.15461332461457566
029,vap_hisp,pre_24_dem_har,0.727424977630018,0.04960044679158668,0.6301024238554794,0.8191954885173174
029,vap_hisp,pre_24_rep_tru,0.2725750223699819,0.04960044679158668,0.1808045114826824,0.36989757614452046
029,vap_asian,pre_24_dem_har,0.8547197868863351,0.05382787937895372,0.7160145013560879,0.9314020097372694
029,vap_asian,pre_24_rep_tru,0.14528021311366482,0.05382787937895372,0.06859799026273054,0.2839854986439119
029,vap_aian,pre_24_dem_har,0.4905000034976412,0.1494852480861813,0.21950505787927396,0.7820715133610171
029,vap_aian,pre_24_rep_tru,0.5094999965023588,0.1494852480861813,0.21792848663898276,0.780494942120726
029,vap_oth_b,pre_24_dem_har,0.5851281479783393,0.13420222266104695,0.28655085329466945,0.8051657244376071
029,vap_oth_b,pre_24_rep_tru,0.41487185202166066,0.13420222266104695,0.19483427556239288,0.7134491467053304
031,vap_white,pre_24_dem_har,0.2114243877194506,0.0068478889183944,0.19802586200494668,0.2251667276436813
031,vap_white,pre_24_rep_tru,0.7885756122805494,0.0068478889183944,0.7748332723563187,0.8019741379950535
031,vap_black,pre_24_dem_har,0.5551471324391765,0.17229904780813715,0.20406486808820437,0.8669366454278454
031,vap_black,pre_24_rep_tru,0.4448528675608235,0.17229904780813715,0.13306335457215443,0.7959351319117955
031,vap_hisp,pre_24_dem_har,0.5274187837201441,0.16465395334517618,0.20366818655118152,0.8292719708593861
031,vap_hisp,pre_24_rep_tru,0.47258121627985583,0.16465395334517618,0.17072802914061389,0.7963318134488182
031,vap_asian,pre_24_dem_har,0.5098283221379274,0.17232989345811892,0.172118442246236,0.8281514225789766
031,vap_asian,pre_24_rep_tru,0.4901716778620726,0.17232989345811892,0.17184857742102347,0.827881557753764
031,vap_aian,pre_24_dem_har,0.5068485968385532,0.18215908941307,0.15607532835124757,0.8477052407188086
031,vap_aian,pre_24_rep_tru,0.4931514031614469,0.18215908941307,0.1522947592811914,0.8439246716487524
031,vap_oth_b,pre_24_dem_har,0.5435990778797664,0.15637536059513066,0.249723993238892,0.8402867453373492
031,vap_oth_b,pre_24_rep_tru,0.45640092212023353,0.15637536059513066,0.15971325466265068,0.750276006761108
033,vap_white,pre_24_dem_har,0.20989315049020013,0.00578427596539261,0.19901683687181135,0.221569320867876
033,vap_white,pre_24_rep_tru,0.7901068495097998,0.00578427596539261,0.7784306791321239,0.8009831631281885
033,vap_black,pre_24_dem_har,0.3262685198943757,0.11417494901289992,0.1166548125142848,0.5555367562357356
033,vap_black,pre_24_rep_tru,0.6737314801056243,0.11417494901289992,0.4444632437642642,0.8833451874857153
033,vap_hisp,pre_24_dem_har,0.3705414617016449,0.0981270966003142,0.1811939664464692,0.5616147521086219
033,vap_hisp,pre_24_rep_tru,0.6294585382983551,0.0981270966003142,0.43838524789137806,0.8188060335535308
033,vap_asian,pre_24_dem_har,0.5051225677435879,0.16825403686207904,0.19506584116325257,0.8244259037447573
033,vap_asian,pre_24_rep_tru,0.49487743225641206,0.16825403686207904,0.17557409625524248,0.8049341588367473
033,vap_aian,pre_24_dem_har,0.4916968166452042,0.16535126399806485,0.1659142991748105,0.7813201998295592
033,vap_aian,pre_24_rep_tru,0.5083031833547957,0.16535126399806485,0.21867980017044084,0.8340857008251894
033,vap_oth_b,pre_24_dem_har,0.5776856926737055,0.1531681670540779,0.2659148657443965,0.8514670901499157
033,vap_oth_b,pre_24_rep_tru,0.42231430732629455,0.1531681670540779,0.1485329098500841,0.7340851342556034
035,vap_white,pre_24_dem_har,0.2672632272371261,0.0074860219996052,0.25292856575925365,0.28230432054436355
035,vap_white,pre_24_rep_tru,0.7327367727628739,0.0074860219996052,0.7176956794556364,0.7470714342407463
035,vap_black,pre_24_dem_har,0.5163411085324606,0.17727387855451954,0.1807092332018519,0.844860069350058
035,vap_black,pre_24_rep_tru,0.4836588914675393,0.17727387855451954,0.15513993064994194,0.819290766798148
035,vap_hisp,pre_24_dem_har,0.49159270674840394,0.18088937057935392,0.1599421935786418,0.8481304020187235
035,vap_hisp,pre_24_rep_tru,0.5084072932515961,0.18088937057935392,0.1518695979812765,0.8400578064213583
035,vap_asian,pre_24_dem_har,0.49933874176344234,0.16422356350723533,0.18527638768542637,0.7980940623958609
035,vap_asian,pre_24_rep_tru,0.5006612582365577,0.16422356350723533,0.2019059376041391,0.8147236123145735
035,vap_aian,pre_24_dem_har,0.5153191776377514,0.15812480410046056,0.20823409787776967,0.8144960216917716
035,vap_aian,pre_24_rep_tru,0.48468082236224863,0.15812480410046056,0.18550397830822843,0.7917659021222303
035,vap_oth_b,pre_24_dem_har,0.5346934502451018,0.15934990843854172,0.21509374404492412,0.8302932846361897
035,vap_oth_b,pre_24_rep_tru,0.46530654975489816,0.15934990843854172,0.16970671536381027,0.7849062559550757
037,vap_white,pre_24_dem_har,0.31786159634220584,0.00708447525671786,0.30469829156945194,0.33193392060798677
037,vap_white,pre_24_rep_tru,0.6821384036577942,0.00708447525671786,0.6680660793920132,0.6953017084305481
037,vap_black,pre_24_dem_har,0.5255068195241127,0.17938728035267776,0.17849948517094402,0.8505107449370474
037,vap_black,pre_24_rep_tru,0.4744931804758873,0.17938728035267776,0.14948925506295263,0.821500514829056
037,vap_hisp,pre_24_dem_har,0.5843772787052939,0.15369718550485523,0.2769367194629349,0.8499104573820423
037,vap_hisp,pre_24_rep_tru,0.4156227212947061,0.15369718550485523,0.1500895426179577,0.7230632805370649
037,vap_asian,pre_24_dem_har,0.5101932753044897,0.18785464704000465,0.16019975425244842,0.8523969531310477
037,vap_asian,pre_24_rep_tru,0.48980672469551034,0.18785464704000465,0.14760304686895234,0.8398002457475516
037,vap_aian,pre_24_dem_har,0.5156495901583971,0.16826382097510126,0.18396122898613845,0.8318714081644909
037,vap_aian,pre_24_rep_tru,0.4843504098416029,0.16826382097510126,0.16812859183550907,0.8160387710138614
037,vap_oth_b,pre_24_dem_har,0.5367599536677435,0.16155480768865485,0.21743340958041943,0.8281221505831485
037,vap_oth_b,pre_24_rep_tru,0.46324004633225646,0.16155480768865485,0.17187784941685155,0.7825665904195801
039,vap_white,pre_24_dem_har,0.2808737693061632,0.00714779214262875,0.26747575074418745,0.29563251673140095
039,vap_white,pre_24_rep_tru,0.7191262306938369,0.00714779214262875,0.7043674832685991,0.7325242492558125
039,vap_black,pre_24_dem_har,0.6840611088277493,0.148227989887601,0.3630806791642302,0.9333395264159322
039,vap_black,pre_24_rep_tru,0.3159388911722507,0.148227989887601,0.06666047358406768,0.6369193208357697
039,vap_hisp,pre_24_dem_har,0.5637185924039928,0.1547962385275834,0.24307671162818945,0.8434308808487802
039,vap_hisp,pre_24_rep_tru,0.43628140759600714,0.1547962385275834,0.15656911915121968,0.7569232883718104
039,vap_asian,pre_24_dem_har,0.52746180791409,0.1585032865886313,0.213895300711838,0.8215236898207593
039,vap_asian,pre_24_rep_tru,0.4725381920859101,0.1585032865886313,0.1784763101792407,0.786104699288162
039,vap_aian,pre_24_dem_har,0.4561128528824235,0.16841190514891782,0.14644598888486127,0.7609557052238289
039,vap_aian,pre_24_rep_tru,0.5438871471175764,0.16841190514891782,0.2390442947761709,0.8535540111151386
039,vap_oth_b,pre_24_dem_har,0.5467506583574199,0.15058212837425172,0.2433219135597484,0.8300390756306996
039,vap_oth_b,pre_24_rep_tru,0.4532493416425802,0.15058212837425172,0.16996092436930027,0.7566780864402514
041,vap_white,pre_24_dem_har,0.40331413282674966,0.00899306924154568,0.38678325006421854,0.42063510191961073
041,vap_white,pre_24_rep_tru,0.5966858671732503,0.00899306924154568,0.5793648980803893,0.6132167499357815
041,vap_black,pre_24_dem_har,0.7845216176065645,0.08690293021506065,0.5834150768722901,0.9185701282390422
041,vap_black,pre_24_rep_tru,0.21547838239343553,0.08690293021506065,0.08142987176095785,0.41658492312771
041,vap_hisp,pre_24_dem_har,0.7431384639515856,0.10145973487611996,0.5040553775877239,0.8960472167780954
041,vap_hisp,pre_24_rep_tru,0.2568615360484144,0.10145973487611996,0.10395278322190464,0.4959446224122759
041,vap_asian,pre_24_dem_har,0.7586662986143752,0.08403293797280298,0.5826253837596312,0.8943806035442836
041,vap_asian,pre_24_rep_tru,0.2413337013856247,0.08403293797280298,0.1056193964557163,0.4173746162403687
041,vap_aian,pre_24_dem_har,0.4640634809024984,0.16663789250225752,0.1515265869675734,0.7806464705212813
041,vap_aian,pre_24_rep_tru,0.5359365190975015,0.16663789250225752,0.21935352947871845,0.8484734130324264
041,vap_oth_b,pre_24_dem_har,0.6231563573931725,0.1433641132223771,0.3213314943892918,0.8573803996129481
041,vap_oth_b,pre_24_rep_tru,0.3768436426068274,0.1433641132223771,0.14261960038705207,0.678668505610708
043,vap_white,pre_24_dem_har,0.3611122282205366,0.00737019082451844,0.34758997343239545,0.3760313465346441
043,vap_white,pre_24_rep_tru,0.6388877717794633,0.00737019082451844,0.6239686534653559,0.6524100265676045
043,vap_black,pre_24_dem_har,0.950572415228384,0.01236865827057401,0.9237347618513676,0.9713947378453672
043,vap_black,pre_24_rep_tru,0.04942758477161595,0.01236865827057401,0.02860526215463278,0.07626523814863251
043,vap_hisp,pre_24_dem_har,0.8330395306723714,0.03820831163063724,0.7533853296499096,0.8983483150845364
043,vap_hisp,pre_24_rep_tru,0.16696046932762862,0.03820831163063724,0.10165168491546364,0.24661467035009033
043,vap_asian,pre_24_dem_har,0.8443910694657436,0.05404205137643451,0.7116041344411931,0.9291911808780556
043,vap_asian,pre_24_rep_tru,0.15560893053425645,0.05404205137643452,0.0708088191219444,0.28839586555880686
043,vap_aian,pre_24_dem_har,0.501988773952829,0.1473107388353133,0.22922737402629373,0.7795911098683763
043,vap_aian,pre_24_rep_tru,0.49801122604717096,0.1473107388353133,0.2204088901316236,0.7707726259737062
043,vap_oth_b,pre_24_dem_har,0.7420358794092381,0.11457637251363904,0.4745191496609564,0.8980337688536305
043,vap_oth_b,pre_24_rep_tru,0.2579641205907619,0.11457637251363904,0.10196623114636942,0.5254808503390436
045,vap_white,pre_24_dem_har,0.5151664313419624,0.00489974290790591,0.5054372946553778,0.5247819895660281
045,vap_white,pre_24_rep_tru,0.4848335686580377,0.00489974290790591,0.4752180104339721,0.4945627053446222
045,vap_black,pre_24_dem_har,0.9717167850863828,0.00387863780477035,0.9636329913688692,0.9788616104844532
045,vap_black,pre_24_rep_tru,0.02828321491361716,0.00387863780477035,0.02113838951554671,0.03636700863113074
045,vap_hisp,pre_24_dem_har,0.8733938295309046,0.03083350063766799,0.808648555246977,0.9259809490842442
045,vap_hisp,pre_24_rep_tru,0.1266061704690954,0.03083350063766799,0.07401905091575578,0.1913514447530229
045,vap_asian,pre_24_dem_har,0.6461290401991328,0.04215161901356419,0.5625154768632311,0.7320104576680484
045,vap_asian,pre_24_rep_tru,0.3538709598008672,0.04215161901356419,0.26798954233195166,0.4374845231367689
045,vap_aian,pre_24_dem_har,0.4858032381767615,0.14348922957840676,0.21125063461239696,0.7794147128142149
045,vap_aian,pre_24_rep_tru,0.5141967618232384,0.14348922957840676,0.2205852871857851,0.7887493653876029
045,vap_oth_b,pre_24_dem_har,0.527194414623882,0.09825343396266778,0.34378330097817805,0.7361641303390883
045,vap_oth_b,pre_24_rep_tru,0.472805585376118,0.09825343396266778,0.26383586966091166,0.656216699021822
047,vap_white,pre_24_dem_har,0.25856164274933585,0.00742612589307682,0.24431345576835264,0.2728436400142758
047,vap_white,pre_24_rep_tru,0.7414383572506642,0.00742612589307682,0.7271563599857243,0.7556865442316473
047,vap_black,pre_24_dem_har,0.4962430694638847,0.17897127990068226,0.16305659875322973,0.8306505030180209
047,vap_black,pre_24_rep_tru,0.5037569305361153,0.17897127990068226,0.16934949698197893,0.83694340124677
047,vap_hisp,pre_24_dem_har,0.5193329571841249,0.17771769316113642,0.1840677213777012,0.8447777688556806
047,vap_hisp,pre_24_rep_tru,0.4806670428158753,0.17771769316113642,0.15522223114431952,0.8159322786222989
047,vap_asian,pre_24_dem_har,0.5144633021815452,0.1823385511019205,0.17164938589995626,0.8684640977381017
047,vap_asian,pre_24_rep_tru,0.4855366978184548,0.1823385511019205,0.1315359022618983,0.8283506141000437
047,vap_aian,pre_24_dem_har,0.5333259423586312,0.19511872091055685,0.16588432159646158,0.9072576443341536
047,vap_aian,pre_24_rep_tru,0.4666740576413689,0.19511872091055688,0.09274235566584652,0.8341156784035384
047,vap_oth_b,pre_24_dem_har,0.5279420663626815,0.16791364351684782,0.2111918412897426,0.8346668126764613
047,vap_oth_b,pre_24_rep_tru,0.47205793363731846,0.16791364351684782,0.16533318732353863,0.7888081587102572
049,vap_white,pre_24_dem_har,0.45566592525991534,0.00643817499402735,0.444540098471956,0.4703454565926006
049,vap_white,pre_24_rep_tru,0.5443340747400847,0.00643817499402735,0.5296545434073995,0.5554599015280439
049,vap_black,pre_24_dem_har,0.9127654857190508,0.02307666075503524,0.8605012730657682,0.9498365333405282
049,vap_black,pre_24_rep_tru,0.08723451428094897,0.02307666075503524,0.0501634666594718,0.1394987269342317
049,vap_hisp,pre_24_dem_har,0.8818068195490509,0.05302261374931447,0.7420133274666642,0.951271634791066
049,vap_hisp,pre_24_rep_tru,0.118193180450949,0.05302261374931447,0.04872836520893402,0.2579866725333356
049,vap_asian,pre_24_dem_har,0.772433768175395,0.09781658696124194,0.520695234777706,0.920074561768112
049,vap_asian,pre_24_rep_tru,0.22756623182460495,0.09781658696124194,0.07992543823188794,0.4793047652222938
049,vap_aian,pre_24_dem_har,0.5484055256647227,0.16995725131002476,0.22113053570774716,0.8574966054122359
049,vap_aian,pre_24_rep_tru,0.4515944743352772,0.16995725131002476,0.142503394587764,0.7788694642922527
049,vap_oth_b,pre_24_dem_har,0.6982280224094952,0.12217254215841476,0.42534247798753894,0.88341762671738
049,vap_oth_b,pre_24_rep_tru,0.3017719775905048,0.12217254215841476,0.11658237328262,0.574657522012461
051,vap_white,pre_24_dem_har,0.2871824904067718,0.00842000075745148,0.27260634873253575,0.30428538003522426
051,vap_white,pre_24_rep_tru,0.7128175095932282,0.00842000075745148,0.6957146199647758,0.7273936512674641
051,vap_black,pre_24_dem_har,0.8156451831430792,0.06927630103525671,0.655230231137518,0.925763782534242
051,vap_black,pre_24_rep_tru,0.1843548168569208,0.06927630103525671,0.07423621746575794,0.344769768862482
051,vap_hisp,pre_24_dem_har,0.5473892225207397,0.16371018613103544,0.23366748157756112,0.8421552693257468
051,vap_hisp,pre_24_rep_tru,0.4526107774792603,0.16371018613103544,0.15784473067425325,0.7663325184224389
051,vap_asian,pre_24_dem_har,0.561916314718055,0.1939481921253904,0.1982994017674229,0.9008428402069314
051,vap_asian,pre_24_rep_tru,0.43808368528194497,0.1939481921253904,0.09915715979306848,0.8017005982325771
051,vap_aian,pre_24_dem_har,0.5133006270047344,0.17859116098935496,0.16914873126513272,0.8349058402871693
051,vap_aian,pre_24_rep_tru,0.4866993729952656,0.17859116098935496,0.1650941597128307,0.8308512687348671
051,vap_oth_b,pre_24_dem_har,0.6712505674791894,0.1663327284841987,0.31040536030177407,0.9125048269820412
051,vap_oth_b,pre_24_rep_tru,0.32874943252081057,0.1663327284841987,0.08749517301795862,0.6895946396982259
053,vap_white,pre_24_dem_har,0.2737163153010874,0.0137703157546759,0.24721513880983004,0.3003516821721423
053,vap_white,pre_24_rep_tru,0.7262836846989127,0.0137703157546759,0.6996483178278576,0.7527848611901701
053,vap_black,pre_24_dem_har,0.32251087949034285,0.16612617378543876,0.03270144450008552,0.6314356226756376
053,vap_black,pre_24_rep_tru,0.677489120509657,0.16612617378543876,0.3685643773243623,0.9672985554999144
053,vap_hisp,pre_24_dem_har,0.45584039143087446,0.2165723858982294,0.08088325119718688,0.8704318301289596
053,vap_hisp,pre_24_rep_tru,0.5441596085691256,0.2165723858982294,0.1295681698710403,0.919116748802813
053,vap_asian,pre_24_dem_har,0.5211580963685315,0.21596821454396664,0.11929402491389372,0.9100801028524182
053,vap_asian,pre_24_rep_tru,0.4788419036314685,0.21596821454396664,0.08991989714758161,0.8807059750861062
053,vap_aian,pre_24_dem_har,0.5037519881557968,0.27310130394490245,0.03342879712087988,0.9769702354160378
053,vap_aian,pre_24_rep_tru,0.4962480118442033,0.27310130394490245,0.02302976458396197,0.96657120287912
053,vap_oth_b,pre_24_dem_har,0.4909585319809252,0.18622156579229465,0.13997678983761058,0.8378811365709102
053,vap_oth_b,pre_24_rep_tru,0.5090414680190747,0.18622156579229465,0.16211886342908963,0.8600232101623893
055,vap_white,pre_24_dem_har,0.20698436142192483,0.00685655431457544,0.19466524125525567,0.22186085614880377
055,vap_white,pre_24_rep_tru,0.7930156385780751,0.00685655431457544,0.7781391438511961,0.8053347587447443
055,vap_black,pre_24_dem_har,0.7426926595789621,0.1012230389946326,0.5066667125491535,0.8981413438918723
055,vap_black,pre_24_rep_tru,0.25730734042103787,0.1012230389946326,0.10185865610812768,0.4933332874508464
055,vap_hisp,pre_24_dem_har,0.9037301285060884,0.05898698562235393,0.7225932320123171,0.9663909962648928
055,vap_hisp,pre_24_rep_tru,0.09626987149391147,0.05898698562235393,0.03360900373510702,0.2774067679876829
055,vap_asian,pre_24_dem_har,0.5773389270438634,0.1543896344115952,0.25703686348155064,0.8578982385564374
055,vap_asian,pre_24_rep_tru,0.4226610729561367,0.1543896344115952,0.14210176144356246,0.7429631365184489
055,vap_aian,pre_24_dem_har,0.5005369680817424,0.16371550065348742,0.20094430058783477,0.8090646550949953
055,vap_aian,pre_24_rep_tru,0.4994630319182576,0.16371550065348742,0.19093534490500488,0.7990556994121653
055,vap_oth_b,pre_24_dem_har,0.6140029648462352,0.15744698398315776,0.2526235377971866,0.8610045325670564
055,vap_oth_b,pre_24_rep_tru,0.3859970351537647,0.15744698398315776,0.1389954674329435,0.7473764622028133
057,vap_white,pre_24_dem_har,0.1448629128053001,0.01226010023171732,0.12168208166549915,0.1690359606605255
057,vap_white,pre_24_rep_tru,0.8551370871946999,0.01226010023171732,0.8309640393394746,0.8783179183345009
057,vap_black,pre_24_dem_har,0.5130533542557656,0.19553562335367808,0.1458892809112233,0.8686444344164123
057,vap_black,pre_24_rep_tru,0.48694664574423446,0.19553562335367808,0.13135556558358782,0.8541107190887767
057,vap_hisp,pre_24_dem_har,0.5177049849961165,0.19505795189199163,0.15591787011130415,0.8698787812482359
057,vap_hisp,pre_24_rep_tru,0.4822950150038836,0.19505795189199163,0.1301212187517641,0.8440821298886958
057,vap_asian,pre_24_dem_har,0.5064575307826833,0.18675206368340877,0.15142671911952285,0.8609967487171254
057,vap_asian,pre_24_rep_tru,0.49354246921731665,0.18675206368340877,0.13900325128287455,0.848573280880477
057,vap_aian,pre_24_dem_har,0.5093266821255996,0.1996734206608175,0.13636934081567323,0.8833177489032349
057,vap_aian,pre_24_rep_tru,0.4906733178744005,0.1996734206608175,0.1166822510967651,0.8636306591843269
057,vap_oth_b,pre_24_dem_har,0.5367089141723871,0.1748602059824102,0.19970212581621063,0.8619517779923723
057,vap_oth_b,pre_24_rep_tru,0.46329108582761297,0.1748602059824102,0.1380482220076277,0.8002978741837895
059,vap_white,pre_24_dem_har,0.2468814813187518,0.00819662311916524,0.23141534766387237,0.26318171858872413
059,vap_white,pre_24_rep_tru,0.7531185186812482,0.00819662311916524,0.7368182814112759,0.7685846523361277
059,vap_black,pre_24_dem_har,0.5057235574710738,0.17756412465239782,0.16470940413540783,0.8433151967524432
059,vap_black,pre_24_rep_tru,0.4942764425289263,0.17756412465239782,0.15668480324755665,0.8352905958645922
059,vap_hisp,pre_24_dem_har,0.5226046168734106,0.1785097956660128,0.18585097327899727,0.85909828269362
059,vap_hisp,pre_24_rep_tru,0.47739538312658936,0.1785097956660128,0.14090171730638,0.8141490267210025
059,vap_asian,pre_24_dem_har,0.4658259725624715,0.1917823497517449,0.09318747304503867,0.8192936697077511
059,vap_asian,pre_24_rep_tru,0.5341740274375284,0.1917823497517449,0.18070633029224883,0.9068125269549612
059,vap_aian,pre_24_dem_har,0.4926474388328983,0.18240833233599008,0.1401288590822329,0.8425106179041045
059,vap_aian,pre_24_rep_tru,0.5073525611671016,0.18240833233599008,0.15748938209589533,0.859871140917767
059,vap_oth_b,pre_24_dem_har,0.5284003184058546,0.16302441254368097,0.20472698310408505,0.8200487573583374
059,vap_oth_b,pre_24_rep_tru,0.47159968159414545,0.16302441254368097,0.17995124264166257,0.7952730168959149
061,vap_white,pre_24_dem_har,0.1986173205792574,0.00665254457976707,0.1856068551565387,0.21175441851721052
061,vap_white,pre_24_rep_tru,0.8013826794207426,0.00665254457976707,0.7882455814827896,0.8143931448434611
061,vap_black,pre_24_dem_har,0.506791725937807,0.1319824875806158,0.2424276951800953,0.7485655196204973
061,vap_black,pre_24_rep_tru,0.493208274062193,0.1319824875806158,0.2514344803795025,0.7575723048199048
061,vap_hisp,pre_24_dem_har,0.4928962163066669,0.16970530834915318,0.17829290791042943,0.829208782946489
061,vap_hisp,pre_24_rep_tru,0.5071037836933331,0.16970530834915318,0.1707912170535109,0.8217070920895705
061,vap_asian,pre_24_dem_har,0.5638577170659015,0.1719287776940493,0.21144899746693013,0.8631290924035652
061,vap_asian,pre_24_rep_tru,0.43614228293409846,0.1719287776940493,0.1368709075964347,0.7885510025330699
061,vap_aian,pre_24_dem_har,0.5567022550229422,0.2091959720942921,0.15373149407427397,0.9186308984297622
061,vap_aian,pre_24_rep_tru,0.4432977449770577,0.2091959720942921,0.08136910157023755,0.8462685059257259
061,vap_oth_b,pre_24_dem_har,0.5357316733024451,0.16165517513821837,0.2327741863390904,0.8429935551569585
061,vap_oth_b,pre_24_rep_tru,0.4642683266975549,0.16165517513821837,0.1570064448430414,0.7672258136609095
063,vap_white,pre_24_dem_har,0.26277618875260433,0.00672331044061945,0.24982516679370295,0.2759366740476137
063,vap_white,pre_24_rep_tru,0.7372238112473957,0.00672331044061945,0.7240633259523862,0.7501748332062971
063,vap_black,pre_24_dem_har,0.6574728372803083,0.15166944941165122,0.3202770207318954,0.9019188397065682
063,vap_black,pre_24_rep_tru,0.34252716271969186,0.15166944941165122,0.09808116029343186,0.6797229792681048
063,vap_hisp,pre_24_dem_har,0.6216626310699253,0.1818202820308181,0.22576670556714945,0.9093988813668222
063,vap_hisp,pre_24_rep_tru,0.37833736893007486,0.1818202820308181,0.09060111863317773,0.7742332944328506
063,vap_asian,pre_24_dem_har,0.6207300632864651,0.15617092970999946,0.30504533671307815,0.887464274855687
063,vap_asian,pre_24_rep_tru,0.3792699367135349,0.15617092970999946,0.11253572514431295,0.6949546632869216
063,vap_aian,pre_24_dem_har,0.2569125011974839,0.20581272619144064,0.04376273856803212,0.7465282096997307
063,vap_aian,pre_24_rep_tru,0.7430874988025161,0.20581272619144064,0.2534717903002691,0.956237261431968
063,vap_oth_b,pre_24_dem_har,0.5306366109668186,0.1589315430817563,0.2248824980883413,0.8127304289925015
063,vap_oth_b,pre_24_rep_tru,0.4693633890331814,0.1589315430817563,0.18726957100749853,0.7751175019116586
065,vap_white,pre_24_dem_har,0.1757529522259467,0.00656252644755191,0.16317092636519065,0.18839324423481857
065,vap_white,pre_24_rep_tru,0.8242470477740533,0.00656252644755191,0.8116067557651814,0.8368290736348094
065,vap_black,pre_24_dem_har,0.49829901730235365,0.20261557754268436,0.10544778620000274,0.8539802524108402
065,vap_black,pre_24_rep_tru,0.5017009826976464,0.20261557754268436,0.14601974758915984,0.8945522137999973
065,vap_hisp,pre_24_dem_har,0.535029162695702,0.16782862151038666,0.2027422083424376,0.8371630799269332
065,vap_hisp,pre_24_rep_tru,0.4649708373042981,0.16782862151038666,0.16283692007306677,0.7972577916575625
065,vap_asian,pre_24_dem_har,0.4957530216521345,0.17056701605327562,0.16678519140526474,0.8216682026420915
065,vap_asian,pre_24_rep_tru,0.5042469783478655,0.17056701605327562,0.17833179735790844,0.8332148085947351
065,vap_aian,pre_24_dem_har,0.5055750303583918,0.17742900751381063,0.16707709925441955,0.8329970690841317
065,vap_aian,pre_24_rep_tru,0.4944249696416082,0.17742900751381063,0.16700293091586824,0.8329229007455804
065,vap_oth_b,pre_24_dem_har,0.5364067808577948,0.16822517468255282,0.2201472440544724,0.851430977830905
065,vap_oth_b,pre_24_rep_tru,0.4635932191422052,0.16822517468255282,0.14856902216909504,0.7798527559455275
067,vap_white,pre_24_dem_har,0.17005120744069602,0.00994031794297615,0.15165852204638247,0.1902981309642763
067,vap_white,pre_24_rep_tru,0.8299487925593041,0.00994031794297615,0.8097018690357237,0.8483414779536176
067,vap_black,pre_24_dem_har,0.5098420939375694,0.17272877276396162,0.18579660271444745,0.8419368615606155
067,vap_black,pre_24_rep_tru,0.49015790606243054,0.17272877276396162,0.1580631384393845,0.8142033972855525
067,vap_hisp,pre_24_dem_har,0.6034498282808759,0.17975572090207464,0.20209447032247263,0.8985911908281543
067,vap_hisp,pre_24_rep_tru,0.39655017171912416,0.17975572090207464,0.10140880917184568,0.7979055296775273
067,vap_asian,pre_24_dem_har,0.5197676546434319,0.18701780808810645,0.1671836916838874,0.873957318013553
067,vap_asian,pre_24_rep_tru,0.4802323453565681,0.18701780808810645,0.12604268198644702,0.8328163083161125
067,vap_aian,pre_24_dem_har,0.5058604131420229,0.1864535287770551,0.1600149557863664,0.8562356927320585
067,vap_aian,pre_24_rep_tru,0.4941395868579771,0.1864535287770551,0.14376430726794143,0.8399850442136336
067,vap_oth_b,pre_24_dem_har,0.5288600508213696,0.18002057497063476,0.1750525025475356,0.8559883562036197
067,vap_oth_b,pre_24_rep_tru,0.4711399491786305,0.18002057497063476,0.14401164379638015,0.8249474974524644
069,vap_white,pre_24_dem_har,0.4873205370650906,0.00675705213581326,0.47385821489790864,0.500349017273338
069,vap_white,pre_24_rep_tru,0.5126794629349094,0.00675705213581326,0.499650982726662,0.5261417851020914
069,vap_black,pre_24_dem_har,0.7358334924161807,0.09500377100699411,0.5058937625074514,0.8812204109216191
069,vap_black,pre_24_rep_tru,0.26416650758381943,0.09500377100699411,0.11877958907838104,0.4941062374925486
069,vap_hisp,pre_24_dem_har,0.8045527100586738,0.0737681216446485,0.6439155238073282,0.9267352081359724
069,vap_hisp,pre_24_rep_tru,0.19544728994132632,0.0737681216446485,0.07326479186402765,0.35608447619267186
069,vap_asian,pre_24_dem_har,0.6756527577620913,0.09593914514141436,0.4733365593559,0.8355959600212003
069,vap_asian,pre_24_rep_tru,0.3243472422379088,0.09593914514141436,0.16440403997879968,0.5266634406441
069,vap_aian,pre_24_dem_har,0.5298782794049284,0.15348406999726952,0.2479285888202398,0.8324483786873661
069,vap_aian,pre_24_rep_tru,0.47012172059507173,0.15348406999726952,0.16755162131263396,0.7520714111797602
069,vap_oth_b,pre_24_dem_har,0.459740938338325,0.14373813935939062,0.1966739654101772,0.7547291103663075
069,vap_oth_b,pre_24_rep_tru,0.540259061661675,0.14373813935939062,0.24527088963369248,0.8033260345898229
071,vap_white,pre_24_dem_har,0.3622383783042566,0.00487516596766281,0.35356514167972775,0.3726839833556474
071,vap_white,pre_24_rep_tru,0.6377616216957435,0.00487516596766281,0.6273160166443525,0.6464348583202724
071,vap_black,pre_24_dem_har,0.8487198599747735,0.05306517074395427,0.7262328017092059,0.930955174766176
071,vap_black,pre_24_rep_tru,0.1512801400252265,0.05306517074395427,0.06904482523382419,0.2737671982907941
071,vap_hisp,pre_24_dem_har,0.8534867670336201,0.02771748114338556,0.796987475671315,0.9055200651582792
071,vap_hisp,pre_24_rep_tru,0.14651323296637983,0.02771748114338556,0.09447993484172074,0.203012524328685
071,vap_asian,pre_24_dem_har,0.7975258093185306,0.08803380015038116,0.5605241374876903,0.9086164186801402
071,vap_asian,pre_24_rep_tru,0.20247419068146943,0.08803380015038116,0.0913835813198597,0.4394758625123096
071,vap_aian,pre_24_dem_har,0.5039806020634997,0.16406261612863016,0.2111386341929148,0.8175223145288314
071,vap_aian,pre_24_rep_tru,0.4960193979365003,0.16406261612863016,0.1824776854711687,0.7888613658070852
071,vap_oth_b,pre_24_dem_har,0.7234123842865922,0.10915711771251858,0.4708311265550924,0.9049697801968496
071,vap_oth_b,pre_24_rep_tru,0.27658761571340784,0.10915711771251858,0.0950302198031507,0.5291688734449076
073,vap_white,pre_24_dem_har,0.3024511371517901,0.00894169913333931,0.28832677109283783,0.3231113384251942
073,vap_white,pre_24_rep_tru,0.6975488628482099,0.00894169913333931,0.6768886615748059,0.7116732289071622
073,vap_black,pre_24_dem_har,0.8545994569022503,0.06843316855694702,0.6820158049006202,0.9524406597057602
073,vap_black,pre_24_rep_tru,0.14540054309774977,0.06843316855694702,0.04755934029423983,0.31798419509937975
073,vap_hisp,pre_24_dem_har,0.6403283189770915,0.1529712500105385,0.3156821807124506,0.8798313187889949
073,vap_hisp,pre_24_rep_tru,0.35967168102290853,0.1529712500105385,0.12016868121100507,0.6843178192875492
073,vap_asian,pre_24_dem_har,0.5089426726072415,0.16952666061278507,0.16968460821045667,0.804790196757988
073,vap_asian,pre_24_rep_tru,0.49105732739275854,0.16952666061278507,0.19520980324201204,0.8303153917895434
073,vap_aian,pre_24_dem_har,0.5320805500310573,0.153079102501452,0.23163239504060104,0.8207439245363908
073,vap_aian,pre_24_rep_tru,0.46791944996894275,0.153079102501452,0.17925607546360917,0.7683676049593987
073,vap_oth_b,pre_24_dem_har,0.6981638397805752,0.171010787003712,0.34371182230360614,0.9237503696541252
073,vap_oth_b,pre_24_rep_tru,0.30183616021942483,0.171010787003712,0.07624963034587484,0.6562881776963937
075,vap_white,pre_24_dem_har,0.287969591509439,0.00986324031215073,0.2686660331766545,0.30767286247857595
075,vap_white,pre_24_rep_tru,0.712030408490561,0.00986324031215073,0.6923271375214239,0.7313339668233454
075,vap_black,pre_24_dem_har,0.5281915914980649,0.1609961795599919,0.19126967999281505,0.8138588074637888
075,vap_black,pre_24_rep_tru,0.4718084085019351,0.1609961795599919,0.1861411925362111,0.8087303200071848
075,vap_hisp,pre_24_dem_har,0.6648870379329658,0.04997091714502235,0.568841982239623,0.7635371402508371
075,vap_hisp,pre_24_rep_tru,0.3351129620670342,0.04997091714502235,0.23646285974916303,0.43115801776037704
075,vap_asian,pre_24_dem_har,0.5464683785999273,0.1632464502352676,0.22191764496152624,0.8349181460389526
075,vap_asian,pre_24_rep_tru,0.4535316214000727,0.1632464502352676,0.1650818539610473,0.7780823550384737
075,vap_aian,pre_24_dem_har,0.4936070822065255,0.1693721798128465,0.17726574093197697,0.8097170584475594
075,vap_aian,pre_24_rep_tru,0.5063929177934745,0.1693721798128465,0.19028294155244072,0.8227342590680232
075,vap_oth_b,pre_24_dem_har,0.5169648244744749,0.16325534125391808,0.19638425006606167,0.8170966987255406
075,vap_oth_b,pre_24_rep_tru,0.483035175525525,0.16325534125391808,0.1829033012744592,0.8036157499339381
077,vap_white,pre_24_dem_har,0.4484007472746264,0.00923125300522871,0.43093976474727025,0.4667004090568854
077,vap_white,pre_24_rep_tru,0.5515992527253736,0.00923125300522871,0.5332995909431146,0.5690602352527298
077,vap_black,pre_24_dem_har,0.7635584200718046,0.11676585864528496,0.4712176242705908,0.9216215674327136
077,vap_black,pre_24_rep_tru,0.2364415799281954,0.11676585864528496,0.07837843256728663,0.5287823757294092
077,vap_hisp,pre_24_dem_har,0.7043032252093312,0.02901291035111275,0.6565637382660248,0.7714155880182445
077,vap_hisp,pre_24_rep_tru,0.29569677479066886,0.02901291035111275,0.22858441198175553,0.3434362617339754
077,vap_asian,pre_24_dem_har,0.6273698458876266,0.11081226365830887,0.40118844187004216,0.8352901934462453
077,vap_asian,pre_24_rep_tru,0.37263015411237355,0.11081226365830887,0.16470980655375472,0.5988115581299578
077,vap_aian,pre_24_dem_har,0.48646299237017865,0.1422416356762511,0.221809963758662,0.7639308485820787
077,vap_aian,pre_24_rep_tru,0.5135370076298214,0.1422416356762511,0.23606915141792129,0.7781900362413379
077,vap_oth_b,pre_24_dem_har,0.5811149512525791,0.13777173513835828,0.31949265018627104,0.8247980266123465
077,vap_oth_b,pre_24_rep_tru,0.4188850487474208,0.13777173513835828,0.17520197338765348,0.6805073498137287
079,vap_white,pre_24_dem_har,0.3751993307499765,0.0062540090937508,0.3633136098923459,0.38699597848743217
079,vap_white,pre_24_rep_tru,0.6248006692500235,0.0062540090937508,0.6130040215125678,0.6366863901076543
079,vap_black,pre_24_dem_har,0.851635027157988,0.05304919196868839,0.7172037238615829,0.9305545445355434
079,vap_black,pre_24_rep_tru,0.1483649728420119,0.05304919196868839,0.06944545546445643,0.28279627613841707
079,vap_hisp,pre_24_dem_har,0.4687604769235457,0.03484602971936338,0.4001498223637619,0.5403606154979897
079,vap_hisp,pre_24_rep_tru,0.5312395230764542,0.03484602971936338,0.4596393845020101,0.5998501776362378
079,vap_asian,pre_24_dem_har,0.6463594462183228,0.1451676537144763,0.35670335179365137,0.8833463644576184
079,vap_asian,pre_24_rep_tru,0.3536405537816772,0.1451676537144763,0.11665363554238152,0.6432966482063485
079,vap_aian,pre_24_dem_har,0.466078299135601,0.1553210793849742,0.1783071436541509,0.761270821480968
079,vap_aian,pre_24_rep_tru,0.5339217008643988,0.1553210793849742,0.23872917851903183,0.8216928563458489
079,vap_oth_b,pre_24_dem_har,0.5872228930680572,0.1662547486878147,0.26074429571654506,0.8616787154754136
079,vap_oth_b,pre_24_rep_tru,0.41277710693194286,0.1662547486878147,0.13832128452458628,0.7392557042834549
081,vap_white,pre_24_dem_har,0.2361846457308204,0.00571437425931131,0.2263577943159426,0.2487860625436983
081,vap_white,pre_24_rep_tru,0.7638153542691796,0.00571437425931131,0.7512139374563016,0.7736422056840574
081,vap_black,pre_24_dem_har,0.8529712127064665,0.06266949727864023,0.707086287760942,0.9474495922752912
081,vap_black,pre_24_rep_tru,0.14702878729353364,0.06266949727864023,0.05255040772470888,0.29291371223905815
081,vap_hisp,pre_24_dem_har,0.6271780740110365,0.1326929504981417,0.3262077560816897,0.8388448768967285
081,vap_hisp,pre_24_rep_tru,0.3728219259889636,0.1326929504981417,0.16115512310327162,0.6737922439183102
081,vap_asian,pre_24_dem_har,0.5732634852967999,0.15233200772256503,0.2302482371917081,0.8327634040377143
081,vap_asian,pre_24_rep_tru,0.4267365147032001,0.15233200772256503,0.16723659596228563,0.7697517628082919
081,vap_aian,pre_24_dem_har,0.4957063356758848,0.19093592062017029,0.1561632572122342,0.8465031189823142
081,vap_aian,pre_24_rep_tru,0.5042936643241152,0.19093592062017029,0.15349688101768563,0.8438367427877658
081,vap_oth_b,pre_24_dem_har,0.6587568162789657,0.13164020033327273,0.3481337530688793,0.8695431555038065
081,vap_oth_b,pre_24_rep_tru,0.3412431837210344,0.13164020033327273,0.1304568444961936,0.6518662469311205
083,vap_white,pre_24_dem_har,0.24339199161618544,0.00784444984986508,0.22868553761834184,0.25936116816135846
083,vap_white,pre_24_rep_tru,0.7566080083838146,0.00784444984986508,0.7406388318386415,0.7713144623816582
083,vap_black,pre_24_dem_har,0.32738486036998754,0.12277575148723108,0.10279820248715092,0.565990108959786
083,vap_black,pre_24_rep_tru,0.6726151396300125,0.12277575148723108,0.43400989104021415,0.897201797512849
083,vap_hisp,pre_24_dem_har,0.491019542207456,0.17296657901067472,0.17108232679842258,0.8155363040022112
083,vap_hisp,pre_24_rep_tru,0.5089804577925441,0.17296657901067472,0.18446369599778872,0.8289176732015774
083,vap_asian,pre_24_dem_har,0.5256290344063668,0.1610042728188656,0.19179710222809115,0.8201970580515394
083,vap_asian,pre_24_rep_tru,0.4743709655936333,0.1610042728188656,0.17980294194846033,0.8082028977719088
083,vap_aian,pre_24_dem_har,0.4988068672401107,0.16833190744344567,0.1623448372162035,0.7971184321526029
083,vap_aian,pre_24_rep_tru,0.5011931327598893,0.16833190744344567,0.20288156784739703,0.8376551627837965
083,vap_oth_b,pre_24_dem_har,0.5409141647975346,0.16664894304638617,0.20057354030484953,0.8405151131825438
083,vap_oth_b,pre_24_rep_tru,0.4590858352024655,0.16664894304638617,0.15948488681745626,0.7994264596951505
085,vap_white,pre_24_dem_har,0.31096255211446866,0.0059423030930642,0.3004882767591462,0.3232757540568495
085,vap_white,pre_24_rep_tru,0.6890374478855312,0.0059423030930642,0.6767242459431505,0.6995117232408538
085,vap_black,pre_24_dem_har,0.89764171550969,0.03281552387821483,0.8222613600764797,0.9494273350576498
085,vap_black,pre_24_rep_tru,0.10235828449031,0.03281552387821483,0.05057266494235026,0.17773863992352032
085,vap_hisp,pre_24_dem_har,0.5632433699038878,0.1469692169484855,0.2679054626091244,0.8276484201115059
085,vap_hisp,pre_24_rep_tru,0.43675663009611226,0.1469692169484855,0.1723515798884942,0.7320945373908756
085,vap_asian,pre_24_dem_har,0.5711688075348342,0.16904983238252086,0.2276910950116805,0.8725736220602526
085,vap_asian,pre_24_rep_tru,0.42883119246516577,0.16904983238252086,0.12742637793974745,0.7723089049883193
085,vap_aian,pre_24_dem_har,0.48123290086419473,0.1524724939344454,0.1982763934589892,0.7728516036068062
085,vap_aian,pre_24_rep_tru,0.5187670991358053,0.1524724939344454,0.22714839639319384,0.8017236065410108
085,vap_oth_b,pre_24_dem_har,0.7309144384633777,0.12239248040908696,0.457877101633825,0.9111973365129572
085,vap_oth_b,pre_24_rep_tru,0.2690855615366223,0.12239248040908696,0.0888026634870428,0.5421228983661749
087,vap_white,pre_24_dem_har,0.19223842655694423,0.00566855367573069,0.18137470267649847,0.2033366558588716
087,vap_white,pre_24_rep_tru,0.8077615734430559,0.00566855367573069,0.7966633441411284,0.8186252973235016
087,vap_black,pre_24_dem_har,0.5251099987551522,0.16968309375344515,0.18834321883113983,0.8212959995472797
087,vap_black,pre_24_rep_tru,0.47489000124484776,0.16968309375344515,0.1787040004527202,0.8116567811688601
087,vap_hisp,pre_24_dem_har,0.5337544629746214,0.17553191715890196,0.1877670438059776,0.8556850603955652
087,vap_hisp,pre_24_rep_tru,0.46624553702537874,0.17553191715890196,0.14431493960443467,0.8122329561940221
087,vap_asian,pre_24_dem_har,0.4995582918618901,0.1606900846314987,0.18269891032960411,0.8059731626711036
087,vap_asian,pre_24_rep_tru,0.50044170813811,0.1606900846314987,0.19402683732889628,0.8173010896703959
087,vap_aian,pre_24_dem_har,0.5054050341786079,0.17786726803433828,0.1728778898915936,0.826360205613067
087,vap_aian,pre_24_rep_tru,0.49459496582139206,0.17786726803433828,0.17363979438693278,0.8271221101084063
087,vap_oth_b,pre_24_dem_har,0.5289564044955223,0.16568014800029662,0.21062965170432385,0.8331779194429548
087,vap_oth_b,pre_24_rep_tru,0.47104359550447766,0.16568014800029662,0.16682208055704517,0.7893703482956759
089,vap_white,pre_24_dem_har,0.40477967967770967,0.02181304195091054,0.3662307220781562,0.455674365670369
089,vap_white,pre_24_rep_tru,0.5952203203222902,0.02181304195091054,0.5443256343296309,0.6337692779218437
089,vap_black,pre_24_dem_har,0.778855966009126,0.08546002382197312,0.5837519777298918,0.9166228593517374
089,vap_black,pre_24_rep_tru,0.221144033990874,0.08546002382197312,0.08337714064826263,0.416248022270108
089,vap_hisp,pre_24_dem_har,0.8025232829092818,0.08229197174621102,0.6218085928302172,0.9280467602821382
089,vap_hisp,pre_24_rep_tru,0.19747671709071823,0.08229197174621102,0.07195323971786186,0.3781914071697828
089,vap_asian,pre_24_dem_har,0.6052419404682601,0.1602521462373418,0.261049567633043,0.8725994642060806
089,vap_asian,pre_24_rep_tru,0.3947580595317399,0.1602521462373418,0.12740053579391938,0.7389504323669568
089,vap_aian,pre_24_dem_har,0.5286503107415699,0.15623112104943093,0.23623611522959095,0.813704381720537
089,vap_aian,pre_24_rep_tru,0.4713496892584302,0.15623112104943093,0.18629561827946284,0.763763884770409
089,vap_oth_b,pre_24_dem_har,0.5591507178649875,0.15896148443814473,0.23172635473471795,0.8376925436357634
089,vap_oth_b,pre_24_rep_tru,0.4408492821350125,0.15896148443814473,0.16230745636423666,0.768273645265282
091,vap_white,pre_24_dem_har,0.5679632329128856,0.0057685922472574,0.5562235653108863,0.5790356074594304
091,vap_white,pre_24_rep_tru,0.4320367670871144,0.0057685922472574,0.4209643925405696,0.44377643468911365
091,vap_black,pre_24_dem_har,0.9515864575613115,0.01089457408077366,0.9272537650526592,0.9696064529407844
091,vap_black,pre_24_rep_tru,0.04841354243868837,0.01089457408077366,0.03039354705921551,0.07274623494734067
091,vap_hisp,pre_24_dem_har,0.8143832323676332,0.04060399720368236,0.7167061656924684,0.8795538251311025
091,vap_hisp,pre_24_rep_tru,0.18561676763236684,0.04060399720368236,0.12044617486889772,0.2832938343075316
091,vap_asian,pre_24_dem_har,0.7756096824783015,0.05002802943775527,0.674990828171326,0.8689158778505244
091,vap_asian,pre_24_rep_tru,0.22439031752169844,0.05002802943775527,0.13108412214947548,0.325009171828674
091,vap_aian,pre_24_dem_har,0.4600039018656367,0.16474554241066783,0.17387336971880457,0.7531000675969073
091,vap_aian,pre_24_rep_tru,0.5399960981343632,0.16474554241066783,0.24689993240309263,0.8261266302811954
091,vap_oth_b,pre_24_dem_har,0.7638396552847571,0.07095023044849126,0.6118608522726899,0.8769966796417312
091,vap_oth_b,pre_24_rep_tru,0.2361603447152429,0.07095023044849126,0.12300332035826872,0.3881391477273099
093,vap_white,pre_24_dem_har,0.36703803076628105,0.01128823659970452,0.34524337274804,0.38920701712054506
093,vap_white,pre_24_rep_tru,0.632961969233719,0.01128823659970452,0.6107929828794549,0.6547566272519599
093,vap_black,pre_24_dem_har,0.5173543560406442,0.18186358148175952,0.1634530689511186,0.8494591424338035
093,vap_black,pre_24_rep_tru,0.4826456439593558,0.18186358148175952,0.15054085756619648,0.8365469310488813
093,vap_hisp,pre_24_dem_har,0.49906534071869274,0.20486158685202543,0.10082672845443048,0.8725694153204829
093,vap_hisp,pre_24_rep_tru,0.5009346592813072,0.20486158685202543,0.12743058467951682,0.8991732715455694
093,vap_asian,pre_24_dem_har,0.5140126717964899,0.18780086094401555,0.1548399158765115,0.8545620992834041
093,vap_asian,pre_24_rep_tru,0.48598732820351015,0.18780086094401555,0.14543790071659582,0.8451600841234883
093,vap_aian,pre_24_dem_har,0.4990471695101123,0.18360637933371132,0.16047173867142678,0.847207229862772
093,vap_aian,pre_24_rep_tru,0.5009528304898877,0.18360637933371132,0.15279277013722797,0.8395282613285732
093,vap_oth_b,pre_24_dem_har,0.5111205452747735,0.18372835282565816,0.15769222337162758,0.8519025450606347
093,vap_oth_b,pre_24_rep_tru,0.4888794547252266,0.18372835282565816,0.14809745493936527,0.8423077766283725
095,vap_white,pre_24_dem_har,0.39991726612092027,0.00705706478356068,0.3866965842814479,0.41493622222352977
095,vap_white,pre_24_rep_tru,0.6000827338790797,0.00705706478356068,0.5850637777764702,0.6133034157185523
095,vap_black,pre_24_dem_har,0.826974840408749,0.05485782267383565,0.7054682218615947,0.915445459319837
095,vap_black,pre_24_rep_tru,0.1730251595912509,0.05485782267383566,0.08455454068016281,0.29453177813840514
095,vap_hisp,pre_24_dem_har,0.8698248032879221,0.02932607200423125,0.8025621003311671,0.9191082258681668
095,vap_hisp,pre_24_rep_tru,0.13017519671207797,0.02932607200423125,0.08089177413183342,0.19743789966883304
095,vap_asian,pre_24_dem_har,0.7793648457183786,0.08240871401394584,0.5943835171089964,0.9081077011654414
095,vap_asian,pre_24_rep_tru,0.2206351542816214,0.08240871401394584,0.0918922988345586,0.4056164828910035
095,vap_aian,pre_24_dem_har,0.5033828524079763,0.1543903335353798,0.21329936241342107,0.7905130208783415
095,vap_aian,pre_24_rep_tru,0.4966171475920238,0.1543903335353798,0.2094869791216584,0.7867006375865789
095,vap_oth_b,pre_24_dem_har,0.6853761260868334,0.12613908237401886,0.39078435946199674,0.869370426251689
095,vap_oth_b,pre_24_rep_tru,0.31462387391316665,0.12613908237401886,0.13062957374831094,0.609215640538003
097,vap_white,pre_24_dem_har,0.2772514936601478,0.00702901124496687,0.26428759753014525,0.29123852885370094
097,vap_white,pre_24_rep_tru,0.7227485063398522,0.00702901124496687,0.7087614711462991,0.7357124024698548
097,vap_black,pre_24_dem_har,0.342789125503677,0.11995916142032624,0.12399869515973684,0.5710514758548858
097,vap_black,pre_24_rep_tru,0.657210874496323,0.11995916142032624,0.4289485241451141,0.8760013048402631
097,vap_hisp,pre_24_dem_har,0.6861140579345034,0.1424103609387275,0.374291569215065,0.9014137314515844
097,vap_hisp,pre_24_rep_tru,0.3138859420654965,0.1424103609387275,0.0985862685484153,0.6257084307849349
097,vap_asian,pre_24_dem_har,0.5211230176313134,0.15939820049325432,0.2240123310629716,0.821587229071515
097,vap_asian,pre_24_rep_tru,0.47887698236868653,0.15939820049325432,0.1784127709284847,0.7759876689370284
097,vap_aian,pre_24_dem_har,0.5197096648255951,0.16465365831175863,0.18748766681491247,0.8234095599222271
097,vap_aian,pre_24_rep_tru,0.4802903351744048,0.16465365831175863,0.1765904400777727,0.8125123331850875
097,vap_oth_b,pre_24_dem_har,0.551643210785258,0.1623023582699298,0.2352046777984663,0.8362044643653435
097,vap_oth_b,pre_24_rep_tru,0.4483567892147421,0.1623023582699298,0.16379553563465649,0.7647953222015336
099,vap_white,pre_24_dem_har,0.2274516728518415,0.00731702148106478,0.21370678628159948,0.24212728464068137
099,vap_white,pre_24_rep_tru,0.7725483271481585,0.00731702148106478,0.7578727153593187,0.7862932137184006
099,vap_black,pre_24_dem_har,0.513742862538479,0.18336744304828012,0.16039229576270125,0.846395330729641
099,vap_black,pre_24_rep_tru,0.48625713746152094,0.1833674430482801,0.1536046692703588,0.8396077042372986
099,vap_hisp,pre_24_dem_har,0.4969144678614604,0.1640448998840631,0.1764994755182771,0.7989870199296694
099,vap_hisp,pre_24_rep_tru,0.5030855321385397,0.1640448998840631,0.2010129800703306,0.8235005244817228
099,vap_asian,pre_24_dem_har,0.4864293959020015,0.17733424461536612,0.16634852334552386,0.8282067653686559
099,vap_asian,pre_24_rep_tru,0.5135706040979984,0.17733424461536612,0.1717932346313439,0.8336514766544759
099,vap_aian,pre_24_dem_har,0.513142918837932,0.17744546998750454,0.1681400114088783,0.830687012186811
099,vap_aian,pre_24_rep_tru,0.4868570811620679,0.17744546998750454,0.16931298781318882,0.8318599885911215
099,vap_oth_b,pre_24_dem_har,0.5504915874153549,0.16249152401783032,0.22964132337692464,0.8313702827243199
099,vap_oth_b,pre_24_rep_tru,0.4495084125846451,0.16249152401783032,0.16862971727568002,0.7703586766230753
101,vap_white,pre_24_dem_har,0.6393932244183442,0.00426530333418617,0.6309877263334868,0.647676034427691
101,vap_white,pre_24_rep_tru,0.36060677558165566,0.00426530333418617,0.352323965572309,0.369012273666513
101,vap_black,pre_24_dem_har,0.9832361908763114,0.0018340522930708,0.9781543614355966,0.9858986593039611
101,vap_black,pre_24_rep_tru,0.01676380912368847,0.0018340522930708,0.0141013406960386,0.02184563856440334
101,vap_hisp,pre_24_dem_har,0.7245782530087416,0.00721427099542358,0.7097857533158098,0.7382556214865224
101,vap_hisp,pre_24_rep_tru,0.27542174699125843,0.00721427099542358,0.26174437851347776,0.29021424668419016
101,vap_asian,pre_24_dem_har,0.6900799086470395,0.01728150546396294,0.6533423730226108,0.7225546422172242
101,vap_asian,pre_24_rep_tru,0.3099200913529605,0.01728150546396294,0.2774453577827758,0.34665762697738933
101,vap_aian,pre_24_dem_har,0.2994837592019233,0.08996757490169624,0.14831798340618843,0.46471907825172
101,vap_aian,pre_24_rep_tru,0.7005162407980766,0.08996757490169624,0.5352809217482798,0.8516820165938116
101,vap_oth_b,pre_24_dem_har,0.6539573107162173,0.05118742132614955,0.5786863908876114,0.7985027357125529
101,vap_oth_b,pre_24_rep_tru,0.3460426892837826,0.05118742132614955,0.2014972642874469,0.42131360911238847
103,vap_white,pre_24_dem_har,0.33758520870783515,0.01728289507814059,0.3055385318086114,0.37235526548121417
103,vap_white,pre_24_rep_tru,0.662414791292165,0.01728289507814059,0.6276447345187858,0.6944614681913887
103,vap_black,pre_24_dem_har,0.6260731762219864,0.14840353028570907,0.33111849301282337,0.8846873096059545
103,vap_black,pre_24_rep_tru,0.3739268237780137,0.14840353028570907,0.11531269039404542,0.6688815069871767
103,vap_hisp,pre_24_dem_har,0.6055701017156112,0.1530329197323747,0.27285022619842075,0.8565127892187349
103,vap_hisp,pre_24_rep_tru,0.3944298982843887,0.1530329197323747,0.14348721078126503,0.7271497738015791
103,vap_asian,pre_24_dem_har,0.49792644409523473,0.177718381192026,0.16826198691387192,0.8293279810769502
103,vap_asian,pre_24_rep_tru,0.5020735559047653,0.177718381192026,0.17067201892304976,0.8317380130861282
103,vap_aian,pre_24_dem_har,0.4994838394741187,0.18036652622835017,0.14854468385653852,0.832774932196546
103,vap_aian,pre_24_rep_tru,0.5005161605258813,0.18036652622835017,0.16722506780345395,0.8514553161434615
103,vap_oth_b,pre_24_dem_har,0.5452197113525091,0.17560289489788738,0.202558270203588,0.8690292905434146
103,vap_oth_b,pre_24_rep_tru,0.45478028864749087,0.17560289489788738,0.1309707094565852,0.797441729796412
105,vap_white,pre_24_dem_har,0.16803909181189916,0.0076245191216411,0.1534633799916241,0.18296358418825384
105,vap_white,pre_24_rep_tru,0.8319609081881008,0.0076245191216411,0.8170364158117461,0.8465366200083758
105,vap_black,pre_24_dem_har,0.49418032879941054,0.19285711247772497,0.12230434109262164,0.8394151297624842
105,vap_black,pre_24_rep_tru,0.5058196712005895,0.19285711247772497,0.16058487023751575,0.8776956589073784
105,vap_hisp,pre_24_dem_har,0.49915045591861856,0.16729290161614815,0.18032347432620563,0.811611169102973
105,vap_hisp,pre_24_rep_tru,0.5008495440813815,0.16729290161614815,0.18838883089702704,0.8196765256737943
105,vap_asian,pre_24_dem_har,0.4979172348021244,0.17301931154956524,0.1638456377877665,0.8160580299500987
105,vap_asian,pre_24_rep_tru,0.5020827651978755,0.17301931154956524,0.1839419700499012,0.8361543622122334
105,vap_aian,pre_24_dem_har,0.5048061368038703,0.17882508735615282,0.17476631660315717,0.8379520997067005
105,vap_aian,pre_24_rep_tru,0.49519386319612974,0.17882508735615282,0.16204790029329952,0.8252336833968429
105,vap_oth_b,pre_24_dem_har,0.5491646510058217,0.16880120951262131,0.21603719595443263,0.8396790472919462
105,vap_oth_b,pre_24_rep_tru,0.45083534899417826,0.16880120951262131,0.16032095270805383,0.7839628040455673
107,vap_white,pre_24_dem_har,0.27451941417385867,0.0065490642813087,0.26197329885679654,0.28750017318485266
107,vap_white,pre_24_rep_tru,0.7254805858261413,0.0065490642813087,0.7124998268151472,0.7380267011432035
107,vap_black,pre_24_dem_har,0.3287727438755229,0.09858617835257986,0.14927263044627626,0.5191134036160607
107,vap_black,pre_24_rep_tru,0.6712272561244771,0.09858617835257986,0.48088659638393927,0.8507273695537236
107,vap_hisp,pre_24_dem_har,0.5503803193950009,0.108165345335873,0.3342942095294528,0.7707463149087113
107,vap_hisp,pre_24_rep_tru,0.4496196806049992,0.10816534533587302,0.22925368509128824,0.6657057904705471
107,vap_asian,pre_24_dem_har,0.5206978985671106,0.16362420232699076,0.19641488135022095,0.8380366355925579
107,vap_asian,pre_24_rep_tru,0.4793021014328893,0.16362420232699076,0.1619633644074418,0.803585118649779
107,vap_aian,pre_24_dem_har,0.4949265586576069,0.16391794154006994,0.17472211519035466,0.7923229448051836
107,vap_aian,pre_24_rep_tru,0.5050734413423932,0.16391794154006994,0.2076770551948164,0.8252778848096454
107,vap_oth_b,pre_24_dem_har,0.6307787606705031,0.13999778551988265,0.32283864423889846,0.8636894163171747
107,vap_oth_b,pre_24_rep_tru,0.36922123932949696,0.13999778551988265,0.13631058368282534,0.6771613557611014
109,vap_white,pre_24_dem_har,0.23608425315846024,0.00623748005733382,0.2238212147192744,0.24802357385704707
109,vap_white,pre_24_rep_tru,0.7639157468415397,0.00623748005733382,0.7519764261429529,0.7761787852807256
109,vap_black,pre_24_dem_har,0.5491360530921663,0.17518963078169983,0.21191450530724223,0.863849574281578
109,vap_black,pre_24_rep_tru,0.45086394690783366,0.17518963078169983,0.13615042571842192,0.7880854946927576
109,vap_hisp,pre_24_dem_har,0.5498141679131643,0.1779807102692652,0.21014841073580984,0.8519332357302738
109,vap_hisp,pre_24_rep_tru,0.4501858320868357,0.1779807102692652,0.14806676426972615,0.7898515892641902
109,vap_asian,pre_24_dem_har,0.5179028157757909,0.1712856692299851,0.19091158033702119,0.8269846726876228
109,vap_asian,pre_24_rep_tru,0.4820971842242091,0.1712856692299851,0.1730153273123772,0.8090884196629787
109,vap_aian,pre_24_dem_har,0.5100760144788956,0.1754131875442525,0.17341954971731163,0.8344647635872462
109,vap_aian,pre_24_rep_tru,0.4899239855211044,0.1754131875442525,0.16553523641275375,0.8265804502826881
109,vap_oth_b,pre_24_dem_har,0.5139132753876062,0.16902272280943018,0.1928930089204083,0.8331140341658312
109,vap_oth_b,pre_24_rep_tru,0.48608672461239383,0.16902272280943018,0.16688596583416876,0.8071069910795917
111,vap_white,pre_24_dem_har,0.19802640098107105,0.004905279524232,0.18863396982340516,0.2075829537601221
111,vap_white,pre_24_rep_tru,0.801973599018929,0.004905279524232,0.792417046239878,0.8113660301765948
111,vap_black,pre_24_dem_har,0.25329430370091977,0.0998380248675312,0.0718338108287486,0.4530044155984712
111,vap_black,pre_24_rep_tru,0.7467056962990802,0.0998380248675312,0.5469955844015287,0.9281661891712514
111,vap_hisp,pre_24_dem_har,0.5314580371135904,0.15427748951620024,0.226822417644638,0.81374535018484
111,vap_hisp,pre_24_rep_tru,0.4685419628864096,0.15427748951620024,0.1862546498151599,0.7731775823553619
111,vap_asian,pre_24_dem_har,0.5022381835436187,0.17753173369036743,0.1634460759065936,0.83660743212509
111,vap_asian,pre_24_rep_tru,0.4977618164563812,0.17753173369036743,0.16339256787490955,0.8365539240934062
111,vap_aian,pre_24_dem_har,0.5260337727826567,0.17655549958536543,0.18919767648867647,0.8712962312060073
111,vap_aian,pre_24_rep_tru,0.4739662272173434,0.17655549958536543,0.12870376879399267,0.8108023235113232
111,vap_oth_b,pre_24_dem_har,0.5434038910830318,0.1549200941755478,0.24734294605780885,0.8249754179841958
111,vap_oth_b,pre_24_rep_tru,0.45659610891696817,0.1549200941755478,0.1750245820158039,0.752657053942191
113,vap_white,pre_24_dem_har,0.26556068829729546,0.01169772054234401,0.24312258345352983,0.28808901367195
113,vap_white,pre_24_rep_tru,0.7344393117027046,0.01169772054234401,0.7119109863280499,0.7568774165464701
113,vap_black,pre_24_dem_har,0.46134611752334537,0.23466839725919988,0.05859188251218052,0.905681893465342
113,vap_black,pre_24_rep_tru,0.5386538824766546,0.23466839725919988,0.09431810653465768,0.9414081174878194
113,vap_hisp,pre_24_dem_har,0.485180437372423,0.18685820667353953,0.14792177781068944,0.8447424607264634
113,vap_hisp,pre_24_rep_tru,0.514819562627577,0.18685820667353953,0.15525753927353644,0.8520782221893105
113,vap_asian,pre_24_dem_har,0.5118444404943179,0.194289248488159,0.13786771849152837,0.8650489387969952
113,vap_asian,pre_24_rep_tru,0.4881555595056822,0.194289248488159,0.1349510612030048,0.8621322815084715
113,vap_aian,pre_24_dem_har,0.4885756998739748,0.2211036524279885,0.07628875410320439,0.8899220660128848
113,vap_aian,pre_24_rep_tru,0.5114243001260251,0.2211036524279885,0.11007793398711524,0.9237112458967954
113,vap_oth_b,pre_24_dem_har,0.47169670442689887,0.18583974856023033,0.11303639896071573,0.8152092900531182
113,vap_oth_b,pre_24_rep_tru,0.5283032955731012,0.18583974856023033,0.18479070994688185,0.886963601039284
115,vap_white,pre_24_dem_har,0.259775204530683,0.00750196835520072,0.2459011353415461,0.2744947594055972
115,vap_white,pre_24_rep_tru,0.740224795469317,0.00750196835520072,0.7255052405944027,0.7540988646584539
115,vap_black,pre_24_dem_har,0.5185458125778575,0.17025043349080907,0.1970585891025844,0.8387281327056259
115,vap_black,pre_24_rep_tru,0.4814541874221425,0.17025043349080907,0.1612718672943741,0.8029414108974156
115,vap_hisp,pre_24_dem_har,0.5371683520173752,0.16033907086278687,0.2095507612694541,0.8208790095228995
115,vap_hisp,pre_24_rep_tru,0.4628316479826247,0.16033907086278687,0.17912099047710037,0.7904492387305457
115,vap_asian,pre_24_dem_har,0.5158114206128878,0.171246608552159,0.1865122580817461,0.832985886954464
115,vap_asian,pre_24_rep_tru,0.4841885793871123,0.171246608552159,0.16701411304553607,0.8134877419182539
115,vap_aian,pre_24_dem_har,0.5120798311767935,0.17705011771005405,0.1783781173755501,0.8464200424210856
115,vap_aian,pre_24_rep_tru,0.4879201688232066,0.17705011771005405,0.15357995757891432,0.8216218826244498
115,vap_oth_b,pre_24_dem_har,0.5331537491254068,0.1611578085965326,0.21867837018900593,0.8208839790437487
115,vap_oth_b,pre_24_rep_tru,0.4668462508745932,0.1611578085965326,0.1791160209562514,0.7813216298109941
117,vap_white,pre_24_dem_har,0.20135338810460257,0.00732714465546873,0.1873919744659716,0.2155135551968855
117,vap_white,pre_24_rep_tru,0.7986466118953974,0.00732714465546873,0.7844864448031144,0.8126080255340284
117,vap_black,pre_24_dem_har,0.5523793948585397,0.18766362570365805,0.16618629594415468,0.8623570342721754
117,vap_black,pre_24_rep_tru,0.4476206051414603,0.187663625703658,0.1376429657278246,0.8338137040558451
117,vap_hisp,pre_24_dem_har,0.5552002012420976,0.1571065514771825,0.2485596941436519,0.8353070117858384
117,vap_hisp,pre_24_rep_tru,0.4447997987579024,0.1571065514771825,0.16469298821416142,0.7514403058563481
117,vap_asian,pre_24_dem_har,0.5159026751356063,0.16534667623641802,0.19812898314332408,0.8300281334968359
117,vap_asian,pre_24_rep_tru,0.48409732486439366,0.16534667623641802,0.16997186650316404,0.8018710168566758
117,vap_aian,pre_24_dem_har,0.4938863342514549,0.18342661753083617,0.14417145784348678,0.8387622934977618
117,vap_aian,pre_24_rep_tru,0.506113665748545,0.18342661753083617,0.1612377065022381,0.855828542156513
117,vap_oth_b,pre_24_dem_har,0.5617279925533968,0.1650058347822322,0.22562117247461705,0.8531684192624488
117,vap_oth_b,pre_24_rep_tru,0.4382720074466033,0.1650058347822322,0.1468315807375511,0.7743788275253829
119,vap_white,pre_24_dem_har,0.3577320486697753,0.0099340226053589,0.33927930021523744,0.37764929807938624
119,vap_white,pre_24_rep_tru,0.6422679513302247,0.0099340226053589,0.6223507019206138,0.6607206997847626
119,vap_black,pre_24_dem_har,0.2682007391938291,0.10647372000251928,0.07274112442091801,0.4811745442066077
119,vap_black,pre_24_rep_tru,0.7317992608061709,0.10647372000251928,0.5188254557933922,0.927258875579082
119,vap_hisp,pre_24_dem_har,0.46263011290617567,0.16330698360030832,0.17289953998212665,0.7928502896194137
119,vap_hisp,pre_24_rep_tru,0.5373698870938244,0.16330698360030832,0.2071497103805864,0.8271004600178733
119,vap_asian,pre_24_dem_har,0.5598810831315003,0.18287181130532723,0.18066948103412211,0.889446853998323
119,vap_asian,pre_24_rep_tru,0.44011891686849974,0.18287181130532723,0.110553146001677,0.8193305189658778
119,vap_aian,pre_24_dem_har,0.5139014794032406,0.175363223158391,0.19221461414521387,0.849485538461125
119,vap_aian,pre_24_rep_tru,0.48609852059675934,0.175363223158391,0.15051446153887493,0.8077853858547859
119,vap_oth_b,pre_24_dem_har,0.5302500890613314,0.17455627354433909,0.17929768227184675,0.8333001693480029
119,vap_oth_b,pre_24_rep_tru,0.4697499109386686,0.17455627354433909,0.16669983065199706,0.8207023177281533
121,vap_white,pre_24_dem_har,0.2622881262826655,0.0067035054835029,0.2496885511716074,0.27559721089917405
121,vap_white,pre_24_rep_tru,0.7377118737173344,0.0067035054835029,0.7244027891008258,0.7503114488283925
121,vap_black,pre_24_dem_har,0.5483372970359536,0.1636520880034025,0.22849727157815525,0.8501464526361635
121,vap_black,pre_24_rep_tru,0.4516627029640465,0.1636520880034025,0.1498535473638363,0.7715027284218446
121,vap_hisp,pre_24_dem_har,0.5146865218153789,0.16920823920823816,0.20154689777845344,0.8281893400016587
121,vap_hisp,pre_24_rep_tru,0.4853134781846212,0.16920823920823816,0.1718106599983414,0.7984531022215462
121,vap_asian,pre_24_dem_har,0.5144580771988458,0.17483228367801917,0.18794982492935336,0.8443476631943144
121,vap_asian,pre_24_rep_tru,0.4855419228011541,0.17483228367801917,0.15565233680568538,0.8120501750706461
121,vap_aian,pre_24_dem_har,0.5336606554986578,0.18026822779171403,0.1653719345071794,0.8609757499512511
121,vap_aian,pre_24_rep_tru,0.4663393445013422,0.18026822779171403,0.13902425004874874,0.8346280654928205
121,vap_oth_b,pre_24_dem_har,0.5098595162553645,0.150612645591863,0.22080309190403505,0.7889912002885483
121,vap_oth_b,pre_24_rep_tru,0.4901404837446355,0.150612645591863,0.2110087997114516,0.7791969080959649
123,vap_white,pre_24_dem_har,0.27294675998551765,0.00745592288603252,0.25868413621541625,0.2877426711233656
123,vap_white,pre_24_rep_tru,0.7270532400144823,0.00745592288603252,0.7122573288766344,0.7413158637845836
123,vap_black,pre_24_dem_har,0.5014129610428605,0.18341211034656765,0.15762762216986176,0.8444551255769491
123,vap_black,pre_24_rep_tru,0.49858703895713946,0.18341211034656765,0.1555448744230507,0.8423723778301382
123,vap_hisp,pre_24_dem_har,0.549238592836221,0.18714368892352123,0.2050745900304805,0.8925188552687876
123,vap_hisp,pre_24_rep_tru,0.4507614071637789,0.18714368892352123,0.10748114473121224,0.7949254099695193
123,vap_asian,pre_24_dem_har,0.5124549971331748,0.17278360678255678,0.182699159080196,0.8384962090693745
123,vap_asian,pre_24_rep_tru,0.4875450028668252,0.17278360678255678,0.16150379093062528,0.817300840919804
123,vap_aian,pre_24_dem_har,0.5341862865187011,0.1782900848552001,0.19215150806114356,0.8677755206862254
123,vap_aian,pre_24_rep_tru,0.4658137134812989,0.1782900848552001,0.13222447931377432,0.8078484919388564
123,vap_oth_b,pre_24_dem_har,0.5344086224297616,0.16074330554046698,0.23034772809314563,0.8320566675960586
123,vap_oth_b,pre_24_rep_tru,0.4655913775702384,0.16074330554046698,0.16794333240394135,0.7696522719068541
125,vap_white,pre_24_dem_har,0.33222725083549776,0.00675499898375897,0.32041067798034545,0.346085255757753
125,vap_white,pre_24_rep_tru,0.6677727491645022,0.00675499898375897,0.653914744242247,0.6795893220196544
125,vap_black,pre_24_dem_har,0.8766798313998423,0.04864816461581625,0.7526196217978517,0.9439413647999048
125,vap_black,pre_24_rep_tru,0.12332016860015772,0.04864816461581625,0.05605863520009508,0.24738037820214828
125,vap_hisp,pre_24_dem_har,0.675692183859488,0.13346968064060216,0.3864248582568745,0.8871799457598422
125,vap_hisp,pre_24_rep_tru,0.32430781614051196,0.13346968064060216,0.11282005424015792,0.6135751417431254
125,vap_asian,pre_24_dem_har,0.6833337820213202,0.13357515271792114,0.3969266190879741,0.8974033229652021
125,vap_asian,pre_24_rep_tru,0.3166662179786799,0.13357515271792114,0.10259667703479795,0.603073380912026
125,vap_aian,pre_24_dem_har,0.4812693375154733,0.13793274839992972,0.22939071177549736,0.751937576705682
125,vap_aian,pre_24_rep_tru,0.5187306624845267,0.1379327483999297,0.24806242329431807,0.7706092882245028
125,vap_oth_b,pre_24_dem_har,0.6209948530789647,0.14240372256796302,0.3125661959132255,0.8459633993318445
125,vap_oth_b,pre_24_rep_tru,0.3790051469210352,0.14240372256796302,0.15403660066815547,0.6874338040867742
127,vap_white,pre_24_dem_har,0.29236689069263627,0.00864989061869588,0.27537767838554095,0.3090860711369339
127,vap_white,pre_24_rep_tru,0.7076331093073638,0.00864989061869588,0.6909139288630661,0.7246223216144592
127,vap_black,pre_24_dem_har,0.3182785835287293,0.12356171752765198,0.09045667667547366,0.5673086861342895
127,vap_black,pre_24_rep_tru,0.6817214164712707,0.12356171752765198,0.4326913138657104,0.9095433233245264
127,vap_hisp,pre_24_dem_har,0.4824983674256717,0.1697064861660787,0.1826274166781589,0.8198893739174148
127,vap_hisp,pre_24_rep_tru,0.5175016325743284,0.1697064861660787,0.18011062608258518,0.8173725833218409
127,vap_asian,pre_24_dem_har,0.49758152251929033,0.17588408969299174,0.1589444985703196,0.8152524506617186
127,vap_asian,pre_24_rep_tru,0.5024184774807098,0.17588408969299174,0.1847475493382814,0.8410555014296802
127,vap_aian,pre_24_dem_har,0.5004088682506697,0.17069308639975492,0.16970269523512244,0.815269314750365
127,vap_aian,pre_24_rep_tru,0.49959113174933034,0.17069308639975492,0.18473068524963493,0.8302973047648776
127,vap_oth_b,pre_24_dem_har,0.505479148716021,0.16701247671348074,0.18905257684856436,0.816756369300428
127,vap_oth_b,pre_24_rep_tru,0.494520851283979,0.16701247671348074,0.18324363069957192,0.8109474231514356
129,vap_white,pre_24_dem_har,0.3233658713434431,0.00323712954350969,0.31746125508969064,0.32994615343589045
129,vap_white,pre_24_rep_tru,0.6766341286565568,0.00323712954350969,0.6700538465641094,0.6825387449103093
129,vap_black,pre_24_dem_har,0.9324189577551876,0.01756918681762957,0.8927729965414427,0.9617447558787944
129,vap_black,pre_24_rep_tru,0.06758104224481244,0.01756918681762957,0.03825524412120586,0.10722700345855732
129,vap_hisp,pre_24_dem_har,0.7747098854301985,0.09538221478421492,0.551758671281229,0.9062509687703348
129,vap_hisp,pre_24_rep_tru,0.2252901145698014,0.09538221478421492,0.09374903122966534,0.4482413287187707
129,vap_asian,pre_24_dem_har,0.6622636252137765,0.12049582628008644,0.4290985077211259,0.8657368552208057
129,vap_asian,pre_24_rep_tru,0.3377363747862235,0.12049582628008644,0.13426314477919424,0.5709014922788741
129,vap_aian,pre_24_dem_har,0.5049575396716088,0.16295287580506018,0.20171653014399693,0.7934086767908392
129,vap_aian,pre_24_rep_tru,0.4950424603283912,0.16295287580506018,0.2065913232091607,0.7982834698560028
129,vap_oth_b,pre_24_dem_har,0.8005852510379976,0.07362187155964292,0.6231897645810702,0.9116739649337836
129,vap_oth_b,pre_24_rep_tru,0.1994147489620024,0.07362187155964292,0.08832603506621653,0.3768102354189298
131,vap_white,pre_24_dem_har,0.2926908782971396,0.00877406101478083,0.2759985389589418,0.3100653600503624
131,vap_white,pre_24_rep_tru,0.7073091217028604,0.00877406101478083,0.6899346399496374,0.7240014610410582
131,vap_black,pre_24_dem_har,0.5719701040621727,0.20743942144011343,0.15670281667366262,0.9101768845519538
131,vap_black,pre_24_rep_tru,0.42802989593782714,0.20743942144011343,0.08982311544804611,0.8432971833263373
131,vap_hisp,pre_24_dem_har,0.47109725929444546,0.1962799295404887,0.09558889210696776,0.8198575422210973
131,vap_hisp,pre_24_rep_tru,0.5289027407055547,0.1962799295404887,0.1801424577789026,0.9044111078930324
131,vap_asian,pre_24_dem_har,0.5249341730963311,0.18034720248405145,0.18062675767008643,0.8454894745733816
131,vap_asian,pre_24_rep_tru,0.47506582690366894,0.18034720248405145,0.1545105254266184,0.8193732423299135
131,vap_aian,pre_24_dem_har,0.5052049315710802,0.18634804253893664,0.14167998970843496,0.84432852717248
131,vap_aian,pre_24_rep_tru,0.49479506842891985,0.18634804253893664,0.15567147282752,0.858320010291565
131,vap_oth_b,pre_24_dem_har,0.5289369478860743,0.16929268826317223,0.20140964852163545,0.8326239984478705
131,vap_oth_b,pre_24_rep_tru,0.4710630521139257,0.16929268826317223,0.1673760015521293,0.7985903514783645
133,vap_white,pre_24_dem_har,0.29552778832541104,0.0062140444716231,0.284586329176446,0.3091512511656868
133,vap_white,pre_24_rep_tru,0.704472211674589,0.00621404447162309,0.6908487488343132,0.7154136708235539
133,vap_black,pre_24_dem_har,0.884767602274978,0.04301664630308223,0.7823485175525732,0.9527222573007224
133,vap_black,pre_24_rep_tru,0.11523239772502213,0.04301664630308223,0.04727774269927765,0.21765148244742685
133,vap_hisp,pre_24_dem_har,0.9200771421823364,0.0305332567370688,0.8471809648651536,0.9635617533463434
133,vap_hisp,pre_24_rep_tru,0.07992285781766373,0.0305332567370688,0.03643824665365661,0.1528190351348464
133,vap_asian,pre_24_dem_har,0.7177234657087285,0.11959639220889053,0.4276991887830458,0.8840107397425345
133,vap_asian,pre_24_rep_tru,0.28227653429127153,0.11959639220889053,0.11598926025746538,0.5723008112169541
133,vap_aian,pre_24_dem_har,0.5149431743059217,0.15445587350827902,0.2359516198236107,0.825036821985531
133,vap_aian,pre_24_rep_tru,0.48505682569407826,0.15445587350827902,0.17496317801446887,0.7640483801763893
133,vap_oth_b,pre_24_dem_har,0.6240538819592494,0.15277768064884126,0.2986504044526723,0.8856242200726483
133,vap_oth_b,pre_24_rep_tru,0.37594611804075057,0.15277768064884126,0.11437577992735168,0.7013495955473273
